"Date","Variation","Valeur","Volume Devise Total","Cours Ajuste","Volume Ajuste Total","Cours Normal","Volume Normal Total"
"2026-09-09","-0.97","58348900","58348900","3060","19396","3060","19396"
"2026-09-08","-0.64","23695445","23695445","3090","7706","3090","7706"
"2026-09-07","-2.96","43389820","43389820","3110","13652","3110","13652"
"2026-09-04","3.39","70938195","70938195","3205","22573","3205","22573"
"2026-09-03","5.62","77852315","77852315","3100","26017","3100","26017"
"2026-09-02","0.34","163645520","163645520","2935","56409","2935","56409"
"2026-09-01","4.46","24212115","24212115","2925","8565","2925","8565"
"2026-08-31","1.82","63151900","63151900","2800","22873","2800","22873"
"2026-08-28","4.36","40243605","40243605","2750","15064","2750","15064"
"2026-08-27","2.93","49418985","49418985","2635","19236","2635","19236"
"2026-08-26","-5.19","70433890","70433890","2560","27201","2560","27201"
"2026-08-24","-2.88","18712440","18712440","2700","6930","2700","6930"
"2026-08-21","1.65","36053405","36053405","2780","13302","2780","13302"
"2026-08-20","1.48","44942710","44942710","2735","16589","2735","16589"
"2026-08-19","3.65","66699920","66699920","2695","25827","2695","25827"
"2026-08-18","-3.7","65466640","65466640","2600","25251","2600","25251"
"2026-08-17","-2.7","42168665","42168665","2700","16030","2700","16030"
"2026-08-14","-0.72","10297550","10297550","2775","3709","2775","3709"
"2026-08-13","2.38","57274745","57274745","2795","20786","2795","20786"
"2026-08-12","3.02","15203165","15203165","2730","5659","2730","5659"
"2026-08-11","2.51","20772435","20772435","2650","8060","2650","8060"
"2026-08-10","2.17","70451385","70451385","2585","27622","2585","27622"
"2026-08-06","7.43","145679215","145679215","2530","63031","2530","63031"
"2026-08-05","-7.47","35991755","35991755","2355","15283","2355","15283"
"2026-08-04","-7.45","34475035","34475035","2545","13544","2545","13544"
"2026-08-03","2.23","14408590","14408590","2750","5315","2750","5315"
"2026-07-31","-0.37","37197795","37197795","2690","13855","2690","13855"
"2026-07-30","0.75","20711985","20711985","2700","7750","2700","7750"
"2026-07-29","1.52","19621735","19621735","2680","7423","2680","7423"
"2026-07-28","-0.75","27272175","27272175","2640","10474","2640","10474"
"2026-07-27","-3.62","23052780","23052780","2660","8573","2660","8573"
"2026-07-24","-0.36","17724130","17724130","2760","6396","2760","6396"
"2026-07-23","0","77026285","77026285","2770","29318","2770","29318"
"2026-07-22","-0.72","21907280","21907280","2770","7977","2770","7977"
"2026-07-21","-1.06","21944525","21944525","2790","7892","2790","7892"
"2026-07-20","3.68","37075085","37075085","2820","13205","2820","13205"
"2026-07-17","0.37","70086680","70086680","2720","25288","2720","25288"
"2026-07-16","7.33","59779645","59779645","2710","22071","2710","22071"
"2026-07-15","7.45","67541225","67541225","2525","26749","2525","26749"
"2026-07-14","7.31","38535690","38535690","2350","16828","2350","16828"
"2026-07-13","-0.9","29852810","29852810","2190","13655","2190","13655"
"2026-07-10","-3.49","27388955","27388955","2210","12237","2210","12237"
"2026-07-09","-2.76","47927915","47927915","2290","20887","2290","20887"
"2026-07-08","-4.66","56480765","56480765","2355","23681","2355","23681"
"2026-07-07","-0.4","18678940","18678940","2470","7494","2470","7494"
"2026-07-06","1.85","26759970","26759970","2480","10894","2480","10894"
"2026-07-03","1.67","39863985","39863985","2435","16554","2435","16554"
"2026-07-02","-0.21","30342905","30342905","2395","12740","2395","12740"
"2026-07-01","-1.84","56436990","56436990","2400","24280","2400","24280"
"2026-06-30","-2.78","44917660","44917660","2445","18493","2445","18493"
"2026-06-29","-1.37","25391720","25391720","2515","10122","2515","10122"
"2026-06-26","2","27253735","27253735","2550","10833","2550","10833"
"2026-06-25","2.04","40057770","40057770","2500","16109","2500","16109"
"2026-06-24","0.41","151996760","151996760","2450","59754","2450","59754"
"2026-06-23","4.95","134908265","134908265","2440","57716","2440","57716"
"2026-06-22","0.22","104095635","104095635","2325","43691","2325","43691"
"2026-06-19","0.43","72673050","72673050","2320","31011","2320","31011"
"2026-06-18","0","52372835","52372835","2310","22556","2310","22556"
"2026-06-17","1.32","75273960","75273960","2310","32581","2310","32581"
"2026-06-16","7.29","29726640","29726640","2280","13038","2280","13038"
"2026-06-15","7.32","44736195","44736195","2125","21161","2125","21161"
"2026-06-12","-0.5","63692655","63692655","1980","32057","1980","32057"
"2026-06-11","0.51","19537440","19537440","1990","9855","1990","9855"
"2026-06-10","-1","33203950","33203950","1980","16659","1980","16659"
"2026-06-09","-1.48","19069975","19069975","2000","9550","2000","9550"
"2026-06-08","-1.22","68602830","68602830","2030","33711","2030","33711"
"2026-06-05","-1.2","68471600","68471600","2055","32866","2055","32866"
"2026-06-04","6.67","74764145","74764145","2080","36309","2080","36309"
"2026-06-03","1.56","22311265","22311265","1950","11565","1950","11565"
"2026-06-02","2.13","26502105","26502105","1920","13953","1920","13953"
"2026-06-01","3.87","14153205","14153205","1880","7636","1880","7636"
"2026-05-29","3.43","32673535","32673535","1810","18204","1810","18204"
"2026-05-28","3.55","26114720","26114720","1750","15541","1750","15541"
"2026-05-26","-0.59","3088275","3088275","1690","1826","1690","1826"
"2026-05-22","0.59","5028155","5028155","1700","2957","1700","2957"
"2026-05-21","2.42","94113545","94113545","1690","60305","1690","60305"
"2026-05-20","-3.51","21407105","21407105","1650","12802","1650","12802"
"2026-05-19","0.88","4586360","4586360","1710","2698","1710","2698"
"2026-05-18","-3.14","12331890","12331890","1695","7260","1695","7260"
"2026-05-15","-1.96","11514940","11514940","1750","6580","1750","6580"
"2026-05-13","2.29","8550285","8550285","1785","4814","1785","4814"
"2026-05-12","2.65","21392370","21392370","1745","12445","1745","12445"
"2026-05-11","-2.58","24305370","24305370","1700","14252","1700","14252"
"2026-05-08","-3.06","184465845","184465845","1745","109506","1745","109506"
"2026-05-07","6.82","21296975","21296975","1800","12180","1800","12180"
"2026-05-06","-2.32","5279460","5279460","1685","3111","1685","3111"
"2026-05-05","2.68","39313245","39313245","1725","24115","1725","24115"
"2026-05-04","-5.35","27827810","27827810","1680","16001","1680","16001"
"2026-04-30","0","8609410","8609410","1775","4838","1775","4838"
"2026-04-29","-0.84","4873790","4873790","1775","2747","1775","2747"
"2026-04-28","-0.56","2782750","2782750","1790","1550","1790","1550"
"2026-04-27","-2.17","9597235","9597235","1800","5390","1800","5390"
"2026-04-24","-1.6","37958485","37958485","1840","21051","1840","21051"
"2026-04-23","3.31","35547195","35547195","1870","19593","1870","19593"
"2026-04-22","0.28","8897505","8897505","1810","4775","1810","4775"
"2026-04-21","1.69","42095870","42095870","1805","23600","1805","23600"
"2026-04-20","-0.56","19809065","19809065","1775","11135","1775","11135"
"2026-04-17","-2.99","10923445","10923445","1785","6094","1785","6094"
"2026-04-16","-1.87","11105885","11105885","1840","6019","1840","6019"
"2026-04-15","-0.79","10456385","10456385","1875","5634","1875","5634"
"2026-04-14","-0.53","8382335","8382335","1890","4456","1890","4456"
"2026-04-13","0.26","11995025","11995025","1900","6363","1900","6363"
"2026-04-10","-0.26","6606940","6606940","1895","3470","1895","3470"
"2026-04-09","-1.04","77337325","77337325","1900","41005","1900","41005"
"2026-04-08","1.05","9780515","9780515","1920","5192","1920","5192"
"2026-04-07","2.15","14029245","14029245","1900","7418","1900","7418"
"2026-04-03","0.27","4145190","4145190","1860","2225","1860","2225"
"2026-04-02","-3.64","12842250","12842250","1855","6807","1855","6807"
"2026-04-01","0.26","7253305","7253305","1925","3767","1925","3767"
"2026-03-31","-1.29","8838140","8838140","1920","4642","1920","4642"
"2026-03-30","-2.51","5097580","5097580","1945","2649","1945","2649"
"2026-03-27","1.27","17987130","17987130","1995","9373","1995","9373"
"2026-03-26","-4.37","17488405","17488405","1970","8824","1970","8824"
"2026-03-25","7.29","45606180","45606180","2060","22727","2060","22727"
"2026-03-24","5.21","28828455","28828455","1920","14866","1920","14866"
"2026-03-23","7.35","7613285","7613285","1825","4188","1825","4188"
"2026-03-19","-6.59","20779005","20779005","1700","11729","1700","11729"
"2026-03-18","-7.38","23357520","23357520","1820","12470","1820","12470"
"2026-03-17","-1.01","13471320","13471320","1965","6815","1965","6815"
"2026-03-13","-0.25","9418090","9418090","1985","4737","1985","4737"
"2026-03-12","0.51","28666640","28666640","1990","14679","1990","14679"
"2026-03-11","-4.81","24584660","24584660","1980","12125","1980","12125"
"2026-03-10","7.22","19437610","19437610","2080","9887","2080","9887"
"2026-03-09","-7.4","61759695","61759695","1940","30843","1940","30843"
"2026-03-06","7.44","21057450","21057450","2095","10137","2095","10137"
"2026-03-05","-2.5","21616455","21616455","1950","10954","1950","10954"
"2026-03-04","-6.54","19534235","19534235","2000","9425","2000","9425"
"2026-03-03","1.9","17099455","17099455","2140","8056","2140","8056"
"2026-03-02","-2.78","15350865","15350865","2100","7183","2100","7183"
"2026-02-27","-1.82","12903015","12903015","2160","5951","2160","5951"
"2026-02-26","-3.93","23985010","23985010","2200","10850","2200","10850"
"2026-02-25","-0.43","50756905","50756905","2290","22425","2290","22425"
"2026-02-24","3.14","41818675","41818675","2300","18151","2300","18151"
"2026-02-23","6.7","44257935","44257935","2230","20625","2230","20625"
"2026-02-20","-0.48","49950555","49950555","2090","23750","2090","23750"
"2026-02-19","5","39687675","39687675","2100","18791","2100","18791"
"2026-02-18","5.26","62771260","62771260","2000","32688","2000","32688"
"2026-02-17","5.56","34309980","34309980","1900","18198","1900","18198"
"2026-02-16","4.35","17979350","17979350","1800","10067","1800","10067"
"2026-02-13","0.29","16629110","16629110","1725","9667","1725","9667"
"2026-02-12","0.88","32146070","32146070","1720","18987","1720","18987"
"2026-02-11","-2.29","23490255","23490255","1705","13569","1705","13569"
"2026-02-10","3.87","25756030","25756030","1745","14970","1745","14970"
"2026-02-09","-1.18","4523450","4523450","1680","2676","1680","2676"
"2026-02-06","3.66","16209915","16209915","1700","9739","1700","9739"
"2026-02-05","0.61","10288160","10288160","1640","6272","1640","6272"
"2026-02-04","2.52","9834185","9834185","1630","6063","1630","6063"
"2026-02-03","-3.34","27603585","27603585","1590","17318","1590","17318"
"2026-02-02","-0.6","12831005","12831005","1645","7835","1645","7835"
"2026-01-30","-4.34","23542425","23542425","1655","14310","1655","14310"
"2026-01-29","4.22","23617230","23617230","1730","13748","1730","13748"
"2026-01-28","4.4","21280140","21280140","1660","13036","1660","13036"
"2026-01-27","2.58","34648810","34648810","1590","21576","1590","21576"
"2026-01-26","0","14000870","14000870","1550","9010","1550","9010"
"2026-01-23","0.65","14850845","14850845","1550","9658","1550","9658"
"2026-01-22","-0.32","4675580","4675580","1540","3030","1540","3030"
"2026-01-21","-0.32","7871140","7871140","1545","5096","1545","5096"
"2026-01-20","2.65","6851565","6851565","1550","4474","1550","4474"
"2026-01-19","-2.89","15094085","15094085","1510","9811","1510","9811"
"2026-01-16","-2.81","19063690","19063690","1555","11815","1555","11815"
"2026-01-15","5.96","15882515","15882515","1600","10242","1600","10242"
"2026-01-14","0","4647365","4647365","1510","3092","1510","3092"
"2026-01-13","2.03","14777280","14777280","1510","9801","1510","9801"
"2026-01-12","-0.67","8541625","8541625","1480","5784","1480","5784"
"2026-01-09","1.02","2659390","2659390","1490","1792","1490","1792"
"2026-01-08","-1.01","3500125","3500125","1475","2365","1475","2365"
"2026-01-07","1.71","16352870","16352870","1490","11159","1490","11159"
"2026-01-06","0.69","3915595","3915595","1465","2683","1465","2683"
"2026-01-05","-2.68","7523140","7523140","1455","5201","1455","5201"
"2026-01-02","-1.32","1745900","1745900","1495","1190","1495","1190"
"2025-12-31","0.33","12511920","12511920","1515","8286","1515","8286"
"2025-12-30","3.42","34889080","34889080","1510","23503","1510","23503"
"2025-12-29","0","14821365","14821365","1460","10145","1460","10145"
"2025-12-26","0.69","55238475","55238475","1460","38023","1460","38023"
"2025-12-24","1.05","2402685","2402685","1450","1671","1450","1671"
"2025-12-23","1.06","3058530","3058530","1435","2133","1435","2133"
"2025-12-22","-4.05","10977040","10977040","1420","7686","1420","7686"
"2025-12-19","-0.67","3295355","3295355","1480","2228","1480","2228"
"2025-12-18","2.76","12150910","12150910","1490","8345","1490","8345"
"2025-12-17","0","16727470","16727470","1450","12104","1450","12104"
"2025-12-16","-1.36","10924205","10924205","1450","7528","1450","7528"
"2025-12-15","-0.34","1717180","1717180","1470","1176","1470","1176"
"2025-12-12","-0.34","3011600","3011600","1475","2073","1475","2073"
"2025-12-11","2.07","4075045","4075045","1480","2817","1480","2817"
"2025-12-10","-0.68","11582365","11582365","1450","8069","1450","8069"
"2025-12-09","4.29","10204320","10204320","1460","7153","1460","7153"
"2025-12-08","-3.45","165143120","165143120","1400","121907","1400","121907"
"2025-12-05","-0.34","26196615","26196615","1450","17852","1450","17852"
"2025-12-04","0.34","28075535","28075535","1455","19476","1455","19476"
"2025-12-03","0.69","55333035","55333035","1450","38906","1450","38906"
"2025-12-02","-1.71","5850205","5850205","1440","4080","1440","4080"
"2025-12-01","-0.34","21464075","21464075","1465","14900","1465","14900"
"2025-11-28","-0.68","10836040","10836040","1470","7438","1470","7438"
"2025-11-27","2.07","17724985","17724985","1480","12164","1480","12164"
"2025-11-26","-1.69","7188225","7188225","1450","4898","1450","4898"
"2025-11-25","-1.01","20458800","20458800","1475","14240","1475","14240"
"2025-11-24","1.02","6132875","6132875","1490","4211","1490","4211"
"2025-11-21","-1.67","22932340","22932340","1475","15727","1475","15727"
"2025-11-20","0.33","5849105","5849105","1500","3911","1500","3911"
"2025-11-19","3.1","20702665","20702665","1495","13557","1495","13557"
"2025-11-18","-2.03","61719185","61719185","1450","42598","1450","42598"
"2025-11-17","2.07","100786290","100786290","1480","71038","1480","71038"
"2025-11-14","-0.68","97710460","97710460","1450","67382","1450","67382"
"2025-11-13","-7.3","94797500","94797500","1460","64925","1460","64925"
"2025-11-12","-7.35","53653950","53653950","1575","34066","1575","34066"
"2025-11-11","0","60259595","60259595","1700","35671","1700","35671"
"2025-11-10","2.41","114586890","114586890","1700","67380","1700","67380"
"2025-11-07","0","37770570","37770570","1660","22712","1660","22712"
"2025-11-06","2.47","171037000","171037000","1660","103084","1660","103084"
"2025-11-05","6.23","147766310","147766310","1620","93185","1620","93185"
"2025-11-04","2.35","169850650","169850650","1525","113893","1525","113893"
"2025-11-03","1.36","62639470","62639470","1490","42861","1490","42861"
"2025-10-31","1.38","76362865","76362865","1470","52600","1470","52600"
"2025-10-30","-0.68","12283340","12283340","1450","8395","1450","8395"
"2025-10-29","-2.01","52938430","52938430","1460","36230","1460","36230"
"2025-10-28","2.76","19826475","19826475","1490","13643","1490","13643"
"2025-10-27","0","25384850","25384850","1450","17417","1450","17417"
"2025-10-24","0","19357675","19357675","1450","13292","1450","13292"
"2025-10-23","-2.68","31952200","31952200","1450","22193","1450","22193"
"2025-10-22","0.34","39996370","39996370","1490","27384","1490","27384"
"2025-10-21","-0.34","20207885","20207885","1485","13810","1485","13810"
"2025-10-20","2.05","49696905","49696905","1490","33464","1490","33464"
"2025-10-17","0.69","13925680","13925680","1460","9550","1460","9550"
"2025-10-16","-2.03","94757440","94757440","1450","64617","1450","64617"
"2025-10-15","2.42","33409350","33409350","1480","22693","1480","22693"
"2025-10-14","-3.02","21725070","21725070","1445","14862","1445","14862"
"2025-10-13","0","9637535","9637535","1490","6588","1490","6588"
"2025-10-10","0.68","21653165","21653165","1490","14629","1490","14629"
"2025-10-09","1.02","16033525","16033525","1480","10984","1480","10984"
"2025-10-08","-1.01","5852630","5852630","1465","3962","1465","3962"
"2025-10-07","-0.67","5073555","5073555","1480","3420","1480","3420"
"2025-10-06","2.41","10064170","10064170","1490","6850","1490","6850"
"2025-10-03","-1.02","7229555","7229555","1455","4910","1455","4910"
"2025-10-02","0.34","3782100","3782100","1470","2586","1470","2586"
"2025-10-01","-1.68","10260710","10260710","1465","7007","1465","7007"
"2025-09-30","0.68","4208455","4208455","1490","2839","1490","2839"
"2025-09-29","-0.67","10535825","10535825","1480","7090","1480","7090"
"2025-09-26","-0.67","18998475","18998475","1490","12687","1490","12687"
"2025-09-25","0","16444060","16444060","1500","10965","1500","10965"
"2025-09-24","-0.66","6103360","6103360","1500","4070","1500","4070"
"2025-09-23","0.67","8790000","8790000","1510","5853","1510","5853"
"2025-09-22","0.67","39537495","39537495","1500","26384","1500","26384"
"2025-09-19","0.68","15867470","15867470","1490","10668","1490","10668"
"2025-09-18","1.72","6762980","6762980","1480","4556","1480","4556"
"2025-09-17","-1.69","11168800","11168800","1455","7552","1455","7552"
"2025-09-16","1.72","4172175","4172175","1480","2876","1480","2876"
"2025-09-15","1.39","2865430","2865430","1455","1976","1455","1976"
"2025-09-12","0.35","2634500","2634500","1435","1836","1435","1836"
"2025-09-11","0.7","11253935","11253935","1430","7887","1430","7887"
"2025-09-10","0","9796415","9796415","1420","6928","1420","6928"
"2025-09-09","-0.35","2291055","2291055","1420","1614","1420","1614"
"2025-09-08","0","5444370","5444370","1425","3843","1425","3843"
"2025-09-05","1.79","1611760","1611760","1425","1139","1425","1139"
"2025-09-03","-1.75","2008355","2008355","1400","1425","1400","1425"
"2025-09-02","0","1887760","1887760","1425","1325","1425","1325"
"2025-09-01","1.79","8959895","8959895","1425","6546","1425","6546"
"2025-08-29","-1.06","4831245","4831245","1400","3444","1400","3444"
"2025-08-28","1.07","4233705","4233705","1415","3017","1415","3017"
"2025-08-27","-6.67","6929235","6929235","1400","4944","1400","4944"
"2025-08-26","-2.6","6582215","6582215","1500","4366","1500","4366"
"2025-08-25","0.33","9558360","9558360","1540","6290","1540","6290"
"2025-08-22","0.99","8710340","8710340","1535","5697","1535","5697"
"2025-08-21","-0.33","2543480","2543480","1520","1673","1520","1673"
"2025-08-20","1.67","2625330","2625330","1525","1746","1525","1746"
"2025-08-19","0","2777785","2777785","1500","1853","1500","1853"
"2025-08-18","3.81","5590180","5590180","1500","3824","1500","3824"
"2025-08-14","1.4","1551530","1551530","1445","1084","1445","1084"
"2025-08-13","1.42","4236150","4236150","1425","2980","1425","2980"
"2025-08-12","-1.75","17322175","17322175","1405","12359","1405","12359"
"2025-08-11","-0.69","8631305","8631305","1430","6291","1430","6291"
"2025-08-08","0","69738910","69738910","1440","49809","1440","49809"
"2025-08-06","0","1229820","1229820","1440","854","1440","854"
"2025-08-05","2.13","13061785","13061785","1440","9289","1440","9289"
"2025-08-04","-2.08","1562820","1562820","1410","1102","1410","1102"
"2025-08-01","0","2206080","2206080","1440","1532","1440","1532"
"2025-07-31","2.86","1687760","1687760","1440","1200","1440","1200"
"2025-07-30","-1.06","4711825","4711825","1400","3356","1400","3356"
"2025-07-29","0.35","7533685","7533685","1415","5356","1415","5356"
"2025-07-28","0","11317635","11317635","1410","8068","1410","8068"
"2025-07-25","-0.7","3341605","3341605","1410","2376","1410","2376"
"2025-07-24","0.71","6286140","6286140","1420","4466","1420","4466"
"2025-07-23","0","6304010","6304010","1410","4467","1410","4467"
"2025-07-22","-1.05","7354710","7354710","1410","5150","1410","5150"
"2025-07-21","0","4497885","4497885","1425","3158","1425","3158"
"2025-07-18","-1.38","2566905","2566905","1425","1779","1425","1779"
"2025-07-17","0","748475","748475","1445","520","1445","520"
"2025-07-16","1.76","5926415","5926415","1445","4179","1445","4179"
"2025-07-15","0.71","427710","427710","1420","301","1420","301"
"2025-07-14","-1.05","2455610","2455610","1410","1738","1410","1738"
"2025-07-11","2.15","8528100","8528100","1425","6112","1425","6112"
"2025-07-10","-2.11","5626400","5626400","1395","4035","1395","4035"
"2025-07-09","-1.38","469980","469980","1425","327","1425","327"
"2025-07-08","1.4","14830020","14830020","1445","10297","1445","10297"
"2025-07-07","-0.35","5920775","5920775","1425","4185","1425","4185"
"2025-07-04","1.42","1535840","1535840","1430","1086","1430","1086"
"2025-07-03","-1.4","1928150","1928150","1410","1364","1410","1364"
"2025-07-02","-0.35","4051560","4051560","1430","2862","1430","2862"
"2025-07-01","0.7","9185885","9185885","1435","6504","1435","6504"
"2025-06-30","0","21612250","21612250","1425","15350","1425","15350"
"2025-06-27","-0.7","21262800","21262800","1425","15121","1425","15121"
"2025-06-26","-7.42","200619950","200619950","1435","138621","1435","138621"
"2025-06-25","-0.96","14655525","14655525","1550","9282","1550","9282"
"2025-06-24","-3.99","17312350","17312350","1565","10899","1565","10899"
"2025-06-23","-1.51","49955345","49955345","1630","31903","1630","31903"
"2025-06-20","3.44","937400","937400","1655","578","1655","578"
"2025-06-19","-3.61","6949520","6949520","1600","4333","1600","4333"
"2025-06-18","-0.3","7380435","7380435","1660","4448","1660","4448"
"2025-06-17","1.52","7253755","7253755","1665","4373","1665","4373"
"2025-06-16","-1.8","22253205","22253205","1640","13443","1640","13443"
"2025-06-13","4.38","13804855","13804855","1670","8301","1670","8301"
"2025-06-12","0","3005380","3005380","1600","1886","1600","1886"
"2025-06-11","0.31","3750650","3750650","1600","2352","1600","2352"
"2025-06-10","1.92","7885945","7885945","1595","5000","1595","5000"
"2025-06-05","-1.88","906930","906930","1565","576","1565","576"
"2025-06-04","-3.33","6569595","6569595","1595","4099","1595","4099"
"2025-06-03","0","3456645","3456645","1650","2094","1650","2094"
"2025-06-02","-2.94","4743720","4743720","1650","2866","1650","2866"
"2025-05-30","6.25","21585305","21585305","1700","13290","1700","13290"
"2025-05-28","5.61","33078875","33078875","1600","21852","1600","21852"
"2025-05-27","1","27280860","27280860","1515","18080","1515","18080"
"2025-05-26","1.69","26972365","26972365","1500","18057","1500","18057"
"2025-05-23","-0.34","13497535","13497535","1475","9303","1475","9303"
"2025-05-22","2.07","14804715","14804715","1480","10480","1480","10480"
"2025-05-21","-2.68","8136000","8136000","1450","5535","1450","5535"
"2025-05-20","-0.67","3716690","3716690","1490","2478","1490","2478"
"2025-05-19","0.67","9350265","9350265","1500","6279","1500","6279"
"2025-05-16","5.3","18984745","18984745","1490","12543","1490","12543"
"2025-05-15","1.8","5992590","5992590","1415","4274","1415","4274"
"2025-05-14","-2.11","13396605","13396605","1390","9523","1390","9523"
"2025-05-13","-0.7","4440620","4440620","1420","3121","1420","3121"
"2025-05-12","0.7","7310600","7310600","1430","5177","1430","5177"
"2025-05-09","1.07","10115545","10115545","1420","7215","1420","7215"
"2025-05-08","-0.35","11666500","11666500","1405","8319","1405","8319"
"2025-05-07","-2.76","4690065","4690065","1410","3291","1410","3291"
"2025-05-06","6.23","11130515","11130515","1450","8035","1450","8035"
"2025-05-05","0.37","3301270","3301270","1365","2411","1365","2411"
"2025-05-02","-0.37","14127745","14127745","1360","10352","1360","10352"
"2025-04-30","1.87","3339980","3339980","1365","2462","1365","2462"
"2025-04-29","0.37","3384190","3384190","1340","2534","1340","2534"
"2025-04-28","1.14","801585","801585","1335","600","1335","600"
"2025-04-25","-1.49","14245915","14245915","1320","10632","1320","10632"
"2025-04-24","1.52","917715","917715","1340","690","1340","690"
"2025-04-23","-1.86","7897525","7897525","1320","6023","1320","6023"
"2025-04-22","1.13","17438450","17438450","1345","13210","1345","13210"
"2025-04-18","-0.75","237140","237140","1330","178","1330","178"
"2025-04-17","0","1755105","1755105","1340","1327","1340","1327"
"2025-04-16","0.75","9311315","9311315","1340","7028","1340","7028"
"2025-04-15","-0.75","1958985","1958985","1330","1485","1330","1485"
"2025-04-14","2.29","357240","357240","1340","270","1340","270"
"2025-04-11","0.38","5957375","5957375","1310","4579","1310","4579"
"2025-04-10","-1.51","1817415","1817415","1305","1401","1305","1401"
"2025-04-09","-1.85","31608560","31608560","1325","24199","1325","24199"
"2025-04-08","-1.46","810240","810240","1350","599","1350","599"
"2025-04-07","0","2627530","2627530","1370","1925","1370","1925"
"2025-04-04","-0.72","2980610","2980610","1370","2174","1370","2174"
"2025-04-03","-0.36","4627265","4627265","1380","3353","1380","3353"
"2025-04-02","-0.36","626900","626900","1385","454","1385","454"
"2025-04-01","0","981315","981315","1390","718","1390","718"
"2025-03-28","0.36","12427580","12427580","1390","9490","1390","9490"
"2025-03-26","0.73","26744165","26744165","1385","20329","1385","20329"
"2025-03-25","0","4377890","4377890","1375","3219","1375","3219"
"2025-03-24","-1.08","1102470","1102470","1375","795","1375","795"
"2025-03-21","0.36","9208735","9208735","1390","7019","1390","7019"
"2025-03-20","0","2457825","2457825","1385","1800","1385","1800"
"2025-03-19","1.09","37123695","37123695","1385","28089","1385","28089"
"2025-03-18","0","10163390","10163390","1370","7460","1370","7460"
"2025-03-17","0","995360","995360","1370","728","1370","728"
"2025-03-14","-0.72","26575460","26575460","1370","20334","1370","20334"
"2025-03-13","2.6","4082530","4082530","1380","3021","1380","3021"
"2025-03-12","0","1102290","1102290","1345","824","1345","824"
"2025-03-11","0","10203135","10203135","1345","7815","1345","7815"
"2025-03-10","-0.37","48582150","48582150","1345","36798","1345","36798"
"2025-03-07","-3.23","5702510","5702510","1350","4235","1350","4235"
"2025-03-06","0","950815","950815","1395","699","1395","699"
"2025-03-05","4.1","10788455","10788455","1395","8186","1395","8186"
"2025-03-04","1.52","9504830","9504830","1340","7246","1340","7246"
"2025-03-03","1.15","8018895","8018895","1320","6143","1320","6143"
"2025-02-28","-0.38","5744420","5744420","1305","4397","1305","4397"
"2025-02-27","0.77","2207560","2207560","1310","1693","1310","1693"
"2025-02-26","-2.99","4980095","4980095","1300","3823","1300","3823"
"2025-02-25","0","1449250","1449250","1340","1110","1340","1110"
"2025-02-24","-0.37","2724435","2724435","1340","2091","1340","2091"
"2025-02-21","-0.37","12731385","12731385","1345","9817","1345","9817"
"2025-02-20","-0.74","385355","385355","1350","284","1350","284"
"2025-02-19","0","482100","482100","1360","360","1360","360"
"2025-02-18","0","11921120","11921120","1360","9420","1360","9420"
"2025-02-17","0","518690","518690","1360","390","1360","390"
"2025-02-14","-1.09","13151195","13151195","1360","10177","1360","10177"
"2025-02-13","0","159500","159500","1375","116","1375","116"
"2025-02-12","0.73","8328085","8328085","1375","6518","1375","6518"
"2025-02-11","-2.5","5113880","5113880","1365","3914","1365","3914"
"2025-02-10","6.87","3263005","3263005","1400","2500","1400","2500"
"2025-02-07","2.34","5151255","5151255","1310","4007","1310","4007"
"2025-02-06","0.39","4182330","4182330","1280","3271","1280","3271"
"2025-02-05","0","1225285","1225285","1275","961","1275","961"
"2025-02-04","0.39","1997615","1997615","1275","1604","1275","1604"
"2025-02-03","-0.39","1840595","1840595","1270","1444","1270","1444"
"2025-01-31","-0.39","3538730","3538730","1275","2830","1275","2830"
"2025-01-30","1.59","546725","546725","1280","435","1280","435"
"2025-01-29","0.4","11546560","11546560","1260","9247","1260","9247"
"2025-01-28","-3.46","6697970","6697970","1255","5338","1255","5338"
"2025-01-27","0","163800","163800","1300","126","1300","126"
"2025-01-24","0","612215","612215","1300","471","1300","471"
"2025-01-23","0","624690","624690","1300","482","1300","482"
"2025-01-22","0","844430","844430","1300","653","1300","653"
"2025-01-21","0","744025","744025","1300","573","1300","573"
"2025-01-20","0","3185640","3185640","1300","2486","1300","2486"
"2025-01-17","3.59","10725525","10725525","1300","8523","1300","8523"
"2025-01-16","-1.57","5315425","5315425","1255","4204","1255","4204"
"2025-01-15","-1.16","5978825","5978825","1275","4741","1275","4741"
"2025-01-14","-0.77","2584675","2584675","1290","2012","1290","2012"
"2025-01-13","-1.14","82200","82200","1300","63","1300","63"
"2025-01-10","1.15","3629050","3629050","1315","2841","1315","2841"
"2025-01-09","-1.52","1614805","1614805","1300","1244","1300","1244"
"2025-01-08","1.54","2986630","2986630","1320","2298","1320","2298"
"2025-01-07","-2.62","587445","587445","1300","445","1300","445"
"2025-01-06","2.69","165420","165420","1335","124","1335","124"
"2025-01-03","0","4866470","4866470","1300","3777","1300","3777"
"2025-01-02","-2.99","1477595","1477595","1300","1133","1300","1133"
"2024-12-31","0.75","7562400","7562400","1340","5730","1340","5730"
"2024-12-30","0","2565045","2565045","1330","1929","1330","1929"
"2024-12-27","2.31","7793780","7793780","1330","5949","1330","5949"
"2024-12-26","0","1960860","1960860","1300","1517","1300","1517"
"2024-12-24","0","1405265","1405265","1300","1079","1300","1079"
"2024-12-23","-1.52","1980805","1980805","1300","1519","1300","1519"
"2024-12-20","0","1134755","1134755","1320","859","1320","859"
"2024-12-19","-0.38","7306835","7306835","1320","5567","1320","5567"
"2024-12-18","5.58","556775","556775","1325","421","1325","421"
"2024-12-17","-5.28","3020320","3020320","1255","2388","1255","2388"
"2024-12-16","-1.12","9219790","9219790","1325","7019","1325","7019"
"2024-12-13","1.13","41847205","41847205","1340","31218","1340","31218"
"2024-12-12","-0.38","4276855","4276855","1325","3226","1325","3226"
"2024-12-11","-0.75","4292660","4292660","1330","3253","1330","3253"
"2024-12-10","-4.29","4032975","4032975","1340","3025","1340","3025"
"2024-12-09","0","4383520","4383520","1400","3131","1400","3131"
"2024-12-06","0","4416975","4416975","1400","3155","1400","3155"
"2024-12-05","-2.78","632575","632575","1400","451","1400","451"
"2024-12-04","0","1981440","1981440","1440","1412","1440","1412"
"2024-12-03","3.97","6900325","6900325","1440","4968","1440","4968"
"2024-12-02","-0.36","3227585","3227585","1385","2327","1385","2327"
"2024-11-29","-0.36","2879975","2879975","1390","2070","1390","2070"
"2024-11-28","4.89","11769880","11769880","1395","8697","1395","8697"
"2024-11-27","0","497420","497420","1330","374","1330","374"
"2024-11-26","0","4652485","4652485","1330","3570","1330","3570"
"2024-11-25","0.76","2892960","2892960","1330","2189","1330","2189"
"2024-11-22","-2.94","2959990","2959990","1320","2216","1320","2216"
"2024-11-21","-0.73","353680","353680","1360","261","1360","261"
"2024-11-20","0","160225","160225","1370","117","1370","117"
"2024-11-19","-0.36","3334680","3334680","1370","2441","1370","2441"
"2024-11-18","-1.79","35850","35850","1375","26","1375","26"
"2024-11-14","3.7","1702050","1702050","1400","1253","1400","1253"
"2024-11-13","0.37","13685935","13685935","1350","10315","1350","10315"
"2024-11-12","-3.58","107820","107820","1345","80","1345","80"
"2024-11-11","-0.36","14871470","14871470","1395","11147","1395","11147"
"2024-11-08","-2.44","2763315","2763315","1400","2023","1400","2023"
"2024-11-07","2.5","4158955","4158955","1435","3046","1435","3046"
"2024-11-06","0.36","9169915","9169915","1400","6554","1400","6554"
"2024-11-05","-0.36","85579465","85579465","1395","61348","1395","61348"
"2024-11-04","0","793310","793310","1400","573","1400","573"
"2024-10-31","0","405860","405860","1400","292","1400","292"
"2024-10-30","-2.78","1777100","1777100","1400","1270","1400","1270"
"2024-10-29","0","9816280","9816280","1440","6947","1440","6947"
"2024-10-28","4.35","3315785","3315785","1440","2335","1440","2335"
"2024-10-25","-4.83","2294115","2294115","1380","1621","1380","1621"
"2024-10-24","0.69","2195710","2195710","1450","1523","1450","1523"
"2024-10-23","-0.35","10020315","10020315","1440","6944","1440","6944"
"2024-10-22","0","544120","544120","1445","399","1445","399"
"2024-10-21","0","3581790","3581790","1445","2483","1445","2483"
"2024-10-18","0","1281800","1281800","1445","890","1445","890"
"2024-10-17","0.35","12634705","12634705","1445","8720","1445","8720"
"2024-10-16","-0.69","3173610","3173610","1440","2207","1440","2207"
"2024-10-15","0","1482260","1482260","1450","1033","1450","1033"
"2024-10-14","-3.33","3017180","3017180","1450","2075","1450","2075"
"2024-10-11","3.45","14235345","14235345","1500","9803","1500","9803"
"2024-10-10","0","5861775","5861775","1450","4038","1450","4038"
"2024-10-09","-1.69","9147560","9147560","1450","6251","1450","6251"
"2024-10-08","1.37","1704240","1704240","1475","1168","1475","1168"
"2024-10-07","-3.32","15509655","15509655","1455","10639","1455","10639"
"2024-10-04","0","1018955","1018955","1505","696","1505","696"
"2024-10-03","0.67","19778655","19778655","1505","13197","1505","13197"
"2024-10-02","0.34","22031100","22031100","1495","15190","1495","15190"
"2024-10-01","0.34","4150500","4150500","1490","2851","1490","2851"
"2024-09-30","2.77","5088545","5088545","1485","3519","1485","3519"
"2024-09-27","-0.34","9218220","9218220","1445","6361","1445","6361"
"2024-09-26","7.41","8025300","8025300","1450","5598","1450","5598"
"2024-09-25","0","18860230","18860230","1350","14008","1350","14008"
"2024-09-24","0","363000","363000","1350","270","1350","270"
"2024-09-23","-1.46","2654580","2654580","1350","1976","1350","1976"
"2024-09-20","0","221940","221940","1370","162","1370","162"
"2024-09-19","0","11356805","11356805","1370","8654","1370","8654"
"2024-09-18","-0.72","588210","588210","1370","430","1370","430"
"2024-09-17","0","273150","273150","1380","202","1380","202"
"2024-09-16","4.55","3074185","3074185","1380","2324","1380","2324"
"2024-09-13","-5.04","244840","244840","1320","177","1320","177"
"2024-09-12","3.73","1454825","1454825","1390","1064","1390","1064"
"2024-09-11","-3.6","12631045","12631045","1340","9621","1340","9621"
"2024-09-10","1.09","272450","272450","1390","199","1390","199"
"2024-09-09","-0.72","2016175","2016175","1375","1491","1375","1491"
"2024-09-06","-0.72","341250","341250","1385","245","1385","245"
"2024-09-05","-1.41","4535800","4535800","1395","3240","1395","3240"
"2024-09-04","1.8","5996100","5996100","1415","4334","1415","4334"
"2024-09-03","0","809600","809600","1390","583","1390","583"
"2024-09-02","0.36","1154320","1154320","1390","832","1390","832"
"2024-08-30","6.54","2742430","2742430","1385","2050","1385","2050"
"2024-08-29","-0.76","14952210","14952210","1300","11402","1300","11402"
"2024-08-28","0.38","1814325","1814325","1310","1391","1310","1391"
"2024-08-27","-1.14","4469045","4469045","1305","3475","1305","3475"
"2024-08-26","0.38","287100","287100","1320","220","1320","220"
"2024-08-23","0.38","2273275","2273275","1315","1738","1315","1738"
"2024-08-22","-1.13","280430","280430","1310","214","1310","214"
"2024-08-21","0.76","5187930","5187930","1325","4122","1325","4122"
"2024-08-20","0","909215","909215","1315","695","1315","695"
"2024-08-19","-0.38","893770","893770","1315","687","1315","687"
"2024-08-16","3.13","17923300","17923300","1320","13983","1320","13983"
"2024-08-14","-0.78","416680","416680","1280","324","1280","324"
"2024-08-13","0","3302940","3302940","1290","2561","1290","2561"
"2024-08-12","0.39","213735","213735","1290","167","1290","167"
"2024-08-09","1.58","750085","750085","1285","593","1285","593"
"2024-08-08","-1.94","16824040","16824040","1265","13421","1265","13421"
"2024-08-06","0","7058640","7058640","1290","5632","1290","5632"
"2024-08-05","-0.39","3437375","3437375","1290","2703","1290","2703"
"2024-08-02","0","15675950","15675950","1295","12498","1295","12498"
"2024-08-01","-0.38","10877275","10877275","1295","8452","1295","8452"
"2024-07-31","0","14878610","14878610","1300","11470","1300","11470"
"2024-07-30","0","1817400","1817400","1300","1398","1300","1398"
"2024-07-29","-1.52","5594400","5594400","1300","4361","1300","4361"
"2024-07-26","0.76","2331040","2331040","1320","1784","1320","1784"
"2024-07-25","-0.76","423705","423705","1310","324","1310","324"
"2024-07-24","0.38","1513925","1513925","1320","1175","1320","1175"
"2024-07-23","-1.13","3660305","3660305","1315","2800","1315","2800"
"2024-07-22","3.1","12990080","12990080","1330","10031","1330","10031"
"2024-07-19","-1.15","3359660","3359660","1290","2592","1290","2592"
"2024-07-18","-0.38","637415","637415","1305","490","1305","490"
"2024-07-17","0.77","2554050","2554050","1310","1962","1310","1962"
"2024-07-16","-0.76","15760615","15760615","1300","12534","1300","12534"
"2024-07-15","-0.38","24133055","24133055","1310","18523","1310","18523"
"2024-07-12","2.73","36055165","36055165","1315","28610","1315","28610"
"2024-07-11","-1.54","965690","965690","1280","759","1280","759"
"2024-07-10","4","4916735","4916735","1300","3909","1300","3909"
"2024-07-09","0","4838535","4838535","1250","3874","1250","3874"
"2024-07-08","-3.47","8988745","8988745","1250","7251","1250","7251"
"2024-07-05","0","12476695","12476695","1295","9986","1295","9986"
"2024-07-04","0","8459790","8459790","1295","6601","1295","6601"
"2024-07-03","2.78","3200045","3200045","1295","2539","1295","2539"
"2024-07-02","-1.18","7911185","7911185","1260","6211","1260","6211"
"2024-07-01","0","7957605","7957605","1275","6255","1275","6255"
"2024-06-28","0.79","33414560","33414560","1275","26740","1275","26740"
"2024-06-27","0","3473445","3473445","1265","2741","1265","2741"
"2024-06-26","0","8830735","8830735","1265","7123","1265","7123"
"2024-06-25","2.85","11976160","11976160","1265","9813","1265","9813"
"2024-06-24","-3.53","9917485","9917485","1230","7946","1230","7946"
"2024-06-21","-0.39","5320235","5320235","1275","4171","1275","4171"
"2024-06-20","-0.39","1543305","1543305","1280","1202","1280","1202"
"2024-06-19","-1.91","5154630","5154630","1285","4139","1285","4139"
"2024-06-18","-2.96","25595115","25595115","1310","20449","1310","20449"
"2024-06-14","-2.88","28007620","28007620","1350","21624","1350","21624"
"2024-06-13","1.09","3556725","3556725","1390","2585","1390","2585"
"2024-06-12","2.23","5792485","5792485","1375","4288","1375","4288"
"2024-06-11","-0.37","1109200","1109200","1345","822","1345","822"
"2024-06-10","-1.82","2549575","2549575","1350","1864","1350","1864"
"2024-06-07","1.85","10197485","10197485","1375","7607","1375","7607"
"2024-06-06","0","10120170","10120170","1350","7487","1350","7487"
"2024-06-05","-3.23","28173780","28173780","1350","20853","1350","20853"
"2024-06-04","3.33","4936705","4936705","1395","3652","1395","3652"
"2024-06-03","-5.59","21325800","21325800","1350","15671","1350","15671"
"2024-05-31","-0.69","29987300","29987300","1430","22326","1430","22326"
"2024-05-30","-0.69","3020955","3020955","1440","2224","1440","2224"
"2024-05-29","-1.36","14376505","14376505","1450","10263","1450","10263"
"2024-05-28","1.38","6978715","6978715","1470","4811","1470","4811"
"2024-05-27","1.4","10638335","10638335","1450","7476","1450","7476"
"2024-05-24","3.25","5137540","5137540","1430","3736","1430","3736"
"2024-05-23","-0.36","3121815","3121815","1385","2311","1385","2311"
"2024-05-22","0","2391940","2391940","1390","1805","1390","1805"
"2024-05-21","-0.71","669400","669400","1390","485","1390","485"
"2024-05-17","-1.75","26186920","26186920","1400","19697","1400","19697"
"2024-05-16","-3.72","16624700","16624700","1425","12062","1425","12062"
"2024-05-15","-0.34","503670","503670","1480","340","1480","340"
"2024-05-14","-0.34","6525840","6525840","1485","4485","1485","4485"
"2024-05-13","3.47","8063740","8063740","1490","5587","1490","5587"
"2024-05-10","-1.03","3288715","3288715","1440","2286","1440","2286"
"2024-05-08","7.38","66006705","66006705","1455","52241","1455","52241"
"2024-05-07","-7.19","21687600","21687600","1355","16002","1355","16002"
"2024-05-06","-7.3","10046960","10046960","1460","6876","1460","6876"
"2024-05-03","-7.35","2989650","2989650","1575","1898","1575","1898"
"2024-05-02","0.89","25173625","25173625","1700","14994","1700","14994"
"2024-04-30","2.74","6636280","6636280","1685","4037","1685","4037"
"2024-04-29","0","6499720","6499720","1640","3967","1640","3967"
"2024-04-26","-2.67","3479395","3479395","1640","2113","1640","2113"
"2024-04-25","0.3","2881020","2881020","1685","1745","1685","1745"
"2024-04-24","-0.59","4963040","4963040","1680","2999","1680","2999"
"2024-04-23","1.81","5900670","5900670","1690","3576","1690","3576"
"2024-04-22","0","2356210","2356210","1660","1431","1660","1431"
"2024-04-19","3.75","16960015","16960015","1660","11131","1660","11131"
"2024-04-18","-2.14","19566295","19566295","1600","12174","1600","12174"
"2024-04-17","0","1016780","1016780","1635","628","1635","628"
"2024-04-16","0","4403135","4403135","1635","2742","1635","2742"
"2024-04-15","-0.91","1749935","1749935","1635","1073","1635","1073"
"2024-04-12","3.13","43470510","43470510","1650","27635","1650","27635"
"2024-04-11","0","1929800","1929800","1600","1208","1600","1208"
"2024-04-09","-0.93","3706895","3706895","1600","2316","1600","2316"
"2024-04-08","0.31","4328035","4328035","1615","2703","1615","2703"
"2024-04-05","-0.62","15321835","15321835","1610","9574","1610","9574"
"2024-04-04","0.31","2801105","2801105","1620","1748","1620","1748"
"2024-04-03","0.94","1579325","1579325","1615","983","1615","983"
"2024-04-02","0","14334145","14334145","1600","9085","1600","9085"
"2024-03-29","1.59","4210135","4210135","1600","2673","1600","2673"
"2024-03-28","1.94","4194795","4194795","1575","2709","1575","2709"
"2024-03-27","0.32","1387285","1387285","1545","910","1545","910"
"2024-03-26","-0.65","5207380","5207380","1540","3457","1540","3457"
"2024-03-25","-0.32","13494450","13494450","1550","8963","1550","8963"
"2024-03-22","0.65","2592755","2592755","1555","1666","1555","1666"
"2024-03-21","0.98","5118070","5118070","1545","3354","1545","3354"
"2024-03-20","0.33","31463855","31463855","1530","20960","1530","20960"
"2024-03-19","0","20792650","20792650","1525","13810","1525","13810"
"2024-03-18","0","10831755","10831755","1525","7194","1525","7194"
"2024-03-15","1.67","38125","38125","1525","25","1525","25"
"2024-03-14","-1.32","10897430","10897430","1500","7253","1500","7253"
"2024-03-13","-0.33","47738935","47738935","1520","31823","1520","31823"
"2024-03-12","2.01","21847305","21847305","1525","14767","1525","14767"
"2024-03-11","0","6607105","6607105","1495","3921","1495","3921"
"2024-03-08","0.67","3357310","3357310","1495","2242","1495","2242"
"2024-03-07","-2.94","14993805","14993805","1485","9919","1485","9919"
"2024-03-06","2.34","8075595","8075595","1530","5279","1530","5279"
"2024-03-05","-3.24","11139770","11139770","1495","7436","1495","7436"
"2024-03-04","-1.59","6991875","6991875","1545","4619","1545","4619"
"2024-03-01","-0.95","8137130","8137130","1570","5421","1570","5421"
"2024-02-29","0","2692150","2692150","1585","1702","1585","1702"
"2024-02-28","5.67","4979655","4979655","1585","3301","1585","3301"
"2024-02-27","0","6180635","6180635","1500","4173","1500","4173"
"2024-02-26","1.69","6949285","6949285","1500","4689","1500","4689"
"2024-02-23","-1.34","1884580","1884580","1475","1267","1475","1267"
"2024-02-22","0","22865000","22865000","1495","15549","1495","15549"
"2024-02-21","-0.33","1119245","1119245","1495","754","1495","754"
"2024-02-20","0","5645580","5645580","1500","3756","1500","3756"
"2024-02-19","-2.91","47374465","47374465","1500","31849","1500","31849"
"2024-02-16","3.34","4265490","4265490","1545","2855","1545","2855"
"2024-02-15","0","1073750","1073750","1495","719","1495","719"
"2024-02-14","0.34","3928430","3928430","1495","2651","1495","2651"
"2024-02-13","1.36","2346810","2346810","1490","1593","1490","1593"
"2024-02-09","0","2549850","2549850","1470","1787","1470","1787"
"2024-02-08","0","825400","825400","1470","565","1470","565"
"2024-02-07","1.38","19867350","19867350","1470","14191","1470","14191"
"2024-02-06","-0.34","358450","358450","1450","247","1450","247"
"2024-02-05","-0.34","5885225","5885225","1455","4124","1455","4124"
"2024-02-02","0","5542550","5542550","1460","3779","1460","3779"
"2024-02-01","0","4879700","4879700","1460","3333","1460","3333"
"2024-01-31","0","625850","625850","1460","437","1460","437"
"2024-01-30","-0.68","1343940","1343940","1460","939","1460","939"
"2024-01-29","5.38","10469825","10469825","1470","7569","1470","7569"
"2024-01-26","-0.36","4425375","4425375","1395","3166","1395","3166"
"2024-01-25","0.72","9361640","9361640","1400","6730","1400","6730"
"2024-01-24","0","7263850","7263850","1390","5237","1390","5237"
"2024-01-23","-0.71","6209095","6209095","1390","4445","1390","4445"
"2024-01-22","0","20797390","20797390","1400","14931","1400","14931"
"2024-01-19","2.56","43395870","43395870","1400","31874","1400","31874"
"2024-01-18","-0.73","14085380","14085380","1365","10323","1365","10323"
"2024-01-17","0","62819540","62819540","1375","45681","1375","45681"
"2024-01-16","0","5951205","5951205","1375","4307","1375","4307"
"2024-01-15","-1.79","4192730","4192730","1375","3020","1375","3020"
"2024-01-12","0","8876230","8876230","1400","6344","1400","6344"
"2024-01-11","0","15616415","15616415","1400","11514","1400","11514"
"2024-01-10","1.82","4200665","4200665","1400","3039","1400","3039"
"2024-01-09","0","35974870","35974870","1375","26134","1375","26134"
"2024-01-08","-1.79","58651605","58651605","1375","42588","1375","42588"
"2024-01-05","-6.67","5617550","5617550","1400","3906","1400","3906"
"2024-01-04","7.14","6500870","6500870","1500","4772","1500","4772"
"2024-01-03","0","5091780","5091780","1400","3637","1400","3637"
"2024-01-02","3.7","5543675","5543675","1400","4082","1400","4082"
"2023-12-29","-3.57","12854290","12854290","1350","9357","1350","9357"
"2023-12-28","-3.45","4967150","4967150","1400","3537","1400","3537"
"2023-12-27","0","3839600","3839600","1450","2648","1450","2648"
"2023-12-26","0","4955475","4955475","1450","3399","1450","3399"
"2023-12-22","0","1581300","1581300","1450","1094","1450","1094"
"2023-12-21","3.57","4509015","4509015","1450","3212","1450","3212"
"2023-12-20","-5.72","131888675","131888675","1400","90973","1400","90973"
"2023-12-19","7.22","31876010","31876010","1485","22836","1485","22836"
"2023-12-18","-7.05","4892645","4892645","1385","3415","1385","3415"
"2023-12-15","-0.33","2566615","2566615","1490","1726","1490","1726"
"2023-12-14","0","23631415","23631415","1495","15827","1495","15827"
"2023-12-13","1.36","2055175","2055175","1495","1386","1495","1386"
"2023-12-12","-1.67","7239845","7239845","1475","4895","1475","4895"
"2023-12-11","0","5343155","5343155","1500","3561","1500","3561"
"2023-12-08","-3.23","15605650","15605650","1500","10400","1500","10400"
"2023-12-07","-0.96","6823220","6823220","1550","4442","1550","4442"
"2023-12-06","4.68","1679700","1679700","1565","1112","1565","1112"
"2023-12-05","0.34","11904715","11904715","1495","7953","1495","7953"
"2023-12-04","-0.67","21460925","21460925","1490","14357","1490","14357"
"2023-12-01","0","1324500","1324500","1500","894","1500","894"
"2023-11-30","2.04","7714080","7714080","1500","5259","1500","5259"
"2023-11-29","-1.01","2949460","2949460","1470","1989","1470","1989"
"2023-11-28","-2.3","10620355","10620355","1485","7161","1485","7161"
"2023-11-27","1.33","39672045","39672045","1520","26892","1520","26892"
"2023-11-24","0","13977770","13977770","1500","9342","1500","9342"
"2023-11-23","-5.66","1160760","1160760","1500","758","1500","758"
"2023-11-22","7.43","224440","224440","1590","146","1590","146"
"2023-11-21","-7.5","8976050","8976050","1480","6018","1480","6018"
"2023-11-20","7.38","4176785","4176785","1600","2894","1600","2894"
"2023-11-17","-6.58","533775","533775","1490","350","1490","350"
"2023-11-16","-2.45","4094185","4094185","1595","2566","1595","2566"
"2023-11-14","-1.21","4873130","4873130","1635","2954","1635","2954"
"2023-11-13","6.43","71046670","71046670","1655","42754","1655","42754"
"2023-11-10","7.24","17473250","17473250","1555","11252","1555","11252"
"2023-11-09","3.94","6379750","6379750","1450","4556","1450","4556"
"2023-11-08","0","1304890","1304890","1395","940","1395","940"
"2023-11-07","-0.36","2025475","2025475","1395","1458","1395","1458"
"2023-11-06","0","3569920","3569920","1400","2551","1400","2551"
"2023-11-03","1.82","235000","235000","1400","180","1400","180"
"2023-11-02","-1.79","6004800","6004800","1375","4307","1375","4307"
"2023-10-31","0","995725","995725","1400","709","1400","709"
"2023-10-30","0.72","1331250","1331250","1400","950","1400","950"
"2023-10-27","-0.71","1860480","1860480","1390","1334","1390","1334"
"2023-10-26","-5.41","6228115","6228115","1400","4503","1400","4503"
"2023-10-25","0","2179890","2179890","1480","1473","1480","1473"
"2023-10-24","-0.67","84360","84360","1480","57","1480","57"
"2023-10-23","0","94870","94870","1490","64","1490","64"
"2023-10-20","0","48280","48280","1490","32","1490","32"
"2023-10-19","7.19","1583210","1583210","1490","1129","1490","1129"
"2023-10-18","-7.33","4135230","4135230","1390","2928","1390","2928"
"2023-10-17","-3.85","391675","391675","1500","256","1500","256"
"2023-10-16","0","648830","648830","1560","418","1560","418"
"2023-10-13","0","657130","657130","1560","424","1560","424"
"2023-10-12","-0.32","549930","549930","1560","362","1560","362"
"2023-10-11","-0.32","14284500","14284500","1565","9215","1565","9215"
"2023-10-10","-0.32","220975","220975","1570","140","1570","140"
"2023-10-09","0","1663700","1663700","1575","1056","1575","1056"
"2023-10-06","1.61","161350","161350","1575","103","1575","103"
"2023-10-05","-1.9","213850","213850","1550","136","1550","136"
"2023-10-04","-1.25","1058175","1058175","1580","672","1580","672"
"2023-10-03","0.63","2521570","2521570","1600","1575","1600","1575"
"2023-10-02","-1.24","257425","257425","1590","170","1590","170"
"2023-09-29","7.33","8719810","8719810","1610","5471","1610","5471"
"2023-09-28","2.04","946160","946160","1500","646","1500","646"
"2023-09-26","1.38","994875","994875","1470","675","1470","675"
"2023-09-25","2.11","605850","605850","1450","416","1450","416"
"2023-09-22","-3.4","4967225","4967225","1420","3481","1420","3481"
"2023-09-21","0","1802690","1802690","1470","1257","1470","1257"
"2023-09-20","-0.34","1183355","1183355","1470","801","1470","801"
"2023-09-19","-1.67","2179050","2179050","1475","1478","1475","1478"
"2023-09-18","1.69","3121100","3121100","1500","2106","1500","2106"
"2023-09-15","0.34","419925","419925","1475","285","1475","285"
"2023-09-14","-0.68","7603505","7603505","1470","5158","1470","5158"
"2023-09-13","0","5723420","5723420","1480","3932","1480","3932"
"2023-09-12","0.34","2608150","2608150","1480","1765","1480","1765"
"2023-09-11","0.34","2721265","2721265","1475","1842","1475","1842"
"2023-09-08","-0.68","609590","609590","1470","413","1470","413"
"2023-09-07","0","879120","879120","1480","597","1480","597"
"2023-09-06","0.68","1047285","1047285","1480","709","1480","709"
"2023-09-05","0","105840","105840","1470","72","1470","72"
"2023-09-04","1.03","705710","705710","1470","477","1470","477"
"2023-09-01","0.34","960595","960595","1455","660","1455","660"
"2023-08-31","0","1679900","1679900","1450","1152","1450","1152"
"2023-08-30","-5.84","2280510","2280510","1450","1571","1450","1571"
"2023-08-28","2.67","16933420","16933420","1540","11780","1540","11780"
"2023-08-25","2.04","154695","154695","1500","101","1500","101"
"2023-08-24","-4.85","5213655","5213655","1470","3543","1470","3543"
"2023-08-23","-0.32","1545","1545","1545","1","1545","1"
"2023-08-22","3.68","6977920","6977920","1550","4666","1550","4666"
"2023-08-21","0","6358795","6358795","1495","4381","1495","4381"
"2023-08-18","-3.24","438040","438040","1495","288","1495","288"
"2023-08-17","-0.64","70055165","70055165","1545","48193","1545","48193"
"2023-08-16","0.32","167100","167100","1555","105","1555","105"
"2023-08-14","3.33","2961000","2961000","1550","1954","1550","1954"
"2023-08-11","-5.96","1980140","1980140","1500","1253","1500","1253"
"2023-08-10","0","114320","114320","1595","72","1595","72"
"2023-08-09","-3.33","826210","826210","1595","518","1595","518"
"2023-08-08","0","1650","1650","1650","1","1650","1"
"2023-08-04","-1.49","2130620","2130620","1650","1296","1650","1296"
"2023-08-03","1.82","8455025","8455025","1675","5003","1675","5003"
"2023-08-02","-2.37","2808260","2808260","1645","1710","1645","1710"
"2023-08-01","-0.3","1954450","1954450","1685","1180","1685","1180"
"2023-07-31","5.63","2007700","2007700","1690","1216","1690","1216"
"2023-07-28","0","990440","990440","1600","648","1600","648"
"2023-07-27","-2.74","5385550","5385550","1600","3340","1600","3340"
"2023-07-26","4.11","10657220","10657220","1645","6863","1645","6863"
"2023-07-25","-0.94","2701350","2701350","1580","1699","1580","1699"
"2023-07-24","-3.33","3342885","3342885","1595","2089","1595","2089"
"2023-07-21","-2.37","6766615","6766615","1650","4101","1650","4101"
"2023-07-20","4.64","3937320","3937320","1690","2348","1690","2348"
"2023-07-19","-4.44","3103890","3103890","1615","1934","1615","1934"
"2023-07-18","-0.59","6266195","6266195","1690","3781","1690","3781"
"2023-07-17","4.94","1933245","1933245","1700","1185","1700","1185"
"2023-07-14","0","5746000","5746000","1620","3585","1620","3585"
"2023-07-13","6.58","8528115","8528115","1620","5575","1620","5575"
"2023-07-12","-1.94","82437280","82437280","1520","54227","1520","54227"
"2023-07-11","0.98","4914570","4914570","1550","3219","1550","3219"
"2023-07-10","-0.32","474250","474250","1535","309","1535","309"
"2023-07-07","0.33","1175900","1175900","1540","765","1540","765"
"2023-07-06","0.33","3106200","3106200","1535","2042","1535","2042"
"2023-07-05","0.99","2557760","2557760","1530","1680","1530","1680"
"2023-07-04","-0.98","6451945","6451945","1515","4463","1515","4463"
"2023-07-03","-0.97","6005080","6005080","1530","4161","1530","4161"
"2023-06-30","7.29","4722025","4722025","1545","3256","1545","3256"
"2023-06-29","7.06","25128730","25128730","1440","17949","1440","17949"
"2023-06-27","-0.37","97090","97090","1345","72","1345","72"
"2023-06-26","0.75","547800","547800","1350","413","1350","413"
"2023-06-23","1.9","135315","135315","1340","101","1340","101"
"2023-06-22","3.14","3071010","3071010","1315","2373","1315","2373"
"2023-06-21","-0.39","4433700","4433700","1275","3465","1275","3465"
"2023-06-20","0","1094710","1094710","1280","857","1280","857"
"2023-06-19","0","10329890","10329890","1280","8089","1280","8089"
"2023-06-16","0","794880","794880","1280","621","1280","621"
"2023-06-15","-3.03","2509900","2509900","1280","1938","1280","1938"
"2023-06-14","1.54","397000","397000","1320","300","1320","300"
"2023-06-13","-1.89","10075945","10075945","1300","8109","1300","8109"
"2023-06-12","-1.12","3319550","3319550","1325","2374","1325","2374"
"2023-06-09","-0.74","1372300","1372300","1340","1023","1340","1023"
"2023-06-08","0.37","5292000","5292000","1350","3920","1350","3920"
"2023-06-07","0","221925","221925","1345","165","1345","165"
"2023-06-06","1.13","764465","764465","1345","567","1345","567"
"2023-06-05","-1.48","3303540","3303540","1330","2450","1330","2450"
"2023-06-02","0","721850","721850","1350","540","1350","540"
"2023-06-01","-2.88","611350","611350","1350","441","1350","441"
"2023-05-31","2.96","199100","199100","1390","145","1390","145"
"2023-05-30","-3.57","14529825","14529825","1350","10762","1350","10762"
"2023-05-26","0.36","237750","237750","1400","170","1400","170"
"2023-05-25","0","404280","404280","1395","291","1395","291"
"2023-05-24","3.33","3888295","3888295","1395","2868","1395","2868"
"2023-05-23","-3.23","4834350","4834350","1350","3581","1350","3581"
"2023-05-22","3.33","790575","790575","1395","581","1395","581"
"2023-05-19","0","3981150","3981150","1350","2949","1350","2949"
"2023-05-17","0","76750","76750","1350","55","1350","55"
"2023-05-16","0","63450","63450","1350","47","1350","47"
"2023-05-15","0","9439890","9439890","1350","6990","1350","6990"
"2023-05-12","-1.46","3836085","3836085","1350","2836","1350","2836"
"2023-05-11","0","2194665","2194665","1370","1602","1370","1602"
"2023-05-10","-1.79","813065","813065","1370","592","1370","592"
"2023-05-09","-0.36","542520","542520","1395","388","1395","388"
"2023-05-08","0","1099990","1099990","1400","797","1400","797"
"2023-05-05","0","366400","366400","1400","267","1400","267"
"2023-05-04","2.19","813550","813550","1400","593","1400","593"
"2023-05-03","-5.52","5489520","5489520","1370","3808","1370","3808"
"2023-05-02","5.84","16808795","16808795","1450","12360","1450","12360"
"2023-04-28","0","1451265","1451265","1370","1112","1370","1112"
"2023-04-27","-1.79","14262145","14262145","1370","10545","1370","10545"
"2023-04-26","0","1902120","1902120","1395","1400","1395","1400"
"2023-04-25","0.36","445475","445475","1395","320","1395","320"
"2023-04-24","-0.71","3770100","3770100","1390","2710","1390","2710"
"2023-04-20","-0.71","1901210","1901210","1400","1360","1400","1360"
"2023-04-19","-2.08","157720","157720","1410","112","1410","112"
"2023-04-17","3.23","212840","212840","1440","149","1440","149"
"2023-04-14","-0.36","1801435","1801435","1395","1324","1395","1324"
"2023-04-13","0","1663950","1663950","1400","1190","1400","1190"
"2023-04-12","-3.45","1064750","1064750","1400","760","1400","760"
"2023-04-11","3.57","2378220","2378220","1450","1656","1450","1656"
"2023-04-07","-3.78","784300","784300","1400","560","1400","560"
"2023-04-06","3.19","1632300","1632300","1455","1165","1455","1165"
"2023-04-05","-1.4","373650","373650","1410","265","1410","265"
"2023-04-04","-1.04","79275","79275","1430","55","1430","55"
"2023-04-03","-0.34","1452810","1452810","1445","1033","1445","1033"
"2023-03-31","0.35","1461155","1461155","1450","1028","1450","1028"
"2023-03-30","6.25","303950","303950","1445","210","1445","210"
"2023-03-29","-6.21","4037075","4037075","1360","2907","1360","2907"
"2023-03-28","-0.34","36250","36250","1450","25","1450","25"
"2023-03-27","0","2180490","2180490","1455","1560","1455","1560"
"2023-03-24","-0.34","10023005","10023005","1455","6880","1455","6880"
"2023-03-23","0","3849490","3849490","1460","2696","1460","2696"
"2023-03-22","0","924700","924700","1460","649","1460","649"
"2023-03-21","-1.35","4512575","4512575","1460","3217","1460","3217"
"2023-03-20","0","5176955","5176955","1480","3608","1480","3608"
"2023-03-17","0","2822395","2822395","1480","2010","1480","2010"
"2023-03-16","6.09","4140240","4140240","1480","2951","1480","2951"
"2023-03-15","1.09","17253930","17253930","1395","12418","1395","12418"
"2023-03-14","0","2111920","2111920","1380","1538","1380","1538"
"2023-03-13","1.47","320100","320100","1380","233","1380","233"
"2023-03-10","0","1437070","1437070","1360","1057","1360","1057"
"2023-03-09","0","3887000","3887000","1360","2913","1360","2913"
"2023-03-08","0","1176400","1176400","1360","865","1360","865"
"2023-03-07","1.49","2181550","2181550","1360","1620","1360","1620"
"2023-03-06","-0.74","26800","26800","1340","20","1340","20"
"2023-03-03","0","344795","344795","1350","256","1350","256"
"2023-03-02","0.37","219800","219800","1350","163","1350","163"
"2023-03-01","-0.37","882365","882365","1345","657","1345","657"
"2023-02-28","3.85","3325425","3325425","1350","2469","1350","2469"
"2023-02-27","-3.35","1632720","1632720","1300","1231","1300","1231"
"2023-02-24","0.37","5392670","5392670","1345","4081","1345","4081"
"2023-02-23","3.08","1216965","1216965","1340","913","1340","913"
"2023-02-22","-2.99","1469020","1469020","1300","1159","1300","1159"
"2023-02-21","-0.37","5331380","5331380","1340","4269","1340","4269"
"2023-02-20","3.46","1903170","1903170","1345","1459","1345","1459"
"2023-02-17","-2.99","648595","648595","1300","492","1300","492"
"2023-02-16","7.2","1364360","1364360","1340","1024","1340","1024"
"2023-02-15","-6.72","463390","463390","1250","358","1250","358"
"2023-02-14","7.2","31262580","31262580","1340","25980","1340","25980"
"2023-02-13","0","23943760","23943760","1250","19155","1250","19155"
"2023-02-10","0","18794590","18794590","1250","15035","1250","15035"
"2023-02-09","0","26513000","26513000","1250","21210","1250","21210"
"2023-02-08","-7.06","12381415","12381415","1250","9704","1250","9704"
"2023-02-07","-0.37","29590","29590","1345","22","1345","22"
"2023-02-06","0","660200","660200","1350","502","1350","502"
"2023-02-03","0","521100","521100","1350","386","1350","386"
"2023-02-02","4.25","420065","420065","1350","316","1350","316"
"2023-02-01","3.19","174770","174770","1295","136","1295","136"
"2023-01-31","-2.71","653875","653875","1255","510","1255","510"
"2023-01-30","-0.39","12661870","12661870","1290","10127","1290","10127"
"2023-01-27","0.39","1839745","1839745","1295","1432","1295","1432"
"2023-01-26","-0.77","170290","170290","1290","131","1290","131"
"2023-01-25","0","6757970","6757970","1300","5200","1300","5200"
"2023-01-24","0","5091520","5091520","1300","3917","1300","3917"
"2023-01-23","-3.35","8600370","8600370","1300","6805","1300","6805"
"2023-01-20","3.46","1145345","1145345","1345","881","1345","881"
"2023-01-19","0","1991785","1991785","1300","1530","1300","1530"
"2023-01-18","1.96","1588600","1588600","1300","1222","1300","1222"
"2023-01-17","0","4767385","4767385","1275","3786","1275","3786"
"2023-01-16","-1.92","1531975","1531975","1275","1182","1275","1182"
"2023-01-13","0","1741735","1741735","1300","1339","1300","1339"
"2023-01-12","0.39","6393850","6393850","1300","4919","1300","4919"
"2023-01-11","0","774510","774510","1295","598","1295","598"
"2023-01-10","-3.72","1430295","1430295","1295","1101","1295","1101"
"2023-01-09","3.86","2319070","2319070","1345","1746","1345","1746"
"2023-01-06","-5.82","83645","83645","1295","62","1295","62"
"2023-01-05","6.18","130625","130625","1375","95","1375","95"
"2023-01-04","-5.82","61855","61855","1295","45","1295","45"
"2023-01-03","-1.08","1863710","1863710","1375","1362","1375","1362"
"2023-01-02","-0.36","337240","337240","1390","243","1390","243"
"2022-12-30","0.36","14826145","14826145","1395","10656","1395","10656"
"2022-12-29","-0.71","6788395","6788395","1390","5068","1390","5068"
"2022-12-28","-4.44","792340","792340","1400","571","1400","571"
"2022-12-27","-0.34","1489615","1489615","1465","1021","1465","1021"
"2022-12-23","2.08","1331510","1331510","1470","932","1470","932"
"2022-12-22","-0.69","47635","47635","1440","33","1440","33"
"2022-12-21","-1.36","142000","142000","1450","100","1450","100"
"2022-12-20","-0.68","247040","247040","1470","168","1470","168"
"2022-12-19","-0.67","394590","394590","1480","266","1480","266"
"2022-12-16","0","588605","588605","1490","397","1490","397"
"2022-12-15","0.34","2133930","2133930","1490","1458","1490","1458"
"2022-12-14","-0.34","616850","616850","1485","414","1485","414"
"2022-12-13","7.19","4023160","4023160","1490","2840","1490","2840"
"2022-12-12","7.34","7963750","7963750","1390","6125","1390","6125"
"2022-12-09","7.47","4188635","4188635","1295","3723","1295","3723"
"2022-12-08","-3.21","24100","24100","1205","20","1205","20"
"2022-12-07","-4.23","3225675","3225675","1245","2607","1245","2607"
"2022-12-06","4.84","24062100","24062100","1300","19365","1300","19365"
"2022-12-05","3.33","15436200","15436200","1240","12525","1240","12525"
"2022-12-02","-4","5599180","5599180","1200","4645","1200","4645"
"2022-12-01","0","14363790","14363790","1250","11907","1250","11907"
"2022-11-30","2.46","782400","782400","1250","626","1250","626"
"2022-11-29","-5.79","7113210","7113210","1220","5697","1220","5697"
"2022-11-28","-7.17","655405","655405","1295","501","1295","501"
"2022-11-25","0","3197710","3197710","1395","2398","1395","2398"
"2022-11-24","-0.36","7166500","7166500","1395","5120","1395","5120"
"2022-11-23","-6.67","4564700","4564700","1400","3260","1400","3260"
"2022-11-22","-2.28","1192500","1192500","1500","795","1500","795"
"2022-11-21","-0.65","4881815","4881815","1535","3342","1535","3342"
"2022-11-18","0","2442770","2442770","1545","1581","1545","1581"
"2022-11-17","0","4820560","4820560","1545","3179","1545","3179"
"2022-11-16","-2.83","6655640","6655640","1545","4302","1545","4302"
"2022-11-11","0","842500","842500","1590","560","1590","560"
"2022-11-10","-0.63","4547700","4547700","1590","3030","1590","3030"
"2022-11-09","-3.03","205250","205250","1600","130","1600","130"
"2022-11-08","-2.65","354750","354750","1650","215","1650","215"
"2022-11-07","5.94","4970355","4970355","1695","3107","1695","3107"
"2022-11-04","-5.6","4992570","4992570","1600","2947","1600","2947"
"2022-11-03","-0.29","1883600","1883600","1695","1177","1695","1177"
"2022-11-02","-1.16","537700","537700","1700","313","1700","313"
"2022-10-31","0.29","60200","60200","1720","35","1720","35"
"2022-10-28","6.85","8604735","8604735","1715","5141","1715","5141"
"2022-10-27","-4.75","481000","481000","1605","300","1605","300"
"2022-10-26","6.31","3949670","3949670","1685","2466","1685","2466"
"2022-10-25","5.67","476390","476390","1585","314","1585","314"
"2022-10-24","0","2655275","2655275","1500","1760","1500","1760"
"2022-10-21","-4.76","31543900","31543900","1500","21026","1500","21026"
"2022-10-20","-0.94","1765105","1765105","1575","1130","1575","1130"
"2022-10-19","6.71","7502515","7502515","1590","4996","1590","4996"
"2022-10-18","-6.88","10084290","10084290","1490","6760","1490","6760"
"2022-10-17","0","15822450","15822450","1600","10543","1600","10543"
"2022-10-14","6.67","15300010","15300010","1600","10228","1600","10228"
"2022-10-13","-3.85","4448330","4448330","1500","2879","1500","2879"
"2022-10-12","-7.42","4392840","4392840","1560","2814","1560","2814"
"2022-10-11","0","9935450","9935450","1685","6017","1685","6017"
"2022-10-10","-5.34","2129980","2129980","1685","1261","1685","1261"
"2022-10-07","0","193930","193930","1780","111","1780","111"
"2022-10-06","1.71","1002520","1002520","1780","565","1780","565"
"2022-10-05","-2.78","14339750","14339750","1750","8446","1750","8446"
"2022-10-04","-0.55","858260","858260","1800","490","1800","490"
"2022-10-03","-0.28","119465","119465","1810","66","1810","66"
"2022-09-30","0","3198695","3198695","1815","1763","1815","1763"
"2022-09-29","-1.09","11569090","11569090","1815","6786","1815","6786"
"2022-09-28","5.76","9263490","9263490","1835","5406","1835","5406"
"2022-09-27","-5.96","586840","586840","1735","341","1735","341"
"2022-09-26","0","1086775","1086775","1845","605","1845","605"
"2022-09-23","0","134685","134685","1845","73","1845","73"
"2022-09-22","0","1147750","1147750","1845","645","1845","645"
"2022-09-21","0","36900","36900","1845","20","1845","20"
"2022-09-20","0.27","3486725","3486725","1845","1970","1845","1970"
"2022-09-19","-0.27","1580030","1580030","1840","858","1840","858"
"2022-09-16","4.53","451600","451600","1845","245","1845","245"
"2022-09-15","-4.34","4328250","4328250","1765","2450","1765","2450"
"2022-09-14","-0.27","2540445","2540445","1845","1427","1845","1427"
"2022-09-13","4.52","4092855","4092855","1850","2318","1850","2318"
"2022-09-12","0","212400","212400","1770","120","1770","120"
"2022-09-09","0.28","309500","309500","1770","175","1770","175"
"2022-09-08","-5.61","185125","185125","1765","105","1765","105"
"2022-09-07","0","383350","383350","1870","205","1870","205"
"2022-09-06","6.25","188150","188150","1870","105","1870","105"
"2022-09-05","0","2003390","2003390","1760","1138","1760","1138"
"2022-09-02","0","244020","244020","1760","139","1760","139"
"2022-09-01","-7.12","2059480","2059480","1760","1168","1760","1168"
"2022-08-31","6.46","13550020","13550020","1895","7587","1895","7587"
"2022-08-30","0.28","497970","497970","1780","283","1780","283"
"2022-08-29","-0.84","1200625","1200625","1775","675","1775","675"
"2022-08-26","-0.56","689200","689200","1790","395","1790","395"
"2022-08-25","0","228600","228600","1800","131","1800","131"
"2022-08-24","0","172300","172300","1800","101","1800","101"
"2022-08-23","0","17141155","17141155","1800","10062","1800","10062"
"2022-08-22","0","702950","702950","1800","392","1800","392"
"2022-08-19","0","725590","725590","1800","413","1800","413"
"2022-08-18","-4.76","438145","438145","1800","245","1800","245"
"2022-08-17","-0.26","402030","402030","1890","217","1890","217"
"2022-08-16","-0.26","28425","28425","1895","15","1895","15"
"2022-08-12","0","229650","229650","1900","121","1900","121"
"2022-08-11","0","15608190","15608190","1900","8843","1900","8843"
"2022-08-10","0","662250","662250","1900","354","1900","354"
"2022-08-09","0","647940","647940","1900","343","1900","343"
"2022-08-05","0.26","500400","500400","1900","269","1900","269"
"2022-08-04","-4.05","49395","49395","1895","26","1895","26"
"2022-08-03","-0.75","156545","156545","1975","79","1975","79"
"2022-08-02","-0.5","40011540","40011540","1990","20056","1990","20056"
"2022-08-01","0","36666000","36666000","2000","18363","2000","18363"
"2022-07-29","0","31924000","31924000","2000","15962","2000","15962"
"2022-07-28","5.26","13280480","13280480","2000","6653","2000","6653"
"2022-07-27","4.11","2998700","2998700","1900","1662","1900","1662"
"2022-07-26","7.35","2065125","2065125","1825","1209","1825","1209"
"2022-07-25","0","2072650","2072650","1700","1232","1700","1232"
"2022-07-22","0","404350","404350","1700","238","1700","238"
"2022-07-21","0.59","5398700","5398700","1700","3186","1700","3186"
"2022-07-20","0","1696440","1696440","1690","1014","1690","1014"
"2022-07-19","-0.29","434330","434330","1690","257","1690","257"
"2022-07-18","0","463820","463820","1695","276","1695","276"
"2022-07-15","0","194925","194925","1695","115","1695","115"
"2022-07-14","-0.88","576310","576310","1695","341","1695","341"
"2022-07-13","-1.16","1031300","1031300","1710","604","1710","604"
"2022-07-12","-0.57","563865","563865","1730","325","1730","325"
"2022-07-11","0.29","5364895","5364895","1740","3092","1740","3092"
"2022-07-08","-1.7","3734200","3734200","1735","2110","1735","2110"
"2022-07-07","6.97","26500","26500","1765","15","1765","15"
"2022-07-06","0","36776160","36776160","1650","22293","1650","22293"
"2022-07-05","0","1023850","1023850","1650","621","1650","621"
"2022-07-04","0.3","4470890","4470890","1650","2715","1650","2715"
"2022-07-01","-0.3","1602460","1602460","1645","974","1645","974"
"2022-06-30","-0.9","32390400","32390400","1650","19676","1650","19676"
"2022-06-29","-2.06","1597770","1597770","1665","953","1665","953"
"2022-06-28","0","471900","471900","1700","274","1700","274"
"2022-06-27","1.8","241830","241830","1700","144","1700","144"
"2022-06-24","-7.22","1329070","1329070","1670","785","1670","785"
"2022-06-23","0","373735","373735","1800","208","1800","208"
"2022-06-22","0.28","1873800","1873800","1800","1041","1800","1041"
"2022-06-21","-0.28","184885","184885","1795","103","1795","103"
"2022-06-20","-5.01","3186450","3186450","1800","1761","1800","1761"
"2022-06-17","-0.26","129130","129130","1895","68","1895","68"
"2022-06-16","1.06","240820","240820","1900","127","1900","127"
"2022-06-15","0","941900","941900","1880","499","1880","499"
"2022-06-14","-0.53","720480","720480","1880","391","1880","391"
"2022-06-13","5","189100","189100","1890","100","1890","100"
"2022-06-10","0","199800","199800","1800","111","1800","111"
"2022-06-09","0","1083475","1083475","1800","602","1800","602"
"2022-06-08","5.57","42585","42585","1800","24","1800","24"
"2022-06-07","2.1","170500","170500","1705","100","1705","100"
"2022-06-03","-7.22","1963585","1963585","1670","1173","1670","1173"
"2022-06-02","-7.22","876285","876285","1800","475","1800","475"
"2022-06-01","0","255700","255700","1940","130","1940","130"
"2022-05-31","7.48","5585540","5585540","1940","3087","1940","3087"
"2022-05-30","7.44","1252520","1252520","1805","741","1805","741"
"2022-05-27","0.9","4613490","4613490","1680","2762","1680","2762"
"2022-05-25","-7.5","2712715","2712715","1665","1617","1665","1617"
"2022-05-24","-5.26","1114515","1114515","1800","613","1800","613"
"2022-05-23","1.6","281190","281190","1900","150","1900","150"
"2022-05-20","0","143110","143110","1870","76","1870","76"
"2022-05-19","-7.43","1174075","1174075","1870","607","1870","607"
"2022-05-18","0","202000","202000","2020","100","2020","100"
"2022-05-17","-0.49","1459550","1459550","2020","720","2020","720"
"2022-05-16","0","661500","661500","2030","330","2030","330"
"2022-05-13","0","50910","50910","2030","25","2030","25"
"2022-05-12","-0.49","520050","520050","2030","255","2030","255"
"2022-05-11","-0.49","266400","266400","2040","130","2040","130"
"2022-05-10","-2.38","234820","234820","2050","114","2050","114"
"2022-05-09","0","1094700","1094700","2100","525","2100","525"
"2022-05-06","0","613200","613200","2100","292","2100","292"
"2022-05-05","-6.67","1055605","1055605","2100","504","2100","504"
"2022-05-04","-6.05","253860","253860","2250","112","2250","112"
"2022-05-03","-0.21","663140","663140","2395","287","2395","287"
"2022-04-29","0","15534625","15534625","2400","6540","2400","6540"
"2022-04-27","0","4593600","4593600","2400","1915","2400","1915"
"2022-04-26","0.42","1072700","1072700","2400","447","2400","447"
"2022-04-25","-0.42","324575","324575","2390","136","2390","136"
"2022-04-22","0","2400","2400","2400","1","2400","1"
"2022-04-21","0.84","24000","24000","2400","10","2400","10"
"2022-04-20","-0.83","2482800","2482800","2380","1037","2380","1037"
"2022-04-19","0","482400","482400","2400","201","2400","201"
"2022-04-15","0","2400","2400","2400","1","2400","1"
"2022-04-14","0.84","505000","505000","2400","225","2400","225"
"2022-04-13","-0.83","1253280","1253280","2380","556","2380","556"
"2022-04-12","-2.83","4505150","4505150","2400","1877","2400","1877"
"2022-04-11","7.39","614470","614470","2470","258","2470","258"
"2022-04-08","2.22","183500","183500","2300","80","2300","80"
"2022-04-07","1.81","117248565","117248565","2250","53036","2250","53036"
"2022-04-06","0.45","1133250","1133250","2210","510","2210","510"
"2022-04-05","0","16899620","16899620","2200","7676","2200","7676"
"2022-04-04","-4.35","3969100","3969100","2200","1745","2200","1745"
"2022-04-01","-4.17","4174700","4174700","2300","1711","2300","1711"
"2022-03-31","0","45598650","45598650","2400","19783","2400","19783"
"2022-03-30","0","264900","264900","2400","111","2400","111"
"2022-03-29","0","12745550","12745550","2400","5305","2400","5305"
"2022-03-28","0","669900","669900","2400","280","2400","280"
"2022-03-25","1.27","21742950","21742950","2400","9060","2400","9060"
"2022-03-24","0.21","2625850","2625850","2370","1110","2370","1110"
"2022-03-23","0","341950","341950","2365","145","2365","145"
"2022-03-22","6.53","1432700","1432700","2365","618","2365","618"
"2022-03-21","0.91","1767470","1767470","2220","778","2220","778"
"2022-03-18","-6.98","1414325","1414325","2200","605","2200","605"
"2022-03-17","-0.21","3348840","3348840","2365","1416","2365","1416"
"2022-03-16","-1.25","6569275","6569275","2370","2777","2370","2777"
"2022-03-15","2.13","865405","865405","2400","362","2400","362"
"2022-03-14","-3.49","11750","11750","2350","5","2350","5"
"2022-03-11","-0.61","761220","761220","2435","324","2435","324"
"2022-03-10","4.26","1152600","1152600","2450","486","2450","486"
"2022-03-09","7.06","11750","11750","2350","5","2350","5"
"2022-03-08","-5.18","438740","438740","2195","190","2195","190"
"2022-03-07","7.42","137370","137370","2315","63","2315","63"
"2022-03-04","-7.11","320300","320300","2155","145","2155","145"
"2022-03-03","-3.33","1998770","1998770","2320","831","2320","831"
"2022-03-02","-2.04","259650","259650","2400","106","2400","106"
"2022-03-01","-2","24500","24500","2450","10","2450","10"
"2022-02-28","0","1889775","1889775","2500","759","2500","759"
"2022-02-25","0","3761150","3761150","2500","1506","2500","1506"
"2022-02-24","0","562500","562500","2500","225","2500","225"
"2022-02-23","0","113000","113000","2500","45","2500","45"
"2022-02-22","0","2607500","2607500","2500","1091","2500","1091"
"2022-02-21","-2.34","1724000","1724000","2500","679","2500","679"
"2022-02-18","0.39","524800","524800","2560","205","2560","205"
"2022-02-17","0","5149830","5149830","2550","2019","2550","2019"
"2022-02-16","0","21037500","21037500","2550","8250","2550","8250"
"2022-02-15","0","153050","153050","2550","61","2550","61"
"2022-02-14","-0.39","27706875","27706875","2550","10864","2550","10864"
"2022-02-11","0.39","697220","697220","2560","274","2560","274"
"2022-02-10","-0.97","160000","160000","2550","63","2550","63"
"2022-02-09","5.1","41576490","41576490","2575","16950","2575","16950"
"2022-02-08","-2","6315600","6315600","2450","2548","2450","2548"
"2022-02-04","0","1094250","1094250","2500","465","2500","465"
"2022-02-03","2.04","1290775","1290775","2500","538","2500","538"
"2022-02-02","6.52","3483480","3483480","2450","1480","2450","1480"
"2022-02-01","0","11867050","11867050","2300","5422","2300","5422"
"2022-01-31","-1.92","4040500","4040500","2300","1760","2300","1760"
"2022-01-28","-0.21","5896105","5896105","2345","2509","2345","2509"
"2022-01-27","4.21","2083820","2083820","2350","924","2350","924"
"2022-01-26","0","8604200","8604200","2255","3840","2255","3840"
"2022-01-25","7.38","2606550","2606550","2255","1239","2255","1239"
"2022-01-24","0","262500","262500","2100","125","2100","125"
"2022-01-21","-7.28","490385","490385","2100","224","2100","224"
"2022-01-20","-3.41","4777790","4777790","2265","2126","2265","2126"
"2022-01-19","1.96","3119675","3119675","2345","1365","2345","1365"
"2022-01-18","-1.71","309160","309160","2300","134","2300","134"
"2022-01-17","-0.21","1154470","1154470","2340","512","2340","512"
"2022-01-14","-2.29","2138370","2138370","2345","936","2345","936"
"2022-01-13","-3.03","96000","96000","2400","40","2400","40"
"2022-01-12","-0.2","1256875","1256875","2475","535","2475","535"
"2022-01-11","-1.98","570320","570320","2480","229","2480","229"
"2022-01-10","6.75","80960","80960","2530","32","2530","32"
"2022-01-07","-7.42","804710","804710","2370","333","2370","333"
"2022-01-06","-0.19","127950","127950","2560","50","2560","50"
"2022-01-05","-0.39","565300","565300","2565","220","2565","220"
"2022-01-04","-6.7","974500","974500","2575","375","2575","375"
"2022-01-03","7.39","1888060","1888060","2760","705","2760","705"
"2021-12-31","7.31","39833850","39833850","2570","15856","2570","15856"
"2021-12-30","-1.84","8529275","8529275","2395","3703","2395","3703"
"2021-12-29","0","2453720","2453720","2440","1063","2440","1063"
"2021-12-28","1.67","18233295","18233295","2440","7595","2440","7595"
"2021-12-27","1.05","324300","324300","2400","139","2400","139"
"2021-12-24","-2.46","240250","240250","2375","100","2375","100"
"2021-12-23","-0.41","393560","393560","2435","169","2435","169"
"2021-12-22","0.2","3380095","3380095","2445","1394","2445","1394"
"2021-12-21","-0.2","5212710","5212710","2440","2157","2440","2157"
"2021-12-20","0","699695","699695","2445","296","2445","296"
"2021-12-17","0","1999900","1999900","2445","849","2445","849"
"2021-12-16","-0.2","2527735","2527735","2445","1074","2445","1074"
"2021-12-15","2.73","12663290","12663290","2450","5344","2450","5344"
"2021-12-14","0","80920","80920","2385","34","2385","34"
"2021-12-13","-0.63","214650","214650","2385","90","2385","90"
"2021-12-10","2.13","2515025","2515025","2400","1124","2400","1124"
"2021-12-09","0","13336800","13336800","2350","5739","2350","5739"
"2021-12-08","2.17","9246050","9246050","2350","4003","2350","4003"
"2021-12-07","-3.77","2767050","2767050","2300","1203","2300","1203"
"2021-12-06","5.29","2122295","2122295","2390","891","2390","891"
"2021-12-03","-7.35","2845455","2845455","2270","1229","2270","1229"
"2021-12-02","0","389250","389250","2450","165","2450","165"
"2021-12-01","0","16870400","16870400","2450","6809","2450","6809"
"2021-11-30","-2","7562390","7562390","2450","3229","2450","3229"
"2021-11-29","2.88","35625020","35625020","2500","14341","2500","14341"
"2021-11-26","0","2629035","2629035","2430","1115","2430","1115"
"2021-11-25","0","351345","351345","2430","146","2430","146"
"2021-11-24","3.85","8115560","8115560","2430","3485","2430","3485"
"2021-11-23","6.36","13013010","13013010","2340","5805","2340","5805"
"2021-11-22","-6.38","630415","630415","2200","284","2200","284"
"2021-11-19","0","5621065","5621065","2350","2441","2350","2441"
"2021-11-18","-2.49","2727810","2727810","2350","1212","2350","1212"
"2021-11-17","5.7","12518000","12518000","2410","5398","2410","5398"
"2021-11-16","3.64","7262000","7262000","2280","3348","2280","3348"
"2021-11-12","0.23","1319040","1319040","2200","601","2200","601"
"2021-11-11","-0.23","1934650","1934650","2195","880","2195","880"
"2021-11-10","4.76","2767225","2767225","2200","1292","2200","1292"
"2021-11-09","2.44","4190305","4190305","2100","2035","2100","2035"
"2021-11-08","0","2077350","2077350","2050","1035","2050","1035"
"2021-11-05","-6.82","1831690","1831690","2050","878","2050","878"
"2021-11-04","0","969885","969885","2200","467","2200","467"
"2021-11-03","-4.35","13687240","13687240","2200","6514","2200","6514"
"2021-10-29","0","394500","394500","2300","180","2300","180"
"2021-10-28","2.45","29171380","29171380","2300","13866","2300","13866"
"2021-10-27","-7.42","406520","406520","2245","181","2245","181"
"2021-10-26","0.21","9109725","9109725","2425","3947","2425","3947"
"2021-10-25","-0.41","1830865","1830865","2420","757","2420","757"
"2021-10-22","0","9285900","9285900","2430","4105","2430","4105"
"2021-10-21","-0.41","3696600","3696600","2430","1571","2430","1571"
"2021-10-20","-0.2","565490","565490","2440","232","2440","232"
"2021-10-19","7.47","12581175","12581175","2445","5508","2445","5508"
"2021-10-15","-0.22","386725","386725","2275","170","2275","170"
"2021-10-14","0","1595180","1595180","2280","703","2280","703"
"2021-10-13","0","1663430","1663430","2280","751","2280","751"
"2021-10-12","-0.44","277100","277100","2280","123","2280","123"
"2021-10-11","0","13216880","13216880","2290","6024","2290","6024"
"2021-10-08","0","508380","508380","2290","222","2290","222"
"2021-10-07","0","1038260","1038260","2290","469","2290","469"
"2021-10-06","-0.43","486380","486380","2290","212","2290","212"
"2021-10-05","0.44","665050","665050","2300","290","2300","290"
"2021-10-04","-0.43","764070","764070","2290","333","2290","333"
"2021-10-01","-1.92","3499480","3499480","2300","1582","2300","1582"
"2021-09-30","3.99","5849600","5849600","2345","2540","2345","2540"
"2021-09-29","7.38","7891150","7891150","2255","3719","2255","3719"
"2021-09-28","2.44","24847640","24847640","2100","12446","2100","12446"
"2021-09-27","-2.38","254350","254350","2050","122","2050","122"
"2021-09-24","2.44","14024440","14024440","2100","6943","2100","6943"
"2021-09-23","-6.82","2519150","2519150","2050","1219","2050","1219"
"2021-09-22","2.33","11817480","11817480","2200","5704","2200","5704"
"2021-09-21","2.38","4417975","4417975","2150","2100","2150","2100"
"2021-09-20","-2.1","4899000","4899000","2100","2335","2100","2335"
"2021-09-17","-2.05","2526465","2526465","2145","1231","2145","1231"
"2021-09-16","0","1938150","1938150","2190","885","2190","885"
"2021-09-15","-1.57","6241850","6241850","2190","2885","2190","2885"
"2021-09-14","0","1798855","1798855","2225","841","2225","841"
"2021-09-13","-0.22","122375","122375","2225","55","2225","55"
"2021-09-10","0","1279050","1279050","2230","607","2230","607"
"2021-09-09","-3.04","1409360","1409360","2230","632","2230","632"
"2021-09-08","-3.97","1530300","1530300","2300","645","2300","645"
"2021-09-07","0","16997670","16997670","2395","7127","2395","7127"
"2021-09-06","-0.21","827290","827290","2395","359","2395","359"
"2021-09-03","0.21","8193555","8193555","2400","3460","2400","3460"
"2021-09-02","3.46","1390955","1390955","2395","605","2395","605"
"2021-09-01","0","6282490","6282490","2315","2918","2315","2918"
"2021-08-31","7.42","17580310","17580310","2315","8173","2315","8173"
"2021-08-30","7.48","7575170","7575170","2155","3559","2155","3559"
"2021-08-27","7.22","12905990","12905990","2005","6551","2005","6551"
"2021-08-26","0","755170","755170","1870","416","1870","416"
"2021-08-25","0","2368730","2368730","1870","1267","1870","1267"
"2021-08-24","0","11835530","11835530","1870","6330","1870","6330"
"2021-08-23","0","1312740","1312740","1870","702","1870","702"
"2021-08-20","3.89","1062300","1062300","1870","567","1870","567"
"2021-08-19","0","371265570","371265570","1800","216436","1800","216436"
"2021-08-18","-4","5848805","5848805","1800","3195","1800","3195"
"2021-08-17","0.81","4833785","4833785","1875","2594","1875","2594"
"2021-08-16","0","1225795","1225795","1860","657","1860","657"
"2021-08-13","0","1268735","1268735","1860","681","1860","681"
"2021-08-12","-1.85","113315","113315","1860","60","1860","60"
"2021-08-11","-0.26","34830785","34830785","1895","18826","1895","18826"
"2021-08-10","-2.31","5032900","5032900","1900","2653","1900","2653"
"2021-08-06","3.73","1862225","1862225","1945","955","1945","955"
"2021-08-05","-0.53","2731150","2731150","1875","1452","1875","1452"
"2021-08-04","1.89","3846085","3846085","1885","2043","1885","2043"
"2021-08-03","-1.33","22397145","22397145","1850","12097","1850","12097"
"2021-08-02","0","12771110","12771110","1875","6748","1875","6748"
"2021-07-30","0","211995","211995","1875","113","1875","113"
"2021-07-29","2.18","4576495","4576495","1875","2443","1875","2443"
"2021-07-28","6.07","1331980","1331980","1835","735","1835","735"
"2021-07-27","-3.89","976060","976060","1730","555","1730","555"
"2021-07-26","1.12","5725600","5725600","1800","3189","1800","3189"
"2021-07-23","4.4","1562430","1562430","1780","911","1780","911"
"2021-07-22","-5.28","186835","186835","1705","109","1705","109"
"2021-07-21","7.14","374930","374930","1800","216","1800","216"
"2021-07-19","-1.18","3741600","3741600","1680","2060","1680","2060"
"2021-07-16","1.8","909500","909500","1700","535","1700","535"
"2021-07-15","-1.76","898450","898450","1670","535","1670","535"
"2021-07-14","0","34000","34000","1700","20","1700","20"
"2021-07-13","-0.58","85000","85000","1700","50","1700","50"
"2021-07-12","-0.29","34200","34200","1710","20","1710","20"
"2021-07-09","7.19","120400","120400","1715","71","1715","71"
"2021-07-08","-3.03","517600","517600","1600","322","1600","322"
"2021-07-07","-3.51","4528550","4528550","1650","2650","1650","2650"
"2021-07-05","7.21","4353215","4353215","1710","2585","1710","2585"
"2021-07-02","0","655795","655795","1595","412","1595","412"
"2021-07-01","0","954965","954965","1595","637","1595","637"
"2021-06-30","-1.24","2487420","2487420","1595","1658","1595","1658"
"2021-06-29","-2.71","471350","471350","1615","293","1615","293"
"2021-06-28","-7.26","703840","703840","1660","424","1660","424"
"2021-06-25","-0.56","459850","459850","1790","275","1790","275"
"2021-06-24","2.86","811800","811800","1800","501","1800","501"
"2021-06-23","-2.78","1215575","1215575","1750","692","1750","692"
"2021-06-22","2.86","14421570","14421570","1800","7959","1800","7959"
"2021-06-21","-1.69","8350935","8350935","1750","4832","1750","4832"
"2021-06-18","-0.28","253195","253195","1780","142","1780","142"
"2021-06-17","-0.28","237405","237405","1785","133","1785","133"
"2021-06-16","-0.56","6945900","6945900","1790","4081","1790","4081"
"2021-06-15","-0.55","115200","115200","1800","64","1800","64"
"2021-06-14","0","18100","18100","1810","10","1810","10"
"2021-06-11","0","10384250","10384250","1810","6029","1810","6029"
"2021-06-10","1.69","18942475","18942475","1810","10737","1810","10737"
"2021-06-09","-0.28","78549030","78549030","1780","45979","1780","45979"
"2021-06-08","-0.28","7435615","7435615","1785","4291","1785","4291"
"2021-06-07","7.19","4349485","4349485","1790","2425","1790","2425"
"2021-06-04","7.4","20013630","20013630","1670","12113","1670","12113"
"2021-06-03","4.36","11296390","11296390","1555","7434","1555","7434"
"2021-06-02","2.05","1295890","1295890","1490","887","1490","887"
"2021-06-01","0.34","699340","699340","1460","479","1460","479"
"2021-05-31","-0.34","83025","83025","1455","57","1455","57"
"2021-05-28","2.82","504105","504105","1460","346","1460","346"
"2021-05-27","-0.35","1451200","1451200","1420","1020","1420","1020"
"2021-05-26","1.06","213750","213750","1425","150","1425","150"
"2021-05-25","-3.09","3284580","3284580","1410","2297","1410","2297"
"2021-05-21","3.56","21825","21825","1455","15","1455","15"
"2021-05-20","-4.42","2737255","2737255","1405","1921","1405","1921"
"2021-05-19","0","1414250","1414250","1470","1000","1470","1000"
"2021-05-18","-1.67","161725","161725","1470","110","1470","110"
"2021-05-17","3.82","2755770","2755770","1495","1875","1495","1875"
"2021-05-14","-3.68","308720","308720","1440","213","1440","213"
"2021-05-11","0.34","359770","359770","1495","241","1495","241"
"2021-05-10","0","7450","7450","1490","5","1490","5"
"2021-05-07","3.83","2707390","2707390","1490","1827","1490","1827"
"2021-05-06","0","1587690","1587690","1435","1105","1435","1105"
"2021-05-05","6.3","234985","234985","1435","174","1435","174"
"2021-05-04","0.37","1373250","1373250","1350","1039","1350","1039"
"2021-05-03","-0.37","1621215","1621215","1345","1202","1345","1202"
"2021-04-30","-6.57","751500","751500","1350","551","1350","551"
"2021-04-29","-3.67","6202520","6202520","1445","4339","1445","4339"
"2021-04-28","7.14","4823300","4823300","1500","3219","1500","3219"
"2021-04-26","1.08","124600","124600","1400","89","1400","89"
"2021-04-23","-1.07","1686910","1686910","1385","1210","1385","1210"
"2021-04-22","0","5749420","5749420","1400","4057","1400","4057"
"2021-04-21","-0.36","172540","172540","1400","123","1400","123"
"2021-04-20","-0.35","1417775","1417775","1405","986","1405","986"
"2021-04-19","-2.42","213060","213060","1410","148","1410","148"
"2021-04-16","-0.34","1984300","1984300","1445","1369","1445","1369"
"2021-04-15","3.57","3633100","3633100","1450","2506","1450","2506"
"2021-04-14","3.7","2534000","2534000","1400","1810","1400","1810"
"2021-04-13","-3.57","396000","396000","1350","290","1350","290"
"2021-04-12","0","2551450","2551450","1400","1830","1400","1830"
"2021-04-09","0.36","865125","865125","1400","618","1400","618"
"2021-04-08","-2.45","6315035","6315035","1395","4499","1395","4499"
"2021-04-07","2.14","3211650","3211650","1430","2294","1430","2294"
"2021-04-06","-3.45","2581250","2581250","1400","1840","1400","1840"
"2021-04-02","0","229100","229100","1450","158","1450","158"
"2021-04-01","0","2320250","2320250","1450","1645","1450","1645"
"2021-03-31","3.2","368300","368300","1450","254","1450","254"
"2021-03-30","-4.42","407475","407475","1405","290","1405","290"
"2021-03-29","4.63","294000","294000","1470","200","1470","200"
"2021-03-26","-3.1","35125","35125","1405","25","1405","25"
"2021-03-25","0","301600","301600","1450","208","1450","208"
"2021-03-24","2.84","116000","116000","1450","80","1450","80"
"2021-03-23","-2.76","857955","857955","1410","596","1410","596"
"2021-03-22","0","102320","102320","1450","72","1450","72"
"2021-03-19","0","71050","71050","1450","49","1450","49"
"2021-03-18","0","55200","55200","1450","38","1450","38"
"2021-03-17","0","449500","449500","1450","310","1450","310"
"2021-03-16","0","232000","232000","1450","160","1450","160"
"2021-03-15","0","307400","307400","1450","212","1450","212"
"2021-03-11","0","522000","522000","1450","360","1450","360"
"2021-03-10","2.84","2132215","2132215","1450","1507","1450","1507"
"2021-03-09","0","663020","663020","1410","472","1410","472"
"2021-03-08","0","1296000","1296000","1410","920","1410","920"
"2021-03-05","0","28200","28200","1410","20","1410","20"
"2021-03-04","0.71","292000","292000","1410","208","1410","208"
"2021-03-03","0","824600","824600","1400","589","1400","589"
"2021-03-02","0","570930","570930","1400","403","1400","403"
"2021-03-01","0","1202500","1202500","1400","860","1400","860"
"2021-02-26","-3.11","19915","19915","1400","14","1400","14"
"2021-02-25","3.21","186500","186500","1445","130","1445","130"
"2021-02-24","-3.45","666300","666300","1400","474","1400","474"
"2021-02-23","0","217500","217500","1450","150","1450","150"
"2021-02-22","0.35","3269470","3269470","1450","2259","1450","2259"
"2021-02-19","0","1011170","1011170","1445","706","1445","706"
"2021-02-18","-0.34","1469880","1469880","1445","1014","1445","1014"
"2021-02-17","2.47","138500","138500","1450","94","1450","94"
"2021-02-16","1.07","135775","135775","1415","96","1415","96"
"2021-02-15","0","536500","536500","1400","384","1400","384"
"2021-02-12","-0.71","41512800","41512800","1400","29652","1400","29652"
"2021-02-11","0.71","2577770","2577770","1410","1902","1410","1902"
"2021-02-10","3.7","11995410","11995410","1400","8689","1400","8689"
"2021-02-09","0","2246375","2246375","1350","1664","1350","1664"
"2021-02-08","0.37","579150","579150","1350","429","1350","429"
"2021-02-05","0","1298200","1298200","1345","962","1345","962"
"2021-02-04","-0.37","861285","861285","1345","638","1345","638"
"2021-02-03","1.89","2634550","2634550","1350","1981","1350","1981"
"2021-02-02","0","1914625","1914625","1325","1445","1325","1445"
"2021-02-01","0","1273325","1273325","1325","979","1325","979"
"2021-01-29","-0.38","1161395","1161395","1325","884","1325","884"
"2021-01-28","0","1526560","1526560","1330","1166","1330","1166"
"2021-01-27","-1.48","600300","600300","1330","450","1330","450"
"2021-01-26","0","49950","49950","1350","37","1350","37"
"2021-01-25","-1.82","271125","271125","1350","199","1350","199"
"2021-01-22","-6.46","71265","71265","1375","51","1375","51"
"2021-01-21","-0.34","1472750","1472750","1470","1002","1470","1002"
"2021-01-20","0","605750","605750","1475","410","1475","410"
"2021-01-19","0","118000","118000","1475","80","1475","80"
"2021-01-18","-0.34","29500","29500","1475","20","1475","20"
"2021-01-15","-1","1926580","1926580","1480","1333","1480","1333"
"2021-01-14","4.18","1546615","1546615","1495","1038","1495","1038"
"2021-01-13","-3.04","150900","150900","1435","105","1435","105"
"2021-01-12","3.14","2138145","2138145","1480","1467","1480","1467"
"2021-01-11","-3.04","159480","159480","1435","108","1435","108"
"2021-01-08","0","679320","679320","1480","459","1480","459"
"2021-01-07","-2.31","223980","223980","1480","150","1480","150"
"2021-01-06","-1.62","416120","416120","1515","277","1515","277"
"2021-01-04","-0.65","49280","49280","1540","32","1540","32"
"2020-12-31","0.65","15480820","15480820","1550","10000","1550","10000"
"2020-12-30","-0.65","323450","323450","1540","210","1540","210"
"2020-12-29","-0.32","12929380","12929380","1550","8551","1550","8551"
"2020-12-28","7.24","43597895","43597895","1555","30002","1555","30002"
"2020-12-24","0","9709700","9709700","1450","6701","1450","6701"
"2020-12-23","0","2370700","2370700","1450","1663","1450","1663"
"2020-12-22","0","26388375","26388375","1450","18255","1450","18255"
"2020-12-21","7.41","32385830","32385830","1450","23308","1450","23308"
"2020-12-18","3.85","42616800","42616800","1350","33255","1350","33255"
"2020-12-17","6.56","71201080","71201080","1300","57840","1300","57840"
"2020-12-16","-6.15","826580","826580","1220","679","1220","679"
"2020-12-15","-2.26","76736795","76736795","1300","59352","1300","59352"
"2020-12-14","6.4","14778480","14778480","1330","11603","1330","11603"
"2020-12-11","0.81","1680000","1680000","1250","1340","1250","1340"
"2020-12-09","-0.8","4035200","4035200","1240","3237","1240","3237"
"2020-12-08","0","656250","656250","1250","525","1250","525"
"2020-12-07","-1.57","757050","757050","1250","605","1250","605"
"2020-12-04","0","433030","433030","1270","341","1270","341"
"2020-12-03","0","4992370","4992370","1270","3931","1270","3931"
"2020-12-02","5.83","1728470","1728470","1270","1361","1270","1361"
"2020-12-01","-5.88","1875430","1875430","1200","1493","1200","1493"
"2020-11-30","0","2596775","2596775","1275","2037","1275","2037"
"2020-11-27","0","54660","54660","1275","43","1275","43"
"2020-11-26","-1.92","1213800","1213800","1275","952","1275","952"
"2020-11-25","0","599775","599775","1300","445","1300","445"
"2020-11-24","-3.35","53210","53210","1300","40","1300","40"
"2020-11-23","5.49","329915","329915","1345","243","1345","243"
"2020-11-20","0.39","1285470","1285470","1275","1010","1275","1010"
"2020-11-19","-0.39","19218950","19218950","1270","15133","1270","15133"
"2020-11-18","0","2550","2550","1275","2","1275","2"
"2020-11-16","5.37","2094225","2094225","1275","1667","1275","1667"
"2020-11-13","-3.97","45874305","45874305","1210","36703","1210","36703"
"2020-11-12","0","144200","144200","1260","115","1260","115"
"2020-11-11","1.61","1134000","1134000","1260","900","1260","900"
"2020-11-10","-1.59","2128245","2128245","1240","1716","1240","1716"
"2020-11-09","0","18900","18900","1260","15","1260","15"
"2020-11-06","0","174400","174400","1260","140","1260","140"
"2020-11-05","0","804300","804300","1260","640","1260","640"
"2020-11-04","1.61","501680","501680","1260","404","1260","404"
"2020-11-03","0","176800","176800","1240","140","1240","140"
"2020-11-02","-2.36","583700","583700","1240","470","1240","470"
"2020-10-30","0","2523490","2523490","1270","1987","1270","1987"
"2020-10-28","0.79","4562025","4562025","1270","3635","1270","3635"
"2020-10-26","0.8","63000","63000","1260","50","1260","50"
"2020-10-23","-0.79","395780","395780","1250","320","1250","320"
"2020-10-21","-0.4","69300","69300","1260","55","1260","55"
"2020-10-20","-0.39","139150","139150","1265","110","1265","110"
"2020-10-19","0.79","1649180","1649180","1270","1315","1270","1315"
"2020-10-16","0.8","520660","520660","1260","414","1260","414"
"2020-10-15","5.49","171150","171150","1250","135","1250","135"
"2020-10-14","-5.2","1204400","1204400","1185","1006","1185","1006"
"2020-10-13","-0.4","880420","880420","1250","702","1250","702"
"2020-10-12","-0.4","3765","3765","1255","3","1255","3"
"2020-10-09","0","145730","145730","1260","122","1260","122"
"2020-10-08","0","2520","2520","1260","2","1260","2"
"2020-10-07","0","1260","1260","1260","1","1260","1"
"2020-10-06","0","1485115","1485115","1260","1181","1260","1181"
"2020-10-05","0","516300","516300","1260","405","1260","405"
"2020-10-02","6.33","54690","54690","1260","44","1260","44"
"2020-10-01","0","10957575","10957575","1185","9245","1185","9245"
"2020-09-30","-5.2","328245","328245","1185","277","1185","277"
"2020-09-29","5.49","272500","272500","1250","218","1250","218"
"2020-09-25","-4.44","782230","782230","1185","649","1185","649"
"2020-09-24","-0.4","104945","104945","1240","86","1240","86"
"2020-09-23","-0.4","18675","18675","1245","15","1245","15"
"2020-09-22","0","106375","106375","1250","85","1250","85"
"2020-09-21","-2.34","534480","534480","1250","426","1250","426"
"2020-09-17","0","3346770","3346770","1280","2776","1280","2776"
"2020-09-16","0","801740","801740","1280","628","1280","628"
"2020-09-15","-0.39","473600","473600","1280","370","1280","370"
"2020-09-14","0.39","2273165","2273165","1285","1769","1285","1769"
"2020-09-11","0","2068425","2068425","1280","1620","1280","1620"
"2020-09-10","0","25600","25600","1280","20","1280","20"
"2020-09-09","2.4","77810","77810","1280","61","1280","61"
"2020-09-08","4.17","1201250","1201250","1250","1001","1250","1001"
"2020-09-07","-6.25","3783280","3783280","1200","2984","1200","2984"
"2020-09-04","6.67","6400","6400","1280","5","1280","5"
"2020-09-03","-6.25","2892000","2892000","1200","2410","1200","2410"
"2020-09-02","-7.25","108800","108800","1280","85","1280","85"
"2020-09-01","2.99","345880","345880","1380","276","1380","276"
"2020-08-31","7.2","4770830","4770830","1340","3820","1340","3820"
"2020-08-28","-6.72","3498750","3498750","1250","2799","1250","2799"
"2020-08-27","-3.25","832650","832650","1340","621","1340","621"
"2020-08-26","7.36","1859465","1859465","1385","1351","1385","1351"
"2020-08-25","0","299280","299280","1290","232","1290","232"
"2020-08-24","7.5","4809690","4809690","1290","4008","1290","4008"
"2020-08-21","-2.04","25267000","25267000","1200","21055","1200","21055"
"2020-08-20","0","355250","355250","1225","290","1225","290"
"2020-08-19","1.24","579500","579500","1225","470","1225","470"
"2020-08-18","-3.59","6550000","6550000","1210","5308","1210","5308"
"2020-08-17","-6.34","64395","64395","1255","48","1255","48"
"2020-08-14","7.2","130775","130775","1340","104","1340","104"
"2020-08-13","0","1470000","1470000","1250","1180","1250","1180"
"2020-08-12","0.81","2237175","2237175","1250","1770","1250","1770"
"2020-08-11","-0.8","462800","462800","1240","372","1240","372"
"2020-08-10","-2.34","6250","6250","1250","5","1250","5"
"2020-08-06","6.22","44800","44800","1280","35","1280","35"
"2020-08-05","-5.49","5079360","5079360","1205","4062","1205","4062"
"2020-08-04","-1.92","120850","120850","1275","94","1275","94"
"2020-08-03","0","327600","327600","1300","252","1300","252"
"2020-07-30","0","1560000","1560000","1300","1200","1300","1200"
"2020-07-29","0","1748495","1748495","1300","1345","1300","1345"
"2020-07-28","0","1554800","1554800","1300","1196","1300","1196"
"2020-07-27","0","10736750","10736750","1300","8259","1300","8259"
"2020-07-24","0","326250","326250","1300","251","1300","251"
"2020-07-23","-2.26","981500","981500","1300","755","1300","755"
"2020-07-22","-1.12","485450","485450","1330","365","1330","365"
"2020-07-21","0","403500","403500","1345","300","1345","300"
"2020-07-20","-0.37","373180","373180","1345","277","1345","277"
"2020-07-17","-2.17","2731275","2731275","1350","2016","1350","2016"
"2020-07-16","0","645840","645840","1380","468","1380","468"
"2020-07-15","0","2006520","2006520","1380","1454","1380","1454"
"2020-07-13","-1.08","7986035","7986035","1380","6067","1380","6067"
"2020-07-10","7.31","979185","979185","1395","753","1395","753"
"2020-07-09","-1.14","1355850","1355850","1300","1036","1300","1036"
"2020-07-08","0.38","385830","385830","1315","281","1315","281"
"2020-07-07","-5.07","12070","12070","1310","9","1310","9"
"2020-07-06","0","609960","609960","1380","442","1380","442"
"2020-07-03","0","197340","197340","1380","143","1380","143"
"2020-07-02","-1.43","2220300","2220300","1380","1587","1380","1587"
"2020-07-01","6.06","105000","105000","1400","75","1400","75"
"2020-06-30","0","4871820","4871820","1320","3560","1320","3560"
"2020-06-29","-5.38","3859060","3859060","1320","2923","1320","2923"
"2020-06-26","-0.36","44785","44785","1395","32","1395","32"
"2020-06-25","0","202750","202750","1400","145","1400","145"
"2020-06-24","0","43400","43400","1400","31","1400","31"
"2020-06-23","0","91000","91000","1400","65","1400","65"
"2020-06-22","0","70000","70000","1400","50","1400","50"
"2020-06-19","0.72","727950","727950","1400","520","1400","520"
"2020-06-18","-0.36","3214100","3214100","1390","2300","1390","2300"
"2020-06-17","0.36","7021535","7021535","1395","5036","1395","5036"
"2020-06-16","0","159820","159820","1390","118","1390","118"
"2020-06-15","0","132830","132830","1390","97","1390","97"
"2020-06-12","1.83","710015","710015","1390","511","1390","511"
"2020-06-11","0.37","410590","410590","1365","296","1365","296"
"2020-06-09","-1.81","814155","814155","1360","588","1360","588"
"2020-06-08","6.54","48475","48475","1385","35","1385","35"
"2020-06-05","0","163950","163950","1300","126","1300","126"
"2020-06-04","-6.81","596775","596775","1300","458","1300","458"
"2020-06-03","-0.36","1711925","1711925","1395","1225","1395","1225"
"2020-06-02","0","483500","483500","1400","345","1400","345"
"2020-05-29","2.94","9800","9800","1400","7","1400","7"
"2020-05-28","-0.73","135570","135570","1360","99","1360","99"
"2020-05-27","0","7083030","7083030","1370","5191","1370","5191"
"2020-05-26","0","369010","369010","1370","273","1370","273"
"2020-05-25","-1.08","164900","164900","1370","120","1370","120"
"2020-05-22","-0.36","2563540","2563540","1385","1952","1385","1952"
"2020-05-19","1.46","80420","80420","1390","58","1390","58"
"2020-05-18","0","290440","290440","1370","212","1370","212"
"2020-05-15","-1.44","556310","556310","1370","403","1370","403"
"2020-05-14","-7.33","2425850","2425850","1390","1745","1390","1745"
"2020-05-13","-4.46","1322640","1322640","1500","909","1500","909"
"2020-05-12","-7.37","2435070","2435070","1570","1551","1570","1551"
"2020-05-11","0","144075","144075","1695","85","1695","85"
"2020-05-08","-0.29","356950","356950","1695","210","1695","210"
"2020-05-07","2.1","4596595","4596595","1700","2729","1700","2729"
"2020-05-06","-0.3","1763455","1763455","1665","1062","1665","1062"
"2020-05-05","0","2369775","2369775","1670","1420","1670","1420"
"2020-05-04","0","667600","667600","1670","400","1670","400"
"2020-04-30","0","567800","567800","1670","340","1670","340"
"2020-04-29","0","121910","121910","1670","73","1670","73"
"2020-04-28","4.38","1838670","1838670","1670","1101","1670","1101"
"2020-04-27","7.02","48000","48000","1600","30","1600","30"
"2020-04-24","7.17","162955","162955","1495","109","1495","109"
"2020-04-23","7.31","1694155","1694155","1395","1301","1395","1301"
"2020-04-20","0","2525900","2525900","1300","1943","1300","1943"
"2020-04-17","-3.7","1389310","1389310","1300","1094","1300","1094"
"2020-04-16","-1.82","3539960","3539960","1350","2616","1350","2616"
"2020-04-15","-1.79","11397385","11397385","1375","8253","1375","8253"
"2020-04-14","0","1175900","1175900","1400","840","1400","840"
"2020-04-10","0.72","14000","14000","1400","10","1400","10"
"2020-04-09","2.58","708600","708600","1390","509","1390","509"
"2020-04-08","-3.21","1670850","1670850","1355","1200","1355","1200"
"2020-04-07","0","408800","408800","1400","292","1400","292"
"2020-04-06","0","394750","394750","1400","285","1400","285"
"2020-04-03","0","378000","378000","1400","270","1400","270"
"2020-04-02","-0.71","438300","438300","1400","313","1400","313"
"2020-04-01","0","7050","7050","1410","5","1410","5"
"2020-03-31","0.71","1603080","1603080","1410","1146","1410","1146"
"2020-03-30","-3.45","1275075","1275075","1400","910","1400","910"
"2020-03-27","3.57","2813200","2813200","1450","1940","1450","1940"
"2020-03-26","0.72","2990635","2990635","1400","2139","1400","2139"
"2020-03-25","-6.08","2370380","2370380","1390","1700","1390","1700"
"2020-03-24","-7.21","752825","752825","1480","506","1480","506"
"2020-03-23","-1.85","525285","525285","1595","333","1595","333"
"2020-03-20","-1.52","588500","588500","1625","360","1625","360"
"2020-03-19","-7.3","1918950","1918950","1650","1163","1650","1163"
"2020-03-18","-2.2","182480","182480","1780","102","1780","102"
"2020-03-17","-2.15","109475","109475","1820","60","1820","60"
"2020-03-16","-1.59","33480","33480","1860","18","1860","18"
"2020-03-13","-0.53","2075060","2075060","1890","1094","1890","1094"
"2020-03-12","0.26","3917795","3917795","1900","2063","1900","2063"
"2020-03-11","0","378500","378500","1895","200","1895","200"
"2020-03-10","0","547655","547655","1895","289","1895","289"
"2020-03-09","-0.26","379140","379140","1895","200","1895","200"
"2020-03-06","0","285000","285000","1900","150","1900","150"
"2020-03-05","0","9247300","9247300","1900","4867","1900","4867"
"2020-03-04","0","57403050","57403050","1900","30210","1900","30210"
"2020-03-03","-0.52","4759905","4759905","1900","2502","1900","2502"
"2020-03-02","-0.52","12049700","12049700","1910","6310","1910","6310"
"2020-02-28","-1.54","40656880","40656880","1920","21139","1920","21139"
"2020-02-27","1.04","9845630","9845630","1950","5087","1950","5087"
"2020-02-26","0.78","2101690","2101690","1930","1092","1930","1092"
"2020-02-25","0","2695085","2695085","1915","1405","1915","1405"
"2020-02-24","-0.78","4098130","4098130","1915","2139","1915","2139"
"2020-02-21","0.78","1174545","1174545","1930","609","1930","609"
"2020-02-20","-0.52","10823580","10823580","1915","5652","1915","5652"
"2020-02-19","0.52","2726350","2726350","1925","1420","1925","1420"
"2020-02-18","0.52","16765990","16765990","1915","8643","1915","8643"
"2020-02-17","0.26","15953360","15953360","1905","8382","1905","8382"
"2020-02-14","0","4525575","4525575","1900","2511","1900","2511"
"2020-02-13","-2.31","5252050","5252050","1900","2762","1900","2762"
"2020-02-12","2.37","349990","349990","1945","182","1945","182"
"2020-02-11","0","27510850","27510850","1900","14468","1900","14468"
"2020-02-10","0","1361500","1361500","1900","721","1900","721"
"2020-02-07","-2.56","13585000","13585000","1900","7150","1900","7150"
"2020-02-06","-0.26","2412100","2412100","1950","1238","1950","1238"
"2020-02-05","0.26","5865000","5865000","1955","3000","1955","3000"
"2020-02-04","1.83","3192850","3192850","1950","1633","1950","1633"
"2020-02-03","0.79","3073800","3073800","1915","1617","1915","1617"
"2020-01-31","0","16631645","16631645","1900","8773","1900","8773"
"2020-01-30","-0.52","46498280","46498280","1900","24471","1900","24471"
"2020-01-29","0.53","3195185","3195185","1910","1677","1910","1677"
"2020-01-28","1.33","30803240","30803240","1900","16248","1900","16248"
"2020-01-27","4.17","10466550","10466550","1875","5629","1875","5629"
"2020-01-24","0","1898300","1898300","1800","1056","1800","1056"
"2020-01-23","5.88","9288200","9288200","1800","5170","1800","5170"
"2020-01-22","2.72","5935140","5935140","1700","3492","1700","3492"
"2020-01-21","1.85","1310470","1310470","1655","796","1655","796"
"2020-01-20","-1.52","863650","863650","1625","525","1625","525"
"2020-01-17","2.48","1492050","1492050","1650","905","1650","905"
"2020-01-16","1.58","9696475","9696475","1610","6060","1610","6060"
"2020-01-15","5.67","25216600","25216600","1585","16019","1585","16019"
"2020-01-14","0.33","1047160","1047160","1500","670","1500","670"
"2020-01-13","-0.33","1781150","1781150","1495","1188","1495","1188"
"2020-01-10","0.33","1410525","1410525","1500","945","1500","945"
"2020-01-09","3.46","2961175","2961175","1495","1981","1495","1981"
"2020-01-08","0","133110","133110","1445","90","1445","90"
"2020-01-07","-3.34","563140","563140","1445","392","1445","392"
"2020-01-06","-0.33","1649500","1649500","1495","1104","1495","1104"
"2020-01-03","0","3208500","3208500","1500","2139","1500","2139"
"2020-01-02","0","717000","717000","1500","478","1500","478"
"2019-12-31","0.33","11904500","11904500","1500","8503","1500","8503"
"2019-12-30","2.4","7321560","7321560","1495","4900","1495","4900"
"2019-12-27","-2.67","595325","595325","1460","399","1460","399"
"2019-12-26","0","3414450","3414450","1500","2284","1500","2284"
"2019-12-24","0","1315500","1315500","1500","877","1500","877"
"2019-12-23","0.67","250460","250460","1500","167","1500","167"
"2019-12-20","-5.7","3173850","3173850","1490","2126","1490","2126"
"2019-12-19","-0.32","579490","579490","1580","367","1580","367"
"2019-12-18","0.63","756420","756420","1585","482","1585","482"
"2019-12-17","5","33075","33075","1575","21","1575","21"
"2019-12-16","-5.06","399000","399000","1500","266","1500","266"
"2019-12-13","-1.86","2695385","2695385","1580","1782","1580","1782"
"2019-12-12","0.94","2564680","2564680","1610","1620","1610","1620"
"2019-12-11","-0.31","231560","231560","1595","145","1595","145"
"2019-12-10","-0.31","304975","304975","1600","191","1600","191"
"2019-12-09","-0.31","621250","621250","1605","388","1605","388"
"2019-12-06","7.33","492940","492940","1610","310","1610","310"
"2019-12-05","6.38","337800","337800","1500","230","1500","230"
"2019-12-04","1.44","5152340","5152340","1410","3698","1410","3698"
"2019-12-03","0","347500","347500","1390","250","1390","250"
"2019-12-02","0","2373870","2373870","1390","1708","1390","1708"
"2019-11-29","0","2250410","2250410","1390","1619","1390","1619"
"2019-11-28","0.36","547275","547275","1390","395","1390","395"
"2019-11-27","-0.36","656575","656575","1385","475","1385","475"
"2019-11-26","0","90275","90275","1390","65","1390","65"
"2019-11-25","0","1531260","1531260","1390","1102","1390","1102"
"2019-11-22","0","986900","986900","1390","710","1390","710"
"2019-11-21","2.96","1702695","1702695","1390","1231","1390","1231"
"2019-11-20","3.85","134350","134350","1350","101","1350","101"
"2019-11-19","0","5245500","5245500","1300","4035","1300","4035"
"2019-11-18","-4.06","5340970","5340970","1300","4035","1300","4035"
"2019-11-14","-1.09","428280","428280","1355","316","1355","316"
"2019-11-13","-0.72","2442710","2442710","1370","1783","1370","1783"
"2019-11-12","-0.72","1305985","1305985","1380","940","1380","940"
"2019-11-11","0","190430","190430","1390","137","1390","137"
"2019-11-08","0","501790","501790","1390","361","1390","361"
"2019-11-07","2.58","76450","76450","1390","55","1390","55"
"2019-11-06","-2.52","1661565","1661565","1355","1197","1355","1197"
"2019-11-05","0","1345335","1345335","1390","970","1390","970"
"2019-11-04","-4.14","25381260","25381260","1390","18212","1390","18212"
"2019-10-31","3.57","191700","191700","1450","138","1450","138"
"2019-10-30","0.36","1980675","1980675","1400","1415","1400","1415"
"2019-10-29","-0.36","281405","281405","1395","202","1395","202"
"2019-10-28","0","448000","448000","1400","320","1400","320"
"2019-10-25","1.45","2781900","2781900","1400","2001","1400","2001"
"2019-10-24","-1.43","23230160","23230160","1380","16603","1380","16603"
"2019-10-23","3.32","140000","140000","1400","100","1400","100"
"2019-10-22","0","241650","241650","1355","175","1355","175"
"2019-10-21","-3.21","897390","897390","1355","646","1355","646"
"2019-10-18","0","2479650","2479650","1400","1778","1400","1778"
"2019-10-17","-6.67","4803065","4803065","1400","3371","1400","3371"
"2019-10-16","3.45","1355140","1355140","1500","906","1500","906"
"2019-10-15","3.57","251200","251200","1450","178","1450","178"
"2019-10-14","0","999500","999500","1400","695","1400","695"
"2019-10-11","-6.04","168000","168000","1400","120","1400","120"
"2019-10-09","7.19","261420","261420","1490","188","1490","188"
"2019-10-08","0","351670","351670","1390","253","1390","253"
"2019-10-07","-4.14","3370800","3370800","1390","2491","1390","2491"
"2019-10-04","-3.01","88450","88450","1450","61","1450","61"
"2019-10-03","6.79","93912675","93912675","1495","62986","1495","62986"
"2019-10-02","-6.67","68800","68800","1400","48","1400","48"
"2019-10-01","7.14","57500","57500","1500","41","1500","41"
"2019-09-30","-1.75","546000","546000","1400","390","1400","390"
"2019-09-27","7.14","1023150","1023150","1425","718","1425","718"
"2019-09-26","-1.48","876450","876450","1330","660","1330","660"
"2019-09-25","-2.17","202790","202790","1350","148","1350","148"
"2019-09-24","-0.72","1918200","1918200","1380","1390","1380","1390"
"2019-09-23","-7.33","1907255","1907255","1390","1370","1390","1370"
"2019-09-20","0","57000","57000","1500","38","1500","38"
"2019-09-19","0","3540000","3540000","1500","2370","1500","2370"
"2019-09-18","-0.66","6068760","6068760","1500","4220","1500","4220"
"2019-09-17","0.67","45300","45300","1510","30","1510","30"
"2019-09-16","0","14015770","14015770","1500","9908","1500","9908"
"2019-09-13","0","900000","900000","1500","600","1500","600"
"2019-09-12","-0.66","3731320","3731320","1500","2494","1500","2494"
"2019-09-11","0.67","501225","501225","1510","334","1510","334"
"2019-09-10","0","530030","530030","1500","353","1500","353"
"2019-09-09","0","2220200","2220200","1500","1480","1500","1480"
"2019-09-06","0","105000","105000","1500","70","1500","70"
"2019-09-05","0.33","2424605","2424605","1500","1618","1500","1618"
"2019-09-04","0","321845","321845","1495","216","1495","216"
"2019-09-03","0","814945","814945","1495","561","1495","561"
"2019-09-02","-0.33","8995","8995","1495","6","1495","6"
"2019-08-30","-3.23","75000","75000","1500","50","1500","50"
"2019-08-29","3.33","8441875","8441875","1550","5760","1550","5760"
"2019-08-28","0","1126550","1126550","1500","750","1500","750"
"2019-08-27","3.45","2378750","2378750","1500","1586","1500","1586"
"2019-08-26","-2.68","5073540","5073540","1450","3406","1450","3406"
"2019-08-23","3.11","8272845","8272845","1490","5561","1490","5561"
"2019-08-22","-0.34","512220","512220","1445","354","1445","354"
"2019-08-21","0.35","645945","645945","1450","447","1450","447"
"2019-08-20","0","1067915","1067915","1445","739","1445","739"
"2019-08-19","0","144180","144180","1445","99","1445","99"
"2019-08-16","-3.67","867240","867240","1445","586","1445","586"
"2019-08-14","-6.25","240000","240000","1500","160","1500","160"
"2019-08-13","3.23","682200","682200","1600","453","1600","453"
"2019-08-09","7.27","5312100","5312100","1550","3601","1550","3601"
"2019-08-08","0","1523100","1523100","1445","1059","1445","1059"
"2019-08-06","-0.34","141445","141445","1445","101","1445","101"
"2019-08-05","0.35","1949800","1949800","1450","1365","1450","1365"
"2019-08-02","0","378120","378120","1445","262","1445","262"
"2019-08-01","0","770210","770210","1445","536","1445","536"
"2019-07-31","-0.34","822550","822550","1445","565","1445","565"
"2019-07-30","-2.36","109940","109940","1450","77","1450","77"
"2019-07-29","-0.34","14325","14325","1485","10","1485","10"
"2019-07-26","0","420400","420400","1490","292","1490","292"
"2019-07-25","6.43","4997750","4997750","1490","3388","1490","3388"
"2019-07-24","-3.45","310800","310800","1400","222","1400","222"
"2019-07-23","-0.34","47890","47890","1450","33","1450","33"
"2019-07-22","7.38","351270","351270","1455","248","1455","248"
"2019-07-19","6.27","8889755","8889755","1355","6950","1355","6950"
"2019-07-18","-1.92","2805625","2805625","1275","2194","1275","2194"
"2019-07-17","1.56","1814530","1814530","1300","1413","1300","1413"
"2019-07-16","1.19","407660","407660","1280","317","1280","317"
"2019-07-15","-4.53","4254900","4254900","1265","3281","1265","3281"
"2019-07-12","0","790075","790075","1325","618","1325","618"
"2019-07-11","-1.85","1408745","1408745","1325","1075","1325","1075"
"2019-07-10","0","112050","112050","1350","83","1350","83"
"2019-07-09","0","2663550","2663550","1350","1973","1350","1973"
"2019-07-08","0","606850","606850","1350","464","1350","464"
"2019-07-05","3.85","9286525","9286525","1350","6985","1350","6985"
"2019-07-04","-7.14","2396600","2396600","1300","1722","1300","1722"
"2019-07-03","0","3026010","3026010","1400","2126","1400","2126"
"2019-07-02","-4.76","3142650","3142650","1400","2244","1400","2244"
"2019-07-01","5","110050","110050","1470","75","1470","75"
"2019-06-28","-6.35","6903540","6903540","1400","4772","1400","4772"
"2019-06-27","1.36","332390","332390","1495","222","1495","222"
"2019-06-26","0.34","1101860","1101860","1475","747","1475","747"
"2019-06-25","-2","742480","742480","1470","501","1470","501"
"2019-06-24","-4.46","5568515","5568515","1500","3681","1500","3681"
"2019-06-21","-0.95","778630","778630","1570","494","1570","494"
"2019-06-20","-1.55","266825","266825","1585","167","1585","167"
"2019-06-19","0.63","8789475","8789475","1610","5336","1610","5336"
"2019-06-18","-0.62","1117300","1117300","1600","697","1600","697"
"2019-06-17","-4.17","148890","148890","1610","91","1610","91"
"2019-06-14","0","184625","184625","1680","110","1680","110"
"2019-06-13","-4.55","1340840","1340840","1680","794","1680","794"
"2019-06-12","0","1487230","1487230","1760","854","1760","854"
"2019-06-11","3.83","151265","151265","1760","87","1760","87"
"2019-06-07","0","42350","42350","1695","25","1695","25"
"2019-06-06","0.89","1363650","1363650","1695","812","1695","812"
"2019-06-05","1.82","3385390","3385390","1680","2046","1680","2046"
"2019-06-03","-10.81","802540","802540","1650","482","1650","482"
"2019-05-31","0","5108650","5108650","1850","2760","1850","2760"
"2019-05-29","-0.54","28721225","28721225","1850","15522","1850","15522"
"2019-05-28","3.33","371940","371940","1860","206","1860","206"
"2019-05-27","-4.76","2842615","2842615","1800","1561","1800","1561"
"2019-05-24","0.8","1662835","1662835","1890","879","1890","879"
"2019-05-23","-1.32","9307455","9307455","1875","5030","1875","5030"
"2019-05-22","0","343920","343920","1900","181","1900","181"
"2019-05-21","2.7","5215980","5215980","1900","2794","1900","2794"
"2019-05-20","2.78","4300870","4300870","1850","2388","1850","2388"
"2019-05-17","0","26538010","26538010","1800","15221","1800","15221"
"2019-05-16","4.35","46884465","46884465","1800","27085","1800","27085"
"2019-05-15","0","646075","646075","1725","376","1725","376"
"2019-05-14","0","4794420","4794420","1725","2788","1725","2788"
"2019-05-13","-0.29","1784135","1784135","1725","1034","1725","1034"
"2019-05-10","0","12110575","12110575","1730","6979","1730","6979"
"2019-05-09","-0.57","13851710","13851710","1730","8006","1730","8006"
"2019-05-08","1.16","974155","974155","1740","562","1740","562"
"2019-05-07","-2.82","3910100","3910100","1720","2240","1720","2240"
"2019-05-06","-0.56","6615010","6615010","1770","3759","1770","3759"
"2019-05-03","0","5483580","5483580","1780","3080","1780","3080"
"2019-05-02","-2.47","11797830","11797830","1780","6876","1780","6876"
"2019-04-30","2.53","1308785","1308785","1825","743","1825","743"
"2019-04-29","-2.73","8101020","8101020","1780","4648","1780","4648"
"2019-04-26","1.67","19198275","19198275","1830","10533","1830","10533"
"2019-04-25","0","12580950","12580950","1800","7167","1800","7167"
"2019-04-24","4.35","13080175","13080175","1800","7563","1800","7563"
"2019-04-23","-0.58","16649500","16649500","1725","9616","1725","9616"
"2019-04-19","0","328035","328035","1735","201","1735","201"
"2019-04-18","2.06","3317085","3317085","1735","1911","1735","1911"
"2019-04-17","-0.29","2227000","2227000","1700","1310","1700","1310"
"2019-04-16","0","1812795","1812795","1705","1050","1705","1050"
"2019-04-15","0.29","2165205","2165205","1705","1266","1705","1266"
"2019-04-12","-2.86","1526360","1526360","1700","877","1700","877"
"2019-04-11","0","43750","43750","1750","25","1750","25"
"2019-04-10","2.34","772320","772320","1750","457","1750","457"
"2019-04-09","-5","3774950","3774950","1710","2173","1710","2173"
"2019-04-08","-4.51","2235415","2235415","1800","1241","1800","1241"
"2019-04-05","0","264815","264815","1885","145","1885","145"
"2019-04-04","4.43","603200","603200","1885","320","1885","320"
"2019-04-03","-2.43","3859050","3859050","1805","2133","1805","2133"
"2019-04-02","0","453150","453150","1850","248","1850","248"
"2019-04-01","0","222000","222000","1850","120","1850","120"
"2019-03-29","-2.37","2710350","2710350","1850","1433","1850","1433"
"2019-03-28","2.43","6993450","6993450","1895","3780","1895","3780"
"2019-03-27","0","177600","177600","1850","96","1850","96"
"2019-03-26","0","212750","212750","1850","115","1850","115"
"2019-03-25","0","18154500","18154500","1850","10370","1850","10370"
"2019-03-22","-2.37","74000","74000","1850","40","1850","40"
"2019-03-21","2.43","1889300","1889300","1895","1021","1895","1021"
"2019-03-20","0","1141000","1141000","1850","617","1850","617"
"2019-03-19","0","21220140","21220140","1850","12002","1850","12002"
"2019-03-18","0","3007730","3007730","1850","1696","1850","1696"
"2019-03-15","-2.37","155400","155400","1850","84","1850","84"
"2019-03-14","5.28","34033795","34033795","1895","20122","1895","20122"
"2019-03-13","0","5418000","5418000","1800","3010","1800","3010"
"2019-03-12","-0.28","5852050","5852050","1800","3321","1800","3321"
"2019-03-11","-1.9","1167320","1167320","1805","646","1805","646"
"2019-03-08","2.22","7532360","7532360","1840","4180","1840","4180"
"2019-03-07","1.41","2977745","2977745","1800","1698","1800","1698"
"2019-03-06","-1.39","1545525","1545525","1775","890","1775","890"
"2019-03-05","-4.51","9049835","9049835","1800","4880","1800","4880"
"2019-03-04","0.53","3332575","3332575","1885","1769","1885","1769"
"2019-03-01","-0.53","1222350","1222350","1875","650","1875","650"
"2019-02-28","-0.79","8195040","8195040","1885","4642","1885","4642"
"2019-02-27","-2.56","323000","323000","1900","170","1900","170"
"2019-02-26","2.63","4938300","4938300","1950","2790","1950","2790"
"2019-02-25","4.11","5065545","5065545","1900","2674","1900","2674"
"2019-02-22","6.41","9978475","9978475","1825","6179","1825","6179"
"2019-02-21","-7.3","10625445","10625445","1715","5857","1715","5857"
"2019-02-20","0","3411900","3411900","1850","1940","1850","1940"
"2019-02-19","5.71","17299135","17299135","1850","10469","1850","10469"
"2019-02-18","-5.15","11702850","11702850","1750","6683","1750","6683"
"2019-02-15","-0.81","8118915","8118915","1845","4397","1845","4397"
"2019-02-14","-1.59","4952250","4952250","1860","2680","1860","2680"
"2019-02-13","1.61","3571270","3571270","1890","1910","1890","1910"
"2019-02-12","0.81","3225445","3225445","1860","1778","1860","1778"
"2019-02-11","-0.81","152210","152210","1845","82","1845","82"
"2019-02-08","0","204575","204575","1860","110","1860","110"
"2019-02-07","0","5009570","5009570","1860","2707","1860","2707"
"2019-02-06","0","7101840","7101840","1860","3819","1860","3819"
"2019-02-05","-0.27","6366655","6366655","1860","3434","1860","3434"
"2019-02-04","-1.84","11093300","11093300","1865","6185","1865","6185"
"2019-02-01","-4.52","7040400","7040400","1900","3705","1900","3705"
"2019-01-31","0","4418320","4418320","1990","2368","1990","2368"
"2019-01-30","0","1050200","1050200","1990","528","1990","528"
"2019-01-29","-0.25","323295","323295","1990","164","1990","164"
"2019-01-28","-0.25","379860","379860","1995","191","1995","191"
"2019-01-25","0.5","4053950","4053950","2000","2030","2000","2030"
"2019-01-24","0","4099800","4099800","1990","2050","1990","2050"
"2019-01-23","-0.5","587750","587750","1990","295","1990","295"
"2019-01-22","0","6690600","6690600","2000","3346","2000","3346"
"2019-01-21","0.5","1458770","1458770","2000","733","2000","733"
"2019-01-18","0","5054600","5054600","1990","2540","1990","2540"
"2019-01-17","-0.25","5259170","5259170","1990","2765","1990","2765"
"2019-01-16","-5.9","17697000","17697000","1995","8861","1995","8861"
"2019-01-15","-7.42","10600000","10600000","2120","5000","2120","5000"
"2019-01-14","6.51","4580","4580","2290","2","2290","2"
"2019-01-11","7.5","8094215","8094215","2150","4047","2150","4047"
"2019-01-10","5.82","10635800","10635800","2000","5319","2000","5319"
"2019-01-09","1.89","3604250","3604250","1890","1950","1890","1950"
"2019-01-08","-7.25","846315","846315","1855","436","1855","436"
"2019-01-07","0","3007500","3007500","2000","1515","2000","1515"
"2019-01-04","0.76","239340","239340","2000","120","2000","120"
"2019-01-03","-0.25","4515875","4515875","1985","2275","1985","2275"
"2019-01-02","-0.5","605600","605600","1990","304","1990","304"
"2018-12-31","0","19034515","19034515","2000","9907","2000","9907"
"2018-12-28","0","4923460","4923460","2000","2476","2000","2476"
"2018-12-27","0.5","4924930","4924930","2000","2505","2000","2505"
"2018-12-26","-0.5","1892185","1892185","1990","948","1990","948"
"2018-12-24","0","20000","20000","2000","10","2000","10"
"2018-12-21","0","453730","453730","2000","228","2000","228"
"2018-12-20","0.25","19955","19955","2000","10","2000","10"
"2018-12-19","0","3654230","3654230","1995","1835","1995","1835"
"2018-12-18","-0.25","177455","177455","1995","89","1995","89"
"2018-12-17","0","1208880","1208880","2000","605","2000","605"
"2018-12-14","0","1212000","1212000","2000","621","2000","621"
"2018-12-13","0","659200","659200","2000","332","2000","332"
"2018-12-12","0","161940","161940","2000","82","2000","82"
"2018-12-11","3.09","5327700","5327700","2000","2816","2000","2816"
"2018-12-07","7.48","2004710","2004710","1940","1113","1940","1113"
"2018-12-06","-7.44","7106170","7106170","1805","3883","1805","3883"
"2018-12-05","0","8956950","8956950","1950","4683","1950","4683"
"2018-12-04","0","101400","101400","1950","52","1950","52"
"2018-12-03","-0.51","82755","82755","1950","43","1950","43"
"2018-11-30","-1.01","867110","867110","1960","451","1960","451"
"2018-11-29","0","169450","169450","1980","87","1980","87"
"2018-11-28","-0.5","819770","819770","1980","416","1980","416"
"2018-11-27","-0.25","326400","326400","1990","165","1990","165"
"2018-11-26","-5","190440","190440","1995","93","1995","93"
"2018-11-23","-7.49","4872730","4872730","2100","2211","2100","2211"
"2018-11-22","-1.09","113500","113500","2270","50","2270","50"
"2018-11-19","-1.92","36720","36720","2295","16","2295","16"
"2018-11-16","-0.21","157055","157055","2340","67","2340","67"
"2018-11-14","0","152425","152425","2345","65","2345","65"
"2018-11-13","-0.64","587400","587400","2345","255","2345","255"
"2018-11-12","-0.84","99460","99460","2360","42","2360","42"
"2018-11-09","3.48","109480","109480","2380","46","2380","46"
"2018-11-08","-5.74","211000","211000","2300","90","2300","90"
"2018-11-07","0.21","56120","56120","2440","23","2440","23"
"2018-11-06","1.46","2435000","2435000","2435","1000","2435","1000"
"2018-11-05","-1.84","388650","388650","2400","161","2400","161"
"2018-11-02","0.2","6464350","6464350","2445","2672","2445","2672"
"2018-10-30","3.83","2560500","2560500","2440","1087","2440","1087"
"2018-10-29","0","477050","477050","2350","203","2350","203"
"2018-10-26","-4.86","923200","923200","2350","388","2350","388"
"2018-10-25","0","846765","846765","2470","343","2470","343"
"2018-10-24","-0.2","3022415","3022415","2470","1221","2470","1221"
"2018-10-23","-0.4","352775","352775","2475","142","2475","142"
"2018-10-22","0","49700","49700","2485","20","2485","20"
"2018-10-19","0","4970","4970","2485","2","2485","2"
"2018-10-18","-0.6","209750","209750","2485","85","2485","85"
"2018-10-17","-3.85","2235090","2235090","2500","894","2500","894"
"2018-10-16","-1.89","93700","93700","2600","36","2600","36"
"2018-10-15","-0.19","291500","291500","2650","110","2650","110"
"2018-10-12","-7.33","3186755","3186755","2655","1191","2655","1191"
"2018-10-11","-0.87","1328840","1328840","2865","464","2865","464"
"2018-10-10","-3.18","767130","767130","2890","263","2890","263"
"2018-10-09","6.61","2495170","2495170","2985","891","2985","891"
"2018-10-08","-6.67","608600","608600","2800","210","2800","210"
"2018-10-05","-1.48","1587465","1587465","3000","528","3000","528"
"2018-10-04","-0.16","1530450","1530450","3045","510","3045","510"
"2018-10-03","1.67","1702630","1702630","3050","566","3050","566"
"2018-10-02","-3.23","6683415","6683415","3000","2158","3000","2158"
"2018-10-01","0.16","16049305","16049305","3100","5177","3100","5177"
"2018-09-28","-0.16","244505","244505","3095","79","3095","79"
"2018-09-27","3.33","3693500","3693500","3100","1231","3100","1231"
"2018-09-26","3.81","10269260","10269260","3000","3541","3000","3541"
"2018-09-25","-0.34","205050","205050","2890","74","2890","74"
"2018-09-24","0","991780","991780","2900","360","2900","360"
"2018-09-20","0","567210","567210","2900","198","2900","198"
"2018-09-19","0.17","164585","164585","2900","57","2900","57"
"2018-09-18","3.39","9320970","9320970","2895","3330","2895","3330"
"2018-09-17","-3.45","2415305","2415305","2800","861","2800","861"
"2018-09-14","-1.02","432700","432700","2900","153","2900","153"
"2018-09-13","-5.48","401130","401130","2930","134","2930","134"
"2018-09-12","3.33","3584040","3584040","3100","1210","3100","1210"
"2018-09-11","0","167845","167845","3000","56","3000","56"
"2018-09-10","0","810000","810000","3000","270","3000","270"
"2018-09-07","-2.44","3275670","3275670","3000","1066","3000","1066"
"2018-09-05","2.5","1403055","1403055","3075","457","3075","457"
"2018-09-04","0","633000","633000","3000","211","3000","211"
"2018-09-03","-2.44","201365","201365","3000","68","3000","68"
"2018-08-31","-0.49","15375","15375","3075","5","3075","5"
"2018-08-30","3","4545180","4545180","3090","1515","3090","1515"
"2018-08-29","0.33","8446245","8446245","3000","2918","3000","2918"
"2018-08-28","-0.17","15789640","15789640","2990","5668","2990","5668"
"2018-08-27","-0.17","275675","275675","2995","92","2995","92"
"2018-08-24","0","2592905","2592905","3000","884","3000","884"
"2018-08-23","0","869750","869750","3000","290","3000","290"
"2018-08-22","-2.91","2408900","2408900","3000","803","3000","803"
"2018-08-20","-0.32","408700","408700","3090","132","3090","132"
"2018-08-17","0","520800","520800","3100","168","3100","168"
"2018-08-16","-6.06","2636575","2636575","3100","826","3100","826"
"2018-08-14","0.3","4030440","4030440","3300","1267","3300","1267"
"2018-08-13","1.23","4539405","4539405","3290","1483","3290","1483"
"2018-08-10","-1.37","4027360","4027360","3250","1320","3250","1320"
"2018-08-09","-1.64","5571190","5571190","3295","1797","3295","1797"
"2018-08-08","4.69","7561890","7561890","3350","2282","3350","2282"
"2018-08-03","0","32000","32000","3200","10","3200","10"
"2018-08-02","0","9293465","9293465","3200","3075","3200","3075"
"2018-08-01","-3.03","3454275","3454275","3200","1125","3200","1125"
"2018-07-31","6.62","27851855","27851855","3300","9552","3300","9552"
"2018-07-30","-4.62","861490","861490","3095","275","3095","275"
"2018-07-27","-3.13","16788590","16788590","3245","5413","3245","5413"
"2018-07-26","0","582405","582405","3350","179","3350","179"
"2018-07-25","3.08","5276650","5276650","3350","1635","3350","1635"
"2018-07-24","-1.52","909450","909450","3250","277","3250","277"
"2018-07-23","0","1924750","1924750","3300","600","3300","600"
"2018-07-20","-2.94","329700","329700","3300","99","3300","99"
"2018-07-19","-2.86","408000","408000","3400","120","3400","120"
"2018-07-18","0","2730750","2730750","3500","819","3500","819"
"2018-07-17","-4.11","542750","542750","3500","155","3500","155"
"2018-07-16","3.4","450600","450600","3650","124","3650","124"
"2018-07-13","7.46","1149665","1149665","3530","346","3530","346"
"2018-07-12","-6.14","240405","240405","3285","73","3285","73"
"2018-07-11","-2.78","10484795","10484795","3500","2992","3500","2992"
"2018-07-10","-1.37","823550","823550","3600","228","3600","228"
"2018-07-09","-2.67","133330","133330","3650","36","3650","36"
"2018-07-06","-1.32","1190450","1190450","3750","315","3750","315"
"2018-07-05","0","72200","72200","3800","19","3800","19"
"2018-07-04","0","1625650","1625650","3800","431","3800","431"
"2018-07-03","0","1364060","1364060","3800","359","3800","359"
"2018-07-02","-5","1278450","1278450","3800","335","3800","335"
"2018-06-29","0","28063000","28063000","4000","7026","4000","7026"
"2018-06-28","-2.2","859625","859625","4000","227","4000","227"
"2018-06-27","-0.24","677320","677320","4090","166","4090","166"
"2018-06-26","7.47","118900","118900","4100","29","4100","29"
"2018-06-25","7.46","1030130","1030130","3815","288","3815","288"
"2018-06-22","1.43","509850","509850","3550","152","3550","152"
"2018-06-21","-1.41","412500","412500","3500","120","3500","120"
"2018-06-20","1.43","2505110","2505110","3550","715","3550","715"
"2018-06-19","1.45","486770","486770","3500","141","3500","141"
"2018-06-18","-1.43","224250","224250","3450","65","3450","65"
"2018-06-15","0","42000","42000","3500","12","3500","12"
"2018-06-13","6.06","5846700","5846700","3500","1801","3500","1801"
"2018-06-12","0.3","2512430","2512430","3300","778","3300","778"
"2018-06-08","2.81","1029190","1029190","3290","322","3290","322"
"2018-06-07","0","8414625","8414625","3200","2628","3200","2628"
"2018-06-06","0","1240470","1240470","3200","394","3200","394"
"2018-06-05","2.56","3978720","3978720","3200","1277","3200","1277"
"2018-06-04","0.65","1582460","1582460","3120","508","3120","508"
"2018-06-01","-3.13","342000","342000","3100","110","3100","110"
"2018-05-31","6.67","4716535","4716535","3200","1571","3200","1571"
"2018-05-30","-6.83","23399760","23399760","3000","7798","3000","7798"
"2018-05-29","-2.28","86810","86810","3220","27","3220","27"
"2018-05-28","-0.15","2113295","2113295","3295","697","3295","697"
"2018-05-25","1.54","111398910","111398910","3300","34340","3300","34340"
"2018-05-24","0","135911730","135911730","3250","41876","3250","41876"
"2018-05-23","0.78","17574675","17574675","3250","5616","3250","5616"
"2018-05-22","7.5","52725790","52725790","3225","17585","3225","17585"
"2018-05-18","-3.23","2501070","2501070","3000","839","3000","839"
"2018-05-17","-3.13","1253080","1253080","3100","407","3100","407"
"2018-05-16","-7.25","171660","171660","3200","52","3200","52"
"2018-05-15","0","6760390","6760390","3450","2051","3450","2051"
"2018-05-14","-4.03","10705520","10705520","3450","3190","3450","3190"
"2018-05-11","-2.84","8459015","8459015","3595","2380","3595","2380"
"2018-05-09","0","8903100","8903100","3700","2469","3700","2469"
"2018-05-08","0","258910","258910","3700","70","3700","70"
"2018-05-07","0.14","6448445","6448445","3700","1829","3700","1829"
"2018-05-04","-2.51","6017185","6017185","3695","1713","3695","1713"
"2018-05-03","0","8701700","8701700","3790","2343","3790","2343"
"2018-05-02","-7.45","234980","234980","3790","62","3790","62"
"2018-04-30","5.13","16443100","16443100","4095","4059","4095","4059"
"2018-04-27","-2.63","8517730","8517730","3895","2187","3895","2187"
"2018-04-26","-4.65","11096810","11096810","4000","2658","4000","2658"
"2018-04-25","-0.12","4449690","4449690","4195","1109","4195","1109"
"2018-04-24","-4.44","3717960","3717960","4200","865","4200","865"
"2018-04-23","1.85","221815","221815","4395","51","4395","51"
"2018-04-20","5.24","25967185","25967185","4315","5930","4315","5930"
"2018-04-19","-3.53","7040950","7040950","4100","1685","4100","1685"
"2018-04-18","-5.45","11078405","11078405","4250","2513","4250","2513"
"2018-04-17","0","4527820","4527820","4495","1052","4495","1052"
"2018-04-16","5.15","4090165","4090165","4495","952","4495","952"
"2018-04-13","-6.46","8526790","8526790","4275","1887","4275","1887"
"2018-04-12","-0.65","790420","790420","4570","173","4570","173"
"2018-04-11","0","1225500","1225500","4600","270","4600","270"
"2018-04-10","0.44","2701750","2701750","4600","596","4600","596"
"2018-04-09","-0.22","428460","428460","4580","97","4580","97"
"2018-04-06","3.15","4710135","4710135","4590","1097","4590","1097"
"2018-04-05","-3.26","6246840","6246840","4450","1460","4450","1460"
"2018-04-04","0","3002275","3002275","4600","657","4600","657"
"2018-04-03","0","2972200","2972200","4600","662","4600","662"
"2018-03-30","-3.66","12201410","12201410","4600","2758","4600","2758"
"2018-03-29","-0.93","2258880","2258880","4775","493","4775","493"
"2018-03-28","-1.63","16506040","16506040","4820","3415","4820","3415"
"2018-03-27","2.08","793855","793855","4900","166","4900","166"
"2018-03-26","6.67","2048350","2048350","4800","450","4800","450"
"2018-03-23","-2.39","4442510","4442510","4500","989","4500","989"
"2018-03-22","-5.92","14725505","14725505","4610","3192","4610","3192"
"2018-03-21","3.16","18969375","18969375","4900","3933","4900","3933"
"2018-03-20","1.06","27533165","27533165","4750","5812","4750","5812"
"2018-03-19","-1.05","1381250","1381250","4700","291","4700","291"
"2018-03-16","-0.42","9545000","9545000","4750","2113","4750","2113"
"2018-03-15","-0.63","2902100","2902100","4770","611","4770","611"
"2018-03-14","6.67","10488685","10488685","4800","2225","4800","2225"
"2018-03-13","-4.05","1279450","1279450","4500","279","4500","279"
"2018-03-12","-0.11","1692400","1692400","4690","376","4690","376"
"2018-03-09","-2.19","1584250","1584250","4695","338","4695","338"
"2018-03-08","2.13","16121750","16121750","4800","3476","4800","3476"
"2018-03-07","4.56","18920300","18920300","4700","4208","4700","4208"
"2018-03-06","1.93","21180285","21180285","4495","4986","4495","4986"
"2018-03-05","0.11","4462380","4462380","4410","1035","4410","1035"
"2018-03-02","2.44","71035895","71035895","4405","16905","4405","16905"
"2018-03-01","-4.44","1160000","1160000","4300","258","4300","258"
"2018-02-28","0","107709020","107709020","4500","25615","4500","25615"
"2018-02-27","0","10362650","10362650","4500","2299","4500","2299"
"2018-02-26","0","468670","468670","4500","102","4500","102"
"2018-02-23","0","9147225","9147225","4500","2111","4500","2111"
"2018-02-22","-4.26","3897535","3897535","4500","875","4500","875"
"2018-02-21","4.56","4637795","4637795","4700","1028","4700","1028"
"2018-02-20","0","4393870","4393870","4495","991","4495","991"
"2018-02-19","0","386570","386570","4495","86","4495","86"
"2018-02-16","4.53","12153775","12153775","4495","2761","4495","2761"
"2018-02-15","-4.34","3869190","3869190","4300","894","4300","894"
"2018-02-14","6.9","19417525","19417525","4495","4621","4495","4621"
"2018-02-13","-1.06","11145445","11145445","4205","2598","4205","2598"
"2018-02-12","-2.3","1190260","1190260","4250","280","4250","280"
"2018-02-09","-1.02","3018310","3018310","4350","694","4350","694"
"2018-02-08","-0.11","2339025","2339025","4395","533","4395","533"
"2018-02-07","3.53","44648675","44648675","4400","10478","4400","10478"
"2018-02-06","4.68","3148500","3148500","4250","777","4250","777"
"2018-02-05","1.5","6943000","6943000","4060","1686","4060","1686"
"2018-02-02","-3.61","1007665","1007665","4000","247","4000","247"
"2018-02-01","-4.6","2931050","2931050","4150","710","4150","710"
"2018-01-31","-1.14","713400","713400","4350","164","4350","164"
"2018-01-30","0.92","6612900","6612900","4400","1549","4400","1549"
"2018-01-29","0","1486760","1486760","4360","341","4360","341"
"2018-01-26","-1.91","1048375","1048375","4360","240","4360","240"
"2018-01-25","-0.89","8718915","8718915","4445","1956","4445","1956"
"2018-01-24","-0.22","4639920","4639920","4485","1052","4485","1052"
"2018-01-23","-0.11","1810800","1810800","4495","403","4495","403"
"2018-01-22","2.16","15756220","15756220","4500","3574","4500","3574"
"2018-01-19","-2.11","2164005","2164005","4405","499","4405","499"
"2018-01-18","-2.17","6569620","6569620","4500","1444","4500","1444"
"2018-01-17","4.43","9235100","9235100","4600","2070","4600","2070"
"2018-01-16","0","90950","90950","4405","20","4405","20"
"2018-01-15","-4.24","8323450","8323450","4405","1861","4405","1861"
"2018-01-12","0","4109500","4109500","4600","907","4600","907"
"2018-01-11","0","1968000","1968000","4600","428","4600","428"
"2018-01-10","4.43","3568725","3568725","4600","786","4600","786"
"2018-01-09","-6.18","607355","607355","4405","132","4405","132"
"2018-01-08","-2.19","795715","795715","4695","168","4695","168"
"2018-01-05","-1.94","2326880","2326880","4800","484","4800","484"
"2018-01-04","-1.11","1136950","1136950","4895","233","4895","233"
"2018-01-03","7.14","4351515","4351515","4950","887","4950","887"
"2018-01-02","-7.41","29194560","29194560","4620","6310","4620","6310"
"2017-12-29","0","12670600","12670600","4990","2636","4990","2636"
"2017-12-28","6.28","20435775","20435775","4990","4271","4990","4271"
"2017-12-27","-0.42","32015025","32015025","4695","6937","4695","6937"
"2017-12-26","-0.11","2709295","2709295","4715","614","4715","614"
"2017-12-22","7.39","7269820","7269820","4720","1614","4720","1614"
"2017-12-21","-0.11","3317190","3317190","4395","786","4395","786"
"2017-12-20","2.33","8551475","8551475","4400","1945","4400","1945"
"2017-12-19","1.18","19250055","19250055","4300","4769","4300","4769"
"2017-12-18","6.25","427250","427250","4250","100","4250","100"
"2017-12-15","-6.87","4311080","4311080","4000","1076","4000","1076"
"2017-12-14","-1.26","55850","55850","4295","13","4295","13"
"2017-12-13","6.1","26638640","26638640","4350","6269","4350","6269"
"2017-12-12","2.76","11238450","11238450","4100","2810","4100","2810"
"2017-12-11","3.64","12526920","12526920","3990","3435","3990","3435"
"2017-12-08","-5.98","3458020","3458020","3850","890","3850","890"
"2017-12-07","-2.27","4588355","4588355","4095","1157","4095","1157"
"2017-12-06","7.44","25366715","25366715","4190","6621","4190","6621"
"2017-12-05","5.55","14704795","14704795","3900","4118","3900","4118"
"2017-12-04","-2.76","7099970","7099970","3695","1924","3695","1924"
"2017-11-30","-2.56","668775","668775","3800","176","3800","176"
"2017-11-29","6.85","2805800","2805800","3900","757","3900","757"
"2017-11-28","-1.35","6139405","6139405","3650","1686","3650","1686"
"2017-11-27","2.78","6275400","6275400","3700","1709","3700","1709"
"2017-11-24","-2.7","5523700","5523700","3600","1573","3600","1573"
"2017-11-23","-5.01","1002785","1002785","3700","272","3700","272"
"2017-11-22","-2.63","798990","798990","3895","205","3895","205"
"2017-11-21","5.26","10478510","10478510","4000","2742","4000","2742"
"2017-11-20","-4.52","3153100","3153100","3800","816","3800","816"
"2017-11-17","-7.44","1927000","1927000","3980","482","3980","482"
"2017-11-16","7.5","7125200","7125200","4300","1741","4300","1741"
"2017-11-14","0","1669250","1669250","4000","430","4000","430"
"2017-11-13","2.56","1864115","1864115","4000","474","4000","474"
"2017-11-10","-2.5","3719975","3719975","3900","958","3900","958"
"2017-11-09","-4.65","2307450","2307450","4000","587","4000","587"
"2017-11-08","4.88","4197060","4197060","4195","1075","4195","1075"
"2017-11-07","0","1881175","1881175","4000","477","4000","477"
"2017-11-06","2.56","1889250","1889250","4000","479","4000","479"
"2017-11-03","-1.27","1298350","1298350","3900","332","3900","332"
"2017-11-02","-1.25","1875700","1875700","3950","473","3950","473"
"2017-10-31","2.56","595350","595350","4000","151","4000","151"
"2017-10-30","5.41","431980","431980","3900","109","3900","109"
"2017-10-27","1.79","780700","780700","3700","211","3700","211"
"2017-10-26","7.39","1429535","1429535","3635","442","3635","442"
"2017-10-25","7.46","6224050","6224050","3385","1955","3385","1955"
"2017-10-24","-7.35","12602255","12602255","3150","3878","3150","3878"
"2017-10-23","-2.3","1432055","1432055","3400","417","3400","417"
"2017-10-20","-7.45","2513880","2513880","3480","698","3480","698"
"2017-10-19","7.43","1687940","1687940","3760","469","3760","469"
"2017-10-18","2.94","17508645","17508645","3500","5314","3500","5314"
"2017-10-17","-0.87","4564445","4564445","3400","1331","3400","1331"
"2017-10-16","-1.86","8935630","8935630","3430","2721","3430","2721"
"2017-10-13","-5.54","255712390","255712390","3495","74589","3495","74589"
"2017-10-12","-7.5","2364295","2364295","3700","630","3700","630"
"2017-10-11","6.67","2261950","2261950","4000","603","4000","603"
"2017-10-10","7.14","3146790","3146790","3750","919","3750","919"
"2017-10-09","-2.78","6696470","6696470","3500","1832","3500","1832"
"2017-10-06","-2.7","5687320","5687320","3600","1598","3600","1598"
"2017-10-05","0","1593400","1593400","3700","432","3700","432"
"2017-10-04","0","1097400","1097400","3700","297","3700","297"
"2017-10-03","-1.6","4697300","4697300","3700","1279","3700","1279"
"2017-10-02","7.43","7954860","7954860","3760","2413","3760","2413"
"2017-09-29","0","14760885","14760885","3500","4153","3500","4153"
"2017-09-28","-0.85","4435670","4435670","3500","1274","3500","1274"
"2017-09-27","-4.59","5628430","5628430","3530","1609","3530","1609"
"2017-09-26","0","3590350","3590350","3700","978","3700","978"
"2017-09-25","-7.27","2522770","2522770","3700","667","3700","667"
"2017-09-22","5.42","3783875","3783875","3990","1054","3990","1054"
"2017-09-21","-5.38","2195975","2195975","3785","554","3785","554"
"2017-09-20","5.4","7449005","7449005","4000","1996","4000","1996"
"2017-09-19","0","2187895","2187895","3795","600","3795","600"
"2017-09-18","-0.26","2185335","2185335","3795","581","3795","581"
"2017-09-15","-4.88","2952335","2952335","3805","744","3805","744"
"2017-09-14","0","4224025","4224025","4000","1057","4000","1057"
"2017-09-13","0","11141050","11141050","4000","2779","4000","2779"
"2017-09-12","0","1891000","1891000","4000","474","4000","474"
"2017-09-11","0","2384000","2384000","4000","596","4000","596"
"2017-09-08","0","6986500","6986500","4000","1791","4000","1791"
"2017-09-07","0.5","14087675","14087675","4000","3519","4000","3519"
"2017-09-06","-7.44","4549110","4549110","3980","1099","3980","1099"
"2017-09-05","0","665750","665750","4300","155","4300","155"
"2017-09-04","0","4836020","4836020","4300","1141","4300","1141"
"2017-08-31","0","1827500","1827500","4300","425","4300","425"
"2017-08-30","7.5","4564330","4564330","4300","1085","4300","1085"
"2017-08-29","-6.98","4505315","4505315","4000","1122","4000","1122"
"2017-08-28","7.5","4168365","4168365","4300","993","4300","993"
"2017-08-25","-4.76","22470365","22470365","4000","5570","4000","5570"
"2017-08-24","0","2426220","2426220","4200","568","4200","568"
"2017-08-23","-4.55","7954810","7954810","4200","1880","4200","1880"
"2017-08-22","2.33","25677860","25677860","4400","5951","4400","5951"
"2017-08-21","-2.05","6964255","6964255","4300","1633","4300","1633"
"2017-08-18","0","11239195","11239195","4390","2575","4390","2575"
"2017-08-17","0","6674265","6674265","4390","1531","4390","1531"
"2017-08-16","-0.23","4227490","4227490","4390","966","4390","966"
"2017-08-14","-1.12","13063740","13063740","4400","2939","4400","2939"
"2017-08-11","1.14","113426445","113426445","4450","24278","4450","24278"
"2017-08-10","4.76","12301400","12301400","4400","2893","4400","2893"
"2017-08-09","0","22204780","22204780","4200","5561","4200","5561"
"2017-08-08","1.2","5737590","5737590","4200","1382","4200","1382"
"2017-08-04","6.41","2149965","2149965","4150","525","4150","525"
"2017-08-03","0.65","5680655","5680655","3900","1421","3900","1421"
"2017-08-02","-3","10453360","10453360","3875","2696","3875","2696"
"2017-08-01","0.63","11642615","11642615","3995","2963","3995","2963"
"2017-07-31","7.3","929710","929710","3970","235","3970","235"
"2017-07-28","-1.6","3147995","3147995","3700","850","185000","17"
"2017-07-27","-0.53","376995","376995","3760","100","188000","2"
"2017-07-26","-0.53","2650500","2650500","3780","700","189000","14"
"2017-07-25","-1.55","1329000","1329000","3800","350","190000","7"
"2017-07-21","-0.52","1158000","1158000","3860","300","193000","6"
"2017-07-20","-3","1334000","1334000","3880","350","194000","7"
"2017-07-19","7.24","34556495","34556495","4000","8950","200000","179"
"2017-07-18","-3.62","5145500","5145500","3730","1350","186500","27"
"2017-07-14","0","3087000","3087000","3870","850","193500","17"
"2017-07-13","-0.03","1934995","1934995","3870","500","193500","10"
"2017-07-11","0","193550","193550","3871","50","193550","1"
"2017-07-10","-2","3871000","3871000","3871","1000","193550","20"
"2017-07-07","7.31","36017245","36017245","3950","10000","197495","200"
"2017-07-06","-7.51","130168830","130168830","3681","34300","184070","686"
"2017-07-05","-0.5","6802050","6802050","3980","1800","198990","36"
"2017-07-04","0.55","792200","792200","4000","200","200000","4"
"2017-07-03","-7.49","2393430","2393430","3978","600","198875","12"
"2017-06-30","-2.05","859980","859980","4300","200","214995","4"
"2017-06-23","-0.68","429500","429500","4390","100","219500","2"
"2017-06-21","0.91","24752000","24752000","4420","5600","221000","112"
"2017-06-20","7.12","21715900","21715900","4380","5350","219000","107"
"2017-06-19","-7.49","408850","408850","4089","100","204425","2"
"2017-06-14","5.24","36095600","36095600","4420","8250","221000","165"
"2017-06-13","-0.94","1631000","1631000","4200","400","210000","8"
"2017-06-09","-1.4","2526000","2526000","4240","600","212000","12"
"2017-06-07","1.42","8655000","8655000","4300","2050","215000","41"
"2017-06-02","1.92","5610510","5610510","4240","1350","212000","27"
"2017-06-01","-5.88","1040000","1040000","4160","250","208000","5"
"2017-05-31","6.25","4115000","4115000","4420","950","221000","19"
"2017-05-30","0","1248000","1248000","4160","300","208000","6"
"2017-05-29","0","8352000","8352000","4160","2000","208000","40"
"2017-05-26","-5.45","416000","416000","4160","100","208000","2"
"2017-05-23","5.77","660000","660000","4400","150","220000","3"
"2017-05-22","0","2080125","2080125","4160","500","208010","10"
"2017-05-18","0","1040000","1040000","4160","250","208000","5"
"2017-05-17","-4.15","6556065","6556065","4160","1550","208005","31"
"2017-05-16","-0.91","11188000","11188000","4340","2600","217000","52"
"2017-05-12","0.92","12917000","12917000","4380","2950","219000","59"
"2017-05-11","7.43","3135000","3135000","4340","750","217000","15"
"2017-05-10","-1.7","2424060","2424060","4040","600","202005","12"
"2017-05-08","0.24","1221000","1221000","4110","300","205500","6"
"2017-05-05","2.5","11460000","11460000","4100","2850","205000","57"
"2017-05-04","-2.68","5820420","5820420","4000","1450","200000","29"
"2017-05-03","0.24","3285580","3285580","4110","800","205505","16"
"2017-05-02","2.5","15535250","15535250","4100","3850","205010","77"
"2017-04-28","-1.48","1000000","1000000","4000","250","200000","5"
"2017-04-27","-0.25","1014975","1014975","4060","250","202995","5"
"2017-04-26","0","407000","407000","4070","100","203500","2"
"2017-04-25","-2.16","2038000","2038000","4070","500","203500","10"
"2017-04-24","-0.48","2080000","2080000","4160","500","208000","10"
"2017-04-21","4.5","3623000","3623000","4180","900","209000","18"
"2017-04-20","0","3179955","3179955","4000","800","200000","16"
"2017-04-19","-0.99","7196990","7196990","4000","1800","199995","36"
"2017-04-14","-0.49","3434000","3434000","4040","850","202000","17"
"2017-04-13","0","1015000","1015000","4060","250","203000","5"
"2017-04-12","-3.33","4808900","4808900","4060","1150","203000","23"
"2017-04-11","0","9450000","9450000","4200","2250","210000","45"
"2017-04-10","-4.11","210000","210000","4200","50","210000","1"
"2017-04-05","-0.45","11657735","11657735","4380","2650","219000","53"
"2017-04-04","-4.35","24747450","24747450","4400","5600","219990","112"
"2017-03-31","6.68","27144550","27144550","4600","6250","230000","125"
"2017-03-30","-2","2156000","2156000","4312","500","215600","10"
"2017-03-29","-3.08","19729995","19729995","4400","4500","220000","90"
"2017-03-27","-0.44","1512990","1512990","4540","350","226995","7"
"2017-03-24","0","456000","456000","4560","100","228000","2"
"2017-03-23","-0.87","9803785","9803785","4560","2150","227995","43"
"2017-03-22","0","230000","230000","4600","50","230000","1"
"2017-03-21","0","229995","229995","4600","50","229995","1"
"2017-03-17","4.55","2260000","2260000","4600","500","230000","10"
"2017-03-16","-3.93","11000000","11000000","4400","2500","220000","50"
"2017-03-15","-0.43","51907865","51907865","4580","11400","229000","228"
"2017-03-14","0.88","13975830","13975830","4600","3050","229995","61"
"2017-03-13","-0.87","687990","687990","4560","150","228000","3"
"2017-03-10","-1.71","4559100","4559100","4600","1050","230000","21"
"2017-03-09","-0.21","1336000","1336000","4680","300","234000","6"
"2017-03-07","0","469000","469000","4690","100","234500","2"
"2017-03-06","2.4","20995625","20995625","4690","4600","234500","92"
"2017-03-03","-0.43","14481000","14481000","4580","3250","229000","65"
"2017-03-01","-1.92","8170990","8170990","4600","1850","229995","37"
"2017-02-28","-0.21","4440000","4440000","4690","950","234500","19"
"2017-02-27","0","1174000","1174000","4700","250","235000","5"
"2017-02-24","0","10339975","10339975","4700","2200","235000","44"
"2017-02-23","-2.08","1637000","1637000","4700","350","235000","7"
"2017-02-22","0","21120000","21120000","4800","4400","240000","88"
"2017-02-21","-4","240000","240000","4800","50","240000","1"
"2017-02-20","0","249980","249980","5000","50","249980","1"
"2017-02-17","-2.72","2500000","2500000","5000","500","250000","10"
"2017-02-10","-0.31","4873500","4873500","5140","950","257000","19"
"2017-02-08","-0.08","5501450","5501450","5156","1100","257800","22"
"2017-02-07","0","4567025","4567025","5160","900","258000","18"
"2017-02-06","0","2016000","2016000","5160","400","258000","8"
"2017-02-03","0.39","4774000","4774000","5160","950","258000","19"
"2017-02-02","-0.39","23207000","23207000","5140","4600","257000","92"
"2017-02-01","-4.09","13581825","13581825","5160","2700","258000","54"
"2017-01-27","-0.19","269000","269000","5380","50","269000","1"
"2017-01-24","0","4322000","4322000","5390","850","269500","17"
"2017-01-23","-0.15","1347500","1347500","5390","250","269500","5"
"2017-01-19","-0.04","4268140","4268140","5398","800","269900","16"
"2017-01-16","6.24","2158990","2158990","5400","400","270000","8"
"2017-01-13","-7.5","3811875","3811875","5083","750","254125","15"
"2017-01-12","-7.49","274725","274725","5495","50","274725","1"
"2016-12-28","4.21","13616950","13616950","5940","2400","297000","48"
"2016-12-27","0","1964995","1964995","5700","350","284995","7"
"2016-12-23","2.89","1425000","1425000","5700","250","285000","5"
"2016-12-22","-7.36","69383000","69383000","5540","11850","277000","237"
"2016-12-21","1.36","101559000","101559000","5980","17250","299000","345"
"2016-12-20","6.5","23305000","23305000","5900","3950","295000","79"
"2016-12-19","-7.05","2216000","2216000","5540","400","277000","8"
"2016-12-15","-0.33","2043150","2043150","5960","350","298000","7"
"2016-12-14","4.91","29591860","29591860","5980","5000","299000","100"
"2016-12-09","0","4560000","4560000","5700","800","285000","16"
"2016-12-08","-3.72","2250000","2250000","5700","400","285000","8"
"2016-12-05","-1","55412115","55412115","5920","10000","296000","200"
"2016-12-02","3.1","34527990","34527990","5980","5950","298995","119"
"2016-12-01","-3.01","1055600000","1055600000","5800","182000","290000","3640"
"2016-11-30","4.91","49318865","49318865","5980","8550","298995","171"
"2016-11-29","-1.35","8550000","8550000","5700","1500","285000","30"
"2016-11-28","-0.38","15444500","15444500","5778","2750","288900","55"
"2016-11-23","0","75939545","75939545","5800","13100","290000","262"
"2016-11-22","-3.01","4350000","4350000","5800","750","290000","15"
"2016-11-11","0.37","5065855","5065855","5980","850","298995","17"
"2016-11-10","7.35","1135810","1135810","5958","200","297900","4"
"2016-11-09","-6.88","277500","277500","5550","50","277500","1"
"2016-11-08","-0.67","1428495","1428495","5960","250","297995","5"
"2016-10-28","7.14","35339785","35339785","6000","6300","300000","126"
"2016-10-25","0.04","2239300","2239300","5600","400","280000","8"
"2016-10-24","0","33028200","33028200","5598","5900","279900","118"
"2016-10-21","4.05","9721800","9721800","5598","1800","279900","36"
"2016-10-20","-0.37","807000","807000","5380","150","269000","3"
"2016-10-19","0","67499845","67499845","5400","12500","270000","250"
"2016-10-17","0","810000","810000","5400","150","270000","3"
"2016-10-14","0","540000","540000","5400","100","270000","2"
"2016-10-13","-0.74","4320000","4320000","5400","800","270000","16"
"2016-10-12","-2.86","219503920","219503920","5440","40350","272000","807"
"2016-10-11","0","35963000","35963000","5600","6500","280000","130"
"2016-10-10","-1.75","6950000","6950000","5600","1250","280000","25"
"2016-10-07","5.56","13245000","13245000","5700","2450","285000","49"
"2016-10-06","0","1350000","1350000","5400","250","270000","5"
"2016-10-05","5.47","5394945","5394945","5400","1000","270000","20"
"2016-10-04","-3.4","12032065","12032065","5120","2250","256010","45"
"2016-10-03","-1.85","530000","530000","5300","100","265000","2"
"2016-09-30","0","1620000","1620000","5400","300","270000","6"
"2016-09-29","0","4900000","4900000","5400","900","270000","18"
"2016-09-28","5.88","3392000","3392000","5400","650","270000","13"
"2016-09-27","-0.39","6886000","6886000","5100","1350","255000","27"
"2016-09-26","0","1798000","1798000","5120","350","256000","7"
"2016-09-22","-4.12","1291000","1291000","5120","250","256000","5"
"2016-09-20","4.85","3168000","3168000","5340","600","267000","12"
"2016-09-19","0","3055800","3055800","5093","600","254650","12"
"2016-09-16","-7.4","764500010","764500010","5093","150100","254650","3002"
"2016-09-15","-6.78","10570000","10570000","5500","1800","275000","36"
"2016-09-13","7.27","7335000","7335000","5900","1250","295000","25"
"2016-09-08","1.85","12316800","12316800","5500","2250","275000","45"
"2016-09-07","1.47","34779430","34779430","5400","6450","270000","129"
"2016-09-06","0","13113400","13113400","5322","2450","266115","49"
"2016-09-05","0.19","2128835","2128835","5322","400","266105","8"
"2016-09-01","0.23","2407900","2407900","5312","450","265600","9"
"2016-08-31","0","10335150","10335150","5300","1950","265000","39"
"2016-08-30","-0.19","530000","530000","5300","100","265000","2"
"2016-08-29","0","13271000","13271000","5310","2500","265500","50"
"2016-08-26","0.19","2345540","2345540","5310","450","265500","9"
"2016-08-25","0","16431235","16431235","5300","3100","265000","62"
"2016-08-24","1.92","3960000","3960000","5300","750","265000","15"
"2016-08-22","-2.11","105520320","105520320","5200","20200","260000","404"
"2016-08-19","2.11","34529950","34529950","5312","6500","265615","130"
"2016-08-18","-2.07","2601075","2601075","5202","500","260105","10"
"2016-08-17","2.11","34109700","34109700","5312","6450","265600","129"
"2016-08-16","0","1300525","1300525","5202","250","260105","5"
"2016-08-12","0.04","4423700","4423700","5202","850","260100","17"
"2016-08-11","-1.89","2610000","2610000","5200","500","260000","10"
"2016-08-10","1.92","3965010","3965010","5300","750","265000","15"
"2016-08-09","0","30025115","30025115","5200","5700","260000","114"
"2016-08-05","-0.04","1040060","1040060","5200","200","260015","4"
"2016-08-04","0","260105","260105","5202","50","260105","1"
"2016-08-03","0.04","1560110","1560110","5202","300","260110","6"
"2016-08-02","0","15861000","15861000","5200","3050","260000","61"
"2016-07-29","0","3640000","3640000","5200","700","260000","14"
"2016-07-28","0","520000","520000","5200","100","260000","2"
"2016-07-27","-1.89","70220010","70220010","5200","13500","260000","270"
"2016-07-26","5.79","16849930","16849930","5300","3200","265000","64"
"2016-07-25","-5.47","14043020","14043020","5010","2700","250510","54"
"2016-07-22","0","15110000","15110000","5300","2850","265000","57"
"2016-07-21","1.53","8197025","8197025","5300","1550","265000","31"
"2016-07-20","-1.51","7661015","7661015","5220","1450","261005","29"
"2016-07-19","5.58","265000","265000","5300","50","265000","1"
"2016-07-18","0","1255000","1255000","5020","250","251000","5"
"2016-07-15","0.38","2009050","2009050","5020","400","251000","8"
"2016-07-14","-3.83","1250100","1250100","5001","250","250050","5"
"2016-07-13","4","3380000","3380000","5200","650","260000","13"
"2016-07-12","-6.8","52375405","52375405","5000","10500","250000","210"
"2016-07-11","-7.5","1341250","1341250","5365","250","268250","5"
"2016-07-08","0","4639995","4639995","5800","800","290000","16"
"2016-07-07","0","11219975","11219975","5800","1950","290000","39"
"2016-07-05","0","6960120","6960120","5800","1200","290005","24"
"2016-07-04","0","4350075","4350075","5800","750","290005","15"
"2016-07-01","-1.86","9009145","9009145","5800","1550","290005","31"
"2016-06-30","-1.5","47368820","47368820","5910","8000","295500","160"
"2016-06-29","1.52","1200000","1200000","6000","200","300000","4"
"2016-06-28","-1.5","6519265","6519265","5910","1100","295515","22"
"2016-06-27","0","13006500","13006500","6000","2200","300000","44"
"2016-06-24","0","9900000","9900000","6000","1650","300000","33"
"2016-06-23","0","12600000","12600000","6000","2100","300000","42"
"2016-06-22","0","15900000","15900000","6000","2650","300000","53"
"2016-06-21","-1.64","3900005","3900005","6000","650","300000","13"
"2016-06-20","0","305000","305000","6100","50","305000","1"
"2016-06-17","-1.61","1220000","1220000","6100","200","305000","4"
"2016-06-16","1.64","1239980","1239980","6200","200","309995","4"
"2016-06-15","1.67","3050000","3050000","6100","500","305000","10"
"2016-06-14","-3.23","15000200","15000200","6000","2500","300005","50"
"2016-06-13","0","4648000","4648000","6200","750","310000","15"
"2016-06-09","0","361140000","361140000","6200","59200","310000","1184"
"2016-06-08","0","155170030","155170030","6200","25850","310000","517"
"2016-06-07","1.64","5050110","5050110","6200","850","310000","17"
"2016-06-06","0","135065000","135065000","6100","22400","305000","448"
"2016-06-03","-1.61","2135000","2135000","6100","350","305000","7"
"2016-06-02","0","3067000","3067000","6200","500","310000","10"
"2016-06-01","0","249860000","249860000","6200","40300","310000","806"
"2016-05-31","5.08","22184500","22184500","6200","3650","310000","73"
"2016-05-30","-1.67","17205000","17205000","5900","2900","295000","58"
"2016-05-26","-1.64","11095000","11095000","6000","1850","300000","37"
"2016-05-25","1.67","141980000","141980000","6100","23650","305000","473"
"2016-05-24","0","9600000","9600000","6000","1600","300000","32"
"2016-05-23","-3.23","33900000","33900000","6000","5650","300000","113"
"2016-05-20","5.08","152470000","152470000","6200","25200","310000","504"
"2016-05-19","-2.96","2370000","2370000","5900","400","295000","8"
"2016-05-18","3.05","193354900","193354900","6080","32000","303995","640"
"2016-05-13","0","17110580","17110580","5900","2900","295010","58"
"2016-05-12","0","8260260","8260260","5900","1400","295010","28"
"2016-05-11","2.79","28019000","28019000","5900","4750","295000","95"
"2016-05-10","-1.03","6376995","6376995","5740","1100","287000","22"
"2016-05-09","0","1740000","1740000","5800","300","290000","6"
"2016-05-06","-6.45","23965000","23965000","5800","4100","290000","82"
"2016-04-29","0","8855840","8855840","6200","1500","310000","30"
"2016-04-28","3.33","222896900","222896900","6200","37750","310000","755"
"2016-04-27","1.69","445500000","445500000","6000","75500","300000","1510"
"2016-04-26","0","4130000","4130000","5900","700","295000","14"
"2016-04-25","-3.12","1180035","1180035","5900","200","295010","4"
"2016-04-22","3.22","131062975","131062975","6090","22400","304500","448"
"2016-04-21","1.69","6190200","6190200","5900","1050","295000","21"
"2016-04-20","-1.66","12180105","12180105","5802","2100","290100","42"
"2016-04-19","4.98","2950000","2950000","5900","500","295000","10"
"2016-04-18","-3.1","2311005","2311005","5620","400","281005","8"
"2016-04-15","0","1450000","1450000","5800","250","290000","5"
"2016-04-14","-0.34","29015500","29015500","5800","5000","290000","100"
"2016-04-13","0.34","1455000","1455000","5820","250","291000","5"
"2016-04-12","0","7570000","7570000","5800","1300","290000","26"
"2016-04-11","0","7250000","7250000","5800","1250","290000","25"
"2016-04-08","-1.69","72500000","72500000","5800","12500","290000","250"
"2016-04-06","1.72","16810000","16810000","5900","2850","295000","57"
"2016-04-05","-0.68","3240000","3240000","5800","550","290000","11"
"2016-04-04","0.69","16936000","16936000","5840","2900","292000","58"
"2016-04-01","-1.69","303510000","303510000","5800","52250","290000","1045"
"2016-03-31","1.72","10009870","10009870","5900","1700","295000","34"
"2016-03-30","-1.19","29412500","29412500","5800","5000","290000","100"
"2016-03-29","0","3522000","3522000","5870","600","293500","12"
"2016-03-25","-0.51","587010","587010","5870","100","293505","2"
"2016-03-24","0.17","97224995","97224995","5900","16500","295000","330"
"2016-03-23","0.17","123398635","123398635","5890","20950","294500","419"
"2016-03-22","0","588000","588000","5880","100","294000","2"
"2016-03-21","-0.17","588000","588000","5880","100","294000","2"
"2016-03-18","3.33","1472450","1472450","5890","250","294490","5"
"2016-03-17","0","430641245","430641245","5700","75550","285000","1511"
"2016-03-16","-0.18","3420555","3420555","5700","600","285005","12"
"2016-03-15","-3.22","1169480","1169480","5710","200","285500","4"
"2016-03-14","0","42981745","42981745","5900","7200","294995","144"
"2016-03-11","-1.67","5689015","5689015","5900","950","295000","19"
"2016-03-10","0","38700000","38700000","6000","6450","300000","129"
"2016-03-09","0","2100000","2100000","6000","350","300000","7"
"2016-03-08","0","8685010","8685010","6000","1450","300000","29"
"2016-03-07","-0.83","6900000","6900000","6000","1150","300000","23"
"2016-03-04","0.83","452849000","452849000","6050","74850","302500","1497"
"2016-03-03","4.17","142659500","142659500","6000","23950","300000","479"
"2016-03-02","1.05","46905000","46905000","5760","8150","288000","163"
"2016-02-29","4.99","29925000","29925000","5700","5250","285000","105"
"2016-02-26","-2","80872920","80872920","5429","14600","271460","292"
"2016-02-25","2.59","60551060","60551060","5540","10950","277000","219"
"2016-02-23","0","30510000","30510000","5400","5650","270000","113"
"2016-02-22","5.97","13387975","13387975","5400","2550","270000","51"
"2016-02-19","-5.63","44877375","44877375","5096","8600","254800","172"
"2016-02-18","0","18501750","18501750","5400","3400","270000","68"
"2016-02-17","0.37","2700000","2700000","5400","500","270000","10"
"2016-02-16","0.37","340013000","340013000","5380","63200","269000","1264"
"2016-02-12","0.75","1340000","1340000","5360","250","268000","5"
"2016-02-11","-1.48","24014000","24014000","5320","4450","266000","89"
"2016-02-10","0.37","12623035","12623035","5400","2350","270000","47"
"2016-02-09","-0.37","323070000","323070000","5380","60050","269000","1201"
"2016-02-08","0","3509415","3509415","5400","650","270005","13"
"2016-02-04","0","60072000","60072000","5400","11200","270000","224"
"2016-02-03","1.12","1080000","1080000","5400","200","270000","4"
"2016-02-02","0","267005","267005","5340","50","267005","1"
"2016-02-01","0","1602030","1602030","5340","300","267005","6"
"2016-01-29","-0.04","11575015","11575015","5340","2150","267005","43"
"2016-01-28","0","534200","534200","5342","100","267100","2"
"2016-01-27","0","3480400","3480400","5342","650","267100","13"
"2016-01-26","-1.07","21902210","21902210","5342","4100","267100","82"
"2016-01-25","1.12","2419980","2419980","5400","450","269995","9"
"2016-01-22","-1.11","267005","267005","5340","50","267005","1"
"2016-01-21","0","8640000","8640000","5400","1600","270000","32"
"2016-01-18","0","540000","540000","5400","100","270000","2"
"2016-01-15","-6.98","270000","270000","5400","50","270000","1"
"2016-01-14","7.5","4637500","4637500","5805","850","290250","17"
"2016-01-13","-1.46","1080000","1080000","5400","200","270000","4"
"2016-01-11","-1.08","21874000","21874000","5480","4050","274000","81"
"2016-01-07","-1.07","6399000","6399000","5540","1150","277000","23"
"2016-01-06","-4.06","3080000","3080000","5600","550","280000","11"
"2016-01-05","-7.5","875535","875535","5837","150","291845","3"
"2015-12-31","7.5","69397905","69397905","6310","11800","315505","236"
"2015-12-30","-0.51","67997500","67997500","5870","12450","293500","249"
"2015-12-29","0.34","2064965","2064965","5900","350","294995","7"
"2015-12-28","5.76","69253755","69253755","5880","12450","294000","249"
"2015-12-23","2.96","12107975","12107975","5560","2250","277995","45"
"2015-12-22","0","63179255","63179255","5400","11700","270000","234"
"2015-12-21","0.19","13239775","13239775","5400","2550","269995","51"
"2015-12-17","3.65","13213460","13213460","5390","2500","269500","50"
"2015-12-16","5.26","37626495","37626495","5200","7700","260000","154"
"2015-12-15","-1.2","247000","247000","4940","50","247000","1"
"2015-12-14","-3.85","1750000","1750000","5000","350","250000","7"
"2015-12-11","-1.89","780000","780000","5200","150","260000","3"
"2015-12-10","-1.85","2119960","2119960","5300","400","264995","8"
"2015-12-08","0","1059990","1059990","5400","200","269995","4"
"2015-12-07","0","5306765","5306765","5400","1000","269995","20"
"2015-12-03","-2.53","3000000","3000000","5400","550","270000","11"
"2015-12-02","6.54","10810000","10810000","5540","2000","277000","40"
"2015-12-01","1.96","22880000","22880000","5200","4400","260000","88"
"2015-11-30","-3.77","14920000","14920000","5100","2900","255000","58"
"2015-11-26","0","80600000","80600000","5300","15250","265000","305"
"2015-11-24","1.92","87504890","87504890","5300","16550","265000","331"
"2015-11-20","-1.89","260000","260000","5200","50","260000","1"
"2015-11-19","2.71","6040000","6040000","5300","1150","265000","23"
"2015-11-18","-0.77","2580000","2580000","5160","500","258000","10"
"2015-11-17","1.17","1292500","1292500","5200","250","260000","5"
"2015-11-16","0.19","34438000","34438000","5140","6700","257000","134"
"2015-11-13","-0.5","2315000","2315000","5130","450","256500","9"
"2015-11-12","0.12","786945600","786945600","5156","154100","257800","3082"
"2015-11-11","2.59","755239000","755239000","5150","151750","257500","3035"
"2015-11-10","-2.71","19582500","19582500","5020","3900","251000","78"
"2015-11-09","7.5","180623275","180623275","5160","36050","257995","721"
"2015-11-06","0","480000","480000","4800","100","240000","2"
"2015-11-05","4.35","257961000","257961000","4800","53750","240000","1075"
"2015-11-04","-1.5","690010","690010","4600","150","230000","3"
"2015-11-03","3.75","93139000","93139000","4670","19850","233500","397"
"2015-11-02","3.23","156113000","156113000","4501","34800","225050","696"
"2015-10-30","1.37","6322000","6322000","4360","1450","218000","29"
"2015-10-29","-2.25","4350500","4350500","4301","1000","215050","20"
"2015-10-28","3.77","220000","220000","4400","50","220000","1"
"2015-10-27","0","1060050","1060050","4240","250","212010","5"
"2015-10-26","0.71","8887350","8887350","4240","2100","212000","42"
"2015-10-23","0","4841500","4841500","4210","1150","210500","23"
"2015-10-22","0.24","22097500","22097500","4210","5250","210500","105"
"2015-10-21","-5.41","2093735","2093735","4200","500","210000","10"
"2015-10-20","6.22","1084000","1084000","4440","250","222000","5"
"2015-10-19","6.63","226894000","226894000","4180","54300","209000","1086"
"2015-10-14","-2","158047640","158047640","3920","40200","196000","804"
"2015-10-13","2.51","2000000","2000000","4000","500","200000","10"
"2015-10-12","0.05","249734395","249734395","3902","64000","195100","1280"
"2015-10-09","-0.51","121488115","121488115","3900","31150","195005","623"
"2015-10-08","0.51","124472500","124472500","3920","31750","196000","635"
"2015-10-02","0","27885000","27885000","3900","7150","195000","143"
"2015-09-29","-2.5","195000","195000","3900","50","195000","1"
"2015-09-28","2.56","20000000","20000000","4000","5000","200000","100"
"2015-09-25","0","5460010","5460010","3900","1400","195000","28"
"2015-09-23","0","58503000","58503000","3900","15000","195010","300"
"2015-09-22","0","1950025","1950025","3900","500","195000","10"
"2015-09-21","0","195000","195000","3900","50","195000","1"
"2015-09-18","1.04","136159820","136159820","3900","34900","195000","698"
"2015-09-17","0.26","1158000","1158000","3860","300","193000","6"
"2015-09-16","-1.28","4082435","4082435","3850","1050","192500","21"
"2015-09-15","2.09","960015","960015","3900","250","195000","5"
"2015-09-14","0.53","7640000","7640000","3820","2000","191000","40"
"2015-09-11","0","95390000","95390000","3800","25100","190000","502"
"2015-09-10","0","1140000","1140000","3800","300","190000","6"
"2015-09-09","2.43","213510000","213510000","3800","56350","190000","1127"
"2015-09-08","-2.37","561000","561000","3710","150","185500","3"
"2015-09-07","0","51110000","51110000","3800","13450","190000","269"
"2015-09-04","0","570000","570000","3800","150","190000","3"
"2015-09-03","0","3420000","3420000","3800","900","190000","18"
"2015-09-02","0","5700000","5700000","3800","1500","190000","30"
"2015-09-01","2.43","190000","190000","3800","50","190000","1"
"2015-08-31","-2.37","187745000","187745000","3710","50600","185500","1012"
"2015-08-28","0","2280000","2280000","3800","600","190000","12"
"2015-08-26","0","3230030","3230030","3800","850","190005","17"
"2015-08-25","0","380000","380000","3800","100","190000","2"
"2015-08-24","2.15","22340000","22340000","3800","6000","190000","120"
"2015-08-21","0.54","11717000","11717000","3720","3150","186000","63"
"2015-08-20","0","370000","370000","3700","100","185000","2"
"2015-08-19","-6.57","370000","370000","3700","100","185000","2"
"2015-08-18","7.03","11668000","11668000","3960","3150","198000","63"
"2015-08-14","2.78","2755000","2755000","3700","750","185000","15"
"2015-08-12","-2.7","4700000","4700000","3600","1300","180000","26"
"2015-08-11","0","5920180","5920180","3700","1600","185000","32"
"2015-08-10","0","185000","185000","3700","50","185000","1"
"2015-08-06","0","1110000","1110000","3700","300","185000","6"
"2015-08-05","0","9085000","9085000","3700","2450","185000","49"
"2015-08-03","0","3515020","3515020","3700","950","185000","19"
"2015-07-31","0","185005","185005","3700","50","185005","1"
"2015-07-30","0","1110000","1110000","3700","300","185000","6"
"2015-07-27","-6.57","240584000","240584000","3700","64100","185000","1282"
"2015-07-24","6.74","15438510","15438510","3960","4150","198000","83"
"2015-07-23","0","371000","371000","3710","100","185500","2"
"2015-07-22","0","4452000","4452000","3710","1200","185500","24"
"2015-07-20","0.27","35898270","35898270","3710","9700","185500","194"
"2015-07-16","-2.63","740020","740020","3700","200","185005","4"
"2015-07-15","-2.56","12320000","12320000","3800","3300","190000","66"
"2015-07-13","0","9945000","9945000","3900","2550","195000","51"
"2015-07-10","-1.52","1755000","1755000","3900","450","195000","9"
"2015-07-09","-0.75","1189500","1189500","3960","300","198000","6"
"2015-07-07","-0.2","26931800","26931800","3990","6750","199500","135"
"2015-07-06","-0.05","999500","999500","3998","250","199900","5"
"2015-07-03","0","1399990","1399990","4000","350","199995","7"
"2015-07-02","2.56","21461815","21461815","4000","5500","200000","110"
"2015-07-01","6.06","3732375","3732375","3900","1000","195000","20"
"2015-06-30","7.51","15441300","15441300","3677","4200","183825","84"
"2015-06-29","0.59","342000","342000","3420","100","171000","2"
"2015-06-26","-1.85","170000","170000","3400","50","170000","1"
"2015-06-24","-11.95","3464000","3464000","3464","1000","173200","20"
"2015-06-23","0.31","196700","196700","3934","50","196700","1"
"2015-06-19","-2.92","9048600","9048600","3922","2300","196100","46"
"2015-06-17","0","12524285","12524285","4040","3100","202000","62"
"2015-06-16","-4.94","37093045","37093045","4040","8750","202005","175"
"2015-06-15","7.32","11349975","11349975","4250","2750","212495","55"
"2015-06-12","2.33","15138000","15138000","3960","3800","198000","76"
"2015-06-11","0","4063505","4063505","3870","1050","193505","21"
"2015-06-10","0","3870000","3870000","3870","1000","193500","20"
"2015-06-09","7.5","5805000","5805000","3870","1500","193500","30"
"2015-06-08","1.12","6360000","6360000","3600","1700","180000","34"
"2015-06-05","0.56","4094180","4094180","3560","1150","178005","23"
"2015-06-03","7.27","26550000","26550000","3540","7500","177000","150"
"2015-06-02","2.48","990000","990000","3300","300","165000","6"
"2015-05-29","6.62","8645000","8645000","3220","2750","161000","55"
"2015-05-28","0.67","906000","906000","3020","300","151000","6"
"2015-05-27","0","1650110","1650110","3000","550","150010","11"
"2015-05-22","2.04","150000","150000","3000","50","150000","1"
"2015-05-21","4.26","1182000","1182000","2940","400","147000","8"
"2015-05-20","0.71","2812850","2812850","2820","1000","141005","20"
"2015-05-19","0","15722700","15722700","2800","5600","140000","112"
"2015-05-15","0","1960000","1960000","2800","700","140000","14"
"2015-05-13","0","24640000","24640000","2800","8800","140000","176"
"2015-05-12","0","1260000","1260000","2800","450","140000","9"
"2015-05-11","0","43684620","43684620","2800","15600","140010","312"
"2015-05-08","1.41","4060000","4060000","2800","1450","140000","29"
"2015-05-07","0","98291600","98291600","2761","35600","138050","712"
"2015-05-06","0.04","4164910","4164910","2761","1500","138050","30"
"2015-05-05","-1.43","70836000","70836000","2760","25300","138000","506"
"2015-05-04","0","56840000","56840000","2800","20300","140000","406"
"2015-04-30","0","13440000","13440000","2800","4800","140000","96"
"2015-04-29","0","18900000","18900000","2800","6750","140000","135"
"2015-04-28","0","11060000","11060000","2800","3950","140000","79"
"2015-04-27","0.72","6300000","6300000","2800","2250","140000","45"
"2015-04-24","-0.71","13622000","13622000","2780","4900","139000","98"
"2015-04-23","3.32","3638000","3638000","2800","1300","140000","26"
"2015-04-22","-3.21","44786500","44786500","2710","16000","135500","320"
"2015-04-21","0","14700000","14700000","2800","5250","140000","105"
"2015-04-20","0","26479000","26479000","2800","9550","140000","191"
"2015-04-17","5.26","2380000","2380000","2800","850","140000","17"
"2015-04-16","-1.63","13583910","13583910","2660","4950","133005","99"
"2015-04-15","-6.11","68467900","68467900","2704","25300","135200","506"
"2015-04-14","0","862000","862000","2880","300","144000","6"
"2015-04-13","-0.69","1878000","1878000","2880","650","144000","13"
"2015-04-10","0.94","2610000","2610000","2900","900","145000","18"
"2015-04-09","-7.5","741615","741615","2873","250","143665","5"
"2015-04-08","-7.5","77596420","77596420","3106","24950","155310","499"
"2015-04-01","-0.06","1679000","1679000","3358","500","167900","10"
"2015-03-31","0","832900","832900","3360","250","168000","5"
"2015-03-27","-0.3","672000","672000","3360","200","168000","4"
"2015-03-26","-0.3","1685000","1685000","3370","500","168500","10"
"2015-03-20","-1.74","1690000","1690000","3380","500","169000","10"
"2015-03-19","-1.15","344000","344000","3440","100","172000","2"
"2015-03-18","0","3122000","3122000","3480","900","174000","18"
"2015-03-17","-1.14","174000","174000","3480","50","174000","1"
"2015-03-16","0.57","1760000","1760000","3520","500","176000","10"
"2015-03-13","1.16","3670000","3670000","3500","1050","175000","21"
"2015-03-11","0","1553000","1553000","3460","450","173000","9"
"2015-03-09","0","346000","346000","3460","100","173000","2"
"2015-03-06","-1.14","15724000","15724000","3460","4500","173000","90"
"2015-03-04","1.45","9232500","9232500","3500","2650","175000","53"
"2015-03-03","-1.43","1725000","1725000","3450","500","172500","10"
"2015-02-27","1.16","5250000","5250000","3500","1500","175000","30"
"2015-02-26","-1.14","865000","865000","3460","250","173000","5"
"2015-02-25","2.94","12630000","12630000","3500","3700","175000","74"
"2015-02-24","0","12410150","12410150","3400","3650","170000","73"
"2015-02-20","-1.16","340000","340000","3400","100","170000","2"
"2015-02-17","-1.15","1376000","1376000","3440","400","172000","8"
"2015-02-16","-0.57","348000","348000","3480","100","174000","2"
"2015-02-13","0","875000","875000","3500","250","175000","5"
"2015-02-12","0","2450000","2450000","3500","700","175000","14"
"2015-02-11","0","1750000","1750000","3500","500","175000","10"
"2015-02-10","-2.23","2124000","2124000","3500","600","175000","12"
"2015-02-05","0","358000","358000","3580","100","179000","2"
"2015-02-04","2.87","7645000","7645000","3580","2150","179000","43"
"2015-02-03","1.16","6295010","6295010","3480","1800","174000","36"
"2015-01-29","-1.71","1720000","1720000","3440","500","172000","10"
"2015-01-28","1.69","4668000","4668000","3500","1350","175000","27"
"2015-01-27","1.24","1548400","1548400","3442","450","172100","9"
"2015-01-23","0","1020000","1020000","3400","300","170000","6"
"2015-01-22","-1.16","224594050","224594050","3400","66050","170000","1321"
"2015-01-21","1.18","688000","688000","3440","200","172000","4"
"2015-01-20","0","11050000","11050000","3400","3250","170000","65"
"2015-01-19","0","1190000","1190000","3400","350","170000","7"
"2015-01-15","0.53","34025250","34025250","3400","10000","170005","200"
"2015-01-14","-7.52","4228000","4228000","3382","1250","169120","25"
"2015-01-13","-7.49","365660","365660","3657","100","182830","2"
"2015-01-12","-7.51","3953000","3953000","3953","1000","197650","20"
"2015-01-08","-7.49","427350","427350","4274","100","213675","2"
"2015-01-06","-7.21","2772000","2772000","4620","600","231000","12"
"2014-12-31","1.99","20663265","20663265","4979","4150","248955","83"
"2014-12-30","2.01","23675275","23675275","4882","4850","244075","97"
"2014-12-29","2","57668890","57668890","4786","12050","239290","241"
"2014-12-26","2","152490000","152490000","4692","32500","234600","650"
"2014-12-23","0","1565089600","1565089600","4600","367300","230000","7346"
"2014-12-19","6.98","2020000","2020000","4600","450","230000","9"
"2014-12-18","7.5","1447475000","1447475000","4300","361850","215000","7237"
"2014-12-17","6.38","77200000","77200000","4000","19300","200000","386"
"2014-12-12","-1.05","1879800","1879800","3760","500","188000","10"
"2014-12-08","5.56","570000","570000","3800","150","190000","3"
"2014-12-05","2.86","9000000","9000000","3600","2500","180000","50"
"2014-12-04","2.94","520000","520000","3500","150","175000","3"
"2014-12-01","1.49","14546000","14546000","3400","4300","170000","86"
"2014-11-27","-0.3","46712500","46712500","3350","14000","167500","280"
"2014-11-26","5","43330000","43330000","3360","13500","168000","270"
"2014-11-25","-5.27","16000000","16000000","3200","5000","160000","100"
"2014-11-21","-0.65","7035275","7035275","3378","2100","168900","42"
"2014-11-17","4.2","3400000","3400000","3400","1000","170000","20"
"2014-11-14","7.51","2773270","2773270","3263","850","163135","17"
"2014-11-13","1.98","1514575","1514575","3035","500","151755","10"
"2014-11-12","7.51","42824405","42824405","2976","15100","148780","302"
"2014-11-11","7.45","1937600","1937600","2768","700","138400","14"
"2014-11-10","7.51","192287985","192287985","2576","74700","128785","1494"
"2014-11-07","-7.49","20446640","20446640","2396","8500","119800","170"
"2014-11-06","-7.5","2331000","2331000","2590","900","129500","18"
"2014-11-05","-1.72","15141870","15141870","2800","5600","140000","112"
"2014-11-04","-7.5","2742350","2742350","2849","900","142450","18"
"2014-11-03","-0.65","3287380","3287380","3080","1100","154000","22"
"2014-10-31","3.13","619990","619990","3100","200","154995","4"
"2014-10-30","-7.51","15782025","15782025","3006","5250","150305","105"
"2014-10-28","-7.49","812450","812450","3250","250","162490","5"
"2014-10-27","-7.5","1229620","1229620","3513","350","175660","7"
"2014-10-20","-5.52","379800","379800","3798","100","189900","2"
"2014-10-07","-0.99","402000","402000","4020","100","201000","2"
"2014-09-30","-0.49","202995","202995","4060","50","202995","1"
"2014-09-29","0","204000","204000","4080","50","204000","1"
"2014-09-23","2","7140000","7140000","4080","1750","204000","35"
"2014-09-22","4.17","13864000","13864000","4000","3600","200000","72"
"2014-09-18","-1.54","1152000","1152000","3840","300","192000","6"
"2014-09-17","0","975000","975000","3900","250","195000","5"
"2014-09-16","0","66890000","66890000","3900","17100","195000","342"
"2014-09-15","0","975000","975000","3900","250","195000","5"
"2014-09-12","-2.5","1950000","1950000","3900","500","195000","10"
"2014-09-11","1.52","48455000","48455000","4000","12400","200000","248"
"2014-09-08","-1.5","788000","788000","3940","200","197000","4"
"2014-09-04","2.04","13989400","13989400","4000","3500","199990","70"
"2014-09-03","-2","196000","196000","3920","50","196000","1"
"2014-09-02","0","165400005","165400005","4000","41350","200000","827"
"2014-09-01","0","26800000","26800000","4000","6700","200000","134"
"2014-08-29","-1.96","8000000","8000000","4000","2000","200000","40"
"2014-08-28","0","612000","612000","4080","150","204000","3"
"2014-08-26","2","12613000","12613000","4080","3150","204000","63"
"2014-08-25","0","7492050","7492050","4000","1900","200000","38"
"2014-08-22","-0.99","4200000","4200000","4000","1050","200000","21"
"2014-08-20","-1.46","1010000","1010000","4040","250","202000","5"
"2014-08-14","0","2050000","2050000","4100","500","205000","10"
"2014-08-13","-4.21","1025000","1025000","4100","250","205000","5"
"2014-08-11","2.39","1474000","1474000","4280","350","214000","7"
"2014-08-06","4.5","41807000","41807000","4180","10400","209000","208"
"2014-08-05","-2.44","279911000","279911000","4000","70000","200000","1400"
"2014-08-04","-5.09","614985","614985","4100","150","204995","3"
"2014-07-25","5.88","12312000","12312000","4320","2850","216000","57"
"2014-07-17","2","1614500","1614500","4080","400","204000","8"
"2014-07-15","0","45650000","45650000","4000","11450","200000","229"
"2014-07-14","2.56","9959790","9959790","4000","2500","199995","50"
"2014-07-10","-4.41","16770000","16770000","3900","4300","195000","86"
"2014-07-08","-0.24","52380000","52380000","4080","13500","204000","270"
"2014-06-27","-0.24","3956950","3956950","4090","1000","204500","20"
"2014-06-25","0","100680000","100680000","4100","25050","205000","501"
"2014-06-24","0","3075150","3075150","4100","750","205010","15"
"2014-06-23","-4.3","731065560","731065560","4100","178300","205010","3566"
"2014-06-20","0","64830000","64830000","4284","15200","214200","304"
"2014-06-16","7.1","46502400","46502400","4284","10900","214200","218"
"2014-06-11","2.56","7838675","7838675","4000","1950","200005","39"
"2014-06-05","0","7605000","7605000","3900","1950","195000","39"
"2014-05-30","0","142355000","142355000","3900","36400","195000","728"
"2014-05-27","0","7702000","7702000","3900","2000","195000","40"
"2014-05-26","0","19490490","19490490","3900","5000","195000","100"
"2014-05-22","0","195000","195000","3900","50","195000","1"
"2014-05-21","0.26","23391500","23391500","3900","6000","195000","120"
"2014-05-20","5.65","2334000","2334000","3890","600","194500","12"
"2014-05-19","-7.49","7160750","7160750","3682","1900","184075","38"
"2014-05-07","-0.5","18632000","18632000","3980","5000","199000","100"
"2014-04-25","1.01","8800000","8800000","4000","2200","200000","44"
"2014-04-24","7.03","2970000","2970000","3960","750","198000","15"
"2014-04-22","2.78","3685000","3685000","3700","1000","185000","20"
"2014-04-18","0","720000","720000","3600","200","180000","4"
"2014-04-16","0","360000","360000","3600","100","180000","2"
"2014-04-14","0.28","3055985","3055985","3600","850","180000","17"
"2014-04-10","0","179500","179500","3590","50","179500","1"
"2014-04-08","-2.97","2333500","2333500","3590","650","179500","13"
"2014-04-04","3.06","17945000","17945000","3700","4850","185000","97"
"2014-04-02","0","7718500","7718500","3590","2150","179500","43"
"2014-04-01","0","359000","359000","3590","100","179500","2"
"2014-03-31","0","15975425","15975425","3590","4450","179500","89"
"2014-03-26","-2.97","1256500","1256500","3590","350","179500","7"
"2014-03-24","1.65","925000","925000","3700","250","185000","5"
"2014-03-21","-1.25","182000","182000","3640","50","182000","1"
"2014-03-19","7.49","14979500","14979500","3686","4450","184300","89"
"2014-03-13","0","1714525","1714525","3429","500","171455","10"
"2014-03-12","0","17104440","17104440","3429","5000","171455","100"
"2014-03-11","0","2057460","2057460","3429","600","171455","12"
"2014-03-10","0","5657465","5657465","3429","1650","171455","33"
"2014-03-06","0","514365","514365","3429","150","171455","3"
"2014-03-05","0","1886005","1886005","3429","550","171455","11"
"2014-03-04","0","6858275","6858275","3429","2000","171455","40"
"2014-03-03","0","11631600","11631600","3429","3400","171450","68"
"2014-02-28","-0.03","1028700","1028700","3429","300","171450","6"
"2014-02-27","1.48","9093000","9093000","3430","2600","171500","52"
"2014-02-26","0","29237000","29237000","3380","8650","169000","173"
"2014-02-25","7.47","17719600","17719600","3380","5300","169000","106"
"2014-02-24","7.48","1224225","1224225","3145","400","157245","8"
"2014-02-21","7.53","37133435","37133435","2926","12700","146275","254"
"2014-02-20","-7.51","2910865","2910865","2721","1050","136070","21"
"2014-02-19","-7.48","82250095","82250095","2942","26000","147100","520"
"2014-02-13","0","2703000","2703000","3180","850","159000","17"
"2014-02-12","-0.63","2076940","2076940","3180","650","159000","13"
"2014-02-10","0","1919000","1919000","3200","600","160000","12"
"2014-02-06","0","1120000","1120000","3200","350","160000","7"
"2014-02-05","-3.03","1280000","1280000","3200","400","160000","8"
"2014-02-04","3.13","330000","330000","3300","100","165000","2"
"2014-02-03","0","160000","160000","3200","50","160000","1"
"2014-01-29","0.63","10560000","10560000","3200","3300","160000","66"
"2014-01-27","0","3339000","3339000","3180","1050","159000","21"
"2014-01-24","-0.63","2385000","2385000","3180","750","159000","15"
"2014-01-22","0","1120000","1120000","3200","350","160000","7"
"2014-01-21","0","2080000","2080000","3200","650","160000","13"
"2014-01-17","0","1600000","1600000","3200","500","160000","10"
"2014-01-16","0","800000","800000","3200","250","160000","5"
"2014-01-10","0","6720000","6720000","3200","2100","160000","42"
"2014-01-09","0","12960000","12960000","3200","4050","160000","81"
"2014-01-08","0","640000","640000","3200","200","160000","4"
"2014-01-07","-0.31","1600000","1600000","3200","500","160000","10"
"2014-01-06","0.31","160500","160500","3210","50","160500","1"
"2014-01-03","0","160000","160000","3200","50","160000","1"
"2014-01-02","0","4480030","4480030","3200","1400","160000","28"
"2013-12-31","0","1600000","1600000","3200","500","160000","10"
"2013-12-30","0","4160000","4160000","3200","1300","160000","26"
"2013-12-26","7.02","800000","800000","3200","250","160000","5"
"2013-12-24","0","1943630","1943630","2990","650","149510","13"
"2013-12-23","-6.56","30200130","30200130","2990","10100","149520","202"
"2013-12-20","0","640000","640000","3200","200","160000","4"
"2013-12-17","0","16160000","16160000","3200","5050","160000","101"
"2013-12-16","-0.4","49520800","49520800","3200","15600","160000","312"
"2013-12-13","7.49","3855360","3855360","3213","1200","160640","24"
"2013-12-11","7.52","2286710","2286710","2989","800","149435","16"
"2013-12-10","0","2086570","2086570","2780","750","139010","15"
"2013-12-09","0","834090","834090","2780","300","139015","6"
"2013-12-06","0","1946185","1946185","2780","700","139015","14"
"2013-12-02","-4.14","7801425","7801425","2780","2800","139010","56"
"2013-11-29","0","10150000","10150000","2900","3500","145000","70"
"2013-11-28","0","5800000","5800000","2900","2000","145000","40"
"2013-11-27","0","3915000","3915000","2900","1350","145000","27"
"2013-11-26","3.57","290000","290000","2900","100","145000","2"
"2013-11-25","0.68","10141300","10141300","2800","3600","140000","72"
"2013-11-22","-6.96","1668600","1668600","2781","600","139050","12"
"2013-11-20","3.07","15241350","15241350","2989","5100","149425","102"
"2013-11-19","4.32","2115050","2115050","2900","750","145000","15"
"2013-11-18","-6.71","64309825","64309825","2780","20250","139000","405"
"2013-11-14","7.19","16985000","16985000","2980","5750","149000","115"
"2013-11-13","6.92","7645275","7645275","2780","2750","139005","55"
"2013-11-12","3.17","3900000","3900000","2600","1500","130000","30"
"2013-11-11","6.78","15007250","15007250","2520","5950","126000","119"
"2013-11-08","1.2","6134000","6134000","2360","2600","118000","52"
"2013-11-07","-0.04","233200","233200","2332","100","116600","2"
"2013-11-06","7.51","20969910","20969910","2333","9000","116635","180"
"2013-11-05","-6.47","2163600","2163600","2170","900","108500","18"
"2013-11-04","7.41","2320000","2320000","2320","1000","116000","20"
"2013-10-30","0","324030","324030","2160","150","108010","3"
"2013-10-29","0","216020","216020","2160","100","108010","2"
"2013-10-28","0","1728180","1728180","2160","800","108005","16"
"2013-10-25","1.31","965050","965050","2160","450","108000","9"
"2013-10-24","0.09","319815","319815","2132","150","106605","3"
"2013-10-22","0","5506510","5506510","2130","2550","106510","51"
"2013-10-18","-0.93","6284090","6284090","2130","2950","106510","59"
"2013-10-17","1.42","2150100","2150100","2150","1000","107505","20"
"2013-10-16","0","1590000","1590000","2120","750","106000","15"
"2013-10-14","1.34","4513200","4513200","2120","2150","106000","43"
"2013-10-11","0","209200","209200","2092","100","104600","2"
"2013-10-10","0","732215","732215","2092","350","104605","7"
"2013-10-09","3.05","209200","209200","2092","100","104600","2"
"2013-10-03","1.4","2227000","2227000","2030","1100","101500","22"
"2013-10-02","-0.89","2001775","2001775","2002","1000","100100","20"
"2013-10-01","0","8121000","8121000","2020","4050","101000","81"
"2013-09-30","1","101000","101000","2020","50","101000","1"
"2013-09-26","0","1700000","1700000","2000","850","100000","17"
"2013-09-25","0","1500000","1500000","2000","750","100000","15"
"2013-09-20","0","5900000","5900000","2000","2950","100000","59"
"2013-09-19","0","900000","900000","2000","450","100000","9"
"2013-09-18","-0.99","10806000","10806000","2000","5350","100000","107"
"2013-09-16","0","5842000","5842000","2020","2900","101005","58"
"2013-09-11","0","3030150","3030150","2020","1500","101005","30"
"2013-09-09","1","1717000","1717000","2020","850","101000","17"
"2013-09-06","0","13300665","13300665","2000","6650","100005","133"
"2013-09-05","0","19100000","19100000","2000","9550","100000","191"
"2013-09-04","-7.45","1000000","1000000","2000","500","100000","10"
"2013-09-03","7.51","1080550","1080550","2161","500","108055","10"
"2013-09-02","0","201040","201040","2010","100","100520","2"
"2013-08-28","0","3216640","3216640","2010","1600","100520","32"
"2013-08-27","0","201040","201040","2010","100","100520","2"
"2013-08-26","0","100520","100520","2010","50","100520","1"
"2013-08-22","0","603120","603120","2010","300","100520","6"
"2013-08-21","0","17591000","17591000","2010","8750","100520","175"
"2013-08-20","0","502525","502525","2010","250","100505","5"
"2013-08-19","0","44222200","44222200","2010","22000","100505","440"
"2013-08-16","0","10050000","10050000","2010","5000","100500","100"
"2013-08-14","0","50451000","50451000","2010","25100","100500","502"
"2013-08-12","-0.1","52260000","52260000","2010","26000","100500","520"
"2013-08-09","0.1","1408400","1408400","2012","700","100600","14"
"2013-08-05","0","4422000","4422000","2010","2200","100500","44"
"2013-08-02","0","3618000","3618000","2010","1800","100500","36"
"2013-08-01","0.5","2010000","2010000","2010","1000","100500","20"
"2013-07-30","0","2300230","2300230","2000","1150","100010","23"
"2013-07-22","0","2700000","2700000","2000","1350","100000","27"
"2013-07-19","0","9400000","9400000","2000","4700","100000","94"
"2013-07-18","0","10001500","10001500","2000","5000","100015","100"
"2013-07-17","0","400060","400060","2000","200","100015","4"
"2013-07-16","0","20003000","20003000","2000","10000","100015","200"
"2013-07-15","0","7300730","7300730","2000","3650","100010","73"
"2013-07-12","0","4000800","4000800","2000","2000","100020","40"
"2013-07-11","0","6500650","6500650","2000","3250","100010","65"
"2013-07-09","0","14301430","14301430","2000","7150","100010","143"
"2013-07-05","0","100005","100005","2000","50","100005","1"
"2013-07-04","0","6200310","6200310","2000","3100","100005","62"
"2013-07-03","0","200000","200000","2000","100","100000","2"
"2013-06-28","0","600000","600000","2000","300","100000","6"
"2013-06-27","-0.05","1000000","1000000","2000","500","100000","10"
"2013-06-25","0.05","20011000","20011000","2001","10000","100055","200"
"2013-06-24","5.04","3500175","3500175","2000","1750","100005","35"
"2013-06-19","0.21","1142400","1142400","1904","600","95200","12"
"2013-06-18","-4.04","1140000","1140000","1900","600","95000","12"
"2013-06-13","0","39600000","39600000","1980","20000","99000","400"
"2013-06-12","0","10395000","10395000","1980","5250","99000","105"
"2013-06-11","0","9405000","9405000","1980","4750","99000","95"
"2013-06-10","0","99000","99000","1980","50","99000","1"
"2013-06-06","0","2475000","2475000","1980","1250","99000","25"
"2013-06-05","0","10395000","10395000","1980","5250","99000","105"
"2013-06-04","-1","2574000","2574000","1980","1300","99000","26"
"2013-06-03","0","8500000","8500000","2000","4250","100000","85"
"2013-05-31","0","38600000","38600000","2000","19300","100000","386"
"2013-05-30","0","2999850","2999850","2000","1500","99995","30"
"2013-05-29","0","65200000","65200000","2000","32600","100000","652"
"2013-05-23","0","26100000","26100000","2000","13050","100000","261"
"2013-05-17","0","100000","100000","2000","50","100000","1"
"2013-05-14","5.15","2300000","2300000","2000","1150","100000","23"
"2013-05-08","-0.11","951000","951000","1902","500","95100","10"
"2013-05-07","0.21","1904000","1904000","1904","1000","95200","20"
"2013-05-06","0","1235065","1235065","1900","650","95005","13"
"2013-05-02","0","3895205","3895205","1900","2050","95005","41"
"2013-04-30","5.5","1900000","1900000","1900","1000","95000","20"
"2013-04-29","3.51","17739850","17739850","1801","9850","90050","197"
"2013-04-26","-3.33","2001000","2001000","1740","1150","87000","23"
"2013-04-25","0","9000000","9000000","1800","5000","90000","100"
"2013-04-24","0","2070000","2070000","1800","1150","90000","23"
"2013-04-19","5.88","1350000","1350000","1800","750","90000","15"
"2013-04-18","-0.58","850000","850000","1700","500","85000","10"
"2013-04-12","-1.72","1624500","1624500","1710","950","85500","19"
"2013-04-11","2.96","1044000","1044000","1740","600","87000","12"
"2013-04-10","0","338000","338000","1690","200","84500","4"
"2013-04-09","0","4309500","4309500","1690","2550","84500","51"
"2013-04-08","-0.59","6591000","6591000","1690","3900","84500","78"
"2013-04-05","-1.16","2125000","2125000","1700","1250","85000","25"
"2013-04-03","0","2322135","2322135","1720","1350","86005","27"
"2013-04-02","1.18","1376000","1376000","1720","800","86000","16"
"2013-03-27","0","7225000","7225000","1700","4250","85000","85"
"2013-03-25","0","9095000","9095000","1700","5350","85000","107"
"2013-03-21","0.71","8670000","8670000","1700","5100","85000","102"
"2013-03-20","7.52","759465","759465","1688","450","84385","9"
"2013-03-15","-1.88","2355000","2355000","1570","1500","78500","30"
"2013-03-14","-5.88","800000","800000","1600","500","80000","10"
"2013-03-13","-1.16","14025000","14025000","1700","8250","85000","165"
"2013-03-12","0","49794000","49794000","1720","28950","86000","579"
"2013-03-08","2.38","3096000","3096000","1720","1800","86000","36"
"2013-03-06","1.2","2520000","2520000","1680","1500","84000","30"
"2013-03-05","0","664000","664000","1660","400","83000","8"
"2013-03-01","-6.74","1328000","1328000","1660","800","83000","16"
"2013-02-27","0","445000","445000","1780","250","89000","5"
"2013-02-26","0","18067000","18067000","1780","10150","89000","203"
"2013-02-25","0","4361000","4361000","1780","2450","89000","49"
"2013-02-22","-1.11","17978000","17978000","1780","10100","89000","202"
"2013-02-21","4.65","6120000","6120000","1800","3400","90000","68"
"2013-02-20","0","172000","172000","1720","100","86000","2"
"2013-02-19","7.5","8858000","8858000","1720","5150","86000","103"
"2013-02-14","2.56","1840000","1840000","1600","1150","80000","23"
"2013-02-12","-2.5","5850000","5850000","1560","3750","78000","75"
"2013-02-11","6.31","42800000","42800000","1600","26750","80000","535"
"2013-02-08","7.5","1505200","1505200","1505","1000","75260","20"
"2013-02-04","0","4480640","4480640","1400","3200","70010","64"
"2013-01-31","2.94","1470000","1470000","1400","1050","70000","21"
"2013-01-28","0","1836405","1836405","1360","1350","68015","27"
"2013-01-23","-1.45","2720600","2720600","1360","2000","68015","40"
"2013-01-22","0","1035000","1035000","1380","750","69000","15"
"2013-01-21","0","47271850","47271850","1380","34250","69010","685"
"2013-01-18","0","2001000","2001000","1380","1450","69000","29"
"2013-01-17","1.47","897000","897000","1380","650","69000","13"
"2013-01-16","-2.86","1360000","1360000","1360","1000","68000","20"
"2013-01-15","0","910000","910000","1400","650","70000","13"
"2013-01-11","0","1750000","1750000","1400","1250","70000","25"
"2013-01-10","0","2100000","2100000","1400","1500","70000","30"
"2013-01-08","0","3570000","3570000","1400","2550","70000","51"
"2013-01-07","0","1610000","1610000","1400","1150","70000","23"
"2013-01-04","0","2100000","2100000","1400","1500","70000","30"
"2013-01-03","0","70000","70000","1400","50","70000","1"
"2012-12-31","2.94","1050000","1050000","1400","750","70000","15"
"2012-12-28","3.03","1020000","1020000","1360","750","68000","15"
"2012-12-27","-2.94","660000","660000","1320","500","66000","10"
"2012-12-26","-0.73","2380000","2380000","1360","1750","68000","35"
"2012-12-24","0","3014000","3014000","1370","2200","68500","44"
"2012-12-21","0","5822500","5822500","1370","4250","68500","85"
"2012-12-20","0","2055000","2055000","1370","1500","68500","30"
"2012-12-19","0.74","685000","685000","1370","500","68500","10"
"2012-12-18","0","1564000","1564000","1360","1150","68000","23"
"2012-12-17","-0.73","1972000","1972000","1360","1450","68000","29"
"2012-12-14","3.79","4110000","4110000","1370","3000","68500","60"
"2012-12-13","-3.65","1320100","1320100","1320","1000","66005","20"
"2012-12-12","0","1164500","1164500","1370","850","68500","17"
"2012-12-11","0.15","616500","616500","1370","450","68500","9"
"2012-12-10","3.64","4309200","4309200","1368","3150","68400","63"
"2012-12-06","0","330000","330000","1320","250","66000","5"
"2012-12-05","0","264000","264000","1320","200","66000","4"
"2012-12-04","0","1320000","1320000","1320","1000","66000","20"
"2012-11-29","1.54","1518000","1518000","1320","1150","66000","23"
"2012-11-28","0","3640560","3640560","1300","2800","65010","56"
"2012-11-27","-5.11","1300100","1300100","1300","1000","65005","20"
"2012-11-26","0","2329000","2329000","1370","1700","68500","34"
"2012-11-23","0","1370000","1370000","1370","1000","68500","20"
"2012-11-21","3.01","10686780","10686780","1370","7800","68505","156"
"2012-11-19","-5","2992500","2992500","1330","2250","66500","45"
"2012-11-16","0","7980000","7980000","1400","5700","70000","114"
"2012-11-14","0","8260000","8260000","1400","5900","70000","118"
"2012-11-13","2.94","6440000","6440000","1400","4600","70000","92"
"2012-11-12","0","5916000","5916000","1360","4350","68000","87"
"2012-11-09","0.74","1632000","1632000","1360","1200","68000","24"
"2012-11-08","3.85","4387500","4387500","1350","3250","67500","65"
"2012-11-07","3.17","845000","845000","1300","650","65000","13"
"2012-11-06","-6.67","5733455","5733455","1260","4550","63005","91"
"2012-11-05","7.14","1485000","1485000","1350","1100","67500","22"
"2012-11-02","1.04","504000","504000","1260","400","63000","8"
"2012-10-31","7.5","810550","810550","1247","650","62350","13"
"2012-10-30","7.41","3132000","3132000","1160","2700","58000","54"
"2012-10-29","0","378000","378000","1080","350","54000","7"
"2012-10-25","1.89","540000","540000","1080","500","54000","10"
"2012-10-23","1.63","424000","424000","1060","400","53000","8"
"2012-10-19","7.53","17621630","17621630","1043","16900","52135","338"
"2012-10-18","0","26675000","26675000","970","27500","48500","550"
"2012-10-12","1.04","630500","630500","970","650","48500","13"
"2012-10-11","0","3504730","3504730","960","3650","48010","73"
"2012-10-05","1.05","480000","480000","960","500","48000","10"
"2012-09-28","0","427545","427545","950","450","47505","9"
"2012-09-26","0.85","2137500","2137500","950","2250","47500","45"
"2012-09-18","-6.82","1648500","1648500","942","1750","47100","35"
"2012-09-17","7.55","2526500","2526500","1011","2500","50530","50"
"2012-09-14","0","470050","470050","940","500","47005","10"
"2012-09-12","0","1034000","1034000","940","1100","47000","22"
"2012-09-11","-2.08","470000","470000","940","500","47000","10"
"2012-09-07","0","1248000","1248000","960","1300","48000","26"
"2012-09-05","2.13","1008000","1008000","960","1050","48000","21"
"2012-09-04","0","799000","799000","940","850","47000","17"
"2012-09-03","0","10387000","10387000","940","11050","47000","221"
"2012-08-30","-2.08","2726000","2726000","940","2900","47000","58"
"2012-08-27","3.23","2400000","2400000","960","2500","48000","50"
"2012-08-24","0","1162500","1162500","930","1250","46500","25"
"2012-08-22","-3.13","511500","511500","930","550","46500","11"
"2012-08-21","3.23","3936000","3936000","960","4100","48000","82"
"2012-08-10","-1.06","2046000","2046000","930","2200","46500","44"
"2012-08-09","-2.08","13301000","13301000","940","14150","47000","283"
"2012-08-03","2.13","1440000","1440000","960","1500","48000","30"
"2012-07-30","1.08","2350000","2350000","940","2500","47000","50"
"2012-07-26","0","418500","418500","930","450","46500","9"
"2012-07-24","-3.13","418500","418500","930","450","46500","9"
"2012-07-20","0","480000","480000","960","500","48000","10"
"2012-07-19","3.23","480000","480000","960","500","48000","10"
"2012-07-17","0","232500","232500","930","250","46500","5"
"2012-07-16","1.09","372000","372000","930","400","46500","8"
"2012-07-09","0","1380000","1380000","920","1500","46000","30"
"2012-07-06","0","1104000","1104000","920","1200","46000","24"
"2012-07-05","-4.17","1978000","1978000","920","2150","46000","43"
"2012-07-04","4.35","576000","576000","960","600","48000","12"
"2012-07-03","0","1380000","1380000","920","1500","46000","30"
"2012-06-27","0","1840000","1840000","920","2000","46000","40"
"2012-06-22","1.43","460000","460000","920","500","46000","10"
"2012-06-19","-7.45","543960","543960","907","600","45330","12"
"2012-06-15","-1.31","1470000","1470000","980","1500","49000","30"
"2012-06-11","7.47","5661810","5661810","993","5700","49665","114"
"2012-06-08","7.44","5636400","5636400","924","6100","46200","122"
"2012-06-06","7.5","645000","645000","860","750","43000","15"
"2012-06-04","0","12440000","12440000","800","15550","40000","311"
"2012-06-01","-2.44","5480000","5480000","800","6850","40000","137"
"2012-05-31","0","492000","492000","820","600","41000","12"
"2012-05-30","1.23","328000","328000","820","400","41000","8"
"2012-05-29","1.25","688500","688500","810","850","40500","17"
"2012-05-25","-13.04","1760000","1760000","800","2200","40000","44"
"2012-05-21","-4.17","1242000","1242000","920","1350","46000","27"
"2012-05-18","0","384000","384000","960","400","48000","8"
"2012-05-15","0","528000","528000","960","550","48000","11"
"2012-05-14","0.21","720000","720000","960","750","48000","15"
"2012-05-11","0","1293300","1293300","958","1350","47900","27"
"2012-05-10","0","2251300","2251300","958","2350","47900","47"
"2012-05-03","0","479000","479000","958","500","47900","10"
"2012-04-30","0","1772300","1772300","958","1850","47900","37"
"2012-04-26","0","143700","143700","958","150","47900","3"
"2012-04-24","-0.21","1580700","1580700","958","1650","47900","33"
"2012-04-23","0","6000000","6000000","960","6250","48000","125"
"2012-04-18","5.49","3024000","3024000","960","3150","48000","63"
"2012-04-16","0","1274000","1274000","910","1400","45500","28"
"2012-04-13","0","1410500","1410500","910","1550","45500","31"
"2012-04-12","4.6","1501500","1501500","910","1650","45500","33"
"2012-04-10","1.16","609000","609000","870","700","43500","14"
"2012-04-05","-1.15","559000","559000","860","650","43000","13"
"2012-04-02","0","130500","130500","870","150","43500","3"
"2012-03-30","0.69","2088000","2088000","870","2400","43500","48"
"2012-03-28","5.37","1339665","1339665","864","1550","43215","31"
"2012-03-27","1.99","615000","615000","820","750","41000","15"
"2012-03-20","0","1407000","1407000","804","1750","40200","35"
"2012-03-19","0","1407000","1407000","804","1750","40200","35"
"2012-03-16","0.5","1969800","1969800","804","2450","40200","49"
"2012-03-15","0.25","2000000","2000000","800","2500","40000","50"
"2012-03-14","-0.25","2912700","2912700","798","3650","39900","73"
"2012-03-07","0","1640000","1640000","800","2050","40000","41"
"2012-03-06","0","1960000","1960000","800","2450","40000","49"
"2012-03-02","0","1360000","1360000","800","1700","40000","34"
"2012-02-29","0","400000","400000","800","500","40000","10"
"2012-02-28","0","2080520","2080520","800","2600","40010","52"
"2012-02-27","0","1560390","1560390","800","1950","40010","39"
"2012-02-24","0","4080000","4080000","800","5100","40000","102"
"2012-02-23","0","80000","80000","800","100","40000","2"
"2012-02-22","0","3120000","3120000","800","3900","40000","78"
"2012-02-21","-0.25","480000","480000","800","600","40000","12"
"2012-02-20","0.25","2125300","2125300","802","2650","40100","53"
"2012-02-17","0","1720000","1720000","800","2150","40000","43"
"2012-02-16","-0.25","1120000","1120000","800","1400","40000","28"
"2012-02-15","0","5734300","5734300","802","7150","40100","143"
"2012-02-14","0","2045100","2045100","802","2550","40100","51"
"2012-02-09","0","200500","200500","802","250","40100","5"
"2012-02-06","0","802000","802000","802","1000","40100","20"
"2012-02-02","0","802000","802000","802","1000","40100","20"
"2012-01-31","0","4010000","4010000","802","5000","40100","100"
"2012-01-27","-0.5","2325800","2325800","802","2900","40100","58"
"2012-01-26","0","483600","483600","806","600","40300","12"
"2012-01-25","0.75","1209000","1209000","806","1500","40300","30"
"2012-01-23","-4.76","320040","320040","800","400","40005","8"
"2012-01-17","0","2730000","2730000","840","3250","42000","65"
"2012-01-16","0","1008000","1008000","840","1200","42000","24"
"2012-01-13","-6.46","1512000","1512000","840","1800","42000","36"
"2012-01-11","-5.47","359200","359200","898","400","44900","8"
"2012-01-05","-1.04","997500","997500","950","1050","47500","21"
"2011-12-20","0","192000","192000","960","200","48000","4"
"2011-11-30","0","1920000","1920000","960","2000","48000","40"
"2011-11-29","-0.62","2400000","2400000","960","2500","48000","50"
"2011-11-22","0","8307600","8307600","966","8600","48300","172"
"2011-10-28","-0.21","1207500","1207500","966","1250","48300","25"
"2011-10-27","7.56","2418750","2418750","968","2500","48375","50"
"2011-10-25","0","10215000","10215000","900","11350","45000","227"
"2011-10-18","0","1350000","1350000","900","1500","45000","30"
"2011-10-17","-2.7","720000","720000","900","800","45000","16"
"2011-10-12","-7.5","1803750","1803750","925","1950","46250","39"
"2011-10-10","-0.3","9750000","9750000","1000","9750","50000","195"
"2011-10-07","0","13785750","13785750","1003","13750","50130","275"
"2011-10-06","7.5","3007800","3007800","1003","3000","50130","60"
"2011-10-03","0","93270","93270","933","100","46635","2"
"2011-09-30","7.49","2331750","2331750","933","2500","46635","50"
"2011-09-22","0","1214780","1214780","868","1400","43385","28"
"2011-09-21","0","16182605","16182605","868","18650","43385","373"
"2011-09-19","0","433850","433850","868","500","43385","10"
"2011-09-14","0","867700","867700","868","1000","43385","20"
"2011-09-13","0","5032660","5032660","868","5800","43385","116"
"2011-09-07","0","86770","86770","868","100","43385","2"
"2011-09-05","0","1431705","1431705","868","1650","43385","33"
"2011-09-02","0","303695","303695","868","350","43385","7"
"2011-08-31","0","22343275","22343275","868","25750","43385","515"
"2011-08-25","0","1258165","1258165","868","1450","43385","29"
"2011-08-24","0","10846250","10846250","868","12500","43385","250"
"2011-08-19","-5.65","1301550","1301550","868","1500","43385","30"
"2011-08-17","0","138000","138000","920","150","46000","3"
"2011-08-12","0","1610000","1610000","920","1750","46000","35"
"2011-08-11","0","2530000","2530000","920","2750","46000","55"
"2011-08-10","0","966000","966000","920","1050","46000","21"
"2011-08-05","0","368040","368040","920","400","46005","8"
"2011-08-03","0","230000","230000","920","250","46000","5"
"2011-08-01","0","552000","552000","920","600","46000","12"
"2011-07-29","0","1794000","1794000","920","1950","46000","39"
"2011-07-27","0","1012000","1012000","920","1100","46000","22"
"2011-07-26","0","230000","230000","920","250","46000","5"
"2011-07-25","-1.92","920000","920000","920","1000","46000","20"
"2011-07-13","-0.21","656600","656600","938","700","46900","14"
"2011-07-12","2.17","517000","517000","940","550","47000","11"
"2011-07-11","0","46000","46000","920","50","46000","1"
"2011-07-08","0.88","1564000","1564000","920","1700","46000","34"
"2011-07-06","-0.87","455950","455950","912","500","45595","10"
"2011-06-24","0","598000","598000","920","650","46000","13"
"2011-06-22","0","368000","368000","920","400","46000","8"
"2011-06-17","7.48","874000","874000","920","950","46000","19"
"2011-06-16","0","513660","513660","856","600","42805","12"
"2011-06-15","5.68","85610","85610","856","100","42805","2"
"2011-06-03","-1.46","607125","607125","810","750","40475","15"
"2011-05-31","0","328800","328800","822","400","41100","8"
"2011-05-24","0","657600","657600","822","800","41100","16"
"2011-05-23","-0.12","616500","616500","822","750","41100","15"
"2011-05-20","0","82330","82330","823","100","41165","2"
"2011-05-18","-7.53","1276115","1276115","823","1550","41165","31"
"2011-05-17","0","578500","578500","890","650","44500","13"
"2011-05-13","-7.29","1557500","1557500","890","1750","44500","35"
"2011-05-11","2.56","2400000","2400000","960","2500","48000","50"
"2011-05-10","-2.3","4773600","4773600","936","5100","46800","102"
"2011-05-09","0","958000","958000","958","1000","47900","20"
"2011-05-05","0","95800","95800","958","100","47900","2"
"2011-03-03","0","622700","622700","958","650","47900","13"
"2011-02-11","0","1149600","1149600","958","1200","47900","24"
"2011-02-10","-0.21","1389100","1389100","958","1450","47900","29"
"2011-02-02","0","95970","95970","960","100","47985","2"
"2011-01-27","0","431865","431865","960","450","47985","9"
"2011-01-26","0","1007790","1007790","960","1050","47990","21"
"2011-01-24","0","144000","144000","960","150","48000","3"
"2011-01-20","0","1200000","1200000","960","1250","48000","25"
"2011-01-17","1.05","480000","480000","960","500","48000","10"
"2011-01-10","-1.04","1757500","1757500","950","1850","47500","37"
"2011-01-07","0","2544000","2544000","960","2650","48000","53"
"2011-01-05","1.69","768080","768080","960","800","48005","16"
"2010-12-31","0","1416150","1416150","944","1500","47205","30"
"2010-12-29","0","2832000","2832000","944","3000","47200","60"
"2010-12-28","0","2832000","2832000","944","3000","47200","60"
"2010-12-27","0.21","3917600","3917600","944","4150","47200","83"
"2010-12-20","0.21","4710500","4710500","942","5000","47105","100"
"2010-12-15","-0.21","658070","658070","940","700","47005","14"
"2010-12-10","0.21","3391200","3391200","942","3600","47100","72"
"2010-12-06","0","47000","47000","940","50","47000","1"
"2010-12-03","0","799000","799000","940","850","47000","17"
"2010-11-26","0","6345000","6345000","940","6750","47000","135"
"2010-11-25","0","11751250","11751250","940","12500","47005","250"
"2010-11-24","0","470000","470000","940","500","47000","10"
"2010-11-23","0","2867000","2867000","940","3050","47000","61"
"2010-11-22","1.08","1222000","1222000","940","1300","47000","26"
"2010-11-11","1.09","418500","418500","930","450","46500","9"
"2010-11-03","1.43","1058000","1058000","920","1150","46000","23"
"2010-10-28","0","589225","589225","907","650","45325","13"
"2010-10-27","-7.45","543900","543900","907","600","45325","12"
"2010-10-21","0","441000","441000","980","450","49000","9"
"2010-10-20","-0.41","833000","833000","980","850","49000","17"
"2010-10-19","0.41","1082400","1082400","984","1100","49200","22"
"2010-10-13","0","735000","735000","980","750","49000","15"
"2010-10-12","0","245000","245000","980","250","49000","5"
"2010-10-11","0","980000","980000","980","1000","49000","20"
"2010-10-06","0","343000","343000","980","350","49000","7"
"2010-09-30","0","637000","637000","980","650","49000","13"
"2010-09-29","0","1911000","1911000","980","1950","49000","39"
"2010-09-22","0","245000","245000","980","250","49000","5"
"2010-09-21","0","1225000","1225000","980","1250","49000","25"
"2010-09-16","0","735000","735000","980","750","49000","15"
"2010-09-15","-2","1960000","1960000","980","2000","49000","40"
"2010-09-03","2.04","450000","450000","1000","450","50000","9"
"2010-09-01","0","1127000","1127000","980","1150","49000","23"
"2010-08-30","0","1666000","1666000","980","1700","49000","34"
"2010-08-24","-2","2058000","2058000","980","2100","49000","42"
"2010-08-23","0","13650000","13650000","1000","13650","50000","273"
"2010-08-20","0","350000","350000","1000","350","50000","7"
"2010-08-19","2.04","1200000","1200000","1000","1200","50000","24"
"2010-08-18","0","2842000","2842000","980","2900","49000","58"
"2010-08-17","0","4900000","4900000","980","5000","49000","100"
"2010-08-12","0","1617000","1617000","980","1650","49000","33"
"2010-08-04","0","392000","392000","980","400","49000","8"
"2010-08-03","0","588000","588000","980","600","49000","12"
"2010-07-30","-2","392000","392000","980","400","49000","8"
"2010-07-28","5.26","7250000","7250000","1000","7250","50000","145"
"2010-07-27","-1.04","950200","950200","950","1000","47510","20"
"2010-07-26","0","96000","96000","960","100","48000","2"
"2010-07-23","0","864000","864000","960","900","48000","18"
"2010-07-21","-2.04","480000","480000","960","500","48000","10"
"2010-07-20","0","539000","539000","980","550","49000","11"
"2010-07-16","0","98000","98000","980","100","49000","2"
"2010-07-08","0","1225000","1225000","980","1250","49000","25"
"2010-07-07","0","1960000","1960000","980","2000","49000","40"
"2010-07-06","-0.1","6909000","6909000","980","7050","49000","141"
"2010-07-05","2.19","490350","490350","981","500","49035","10"
"2010-07-02","-3.03","720000","720000","960","750","48000","15"
"2010-07-01","0","1980000","1980000","990","2000","49500","40"
"2010-06-28","0","3960000","3960000","990","4000","49500","80"
"2010-06-24","0","198000","198000","990","200","49500","4"
"2010-06-21","3.45","544500","544500","990","550","49500","11"
"2010-06-17","7.53","908865","908865","957","950","47835","19"
"2010-06-16","-9.18","534000","534000","890","600","44500","12"
"2010-05-28","4.14","6615000","6615000","980","6750","49000","135"
"2010-05-21","-5.9","705750","705750","941","750","47050","15"
"2010-05-20","6.38","900000","900000","1000","900","50000","18"
"2010-05-19","0","470000","470000","940","500","47000","10"
"2010-05-14","0","1833000","1833000","940","1950","47000","39"
"2010-05-07","0","94000","94000","940","100","47000","2"
"2010-05-06","0","94000","94000","940","100","47000","2"
"2010-05-03","0","7755000","7755000","940","8250","47000","165"
"2010-04-30","0","6345000","6345000","940","6750","47000","135"
"2010-04-20","1.73","705000","705000","940","750","47000","15"
"2010-04-15","-3.75","646800","646800","924","700","46200","14"
"2010-04-13","4.35","2160000","2160000","960","2250","48000","45"
"2010-04-07","0","230050","230050","920","250","46010","5"
"2010-04-06","0","184040","184040","920","200","46010","4"
"2010-04-02","0.88","1932420","1932420","920","2100","46010","42"
"2010-03-29","-0.11","593060","593060","912","650","45620","13"
"2010-03-24","0.33","3469020","3469020","913","3800","45645","76"
"2010-03-22","-3.19","18200000","18200000","910","20000","45500","400"
"2010-03-19","0","1786570","1786570","940","1900","47015","38"
"2010-03-16","0","1081460","1081460","940","1150","47020","23"
"2010-03-11","0","470150","470150","940","500","47015","10"
"2010-03-08","0","235050","235050","940","250","47010","5"
"2010-03-05","0","329070","329070","940","350","47010","7"
"2010-03-03","0","1692360","1692360","940","1800","47010","36"
"2010-02-24","0.21","1222260","1222260","940","1300","47010","26"
"2010-02-22","5.39","10083500","10083500","938","10750","46900","215"
"2010-02-19","4.71","445000","445000","890","500","44500","10"
"2010-02-09","0","170080","170080","850","200","42520","4"
"2010-02-03","0","1998440","1998440","850","2350","42520","47"
"2010-02-02","0","170060","170060","850","200","42515","4"
"2010-01-29","0","552695","552695","850","650","42515","13"
"2010-01-25","0","977500","977500","850","1150","42500","23"
"2010-01-14","0","637500","637500","850","750","42500","15"
"2010-01-13","0","13005000","13005000","850","15300","42500","306"
"2010-01-12","-5.56","22057500","22057500","850","25950","42500","519"
"2010-01-08","0.22","1980000","1980000","900","2200","45000","44"
"2010-01-06","0.22","23303100","23303100","898","25950","44900","519"
"2009-12-31","0","1120000","1120000","896","1250","44800","25"
"2009-12-30","0","224000","224000","896","250","44800","5"
"2009-12-24","-0.22","492800","492800","896","550","44800","11"
"2009-12-22","-4.26","673425","673425","898","750","44895","15"
"2009-12-15","0","1031800","1031800","938","1100","46900","22"
"2009-12-10","0","750400","750400","938","800","46900","16"
"2009-12-04","1.96","1594600","1594600","938","1700","46900","34"
"2009-12-03","0","46000","46000","920","50","46000","1"
"2009-12-02","0","460000","460000","920","500","46000","10"
"2009-11-24","0","230000","230000","920","250","46000","5"
"2009-11-20","0","506000","506000","920","550","46000","11"
"2009-11-18","0","1564000","1564000","920","1700","46000","34"
"2009-11-17","0","4646000","4646000","920","5050","46000","101"
"2009-11-16","0","1426000","1426000","920","1550","46000","31"
"2009-11-13","0.22","920000","920000","920","1000","46000","20"
"2009-11-11","-0.22","1377000","1377000","918","1500","45900","30"
"2009-11-10","-1.08","1380000","1380000","920","1500","46000","30"
"2009-11-05","-0.85","1953000","1953000","930","2100","46500","42"
"2009-10-30","0","5018300","5018300","938","5350","46900","107"
"2009-10-29","0","13132000","13132000","938","14000","46900","280"
"2009-10-28","0","562800","562800","938","600","46900","12"
"2009-10-16","0","984900","984900","938","1050","46900","21"
"2009-10-15","0","4690000","4690000","938","5000","46900","100"
"2009-10-12","0","938000","938000","938","1000","46900","20"
"2009-10-09","-0.21","8723400","8723400","938","9300","46900","186"
"2009-10-08","0.21","470000","470000","940","500","47000","10"
"2009-10-07","0","1407000","1407000","938","1500","46900","30"
"2009-10-06","0","46900","46900","938","50","46900","1"
"2009-10-01","0","187600","187600","938","200","46900","4"
"2009-09-29","0","20448400","20448400","938","21800","46900","436"
"2009-09-28","0","3517500","3517500","938","3750","46900","75"
"2009-09-25","0","422100","422100","938","450","46900","9"
"2009-09-23","0","25654300","25654300","938","27350","46900","547"
"2009-09-16","-0.21","1407000","1407000","938","1500","46900","30"
"2009-09-14","-1.26","6251000","6251000","940","6650","47000","133"
"2009-09-11","0","2428110","2428110","952","2550","47610","51"
"2009-09-10","0","380880","380880","952","400","47610","8"
"2009-09-09","0","2094400","2094400","952","2200","47600","44"
"2009-09-07","0.21","5569200","5569200","952","5850","47600","117"
"2009-09-04","0","570120","570120","950","600","47510","12"
"2009-08-31","0","95010","95010","950","100","47505","2"
"2009-08-28","0","760080","760080","950","800","47505","16"
"2009-08-27","1.06","2137725","2137725","950","2250","47505","45"
"2009-08-24","0","235000","235000","940","250","47000","5"
"2009-08-20","0","658000","658000","940","700","47000","14"
"2009-08-19","0","6486000","6486000","940","6900","47000","138"
"2009-08-17","0","94000","94000","940","100","47000","2"
"2009-08-13","-2.08","611000","611000","940","650","47000","13"
"2009-08-12","0","384120","384120","960","400","48015","8"
"2009-08-11","-4","864270","864270","960","900","48015","18"
"2009-08-04","0","1400420","1400420","1000","1400","50015","28"
"2009-08-03","0","450135","450135","1000","450","50015","9"
"2009-07-28","4.17","650000","650000","1000","650","50000","13"
"2009-07-27","0","96000","96000","960","100","48000","2"
"2009-07-22","5.96","384000","384000","960","400","48000","8"
"2009-07-21","0","1132750","1132750","906","1250","45310","25"
"2009-07-17","2.72","634200","634200","906","700","45300","14"
"2009-07-10","1.38","2337300","2337300","882","2650","44100","53"
"2009-07-09","0","4090880","4090880","870","4700","43520","94"
"2009-07-08","0","435200","435200","870","500","43520","10"
"2009-07-02","0","522180","522180","870","600","43515","12"
"2009-07-01","1.05","348000","348000","870","400","43500","8"
"2009-06-25","0.12","1894200","1894200","861","2200","43050","44"
"2009-06-24","0","215050","215050","860","250","43010","5"
"2009-06-23","0","430100","430100","860","500","43010","10"
"2009-06-22","0","1978460","1978460","860","2300","43010","46"
"2009-06-19","0","516120","516120","860","600","43010","12"
"2009-06-18","0","344000","344000","860","400","43000","8"
"2009-06-17","0","688000","688000","860","800","43000","16"
"2009-06-16","0","301000","301000","860","350","43000","7"
"2009-06-15","0","172000","172000","860","200","43000","4"
"2009-06-12","0","172000","172000","860","200","43000","4"
"2009-06-10","-1.15","1247000","1247000","860","1450","43000","29"
"2009-06-09","0","130425","130425","870","150","43475","3"
"2009-06-08","0","217375","217375","870","250","43475","5"
"2009-06-04","0","912975","912975","870","1050","43475","21"
"2009-06-02","-7.45","912975","912975","870","1050","43475","21"
"2009-05-13","0","282000","282000","940","300","47000","6"
"2009-05-11","-6","470000","470000","940","500","47000","10"
"2009-05-07","0","550000","550000","1000","550","50000","11"
"2009-04-30","4.17","500000","500000","1000","500","50000","10"
"2009-04-29","0","384000","384000","960","400","48000","8"
"2009-04-23","0","384000","384000","960","400","48000","8"
"2009-04-21","0","240000","240000","960","250","48000","5"
"2009-04-20","-4","960000","960000","960","1000","48000","20"
"2009-04-17","0","10250000","10250000","1000","10250","50000","205"
"2009-04-15","0","2800000","2800000","1000","2800","50000","56"
"2009-04-14","0","10300000","10300000","1000","10300","50000","206"
"2009-04-09","-3.85","1500000","1500000","1000","1500","50000","30"
"2009-04-07","-0.57","779925","779925","1040","750","51995","15"
"2009-04-03","0","418400","418400","1046","400","52300","8"
"2009-04-02","0","156900","156900","1046","150","52300","3"
"2009-04-01","-0.19","523000","523000","1046","500","52300","10"
"2009-03-31","0","314400","314400","1048","300","52400","6"
"2009-03-27","-1.13","1048000","1048000","1048","1000","52400","20"
"2009-03-13","0","265000","265000","1060","250","53000","5"
"2009-03-12","0.95","636000","636000","1060","600","53000","12"
"2009-03-11","0","315000","315000","1050","300","52500","6"
"2009-03-06","0","262500","262500","1050","250","52500","5"
"2009-03-04","-0.19","997500","997500","1050","950","52500","19"
"2009-03-03","0","789000","789000","1052","750","52600","15"
"2009-03-02","0.19","1315000","1315000","1052","1250","52600","25"
"2009-02-26","0","18217500","18217500","1050","17350","52500","347"
"2009-02-23","0","26250000","26250000","1050","25000","52500","500"
"2009-02-20","-0.94","420000","420000","1050","400","52500","8"
"2009-02-17","0","1059900","1059900","1060","1000","52995","20"
"2009-02-16","0","529950","529950","1060","500","52995","10"
"2009-02-11","0","1590000","1590000","1060","1500","53000","30"
"2009-02-10","0","2067000","2067000","1060","1950","53000","39"
"2009-02-06","0","159000","159000","1060","150","53000","3"
"2009-02-05","-3.64","1272000","1272000","1060","1200","53000","24"
"2009-02-04","0","1100100","1100100","1100","1000","55005","20"
"2009-02-03","0","3025000","3025000","1100","2750","55000","55"
"2009-01-30","0","3025000","3025000","1100","2750","55000","55"
"2009-01-23","0","5720000","5720000","1100","5200","55000","104"
"2009-01-21","-2.91","1155000","1155000","1100","1050","55000","21"
"2009-01-16","0","113280","113280","1133","100","56640","2"
"2009-01-15","0","1982400","1982400","1133","1750","56640","35"
"2009-01-13","0","453120","453120","1133","400","56640","8"
"2009-01-09","6.89","5665000","5665000","1133","5000","56650","100"
"2009-01-08","0.95","530100","530100","1060","500","53010","10"
"2009-01-05","0.19","3517835","3517835","1050","3350","52505","67"
"2009-01-02","-7.5","30284310","30284310","1048","28900","52395","578"
"2008-12-31","7.5","28659840","28659840","1133","25300","56640","506"
"2008-12-30","-0.09","2212980","2212980","1054","2100","52690","42"
"2008-12-29","-7.46","421800","421800","1055","400","52725","8"
"2008-12-24","0","3590685","3590685","1140","3150","56995","63"
"2008-12-23","0","684000","684000","1140","600","57000","12"
"2008-12-22","0","4446000","4446000","1140","3900","57000","78"
"2008-12-19","0","969000","969000","1140","850","57000","17"
"2008-12-18","0","171000","171000","1140","150","57000","3"
"2008-12-17","14","1197000","1197000","1140","1050","57000","21"
"2008-12-09","1.01","400080","400080","1000","400","50010","8"
"2008-12-04","0.41","495100","495100","990","500","49510","10"
"2008-12-03","0.2","493000","493000","986","500","49300","10"
"2008-12-01","0.2","738075","738075","984","750","49205","15"
"2008-11-26","0.1","2160400","2160400","982","2200","49100","44"
"2008-11-25","0.1","6719850","6719850","981","6850","49050","137"
"2008-11-24","0","490000","490000","980","500","49000","10"
"2008-11-21","0","1911000","1911000","980","1950","49000","39"
"2008-11-20","0","490000","490000","980","500","49000","10"
"2008-11-19","0","2499000","2499000","980","2550","49000","51"
"2008-11-18","0","2401000","2401000","980","2450","49000","49"
"2008-11-17","0","245000","245000","980","250","49000","5"
"2008-11-14","-2","1029000","1029000","980","1050","49000","21"
"2008-11-13","0","2200000","2200000","1000","2200","50000","44"
"2008-11-12","-3.29","6150000","6150000","1000","6150","50000","123"
"2008-11-07","0","413640","413640","1034","400","51705","8"
"2008-11-06","0","6049485","6049485","1034","5850","51705","117"
"2008-11-05","-0.58","3205710","3205710","1034","3100","51705","62"
"2008-10-30","0","156000","156000","1040","150","52000","3"
"2008-10-29","-13.33","2340000","2340000","1040","2250","52000","45"
"2008-10-27","-4.61","1440000","1440000","1200","1200","60000","24"
"2008-10-23","-7.09","754800","754800","1258","600","62900","12"
"2008-10-21","-1.46","812340","812340","1354","600","67695","12"
"2008-10-20","-0.43","824400","824400","1374","600","68700","12"
"2008-10-17","0","2346000","2346000","1380","1700","69000","34"
"2008-10-15","0","1035000","1035000","1380","750","69000","15"
"2008-10-14","0.36","621000","621000","1380","450","69000","9"
"2008-10-13","0","1237590","1237590","1375","900","68755","18"
"2008-10-10","0","206265","206265","1375","150","68755","3"
"2008-10-08","0","1237590","1237590","1375","900","68755","18"
"2008-10-07","0.07","2200000","2200000","1375","1600","68750","32"
"2008-10-06","0","1305490","1305490","1374","950","68710","19"
"2008-10-03","0","893230","893230","1374","650","68710","13"
"2008-10-02","0","343550","343550","1374","250","68710","5"
"2008-10-01","0","4397440","4397440","1374","3200","68710","64"
"2008-09-24","0","3779050","3779050","1374","2750","68710","55"
"2008-09-23","0","137410","137410","1374","100","68705","2"
"2008-09-22","0","3366545","3366545","1374","2450","68705","49"
"2008-09-19","2.54","893100","893100","1374","650","68700","13"
"2008-09-18","0","536080","536080","1340","400","67010","8"
"2008-09-17","0","1675125","1675125","1340","1250","67005","25"
"2008-09-16","0","7437000","7437000","1340","5550","67000","111"
"2008-09-15","0","4556000","4556000","1340","3400","67000","68"
"2008-09-12","0","1675000","1675000","1340","1250","67000","25"
"2008-09-11","0","670000","670000","1340","500","67000","10"
"2008-09-10","-4.29","3350000","3350000","1340","2500","67000","50"
"2008-09-09","0","700000","700000","1400","500","70000","10"
"2008-09-08","0","2940000","2940000","1400","2100","70000","42"
"2008-09-05","1.45","1960000","1960000","1400","1400","70000","28"
"2008-09-04","1.47","552000","552000","1380","400","69000","8"
"2008-09-03","-2.86","1088000","1088000","1360","800","68000","16"
"2008-09-02","0","1610000","1610000","1400","1150","70000","23"
"2008-08-29","0","980000","980000","1400","700","70000","14"
"2008-08-28","0","1260000","1260000","1400","900","70000","18"
"2008-08-26","0","3570000","3570000","1400","2550","70000","51"
"2008-08-25","0","1400000","1400000","1400","1000","70000","20"
"2008-08-22","0","6650000","6650000","1400","4750","70000","95"
"2008-08-21","-1.13","5600000","5600000","1400","4000","70000","80"
"2008-08-20","0.28","4814400","4814400","1416","3400","70800","68"
"2008-08-19","0.86","1341400","1341400","1412","950","70600","19"
"2008-08-13","0","700050","700050","1400","500","70005","10"
"2008-08-12","0","630000","630000","1400","450","70000","9"
"2008-08-11","-0.14","1120000","1120000","1400","800","70000","16"
"2008-08-08","0","14996050","14996050","1402","10700","70075","214"
"2008-08-06","0.14","700750","700750","1402","500","70075","10"
"2008-08-04","0","1260270","1260270","1400","900","70015","18"
"2008-08-01","0.72","1750000","1750000","1400","1250","70000","25"
"2008-07-31","0","1251000","1251000","1390","900","69500","18"
"2008-07-30","-0.57","2432500","2432500","1390","1750","69500","35"
"2008-07-29","0.14","5032800","5032800","1398","3600","69900","72"
"2008-07-28","0.43","5793400","5793400","1396","4150","69800","83"
"2008-07-24","0.72","1042500","1042500","1390","750","69500","15"
"2008-07-21","0","1449000","1449000","1380","1050","69000","21"
"2008-07-17","0","897000","897000","1380","650","69000","13"
"2008-07-16","0","4347000","4347000","1380","3150","69000","63"
"2008-07-15","0","966000","966000","1380","700","69000","14"
"2008-07-14","6.15","20700000","20700000","1380","15000","69000","300"
"2008-07-09","-13.33","2535000","2535000","1300","1950","65000","39"
"2008-07-07","15.38","750000","750000","1500","500","75000","10"
"2008-07-03","0","1625000","1625000","1300","1250","65000","25"
"2008-07-02","0","3640000","3640000","1300","2800","65000","56"
"2008-07-01","-6.81","22880000","22880000","1300","17600","65000","352"
"2008-06-30","7.47","9767100","9767100","1395","7000","69765","140"
"2008-06-27","0.62","1557600","1557600","1298","1200","64900","24"
"2008-06-26","7.5","516000","516000","1290","400","64500","8"
"2008-06-25","3.81","2040000","2040000","1200","1700","60000","34"
"2008-06-24","7.53","982260","982260","1156","850","57780","17"
"2008-06-23","7.5","537500","537500","1075","500","53750","10"
"2008-06-19","7.53","750000","750000","1000","750","50000","15"
"2008-06-17","0","930300","930300","930","1000","46515","20"
"2008-06-13","0.43","465050","465050","930","500","46505","10"
"2008-06-12","0.65","1990900","1990900","926","2150","46300","43"
"2008-06-06","2.22","3496760","3496760","920","3800","46010","76"
"2008-06-04","0","6796510","6796510","900","7550","45010","151"
"2008-06-03","-2.17","8100900","8100900","900","9000","45005","180"
"2008-05-30","0","2162000","2162000","920","2350","46000","47"
"2008-05-29","0","1518000","1518000","920","1650","46000","33"
"2008-05-28","0","4830000","4830000","920","5250","46000","105"
"2008-05-27","0","13800000","13800000","920","15000","46000","300"
"2008-05-26","-4.17","690000","690000","920","750","46000","15"
"2008-05-23","4.35","864000","864000","960","900","48000","18"
"2008-05-22","-2.13","1932000","1932000","920","2100","46000","42"
"2008-05-20","-2.08","4230000","4230000","940","4500","47000","90"
"2008-05-16","0","6528000","6528000","960","6800","48000","136"
"2008-05-15","-8.66","5280000","5280000","960","5500","48000","110"
"2008-05-07","0","6831500","6831500","1051","6500","52550","130"
"2008-05-06","0","525500","525500","1051","500","52550","10"
"2008-05-05","0","10300780","10300780","1051","9800","52555","196"
"2008-04-29","0","472950","472950","1051","450","52550","9"
"2008-04-28","0.86","1313750","1313750","1051","1250","52550","25"
"2008-04-23","0","1667840","1667840","1042","1600","52120","32"
"2008-04-11","0","521050","521050","1042","500","52105","10"
"2008-04-09","5.79","1302500","1302500","1042","1250","52100","25"
"2008-04-07","1.55","394000","394000","985","400","49250","8"
"2008-04-01","0.21","1358000","1358000","970","1400","48500","28"
"2008-03-28","7.56","870750","870750","968","900","48375","18"
"2008-03-25","0","45000","45000","900","50","45000","1"
"2008-03-17","0","450000","450000","900","500","45000","10"
"2008-03-14","0","405000","405000","900","450","45000","9"
"2008-03-13","0","450000","450000","900","500","45000","10"
"2008-03-11","0","1170000","1170000","900","1300","45000","26"
"2008-03-10","0","3690000","3690000","900","4100","45000","82"
"2008-03-07","0","1260000","1260000","900","1400","45000","28"
"2008-03-06","0","8100000","8100000","900","9000","45000","180"
"2008-03-05","0","10980000","10980000","900","12200","45000","244"
"2008-03-04","0","450000","450000","900","500","45000","10"
"2008-03-03","-2.17","1800000","1800000","900","2000","45000","40"
"2008-02-28","0","10580000","10580000","920","11500","46000","230"
"2008-02-27","0","1702000","1702000","920","1850","46000","37"
"2008-02-26","0.11","11546000","11546000","920","12550","46000","251"
"2008-02-25","-0.11","735200","735200","919","800","45950","16"
"2008-02-22","0","2162000","2162000","920","2350","46000","47"
"2008-02-20","0","460000","460000","920","500","46000","10"
"2008-02-19","0","21978440","21978440","920","399550","45980","7991"
"2008-02-18","6.98","100788160","100788160","920","109600","45980","2192"
"2008-02-15","0","10320000","10320000","860","12000","43000","240"
"2008-02-14","0","5332000","5332000","860","6200","43000","124"
"2008-02-13","-1.83","5332000","5332000","860","6200","43000","124"
"2008-02-12","-0.45","1138410","1138410","876","1300","43785","26"
"2008-02-11","0","10602795","10602795","880","12050","43995","241"
"2008-02-08","-2.22","6952000","6952000","880","7900","44000","158"
"2008-02-07","-2.17","2114530","2114530","900","2350","44990","47"
"2008-02-05","0","1057885","1057885","920","1150","45995","23"
"2008-02-01","0","6531290","6531290","920","7100","45995","142"
"2008-01-30","0","1058000","1058000","920","1150","46000","23"
"2008-01-29","0","1196000","1196000","920","1300","46000","26"
"2008-01-28","0.22","828000","828000","920","900","46000","18"
"2008-01-24","-2.34","1377000","1377000","918","1500","45900","30"
"2008-01-21","0","5781000","5781000","940","6150","47000","123"
"2008-01-15","0","846000","846000","940","900","47000","18"
"2008-01-14","0","611000","611000","940","650","47000","13"
"2008-01-11","0","564000","564000","940","600","47000","12"
"2008-01-10","-1.05","987000","987000","940","1050","47000","21"
"2008-01-08","0","332500","332500","950","350","47500","7"
"2008-01-07","0","2422500","2422500","950","2550","47500","51"
"2008-01-04","0","522500","522500","950","550","47500","11"
"2008-01-03","0","807500","807500","950","850","47500","17"
"2008-01-02","0","2517500","2517500","950","2650","47500","53"
"2007-12-31","0","237500","237500","950","250","47500","5"
"2007-12-28","0","1662500","1662500","950","1750","47500","35"
"2007-12-27","0","4750000","4750000","950","5000","47500","100"
"2007-12-26","0.11","2232500","2232500","950","2350","47500","47"
"2007-12-24","-0.11","2989350","2989350","949","3150","47450","63"
"2007-12-21","0","2993130","2993130","950","3150","47510","63"
"2007-12-14","0","12210070","12210070","950","12850","47510","257"
"2007-12-12","0","665140","665140","950","700","47510","14"
"2007-12-11","0.85","950000","950000","950","1000","47500","20"
"2007-12-10","-0.21","847800","847800","942","900","47100","18"
"2007-12-06","0","991410","991410","944","1050","47210","21"
"2007-12-04","0","660940","660940","944","700","47210","14"
"2007-11-29","0.21","472000","472000","944","500","47200","10"
"2007-11-28","0","1366045","1366045","942","1450","47105","29"
"2007-11-27","-5.8","1413000","1413000","942","1500","47100","30"
"2007-11-22","0","250000","250000","1000","250","50000","5"
"2007-11-21","6.38","2300000","2300000","1000","2300","50000","46"
"2007-11-19","0","1222000","1222000","940","1300","47000","26"
"2007-11-16","0","940200","940200","940","1000","47010","20"
"2007-11-13","0","376080","376080","940","400","47010","8"
"2007-11-12","0","7333560","7333560","940","7800","47010","156"
"2007-11-09","0","5405575","5405575","940","5750","47005","115"
"2007-11-08","0","11751250","11751250","940","12500","47005","250"
"2007-11-07","0","1974210","1974210","940","2100","47005","42"
"2007-11-06","0","4606000","4606000","940","4900","47000","98"
"2007-11-05","0","1081000","1081000","940","1150","47000","23"
"2007-11-02","0","1692000","1692000","940","1800","47000","36"
"2007-10-31","0","2256000","2256000","940","2400","47000","48"
"2007-10-30","0","658070","658070","940","700","47005","14"
"2007-10-29","0","1786000","1786000","940","1900","47000","38"
"2007-10-26","-6","2114775","2114775","940","2250","46995","45"
"2007-10-23","0","4400000","4400000","1000","4400","50000","88"
"2007-10-22","6.38","1500000","1500000","1000","1500","50000","30"
"2007-10-19","0","2679570","2679570","940","2850","47010","57"
"2007-10-17","0","987000","987000","940","1050","47000","21"
"2007-10-16","0","4700000","4700000","940","5000","47000","100"
"2007-10-15","0","2773000","2773000","940","2950","47000","59"
"2007-10-11","-1.88","564000","564000","940","600","47000","12"
"2007-10-08","1.91","622700","622700","958","650","47900","13"
"2007-10-05","-6","2256000","2256000","940","2400","47000","48"
"2007-10-02","0","649935","649935","1000","650","49995","13"
"2007-10-01","4.17","1400000","1400000","1000","1400","50000","28"
"2007-09-28","0","2640275","2640275","960","2750","48005","55"
"2007-09-24","0","5760600","5760600","960","6000","48005","120"
"2007-09-20","0","2592270","2592270","960","2700","48005","54"
"2007-09-19","-4","12289280","12289280","960","12800","48005","256"
"2007-09-18","0","1650330","1650330","1000","1650","50010","33"
"2007-09-11","0","100020","100020","1000","100","50010","2"
"2007-09-10","0","300060","300060","1000","300","50010","6"
"2007-09-07","-7.92","1500300","1500300","1000","1500","50010","30"
"2007-09-04","0","814200","814200","1086","750","54280","15"
"2007-08-29","0","922845","922845","1086","850","54285","17"
"2007-08-28","7.52","977130","977130","1086","900","54285","18"
"2007-08-24","0","2727000","2727000","1010","2700","50500","54"
"2007-08-23","0.1","1010000","1010000","1010","1000","50500","20"
"2007-08-22","7.45","1110340","1110340","1009","1100","50470","22"
"2007-08-21","0.11","4882800","4882800","939","5200","46950","104"
"2007-08-20","15.52","3753600","3753600","938","4000","46920","80"
"2007-08-16","8.27","1218150","1218150","812","1500","40605","30"
"2007-08-13","2.46","1312675","1312675","750","1750","37505","35"
"2007-08-10","5.93","366050","366050","732","500","36605","10"
"2007-08-09","1.62","1553625","1553625","691","2250","34525","45"
"2007-07-23","0","578255","578255","680","850","34015","17"
"2007-07-18","0","2312000","2312000","680","3400","34000","68"
"2007-07-16","0","7786000","7786000","680","11450","34000","229"
"2007-07-13","0","136000","136000","680","200","34000","4"
"2007-07-12","0","612000","612000","680","900","34000","18"
"2007-07-11","0","3468000","3468000","680","5100","34000","102"
"2007-07-10","-5.29","374000","374000","680","550","34000","11"
"2007-07-06","-2.97","969300","969300","718","1350","35900","27"
"2007-07-05","-2.63","407055","407055","740","550","37005","11"
"2007-07-02","-2.56","532000","532000","760","700","38000","14"
"2007-06-29","0","273000","273000","780","350","39000","7"
"2007-06-28","0","546000","546000","780","700","39000","14"
"2007-06-26","1.04","780000","780000","780","1000","39000","20"
"2007-06-20","0","193000","193000","772","250","38600","5"
"2007-06-19","0","347400","347400","772","450","38600","9"
"2007-06-18","0","2200200","2200200","772","2850","38600","57"
"2007-06-14","1.05","2431800","2431800","772","3150","38600","63"
"2007-06-12","0.26","1337000","1337000","764","1750","38200","35"
"2007-06-07","1.2","304840","304840","762","400","38105","8"
"2007-05-30","4.58","602000","602000","753","800","37625","16"
"2007-05-29","2.86","324090","324090","720","450","36010","9"
"2007-05-22","0","385055","385055","700","550","35005","11"
"2007-05-18","0","980140","980140","700","1400","35005","28"
"2007-05-16","0","420060","420060","700","600","35005","12"
"2007-05-14","0","175000","175000","700","250","35000","5"
"2007-05-09","0","140000","140000","700","200","35000","4"
"2007-05-08","2.94","525000","525000","700","750","35000","15"
"2007-05-04","6.25","340000","340000","680","500","34000","10"
"2007-05-03","0","1024160","1024160","640","1600","32005","32"
"2007-05-02","1.43","1312205","1312205","640","2050","32005","41"
"2007-04-26","1.61","315500","315500","631","500","31550","10"
"2007-04-25","3.5","496400","496400","621","800","31025","16"
"2007-04-24","0","600300","600300","600","1000","30015","20"
"2007-04-20","0","480160","480160","600","800","30010","16"
"2007-04-18","0","540090","540090","600","900","30005","18"
"2007-04-06","2.92","510085","510085","600","850","30005","17"
"2007-03-30","0","1048680","1048680","583","1800","29130","36"
"2007-03-23","0.17","2300875","2300875","583","3950","29125","79"
"2007-03-12","0","116480","116480","582","200","29120","4"
"2007-03-01","0","2416960","2416960","582","4150","29120","83"
"2007-02-28","","13307840","13307840","582","22850","29120","457"
