"Date","Variation","Valeur","Volume Devise Total","Cours Ajuste","Volume Ajuste Total","Cours Normal","Volume Normal Total"
"2026-09-09","3.67","4663035","4663035","2120","2229","2120","2229"
"2026-09-08","-2.85","6818940","6818940","2045","3307","2045","3307"
"2026-09-07","-3.22","4361230","4361230","2105","2024","2105","2024"
"2026-09-04","-1.14","8056850","8056850","2175","3790","2175","3790"
"2026-09-03","-0.9","26668380","26668380","2200","12763","2200","12763"
"2026-09-02","-7.5","26027985","26027985","2220","11385","2220","11385"
"2026-09-01","4.58","37058775","37058775","2400","16066","2400","16066"
"2026-08-31","-0.22","2897225","2897225","2295","1270","2295","1270"
"2026-08-28","0.22","8138990","8138990","2300","3470","2300","3470"
"2026-08-27","7.49","3709795","3709795","2295","1648","2295","1648"
"2026-08-26","7.29","20193545","20193545","2135","10030","2135","10030"
"2026-08-24","0","6297580","6297580","1990","3163","1990","3163"
"2026-08-21","0","7141675","7141675","1990","3586","1990","3586"
"2026-08-20","0","2750870","2750870","1990","1382","1990","1382"
"2026-08-19","-0.25","4622190","4622190","1990","2320","1990","2320"
"2026-08-18","0.5","3802355","3802355","1995","1907","1995","1907"
"2026-08-17","-0.75","5345155","5345155","1985","2715","1985","2715"
"2026-08-14","0","1841815","1841815","2000","921","2000","921"
"2026-08-13","0.25","6168495","6168495","2000","3095","2000","3095"
"2026-08-12","0.5","4789650","4789650","1995","2435","1995","2435"
"2026-08-11","4.2","4585640","4585640","1985","2392","1985","2392"
"2026-08-10","0.26","8946850","8946850","1905","4690","1905","4690"
"2026-08-06","-0.78","2653110","2653110","1900","1386","1900","1386"
"2026-08-05","-0.78","4074020","4074020","1915","2121","1915","2121"
"2026-08-04","0","4616780","4616780","1930","2393","1930","2393"
"2026-08-03","2.12","4491440","4491440","1930","2336","1930","2336"
"2026-07-31","0.53","698550","698550","1890","371","1890","371"
"2026-07-30","0.27","2145565","2145565","1880","1137","1880","1137"
"2026-07-29","0","1303200","1303200","1875","692","1875","692"
"2026-07-28","-1.32","2589765","2589765","1875","1365","1875","1365"
"2026-07-27","-4.28","902530","902530","1900","475","1900","475"
"2026-07-24","-0.25","2051340","2051340","1985","1055","1985","1055"
"2026-07-23","0.76","1348485","1348485","1990","683","1990","683"
"2026-07-22","-0.5","892720","892720","1975","459","1975","459"
"2026-07-21","-0.25","1083815","1083815","1985","552","1985","552"
"2026-07-20","6.13","4041150","4041150","1990","2117","1990","2117"
"2026-07-17","0","8930950","8930950","1875","4512","1875","4512"
"2026-07-16","-0.27","11667820","11667820","1875","6246","1875","6246"
"2026-07-15","7.43","3373190","3373190","1880","1869","1880","1869"
"2026-07-14","-1.13","8563355","8563355","1750","4841","1750","4841"
"2026-07-13","0.85","1278055","1278055","1770","725","1770","725"
"2026-07-10","-2.77","2739885","2739885","1755","1567","1755","1567"
"2026-07-09","-7.44","2245455","2245455","1805","1228","1805","1228"
"2026-07-08","-0.51","6192605","6192605","1950","3166","1950","3166"
"2026-07-07","-1.51","2984375","2984375","1960","1522","1960","1522"
"2026-07-06","-0.5","1339900","1339900","1990","675","1990","675"
"2026-07-03","0.76","2337615","2337615","2000","1176","2000","1176"
"2026-07-02","0","6127160","6127160","1985","3107","1985","3107"
"2026-07-01","0","1878710","1878710","1985","945","1985","945"
"2026-06-30","0","6878835","6878835","1985","3477","1985","3477"
"2026-06-29","1.02","3197200","3197200","1985","1602","1985","1602"
"2026-06-26","-1.26","3300695","3300695","1965","1662","1965","1662"
"2026-06-25","1.27","1294460","1294460","1990","652","1990","652"
"2026-06-24","-1.26","2983675","2983675","1965","1504","1965","1504"
"2026-06-23","0","8412530","8412530","1990","4227","1990","4227"
"2026-06-22","-5.24","9624330","9624330","1990","4752","1990","4752"
"2026-06-19","4.22","13825490","13825490","2100","6491","2100","6491"
"2026-06-18","2.81","23768350","23768350","2015","12000","2015","12000"
"2026-06-17","3.16","5156480","5156480","1960","2621","1960","2621"
"2026-06-16","1.06","12405505","12405505","1900","6418","1900","6418"
"2026-06-15","0","9830855","9830855","1880","5230","1880","5230"
"2026-06-12","0","5587580","5587580","1880","2933","1880","2933"
"2026-06-11","7.43","4688520","4688520","1880","2584","1880","2584"
"2026-06-10","7.36","7788030","7788030","1750","4468","1750","4468"
"2026-06-09","-2.69","2081940","2081940","1630","1289","1630","1289"
"2026-06-08","1.52","1198995","1198995","1675","739","1675","739"
"2026-06-05","0","8217535","8217535","1650","4875","1650","4875"
"2026-06-04","-2.94","912355","912355","1650","558","1650","558"
"2026-06-03","0","8939755","8939755","1700","5421","1700","5421"
"2026-06-02","0","8300625","8300625","1700","4868","1700","4868"
"2026-06-01","7.26","9567100","9567100","1700","5633","1700","5633"
"2026-05-29","0","1297115","1297115","1585","815","1585","815"
"2026-05-28","6.02","2702270","2702270","1585","1714","1585","1714"
"2026-05-26","-0.33","670350","670350","1495","447","1495","447"
"2026-05-22","-1.64","2172185","2172185","1500","1423","1500","1423"
"2026-05-21","-1.61","1022200","1022200","1525","669","1525","669"
"2026-05-20","3.33","1834300","1834300","1550","1219","1550","1219"
"2026-05-19","-2.91","1703205","1703205","1500","1073","1500","1073"
"2026-05-18","0","2078975","2078975","1545","1312","1545","1312"
"2026-05-15","-2.83","6108185","6108185","1545","3859","1545","3859"
"2026-05-13","6.35","5249680","5249680","1590","3439","1590","3439"
"2026-05-12","7.17","11638415","11638415","1495","7896","1495","7896"
"2026-05-11","7.31","1191685","1191685","1395","895","1395","895"
"2026-05-08","-2.62","11466305","11466305","1300","8921","1300","8921"
"2026-05-07","-1.11","1927460","1927460","1335","1454","1335","1454"
"2026-05-06","0.37","3149345","3149345","1350","2376","1350","2376"
"2026-05-05","-7.24","2664445","2664445","1345","1981","1345","1981"
"2026-05-04","-7.35","1583400","1583400","1450","1092","1450","1092"
"2026-04-30","0","338015","338015","1565","216","1565","216"
"2026-04-29","-1.26","556340","556340","1565","355","1565","355"
"2026-04-28","-0.31","3614230","3614230","1585","2298","1585","2298"
"2026-04-27","-0.63","557230","557230","1590","349","1590","349"
"2026-04-24","0","1964485","1964485","1600","1304","1600","1304"
"2026-04-23","-1.84","2046190","2046190","1600","1291","1600","1291"
"2026-04-22","4.15","2306130","2306130","1630","1415","1630","1415"
"2026-04-21","0.32","3645885","3645885","1565","2329","1565","2329"
"2026-04-20","3.65","361400","361400","1560","235","1560","235"
"2026-04-17","-3.83","657460","657460","1505","422","1505","422"
"2026-04-16","-0.32","1301055","1301055","1565","839","1565","839"
"2026-04-15","0.32","1730290","1730290","1570","1111","1570","1111"
"2026-04-14","0.97","879975","879975","1565","564","1565","564"
"2026-04-13","-1.9","1319720","1319720","1550","837","1550","837"
"2026-04-10","0","1490850","1490850","1580","945","1580","945"
"2026-04-09","-0.32","2180685","2180685","1580","1381","1580","1381"
"2026-04-08","-0.63","899355","899355","1585","565","1585","565"
"2026-04-07","5.28","1036375","1036375","1595","663","1595","663"
"2026-04-03","-4.72","1196730","1196730","1515","782","1515","782"
"2026-04-02","0","1327295","1327295","1590","852","1590","852"
"2026-04-01","0","1969400","1969400","1590","1238","1590","1238"
"2026-03-31","0.32","627905","627905","1590","394","1590","394"
"2026-03-30","-1.55","758825","758825","1585","474","1585","474"
"2026-03-27","0","3381730","3381730","1610","2102","1610","2102"
"2026-03-26","0.63","1085285","1085285","1610","677","1610","677"
"2026-03-25","1.27","1070500","1070500","1600","671","1600","671"
"2026-03-24","-1.56","3895455","3895455","1580","2430","1580","2430"
"2026-03-23","0.31","1804075","1804075","1605","1125","1605","1125"
"2026-03-19","1.59","518690","518690","1600","328","1600","328"
"2026-03-18","-2.17","3062925","3062925","1575","1911","1575","1911"
"2026-03-17","-0.92","2605850","2605850","1610","1624","1610","1624"
"2026-03-13","1.56","1992140","1992140","1625","1247","1625","1247"
"2026-03-12","-1.84","5392740","5392740","1600","3361","1600","3361"
"2026-03-11","1.88","2722665","2722665","1630","1693","1630","1693"
"2026-03-10","0","8694820","8694820","1600","5695","1600","5695"
"2026-03-09","0","1650110","1650110","1600","1040","1600","1040"
"2026-03-06","-0.62","5279030","5279030","1600","3339","1600","3339"
"2026-03-05","1.26","2286470","2286470","1610","1438","1610","1438"
"2026-03-04","-0.63","2541810","2541810","1590","1617","1590","1617"
"2026-03-03","-1.84","4086350","4086350","1600","2553","1600","2553"
"2026-03-02","0.31","4490990","4490990","1630","2785","1630","2785"
"2026-02-27","3.17","3175730","3175730","1625","1998","1625","1998"
"2026-02-26","0.64","10445845","10445845","1575","6575","1575","6575"
"2026-02-25","-0.95","9969485","9969485","1565","6309","1565","6309"
"2026-02-24","0.32","4758185","4758185","1580","3031","1580","3031"
"2026-02-23","1.29","4116540","4116540","1575","2614","1575","2614"
"2026-02-20","-1.58","3250385","3250385","1555","2097","1555","2097"
"2026-02-19","0.32","3045205","3045205","1580","1931","1580","1931"
"2026-02-18","5","4205485","4205485","1575","2786","1575","2786"
"2026-02-17","-0.66","3251840","3251840","1500","2156","1500","2156"
"2026-02-16","-4.13","2666310","2666310","1510","1761","1510","1761"
"2026-02-13","-0.63","1745770","1745770","1575","1114","1575","1114"
"2026-02-12","-3.94","566505","566505","1585","350","1585","350"
"2026-02-11","-2.94","4807300","4807300","1650","2866","1650","2866"
"2026-02-10","6.25","6931565","6931565","1700","4101","1700","4101"
"2026-02-09","4.23","4582975","4582975","1600","2876","1600","2876"
"2026-02-06","3.02","996310","996310","1535","659","1535","659"
"2026-02-05","-3.25","1357755","1357755","1490","896","1490","896"
"2026-02-04","3.36","5351235","5351235","1540","3575","1540","3575"
"2026-02-03","-0.33","6526075","6526075","1490","4289","1490","4289"
"2026-02-02","6.79","2038475","2038475","1495","1364","1495","1364"
"2026-01-30","-3.45","6286715","6286715","1400","4482","1400","4482"
"2026-01-29","-3.33","3884360","3884360","1450","2679","1450","2679"
"2026-01-28","-2.6","3060060","3060060","1500","2131","1500","2131"
"2026-01-27","-7.23","3679135","3679135","1540","2381","1540","2381"
"2026-01-26","-1.48","1259230","1259230","1660","767","1660","767"
"2026-01-23","-5.6","2018055","2018055","1685","1167","1685","1167"
"2026-01-22","6.89","9747575","9747575","1785","5595","1785","5595"
"2026-01-21","7.4","10009345","10009345","1670","5995","1670","5995"
"2026-01-20","7.24","5255635","5255635","1555","3457","1555","3457"
"2026-01-19","7.41","2480140","2480140","1450","1752","1450","1752"
"2026-01-16","0","713120","713120","1350","513","1350","513"
"2026-01-15","0","1922515","1922515","1350","1431","1350","1431"
"2026-01-14","-2.53","249700","249700","1350","182","1350","182"
"2026-01-13","-0.36","208060","208060","1385","153","1385","153"
"2026-01-12","0.72","1226570","1226570","1390","892","1390","892"
"2026-01-09","0","529330","529330","1380","389","1380","389"
"2026-01-08","-1.08","7977960","7977960","1380","5718","1380","5718"
"2026-01-07","2.2","762445","762445","1395","556","1395","556"
"2026-01-06","-0.36","609360","609360","1365","449","1365","449"
"2026-01-05","0.37","4862970","4862970","1370","3563","1370","3563"
"2026-01-02","-3.19","1669395","1669395","1365","1223","1365","1223"
"2025-12-31","-0.7","321280","321280","1410","228","1410","228"
"2025-12-30","-0.35","2207700","2207700","1420","1557","1420","1557"
"2025-12-29","-1.72","1376240","1376240","1425","962","1425","962"
"2025-12-26","0","169650","169650","1450","117","1450","117"
"2025-12-24","0","1767645","1767645","1450","1262","1450","1262"
"2025-12-23","1.75","194705","194705","1450","136","1450","136"
"2025-12-22","0","2111100","2111100","1425","1468","1425","1468"
"2025-12-19","-1.38","687115","687115","1425","480","1425","480"
"2025-12-18","3.21","995875","995875","1445","704","1445","704"
"2025-12-17","-4.11","2667260","2667260","1400","1900","1400","1900"
"2025-12-16","0","2235770","2235770","1460","1536","1460","1536"
"2025-12-15","7.35","2730200","2730200","1460","1870","1460","1870"
"2025-12-12","-0.37","6001965","6001965","1360","4382","1360","4382"
"2025-12-11","-5.21","6960900","6960900","1365","5046","1365","5046"
"2025-12-10","0","788900","788900","1440","542","1440","542"
"2025-12-09","2.86","7700395","7700395","1440","5227","1440","5227"
"2025-12-08","-3.45","2238350","2238350","1400","1525","1400","1525"
"2025-12-05","7.41","5551235","5551235","1450","3853","1450","3853"
"2025-12-04","-0.37","1779015","1779015","1350","1315","1350","1315"
"2025-12-03","0","835415","835415","1355","609","1355","609"
"2025-12-02","-2.52","4122025","4122025","1355","3048","1355","3048"
"2025-12-01","-0.36","374040","374040","1390","269","1390","269"
"2025-11-28","2.2","2004140","2004140","1395","1462","1395","1462"
"2025-11-27","0","7512130","7512130","1365","5496","1365","5496"
"2025-11-26","-2.15","3225980","3225980","1365","2347","1365","2347"
"2025-11-25","2.2","12206030","12206030","1395","9032","1395","9032"
"2025-11-24","-2.85","2290700","2290700","1365","1670","1365","1670"
"2025-11-21","0","270715","270715","1405","193","1405","193"
"2025-11-20","-0.35","4013250","4013250","1405","2955","1405","2955"
"2025-11-19","0","2942580","2942580","1410","2172","1410","2172"
"2025-11-18","-2.76","4538780","4538780","1410","3227","1410","3227"
"2025-11-17","-0.68","1590505","1590505","1450","1108","1450","1108"
"2025-11-14","-1.68","2849845","2849845","1460","1992","1460","1992"
"2025-11-13","5.32","3861800","3861800","1485","2606","1485","2606"
"2025-11-12","7.22","2244105","2244105","1410","1593","1410","1593"
"2025-11-11","4.37","7919230","7919230","1315","6311","1315","6311"
"2025-11-10","-4.91","38138195","38138195","1260","30877","1260","30877"
"2025-11-07","-7.34","6878175","6878175","1325","5191","1325","5191"
"2025-11-06","-7.44","908120","908120","1430","635","1430","635"
"2025-11-05","-7.49","896100","896100","1545","580","1545","580"
"2025-11-04","-7.48","9702700","9702700","1670","5810","1670","5810"
"2025-11-03","-7.44","2936735","2936735","1805","1627","1805","1627"
"2025-10-31","-2.26","2609875","2609875","1950","1331","1950","1331"
"2025-10-30","4.45","9632510","9632510","1995","4911","1995","4911"
"2025-10-29","1.06","13300945","13300945","1910","7024","1910","7024"
"2025-10-28","-0.26","1888405","1888405","1890","999","1890","999"
"2025-10-27","-0.26","5816750","5816750","1895","3137","1895","3137"
"2025-10-24","4.4","4677750","4677750","1900","2479","1900","2479"
"2025-10-23","5.51","4119540","4119540","1820","2287","1820","2287"
"2025-10-22","-5.22","5837410","5837410","1725","3345","1725","3345"
"2025-10-21","0","10969810","10969810","1820","6019","1820","6019"
"2025-10-20","-4.46","6869905","6869905","1820","3786","1820","3786"
"2025-10-17","-5.69","5671885","5671885","1905","2917","1905","2917"
"2025-10-16","1","8675485","8675485","2020","4233","2020","4233"
"2025-10-15","-5.66","24962865","24962865","2000","12218","2000","12218"
"2025-10-14","6","26230035","26230035","2120","12704","2120","12704"
"2025-10-13","0.76","41227665","41227665","2000","20744","2000","20744"
"2025-10-10","1.79","25229420","25229420","1985","12749","1985","12749"
"2025-10-09","3.17","4994890","4994890","1950","2629","1950","2629"
"2025-10-08","2.72","3771740","3771740","1890","1998","1890","1998"
"2025-10-07","-3.16","3753415","3753415","1840","2035","1840","2035"
"2025-10-06","-1.81","16194890","16194890","1900","8290","1900","8290"
"2025-10-03","7.5","3919095","3919095","1935","2026","1935","2026"
"2025-10-02","6.51","5210505","5210505","1800","3007","1800","3007"
"2025-10-01","1.81","1068900","1068900","1690","633","1690","633"
"2025-09-30","0.61","5724790","5724790","1660","3440","1660","3440"
"2025-09-29","6.45","619690","619690","1650","390","1650","390"
"2025-09-26","-7.46","3386935","3386935","1550","2067","1550","2067"
"2025-09-25","0.3","927470","927470","1675","554","1675","554"
"2025-09-24","-1.76","1141565","1141565","1670","678","1670","678"
"2025-09-23","2.1","1469020","1469020","1700","875","1700","875"
"2025-09-22","0","883785","883785","1665","528","1665","528"
"2025-09-19","7.07","4089935","4089935","1665","2606","1665","2606"
"2025-09-18","7.24","2473705","2473705","1555","1681","1555","1681"
"2025-09-17","0","3095615","3095615","1450","2092","1450","2092"
"2025-09-16","-3.01","3865850","3865850","1450","2621","1450","2621"
"2025-09-15","6.79","7393875","7393875","1495","5256","1495","5256"
"2025-09-12","-6.35","5287305","5287305","1400","3775","1400","3775"
"2025-09-11","-0.99","7827965","7827965","1495","5512","1495","5512"
"2025-09-10","-7.36","7416695","7416695","1510","4866","1510","4866"
"2025-09-09","-7.39","15699750","15699750","1630","9489","1630","9489"
"2025-09-08","0","516300","516300","1760","307","1760","307"
"2025-09-05","-1.12","1147580","1147580","1760","655","1760","655"
"2025-09-03","1.71","1300355","1300355","1780","744","1780","744"
"2025-09-02","-1.96","9086770","9086770","1750","5394","1750","5394"
"2025-09-01","0.28","295715","295715","1785","165","1785","165"
"2025-08-29","-1.11","1483900","1483900","1780","831","1780","831"
"2025-08-28","-4.76","848455","848455","1800","461","1800","461"
"2025-08-27","6.18","2586280","2586280","1890","1429","1890","1429"
"2025-08-26","-6.32","4428195","4428195","1780","2447","1780","2447"
"2025-08-25","0","810595","810595","1900","434","1900","434"
"2025-08-22","-2.81","20921675","20921675","1900","10912","1900","10912"
"2025-08-21","2.62","12786065","12786065","1955","6555","1955","6555"
"2025-08-20","6.72","18048430","18048430","1905","9468","1905","9468"
"2025-08-19","7.21","11259945","11259945","1785","6728","1785","6728"
"2025-08-18","7.07","582690","582690","1665","359","1665","359"
"2025-08-14","0.32","8480585","8480585","1555","5308","1555","5308"
"2025-08-13","3.33","163355","163355","1550","109","1550","109"
"2025-08-12","0","5230650","5230650","1500","3475","1500","3475"
"2025-08-11","7.14","3383775","3383775","1500","2258","1500","2258"
"2025-08-08","2.19","5442095","5442095","1400","3905","1400","3905"
"2025-08-06","2.24","199810","199810","1370","153","1370","153"
"2025-08-05","7.2","1618675","1618675","1340","1210","1340","1210"
"2025-08-04","-3.85","781810","781810","1250","607","1250","607"
"2025-08-01","0","143045","143045","1300","108","1300","108"
"2025-07-31","3.59","32275","32275","1300","25","1300","25"
"2025-07-30","1.21","100235","100235","1255","78","1255","78"
"2025-07-29","-7.12","15093990","15093990","1240","11747","1240","11747"
"2025-07-28","4.71","753510","753510","1335","589","1335","589"
"2025-07-25","-2.67","6300945","6300945","1275","5025","1275","5025"
"2025-07-24","-2.24","3937220","3937220","1310","3020","1310","3020"
"2025-07-23","7.2","477230","477230","1340","366","1340","366"
"2025-07-22","-7.41","521050","521050","1250","396","1250","396"
"2025-07-21","0.37","162330","162330","1350","120","1350","120"
"2025-07-18","3.46","344945","344945","1345","265","1345","265"
"2025-07-17","7.44","1073460","1073460","1300","826","1300","826"
"2025-07-16","-6.92","3637425","3637425","1210","3013","1210","3013"
"2025-07-15","-6.81","375615","375615","1300","285","1300","285"
"2025-07-14","5.28","426475","426475","1395","312","1395","312"
"2025-07-11","4.74","202700","202700","1325","153","1325","153"
"2025-07-10","0","866480","866480","1265","685","1265","685"
"2025-07-09","-2.69","11245","11245","1265","9","1265","9"
"2025-07-08","-7.14","1388660","1388660","1300","967","1300","967"
"2025-07-07","6.06","646580","646580","1400","477","1400","477"
"2025-07-04","7.32","1520805","1520805","1320","1194","1320","1194"
"2025-07-03","2.5","253255","253255","1230","211","1230","211"
"2025-07-02","4.35","756340","756340","1200","631","1200","631"
"2025-07-01","-4.17","1554040","1554040","1150","1351","1150","1351"
"2025-06-30","-2.04","911025","911025","1200","756","1200","756"
"2025-06-27","0","189875","189875","1225","155","1225","155"
"2025-06-26","2.08","447675","447675","1225","374","1225","374"
"2025-06-25","0.42","45480","45480","1200","38","1200","38"
"2025-06-24","0","525760","525760","1195","441","1195","441"
"2025-06-23","3.02","31460","31460","1195","27","1195","27"
"2025-06-20","-2.52","1103995","1103995","1160","942","1160","942"
"2025-06-19","4.85","542815","542815","1190","470","1190","470"
"2025-06-18","0","20201525","20201525","1135","17899","1135","17899"
"2025-06-17","0","1322940","1322940","1135","1165","1135","1165"
"2025-06-16","-0.44","261935","261935","1135","227","1135","227"
"2025-06-13","0","126540","126540","1140","111","1140","111"
"2025-06-12","7.04","405815","405815","1140","356","1140","356"
"2025-06-11","-7.39","2748765","2748765","1065","2540","1065","2540"
"2025-06-10","1.32","2594255","2594255","1150","2286","1150","2286"
"2025-06-05","7.08","1138335","1138335","1135","1003","1135","1003"
"2025-06-04","-3.64","190100","190100","1060","173","1060","173"
"2025-06-03","3.77","355080","355080","1100","328","1100","328"
"2025-06-02","-2.75","2267225","2267225","1060","2076","1060","2076"
"2025-05-30","-4.8","169650","169650","1090","154","1090","154"
"2025-05-28","0","86950","86950","1145","76","1145","76"
"2025-05-27","0.44","29750","29750","1145","26","1145","26"
"2025-05-26","-0.44","294845","294845","1140","270","1140","270"
"2025-05-23","5.05","14305805","14305805","1145","13153","1145","13153"
"2025-05-22","-7.23","136040","136040","1090","117","1090","117"
"2025-05-21","2.62","300250","300250","1175","262","1175","262"
"2025-05-20","0","575060","575060","1145","508","1145","508"
"2025-05-19","7.01","331925","331925","1145","294","1145","294"
"2025-05-16","-7.36","4163940","4163940","1070","3882","1070","3882"
"2025-05-15","-3.75","173375","173375","1155","149","1155","149"
"2025-05-14","4.35","925615","925615","1200","762","1200","762"
"2025-05-13","6.98","1599630","1599630","1150","1472","1150","1472"
"2025-05-12","7.5","2157000","2157000","1075","2148","1075","2148"
"2025-05-09","3.09","8743580","8743580","1000","9428","1000","9428"
"2025-05-08","-3","2289620","2289620","970","2353","970","2353"
"2025-05-07","-2.44","167940","167940","1000","159","1000","159"
"2025-05-06","2.5","116225","116225","1025","112","1025","112"
"2025-05-05","-1.96","644790","644790","1000","623","1000","623"
"2025-05-02","0","2332010","2332010","1020","2334","1020","2334"
"2025-04-30","2.51","20400","20400","1020","20","1020","20"
"2025-04-29","4.74","1121755","1121755","995","1128","995","1128"
"2025-04-28","-4.52","979460","979460","950","1028","950","1028"
"2025-04-25","0","355880","355880","995","359","995","359"
"2025-04-24","0.51","15362800","15362800","995","15440","995","15440"
"2025-04-23","-0.5","1328750","1328750","990","1385","990","1385"
"2025-04-22","-0.5","1410670","1410670","995","1451","995","1451"
"2025-04-18","1.01","149555","149555","1000","145","1000","145"
"2025-04-17","0","487080","487080","990","492","990","492"
"2025-04-16","7.03","475025","475025","990","509","990","509"
"2025-04-15","6.94","8775500","8775500","925","10136","925","10136"
"2025-04-14","-6.99","388885","388885","865","448","865","448"
"2025-04-11","0.54","250320","250320","930","269","930","269"
"2025-04-10","0","9250","9250","925","10","925","10"
"2025-04-09","-7.5","2836095","2836095","925","3014","925","3014"
"2025-04-08","-3.85","210400","210400","1000","210","1000","210"
"2025-04-07","0","10400","10400","1040","10","1040","10"
"2025-04-04","-1.89","1067535","1067535","1040","1024","1040","1024"
"2025-04-02","6","69900","69900","1060","67","1060","67"
"2025-04-01","-5.66","1035955","1035955","1000","998","1000","998"
"2025-03-28","-0.47","62435","62435","1060","62","1060","62"
"2025-03-26","3.9","1914510","1914510","1065","1882","1065","1882"
"2025-03-25","0","11265","11265","1025","11","1025","11"
"2025-03-24","0.49","204275","204275","1025","201","1025","201"
"2025-03-21","-0.49","204000","204000","1020","200","1020","200"
"2025-03-20","0","3052895","3052895","1025","2955","1025","2955"
"2025-03-19","-1.91","4024980","4024980","1025","3876","1025","3876"
"2025-03-18","1.95","187815","187815","1045","183","1045","183"
"2025-03-17","-3.76","56420","56420","1025","54","1025","54"
"2025-03-14","0","1669060","1669060","1065","1593","1065","1593"
"2025-03-13","5.45","315020","315020","1065","310","1065","310"
"2025-03-12","-6.05","108130","108130","1010","103","1010","103"
"2025-03-11","1.9","85275","85275","1075","81","1075","81"
"2025-03-10","-1.86","8125135","8125135","1055","8120","1055","8120"
"2025-03-07","-2.27","1190290","1190290","1075","1158","1075","1158"
"2025-03-06","-0.9","325500","325500","1100","315","1100","315"
"2025-03-05","0.91","128370","128370","1110","119","1110","119"
"2025-03-04","-0.9","173100","173100","1100","164","1100","164"
"2025-03-03","0","1544880","1544880","1110","1486","1110","1486"
"2025-02-28","-0.45","77310","77310","1110","72","1110","72"
"2025-02-27","0.45","3345","3345","1115","3","1115","3"
"2025-02-26","5.71","12720","12720","1110","12","1110","12"
"2025-02-25","0","48210","48210","1050","45","1050","45"
"2025-02-24","0.48","87240","87240","1050","87","1050","87"
"2025-02-21","-0.48","238855","238855","1045","228","1045","228"
"2025-02-20","0","198780","198780","1050","191","1050","191"
"2025-02-19","0.96","124900","124900","1050","120","1050","120"
"2025-02-18","-0.95","104280","104280","1040","102","1040","102"
"2025-02-17","0","118290","118290","1050","113","1050","113"
"2025-02-14","6.06","78630","78630","1050","75","1050","75"
"2025-02-13","-5.26","666920","666920","990","666","990","666"
"2025-02-12","4.5","3227430","3227430","1045","3230","1045","3230"
"2025-02-11","1.52","1528000","1528000","1000","1513","1000","1513"
"2025-02-10","-7.08","42355","42355","985","43","985","43"
"2025-02-07","3.92","1604515","1604515","1060","1539","1060","1539"
"2025-02-06","0","244550","244550","1020","240","1020","240"
"2025-02-05","0","90780","90780","1020","89","1020","89"
"2025-02-04","-0.49","103020","103020","1020","101","1020","101"
"2025-02-03","-0.97","32175","32175","1025","32","1025","32"
"2025-01-31","-0.48","118030","118030","1035","114","1035","114"
"2025-01-30","-0.95","161425","161425","1040","155","1040","155"
"2025-01-29","5","113700","113700","1050","111","1050","111"
"2025-01-28","0","21000","21000","1000","21","1000","21"
"2025-01-27","0","227000","227000","1000","227","1000","227"
"2025-01-24","0","962500","962500","1000","962","1000","962"
"2025-01-23","0.5","443855","443855","1000","444","1000","444"
"2025-01-22","3.65","226860","226860","995","228","995","228"
"2025-01-21","0","252430","252430","960","265","960","265"
"2025-01-20","-4","34085","34085","960","35","960","35"
"2025-01-17","0","23000","23000","1000","23","1000","23"
"2025-01-16","-2.44","18375","18375","1000","18","1000","18"
"2025-01-15","7.33","73825","73825","1025","81","1025","81"
"2025-01-14","-7.28","778290","778290","955","794","955","794"
"2025-01-13","-2.83","229145","229145","1030","232","1030","232"
"2025-01-10","0","25435","25435","1060","24","1060","24"
"2025-01-09","6.53","485680","485680","1060","466","1060","466"
"2025-01-08","-7.44","92365","92365","995","91","995","91"
"2025-01-07","-1.38","33325","33325","1075","31","1075","31"
"2025-01-06","2.35","44095","44095","1090","41","1090","41"
"2025-01-03","0","120685","120685","1065","111","1065","111"
"2024-12-31","7.04","2130","2130","1065","2","1065","2"
"2024-12-30","-7.44","776215","776215","995","779","995","779"
"2024-12-27","7.5","53750","53750","1075","50","1075","50"
"2024-12-26","0","410000","410000","1000","410","1000","410"
"2024-12-23","5.82","75205","75205","1000","79","1000","79"
"2024-12-20","0.53","16065","16065","945","17","945","17"
"2024-12-19","-6","1128240","1128240","940","1212","940","1212"
"2024-12-18","-3.85","270450","270450","1000","270","1000","270"
"2024-12-17","-7.14","616300","616300","1040","589","1040","589"
"2024-12-16","-0.44","54175","54175","1120","49","1120","49"
"2024-12-13","0","56250","56250","1125","50","1125","50"
"2024-12-12","0","24705","24705","1125","22","1125","22"
"2024-12-11","-3.02","925975","925975","1125","861","1125","861"
"2024-12-10","0.87","132040","132040","1160","114","1160","114"
"2024-12-09","0","32085","32085","1150","28","1150","28"
"2024-12-06","-0.86","3450","3450","1150","3","1150","3"
"2024-12-05","4.5","1291820","1291820","1160","1172","1160","1172"
"2024-12-04","-7.5","263335","263335","1110","224","1110","224"
"2024-12-03","0","87600","87600","1200","73","1200","73"
"2024-12-02","0","212400","212400","1200","177","1200","177"
"2024-11-29","7.14","191100","191100","1200","164","1200","164"
"2024-11-28","0.9","847700","847700","1120","759","1120","759"
"2024-11-27","-0.89","17825","17825","1110","16","1110","16"
"2024-11-26","0.45","167255","167255","1120","150","1120","150"
"2024-11-25","-0.45","14495","14495","1115","13","1115","13"
"2024-11-22","7.18","464910","464910","1120","473","1120","473"
"2024-11-21","-7.11","1073390","1073390","1045","1027","1045","1027"
"2024-11-20","0","2250","2250","1125","2","1125","2"
"2024-11-19","-2.17","21375","21375","1125","19","1125","19"
"2024-11-18","0","630950","630950","1150","553","1150","553"
"2024-11-14","0","172500","172500","1150","150","1150","150"
"2024-11-13","4.55","8050","8050","1150","7","1150","7"
"2024-11-12","0","25300","25300","1100","23","1100","23"
"2024-11-11","0","580800","580800","1100","528","1100","528"
"2024-11-08","-4.76","29370","29370","1100","27","1100","27"
"2024-11-07","1.76","147700","147700","1155","128","1155","128"
"2024-11-06","0","79150","79150","1135","73","1135","73"
"2024-11-05","-0.44","311820","311820","1135","292","1135","292"
"2024-11-04","-1.3","1140","1140","1140","1","1140","1"
"2024-10-31","0.87","5775","5775","1155","5","1155","5"
"2024-10-30","0.44","57905","57905","1145","51","1145","51"
"2024-10-29","0","44460","44460","1140","39","1140","39"
"2024-10-28","0","35340","35340","1140","31","1140","31"
"2024-10-25","0","251995","251995","1140","222","1140","222"
"2024-10-24","-0.87","180310","180310","1140","158","1140","158"
"2024-10-23","1.77","426110","426110","1150","369","1150","369"
"2024-10-22","0","524320","524320","1130","464","1130","464"
"2024-10-21","0","271460","271460","1130","242","1130","242"
"2024-10-18","0","4661250","4661250","1130","4125","1130","4125"
"2024-10-17","4.63","369000","369000","1130","328","1130","328"
"2024-10-16","1.41","21550","21550","1080","20","1080","20"
"2024-10-15","-1.39","6522665","6522665","1065","6122","1065","6122"
"2024-10-14","0","93130","93130","1080","86","1080","86"
"2024-10-11","0","132925","132925","1080","123","1080","123"
"2024-10-10","0.93","112440","112440","1080","103","1080","103"
"2024-10-09","-6.96","624360","624360","1070","543","1070","543"
"2024-10-08","0","350590","350590","1150","305","1150","305"
"2024-10-07","0","407080","407080","1150","354","1150","354"
"2024-10-04","0.44","173320","173320","1150","151","1150","151"
"2024-10-03","-0.43","22900","22900","1145","20","1145","20"
"2024-10-02","6.98","89275","89275","1150","82","1150","82"
"2024-10-01","0","108575","108575","1075","101","1075","101"
"2024-09-30","6.97","1798060","1798060","1075","1674","1075","1674"
"2024-09-26","-1.95","738050","738050","1005","732","1005","732"
"2024-09-25","0","1268950","1268950","1025","1238","1025","1238"
"2024-09-24","1.49","154395","154395","1025","151","1025","151"
"2024-09-23","-5.61","64640","64640","1010","64","1010","64"
"2024-09-20","0","379850","379850","1070","355","1070","355"
"2024-09-19","-7.36","360740","360740","1070","334","1070","334"
"2024-09-18","-3.75","112830","112830","1155","95","1155","95"
"2024-09-17","-7.34","229465","229465","1200","177","1200","177"
"2024-09-16","-7.5","171795","171795","1295","125","1295","125"
"2024-09-13","-3.11","32600","32600","1400","23","1400","23"
"2024-09-12","0","137400","137400","1445","95","1445","95"
"2024-09-11","-0.34","23145","23145","1445","16","1445","16"
"2024-09-10","0","1748700","1748700","1450","1206","1450","1206"
"2024-09-09","0","264060","264060","1450","182","1450","182"
"2024-09-06","-7.05","274930","274930","1450","186","1450","186"
"2024-09-05","-1.89","555950","555950","1560","354","1560","354"
"2024-09-04","1.92","694070","694070","1590","434","1590","434"
"2024-09-03","7.22","563115","563115","1560","378","1560","378"
"2024-09-02","7.38","890380","890380","1455","612","1455","612"
"2024-08-30","-6.55","155375","155375","1355","110","1355","110"
"2024-08-29","-0.34","235610","235610","1450","162","1450","162"
"2024-08-28","7.38","654440","654440","1455","470","1455","470"
"2024-08-27","7.11","3997400","3997400","1355","3055","1355","3055"
"2024-08-26","7.2","1654915","1654915","1265","1323","1265","1323"
"2024-08-23","7.27","4144160","4144160","1180","3512","1180","3512"
"2024-08-22","2.8","191835","191835","1100","178","1100","178"
"2024-08-21","0.94","1222145","1222145","1070","1238","1070","1238"
"2024-08-20","-3.64","35000","35000","1060","32","1060","32"
"2024-08-19","3.77","1113790","1113790","1100","1028","1100","1028"
"2024-08-16","1.92","1299270","1299270","1060","1237","1060","1237"
"2024-08-14","-3.7","106160","106160","1040","102","1040","102"
"2024-08-13","0","251340","251340","1080","235","1080","235"
"2024-08-12","1.89","10800","10800","1080","10","1080","10"
"2024-08-09","-2.3","273850","273850","1060","260","1060","260"
"2024-08-08","7.43","135640","135640","1085","134","1085","134"
"2024-08-06","0.5","40400","40400","1010","40","1010","40"
"2024-08-05","-6.94","551255","551255","1005","551","1005","551"
"2024-08-02","0","513240","513240","1080","503","1080","503"
"2024-08-01","-0.92","306720","306720","1080","284","1080","284"
"2024-07-31","0","1195620","1195620","1090","1107","1090","1107"
"2024-07-30","0","54480","54480","1090","50","1090","50"
"2024-07-29","1.4","583260","583260","1090","540","1090","540"
"2024-07-26","-1.83","698185","698185","1075","650","1075","650"
"2024-07-24","7.35","9255","9255","1095","9","1095","9"
"2024-07-23","0","899580","899580","1020","904","1020","904"
"2024-07-22","2","186950","186950","1020","185","1020","185"
"2024-07-19","0","240000","240000","1000","240","1000","240"
"2024-07-18","0","124000","124000","1000","124","1000","124"
"2024-07-17","0","589360","589360","1000","611","1000","611"
"2024-07-16","1.01","355000","355000","1000","355","1000","355"
"2024-07-15","5.32","15875","15875","990","16","990","16"
"2024-07-12","-5.53","58320","58320","940","59","940","59"
"2024-07-11","0","900270","900270","995","901","995","901"
"2024-07-10","4.74","1055240","1055240","995","1117","995","1117"
"2024-07-09","-4.52","185250","185250","950","195","950","195"
"2024-07-08","-0.5","880745","880745","995","917","995","917"
"2024-07-04","0","17000","17000","1000","17","1000","17"
"2024-07-03","0","45600","45600","1000","46","1000","46"
"2024-07-02","5.82","217260","217260","1000","220","1000","220"
"2024-07-01","-5.5","210605","210605","945","215","945","215"
"2024-06-28","0","233000","233000","1000","233","1000","233"
"2024-06-26","4.17","668000","668000","1000","675","1000","675"
"2024-06-25","3.23","2880","2880","960","3","960","3"
"2024-06-24","0.54","91770","91770","930","97","930","97"
"2024-06-21","-7.5","647500","647500","925","700","925","700"
"2024-06-20","0","80000","80000","1000","80","1000","80"
"2024-06-19","0.5","449575","449575","1000","462","1000","462"
"2024-06-18","5.29","112935","112935","995","113","995","113"
"2024-06-14","-5.03","39765","39765","945","42","945","42"
"2024-06-13","0","501480","501480","995","504","995","504"
"2024-06-12","-0.5","548750","548750","995","554","995","554"
"2024-06-11","0","20725","20725","1000","21","1000","21"
"2024-06-10","0","542500","542500","1000","577","1000","577"
"2024-06-07","2.56","697755","697755","1000","713","1000","713"
"2024-06-06","0","106000","106000","975","110","975","110"
"2024-06-05","0","116375","116375","975","121","975","121"
"2024-06-04","4.84","246675","246675","975","253","975","253"
"2024-06-03","-4.62","1067965","1067965","930","1095","930","1095"
"2024-05-31","-7.14","1340200","1340200","975","1366","975","1366"
"2024-05-30","-0.94","158620","158620","1050","150","1050","150"
"2024-05-29","0","1166000","1166000","1060","1100","1060","1100"
"2024-05-28","-5.36","9840","9840","1060","9","1060","9"
"2024-05-27","6.67","346850","346850","1120","319","1120","319"
"2024-05-24","5","47250","47250","1050","45","1050","45"
"2024-05-23","0","5000","5000","1000","5","1000","5"
"2024-05-22","0","302000","302000","1000","302","1000","302"
"2024-05-21","-4.31","1024505","1024505","1000","1044","1000","1044"
"2024-05-17","-0.48","527055","527055","1045","509","1045","509"
"2024-05-16","0","32550","32550","1050","31","1050","31"
"2024-05-15","-0.94","319200","319200","1050","304","1050","304"
"2024-05-14","7.07","73060","73060","1060","70","1060","70"
"2024-05-13","7.03","363330","363330","990","367","990","367"
"2024-05-10","-6.57","1710505","1710505","925","1811","925","1811"
"2024-05-08","-7.48","1534750","1534750","990","1550","990","1550"
"2024-05-07","-7.36","181225","181225","1070","160","1070","160"
"2024-05-06","-0.43","3986675","3986675","1155","3613","1155","3613"
"2024-05-03","-7.2","19920","19920","1160","17","1160","17"
"2024-05-02","-3.85","40000","40000","1250","31","1250","31"
"2024-04-30","0","11700","11700","1300","9","1300","9"
"2024-04-29","0","2600","2600","1300","2","1300","2"
"2024-04-26","4","5200","5200","1300","4","1300","4"
"2024-04-24","-3.85","12558750","12558750","1250","10046","1250","10046"
"2024-04-23","0","172900","172900","1300","133","1300","133"
"2024-04-22","0","2600","2600","1300","2","1300","2"
"2024-04-19","0","89350","89350","1300","69","1300","69"
"2024-04-18","0","32500","32500","1300","25","1300","25"
"2024-04-17","7","2637975","2637975","1300","2037","1300","2037"
"2024-04-16","0","312390","312390","1215","257","1215","257"
"2024-04-15","-0.82","36450","36450","1215","30","1215","30"
"2024-04-12","0","152040","152040","1225","124","1225","124"
"2024-04-11","-1.21","86000","86000","1225","70","1225","70"
"2024-04-09","0","146320","146320","1240","118","1240","118"
"2024-04-08","-4.25","172990","172990","1240","138","1240","138"
"2024-04-05","-0.38","201165","201165","1295","158","1295","158"
"2024-04-04","4","691220","691220","1300","545","1300","545"
"2024-04-03","0.81","466460","466460","1250","374","1250","374"
"2024-04-02","-0.4","335055","335055","1240","270","1240","270"
"2024-03-29","0","168075","168075","1245","135","1245","135"
"2024-03-28","0","13745","13745","1245","11","1245","11"
"2024-03-27","3.75","82495","82495","1245","66","1245","66"
"2024-03-25","-4","312000","312000","1200","260","1200","260"
"2024-03-22","1.63","12500","12500","1250","10","1250","10"
"2024-03-21","0.41","14740","14740","1230","12","1230","12"
"2024-03-20","0","1225","1225","1225","1","1225","1"
"2024-03-19","2.08","167410","167410","1225","138","1225","138"
"2024-03-18","5.26","402000","402000","1200","335","1200","335"
"2024-03-15","0","17100","17100","1140","15","1140","15"
"2024-03-14","-0.44","11400","11400","1140","10","1140","10"
"2024-03-13","0","9160","9160","1145","8","1145","8"
"2024-03-12","0.44","365255","365255","1145","319","1145","319"
"2024-03-11","7.04","29730","29730","1140","26","1140","26"
"2024-03-08","-0.47","186400","186400","1065","175","1065","175"
"2024-03-07","-2.73","1331850","1331850","1070","1246","1070","1246"
"2024-03-06","0","220250","220250","1100","200","1100","200"
"2024-03-05","0","143000","143000","1100","130","1100","130"
"2024-03-04","-1.79","266700","266700","1100","249","1100","249"
"2024-03-01","0","6720","6720","1120","6","1120","6"
"2024-02-29","1.82","168390","168390","1120","151","1120","151"
"2024-02-28","-1.79","24440","24440","1100","22","1100","22"
"2024-02-23","-1.75","225250","225250","1120","200","1120","200"
"2024-02-22","1.79","165300","165300","1140","145","1140","145"
"2024-02-21","-5.88","284830","284830","1120","254","1120","254"
"2024-02-20","0.42","82870","82870","1190","73","1190","73"
"2024-02-19","7.24","45095","45095","1185","39","1185","39"
"2024-02-16","-7.14","661265","661265","1105","590","1105","590"
"2024-02-15","-7.39","1190","1190","1190","1","1190","1"
"2024-02-14","-3.38","136495","136495","1285","107","1285","107"
"2024-02-13","-4.66","143200","143200","1330","108","1330","108"
"2024-02-08","-0.71","477140","477140","1395","342","1395","342"
"2024-02-07","0","178435","178435","1405","127","1405","127"
"2024-02-06","0.36","11240","11240","1405","8","1405","8"
"2024-02-05","0","228200","228200","1400","163","1400","163"
"2024-02-02","0","589400","589400","1400","421","1400","421"
"2024-02-01","-3.45","55860","55860","1400","40","1400","40"
"2024-01-31","0","267705","267705","1450","190","1450","190"
"2024-01-30","0.35","227400","227400","1450","157","1450","157"
"2024-01-29","3.58","202950","202950","1445","140","1445","140"
"2024-01-26","7.31","638910","638910","1395","458","1395","458"
"2024-01-25","-3.7","411450","411450","1300","307","1300","307"
"2024-01-24","-1.46","483875","483875","1350","352","1350","352"
"2024-01-23","-0.36","766200","766200","1370","560","1370","560"
"2024-01-22","4.96","43870","43870","1375","32","1375","32"
"2024-01-19","6.94","2439740","2439740","1310","1859","1310","1859"
"2024-01-17","1.24","677430","677430","1225","554","1225","554"
"2024-01-16","3.86","141570","141570","1210","117","1210","117"
"2024-01-15","0.43","1888330","1888330","1165","1639","1165","1639"
"2024-01-12","0","136880","136880","1160","118","1160","118"
"2024-01-11","-1.28","268670","268670","1160","231","1160","231"
"2024-01-10","0","1391550","1391550","1175","1184","1175","1184"
"2024-01-09","7.31","9942330","9942330","1175","9040","1175","9040"
"2024-01-08","4.29","1020645","1020645","1095","972","1095","972"
"2024-01-05","0","732605","732605","1050","699","1050","699"
"2024-01-04","0","1365000","1365000","1050","1300","1050","1300"
"2024-01-03","0","5441700","5441700","1050","5184","1050","5184"
"2024-01-02","5","613200","613200","1050","584","1050","584"
"2023-12-29","-1.96","3133225","3133225","1000","3121","1000","3121"
"2023-12-28","-1.92","360580","360580","1020","352","1020","352"
"2023-12-27","-0.95","48910","48910","1040","47","1040","47"
"2023-12-26","2.44","138600","138600","1050","134","1050","134"
"2023-12-22","-1.44","123450","123450","1025","120","1025","120"
"2023-12-20","0","27960","27960","1040","27","1040","27"
"2023-12-19","-0.95","209040","209040","1040","201","1040","201"
"2023-12-18","0","425250","425250","1050","405","1050","405"
"2023-12-15","0","234150","234150","1050","223","1050","223"
"2023-12-14","0","6530045","6530045","1050","6335","1050","6335"
"2023-12-13","0","474450","474450","1050","459","1050","459"
"2023-12-12","0","856080","856080","1050","835","1050","835"
"2023-12-11","5.53","493500","493500","1050","491","1050","491"
"2023-12-08","-0.5","359500","359500","995","361","995","361"
"2023-12-07","0","440800","440800","1000","441","1000","441"
"2023-12-06","-1.48","1612900","1612900","1000","1596","1000","1596"
"2023-12-05","-1.46","252000","252000","1015","246","1015","246"
"2023-12-04","0.98","301790","301790","1030","293","1030","293"
"2023-12-01","-2.86","381560","381560","1020","374","1020","374"
"2023-11-30","-4.11","1564120","1564120","1050","1486","1050","1486"
"2023-11-29","0.46","162060","162060","1095","148","1095","148"
"2023-11-28","-4.39","1392400","1392400","1090","1269","1090","1269"
"2023-11-27","-0.44","368320","368320","1140","328","1140","328"
"2023-11-24","4.09","99900","99900","1145","90","1145","90"
"2023-11-23","-4.35","1543580","1543580","1100","1394","1100","1394"
"2023-11-22","-3.77","920600","920600","1150","771","1150","771"
"2023-11-21","-2.85","917950","917950","1195","765","1195","765"
"2023-11-20","0","779820","779820","1230","634","1230","634"
"2023-11-17","-1.2","766680","766680","1230","616","1230","616"
"2023-11-16","-4.23","619550","619550","1245","496","1245","496"
"2023-11-14","0","65000","65000","1300","50","1300","50"
"2023-11-13","0","227500","227500","1300","175","1300","175"
"2023-11-10","-1.89","458745","458745","1300","350","1300","350"
"2023-11-08","0","323075","323075","1325","251","1325","251"
"2023-11-07","-7.34","631950","631950","1325","458","1325","458"
"2023-11-06","-7.44","390390","390390","1430","273","1430","273"
"2023-11-03","-1.28","533845","533845","1545","368","1545","368"
"2023-11-02","-7.4","1102495","1102495","1565","702","1565","702"
"2023-10-31","-7.4","668880","668880","1690","387","1690","387"
"2023-10-30","-7.36","86535","86535","1825","44","1825","44"
"2023-10-27","0","49870","49870","1970","26","1970","26"
"2023-10-26","0","41370","41370","1970","21","1970","21"
"2023-10-25","-0.25","19700","19700","1970","10","1970","10"
"2023-10-24","-1","199475","199475","1975","101","1975","101"
"2023-10-17","0","11970","11970","1995","6","1995","6"
"2023-10-16","4.45","673495","673495","1995","371","1995","371"
"2023-10-12","6.11","19100","19100","1910","10","1910","10"
"2023-10-11","-2.17","1875440","1875440","1800","1041","1800","1041"
"2023-10-09","0","3680","3680","1840","2","1840","2"
"2023-10-06","0","110400","110400","1840","60","1840","60"
"2023-10-05","0","34960","34960","1840","19","1840","19"
"2023-10-04","2.22","77280","77280","1840","42","1840","42"
"2023-10-03","-2.17","1800","1800","1800","1","1800","1"
"2023-10-02","5.14","88340","88340","1840","48","1840","48"
"2023-09-29","-4.89","122500","122500","1750","70","1750","70"
"2023-09-28","-7.3","3680","3680","1840","2","1840","2"
"2023-09-26","1.79","610555","610555","1985","307","1985","307"
"2023-09-25","2.09","5502750","5502750","1950","2881","1950","2881"
"2023-09-22","0.26","181000","181000","1910","95","1910","95"
"2023-09-21","-0.26","95375","95375","1905","50","1905","50"
"2023-09-20","-2.05","315690","315690","1910","164","1910","164"
"2023-09-15","2.09","714920","714920","1950","372","1950","372"
"2023-09-14","0.53","1798840","1798840","1910","942","1910","942"
"2023-09-13","-0.52","3800","3800","1900","2","1900","2"
"2023-09-11","0","74440","74440","1910","39","1910","39"
"2023-09-08","7.3","3820","3820","1910","2","1910","2"
"2023-09-07","-3.78","861470","861470","1780","488","1780","488"
"2023-09-06","-4.15","53820","53820","1850","30","1850","30"
"2023-09-05","1.58","7630","7630","1930","4","1930","4"
"2023-09-04","2.15","571900","571900","1900","301","1900","301"
"2023-09-01","-3.13","1262160","1262160","1860","676","1860","676"
"2023-08-31","-1.54","284860","284860","1920","147","1920","147"
"2023-08-30","0","382200","382200","1950","196","1950","196"
"2023-08-29","2.63","313020","313020","1950","163","1950","163"
"2023-08-28","0.26","183500","183500","1900","96","1900","96"
"2023-08-25","-0.26","45480","45480","1895","24","1895","24"
"2023-08-24","0","18955","18955","1900","10","1900","10"
"2023-08-23","0","3800","3800","1900","2","1900","2"
"2023-08-22","-0.52","3673020","3673020","1900","2005","1900","2005"
"2023-08-21","-0.52","72755","72755","1910","38","1910","38"
"2023-08-18","4.35","3860","3860","1920","2","1920","2"
"2023-08-17","2.22","3205885","3205885","1840","1819","1840","1819"
"2023-08-16","2.86","1814300","1814300","1800","1047","1800","1047"
"2023-08-14","-5.41","425450","425450","1750","247","1750","247"
"2023-08-11","-7.5","147850","147850","1850","74","1850","74"
"2023-08-09","-3.85","30800","30800","2000","15","2000","15"
"2023-08-04","-0.95","24542380","24542380","2080","11785","2080","11785"
"2023-08-03","-4.11","1260000","1260000","2100","600","2100","600"
"2023-08-02","0","6105165","6105165","2190","2745","2190","2745"
"2023-08-01","1.86","2092975","2092975","2190","962","2190","962"
"2023-07-31","-0.46","234050","234050","2150","111","2150","111"
"2023-07-28","3.35","1406190","1406190","2160","674","2160","674"
"2023-07-27","1.21","152380","152380","2090","73","2090","73"
"2023-07-26","-0.72","82600","82600","2065","40","2065","40"
"2023-07-25","0","925600","925600","2080","445","2080","445"
"2023-07-24","-0.72","395475","395475","2080","189","2080","189"
"2023-07-21","-4.34","48470","48470","2095","23","2095","23"
"2023-07-20","0","6570","6570","2190","3","2190","3"
"2023-07-19","4.53","32850","32850","2190","15","2190","15"
"2023-07-18","0","2534950","2534950","2095","1210","2095","1210"
"2023-07-17","0","287015","287015","2095","137","2095","137"
"2023-07-14","-0.24","4496490","4496490","2095","2060","2095","2060"
"2023-07-13","-0.94","183450","183450","2100","87","2100","87"
"2023-07-11","-0.24","216250","216250","2120","102","2120","102"
"2023-07-06","-0.23","240380","240380","2125","113","2125","113"
"2023-07-05","0","599145","599145","2130","284","2130","284"
"2023-07-04","1.67","1398200","1398200","2130","667","2130","667"
"2023-07-03","5.28","7931445","7931445","2095","3821","2095","3821"
"2023-06-29","0","149275","149275","1990","75","1990","75"
"2023-06-27","0","49750","49750","1990","25","1990","25"
"2023-06-26","-0.5","459800","459800","1990","240","1990","240"
"2023-06-23","0","4000","4000","2000","2","2000","2"
"2023-06-22","-2.2","120000","120000","2000","60","2000","60"
"2023-06-21","4.6","624495","624495","2045","312","2045","312"
"2023-06-20","0","39100","39100","1955","20","1955","20"
"2023-06-19","0.26","136850","136850","1955","70","1955","70"
"2023-06-16","0","397800","397800","1950","204","1950","204"
"2023-06-15","2.63","686400","686400","1950","352","1950","352"
"2023-06-14","4.68","3839160","3839160","1900","2030","1900","2030"
"2023-06-13","0","1270500","1270500","1815","700","1815","700"
"2023-06-12","0.83","1943600","1943600","1815","1071","1815","1071"
"2023-06-09","0","475930","475930","1800","264","1800","264"
"2023-06-08","0","4935725","4935725","1800","2738","1800","2738"
"2023-06-07","-0.55","859580","859580","1800","477","1800","477"
"2023-06-06","0.28","79615","79615","1810","44","1810","44"
"2023-06-05","-6.96","406125","406125","1805","225","1805","225"
"2023-05-31","0","57940","57940","1940","30","1940","30"
"2023-05-30","-0.51","98940","98940","1940","51","1940","51"
"2023-05-25","0","3900","3900","1950","2","1950","2"
"2023-05-24","0","19500","19500","1950","10","1950","10"
"2023-05-23","-0.26","2509575","2509575","1950","1384","1950","1384"
"2023-05-22","-2.01","144670","144670","1955","74","1955","74"
"2023-05-19","2.57","658635","658635","1995","333","1995","333"
"2023-05-16","0","33065","33065","1945","17","1945","17"
"2023-05-15","6.28","27230","27230","1945","14","1945","14"
"2023-05-12","0","219790","219790","1830","118","1830","118"
"2023-05-11","-3.68","741150","741150","1830","405","1830","405"
"2023-05-09","0","13300","13300","1900","7","1900","7"
"2023-05-08","1.6","189050","189050","1900","101","1900","101"
"2023-05-05","-0.27","1974720","1974720","1870","1056","1870","1056"
"2023-05-04","0","89875","89875","1875","48","1875","48"
"2023-05-03","0","28125","28125","1875","15","1875","15"
"2023-05-02","-1.32","197730","197730","1875","105","1875","105"
"2023-04-27","-4.76","4703370","4703370","1900","2360","1900","2360"
"2023-04-26","-0.25","3896900","3896900","1995","2001","1995","2001"
"2023-04-25","0","2000000","2000000","2000","1000","2000","1000"
"2023-04-24","0","4000","4000","2000","2","2000","2"
"2023-04-20","1.01","59625","59625","2000","31","2000","31"
"2023-04-19","6.74","136960","136960","1980","72","1980","72"
"2023-04-17","-2.37","567860","567860","1855","302","1855","302"
"2023-04-13","-1.3","28500","28500","1900","15","1900","15"
"2023-04-12","0","212575","212575","1925","115","1925","115"
"2023-04-07","-2.78","114015","114015","1925","59","1925","59"
"2023-04-06","-0.5","118800","118800","1980","60","1980","60"
"2023-04-05","-0.25","207480","207480","1990","112","1990","112"
"2023-04-04","-0.25","19950","19950","1995","10","1995","10"
"2023-04-03","3.9","425500","425500","2000","221","2000","221"
"2023-03-31","0","500500","500500","1925","260","1925","260"
"2023-03-30","0","1020250","1020250","1925","530","1925","530"
"2023-03-29","1.32","9625","9625","1925","5","1925","5"
"2023-03-28","2.98","28500","28500","1900","15","1900","15"
"2023-03-27","-7.29","1134425","1134425","1845","585","1845","585"
"2023-03-24","-0.5","101740","101740","1990","51","1990","51"
"2023-03-23","0","196000","196000","2000","98","2000","98"
"2023-03-22","-1.72","296000","296000","2000","148","2000","148"
"2023-03-21","0","142450","142450","2035","70","2035","70"
"2023-03-20","-0.25","7264175","7264175","2035","3725","2035","3725"
"2023-03-17","4.62","2816440","2816440","2040","1386","2040","1386"
"2023-03-16","-3.94","206725","206725","1950","106","1950","106"
"2023-03-15","4.1","2030","2030","2030","1","2030","1"
"2023-03-14","0","1170000","1170000","1950","600","1950","600"
"2023-03-13","-4.41","3410200","3410200","1950","1726","1950","1726"
"2023-03-08","0","97920","97920","2040","48","2040","48"
"2023-03-07","-0.49","1362500","1362500","2040","688","2040","688"
"2023-03-06","0","177825","177825","2050","90","2050","90"
"2023-03-03","4.59","1713850","1713850","2050","862","2050","862"
"2023-03-02","7.4","50170","50170","1960","27","1960","27"
"2023-03-01","0","1173475","1173475","1825","643","1825","643"
"2023-02-28","1.39","2782595","2782595","1825","1534","1825","1534"
"2023-02-27","-2.7","2071750","2071750","1800","1145","1800","1145"
"2023-02-24","0","259000","259000","1850","140","1850","140"
"2023-02-23","-0.27","6735210","6735210","1850","3654","1850","3654"
"2023-02-22","-2.37","3105425","3105425","1855","1722","1855","1722"
"2023-02-21","0","1039300","1039300","1900","547","1900","547"
"2023-02-20","0","60550","60550","1900","32","1900","32"
"2023-02-17","-0.78","15420700","15420700","1900","8114","1900","8114"
"2023-02-16","0.79","19150","19150","1915","10","1915","10"
"2023-02-14","0","250800","250800","1900","132","1900","132"
"2023-02-13","-7.32","948550","948550","1900","490","1900","490"
"2023-02-10","0","219350","219350","2050","107","2050","107"
"2023-02-09","0","1332500","1332500","2050","650","2050","650"
"2023-02-08","0","593950","593950","2050","289","2050","289"
"2023-02-07","0","4100","4100","2050","2","2050","2"
"2023-02-06","7.33","2436100","2436100","2050","1202","2050","1202"
"2023-02-03","0","2933760","2933760","1910","1536","1910","1536"
"2023-02-02","0","792650","792650","1910","415","1910","415"
"2023-02-01","0","292230","292230","1910","153","1910","153"
"2023-01-31","0","47750","47750","1910","25","1910","25"
"2023-01-30","0","1757200","1757200","1910","920","1910","920"
"2023-01-27","0","1549010","1549010","1910","811","1910","811"
"2023-01-26","0.53","271220","271220","1910","142","1910","142"
"2023-01-24","0","1892400","1892400","1900","996","1900","996"
"2023-01-23","0","190000","190000","1900","100","1900","100"
"2023-01-20","0","133000","133000","1900","70","1900","70"
"2023-01-19","0","2215400","2215400","1900","1166","1900","1166"
"2023-01-18","5.56","203300","203300","1900","107","1900","107"
"2023-01-17","0","502200","502200","1800","279","1800","279"
"2023-01-16","-5.26","2107100","2107100","1800","1169","1800","1169"
"2023-01-13","5.26","604950","604950","1900","323","1900","323"
"2023-01-12","0.28","45125","45125","1805","25","1805","25"
"2023-01-11","-4.51","286200","286200","1800","159","1800","159"
"2023-01-09","0","227700","227700","1885","120","1885","120"
"2023-01-06","-0.79","322700","322700","1885","170","1885","170"
"2023-01-05","0","277400","277400","1900","146","1900","146"
"2023-01-04","-5","19000","19000","1900","10","1900","10"
"2023-01-03","0","26850","26850","2000","14","2000","14"
"2023-01-02","0","100000","100000","2000","50","2000","50"
"2022-12-30","6.38","210000","210000","2000","110","2000","110"
"2022-12-22","1.62","384250","384250","1880","200","1880","200"
"2022-12-19","-2.63","449550","449550","1850","243","1850","243"
"2022-12-13","2.7","412450","412450","1900","222","1900","222"
"2022-12-12","-2.63","1134000","1134000","1850","610","1850","610"
"2022-12-09","-7.32","309700","309700","1900","163","1900","163"
"2022-12-06","-2.38","205000","205000","2050","100","2050","100"
"2022-11-30","0","46200","46200","2100","22","2100","22"
"2022-11-29","5.53","4200","4200","2100","2","2100","2"
"2022-11-25","-6.13","4746280","4746280","1990","2371","1990","2371"
"2022-11-24","0","488120","488120","2120","244","2120","244"
"2022-11-23","0","25395","25395","2120","12","2120","12"
"2022-11-22","0","105915","105915","2120","50","2120","50"
"2022-11-21","-0.93","2120","2120","2120","1","2120","1"
"2022-11-18","0","97780","97780","2140","47","2140","47"
"2022-11-17","-0.47","12840","12840","2140","6","2140","6"
"2022-11-11","0","6450","6450","2150","3","2150","3"
"2022-11-10","-0.69","1937595","1937595","2150","901","2150","901"
"2022-11-09","-1.59","151080","151080","2165","70","2165","70"
"2022-11-08","0","28060","28060","2200","13","2200","13"
"2022-11-07","2.33","150640","150640","2200","70","2200","70"
"2022-11-04","-2.05","668650","668650","2150","311","2150","311"
"2022-11-03","0","35120","35120","2195","16","2195","16"
"2022-11-02","2.09","1453030","1453030","2195","669","2195","669"
"2022-10-28","0","60200","60200","2150","28","2150","28"
"2022-10-27","7.5","2150","2150","2150","1","2150","1"
"2022-10-26","-0.25","408265","408265","2000","205","2000","205"
"2022-10-25","1.78","2005","2005","2005","1","2005","1"
"2022-10-24","-3.9","1091580","1091580","1970","552","1970","552"
"2022-10-20","-6.61","209310","209310","2050","102","2050","102"
"2022-10-19","-0.23","137865","137865","2195","67","2195","67"
"2022-10-18","0","121000","121000","2200","55","2200","55"
"2022-10-17","0","8051000","8051000","2200","3660","2200","3660"
"2022-10-14","0","688950","688950","2200","321","2200","321"
"2022-10-13","-1.57","200000","200000","2200","95","2200","95"
"2022-10-12","0","254410","254410","2235","119","2235","119"
"2022-10-11","0","87450","87450","2235","40","2235","40"
"2022-10-10","0","6890425","6890425","2235","3064","2235","3064"
"2022-10-07","0","625300","625300","2235","280","2235","280"
"2022-10-06","0","560060","560060","2235","256","2235","256"
"2022-10-05","7.45","128135","128135","2235","61","2235","61"
"2022-10-04","-7.35","1154430","1154430","2080","534","2080","534"
"2022-10-03","4.91","1280440","1280440","2245","572","2245","572"
"2022-09-30","-2.73","633225","633225","2140","295","2140","295"
"2022-09-29","0","57200","57200","2200","26","2200","26"
"2022-09-28","3.77","785745","785745","2200","364","2200","364"
"2022-09-27","-0.47","19822395","19822395","2120","9266","2120","9266"
"2022-09-26","0.24","256250","256250","2130","120","2130","120"
"2022-09-23","0","1061990","1061990","2125","500","2125","500"
"2022-09-22","0","142920","142920","2125","71","2125","71"
"2022-09-21","0","244185","244185","2125","115","2125","115"
"2022-09-20","0","194900","194900","2125","95","2125","95"
"2022-09-19","0.71","516420","516420","2125","247","2125","247"
"2022-09-16","-0.71","242650","242650","2110","115","2110","115"
"2022-09-15","-0.7","85000","85000","2125","40","2125","40"
"2022-09-14","-1.38","374800","374800","2140","175","2140","175"
"2022-09-13","2.6","51255","51255","2170","24","2170","24"
"2022-09-12","-2.53","297110","297110","2115","138","2115","138"
"2022-09-09","0","140310","140310","2170","66","2170","66"
"2022-09-08","-0.23","19550","19550","2170","9","2170","9"
"2022-09-07","-0.23","120325","120325","2175","57","2175","57"
"2022-09-06","-0.46","65400","65400","2180","30","2180","30"
"2022-09-05","0","149050","149050","2190","70","2190","70"
"2022-09-02","-0.45","98550","98550","2190","45","2190","45"
"2022-09-01","4.76","3966450","3966450","2200","1803","2200","1803"
"2022-08-31","-4.55","4999450","4999450","2100","2331","2100","2331"
"2022-08-30","0.69","6460570","6460570","2200","2963","2200","2963"
"2022-08-29","-0.68","3744500","3744500","2185","1700","2185","1700"
"2022-08-26","4.76","4593600","4593600","2200","2140","2200","2140"
"2022-08-25","0","638235","638235","2100","304","2100","304"
"2022-08-24","0","2603065","2603065","2100","1317","2100","1317"
"2022-08-23","-4.55","11086000","11086000","2100","5275","2100","5275"
"2022-08-22","-2.22","2004200","2004200","2200","910","2200","910"
"2022-08-19","0","5827500","5827500","2250","2590","2250","2590"
"2022-08-18","1.12","675000","675000","2250","300","2250","300"
"2022-08-17","-1.77","26700","26700","2225","12","2225","12"
"2022-08-16","-3.62","294450","294450","2265","130","2265","130"
"2022-08-12","0","110725","110725","2350","49","2350","49"
"2022-08-11","-1.05","345250","345250","2350","147","2350","147"
"2022-08-10","6.74","266500","266500","2375","112","2375","112"
"2022-08-09","-6.51","1245625","1245625","2225","525","2225","525"
"2022-08-05","0.63","33900","33900","2380","15","2380","15"
"2022-08-04","7.5","1229800","1229800","2365","520","2365","520"
"2022-08-03","-6.98","1942050","1942050","2200","882","2200","882"
"2022-07-29","0","78045","78045","2365","33","2365","33"
"2022-07-28","7.5","9360","9360","2365","4","2365","4"
"2022-07-27","3.29","1320000","1320000","2200","600","2200","600"
"2022-07-26","-7.39","338620","338620","2130","149","2130","149"
"2022-07-25","0","126500","126500","2300","55","2300","55"
"2022-07-22","0","29900","29900","2300","13","2300","13"
"2022-07-21","0","1503625","1503625","2300","662","2300","662"
"2022-07-20","0","156800","156800","2300","70","2300","70"
"2022-07-19","-3.56","165600","165600","2300","72","2300","72"
"2022-07-18","0","2385","2385","2385","1","2385","1"
"2022-07-15","1.49","14310","14310","2385","6","2385","6"
"2022-07-14","1.95","1071765","1071765","2350","456","2350","456"
"2022-07-13","-1.91","222315","222315","2305","96","2305","96"
"2022-07-11","1.95","1578695","1578695","2350","683","2350","683"
"2022-07-08","0.22","23050","23050","2305","10","2305","10"
"2022-07-07","-1.08","557025","557025","2300","242","2300","242"
"2022-07-06","5.68","15650","15650","2325","7","2325","7"
"2022-07-05","-6.38","139150","139150","2200","63","2200","63"
"2022-07-04","7.06","115950","115950","2350","50","2350","50"
"2022-06-30","-0.23","309545","309545","2195","141","2195","141"
"2022-06-29","0.23","621600","621600","2200","283","2200","283"
"2022-06-28","-0.23","7997300","7997300","2195","3640","2195","3640"
"2022-06-27","6.8","4003900","4003900","2200","1820","2200","1820"
"2022-06-24","-6.36","1041500","1041500","2060","475","2060","475"
"2022-06-23","0.23","409900","409900","2200","190","2200","190"
"2022-06-22","-0.23","210290","210290","2195","99","2195","99"
"2022-06-21","0","236600","236600","2200","108","2200","108"
"2022-06-20","0","2619400","2619400","2200","1177","2200","1177"
"2022-06-17","0","2060350","2060350","2200","933","2200","933"
"2022-06-16","0","1403250","1403250","2200","640","2200","640"
"2022-06-15","0","346360","346360","2200","154","2200","154"
"2022-06-14","-4.35","10258900","10258900","2200","4663","2200","4663"
"2022-06-13","2.68","230100","230100","2300","100","2300","100"
"2022-06-10","1.82","386400","386400","2240","175","2240","175"
"2022-06-09","-1.57","391970","391970","2200","177","2200","177"
"2022-06-08","0.68","84380","84380","2235","36","2235","36"
"2022-06-07","0","11100","11100","2220","5","2220","5"
"2022-06-03","0","222000","222000","2220","100","2220","100"
"2022-06-02","-7.31","1935500","1935500","2220","871","2220","871"
"2022-06-01","-1.03","144075","144075","2395","63","2395","63"
"2022-05-31","-1.22","7260","7260","2420","3","2420","3"
"2022-05-30","-1.01","882170","882170","2450","360","2450","360"
"2022-05-27","-0.4","41700","41700","2475","17","2475","17"
"2022-05-25","-0.4","5605505","5605505","2485","2247","2485","2247"
"2022-05-24","3.96","66065","66065","2495","27","2495","27"
"2022-05-23","0","6091560","6091560","2400","2538","2400","2538"
"2022-05-20","6.43","408145","408145","2400","181","2400","181"
"2022-05-19","0.22","1620150","1620150","2255","720","2255","720"
"2022-05-18","6.89","952745","952745","2250","441","2250","441"
"2022-05-17","-1.17","65950","65950","2105","31","2105","31"
"2022-05-16","1.43","1731055","1731055","2130","824","2130","824"
"2022-05-13","0","511800","511800","2100","247","2100","247"
"2022-05-12","0","50400","50400","2100","24","2100","24"
"2022-05-11","4.48","1434700","1434700","2100","687","2100","687"
"2022-05-10","0.5","7412300","7412300","2010","3531","2010","3531"
"2022-05-09","0","990105","990105","2000","525","2000","525"
"2022-05-06","1.52","1166890","1166890","2000","609","2000","609"
"2022-05-05","0","577690","577690","1970","295","1970","295"
"2022-05-04","-7.29","2224130","2224130","1970","1129","1970","1129"
"2022-05-03","-7.41","212500","212500","2125","100","2125","100"
"2022-04-29","4.32","11475","11475","2295","5","2295","5"
"2022-04-27","-4.14","59290","59290","2200","26","2200","26"
"2022-04-26","-0.22","22950","22950","2295","10","2295","10"
"2022-04-25","-1.71","172500","172500","2300","75","2300","75"
"2022-04-22","-1.68","147620","147620","2340","63","2340","63"
"2022-04-21","7.45","4760","4760","2380","2","2380","2"
"2022-04-20","0","8594375","8594375","2215","3905","2215","3905"
"2022-04-19","-3.7","1679125","1679125","2215","755","2215","755"
"2022-04-15","0","368000","368000","2300","160","2300","160"
"2022-04-14","0","55200","55200","2300","24","2300","24"
"2022-04-13","0","3845350","3845350","2300","1672","2300","1672"
"2022-04-12","0","1060300","1060300","2300","461","2300","461"
"2022-04-11","2.22","546300","546300","2300","237","2300","237"
"2022-04-07","0","393750","393750","2250","175","2250","175"
"2022-04-06","2.27","779000","779000","2250","354","2250","354"
"2022-04-05","1.15","3355575","3355575","2200","1466","2200","1466"
"2022-04-04","-5.23","1165350","1165350","2175","514","2175","514"
"2022-04-01","-0.22","82620","82620","2295","36","2295","36"
"2022-03-31","0","585400","585400","2300","257","2300","257"
"2022-03-30","0","1731650","1731650","2300","753","2300","753"
"2022-03-29","0","977500","977500","2300","425","2300","425"
"2022-03-28","0","664910","664910","2300","290","2300","290"
"2022-03-25","0","3647800","3647800","2300","1586","2300","1586"
"2022-03-23","2.22","854550","854550","2300","373","2300","373"
"2022-03-22","-2.17","984000","984000","2250","430","2250","430"
"2022-03-21","0","7177400","7177400","2300","3133","2300","3133"
"2022-03-18","0","368000","368000","2300","160","2300","160"
"2022-03-17","-2.13","306800","306800","2300","131","2300","131"
"2022-03-16","0","98700","98700","2350","42","2350","42"
"2022-03-15","2.17","143350","143350","2350","61","2350","61"
"2022-03-14","0","69000","69000","2300","30","2300","30"
"2022-03-11","-3.97","121950","121950","2300","51","2300","51"
"2022-03-10","0","615770","615770","2395","277","2395","277"
"2022-03-09","0","94345","94345","2395","41","2395","41"
"2022-03-08","-4.01","1080825","1080825","2395","435","2395","435"
"2022-03-07","-0.2","489020","489020","2495","196","2495","196"
"2022-03-04","0","4522745","4522745","2500","1809","2500","1809"
"2022-03-03","0","2049920","2049920","2500","819","2500","819"
"2022-03-02","1.63","1082015","1082015","2500","435","2500","435"
"2022-03-01","0.41","984680","984680","2460","399","2460","399"
"2022-02-28","-2.39","676200","676200","2450","276","2450","276"
"2022-02-25","4.58","55220","55220","2510","22","2510","22"
"2022-02-24","0","4201820","4201820","2400","1738","2400","1738"
"2022-02-23","-4","2615160","2615160","2400","1088","2400","1088"
"2022-02-22","4.38","11782680","11782680","2500","4915","2500","4915"
"2022-02-21","4.13","5265725","5265725","2395","2238","2395","2238"
"2022-02-18","0","39100","39100","2300","17","2300","17"
"2022-02-17","-0.43","492200","492200","2300","214","2300","214"
"2022-02-16","7.44","39120","39120","2310","17","2310","17"
"2022-02-15","-2.27","159150","159150","2150","74","2150","74"
"2022-02-14","0","13131350","13131350","2200","5977","2200","5977"
"2022-02-11","0.23","3292650","3292650","2200","1500","2200","1500"
"2022-02-10","0","153735","153735","2195","70","2195","70"
"2022-02-08","-0.23","218500","218500","2195","100","2195","100"
"2022-02-07","-4.14","1590600","1590600","2200","723","2200","723"
"2022-02-04","-1.71","485450","485450","2295","210","2295","210"
"2022-02-03","-0.43","447940","447940","2335","193","2335","193"
"2022-02-02","1.96","315575","315575","2345","135","2345","135"
"2022-02-01","4.55","657800","657800","2300","286","2300","286"
"2022-01-31","2.33","8897340","8897340","2200","4231","2200","4231"
"2022-01-28","7.23","215385","215385","2150","102","2150","102"
"2022-01-27","2.3","86215","86215","2005","43","2005","43"
"2022-01-26","-6.67","1851110","1851110","1960","915","1960","915"
"2022-01-25","5","35700","35700","2100","17","2100","17"
"2022-01-24","-0.5","640000","640000","2000","320","2000","320"
"2022-01-21","0.5","960780","960780","2010","478","2010","478"
"2022-01-20","-0.25","3432380","3432380","2000","1711","2000","1711"
"2022-01-19","0.25","1403050","1403050","2005","700","2005","700"
"2022-01-18","-4.76","1011800","1011800","2000","501","2000","501"
"2022-01-17","3.96","1942700","1942700","2100","935","2100","935"
"2022-01-14","-5.16","600850","600850","2020","295","2020","295"
"2022-01-13","0","127800","127800","2130","60","2130","60"
"2022-01-12","0","128550","128550","2130","60","2130","60"
"2022-01-11","0.47","586855","586855","2130","274","2130","274"
"2022-01-10","0","1281230","1281230","2120","604","2120","604"
"2022-01-07","-1.4","212000","212000","2120","100","2120","100"
"2022-01-06","0","1575675","1575675","2150","733","2150","733"
"2022-01-05","-1.6","215000","215000","2150","100","2150","100"
"2022-01-04","-0.23","640205","640205","2185","293","2185","293"
"2022-01-03","0.69","322900","322900","2190","150","2190","150"
"2021-12-31","-0.68","594775","594775","2175","273","2175","273"
"2021-12-30","0","1178480","1178480","2190","538","2190","538"
"2021-12-29","0","76635","76635","2190","35","2190","35"
"2021-12-27","0","553910","553910","2190","253","2190","253"
"2021-12-24","0","1905300","1905300","2190","870","2190","870"
"2021-12-23","0","76650","76650","2190","35","2190","35"
"2021-12-22","6.57","333980","333980","2190","162","2190","162"
"2021-12-21","0.98","411825","411825","2055","200","2055","200"
"2021-12-20","-7.5","3941450","3941450","2035","1811","2035","1811"
"2021-12-17","0.23","99000","99000","2200","45","2200","45"
"2021-12-16","0.23","1110975","1110975","2195","505","2195","505"
"2021-12-15","-0.45","394540","394540","2190","179","2190","179"
"2021-12-14","-4.14","3581945","3581945","2200","1618","2200","1618"
"2021-12-13","2","963900","963900","2295","420","2295","420"
"2021-12-10","-2.17","5006590","5006590","2250","2221","2250","2221"
"2021-12-08","0","46000","46000","2300","20","2300","20"
"2021-12-07","2","450465","450465","2300","199","2300","199"
"2021-12-06","-4.65","4091410","4091410","2255","1780","2255","1780"
"2021-12-02","0","75680","75680","2365","32","2365","32"
"2021-12-01","7.5","1813955","1813955","2365","822","2365","822"
"2021-11-30","-4.35","229825","229825","2200","102","2200","102"
"2021-11-29","-1.5","1405245","1405245","2300","611","2300","611"
"2021-11-26","7.36","6602950","6602950","2335","3063","2335","3063"
"2021-11-25","-5.43","35473905","35473905","2175","14798","2175","14798"
"2021-11-24","5.5","2606125","2606125","2300","1135","2300","1135"
"2021-11-23","-0.91","804410","804410","2180","365","2180","365"
"2021-11-22","-2.22","772365","772365","2200","351","2200","351"
"2021-11-19","-2.17","934840","934840","2250","418","2250","418"
"2021-11-18","0","1491055","1491055","2300","649","2300","649"
"2021-11-17","0","2300","2300","2300","1","2300","1"
"2021-11-16","-0.43","85000","85000","2300","35","2300","35"
"2021-11-12","7.44","814065","814065","2310","353","2310","353"
"2021-11-11","-5.29","19326490","19326490","2150","8197","2150","8197"
"2021-11-10","-0.44","4540","4540","2270","2","2270","2"
"2021-11-09","-0.87","364500","364500","2280","159","2280","159"
"2021-11-08","0","2572230","2572230","2300","1150","2300","1150"
"2021-11-05","-0.43","1735190","1735190","2300","754","2300","754"
"2021-11-04","7.44","31487905","31487905","2310","13636","2310","13636"
"2021-11-03","2.38","553520","553520","2150","260","2150","260"
"2021-10-29","0","4082550","4082550","2100","1920","2100","1920"
"2021-10-28","0","1229880","1229880","2100","599","2100","599"
"2021-10-27","-2.33","274900","274900","2100","130","2100","130"
"2021-10-26","2.38","149250","149250","2150","73","2150","73"
"2021-10-25","5","1108500","1108500","2100","553","2100","553"
"2021-10-22","0","2236000","2236000","2000","1118","2000","1118"
"2021-10-21","-2.44","3236150","3236150","2000","1592","2000","1592"
"2021-10-20","0","127100","127100","2050","62","2050","62"
"2021-10-19","-2.38","1211850","1211850","2050","591","2050","591"
"2021-10-15","-4.55","4200","4200","2100","2","2100","2"
"2021-10-14","0.92","2815800","2815800","2200","1296","2200","1296"
"2021-10-13","-2.02","2063950","2063950","2180","947","2180","947"
"2021-10-12","1.14","1168525","1168525","2225","530","2225","530"
"2021-10-11","0","624800","624800","2200","284","2200","284"
"2021-10-08","2.33","135750","135750","2200","62","2200","62"
"2021-10-07","7.5","3171690","3171690","2150","1538","2150","1538"
"2021-10-06","2.56","2890620","2890620","2000","1454","2000","1454"
"2021-10-05","2.36","844110","844110","1950","429","1950","429"
"2021-10-04","2.97","9525","9525","1905","5","1905","5"
"2021-10-01","0","1024450","1024450","1850","558","1850","558"
"2021-09-30","-7.5","1357780","1357780","1850","702","1850","702"
"2021-09-29","-1.23","1926000","1926000","2000","963","2000","963"
"2021-09-28","1.5","7684595","7684595","2025","3850","2025","3850"
"2021-09-27","-1.72","20795","20795","1995","11","1995","11"
"2021-09-24","-0.73","5378995","5378995","2030","2651","2030","2651"
"2021-09-23","0.74","10103615","10103615","2045","4949","2045","4949"
"2021-09-22","-0.73","907315","907315","2030","453","2030","453"
"2021-09-21","0","1017350","1017350","2045","498","2045","498"
"2021-09-20","-0.24","2112795","2112795","2045","1041","2045","1041"
"2021-09-17","-0.73","4084455","4084455","2050","1974","2050","1974"
"2021-09-16","-0.48","8000370","8000370","2065","3866","2065","3866"
"2021-09-15","6.14","22932765","22932765","2075","11507","2075","11507"
"2021-09-14","7.42","53758260","53758260","1955","27586","1955","27586"
"2021-09-13","5.51","13125","13125","1820","8","1820","8"
"2021-09-10","7.48","365225","365225","1725","213","1725","213"
"2021-09-09","-2.73","4775670","4775670","1605","2874","1605","2874"
"2021-09-08","-3.51","6708100","6708100","1650","3988","1650","3988"
"2021-09-07","0","5766285","5766285","1710","3171","1710","3171"
"2021-09-06","-6.3","306420","306420","1710","171","1710","171"
"2021-09-03","0","949000","949000","1825","520","1825","520"
"2021-09-02","0","136875","136875","1825","75","1825","75"
"2021-09-01","0","658775","658775","1825","361","1825","361"
"2021-08-31","1.39","2117000","2117000","1825","1160","1825","1160"
"2021-08-30","-1.1","920335","920335","1800","506","1800","506"
"2021-08-27","-5.21","1420600","1420600","1820","780","1820","780"
"2021-08-26","6.96","61440","61440","1920","32","1920","32"
"2021-08-25","7.49","30345","30345","1795","17","1795","17"
"2021-08-24","-3.19","547570","547570","1670","317","1670","317"
"2021-08-23","0","54130","54130","1725","30","1725","30"
"2021-08-20","1.47","471390","471390","1725","262","1725","262"
"2021-08-19","-2.3","5742500","5742500","1700","3080","1700","3080"
"2021-08-18","7.41","206340","206340","1740","121","1740","121"
"2021-08-17","0","162000","162000","1620","100","1620","100"
"2021-08-16","0.62","81000","81000","1620","50","1620","50"
"2021-08-13","0.63","8050","8050","1610","5","1610","5"
"2021-08-12","-5.88","3054000","3054000","1600","1870","1600","1870"
"2021-08-11","-5.56","2969610","2969610","1700","1568","1700","1568"
"2021-08-10","-2.7","3509525","3509525","1800","1929","1800","1929"
"2021-08-09","-5.13","1973700","1973700","1850","1066","1850","1066"
"2021-08-06","6.85","4172390","4172390","1950","2197","1950","2197"
"2021-08-05","6.1","102125","102125","1825","56","1825","56"
"2021-08-04","0.58","1768015","1768015","1720","1028","1720","1028"
"2021-08-03","0.29","445895","445895","1710","261","1710","261"
"2021-08-02","0.29","187550","187550","1705","110","1705","110"
"2021-07-30","-6.59","13547055","13547055","1700","7590","1700","7590"
"2021-07-29","0.55","177185","177185","1820","98","1820","98"
"2021-07-28","0.56","606180","606180","1810","328","1810","328"
"2021-07-27","-3.23","1283240","1283240","1800","693","1800","693"
"2021-07-26","-7","7249250","7249250","1860","3477","1860","3477"
"2021-07-22","0","28000","28000","2000","14","2000","14"
"2021-07-21","-4.31","4282000","4282000","2000","2141","2000","2141"
"2021-07-19","0","45980","45980","2090","22","2090","22"
"2021-07-16","4.5","552630","552630","2090","267","2090","267"
"2021-07-15","-4.53","1259540","1259540","2000","607","2000","607"
"2021-07-14","5.54","2554025","2554025","2095","1250","2095","1250"
"2021-07-13","-0.25","989625","989625","1985","526","1985","526"
"2021-07-12","7.28","72615","72615","1990","39","1990","39"
"2021-07-09","-1.33","7776730","7776730","1855","4176","1855","4176"
"2021-07-08","3.01","380555","380555","1880","204","1880","204"
"2021-07-07","7.35","155275","155275","1825","91","1825","91"
"2021-07-06","0","141135","141135","1700","83","1700","83"
"2021-07-02","1.19","6539245","6539245","1700","3870","1700","3870"
"2021-07-01","-0.59","160100","160100","1680","95","1680","95"
"2021-06-30","1.2","4551160","4551160","1690","2713","1690","2713"
"2021-06-29","-1.76","20040","20040","1670","12","1670","12"
"2021-06-28","0","52800","52800","1700","31","1700","31"
"2021-06-25","7.26","777550","777550","1700","483","1700","483"
"2021-06-24","0.32","1258305","1258305","1585","794","1585","794"
"2021-06-23","-0.32","1946915","1946915","1580","1296","1580","1296"
"2021-06-22","-7.31","348700","348700","1585","220","1585","220"
"2021-06-21","-7.32","1065410","1065410","1710","622","1710","622"
"2021-06-18","-7.05","979260","979260","1845","532","1845","532"
"2021-06-17","7.01","1088825","1088825","1985","574","1985","574"
"2021-06-16","7.23","75880","75880","1855","41","1855","41"
"2021-06-15","7.45","241420","241420","1730","142","1730","142"
"2021-06-14","7.33","1329945","1329945","1610","847","1610","847"
"2021-06-11","7.14","854300","854300","1500","590","1500","590"
"2021-06-10","1.08","1355435","1355435","1400","938","1400","938"
"2021-06-09","4.92","157165","157165","1385","119","1385","119"
"2021-06-08","1.54","1287600","1287600","1320","990","1320","990"
"2021-06-07","4","3574725","3574725","1300","2774","1300","2774"
"2021-06-04","-3.1","25000","25000","1250","20","1250","20"
"2021-06-03","7.5","365390","365390","1290","291","1290","291"
"2021-06-02","0.42","2025025","2025025","1200","1664","1200","1664"
"2021-06-01","1.7","1248775","1248775","1195","1045","1195","1045"
"2021-05-31","-2.08","609750","609750","1175","510","1175","510"
"2021-05-28","4.35","869130","869130","1200","748","1200","748"
"2021-05-27","-1.71","2774850","2774850","1150","2519","1150","2519"
"2021-05-26","-1.68","47200","47200","1170","40","1170","40"
"2021-05-25","-0.83","76190","76190","1190","64","1190","64"
"2021-05-21","0","225850","225850","1200","193","1200","193"
"2021-05-20","4.35","4145800","4145800","1200","3605","1200","3605"
"2021-05-19","6.98","1150","1150","1150","1","1150","1"
"2021-05-18","7.5","405125","405125","1075","425","1075","425"
"2021-05-17","-3.85","6740800","6740800","1000","6120","1000","6120"
"2021-05-14","6.67","1713040","1713040","1040","1716","1040","1716"
"2021-05-11","7.14","831875","831875","975","911","975","911"
"2021-05-10","7.06","580500","580500","910","640","910","640"
"2021-05-07","6.92","598400","598400","850","704","850","704"
"2021-05-06","6","60795","60795","795","81","795","81"
"2021-05-05","1.35","1156400","1156400","750","1562","750","1562"
"2021-05-04","0","81400","81400","740","110","740","110"
"2021-05-03","1.37","352780","352780","740","479","740","479"
"2021-04-30","4.29","285045","285045","730","392","730","392"
"2021-04-29","5.26","2816150","2816150","700","4172","700","4172"
"2021-04-28","7.26","384195","384195","665","583","665","583"
"2021-04-27","5.98","1860","1860","620","3","620","3"
"2021-04-26","-7.14","1404000","1404000","585","2400","585","2400"
"2021-04-23","-5.97","1206700","1206700","630","1914","630","1914"
"2021-04-21","7.2","66955","66955","670","100","670","100"
"2021-04-20","6.84","62500","62500","625","100","625","100"
"2021-04-19","-7.14","945120","945120","585","1603","585","1603"
"2021-04-16","5.88","1260","1260","630","2","630","2"
"2021-04-15","-5.56","101150","101150","595","170","595","170"
"2021-04-14","0.8","69300","69300","630","110","630","110"
"2021-04-13","6.84","71425","71425","625","121","625","121"
"2021-04-08","-7.14","223150","223150","585","380","585","380"
"2021-04-06","0","655830","655830","630","1041","630","1041"
"2021-04-02","0","141750","141750","630","225","630","225"
"2021-04-01","0","527520","527520","630","899","630","899"
"2021-03-31","-7.35","102530","102530","630","161","630","161"
"2021-03-25","0","1223970","1223970","680","1844","680","1844"
"2021-03-24","-0.73","268890","268890","680","394","680","394"
"2021-03-23","0","1324790","1324790","685","1934","685","1934"
"2021-03-19","0","30825","30825","685","45","685","45"
"2021-03-17","0.74","71425","71425","685","105","685","105"
"2021-03-16","1.49","424880","424880","680","634","680","634"
"2021-03-15","0","6700","6700","670","10","670","10"
"2021-03-12","0","40200","40200","670","60","670","60"
"2021-03-11","0","49580","49580","670","74","670","74"
"2021-03-10","0","275720","275720","670","412","670","412"
"2021-03-09","0","314230","314230","670","469","670","469"
"2021-03-05","0","20100","20100","670","30","670","30"
"2021-03-04","0","927950","927950","670","1385","670","1385"
"2021-03-03","0","128640","128640","670","192","670","192"
"2021-03-02","0","402000","402000","670","600","670","600"
"2021-03-01","1.52","21320","21320","670","32","670","32"
"2021-02-26","1.54","66000","66000","660","100","660","100"
"2021-02-25","1.56","1691985","1691985","650","2646","650","2646"
"2021-02-24","0","30080","30080","640","47","640","47"
"2021-02-23","2.4","640","640","640","1","640","1"
"2021-02-22","2.46","6875","6875","625","11","625","11"
"2021-02-19","7.02","2440","2440","610","4","610","4"
"2021-02-18","-1.72","408480","408480","570","716","570","716"
"2021-02-17","0","95700","95700","580","165","580","165"
"2021-02-16","0","505760","505760","580","872","580","872"
"2021-02-15","-3.33","10440","10440","580","18","580","18"
"2021-02-12","0","232200","232200","600","387","600","387"
"2021-02-11","0","66000","66000","600","110","600","110"
"2021-02-10","-0.83","420000","420000","600","700","600","700"
"2021-02-09","0","410925","410925","605","675","605","675"
"2021-02-08","-5.47","50215","50215","605","83","605","83"
"2021-02-05","0","9600","9600","640","15","640","15"
"2021-02-03","-1.54","1280","1280","640","2","640","2"
"2021-02-02","7.44","13000","13000","650","20","650","20"
"2021-02-01","-4.72","12725","12725","605","20","605","20"
"2021-01-29","0","1722705","1722705","635","2871","635","2871"
"2021-01-28","-0.78","95890","95890","635","151","635","151"
"2021-01-27","-0.78","2231880","2231880","640","3492","640","3492"
"2021-01-26","1.57","1290","1290","645","2","645","2"
"2021-01-25","-1.55","212595","212595","635","330","635","330"
"2021-01-22","3.2","1935","1935","645","3","645","3"
"2021-01-21","0","200040","200040","625","320","625","320"
"2021-01-20","-0.79","58565","58565","625","93","625","93"
"2021-01-18","-2.33","10710","10710","630","17","630","17"
"2021-01-15","0","3870","3870","645","6","645","6"
"2021-01-14","2.38","233130","233130","645","370","645","370"
"2021-01-13","0","209160","209160","630","332","630","332"
"2021-01-11","0","63000","63000","630","100","630","100"
"2021-01-08","0","44100","44100","630","70","630","70"
"2021-01-07","-2.33","50400","50400","630","80","630","80"
"2021-01-06","0","645","645","645","1","645","1"
"2021-01-04","7.5","6450","6450","645","10","645","10"
"2020-12-31","0","369475","369475","600","617","600","617"
"2020-12-30","-3.23","739400","739400","600","1229","600","1229"
"2020-12-29","-1.59","186000","186000","620","300","620","300"
"2020-12-28","0.8","74870","74870","630","119","630","119"
"2020-12-22","0","4372500","4372500","625","6992","625","6992"
"2020-12-21","0","1250","1250","625","2","625","2"
"2020-12-18","-3.85","38750","38750","625","60","625","60"
"2020-12-16","2.36","1300","1300","650","2","650","2"
"2020-12-15","1.6","512485","512485","635","808","635","808"
"2020-12-14","-1.57","654845","654845","625","1047","625","1047"
"2020-12-11","1.6","601270","601270","635","1002","635","1002"
"2020-12-10","4.17","11250","11250","625","18","625","18"
"2020-12-09","0","57000","57000","600","95","600","95"
"2020-12-08","-3.23","600","600","600","1","600","1"
"2020-12-03","0","173600","173600","620","280","620","280"
"2020-12-01","3.33","1240000","1240000","620","2000","620","2000"
"2020-11-30","0","1200","1200","600","2","600","2"
"2020-11-27","-5.51","133770","133770","600","222","600","222"
"2020-11-25","-0.78","44450","44450","635","70","635","70"
"2020-11-24","-1.54","96000","96000","640","150","640","150"
"2020-11-19","7.44","210165","210165","650","328","650","328"
"2020-11-17","0","605","605","605","1","605","1"
"2020-11-16","-1.63","15730","15730","605","26","605","26"
"2020-11-13","-0.81","24600","24600","615","40","615","40"
"2020-11-12","-0.8","186000","186000","620","300","620","300"
"2020-11-06","0","18750","18750","625","30","625","30"
"2020-11-05","0","31250","31250","625","50","625","50"
"2020-11-04","0","6875","6875","625","11","625","11"
"2020-11-03","-2.34","625","625","625","1","625","1"
"2020-11-02","3.23","30390","30390","640","51","640","51"
"2020-10-28","-0.8","620","620","620","1","620","1"
"2020-10-26","-2.34","625","625","625","1","625","1"
"2020-10-22","0","15360","15360","640","24","640","24"
"2020-10-21","3.23","16640","16640","640","26","640","26"
"2020-10-20","-0.8","19335","19335","620","31","620","31"
"2020-10-19","0","14695","14695","625","23","625","23"
"2020-10-15","6.84","625","625","625","1","625","1"
"2020-10-13","0.86","753230","753230","585","1298","585","1298"
"2020-10-12","0.87","8120","8120","580","14","580","14"
"2020-10-08","0","637100","637100","575","1108","575","1108"
"2020-10-07","0","575","575","575","1","575","1"
"2020-10-06","-0.86","33750","33750","575","62","575","62"
"2020-10-05","0","1740","1740","580","3","580","3"
"2020-10-02","0","87300","87300","580","160","580","160"
"2020-10-01","6.42","580","580","580","1","580","1"
"2020-09-30","-1.8","545000","545000","545","1000","545","1000"
"2020-09-29","-0.89","357975","357975","555","645","555","645"
"2020-09-25","0","941920","941920","560","1682","560","1682"
"2020-09-23","-3.45","10080","10080","560","18","560","18"
"2020-09-22","3.57","2900","2900","580","5","580","5"
"2020-09-21","-3.45","90720","90720","560","162","560","162"
"2020-09-18","0","131660","131660","580","227","580","227"
"2020-09-16","-3.33","34800","34800","580","60","580","60"
"2020-09-15","0","25800","25800","600","43","600","43"
"2020-09-11","2.56","72000","72000","600","120","600","120"
"2020-09-10","0.86","4680","4680","585","8","585","8"
"2020-09-09","0","117170","117170","580","202","580","202"
"2020-09-08","-4.13","501345","501345","580","839","580","839"
"2020-09-07","3.42","605","605","605","1","605","1"
"2020-09-04","-7.14","49725","49725","585","85","585","85"
"2020-09-03","3.28","11970","11970","630","19","630","19"
"2020-09-02","0.83","196830","196830","610","303","610","303"
"2020-08-28","0.83","605","605","605","1","605","1"
"2020-08-27","2.56","600","600","600","1","600","1"
"2020-08-26","-7.14","570375","570375","585","975","585","975"
"2020-08-25","-0.79","16659090","16659090","630","26443","630","26443"
"2020-08-24","0.79","15875","15875","635","25","635","25"
"2020-08-19","-3.08","814080","814080","630","1276","630","1276"
"2020-08-17","0","194350","194350","650","299","650","299"
"2020-08-12","0","132600","132600","650","204","650","204"
"2020-08-10","0","22650","22650","650","35","650","35"
"2020-08-05","0","224850","224850","650","346","650","346"
"2020-08-03","-3.7","29700","29700","650","45","650","45"
"2020-07-30","-3.57","284650","284650","675","407","675","407"
"2020-07-27","0","7000","7000","700","10","700","10"
"2020-07-23","4.48","278250","278250","700","405","700","405"
"2020-07-22","3.88","7370","7370","670","11","670","11"
"2020-07-21","-3.73","12900","12900","645","20","645","20"
"2020-07-20","0","1340","1340","670","2","670","2"
"2020-07-17","3.88","335000","335000","670","500","670","500"
"2020-07-16","-7.19","41935","41935","645","65","645","65"
"2020-07-15","-1.42","842020","842020","695","1211","695","1211"
"2020-07-14","-4.08","387750","387750","705","550","705","550"
"2020-07-13","2.8","34699485","34699485","735","47238","735","47238"
"2020-07-10","2.14","3244100","3244100","715","4613","715","4613"
"2020-07-09","3.7","490950","490950","700","713","700","713"
"2020-07-08","7.14","421200","421200","675","624","675","624"
"2020-07-07","0","35640","35640","630","57","630","57"
"2020-07-06","0.8","9480","9480","630","16","630","16"
"2020-07-03","6.84","108750","108750","625","174","625","174"
"2020-07-02","-3.31","21747685","21747685","585","37427","585","37427"
"2020-06-29","-6.92","1255","1255","605","2","605","2"
"2020-06-26","-7.14","13000","13000","650","20","650","20"
"2020-06-25","0","167220","167220","700","240","700","240"
"2020-06-22","-0.71","130225","130225","700","189","700","189"
"2020-06-19","-0.7","63800","63800","705","90","705","90"
"2020-06-18","0","3000875","3000875","710","4225","710","4225"
"2020-06-17","-1.39","1712150","1712150","710","2410","710","2410"
"2020-06-16","-2.7","428160","428160","720","625","720","625"
"2020-06-15","0","58805","58805","740","79","740","79"
"2020-06-11","7.25","740","740","740","1","740","1"
"2020-06-10","6.98","690","690","690","1","690","1"
"2020-06-09","7.5","272520","272520","645","436","645","436"
"2020-06-05","1.69","155100","155100","600","260","600","260"
"2020-06-04","0.85","2950","2950","590","5","590","5"
"2020-06-03","0.86","128800","128800","585","220","585","220"
"2020-06-02","-1.69","121800","121800","580","210","580","210"
"2020-05-28","-4.84","23600","23600","590","40","590","40"
"2020-05-27","5.08","84500","84500","620","140","620","140"
"2020-05-26","-1.67","347100","347100","590","582","590","582"
"2020-05-25","0","11400","11400","600","19","600","19"
"2020-05-22","1.69","174000","174000","600","290","600","290"
"2020-05-18","-1.67","81420","81420","590","138","590","138"
"2020-05-15","0.84","493485","493485","600","825","600","825"
"2020-05-13","-0.83","1190","1190","595","2","595","2"
"2020-05-12","0","196880","196880","600","328","600","328"
"2020-05-11","0","67800","67800","600","113","600","113"
"2020-05-08","-4","33000","33000","600","55","600","55"
"2020-05-07","-7.41","131850","131850","625","210","625","210"
"2020-05-06","-6.9","309285","309285","675","455","675","455"
"2020-05-05","-3.33","3625","3625","725","5","725","5"
"2020-04-30","-5.06","90000","90000","750","120","750","120"
"2020-04-29","-1.25","444770","444770","790","563","790","563"
"2020-04-27","0","88800","88800","800","111","800","111"
"2020-04-24","0","1362400","1362400","800","1703","800","1703"
"2020-04-23","0","302400","302400","800","378","800","378"
"2020-04-22","7.38","110400","110400","800","138","800","138"
"2020-04-20","0.68","223500","223500","745","300","745","300"
"2020-04-16","0","10360","10360","740","14","740","14"
"2020-04-10","0","92500","92500","740","125","740","125"
"2020-04-09","0","14800","14800","740","20","740","20"
"2020-04-08","7.25","98220","98220","740","138","740","138"
"2020-04-01","1.47","48300","48300","690","70","690","70"
"2020-03-31","0","54400","54400","680","80","680","80"
"2020-03-30","-1.45","513400","513400","680","755","680","755"
"2020-03-26","0","103550","103550","690","150","690","150"
"2020-03-24","1.47","103500","103500","690","150","690","150"
"2020-03-20","0","81600","81600","680","120","680","120"
"2020-03-18","0","48430","48430","680","71","680","71"
"2020-03-16","0","61880","61880","680","91","680","91"
"2020-03-13","-2.86","192200","192200","680","275","680","275"
"2020-03-12","-1.41","300400","300400","700","420","700","420"
"2020-03-11","-1.39","124120","124120","710","172","710","172"
"2020-03-09","2.86","144000","144000","720","200","720","200"
"2020-03-04","-4.76","184800","184800","700","264","700","264"
"2020-03-03","5","735","735","735","1","735","1"
"2020-03-02","-4.11","393360","393360","700","557","700","557"
"2020-02-28","7.35","244890","244890","730","348","730","348"
"2020-02-27","0","129250","129250","680","190","680","190"
"2020-02-26","0","20400","20400","680","30","680","30"
"2020-02-25","0","34000","34000","680","50","680","50"
"2020-02-24","-2.86","321800","321800","680","470","680","470"
"2020-02-21","1.45","161700","161700","700","231","700","231"
"2020-02-20","-1.43","310000","310000","690","443","690","443"
"2020-02-14","2.19","683200","683200","700","976","700","976"
"2020-02-13","-2.14","542245","542245","685","781","685","781"
"2020-02-12","0","399000","399000","700","570","700","570"
"2020-02-10","0","353350","353350","700","503","700","503"
"2020-02-07","-4.11","245700","245700","700","351","700","351"
"2020-02-06","-1.35","1073510","1073510","730","1461","730","1461"
"2020-02-04","0","107300","107300","740","145","740","145"
"2020-02-03","0","94720","94720","740","128","740","128"
"2020-01-31","0","7400","7400","740","10","740","10"
"2020-01-30","0.68","296000","296000","740","400","740","400"
"2020-01-29","0","25725","25725","735","35","735","35"
"2020-01-28","0","84675","84675","735","115","735","115"
"2020-01-24","0","57330","57330","735","78","735","78"
"2020-01-22","0.68","117600","117600","735","160","735","160"
"2020-01-21","-0.68","116850","116850","730","160","730","160"
"2020-01-20","0.68","73500","73500","735","100","735","100"
"2020-01-17","-0.68","161600","161600","730","220","730","220"
"2020-01-16","5","341775","341775","735","465","735","465"
"2020-01-15","0","341600","341600","700","488","700","488"
"2020-01-14","2.19","49000","49000","700","70","700","70"
"2020-01-13","0.74","34250","34250","685","50","685","50"
"2020-01-09","0","508485","508485","680","754","680","754"
"2020-01-08","0","23800","23800","680","35","680","35"
"2020-01-07","0","126480","126480","680","186","680","186"
"2020-01-06","0","149600","149600","680","220","680","220"
"2020-01-03","0","247550","247550","680","365","680","365"
"2020-01-02","-2.86","58800","58800","680","85","680","85"
"2019-12-31","0","291200","291200","700","416","700","416"
"2019-12-30","-2.1","707000","707000","700","1010","700","1010"
"2019-12-27","-2.05","123810","123810","715","172","715","172"
"2019-12-26","0","567210","567210","730","777","730","777"
"2019-12-24","-0.68","1139530","1139530","730","1561","730","1561"
"2019-12-23","-0.68","136400","136400","735","185","735","185"
"2019-12-20","0","123580","123580","740","167","740","167"
"2019-12-19","0","469900","469900","740","635","740","635"
"2019-12-18","0.68","683020","683020","740","923","740","923"
"2019-12-17","-0.68","25740","25740","735","35","735","35"
"2019-12-16","1.37","12580","12580","740","17","740","17"
"2019-12-12","-0.68","788700","788700","730","1080","730","1080"
"2019-12-11","-0.68","33250","33250","735","45","735","45"
"2019-12-10","-0.67","81450","81450","740","110","740","110"
"2019-12-09","0","37250","37250","745","50","745","50"
"2019-12-06","0.68","14900","14900","745","20","745","20"
"2019-12-05","-0.67","5180","5180","740","7","740","7"
"2019-12-04","-0.67","36500","36500","745","50","745","50"
"2019-12-03","0","56250","56250","750","75","750","75"
"2019-12-02","0","639000","639000","750","852","750","852"
"2019-11-29","0","2752000","2752000","750","3670","750","3670"
"2019-11-28","0","167250","167250","750","224","750","224"
"2019-11-27","0","258750","258750","750","345","750","345"
"2019-11-26","0","289500","289500","750","386","750","386"
"2019-11-22","-6.25","399540","399540","750","531","750","531"
"2019-11-20","-5.88","152000","152000","800","190","800","190"
"2019-11-19","-3.41","76500","76500","850","90","850","90"
"2019-11-18","-1.12","2155700","2155700","880","2450","880","2450"
"2019-11-14","0","8900","8900","890","10","890","10"
"2019-11-13","0","907800","907800","890","1020","890","1020"
"2019-11-12","0","100570","100570","890","113","890","113"
"2019-11-11","0","56070","56070","890","63","890","63"
"2019-11-07","1.14","354715","354715","890","400","890","400"
"2019-11-06","-0.56","440000","440000","880","500","880","500"
"2019-11-05","-1.12","314175","314175","885","355","885","355"
"2019-11-04","0","89085","89085","895","100","895","100"
"2019-10-31","-0.56","170450","170450","895","190","895","190"
"2019-10-30","0.56","45000","45000","900","50","900","50"
"2019-10-29","0","4475","4475","895","5","895","5"
"2019-10-28","0.56","140515","140515","895","157","895","157"
"2019-10-25","-1.11","12460","12460","890","14","890","14"
"2019-10-24","0","22500","22500","900","25","900","25"
"2019-10-23","-4.76","9000","9000","900","10","900","10"
"2019-10-22","0","123450","123450","945","130","945","130"
"2019-10-21","-5.03","282075","282075","945","297","945","297"
"2019-10-18","0","17910","17910","995","18","995","18"
"2019-10-17","-0.5","77800","77800","995","80","995","80"
"2019-10-16","-2.91","10000","10000","1000","10","1000","10"
"2019-10-15","-1.9","52530","52530","1030","51","1030","51"
"2019-10-14","1.94","855750","855750","1050","815","1050","815"
"2019-10-10","-7.21","515000","515000","1030","500","1030","500"
"2019-10-09","-7.5","23100","23100","1110","20","1110","20"
"2019-10-08","0","1008000","1008000","1200","840","1200","840"
"2019-10-07","-6.98","252000","252000","1200","210","1200","210"
"2019-10-04","7.5","12900","12900","1290","10","1290","10"
"2019-10-03","-6.98","120000","120000","1200","100","1200","100"
"2019-09-30","0","1225500","1225500","1290","950","1290","950"
"2019-09-27","-0.77","37410","37410","1290","29","1290","29"
"2019-09-26","-2.99","183450","183450","1300","142","1300","142"
"2019-09-24","3.08","414250","414250","1340","310","1340","310"
"2019-09-23","-6.47","33040","33040","1300","25","1300","25"
"2019-09-20","-7.33","5560","5560","1390","4","1390","4"
"2019-09-17","0","6000","6000","1500","4","1500","4"
"2019-09-16","7.14","493880","493880","1500","331","1500","331"
"2019-09-13","3.32","175295","175295","1400","129","1400","129"
"2019-09-11","0","426340","426340","1355","308","1355","308"
"2019-09-10","0","188345","188345","1355","139","1355","139"
"2019-09-09","-3.21","250650","250650","1355","180","1355","180"
"2019-09-06","0","70000","70000","1400","50","1400","50"
"2019-09-05","0.72","14000","14000","1400","10","1400","10"
"2019-09-04","-0.71","27800","27800","1390","20","1390","20"
"2019-09-03","-6.04","94990","94990","1400","68","1400","68"
"2019-09-02","6.43","1490","1490","1490","1","1490","1"
"2019-08-29","-6.67","893700","893700","1400","638","1400","638"
"2019-08-28","6.38","7320","7320","1500","5","1500","5"
"2019-08-23","0.71","28350","28350","1410","20","1410","20"
"2019-08-21","-6.67","961950","961950","1400","677","1400","677"
"2019-08-20","0","1467000","1467000","1500","978","1500","978"
"2019-08-19","0","25500","25500","1500","17","1500","17"
"2019-08-16","0","3000","3000","1500","2","1500","2"
"2019-08-14","0","205500","205500","1500","135","1500","135"
"2019-08-09","-3.23","257270","257270","1500","171","1500","171"
"2019-08-08","0","170500","170500","1550","110","1550","110"
"2019-08-06","0","2081650","2081650","1550","1343","1550","1343"
"2019-08-02","-5.49","447000","447000","1550","288","1550","288"
"2019-08-01","-0.61","294685","294685","1640","180","1640","180"
"2019-07-31","-2.94","18150","18150","1650","11","1650","11"
"2019-07-30","0","1700","1700","1700","1","1700","1"
"2019-07-29","-1.45","11900","11900","1700","7","1700","7"
"2019-07-26","1.47","34500","34500","1725","20","1725","20"
"2019-07-25","-2.86","256545","256545","1700","150","1700","150"
"2019-07-23","0","406000","406000","1750","232","1750","232"
"2019-07-18","-2.78","14000","14000","1750","8","1750","8"
"2019-07-17","2.86","120400","120400","1800","68","1800","68"
"2019-07-16","0","7000","7000","1750","4","1750","4"
"2019-07-15","-2.78","122950","122950","1750","70","1750","70"
"2019-07-11","0","479640","479640","1800","267","1800","267"
"2019-07-09","0","144000","144000","1800","80","1800","80"
"2019-07-08","-1.64","257400","257400","1800","143","1800","143"
"2019-07-05","1.67","56730","56730","1830","31","1830","31"
"2019-07-04","0","420500","420500","1800","247","1800","247"
"2019-07-03","0","104400","104400","1800","58","1800","58"
"2019-07-02","-1.64","21750","21750","1800","12","1800","12"
"2019-06-28","0","30909410","30909410","1830","17077","1830","17077"
"2019-06-27","-0.27","14640","14640","1830","8","1830","8"
"2019-06-25","1.94","36701480","36701480","1835","20010","1835","20010"
"2019-06-24","0","93600","93600","1800","52","1800","52"
"2019-06-20","0","36000","36000","1800","20","1800","20"
"2019-06-18","-2.17","41400","41400","1800","23","1800","23"
"2019-06-17","0","215280","215280","1840","117","1840","117"
"2019-06-14","0","259440","259440","1840","141","1840","141"
"2019-06-12","0","294200","294200","1840","160","1840","160"
"2019-06-11","-0.27","1188495","1188495","1840","671","1840","671"
"2019-06-07","0","14760","14760","1845","8","1845","8"
"2019-06-06","-0.27","36850","36850","1845","20","1845","20"
"2019-06-03","0","163600","163600","1850","89","1850","89"
"2019-05-31","0","18490","18490","1850","10","1850","10"
"2019-05-29","1.65","462500","462500","1850","250","1850","250"
"2019-05-28","7.37","3640","3640","1820","2","1820","2"
"2019-05-27","-5.83","271975","271975","1695","162","1695","162"
"2019-05-24","0","45000","45000","1800","25","1800","25"
"2019-05-23","-3.23","370050","370050","1800","205","1800","205"
"2019-05-21","0","157320","157320","1860","85","1860","85"
"2019-05-20","0","59520","59520","1860","32","1860","32"
"2019-05-17","2.48","92610","92610","1860","51","1860","51"
"2019-05-16","-4.47","328515","328515","1815","181","1815","181"
"2019-05-15","-6.86","370500","370500","1900","195","1900","195"
"2019-05-14","-5.99","1027040","1027040","2040","501","2040","501"
"2019-05-13","0.23","219065","219065","2170","101","2170","101"
"2019-05-10","6.13","6495","6495","2165","3","2165","3"
"2019-05-07","7.37","1214120","1214120","2040","608","2040","608"
"2019-05-06","2.7","190000","190000","1900","100","1900","100"
"2019-05-03","0","1535500","1535500","1850","830","1850","830"
"2019-05-02","2.78","3151550","3151550","1850","1703","1850","1703"
"2019-04-29","-5.26","7215300","7215300","1800","4000","1800","4000"
"2019-04-25","-2.56","950000","950000","1900","500","1900","500"
"2019-04-24","0","126775","126775","1950","65","1950","65"
"2019-04-19","-2.01","485670","485670","1950","249","1950","249"
"2019-04-18","2.05","159700","159700","1990","80","1990","80"
"2019-04-17","-7.14","4984270","4984270","1950","2547","1950","2547"
"2019-04-16","-3.89","21000","21000","2100","10","2100","10"
"2019-04-12","0","100510","100510","2185","46","2185","46"
"2019-04-09","0","21850","21850","2185","10","2185","10"
"2019-04-08","-0.46","513475","513475","2185","235","2185","235"
"2019-04-05","-0.23","142665","142665","2195","65","2195","65"
"2019-04-02","0.69","4400","4400","2200","2","2200","2"
"2019-04-01","-7.22","900220","900220","2185","412","2185","412"
"2019-03-26","0","310980","310980","2355","132","2355","132"
"2019-03-25","0","376800","376800","2355","160","2355","160"
"2019-03-22","0","310860","310860","2355","132","2355","132"
"2019-03-21","-1.88","23550","23550","2355","10","2355","10"
"2019-03-20","4.35","2776300","2776300","2400","1157","2400","1157"
"2019-03-19","0","302300","302300","2300","126","2300","126"
"2019-03-18","0","255300","255300","2300","111","2300","111"
"2019-03-15","0","193200","193200","2300","84","2300","84"
"2019-03-14","-4.37","23000","23000","2300","10","2300","10"
"2019-03-13","-1.84","4666335","4666335","2405","1939","2405","1939"
"2019-03-12","6.75","913650","913650","2450","376","2450","376"
"2019-03-11","2","688050","688050","2295","300","2295","300"
"2019-03-08","5.39","21823045","21823045","2250","9700","2250","9700"
"2019-03-07","6.75","4880710","4880710","2135","2403","2135","2403"
"2019-03-06","5.54","920000","920000","2000","460","2000","460"
"2019-03-05","4.12","583350","583350","1895","310","1895","310"
"2019-03-04","-0.27","185640","185640","1820","102","1820","102"
"2019-03-01","-1.35","54750","54750","1825","30","1825","30"
"2019-02-28","-2.37","18500","18500","1850","10","1850","10"
"2019-02-27","0","430165","430165","1895","227","1895","227"
"2019-02-26","4.12","56850","56850","1895","30","1895","30"
"2019-02-22","0","27350","27350","1820","15","1820","15"
"2019-02-21","-4.21","313100","313100","1820","169","1820","169"
"2019-02-20","0","58900","58900","1900","31","1900","31"
"2019-02-19","5.56","92100","92100","1900","51","1900","51"
"2019-02-18","0","1971000","1971000","1800","1095","1800","1095"
"2019-02-15","0","1405800","1405800","1800","781","1800","781"
"2019-02-14","2.86","387000","387000","1800","215","1800","215"
"2019-02-13","0","1190000","1190000","1750","680","1750","680"
"2019-02-12","-2.78","845845","845845","1750","484","1750","484"
"2019-02-11","0","429000","429000","1800","240","1800","240"
"2019-02-08","0","45000","45000","1800","25","1800","25"
"2019-02-07","0","271800","271800","1800","151","1800","151"
"2019-02-06","-5.26","877500","877500","1800","485","1800","485"
"2019-02-05","-2.56","41800","41800","1900","22","1900","22"
"2019-02-04","-2.01","549900","549900","1950","282","1950","282"
"2019-02-01","-3.16","199000","199000","1990","100","1990","100"
"2019-01-31","-1.91","271150","271150","2055","130","2055","130"
"2019-01-29","-6.89","541775","541775","2095","257","2095","257"
"2019-01-28","-2.17","225000","225000","2250","100","2250","100"
"2019-01-25","0","11500","11500","2300","5","2300","5"
"2019-01-23","-3.77","23000","23000","2300","10","2300","10"
"2019-01-14","-2.45","19120","19120","2390","8","2390","8"
"2019-01-08","0","124950","124950","2450","51","2450","51"
"2019-01-04","0","166600","166600","2450","68","2450","68"
"2019-01-03","0","22050","22050","2450","9","2450","9"
"2019-01-02","2.08","288200","288200","2450","118","2450","118"
"2018-12-31","6.67","720000","720000","2400","300","2400","300"
"2018-12-27","7.4","112500","112500","2250","50","2250","50"
"2018-12-26","7.44","2920250","2920250","2095","1453","2095","1453"
"2018-12-24","0","58500","58500","1950","30","1950","30"
"2018-12-21","-6.92","39000","39000","1950","20","1950","20"
"2018-12-20","0","2084525","2084525","2095","995","2095","995"
"2018-12-18","0","5017525","5017525","2095","2395","2095","2395"
"2018-12-14","0","638975","638975","2095","305","2095","305"
"2018-12-13","0","377100","377100","2095","180","2095","180"
"2018-12-12","4.75","2591530","2591530","2095","1262","2095","1262"
"2018-12-11","0","134000","134000","2000","67","2000","67"
"2018-12-10","-1.96","68000","68000","2000","34","2000","34"
"2018-12-07","-2.86","102000","102000","2040","50","2040","50"
"2018-12-05","0","210000","210000","2100","100","2100","100"
"2018-12-04","0","10500","10500","2100","5","2100","5"
"2018-12-03","-4.33","85000","85000","2100","40","2100","40"
"2018-11-27","-0.23","1756000","1756000","2195","800","2195","800"
"2018-11-26","0","45100","45100","2200","22","2200","22"
"2018-11-23","0","4978500","4978500","2200","2263","2200","2263"
"2018-11-22","-6.38","451000","451000","2200","205","2200","205"
"2018-11-19","0","439300","439300","2350","188","2350","188"
"2018-11-14","0","23500","23500","2350","10","2350","10"
"2018-11-13","-3.09","23500","23500","2350","10","2350","10"
"2018-11-12","3.41","43170","43170","2425","18","2425","18"
"2018-11-07","-3.3","1235950","1235950","2345","510","2345","510"
"2018-11-06","0","92320","92320","2425","38","2425","38"
"2018-11-05","0","26675","26675","2425","11","2425","11"
"2018-11-02","0","118825","118825","2425","49","2425","49"
"2018-10-30","0","229855","229855","2425","95","2425","95"
"2018-10-29","3.41","349295","349295","2425","148","2425","148"
"2018-10-26","-0.21","53800","53800","2345","23","2345","23"
"2018-10-25","2.17","234250","234250","2350","100","2350","100"
"2018-10-24","-2.13","23000","23000","2300","10","2300","10"
"2018-10-23","0","16450","16450","2350","7","2350","7"
"2018-10-22","-2.69","124550","124550","2350","53","2350","53"
"2018-10-16","0","72450","72450","2415","30","2415","30"
"2018-10-12","2.77","808045","808045","2415","367","2415","367"
"2018-10-11","-3.49","9400","9400","2350","4","2350","4"
"2018-10-10","-0.41","24350","24350","2435","10","2435","10"
"2018-10-09","0","36675","36675","2445","15","2445","15"
"2018-10-08","-2.2","127225","127225","2445","51","2445","51"
"2018-10-05","0","382500","382500","2500","153","2500","153"
"2018-10-04","-2.34","92775","92775","2500","37","2500","37"
"2018-10-03","4.49","550400","550400","2560","220","2560","220"
"2018-10-02","6.52","12250","12250","2450","5","2450","5"
"2018-10-01","0.22","2494500","2494500","2300","1085","2300","1085"
"2018-09-28","-0.22","4590","4590","2295","2","2295","2"
"2018-09-27","0","23000","23000","2300","10","2300","10"
"2018-09-26","4.55","6049100","6049100","2300","2630","2300","2630"
"2018-09-25","0","112200","112200","2200","51","2200","51"
"2018-09-24","0","48340","48340","2200","22","2200","22"
"2018-09-19","0","3121500","3121500","2200","1439","2200","1439"
"2018-09-18","-3.3","1540000","1540000","2200","700","2200","700"
"2018-09-17","0","210775","210775","2275","93","2275","93"
"2018-09-13","3.41","65170","65170","2275","30","2275","30"
"2018-09-12","1.85","2254000","2254000","2200","1025","2200","1025"
"2018-09-11","-4.64","109680","109680","2160","50","2160","50"
"2018-09-10","0.67","67950","67950","2265","30","2265","30"
"2018-09-07","-0.66","336360","336360","2250","152","2250","152"
"2018-09-06","-0.44","51160","51160","2265","24","2265","24"
"2018-09-05","-1.09","1011775","1011775","2275","465","2275","465"
"2018-09-04","-4.17","223900","223900","2300","95","2300","95"
"2018-08-31","-3.81","151850","151850","2400","63","2400","63"
"2018-08-28","-0.2","124750","124750","2495","50","2495","50"
"2018-08-27","-1.96","56140","56140","2500","23","2500","23"
"2018-08-23","0","109650","109650","2550","43","2550","43"
"2018-08-20","-1.92","1234200","1234200","2550","484","2550","484"
"2018-08-17","0","1821250","1821250","2600","713","2600","713"
"2018-08-16","-0.38","1796450","1796450","2600","693","2600","693"
"2018-08-14","0.38","1780070","1780070","2610","682","2610","682"
"2018-08-13","1.56","65000","65000","2600","25","2600","25"
"2018-08-10","0","3968000","3968000","2560","1550","2560","1550"
"2018-08-09","6.44","1269600","1269600","2560","515","2560","515"
"2018-08-08","-5.69","794545","794545","2405","317","2405","317"
"2018-08-03","-0.39","2733250","2733250","2550","1070","2550","1070"
"2018-08-02","-5.19","17963950","17963950","2560","7015","2560","7015"
"2018-08-01","5.88","360700","360700","2700","141","2700","141"
"2018-07-31","4.08","91150","91150","2550","37","2550","37"
"2018-07-30","0","1240000","1240000","2450","503","2450","503"
"2018-07-27","-3.92","7374230","7374230","2450","3056","2450","3056"
"2018-07-26","-1.92","51000","51000","2550","20","2550","20"
"2018-07-25","4","49400","49400","2600","19","2600","19"
"2018-07-24","4.17","155000","155000","2500","62","2500","62"
"2018-07-23","3.45","24000","24000","2400","10","2400","10"
"2018-07-20","-7.2","1134720","1134720","2320","483","2320","483"
"2018-07-19","4.17","369000","369000","2500","160","2500","160"
"2018-07-18","0","634525","634525","2400","275","2400","275"
"2018-07-17","-0.21","1531225","1531225","2400","638","2400","638"
"2018-07-16","-3.8","24050","24050","2405","10","2405","10"
"2018-07-12","-3.1","250000","250000","2500","100","2500","100"
"2018-07-11","-4.44","288840","288840","2580","113","2580","113"
"2018-07-10","3.85","77500","77500","2700","29","2700","29"
"2018-07-09","0.97","314300","314300","2600","121","2600","121"
"2018-07-06","1.38","6797300","6797300","2575","2640","2575","2640"
"2018-07-05","0","360680","360680","2540","142","2540","142"
"2018-07-04","0.4","878840","878840","2540","346","2540","346"
"2018-07-03","1.4","580060","580060","2530","232","2530","232"
"2018-07-02","3.96","305175","305175","2495","123","2495","123"
"2018-06-29","0.84","326020","326020","2400","140","2400","140"
"2018-06-28","-0.83","2380","2380","2380","1","2380","1"
"2018-06-27","4.35","14400","14400","2400","6","2400","6"
"2018-06-26","0","762100","762100","2300","334","2300","334"
"2018-06-25","0","1955000","1955000","2300","850","2300","850"
"2018-06-22","4.55","2415000","2415000","2300","1050","2300","1050"
"2018-06-21","-5.98","495700","495700","2200","218","2200","218"
"2018-06-20","0","303850","303850","2340","130","2340","130"
"2018-06-19","1.74","1380450","1380450","2340","610","2340","610"
"2018-06-18","-6.12","4543740","4543740","2300","1927","2300","1927"
"2018-06-15","2.08","4900","4900","2450","2","2450","2"
"2018-06-13","-1.23","1399050","1399050","2400","590","2400","590"
"2018-06-12","-0.82","422395","422395","2430","173","2430","173"
"2018-06-08","6.52","365200","365200","2450","163","2450","163"
"2018-06-07","-2.13","467775","467775","2300","200","2300","200"
"2018-06-06","-7.48","55930000","55930000","2350","23800","2350","23800"
"2018-06-05","0.4","585000","585000","2540","232","2540","232"
"2018-06-04","1.2","40580","40580","2530","16","2530","16"
"2018-06-01","-1.77","27500","27500","2500","11","2500","11"
"2018-05-31","-0.2","17815","17815","2545","7","2545","7"
"2018-05-30","2","10200","10200","2550","4","2550","4"
"2018-05-29","-3.47","878120","878120","2500","341","2500","341"
"2018-05-28","-7.33","945350","945350","2590","365","2590","365"
"2018-05-24","-0.18","219995","219995","2795","81","2795","81"
"2018-05-23","0","2805600","2805600","2800","1002","2800","1002"
"2018-05-22","0","154000","154000","2800","55","2800","55"
"2018-05-18","0","828800","828800","2800","296","2800","296"
"2018-05-17","0","1619820","1619820","2800","576","2800","576"
"2018-05-16","-6.51","145990","145990","2800","52","2800","52"
"2018-05-15","-0.17","1138350","1138350","2995","380","2995","380"
"2018-05-14","6.95","398625","398625","3000","145","3000","145"
"2018-05-11","-6.5","739635","739635","2805","260","2805","260"
"2018-05-09","0","1288215","1288215","3000","430","3000","430"
"2018-05-08","-0.99","1055900","1055900","3000","352","3000","352"
"2018-05-07","-5.31","60600","60600","3030","20","3030","20"
"2018-05-04","-1.54","38400","38400","3200","12","3200","12"
"2018-05-03","1.56","324500","324500","3250","100","3250","100"
"2018-05-02","0","202600","202600","3200","63","3200","63"
"2018-04-30","-1.54","8288000","8288000","3200","2590","3200","2590"
"2018-04-27","0","1017250","1017250","3250","313","3250","313"
"2018-04-26","1.56","848600","848600","3250","265","3250","265"
"2018-04-25","0","3912300","3912300","3200","1220","3200","1220"
"2018-04-24","-0.78","1966450","1966450","3200","613","3200","613"
"2018-04-23","0","35475","35475","3225","11","3225","11"
"2018-04-19","0","11842200","11842200","3225","3672","3225","3672"
"2018-04-18","0.78","3121825","3121825","3225","973","3225","973"
"2018-04-17","0","1355830","1355830","3200","450","3200","450"
"2018-04-16","0","185975","185975","3200","58","3200","58"
"2018-04-13","0","9526400","9526400","3200","2977","3200","2977"
"2018-04-12","-0.31","864000","864000","3200","270","3200","270"
"2018-04-11","1.9","1873130","1873130","3210","593","3210","593"
"2018-04-10","-3.82","63000","63000","3150","20","3150","20"
"2018-04-09","7.38","567750","567750","3275","188","3275","188"
"2018-04-06","0","356850","356850","3050","117","3050","117"
"2018-04-05","1.67","345300","345300","3050","115","3050","115"
"2018-04-04","5.26","5478900","5478900","3000","1826","3000","1826"
"2018-04-03","-1.72","544950","544950","2850","188","2850","188"
"2018-03-30","0","1733060","1733060","2900","606","2900","606"
"2018-03-29","-3.33","974850","974850","2900","333","2900","333"
"2018-03-28","1.69","1185500","1185500","3000","400","3000","400"
"2018-03-27","-1.67","57272735","57272735","2950","20096","2950","20096"
"2018-03-26","0","900000","900000","3000","300","3000","300"
"2018-03-23","1.69","2020200","2020200","3000","674","3000","674"
"2018-03-22","0","14965700","14965700","2950","5246","2950","5246"
"2018-03-21","0","367750","367750","2950","125","2950","125"
"2018-03-20","-1.67","354200","354200","2950","119","2950","119"
"2018-03-19","7.14","207000","207000","3000","69","3000","69"
"2018-03-16","-6.67","18658900","18658900","2800","6660","2800","6660"
"2018-03-15","0","11760650","11760650","3000","4164","3000","4164"
"2018-03-14","0","344000","344000","3000","115","3000","115"
"2018-03-13","0","300000","300000","3000","100","3000","100"
"2018-03-12","0","1081040","1081040","3000","361","3000","361"
"2018-03-09","0","630000","630000","3000","210","3000","210"
"2018-03-08","0","378000","378000","3000","126","3000","126"
"2018-03-07","-3.23","2636000","2636000","3000","875","3000","875"
"2018-03-06","-1.27","884300","884300","3100","285","3100","285"
"2018-03-05","-1.88","2118460","2118460","3140","671","3140","671"
"2018-03-02","1.59","2236200","2236200","3200","706","3200","706"
"2018-03-01","1.61","494900","494900","3150","157","3150","157"
"2018-02-28","3.33","1850790","1850790","3100","609","3100","609"
"2018-02-27","0","624000","624000","3000","208","3000","208"
"2018-02-26","5.26","30197415","30197415","3000","9996","3000","9996"
"2018-02-23","3.64","290450","290450","2850","103","2850","103"
"2018-02-22","0","1592250","1592250","2750","579","2750","579"
"2018-02-21","1.85","4272950","4272950","2750","1560","2750","1560"
"2018-02-20","3.85","5351700","5351700","2700","2061","2700","2061"
"2018-02-19","6.12","23395800","23395800","2600","9125","2600","9125"
"2018-02-16","5.83","745500","745500","2450","310","2450","310"
"2018-02-15","-3.54","905920","905920","2315","388","2315","388"
"2018-02-14","-4","11565915","11565915","2400","4901","2400","4901"
"2018-02-13","4.17","5197500","5197500","2500","2080","2500","2080"
"2018-02-12","4.35","54821000","54821000","2400","23270","2400","23270"
"2018-02-09","0","4245250","4245250","2300","1859","2300","1859"
"2018-02-08","0","126500","126500","2300","55","2300","55"
"2018-02-07","0.22","1227815","1227815","2300","546","2300","546"
"2018-02-06","-0.22","158355","158355","2295","69","2295","69"
"2018-02-05","0","906445","906445","2300","401","2300","401"
"2018-02-02","-0.22","609575","609575","2300","265","2300","265"
"2018-02-01","0","52240","52240","2305","23","2305","23"
"2018-01-31","7.21","1529050","1529050","2305","665","2305","665"
"2018-01-30","-6.52","1063575","1063575","2150","490","2150","490"
"2018-01-29","-0.22","115100","115100","2300","50","2300","50"
"2018-01-26","7.46","2480180","2480180","2305","1076","2305","1076"
"2018-01-25","-7.34","2468195","2468195","2145","1147","2145","1147"
"2018-01-24","-7.4","3178615","3178615","2315","1341","2315","1341"
"2018-01-23","2.04","1804550","1804550","2500","730","2500","730"
"2018-01-22","1.03","1675150","1675150","2450","681","2450","681"
"2018-01-19","0","467050","467050","2425","190","2425","190"
"2018-01-18","1.04","1363825","1363825","2425","568","2425","568"
"2018-01-17","0","312000","312000","2400","130","2400","130"
"2018-01-16","-3.81","453600","453600","2400","189","2400","189"
"2018-01-15","0","712980","712980","2495","303","2495","303"
"2018-01-12","-0.2","487495","487495","2495","195","2495","195"
"2018-01-11","0","100000","100000","2500","40","2500","40"
"2018-01-10","4.17","149455","149455","2500","60","2500","60"
"2018-01-09","-4","1032410","1032410","2400","427","2400","427"
"2018-01-08","-3.29","807780","807780","2500","322","2500","322"
"2018-01-05","-0.19","1273920","1273920","2585","509","2585","509"
"2018-01-04","-7.33","2630120","2630120","2590","1013","2590","1013"
"2018-01-03","-6.68","1553450","1553450","2795","555","2795","555"
"2018-01-02","-3.39","269750","269750","2995","90","2995","90"
"2017-12-29","-0.64","61970","61970","3100","20","3100","20"
"2017-12-28","4","4134560","4134560","3120","1421","3120","1421"
"2017-12-27","3.45","2247300","2247300","3000","771","3000","771"
"2017-12-26","3.57","1641180","1641180","2900","631","2900","631"
"2017-12-22","0","2728500","2728500","2800","1010","2800","1010"
"2017-12-21","0","56102700","56102700","2800","20739","2800","20739"
"2017-12-20","0","168500","168500","2800","60","2800","60"
"2017-12-19","-3.45","1760700","1760700","2800","641","2800","641"
"2017-12-15","3.57","5240500","5240500","2900","1939","2900","1939"
"2017-12-14","3.7","28000","28000","2800","10","2800","10"
"2017-12-13","0","121500","121500","2700","45","2700","45"
"2017-12-12","0","3688780","3688780","2700","1376","2700","1376"
"2017-12-11","-6.9","162000","162000","2700","60","2700","60"
"2017-12-08","0","400200","400200","2900","138","2900","138"
"2017-12-07","0","232000","232000","2900","80","2900","80"
"2017-12-06","0","40600","40600","2900","14","2900","14"
"2017-12-05","4.5","290000","290000","2900","100","2900","100"
"2017-12-04","-7.5","31775","31775","2775","11","2775","11"
"2017-11-30","3.45","875000","875000","3000","310","3000","310"
"2017-11-29","1.75","759000","759000","2900","270","2900","270"
"2017-11-28","-5","607900","607900","2850","211","2850","211"
"2017-11-27","5.26","15000","15000","3000","5","3000","5"
"2017-11-24","5.56","3554950","3554950","2850","1286","2850","1286"
"2017-11-23","5.06","576500","576500","2700","223","2700","223"
"2017-11-22","-7.39","4195140","4195140","2570","1632","2570","1632"
"2017-11-21","-7.35","283375","283375","2775","99","2775","99"
"2017-11-20","-3.39","628160","628160","2995","206","2995","206"
"2017-11-17","-0.64","1067130","1067130","3100","366","3100","366"
"2017-11-16","0","124800","124800","3120","40","3120","40"
"2017-11-13","-0.79","1170875","1170875","3120","375","3120","375"
"2017-11-10","-7.36","113220","113220","3145","36","3145","36"
"2017-11-09","4.78","438470","438470","3395","133","3395","133"
"2017-11-08","-4.14","177975","177975","3240","55","3240","55"
"2017-11-07","-7.4","376380","376380","3380","108","3380","108"
"2017-11-06","-0.82","113800","113800","3650","32","3650","32"
"2017-11-03","0","18400","18400","3680","5","3680","5"
"2017-11-02","-0.41","136210","136210","3680","37","3680","37"
"2017-10-31","-0.14","234645","234645","3695","66","3695","66"
"2017-10-30","0","7400","7400","3700","2","3700","2"
"2017-10-27","0","495700","495700","3700","141","3700","141"
"2017-10-26","0","51800","51800","3700","14","3700","14"
"2017-10-25","0","33300","33300","3700","9","3700","9"
"2017-10-23","5.71","92850","92850","3700","25","3700","25"
"2017-10-20","-6.29","374950","374950","3500","104","3500","104"
"2017-10-19","-0.4","302535","302535","3735","81","3735","81"
"2017-10-18","0","150000","150000","3750","40","3750","40"
"2017-10-17","-1.32","702500","702500","3750","187","3750","187"
"2017-10-16","-3.8","165300","165300","3800","42","3800","42"
"2017-10-13","5.33","55300","55300","3950","14","3950","14"
"2017-10-12","7.14","671320","671320","3750","193","3750","193"
"2017-10-11","-4.89","1667150","1667150","3500","454","3500","454"
"2017-10-10","-7.42","1060860","1060860","3680","270","3680","270"
"2017-10-09","7.43","4251725","4251725","3975","1071","3975","1071"
"2017-10-06","-7.5","629800","629800","3700","162","3700","162"
"2017-10-05","0","302150","302150","4000","75","4000","75"
"2017-10-04","3.9","74080","74080","4000","18","4000","18"
"2017-10-03","0","519875","519875","3850","135","3850","135"
"2017-10-02","-7.45","257300","257300","3850","62","3850","62"
"2017-09-29","4.13","268320","268320","4160","67","4160","67"
"2017-09-28","-3.97","87925","87925","3995","22","3995","22"
"2017-09-27","0","533280","533280","4160","127","4160","127"
"2017-09-26","7.49","29120","29120","4160","7","4160","7"
"2017-09-25","-7.19","601360","601360","3870","149","3870","149"
"2017-09-22","-6.92","238200","238200","4170","54","4170","54"
"2017-09-21","7.43","210840","210840","4480","49","4480","49"
"2017-09-20","-0.12","393585","393585","4170","93","4170","93"
"2017-09-19","-7.43","179300","179300","4175","41","4175","41"
"2017-09-18","0","180400","180400","4510","40","4510","40"
"2017-09-15","-6.72","130790","130790","4510","29","4510","29"
"2017-09-14","0.73","1212195","1212195","4835","265","4835","265"
"2017-09-13","0.1","642000","642000","4800","140","4800","140"
"2017-09-12","-0.1","345350","345350","4795","72","4795","72"
"2017-09-11","6.67","422250","422250","4800","95","4800","95"
"2017-09-08","-2.7","4853500","4853500","4500","1077","4500","1077"
"2017-09-07","-7.5","709110","709110","4625","145","4625","145"
"2017-09-06","0","855050","855050","5000","171","5000","171"
"2017-09-05","0","75000","75000","5000","15","5000","15"
"2017-09-04","0","485000","485000","5000","97","5000","97"
"2017-08-31","0","994750","994750","5000","215","5000","215"
"2017-08-30","-1.96","879200","879200","5000","176","5000","176"
"2017-08-29","2","76500","76500","5100","15","5100","15"
"2017-08-28","-3.85","919475","919475","5000","177","5000","177"
"2017-08-25","0","265200","265200","5200","51","5200","51"
"2017-08-24","-1.79","1826620","1826620","5200","351","5200","351"
"2017-08-23","0","1086225","1086225","5295","205","5295","205"
"2017-08-22","-0.09","1064575","1064575","5295","201","5295","201"
"2017-08-21","-1.85","1160700","1160700","5300","219","5300","219"
"2017-08-18","-1.82","1081300","1081300","5400","202","5400","202"
"2017-08-17","1.85","1155000","1155000","5500","210","5500","210"
"2017-08-16","-3.49","2513270","2513270","5400","455","5400","455"
"2017-08-14","-1.76","1221630","1221630","5595","218","5595","218"
"2017-08-11","1.7","1971175","1971175","5695","355","5695","355"
"2017-08-10","-3.45","2653200","2653200","5600","467","5600","467"
"2017-08-09","0","1747825","1747825","5800","319","5800","319"
"2017-08-08","0","2257920","2257920","5800","394","5800","394"
"2017-08-04","0","2331135","2331135","5800","402","5800","402"
"2017-08-03","1.75","3280100","3280100","5800","576","5800","576"
"2017-08-02","-1.72","1491920","1491920","5700","261","5700","261"
"2017-08-01","-3.33","3955090","3955090","5800","666","5800","666"
"2017-07-31","5.26","783100","783100","6000","131","6000","131"
"2017-07-28","3.64","195200","195200","5700","34","5700","34"
"2017-07-27","5.77","267100","267100","5500","49","5500","49"
"2017-07-25","0","624000","624000","5200","120","104000","6"
"2017-07-24","1.31","912000","912000","5200","180","104000","9"
"2017-07-21","-2","1129205","1129205","5133","220","102655","11"
"2017-07-18","0.02","1152205","1152205","5238","220","104750","11"
"2017-07-17","0","725470","725470","5237","140","104745","7"
"2017-07-14","0","104745","104745","5237","20","104745","1"
"2017-07-12","-3.02","104745","104745","5237","20","104745","1"
"2017-06-30","1.89","954000","954000","5400","180","108000","9"
"2017-06-29","5.14","811740","811740","5300","160","106000","8"
"2017-06-28","0","100820","100820","5041","20","100820","1"
"2017-06-27","-7.5","201640","201640","5041","40","100820","2"
"2017-06-21","-0.91","108990","108990","5450","20","108990","1"
"2017-06-09","4.76","26395240","26395240","5500","5260","110000","263"
"2017-06-08","0","210000","210000","5250","40","105000","2"
"2017-06-07","-4.55","105000","105000","5250","20","105000","1"
"2017-06-02","-2.6","550000","550000","5500","100","110000","5"
"2017-05-26","0","338835","338835","5647","60","112945","3"
"2017-05-24","-7.5","1129450","1129450","5647","200","112945","10"
"2017-05-17","-7.5","1221000","1221000","6105","200","122100","10"
"2017-05-12","1.62","1468110","1468110","6600","240","131995","12"
"2017-05-11","3.1","1208560","1208560","6495","200","129900","10"
"2017-05-09","3.06","1104120","1104120","6300","180","126000","9"
"2017-05-08","-2.97","2949300","2949300","6113","480","122265","24"
"2017-05-05","-0.08","1136150","1136150","6300","180","126000","9"
"2017-05-04","-2.25","630500","630500","6305","100","126100","5"
"2017-05-03","-3.73","645000","645000","6450","100","129000","5"
"2017-04-25","0","1965960","1965960","6700","300","134000","15"
"2017-04-14","0","1548000","1548000","6700","240","134000","12"
"2017-04-13","0.6","4420520","4420520","6700","680","134000","34"
"2017-04-12","-7.5","4395600","4395600","6660","660","133200","33"
"2017-03-24","0","2674795","2674795","7200","400","143995","20"
"2017-03-22","-0.69","7934500","7934500","7200","1140","144000","57"
"2017-03-17","-1","9630695","9630695","7250","1400","145000","70"
"2017-03-06","0","292900","292900","7323","40","146450","2"
"2017-03-03","-0.03","1263550","1263550","7323","180","146450","9"
"2017-03-01","-0.34","2186125","2186125","7325","320","146500","16"
"2017-02-24","-2","889500","889500","7350","120","147000","6"
"2017-02-23","0","1500000","1500000","7500","200","150000","10"
"2017-02-22","0","3749005","3749005","7500","500","150000","25"
"2017-02-21","0","37498750","37498750","7500","5000","149995","250"
"2017-02-15","0","150000","150000","7500","20","150000","1"
"2017-02-14","0","1762500","1762500","7500","240","150000","12"
"2017-02-13","0","1725500","1725500","7500","240","150000","12"
"2017-02-09","0","900000","900000","7500","120","150000","6"
"2017-02-08","-2.6","4432500","4432500","7500","620","150000","31"
"2017-02-02","0","450500","450500","7700","60","154000","3"
"2017-02-01","-1.6","3805100","3805100","7700","520","154000","26"
"2017-01-31","-6.85","156500","156500","7825","20","156500","1"
"2017-01-16","-3.45","168000","168000","8400","20","168000","1"
"2016-12-22","-0.49","37061980","37061980","8700","4580","174000","229"
"2016-12-08","-2.86","1040750","1040750","8743","120","174850","6"
"2016-11-29","2.86","8434000","8434000","9000","940","180000","47"
"2016-11-28","0","525000","525000","8750","60","175000","3"
"2016-11-25","6.06","2172300","2172300","8750","260","175000","13"
"2016-11-22","0","4125000","4125000","8250","500","165000","25"
"2016-11-18","3.13","1964900","1964900","8250","240","165000","12"
"2016-11-17","6.67","6808000","6808000","8000","900","160000","45"
"2016-11-16","-6.25","451000","451000","7500","60","150000","3"
"2016-11-14","-2.44","1919750","1919750","8000","240","159995","12"
"2016-10-28","-0.61","164000","164000","8200","20","164000","1"
"2016-10-27","0","660000","660000","8250","80","165000","4"
"2016-10-26","3.13","165000","165000","8250","20","165000","1"
"2016-10-25","0","1280000","1280000","8000","160","160000","8"
"2016-10-24","0","640000","640000","8000","80","160000","4"
"2016-10-21","4.23","12126500","12126500","8000","1580","160000","79"
"2016-10-20","-0.97","5833010","5833010","7675","760","153500","38"
"2016-10-19","-1.9","41984050","41984050","7750","5320","155000","266"
"2016-10-18","0","1258005","1258005","7900","160","158000","8"
"2016-10-14","0","940000","940000","7900","120","158000","6"
"2016-10-13","0","1580000","1580000","7900","200","158000","10"
"2016-10-12","0","1580000","1580000","7900","200","158000","10"
"2016-10-11","0.64","790000","790000","7900","100","158000","5"
"2016-10-10","0.64","2041000","2041000","7850","260","157000","13"
"2016-10-07","0.58","2184000","2184000","7800","280","156000","14"
"2016-10-06","0","6855470","6855470","7755","880","155105","44"
"2016-10-05","0.06","12481500","12481500","7755","1600","155100","80"
"2016-09-30","-3.13","1550000","1550000","7750","200","155000","10"
"2016-09-29","0","800000","800000","8000","100","160000","5"
"2016-09-28","2.46","14275300","14275300","8000","1800","160000","90"
"2016-09-27","0.09","1097300","1097300","7808","140","156150","7"
"2016-09-26","-0.01","936150","936150","7801","120","156025","6"
"2016-09-23","0.67","946775","946775","7802","120","156030","6"
"2016-09-22","-0.64","148180000","148180000","7750","19120","155000","956"
"2016-09-21","0.65","312000","312000","7800","40","156000","2"
"2016-09-20","-6.91","325038325","325038325","7750","41880","155000","2094"
"2016-09-14","0.3","832500","832500","8325","100","166500","5"
"2016-09-13","-2.35","830025","830025","8300","100","166005","5"
"2016-09-08","3.03","4494985","4494985","8500","540","170000","27"
"2016-09-07","1.54","990000","990000","8250","120","165000","6"
"2016-09-05","-4.41","5754040","5754040","8125","700","162505","35"
"2016-09-02","3.34","1020000","1020000","8500","120","170000","6"
"2016-09-01","0.3","822505","822505","8225","100","164505","5"
"2016-08-31","0","1968000","1968000","8200","240","164000","12"
"2016-08-30","-3.53","14076430","14076430","8200","1720","164000","86"
"2016-08-29","0","5270000","5270000","8500","620","170000","31"
"2016-08-26","0","1518000","1518000","8500","180","170000","9"
"2016-08-25","0","510000","510000","8500","60","170000","3"
"2016-08-24","0","2720000","2720000","8500","320","170000","16"
"2016-08-23","-2.98","340000","340000","8500","40","170000","2"
"2016-08-19","6.83","1169455","1169455","8761","140","175225","7"
"2016-08-18","0.01","21812140","21812140","8201","2660","164010","133"
"2016-08-16","-6.4","328000","328000","8200","40","164000","2"
"2016-08-11","7.5","17848500","17848500","8761","2040","175225","102"
"2016-08-10","0","1630025","1630025","8150","200","163000","10"
"2016-08-09","0.62","326000","326000","8150","40","163000","2"
"2016-08-05","-0.63","3248080","3248080","8100","400","162000","20"
"2016-08-04","1.25","3586300","3586300","8151","440","163015","22"
"2016-08-03","-0.62","808000","808000","8050","100","161000","5"
"2016-08-02","4.52","162000","162000","8100","20","162000","1"
"2016-07-27","0","7750250","7750250","7750","1000","155005","50"
"2016-07-26","0.91","35725000","35725000","7750","4640","155000","232"
"2016-07-25","0.03","43008000","43008000","7680","5600","153600","280"
"2016-07-22","-7.49","767750","767750","7678","100","153550","5"
"2016-07-21","0","166000","166000","8300","20","166000","1"
"2016-07-20","-0.3","2646600","2646600","8300","320","166000","16"
"2016-07-19","-0.06","4995000","4995000","8325","600","166500","30"
"2016-07-18","-2","9163000","9163000","8330","1100","166600","55"
"2016-07-15","-5.56","170000","170000","8500","20","170000","1"
"2016-07-13","0","3060000","3060000","9000","340","180000","17"
"2016-07-12","0","1080000","1080000","9000","120","180000","6"
"2016-07-11","-3.23","1086000","1086000","9000","120","180000","6"
"2016-07-08","-4.62","1674025","1674025","9300","180","186000","9"
"2016-07-04","1.55","5454030","5454030","9750","560","195000","28"
"2016-07-01","-0.51","1920255","1920255","9601","200","192015","10"
"2016-06-30","-1.03","193000","193000","9650","20","193000","1"
"2016-06-28","1.04","1755000","1755000","9750","180","195000","9"
"2016-06-27","0","772000","772000","9650","80","193000","4"
"2016-06-24","0.26","193000","193000","9650","20","193000","1"
"2016-06-23","0","1155000","1155000","9625","120","192500","6"
"2016-06-21","0","9817500","9817500","9625","1020","192500","51"
"2016-06-20","0.22","3461740","3461740","9625","360","192500","18"
"2016-06-16","1.09","2494800","2494800","9604","260","192080","13"
"2016-06-15","-1.08","5564920","5564920","9500","580","190000","29"
"2016-06-13","-2","2120720","2120720","9604","220","192080","11"
"2016-06-10","0","196000","196000","9800","20","196000","1"
"2016-06-09","0","588200","588200","9800","60","196000","3"
"2016-06-08","0.51","788000","788000","9800","80","196000","4"
"2016-06-07","0","195000","195000","9750","20","195000","1"
"2016-06-06","0","390000","390000","9750","40","195000","2"
"2016-06-03","-5.34","1180150","1180150","9750","120","195000","6"
"2016-06-02","-1.9","3708005","3708005","10300","360","206000","18"
"2016-05-31","-1.41","630000","630000","10500","60","210000","3"
"2016-05-30","-0.93","19129000","19129000","10650","1780","213000","89"
"2016-05-27","0.47","128143295","128143295","10750","11920","215005","596"
"2016-05-26","0.9","86270200","86270200","10700","8100","214000","405"
"2016-05-25","-7.02","2333100","2333100","10605","220","212100","11"
"2016-05-24","7.5","228115","228115","11406","20","228115","1"
"2016-05-23","1.05","131655025","131655025","10610","12440","212200","622"
"2016-05-18","1.94","420000","420000","10500","40","210000","2"
"2016-05-13","0.44","5150125","5150125","10300","500","206005","25"
"2016-05-11","-6.93","410200","410200","10255","40","205100","2"
"2016-05-10","7.5","20926375","20926375","11019","2060","220375","103"
"2016-05-09","5.12","1570070","1570070","10250","160","205000","8"
"2016-05-06","-2.49","10142305","10142305","9751","1040","195010","52"
"2016-05-04","2.56","2355000","2355000","10000","240","200000","12"
"2016-05-03","1.04","13648005","13648005","9750","1400","195000","70"
"2016-04-28","-3.02","579000","579000","9650","60","193000","3"
"2016-04-26","0","1990000","1990000","9950","200","199000","10"
"2016-04-22","2.97","24559880","24559880","9950","2520","199000","126"
"2016-04-21","-2.88","772765","772765","9663","80","193255","4"
"2016-04-20","4.19","597000","597000","9950","60","199000","3"
"2016-04-14","0","20055500","20055500","9550","2100","191000","105"
"2016-04-13","0","1910000","1910000","9550","200","191000","10"
"2016-04-11","-4.5","4408000","4408000","9550","460","191000","23"
"2016-04-08","0","8600000","8600000","10000","860","200000","43"
"2016-04-07","3.09","3840000","3840000","10000","400","200000","20"
"2016-04-05","0","1164000","1164000","9700","120","194000","6"
"2016-04-04","0","194000","194000","9700","20","194000","1"
"2016-04-01","0.78","38800000","38800000","9700","4000","194000","200"
"2016-03-31","-6.1","38500000","38500000","9625","4000","192500","200"
"2016-03-30","0","820000","820000","10250","80","205000","4"
"2016-03-29","0.49","266667380","266667380","10250","25720","205000","1286"
"2016-03-24","7.37","408000","408000","10200","40","204000","2"
"2016-03-21","0","5113000","5113000","9500","540","190000","27"
"2016-03-17","0","2089960","2089960","9500","220","190000","11"
"2016-03-16","-1.55","3330000","3330000","9500","340","190000","17"
"2016-03-14","1.58","47092000","47092000","9650","4880","193000","244"
"2016-03-11","0","190005","190005","9500","20","190005","1"
"2016-03-07","0","15960000","15960000","9500","1680","190000","84"
"2016-03-04","0","18999110","18999110","9500","2000","190000","100"
"2016-03-03","2.7","569985","569985","9500","60","189995","3"
"2016-02-29","1.09","13929000","13929000","9250","1520","185000","76"
"2016-02-26","0","914985","914985","9150","100","182995","5"
"2016-02-24","2.23","18619300","18619300","9150","2080","183000","104"
"2016-02-23","-2.98","1448500","1448500","8950","160","179000","8"
"2016-02-22","-2.89","47650000","47650000","9225","5180","184500","259"
"2016-02-18","0","2089900","2089900","9500","220","190000","11"
"2016-02-16","0","35339990","35339990","9500","3720","190000","186"
"2016-02-12","-1.55","2090000","2090000","9500","220","190000","11"
"2016-02-11","1.58","58286000","58286000","9650","6040","193000","302"
"2016-02-09","0","570000","570000","9500","60","190000","3"
"2016-02-08","0","15010000","15010000","9500","1580","190000","79"
"2016-02-05","0","95000000","95000000","9500","10000","190000","500"
"2016-02-04","0","47172000","47172000","9500","4920","190000","246"
"2016-02-02","0","14246000","14246000","9500","1480","190000","74"
"2016-02-01","-1.55","16340000","16340000","9500","1720","190000","86"
"2016-01-26","1.58","11818530","11818530","9650","1240","193000","62"
"2016-01-25","6.74","15269525","15269525","9500","1700","190000","85"
"2016-01-20","-0.56","178000","178000","8900","20","178000","1"
"2016-01-18","0","537000","537000","8950","60","179000","3"
"2016-01-14","7.19","1611000","1611000","8950","180","179000","9"
"2016-01-13","-4.57","4843000","4843000","8350","580","167000","29"
"2016-01-12","-2.78","700000","700000","8750","80","175000","4"
"2016-01-08","0.5","7540200","7540200","9000","840","180000","42"
"2016-01-07","-0.5","1432500","1432500","8955","160","179100","8"
"2016-01-06","0.06","213909300","213909300","9000","24000","180000","1200"
"2015-12-30","1.07","179900","179900","8995","20","179900","1"
"2015-12-29","1.71","2670000","2670000","8900","300","178000","15"
"2015-12-23","-2.23","1400000","1400000","8750","160","175000","8"
"2015-12-21","0.56","6234000","6234000","8950","700","179000","35"
"2015-12-18","0","7120000","7120000","8900","800","178000","40"
"2015-12-17","0","2136000","2136000","8900","240","178000","12"
"2015-12-16","0","5696000","5696000","8900","640","178000","32"
"2015-12-15","-1.11","3918000","3918000","8900","440","178000","22"
"2015-12-14","0","13590000","13590000","9000","1520","180000","76"
"2015-12-11","0","360000","360000","9000","40","180000","2"
"2015-12-10","0","1800000","1800000","9000","200","180000","10"
"2015-12-09","4.05","7187000","7187000","9000","800","180000","40"
"2015-12-08","0","2249000","2249000","8650","260","173000","13"
"2015-12-07","0","865000","865000","8650","100","173000","5"
"2015-12-04","0.29","7602500","7602500","8650","900","173000","45"
"2015-12-03","1.47","23287500","23287500","8625","2700","172500","135"
"2015-12-02","0","170000","170000","8500","20","170000","1"
"2015-12-01","0","1870010","1870010","8500","220","170000","11"
"2015-11-30","0","340000","340000","8500","40","170000","2"
"2015-11-27","3.03","9975000","9975000","8500","1180","170000","59"
"2015-11-26","0.98","82665000","82665000","8250","10020","165000","501"
"2015-11-24","7.5","25774960","25774960","8170","3380","163390","169"
"2015-11-23","7.42","9819675","9819675","7600","1300","151995","65"
"2015-11-20","0","249035000","249035000","7075","35200","141500","1760"
"2015-11-17","1.07","28300000","28300000","7075","4000","141500","200"
"2015-11-16","2.94","2100000","2100000","7000","300","140000","15"
"2015-11-13","0","136005","136005","6800","20","136005","1"
"2015-11-12","0","680000","680000","6800","100","136000","5"
"2015-11-10","3.82","5032000","5032000","6800","740","136000","37"
"2015-11-09","0","24350865","24350865","6550","3720","131000","186"
"2015-11-05","0","3536730","3536730","6550","540","130990","27"
"2015-11-04","2.34","654950","654950","6550","100","130990","5"
"2015-11-03","0","1024005","1024005","6400","160","128000","8"
"2015-11-02","2.4","2560000","2560000","6400","400","128000","20"
"2015-10-30","-3.85","125005","125005","6250","20","125005","1"
"2015-10-29","4","1300000","1300000","6500","200","130000","10"
"2015-10-28","0","13500400","13500400","6250","2160","125000","108"
"2015-10-27","3.31","2470000","2470000","6250","400","125000","20"
"2015-10-26","0.75","121005000","121005000","6050","20000","121005","1000"
"2015-10-23","-0.74","66057750","66057750","6005","11000","120105","550"
"2015-10-22","0","1573000","1573000","6050","260","121000","13"
"2015-10-21","0.83","8560005","8560005","6050","1420","121000","71"
"2015-10-16","0","13440015","13440015","6000","2240","120000","112"
"2015-10-15","0","239990","239990","6000","40","119995","2"
"2015-10-09","0","720000","720000","6000","120","120000","6"
"2015-10-07","6.67","480000","480000","6000","80","120000","4"
"2015-10-06","0","562500","562500","5625","100","112500","5"
"2015-10-05","0","12570000","12570000","5625","2200","112500","110"
"2015-09-30","0","9675000","9675000","5625","1720","112500","86"
"2015-09-29","-5.46","2281575","2281575","5625","400","112505","20"
"2015-09-23","-0.83","714000","714000","5950","120","119000","6"
"2015-09-22","0","1200000","1200000","6000","200","120000","10"
"2015-09-21","-4.02","120000","120000","6000","20","120000","1"
"2015-09-16","4.18","17831120","17831120","6251","2880","125010","144"
"2015-09-15","-4","35745005","35745005","6000","5720","120005","286"
"2015-09-14","-0.02","15000000","15000000","6250","2400","125000","120"
"2015-09-10","0.02","6375660","6375660","6251","1020","125010","51"
"2015-09-09","0","16625675","16625675","6250","2660","125005","133"
"2015-09-08","0","1375000","1375000","6250","220","125000","11"
"2015-09-07","0","9573495","9573495","6250","1540","125000","77"
"2015-09-04","4.17","14037500","14037500","6250","2300","125000","115"
"2015-09-03","0","21360000","21360000","6000","3560","120000","178"
"2015-08-31","0","4200000","4200000","6000","700","120000","35"
"2015-08-27","1.47","27820795","27820795","6000","4640","120000","232"
"2015-08-26","0","2010335","2010335","5913","340","118255","17"
"2015-08-24","7.51","4309395","4309395","5913","740","118255","37"
"2015-08-21","0","2200100","2200100","5500","400","110005","20"
"2015-08-19","4.76","6702000","6702000","5500","1220","110000","61"
"2015-08-18","4.48","5452000","5452000","5250","1040","105000","52"
"2015-08-17","1.52","703500","703500","5025","140","100500","7"
"2015-08-12","0","4554000","4554000","4950","920","99000","46"
"2015-08-11","0","891000","891000","4950","180","99000","9"
"2015-08-10","0.71","19800000","19800000","4950","4000","99000","200"
"2015-08-06","0.1","884700","884700","4915","180","98300","9"
"2015-07-31","0","1178400","1178400","4910","240","98200","12"
"2015-07-30","0.2","38101600","38101600","4910","7760","98200","388"
"2015-07-27","0.2","11937800","11937800","4900","2440","98000","122"
"2015-07-23","0","391200","391200","4890","80","97800","4"
"2015-07-16","-0.71","1273500","1273500","4890","260","97800","13"
"2015-07-10","-1.99","7494000","7494000","4925","1520","98500","76"
"2015-07-09","-4.29","3015000","3015000","5025","600","100500","30"
"2015-07-08","0","1050000","1050000","5250","200","105000","10"
"2015-07-07","2.14","16275000","16275000","5250","3100","105000","155"
"2015-07-06","2.8","16756400","16756400","5140","3260","102800","163"
"2015-07-02","0","400000","400000","5000","80","100000","4"
"2015-07-01","0","1100000","1100000","5000","220","100000","11"
"2015-06-30","-0.1","100000","100000","5000","20","100000","1"
"2015-06-23","0.1","300300","300300","5005","60","100100","3"
"2015-06-22","0","200000","200000","5000","40","100000","2"
"2015-06-18","0","1700000","1700000","5000","340","100000","17"
"2015-06-17","0","1500000","1500000","5000","300","100000","15"
"2015-06-16","0","600000","600000","5000","120","100000","6"
"2015-06-15","1.52","200000","200000","5000","40","100000","2"
"2015-06-11","0.49","197000","197000","4925","40","98500","2"
"2015-06-08","0.02","6860700","6860700","4901","1400","98010","70"
"2015-06-03","1.85","392000","392000","4900","80","98000","4"
"2015-06-02","0.12","5772600","5772600","4811","1200","96210","60"
"2015-06-01","0","1249365","1249365","4805","260","96105","13"
"2015-05-29","0.1","1057100","1057100","4805","220","96100","11"
"2015-05-27","0.08","9638700","9638700","4800","2000","96000","100"
"2015-05-26","7.51","2589705","2589705","4796","540","95915","27"
"2015-05-22","7.49","1430950","1430950","4461","340","89225","17"
"2015-05-18","0","2905000","2905000","4150","700","83000","35"
"2015-05-13","0","498000","498000","4150","120","83000","6"
"2015-05-12","4.98","486000","486000","4150","120","83000","6"
"2015-05-08","0.08","79050","79050","3953","20","79050","1"
"2015-05-05","0","1620050","1620050","3950","400","79005","20"
"2015-04-30","0","632000","632000","3950","160","79000","8"
"2015-04-29","1.28","6078000","6078000","3950","1520","79000","76"
"2015-04-27","-2.5","2340000","2340000","3900","600","78000","30"
"2015-04-23","0","80000","80000","4000","20","80000","1"
"2015-04-17","2.56","239985","239985","4000","60","79995","3"
"2015-04-14","0","1403990","1403990","3900","360","78000","18"
"2015-04-09","0","10140000","10140000","3900","2600","78000","130"
"2015-04-07","0","156000","156000","3900","40","78000","2"
"2015-04-03","2.63","468000","468000","3900","120","78000","6"
"2015-04-02","-1.3","76005","76005","3800","20","76005","1"
"2015-04-01","0","31955000","31955000","3850","8300","77000","415"
"2015-03-31","-1.28","154000","154000","3850","40","77000","2"
"2015-03-30","0","7712000","7712000","3900","1980","78000","99"
"2015-03-27","0","624000","624000","3900","160","78000","8"
"2015-03-26","0","390000","390000","3900","100","78000","5"
"2015-03-25","0","29328000","29328000","3900","7520","78000","376"
"2015-03-24","-2.38","1326000","1326000","3900","340","78000","17"
"2015-03-23","-0.13","3116100","3116100","3995","780","79900","39"
"2015-03-20","0","479500","479500","4000","120","80000","6"
"2015-03-18","0","16240000","16240000","4000","4060","80000","203"
"2015-03-17","0","1600000","1600000","4000","400","80000","20"
"2015-03-16","-5.33","8000000","8000000","4000","2000","80000","100"
"2015-03-13","-1.74","19050000","19050000","4225","4500","84500","225"
"2015-03-12","0","430000","430000","4300","100","86000","5"
"2015-03-05","0","428800","428800","4300","100","86000","5"
"2015-03-02","7.5","860000","860000","4300","200","86000","10"
"2015-02-26","0","400000","400000","4000","100","80000","5"
"2015-02-25","3.15","480000","480000","4000","120","80000","6"
"2015-02-24","-0.05","20098200","20098200","3878","5180","77550","259"
"2015-02-23","0.08","1241300","1241300","3880","320","77600","16"
"2015-02-16","0.03","5582160","5582160","3877","1440","77530","72"
"2015-02-13","-3.1","3643440","3643440","3876","940","77520","47"
"2015-02-11","0","240000","240000","4000","60","80000","3"
"2015-02-04","0","160000","160000","4000","40","80000","2"
"2015-02-03","0","400000","400000","4000","100","80000","5"
"2015-01-30","4.55","4481000","4481000","4000","1160","80000","58"
"2015-01-29","0.03","153030","153030","3826","40","76515","2"
"2015-01-23","0","1536500","1536500","3825","400","76500","20"
"2015-01-22","0","918000","918000","3825","240","76500","12"
"2015-01-21","0","3825000","3825000","3825","1000","76500","50"
"2015-01-19","-1.92","1147500","1147500","3825","300","76500","15"
"2015-01-15","4.7","1560000","1560000","3900","400","78000","20"
"2015-01-06","0.4","4425600","4425600","3725","1180","74500","59"
"2014-12-26","0.13","148400","148400","3710","40","74200","2"
"2014-12-23","-5.48","4223700","4223700","3705","1140","74100","57"
"2014-12-22","-2","1805000","1805000","3920","460","78400","23"
"2014-12-17","2.56","4914610","4914610","4000","1320","80000","66"
"2014-12-15","-2.5","234000","234000","3900","60","78000","3"
"2014-12-11","0.55","160000","160000","4000","40","80000","2"
"2014-12-09","0","6204900","6204900","3978","1560","79550","78"
"2014-12-08","7.51","1034150","1034150","3978","260","79550","13"
"2014-11-28","-0.54","888000","888000","3700","240","74000","12"
"2014-11-20","1.92","2678400","2678400","3720","720","74400","36"
"2014-11-19","0","73000","73000","3650","20","73000","1"
"2014-11-18","1.39","730335","730335","3650","200","73000","10"
"2014-11-12","0","936065","936065","3600","260","72005","13"
"2014-11-11","-1.37","3615000","3615000","3600","1000","72000","50"
"2014-11-10","0","292000","292000","3650","80","73000","4"
"2014-11-06","0","219000","219000","3650","60","73000","3"
"2014-11-05","1.39","584000","584000","3650","160","73000","8"
"2014-11-04","-0.55","360025","360025","3600","100","72005","5"
"2014-11-03","1.97","14552350","14552350","3620","4020","72400","201"
"2014-10-30","-0.98","8529700","8529700","3550","2380","71000","119"
"2014-10-29","-4.4","71690","71690","3585","20","71690","1"
"2014-10-24","-3.23","1609000","1609000","3750","420","75000","21"
"2014-10-23","-0.64","465000","465000","3875","120","77500","6"
"2014-10-22","-1.27","1716000","1716000","3900","440","78000","22"
"2014-10-21","0","789855","789855","3950","200","78995","10"
"2014-10-20","0","36574710","36574710","3950","9260","79000","463"
"2014-10-17","0","17303000","17303000","3950","4380","79000","219"
"2014-10-16","-1.25","319000","319000","3950","80","79000","4"
"2014-10-13","0","2560000","2560000","4000","640","80000","32"
"2014-10-10","0","160000","160000","4000","40","80000","2"
"2014-10-09","0","14560000","14560000","4000","3640","80000","182"
"2014-09-30","0","160000","160000","4000","40","80000","2"
"2014-09-29","-0.62","80000","80000","4000","20","80000","1"
"2014-09-24","3.21","644000","644000","4025","160","80500","8"
"2014-09-23","1.27","390025","390025","3900","100","78005","5"
"2014-09-19","-0.62","77015","77015","3851","20","77015","1"
"2014-09-18","-4.32","1550000","1550000","3875","400","77500","20"
"2014-09-17","0","4050000","4050000","4050","1000","81000","50"
"2014-09-16","7.14","1620050","1620050","4050","400","81000","20"
"2014-09-12","0","151210","151210","3780","40","75605","2"
"2014-09-11","0.13","2656050","2656050","3780","700","75605","35"
"2014-09-05","0","604055","604055","3775","160","75505","8"
"2014-09-04","0","453000","453000","3775","120","75500","6"
"2014-09-03","0","226500","226500","3775","60","75500","3"
"2014-09-02","-0.66","226500","226500","3775","60","75500","3"
"2014-09-01","1.33","604525","604525","3800","160","76000","8"
"2014-08-20","0","1200000","1200000","3750","320","75000","16"
"2014-08-18","-0.35","225000","225000","3750","60","75000","3"
"2014-08-13","7.51","150510","150510","3763","40","75255","2"
"2014-08-04","0","1400160","1400160","3500","400","70005","20"
"2014-07-29","-6.67","840900","840900","3500","240","70000","12"
"2014-07-21","7.11","827600","827600","3750","220","75000","11"
"2014-07-17","0.03","5047070","5047070","3501","1440","70010","72"
"2014-07-11","0","490000","490000","3500","140","70000","7"
"2014-07-09","0","1050000","1050000","3500","300","70000","15"
"2014-07-08","-6.91","4014645","4014645","3500","1020","70000","51"
"2014-07-07","7.49","676845","676845","3760","180","75205","9"
"2014-07-02","-6.72","69960","69960","3498","20","69960","1"
"2014-06-27","0","1200000","1200000","3750","320","75000","16"
"2014-06-26","-4.51","53400125","53400125","3750","14240","75000","712"
"2014-06-25","-6.5","1649340","1649340","3927","420","78540","21"
"2014-06-24","-3.45","1866000","1866000","4200","440","84000","22"
"2014-06-23","3.57","435000","435000","4350","100","87000","5"
"2014-06-19","-3.45","3075000","3075000","4200","720","84000","36"
"2014-06-18","0","87000","87000","4350","20","87000","1"
"2014-06-17","0","3654000","3654000","4350","840","87000","42"
"2014-06-16","7.41","870000","870000","4350","200","87000","10"
"2014-06-13","-6.36","648000","648000","4050","160","81000","8"
"2014-06-11","-2.81","3465500","3465500","4325","800","86500","40"
"2014-06-10","0","1779900","1779900","4450","400","88995","20"
"2014-06-06","7.23","2578995","2578995","4450","620","88995","31"
"2014-06-05","7.43","1967750","1967750","4150","480","83000","24"
"2014-06-04","7.25","9424960","9424960","3863","2440","77255","122"
"2014-06-03","7.52","144060","144060","3602","40","72030","2"
"2014-06-02","0.75","2345175","2345175","3350","700","67005","35"
"2014-05-27","0.76","66500","66500","3325","20","66500","1"
"2014-05-22","-0.39","1782000","1782000","3300","540","66000","27"
"2014-05-21","1.94","265000","265000","3313","80","66250","4"
"2014-05-20","0","1625440","1625440","3250","500","65000","25"
"2014-05-16","0","325000","325000","3250","100","65000","5"
"2014-05-14","0","195100","195100","3250","60","65000","3"
"2014-05-12","0","770000","770000","3250","240","65000","12"
"2014-05-08","1.56","845000","845000","3250","260","65000","13"
"2014-05-07","-4.48","12601740","12601740","3200","3840","64000","192"
"2014-05-06","-4.29","1153000","1153000","3350","340","67000","17"
"2014-05-05","-0.28","1190000","1190000","3500","340","70000","17"
"2014-04-29","0","702000","702000","3510","200","70200","10"
"2014-04-28","-6.4","210600","210600","3510","60","70200","3"
"2014-04-17","0","5475000","5475000","3750","1460","75000","73"
"2014-04-16","0","375000","375000","3750","100","75000","5"
"2014-04-15","-5.06","75000","75000","3750","20","75000","1"
"2014-04-14","5.33","158000","158000","3950","40","79000","2"
"2014-04-09","0","1500000","1500000","3750","400","75000","20"
"2014-04-08","-4.46","1425000","1425000","3750","380","75000","19"
"2014-04-04","0.64","157000","157000","3925","40","78500","2"
"2014-04-02","2.63","19734000","19734000","3900","5060","78000","253"
"2014-03-28","0","380000","380000","3800","100","76000","5"
"2014-03-27","1.33","760000","760000","3800","200","76000","10"
"2014-03-24","1.35","450000","450000","3750","120","75000","6"
"2014-03-17","0","371000","371000","3700","100","74000","5"
"2014-03-14","0","22348000","22348000","3700","6040","74000","302"
"2014-03-12","-1.33","148000","148000","3700","40","74000","2"
"2014-03-11","-1.32","225000","225000","3750","60","75000","3"
"2014-03-10","0","76000","76000","3800","20","76000","1"
"2014-03-07","-0.65","76000","76000","3800","20","76000","1"
"2014-03-06","-0.39","841495","841495","3825","220","76495","11"
"2014-03-05","0","1536000","1536000","3840","400","76800","20"
"2014-02-28","0","3148800","3148800","3840","820","76800","41"
"2014-02-26","0","921600","921600","3840","240","76800","12"
"2014-02-25","0","1075200","1075200","3840","280","76800","14"
"2014-02-24","-4","76800","76800","3840","20","76800","1"
"2014-02-20","-3.61","482000","482000","4000","120","80000","6"
"2014-02-17","0","1162000","1162000","4150","280","83000","14"
"2014-02-14","0","1241485","1241485","4150","300","83000","15"
"2014-01-30","5.46","664000","664000","4150","160","83000","8"
"2014-01-27","-7.41","1652700","1652700","3935","420","78700","21"
"2014-01-23","0","255000","255000","4250","60","85000","3"
"2014-01-22","-2.25","3825000","3825000","4250","900","85000","45"
"2014-01-21","-7.49","86950","86950","4348","20","86950","1"
"2014-01-09","-0.06","5452000","5452000","4700","1160","94000","58"
"2014-01-08","4.51","376240","376240","4703","80","94060","4"
"2014-01-07","0.56","900000","900000","4500","200","90000","10"
"2014-01-06","2.29","1691500","1691500","4475","380","89500","19"
"2013-12-31","7.36","2157500","2157500","4375","500","87500","25"
"2013-12-30","7.24","1630000","1630000","4075","400","81500","20"
"2013-12-26","-0.65","8847000","8847000","3800","2340","76000","117"
"2013-12-23","0","76500","76500","3825","20","76500","1"
"2013-12-19","6.81","3871300","3871300","3825","1040","76500","52"
"2013-12-13","-7.49","3928400","3928400","3581","1000","71620","50"
"2013-12-12","7.5","1548500","1548500","3871","400","77425","20"
"2013-12-11","7.49","3869250","3869250","3601","1080","72025","54"
"2013-12-10","-1.47","402000","402000","3350","120","67000","6"
"2013-12-05","1.49","340000","340000","3400","100","68000","5"
"2013-12-04","-1.47","67000","67000","3350","20","67000","1"
"2013-12-02","3.79","408000","408000","3400","120","68000","6"
"2013-11-27","0.03","675020","675020","3276","200","65510","10"
"2013-11-25","0","327500","327500","3275","100","65500","5"
"2013-11-21","0","458500","458500","3275","140","65500","7"
"2013-11-20","0.77","720500","720500","3275","220","65500","11"
"2013-11-18","0","845000","845000","3250","260","65000","13"
"2013-11-13","0","261000","261000","3250","80","65000","4"
"2013-11-08","0","5003495","5003495","3250","1540","65000","77"
"2013-11-05","2.36","1690000","1690000","3250","520","65000","26"
"2013-10-28","2.42","190500","190500","3175","60","63500","3"
"2013-10-25","0","744000","744000","3100","240","62000","12"
"2013-10-24","-0.16","1116000","1116000","3100","360","62000","18"
"2013-10-23","0.16","248400","248400","3105","80","62100","4"
"2013-10-22","0","2666000","2666000","3100","860","62000","43"
"2013-10-21","0","186000","186000","3100","60","62000","3"
"2013-10-18","0","620000","620000","3100","200","62000","10"
"2013-10-14","0","2356000","2356000","3100","760","62000","38"
"2013-10-08","0","682000","682000","3100","220","62000","11"
"2013-10-03","0","1488000","1488000","3100","480","62000","24"
"2013-10-02","0","620000","620000","3100","200","62000","10"
"2013-09-30","3.33","2294000","2294000","3100","740","62000","37"
"2013-09-26","-1.64","181000","181000","3000","60","60000","3"
"2013-09-25","-0.81","12544000","12544000","3050","4080","61000","204"
"2013-09-24","-2.38","123000","123000","3075","40","61500","2"
"2013-09-19","5","1071000","1071000","3150","340","63000","17"
"2013-09-18","-4.76","180000","180000","3000","60","60000","3"
"2013-09-17","0","126000","126000","3150","40","63000","2"
"2013-09-16","0","6930000","6930000","3150","2200","63000","110"
"2013-09-13","0.64","4410000","4410000","3150","1400","63000","70"
"2013-09-12","0","62600","62600","3130","20","62600","1"
"2013-09-11","-5.15","1189400","1189400","3130","380","62600","19"
"2013-09-09","-2.94","990000","990000","3300","300","66000","15"
"2013-08-29","0","408000","408000","3400","120","68000","6"
"2013-08-27","-2.86","2244000","2244000","3400","660","68000","33"
"2013-08-23","-0.14","2520000","2520000","3500","720","70000","36"
"2013-08-20","0","140200","140200","3505","40","70100","2"
"2013-08-14","0","1402000","1402000","3505","400","70100","20"
"2013-08-13","0.14","1962800","1962800","3505","560","70100","28"
"2013-08-06","0","2590000","2590000","3500","740","70000","37"
"2013-07-31","0","4060000","4060000","3500","1160","70000","58"
"2013-07-25","0","7280000","7280000","3500","2080","70000","104"
"2013-07-24","1.45","700000","700000","3500","200","70000","10"
"2013-07-19","1.47","7590000","7590000","3450","2200","69000","110"
"2013-07-18","0","5780000","5780000","3400","1700","68000","85"
"2013-07-17","-2.86","612045","612045","3400","180","68005","9"
"2013-07-15","2.94","630000","630000","3500","180","70000","9"
"2013-07-12","0","1020000","1020000","3400","300","68000","15"
"2013-07-09","0","1020000","1020000","3400","300","68000","15"
"2013-07-05","-2.86","1224000","1224000","3400","360","68000","18"
"2013-07-03","0","350000","350000","3500","100","70000","5"
"2013-07-01","-6.67","980000","980000","3500","280","70000","14"
"2013-06-24","5.63","1650000","1650000","3750","440","75000","22"
"2013-06-20","0","568000","568000","3550","160","71000","8"
"2013-06-12","0","12212000","12212000","3550","3440","71000","172"
"2013-06-11","2.9","3763000","3763000","3550","1060","71000","53"
"2013-06-04","-2.82","2898000","2898000","3450","840","69000","42"
"2013-05-31","0","852000","852000","3550","240","71000","12"
"2013-05-30","4.26","1491000","1491000","3550","420","71000","21"
"2013-05-13","0.15","1838700","1838700","3405","540","68100","27"
"2013-05-07","-0.09","952070","952070","3400","280","68005","14"
"2013-05-03","-2.6","1633200","1633200","3403","480","68050","24"
"2013-04-30","7.51","41925000","41925000","3494","12000","69875","600"
"2013-04-29","0","2470000","2470000","3250","760","65000","38"
"2013-04-26","2.36","520000","520000","3250","160","65000","8"
"2013-04-23","0","3175250","3175250","3175","1000","63505","50"
"2013-04-18","0","317500","317500","3175","100","63500","5"
"2013-04-17","1.44","635000","635000","3175","200","63500","10"
"2013-04-15","0","2378800","2378800","3130","760","62600","38"
"2013-04-12","0","876400","876400","3130","280","62600","14"
"2013-04-11","-0.16","1752800","1752800","3130","560","62600","28"
"2013-04-10","-7.25","501600","501600","3135","160","62700","8"
"2013-04-05","-3.43","8112000","8112000","3380","2400","67600","120"
"2013-04-04","-4.21","4200000","4200000","3500","1200","70000","60"
"2013-04-03","-7.49","657675","657675","3654","180","73075","9"
"2013-03-26","0","1027000","1027000","3950","260","79000","13"
"2013-03-15","-1.25","4424000","4424000","3950","1120","79000","56"
"2013-03-14","0","1040000","1040000","4000","260","80000","13"
"2013-03-13","-4.76","4160000","4160000","4000","1040","80000","52"
"2013-03-12","-1.18","1764000","1764000","4200","420","84000","21"
"2013-03-11","-6.98","8500000","8500000","4250","2000","85000","100"
"2013-03-07","7.51","13432125","13432125","4569","2940","91375","147"
"2013-03-06","7.38","8245000","8245000","4250","1940","85000","97"
"2013-03-05","7.5","19234665","19234665","3958","4860","79155","243"
"2013-03-04","7.5","883620","883620","3682","240","73635","12"
"2013-03-01","0.74","4315500","4315500","3425","1260","68500","63"
"2013-02-28","0","680000","680000","3400","200","68000","10"
"2013-02-26","0","408000","408000","3400","120","68000","6"
"2013-02-22","6.99","544000","544000","3400","160","68000","8"
"2013-02-21","7.51","508440","508440","3178","160","63555","8"
"2013-02-19","7.49","1064250","1064250","2956","360","59125","18"
"2013-02-14","0","110000","110000","2750","40","55000","2"
"2013-02-11","0","385000","385000","2750","140","55000","7"
"2013-02-07","2.31","440000","440000","2750","160","55000","8"
"2013-02-05","5.41","752500","752500","2688","280","53750","14"
"2013-01-31","0","2550000","2550000","2550","1000","51000","50"
"2013-01-29","1.59","867000","867000","2550","340","51000","17"
"2013-01-28","0","502000","502000","2510","200","50200","10"
"2013-01-25","0","451800","451800","2510","180","50200","9"
"2013-01-22","0","200800","200800","2510","80","50200","4"
"2013-01-21","0.4","15762800","15762800","2510","6280","50200","314"
"2013-01-18","-0.2","1050000","1050000","2500","420","50000","21"
"2013-01-17","0.2","651300","651300","2505","260","50100","13"
"2013-01-14","0","3450000","3450000","2500","1380","50000","69"
"2013-01-10","4.17","1000000","1000000","2500","400","50000","20"
"2013-01-09","-4","1440000","1440000","2400","600","48000","30"
"2013-01-07","0","250000","250000","2500","100","50000","5"
"2012-12-31","4.17","750000","750000","2500","300","50000","15"
"2012-12-28","2.13","720000","720000","2400","300","48000","15"
"2012-12-21","0","47000","47000","2350","20","47000","1"
"2012-12-20","-3.09","2256000","2256000","2350","960","47000","48"
"2012-12-14","1.04","1455000","1455000","2425","600","48500","30"
"2012-12-13","0","384040","384040","2400","160","48005","8"
"2012-12-03","0","240025","240025","2400","100","48005","5"
"2012-11-30","0","720075","720075","2400","300","48005","15"
"2012-11-28","0","2256000","2256000","2400","940","48000","47"
"2012-11-26","1.05","624000","624000","2400","260","48000","13"
"2012-11-20","0","5367500","5367500","2375","2260","47500","113"
"2012-11-14","0","47500","47500","2375","20","47500","1"
"2012-11-13","0","712500","712500","2375","300","47500","15"
"2012-11-09","3.71","3420000","3420000","2375","1440","47500","72"
"2012-11-08","1.78","1969400","1969400","2290","860","45800","43"
"2012-11-07","0","1800200","1800200","2250","800","45005","40"
"2012-11-06","7.14","2700000","2700000","2250","1200","45000","60"
"2012-10-25","0","2100000","2100000","2100","1000","42000","50"
"2012-10-22","0","2730000","2730000","2100","1300","42000","65"
"2012-10-19","0","2772000","2772000","2100","1320","42000","66"
"2012-10-18","0","84000","84000","2100","40","42000","2"
"2012-10-16","0","42000","42000","2100","20","42000","1"
"2012-10-15","0","42000","42000","2100","20","42000","1"
"2012-10-12","0","420000","420000","2100","200","42000","10"
"2012-10-11","0","420000","420000","2100","200","42000","10"
"2012-10-09","2.04","22680000","22680000","2100","10800","42000","540"
"2012-10-03","-7.51","2058250","2058250","2058","1000","41165","50"
"2012-10-01","0","845500","845500","2225","380","44500","19"
"2012-09-26","0","133500","133500","2225","60","44500","3"
"2012-09-21","0","1023500","1023500","2225","460","44500","23"
"2012-09-18","0","890000","890000","2225","400","44500","20"
"2012-09-17","0","6230000","6230000","2225","2800","44500","140"
"2012-09-14","0","489500","489500","2225","220","44500","11"
"2012-09-12","0","534000","534000","2225","240","44500","12"
"2012-09-11","1.14","13350000","13350000","2225","6000","44500","300"
"2012-09-05","0","3784430","3784430","2200","1720","44005","86"
"2012-09-04","0","308000","308000","2200","140","44000","7"
"2012-09-03","-2.22","9152000","9152000","2200","4160","44000","208"
"2012-08-31","1.12","585000","585000","2250","260","45000","13"
"2012-08-30","0","267000","267000","2225","120","44500","6"
"2012-08-29","1.14","356000","356000","2225","160","44500","8"
"2012-08-28","0","1892000","1892000","2200","860","44000","43"
"2012-08-27","0","660000","660000","2200","300","44000","15"
"2012-08-23","0","440000","440000","2200","200","44000","10"
"2012-08-22","0","1232000","1232000","2200","560","44000","28"
"2012-08-21","0","13201500","13201500","2200","6000","44005","300"
"2012-08-17","0","9108000","9108000","2200","4140","44000","207"
"2012-08-14","-0.18","880000","880000","2200","400","44000","20"
"2012-08-13","0","1057800","1057800","2204","480","44075","24"
"2012-08-10","7.51","617050","617050","2204","280","44075","14"
"2012-07-24","7.05","2583000","2583000","2050","1260","41000","63"
"2012-07-20","-6.59","919080","919080","1915","480","38295","24"
"2012-07-19","-0.97","410000","410000","2050","200","41000","10"
"2012-07-11","-0.05","828000","828000","2070","400","41400","20"
"2012-07-10","-8.97","331280","331280","2071","160","41410","8"
"2012-07-05","1.11","409500","409500","2275","180","45500","9"
"2012-07-03","0","495000","495000","2250","220","45000","11"
"2012-06-29","2.27","3150000","3150000","2250","1400","45000","70"
"2012-06-28","-4.35","1320000","1320000","2200","600","44000","30"
"2012-06-27","-4.17","7038000","7038000","2300","3060","46000","153"
"2012-06-26","0","2688000","2688000","2400","1120","48000","56"
"2012-06-25","-2.04","19008000","19008000","2400","7920","48000","396"
"2012-06-20","6.52","10437000","10437000","2450","4260","49000","213"
"2012-06-19","-6.35","16560000","16560000","2300","7200","46000","360"
"2012-06-18","7.48","11544375","11544375","2456","4700","49125","235"
"2012-06-15","6.88","5484000","5484000","2285","2400","45700","120"
"2012-06-14","7.49","641325","641325","2138","300","42755","15"
"2012-06-13","7.51","397750","397750","1989","200","39775","10"
"2012-06-11","2.32","1295000","1295000","1850","700","37000","35"
"2012-06-06","6.35","1084500","1084500","1808","600","36150","30"
"2012-06-05","0","510000","510000","1700","300","34000","15"
"2012-05-31","6.25","816000","816000","1700","480","34000","24"
"2012-05-29","0","128000","128000","1600","80","32000","4"
"2012-05-24","0","5312000","5312000","1600","3320","32000","166"
"2012-05-23","4.85","544000","544000","1600","340","32000","17"
"2012-05-21","0.07","610300","610300","1526","400","30515","20"
"2012-05-14","0","2043835","2043835","1525","1340","30505","67"
"2012-05-10","0","1677775","1677775","1525","1100","30505","55"
"2012-05-04","0","610000","610000","1525","400","30500","20"
"2012-05-03","0","457500","457500","1525","300","30500","15"
"2012-04-30","0","152500","152500","1525","100","30500","5"
"2012-04-24","0","305000","305000","1525","200","30500","10"
"2012-04-20","1.6","1830000","1830000","1525","1200","30500","60"
"2012-04-18","0","150050","150050","1501","100","30010","5"
"2012-04-17","0","30010","30010","1501","20","30010","1"
"2012-04-10","0.07","540180","540180","1501","360","30010","18"
"2012-04-06","0","2940000","2940000","1500","1960","30000","98"
"2012-04-05","0","419930","419930","1500","280","29995","14"
"2012-04-04","0","1500000","1500000","1500","1000","30000","50"
"2012-04-03","0","450000","450000","1500","300","30000","15"
"2012-04-02","0","1200000","1200000","1500","800","30000","40"
"2012-03-27","11.11","300000","300000","1500","200","30000","10"
"2012-03-20","-6.9","594000","594000","1350","440","27000","22"
"2012-03-19","-3.33","1131000","1131000","1450","780","29000","39"
"2012-03-14","0","240000","240000","1500","160","30000","8"
"2012-03-13","0","1200000","1200000","1500","800","30000","40"
"2012-03-09","0","660000","660000","1500","440","30000","22"
"2012-03-06","3.45","900000","900000","1500","600","30000","30"
"2012-03-05","0","58000","58000","1450","40","29000","2"
"2012-02-29","1.4","580000","580000","1450","400","29000","20"
"2012-02-28","0.35","343260","343260","1430","240","28605","12"
"2012-02-27","0","456000","456000","1425","320","28500","16"
"2012-02-24","5.56","342000","342000","1425","240","28500","12"
"2012-02-21","3.05","918000","918000","1350","680","27000","34"
"2012-02-17","0.38","655000","655000","1310","500","26200","25"
"2012-02-15","0.15","1044000","1044000","1305","800","26100","40"
"2012-02-10","0","1303000","1303000","1303","1000","26060","50"
"2012-02-09","0","26050","26050","1303","20","26050","1"
"2012-02-08","0.23","703350","703350","1303","540","26050","27"
"2012-02-07","0","520000","520000","1300","400","26000","20"
"2012-02-06","-3.7","650125","650125","1300","500","26005","25"
"2012-02-03","3.85","513000","513000","1350","380","27000","19"
"2012-01-30","0","130025","130025","1300","100","26005","5"
"2012-01-27","1.96","312060","312060","1300","240","26005","12"
"2012-01-03","0","204000","204000","1275","160","25500","8"
"2011-12-30","-5.2","637500","637500","1275","500","25500","25"
"2011-12-29","0","1614000","1614000","1345","1200","26900","60"
"2011-12-28","3.46","1076000","1076000","1345","800","26900","40"
"2011-12-22","1.96","520000","520000","1300","400","26000","20"
"2011-12-20","0","255000","255000","1275","200","25500","10"
"2011-12-19","-5.56","255000","255000","1275","200","25500","10"
"2011-12-06","3.85","2511000","2511000","1350","1860","27000","93"
"2011-12-05","0.78","650000","650000","1300","500","26000","25"
"2011-12-02","7.5","696600","696600","1290","540","25800","27"
"2011-11-30","2.13","624000","624000","1200","520","24000","26"
"2011-11-29","2.17","1292500","1292500","1175","1100","23500","55"
"2011-11-24","0","920000","920000","1150","800","23000","40"
"2011-11-23","-0.43","1886000","1886000","1150","1640","23000","82"
"2011-11-22","-11.15","970200","970200","1155","840","23100","42"
"2011-11-17","0","103980","103980","1300","80","25995","4"
"2011-11-14","-3.7","285945","285945","1300","220","25995","11"
"2011-11-03","0.45","2295000","2295000","1350","1700","27000","85"
"2011-11-02","7.52","2445625","2445625","1344","1820","26875","91"
"2011-10-31","4.17","1550000","1550000","1250","1240","25000","62"
"2011-10-28","4.35","3984000","3984000","1200","3320","24000","166"
"2011-10-27","0","460100","460100","1150","400","23005","20"
"2011-10-26","4.55","230000","230000","1150","200","23000","10"
"2011-10-25","0","1166265","1166265","1100","1060","22005","53"
"2011-10-24","2.33","176000","176000","1100","160","22000","8"
"2011-10-21","7.5","1763000","1763000","1075","1640","21500","82"
"2011-10-18","0","20000","20000","1000","20","20000","1"
"2011-10-12","0","220000","220000","1000","220","20000","11"
"2011-10-11","0.6","560000","560000","1000","560","20000","28"
"2011-10-07","0","159080","159080","994","160","19885","8"
"2011-10-05","0","596550","596550","994","600","19885","30"
"2011-09-29","0","139195","139195","994","140","19885","7"
"2011-09-26","0","198850","198850","994","200","19885","10"
"2011-09-20","0","517010","517010","994","520","19885","26"
"2011-09-19","7.46","159080","159080","994","160","19885","8"
"2011-09-16","1.76","555000","555000","925","600","18500","30"
"2011-09-12","-0.55","2690640","2690640","909","2960","18180","148"
"2011-09-05","7.53","54840","54840","914","60","18280","3"
"2011-08-29","0","850250","850250","850","1000","17005","50"
"2011-08-26","4.29","850250","850250","850","1000","17005","50"
"2011-08-25","-7.28","2559100","2559100","815","3140","16300","157"
"2011-08-24","-7.47","597550","597550","879","680","17575","34"
"2011-08-23","-9.52","1596000","1596000","950","1680","19000","84"
"2011-08-18","-8.7","6510000","6510000","1050","6200","21000","310"
"2011-08-04","-1.71","229950","229950","1150","200","22995","10"
"2011-08-02","0","2597400","2597400","1170","2220","23400","111"
"2011-08-01","0","140400","140400","1170","120","23400","6"
"2011-07-28","-9.3","257400","257400","1170","220","23400","11"
"2011-07-22","7.5","309600","309600","1290","240","25800","12"
"2011-07-19","3.63","504000","504000","1200","420","24000","21"
"2011-07-14","0","300950","300950","1158","260","23150","13"
"2011-07-13","0","347250","347250","1158","300","23150","15"
"2011-07-08","0.7","254650","254650","1158","220","23150","11"
"2011-07-07","0","138000","138000","1150","120","23000","6"
"2011-07-05","-0.52","253000","253000","1150","220","23000","11"
"2011-07-01","7.53","1109280","1109280","1156","960","23110","48"
"2011-06-30","7.5","860000","860000","1075","800","21500","40"
"2011-06-22","-3.85","6000000","6000000","1000","6000","20000","300"
"2011-06-20","15.56","416100","416100","1040","400","20805","20"
"2011-06-14","2.27","270075","270075","900","300","18005","15"
"2011-06-09","0","352000","352000","880","400","17600","20"
"2011-06-08","0","968000","968000","880","1100","17600","55"
"2011-06-07","0","440000","440000","880","500","17600","25"
"2011-06-06","0.8","176000","176000","880","200","17600","10"
"2011-06-03","-0.23","174500","174500","873","200","17450","10"
"2011-05-31","0","1750000","1750000","875","2000","17500","100"
"2011-05-23","0","367500","367500","875","420","17500","21"
"2011-04-19","0","140000","140000","875","160","17500","8"
"2011-02-11","0","612500","612500","875","700","17500","35"
"2011-02-10","0","1137500","1137500","875","1300","17500","65"
"2011-02-02","0","192500","192500","875","220","17500","11"
"2011-01-31","2.94","630000","630000","875","720","17500","36"
"2011-01-28","-5.56","680000","680000","850","800","17000","40"
"2011-01-27","0","954000","954000","900","1060","18000","53"
"2011-01-25","-6.25","306000","306000","900","340","18000","17"
"2011-01-11","0","268800","268800","960","280","19200","14"
"2011-01-10","0","115200","115200","960","120","19200","6"
"2011-01-07","-0.72","1036800","1036800","960","1080","19200","54"
"2011-01-06","0","193450","193450","967","200","19345","10"
"2010-12-30","-0.1","3559480","3559480","967","3680","19345","184"
"2010-12-28","7.56","387000","387000","968","400","19350","20"
"2010-12-20","0","360000","360000","900","400","18000","20"
"2010-12-17","0","54000","54000","900","60","18000","3"
"2010-12-15","0","540000","540000","900","600","18000","30"
"2010-12-13","0","180000","180000","900","200","18000","10"
"2010-12-10","0","1296000","1296000","900","1440","18000","72"
"2010-12-07","0","486000","486000","900","540","18000","27"
"2010-11-30","0","216060","216060","900","240","18005","12"
"2010-11-23","0","900000","900000","900","1000","18000","50"
"2010-11-22","-0.55","1242000","1242000","900","1380","18000","69"
"2010-11-19","0.56","271500","271500","905","300","18100","15"
"2010-11-18","0","342000","342000","900","380","18000","19"
"2010-11-17","0","234000","234000","900","260","18000","13"
"2010-11-12","-2.7","774000","774000","900","860","18000","43"
"2010-11-11","0","18500","18500","925","20","18500","1"
"2010-11-10","0","18500","18500","925","20","18500","1"
"2010-11-09","2.78","277500","277500","925","300","18500","15"
"2010-10-20","-1.42","2160600","2160600","900","2400","18005","120"
"2010-10-18","0","182500","182500","913","200","18250","10"
"2010-10-15","-7.22","1040250","1040250","913","1140","18250","57"
"2010-10-14","-7.52","196800","196800","984","200","19680","10"
"2010-10-12","-7.48","212750","212750","1064","200","21275","10"
"2010-09-09","4.07","575000","575000","1150","500","23000","25"
"2010-09-01","0","44210","44210","1105","40","22105","2"
"2010-08-31","0","574730","574730","1105","520","22105","26"
"2010-08-19","0","22100","22100","1105","20","22100","1"
"2010-08-17","0","22100","22100","1105","20","22100","1"
"2010-08-02","0.55","19227000","19227000","1105","17400","22100","870"
"2010-07-30","7.53","900975","900975","1099","820","21975","41"
"2010-07-29","-7.51","613350","613350","1022","600","20445","30"
"2010-07-19","0","22100","22100","1105","20","22100","1"
"2010-07-13","0","663000","663000","1105","600","22100","30"
"2010-06-24","0","618800","618800","1105","560","22100","28"
"2010-06-22","0","663000","663000","1105","600","22100","30"
"2010-06-21","0","1856400","1856400","1105","1680","22100","84"
"2010-06-18","0","1016600","1016600","1105","920","22100","46"
"2010-06-09","0","707040","707040","1105","640","22095","32"
"2010-05-31","0","265200","265200","1105","240","22100","12"
"2010-05-27","0","198900","198900","1105","180","22100","9"
"2010-05-26","0","110500","110500","1105","100","22100","5"
"2010-05-25","-0.36","663000","663000","1105","600","22100","30"
"2010-05-21","0","66540","66540","1109","60","22180","3"
"2010-05-17","0","443600","443600","1109","400","22180","20"
"2010-05-14","0","288405","288405","1109","260","22185","13"
"2010-05-11","0","4437000","4437000","1109","4000","22185","200"
"2010-05-10","15.52","1353285","1353285","1109","1220","22185","61"
"2010-05-06","3.78","1920000","1920000","960","2000","19200","100"
"2010-04-26","15.63","536210","536210","925","580","18490","29"
"2010-04-12","0","176000","176000","800","220","16000","11"
"2010-04-01","0","159900","159900","800","200","15990","10"
"2010-03-30","-3.96","239850","239850","800","300","15990","15"
"2010-03-26","0","83250","83250","833","100","16650","5"
"2010-03-19","0","149850","149850","833","180","16650","9"
"2010-03-03","-7.44","166500","166500","833","200","16650","10"
"2010-02-02","-19.14","180000","180000","900","200","18000","10"
"2010-01-04","0","22250","22250","1113","20","22250","1"
"2009-12-31","7.54","1802250","1802250","1113","1620","22250","81"
"2009-12-30","7.48","1738800","1738800","1035","1680","20700","84"
"2009-12-29","15.47","481500","481500","963","500","19260","25"
"2009-12-16","0","83350","83350","834","100","16670","5"
"2009-12-11","0","2367140","2367140","834","2840","16670","142"
"2009-12-10","0","83350","83350","834","100","16670","5"
"2009-12-09","0","616790","616790","834","740","16670","37"
"2009-12-02","7.47","433420","433420","834","520","16670","26"
"2009-11-26","0","124080","124080","776","160","15510","8"
"2009-11-24","0.13","155100","155100","776","200","15510","10"
"2009-11-23","0","279000","279000","775","360","15500","18"
"2009-11-20","0","15500","15500","775","20","15500","1"
"2009-11-17","0","1720500","1720500","775","2220","15500","111"
"2009-11-16","0","155000","155000","775","200","15500","10"
"2009-11-13","0","310000","310000","775","400","15500","20"
"2009-11-12","0","15500","15500","775","20","15500","1"
"2009-11-10","0","15500","15500","775","20","15500","1"
"2009-11-04","0","92984500","92984500","775","119980","15500","5999"
"2009-10-30","0","294500","294500","775","380","15500","19"
"2009-10-27","0","465000","465000","775","600","15500","30"
"2009-10-26","-1.27","992000","992000","775","1280","15500","64"
"2009-10-21","0","643700","643700","785","820","15700","41"
"2009-10-15","0","31400","31400","785","40","15700","2"
"2009-10-12","0","109900","109900","785","140","15700","7"
"2009-10-07","0","15700","15700","785","20","15700","1"
"2009-10-05","0","31400","31400","785","40","15700","2"
"2009-10-01","0","235500","235500","785","300","15700","15"
"2009-09-25","0","219800","219800","785","280","15700","14"
"2009-09-09","0","251200","251200","785","320","15700","16"
"2009-09-07","0","219800","219800","785","280","15700","14"
"2009-08-31","0","298300","298300","785","380","15700","19"
"2009-08-26","-1.88","188400","188400","785","240","15700","12"
"2009-08-19","0","1632000","1632000","800","2040","16000","102"
"2009-08-18","0.63","576000","576000","800","720","16000","36"
"2009-08-17","-0.63","1033175","1033175","795","1300","15895","65"
"2009-08-14","0","448000","448000","800","560","16000","28"
"2009-08-12","0","512000","512000","800","640","16000","32"
"2009-08-10","0","496000","496000","800","620","16000","31"
"2009-08-05","0","160000","160000","800","200","16000","10"
"2009-08-03","0","592000","592000","800","740","16000","37"
"2009-07-27","0","112000","112000","800","140","16000","7"
"2009-07-24","0","1664000","1664000","800","2080","16000","104"
"2009-07-23","-3.03","800000","800000","800","1000","16000","50"
"2009-07-22","3.13","660000","660000","825","800","16500","40"
"2009-07-13","6.24","912000","912000","800","1140","16000","57"
"2009-07-06","3.15","1911350","1911350","753","2540","15050","127"
"2009-06-23","0.27","2088515","2088515","730","2860","14605","143"
"2009-06-22","-7.38","2648100","2648100","728","3640","14550","182"
"2009-06-19","-7.53","1572500","1572500","786","2000","15725","100"
"2009-06-18","0","373890","373890","850","440","16995","22"
"2009-06-16","0","1700000","1700000","850","2000","17000","100"
"2009-06-15","0","68000","68000","850","80","17000","4"
"2009-06-12","-9.67","442000","442000","850","520","17000","26"
"2009-06-02","0","94125","94125","941","100","18825","5"
"2009-05-25","0","112950","112950","941","120","18825","6"
"2009-05-22","-5.9","188250","188250","941","200","18825","10"
"2009-05-20","-9.09","2000000","2000000","1000","2000","20000","100"
"2009-03-03","0","220000","220000","1100","200","22000","10"
"2009-02-19","-2.22","308000","308000","1100","280","22000","14"
"2009-01-06","0","450000","450000","1125","400","22500","20"
"2009-01-05","0","450000","450000","1125","400","22500","20"
"2008-12-31","-1.75","1102500","1102500","1125","980","22500","49"
"2008-12-30","-0.43","1145000","1145000","1145","1000","22900","50"
"2008-12-24","-7.26","11707000","11707000","1150","10180","23000","509"
"2008-12-09","-0.8","248000","248000","1240","200","24800","10"
"2008-12-05","0","75000","75000","1250","60","25000","3"
"2008-12-04","-6.72","15000000","15000000","1250","12000","25000","600"
"2008-12-01","0","134000","134000","1340","100","26800","5"
"2008-11-18","0","348400","348400","1340","260","26800","13"
"2008-11-12","-0.07","214400","214400","1340","160","26800","8"
"2008-11-11","-7.52","536500","536500","1341","400","26825","20"
"2008-11-04","0","1015000","1015000","1450","700","29000","35"
"2008-11-03","-6.45","725000","725000","1450","500","29000","25"
"2008-10-27","-6.06","619900","619900","1550","400","30995","20"
"2008-10-23","6.45","1089000","1089000","1650","660","33000","33"
"2008-10-22","-7.19","1084825","1084825","1550","700","30995","35"
"2008-10-15","0","33400","33400","1670","20","33400","1"
"2008-10-14","0","334000","334000","1670","200","33400","10"
"2008-10-10","0","4375400","4375400","1670","2620","33400","131"
"2008-10-06","0","6680000","6680000","1670","4000","33400","200"
"2008-10-03","-1.76","1670000","1670000","1670","1000","33400","50"
"2008-09-29","0","952000","952000","1700","560","34000","28"
"2008-09-25","1.49","748000","748000","1700","440","34000","22"
"2008-09-22","0","268000","268000","1675","160","33500","8"
"2008-09-19","0","737000","737000","1675","440","33500","22"
"2008-09-12","0","335000","335000","1675","200","33500","10"
"2008-09-11","0","703500","703500","1675","420","33500","21"
"2008-09-04","0.48","335000","335000","1675","200","33500","10"
"2008-09-02","0","599940","599940","1667","360","33330","18"
"2008-09-01","0","333300","333300","1667","200","33330","10"
"2008-08-29","0.06","1666500","1666500","1667","1000","33330","50"
"2008-08-27","0","1099725","1099725","1666","660","33325","33"
"2008-08-25","0","599850","599850","1666","360","33325","18"
"2008-08-22","7.48","3499125","3499125","1666","2100","33325","105"
"2008-08-20","3.33","372000","372000","1550","240","31000","12"
"2008-08-19","2.6","1500000","1500000","1500","1000","30000","50"
"2008-08-12","7.5","584800","584800","1462","400","29240","20"
"2008-08-08","0","136000","136000","1360","100","27200","5"
"2008-08-05","0","190400","190400","1360","140","27200","7"
"2008-07-31","0","7344000","7344000","1360","5400","27200","270"
"2008-07-29","0","734400","734400","1360","540","27200","27"
"2008-07-11","0.52","544000","544000","1360","400","27200","20"
"2008-07-01","5.21","730350","730350","1353","540","27050","27"
"2008-06-20","0","51440","51440","1286","40","25720","2"
"2008-06-17","0","1105960","1105960","1286","860","25720","43"
"2008-06-16","-7.48","1285750","1285750","1286","1000","25715","50"
"2008-06-11","-7.46","750465","750465","1390","540","27795","27"
"2008-06-04","7.44","751125","751125","1502","500","30045","25"
"2008-06-03","7.54","9307350","9307350","1398","6660","27950","333"
"2008-05-22","0","26000","26000","1300","20","26000","1"
"2008-05-21","0","1430000","1430000","1300","1100","26000","55"
"2008-05-20","0","520000","520000","1300","400","26000","20"
"2008-05-19","0","390000","390000","1300","300","26000","15"
"2008-05-16","0","260000","260000","1300","200","26000","10"
"2008-05-15","0","260000","260000","1300","200","26000","10"
"2008-05-14","0","182000","182000","1300","140","26000","7"
"2008-05-13","1.17","5434000","5434000","1300","4180","26000","209"
"2008-05-09","0","25705","25705","1285","20","25705","1"
"2008-04-16","0","1825055","1825055","1285","1420","25705","71"
"2008-04-15","0.39","205600","205600","1285","160","25700","8"
"2008-04-11","0.39","281600","281600","1280","220","25600","11"
"2008-04-09","-0.39","357070","357070","1275","280","25505","14"
"2008-04-04","0","25600","25600","1280","20","25600","1"
"2008-03-28","0","25600","25600","1280","20","25600","1"
"2008-03-26","0","51200","51200","1280","40","25600","2"
"2008-03-25","0","512000","512000","1280","400","25600","20"
"2008-03-14","0","179200","179200","1280","140","25600","7"
"2008-03-13","0","230400","230400","1280","180","25600","9"
"2008-03-12","-0.78","38476800","38476800","1280","30060","25600","1503"
"2008-03-10","7.5","361200","361200","1290","280","25800","14"
"2008-02-26","0","720000","720000","1200","600","24000","30"
"2008-02-19","0","408000","408000","1200","340","24000","17"
"2008-02-18","4.35","336000","336000","1200","280","24000","14"
"2008-02-15","0","23000","23000","1150","20","23000","1"
"2008-02-07","0","253000","253000","1150","220","23000","11"
"2008-02-06","4.55","184000","184000","1150","160","23000","8"
"2008-02-05","-3.08","3476000","3476000","1100","3160","22000","158"
"2008-01-28","0","113500","113500","1135","100","22700","5"
"2008-01-18","-1.3","29578100","29578100","1135","26060","22700","1303"
"2008-01-16","2.22","322000","322000","1150","280","23000","14"
"2008-01-14","12.5","675000","675000","1125","600","22500","30"
"2008-01-07","0","20000","20000","1000","20","20000","1"
"2007-12-31","0","200000","200000","1000","200","20000","10"
"2007-12-28","0","420000","420000","1000","420","20000","21"
"2007-12-27","-8.59","27260000","27260000","1000","27260","20000","1363"
"2007-12-18","7.47","437500","437500","1094","400","21875","20"
"2007-12-11","0","122100","122100","1018","120","20350","6"
"2007-12-10","-7.45","508750","508750","1018","500","20350","25"
"2007-12-03","0","880000","880000","1100","800","22000","40"
"2007-11-30","0","660000","660000","1100","600","22000","30"
"2007-11-28","-4.35","11088000","11088000","1100","10080","22000","504"
"2007-11-27","-7.03","460000","460000","1150","400","23000","20"
"2007-11-22","0","12488650","12488650","1237","10100","24730","505"
"2007-11-21","0","222570","222570","1237","180","24730","9"
"2007-11-20","7.57","296760","296760","1237","240","24730","12"
"2007-11-13","7.68","1748380","1748380","1150","1520","23005","76"
"2007-10-31","15.46","833235","833235","1068","780","21365","39"
"2007-10-22","0","184900","184900","925","200","18490","10"
"2007-10-16","0","3420650","3420650","925","3700","18490","185"
"2007-09-19","0","2107860","2107860","925","2280","18490","114"
"2007-09-18","0","332820","332820","925","360","18490","18"
"2007-09-17","7.56","332820","332820","925","360","18490","18"
"2007-08-30","7.5","464400","464400","860","540","17200","27"
"2007-08-24","6.52","208065","208065","800","260","16005","13"
"2007-08-23","3.59","1771180","1771180","751","2360","15010","118"
"2007-07-31","7.41","725000","725000","725","1000","14500","50"
"2007-07-25","0","540200","540200","675","800","13505","40"
"2007-07-24","0","135050","135050","675","200","13505","10"
"2007-07-13","0","67525","67525","675","100","13505","5"
"2007-07-10","3.85","324120","324120","675","480","13505","24"
"2007-07-06","0","377000","377000","650","580","13000","29"
"2007-07-05","0","377000","377000","650","580","13000","29"
"2007-07-04","4","260000","260000","650","400","13000","20"
"2007-06-25","0","500200","500200","625","800","12505","40"
"2007-06-22","4.17","125000","125000","625","200","12500","10"
"2007-06-14","6.95","120000","120000","600","200","12000","10"
"2007-06-05","0","683810","683810","561","1220","11210","61"
"2007-05-30","0.18","224200","224200","561","400","11210","20"
"2007-05-24","0","168075","168075","560","300","11205","15"
"2007-05-18","0","168075","168075","560","300","11205","15"
"2007-05-15","0","33600","33600","560","60","11200","3"
"2007-05-10","0","100800","100800","560","180","11200","9"
"2007-05-08","0","179200","179200","560","320","11200","16"
"2007-05-02","0","11200","11200","560","20","11200","1"
"2007-04-30","0","78400","78400","560","140","11200","7"
"2007-04-25","3.13","112000","112000","560","200","11200","10"
"2007-04-19","0","32550","32550","543","60","10850","3"
"2007-04-12","0","108500","108500","543","200","10850","10"
"2007-04-06","0","488250","488250","543","900","10850","45"
"2007-04-04","7.31","108500","108500","543","200","10850","10"
"2007-04-02","0","10115","10115","506","20","10115","1"
"2007-03-23","0.2","232645","232645","506","460","10115","23"
"2007-03-21","0.4","80840","80840","505","160","10105","8"
"2007-03-12","0","50325","50325","503","100","10065","5"
"2007-02-23","0.6","342210","342210","503","680","10065","34"
"2007-02-14","0","100050","100050","500","200","10005","10"
"2007-02-12","1.83","700350","700350","500","1400","10005","70"
"2007-02-09","0","9815","9815","491","20","9815","1"
"2007-01-12","0","235560","235560","491","480","9815","24"
"2007-01-11","0","29430","29430","491","60","9810","3"
"2006-12-29","0","784800","784800","491","1600","9810","80"
"2006-12-27","0","284635","284635","491","580","9815","29"
"2006-12-22","0.2","147225","147225","491","300","9815","15"
"2006-12-13","0","98000","98000","490","200","9800","10"
"2006-12-06","0","676200","676200","490","1380","9800","69"
"2006-12-01","6.52","78400","78400","490","160","9800","8"
"2006-11-29","6.24","110400","110400","460","240","9200","12"
"2006-11-22","0.46","709300","709300","433","1640","8650","82"
"2006-11-21","0.23","207000","207000","431","480","8625","24"
"2006-11-17","7.5","154890","154890","430","360","8605","18"
"2006-11-13","0","8005","8005","400","20","8005","1"
"2006-10-31","0","8005","8005","400","20","8005","1"
"2006-10-30","-6.98","64040","64040","400","160","8005","8"
"2006-10-12","0","43000","43000","430","100","8600","5"
"2006-10-11","6.7","86000","86000","430","200","8600","10"
"2006-10-03","0","8050","8050","403","20","8050","1"
"2006-09-29","0.75","80500","80500","403","200","8050","10"
"2006-09-25","0","80050","80050","400","200","8005","10"
"2006-09-14","0","56000","56000","400","140","8000","7"
"2006-09-13","0","288000","288000","400","720","8000","36"
"2006-09-12","14.29","368000","368000","400","920","8000","46"
"2006-09-07","0","14000","14000","350","40","7000","2"
"2006-09-05","-6.67","560000","560000","350","1600","7000","80"
"2006-08-29","0","60000","60000","375","160","7500","8"
"2006-08-17","0","157500","157500","375","420","7500","21"
"2006-07-26","0","7500","7500","375","20","7500","1"
"2006-07-20","0","15000","15000","375","40","7500","2"
"2006-07-14","0","82500","82500","375","220","7500","11"
"2006-07-11","0","7500","7500","375","20","7500","1"
"2006-07-07","0","105000","105000","375","280","7500","14"
"2006-06-15","0","255000","255000","375","680","7500","34"
"2006-06-13","6.23","1987500","1987500","375","5300","7500","265"
"2006-05-30","0","380970","380970","353","1080","7055","54"
"2006-05-29","-5.87","719100","719100","353","2040","7050","102"
"2006-05-24","7.14","2115000","2115000","375","5640","7500","282"
"2006-04-28","-5.41","1638000","1638000","350","4680","7000","234"
"2006-04-24","0","458800","458800","370","1240","7400","62"
"2006-04-13","0","377400","377400","370","1020","7400","51"
"2006-04-12","-7.5","148000","148000","370","400","7400","20"
"2006-03-15","0","56000","56000","400","140","8000","7"
"2006-03-13","0","32000","32000","400","80","8000","4"
"2006-02-27","0","56000","56000","400","140","8000","7"
"2006-02-16","0","320000","320000","400","800","8000","40"
"2006-02-07","0","24000","24000","400","60","8000","3"
"2005-12-30","1.27","14400000","14400000","400","36000","8000","1800"
"2005-11-30","0","15800","15800","395","40","7900","2"
"2005-11-17","0","86900","86900","395","220","7900","11"
"2005-11-14","0","260700","260700","395","660","7900","33"
"2005-11-10","0","55300","55300","395","140","7900","7"
"2005-11-09","0","450300","450300","395","1140","7900","57"
"2005-11-08","0","86900","86900","395","220","7900","11"
"2005-11-04","0","86900","86900","395","220","7900","11"
"2005-10-24","0","237000","237000","395","600","7900","30"
"2005-10-21","0","7900","7900","395","20","7900","1"
"2005-10-18","0","79000","79000","395","200","7900","10"
"2005-10-05","0","995400","995400","395","2520","7900","126"
"2005-09-29","0","79000","79000","395","200","7900","10"
"2005-09-12","0","1761700","1761700","395","4460","7900","223"
"2005-08-22","0","395000","395000","395","1000","7900","50"
"2005-08-16","-7.06","118500","118500","395","300","7900","15"
"2005-08-02","0","1853000","1853000","425","4360","8500","218"
"2005-07-26","0","238000","238000","425","560","8500","28"
"2005-06-02","0","5074500","5074500","425","11940","8500","597"
"2005-05-27","0","8500","8500","425","20","8500","1"
"2005-05-23","0","1836000","1836000","425","4320","8500","216"
"2005-05-17","0","229500","229500","425","540","8500","27"
"2005-05-12","0","178500","178500","425","420","8500","21"
"2005-04-28","0","629000","629000","425","1480","8500","74"
"2005-04-18","0","1402500","1402500","425","3300","8500","165"
"2005-04-05","0","297500","297500","425","700","8500","35"
"2005-03-29","0","374000","374000","425","880","8500","44"
"2005-02-09","0","467500","467500","425","1100","8500","55"
"2005-02-08","0","408000","408000","425","960","8500","48"
"2005-02-03","-5.56","280500","280500","425","660","8500","33"
"2004-11-25","0","9000","9000","450","20","9000","1"
"2004-10-28","0","45000","45000","450","100","9000","5"
"2004-10-05","0","18000","18000","450","40","9000","2"
"2004-09-29","0","126000","126000","450","280","9000","14"
"2004-09-23","0","252000","252000","450","560","9000","28"
"2004-09-22","-1.1","1359000","1359000","450","3020","9000","151"
"2004-09-15","0","536900","536900","455","1180","9100","59"
"2004-09-10","0","354900","354900","455","780","9100","39"
"2004-09-08","0","318500","318500","455","700","9100","35"
"2004-09-07","0","182000","182000","455","400","9100","20"
"2004-08-31","0","109200","109200","455","240","9100","12"
"2004-08-30","0","436800","436800","455","960","9100","48"
"2004-08-24","0","36400","36400","455","80","9100","4"
"2004-08-19","0","9100","9100","455","20","9100","1"
"2004-08-10","0","45500","45500","455","100","9100","5"
"2004-08-03","0","9100","9100","455","20","9100","1"
"2004-07-19","0","364000","364000","455","800","9100","40"
"2004-07-15","0","45500","45500","455","100","9100","5"
"2004-07-14","1.11","81900","81900","455","180","9100","9"
"2004-06-25","0","369000","369000","450","820","9000","41"
"2004-05-21","0","846000","846000","450","1880","9000","94"
"2004-05-18","0","2727000","2727000","450","6060","9000","303"
"2004-05-13","-7.22","675000","675000","450","313500","9000","15675"
"2004-05-12","-3.77","1096100","1096100","485","2260","9700","113"
"2004-05-11","-7.52","3025500","3025500","504","6000","10085","300"
"2004-04-01","-0.91","261600","261600","545","480","10900","24"
"2004-03-18","-2.31","264000","264000","550","480","11000","24"
"2004-01-20","-2.09","393750","393750","563","700","11250","35"
"2003-12-23","-2.21","287500","287500","575","500","11500","25"
"2003-11-11","-0.34","13594750","13594750","588","23140","11750","1157"
"2003-10-07","-15.71","283200","283200","590","480","11800","24"
"2003-09-08","0","266000","266000","700","380","14000","19"
"2003-05-27","-3.05","560000","560000","700","800","14000","40"
"2003-05-02","0","3093728985","3093728985","722","4283460","14445","214173"
"2003-04-03","0","43335","43335","722","60","14445","3"
"2003-03-20","-0.41","288900","288900","722","400","14445","20"
"2003-02-19","0","29000","29000","725","40","14500","2"
"2003-01-21","0","72500","72500","725","100","14500","5"
"2003-01-15","-3.33","145000","145000","725","200","14500","10"
"2003-01-03","-11.56","885000","885000","750","1180","15000","59"
"2002-12-30","7.48","135600","135600","848","160","16950","8"
"2002-12-27","0","268175","268175","789","340","15775","17"
"2002-12-26","7.49","283950","283950","789","360","15775","18"
"2002-12-24","7.47","146750","146750","734","200","14675","10"
"2002-12-20","7.39","109280","109280","683","160","13660","8"
"2002-12-18","7.61","139810","139810","636","220","12710","11"
"2002-12-17","7.45","118250","118250","591","200","11825","10"
"2002-12-12","0","132000","132000","550","240","11000","12"
"2002-12-10","0","792000","792000","550","1440","11000","72"
"2002-12-04","0","165000","165000","550","300","11000","15"
"2002-11-27","0","1738000","1738000","550","3160","11000","158"
"2002-11-25","0","1012000","1012000","550","1840","11000","92"
"2002-11-21","0","198000","198000","550","360","11000","18"
"2002-11-19","0","363000","363000","550","660","11000","33"
"2002-11-11","0","165000","165000","550","300","11000","15"
"2002-11-08","0","506000","506000","550","920","11000","46"
"2002-11-07","0","264000","264000","550","480","11000","24"
"2002-11-04","0","22000","22000","550","40","11000","2"
"2002-10-31","0","4950000","4950000","550","9000","11000","450"
"2002-10-30","0","891000","891000","550","1620","11000","81"
"2002-10-29","-4.35","1826000","1826000","550","3320","11000","166"
"2002-10-28","0","114950","114950","575","200","11495","10"
"2002-10-24","0","149500","149500","575","260","11500","13"
"2002-10-21","0","172500","172500","575","300","11500","15"
"2002-10-18","0","103500","103500","575","180","11500","9"
"2002-10-11","0","207000","207000","575","360","11500","18"
"2002-10-08","0","3243000","3243000","575","5640","11500","282"
"2002-09-30","0","161000","161000","575","280","11500","14"
"2002-09-27","0","34500","34500","575","60","11500","3"
"2002-09-26","0","23000","23000","575","40","11500","2"
"2002-09-25","0","2875000","2875000","575","5000","11500","250"
"2002-09-24","1.77","115000","115000","575","200","11500","10"
"2002-09-16","0","1751500","1751500","565","3100","11300","155"
"2002-09-11","2.73","1130000","1130000","565","2000","11300","100"
"2002-09-06","0","5500000","5500000","550","10000","11000","500"
"2002-09-05","4.76","330000","330000","550","600","11000","30"
"2002-09-02","0","1050000","1050000","525","2000","10500","100"
"2002-08-30","4.37","1050000","1050000","525","2000","10500","100"
"2002-08-27","1.62","201000","201000","503","400","10050","20"
"2002-08-20","0","1445400","1445400","495","2920","9900","146"
"2002-08-16","-1","792000","792000","495","1600","9900","80"
"2002-08-14","-1.96","200000","200000","500","400","10000","20"
"2002-08-13","0","306000","306000","510","600","10200","30"
"2002-08-12","0","153000","153000","510","300","10200","15"
"2002-08-09","2","306000","306000","510","600","10200","30"
"2002-08-08","3.09","640000","640000","500","1280","10000","64"
"2002-08-05","1.04","494700","494700","485","1020","9700","51"
"2002-08-01","1.05","364800","364800","480","760","9600","38"
"2002-07-25","3.26","256500","256500","475","540","9500","27"
"2002-07-23","-7.07","1205200","1205200","460","2620","9200","131"
"2002-07-22","0","267300","267300","495","540","9900","27"
"2002-07-19","0","1107680","1107680","495","2240","9890","112"
"2002-07-18","7.61","148350","148350","495","300","9890","15"
"2002-07-16","0","73600","73600","460","160","9200","8"
"2002-07-15","0","460000","460000","460","1000","9200","50"
"2002-07-12","0","184000","184000","460","400","9200","20"
"2002-07-11","0","276000","276000","460","600","9200","30"
"2002-07-10","0","138000","138000","460","300","9200","15"
"2002-07-05","0","184000","184000","460","400","9200","20"
"2002-07-03","0","644000","644000","460","1400","9200","70"
"2002-07-02","0","920000","920000","460","2000","9200","100"
"2002-06-27","-0.43","184000","184000","460","400","9200","20"
"2002-06-21","0","92400","92400","462","200","9240","10"
"2002-06-20","-0.22","231125","231125","462","500","9245","25"
"2002-06-19","0","194250","194250","463","420","9250","21"
"2002-06-18","0","92500","92500","463","200","9250","10"
"2002-06-14","-0.43","166500","166500","463","360","9250","18"
"2002-06-13","-1.69","492900","492900","465","1060","9300","53"
"2002-06-12","0","189000","189000","473","400","9450","20"
"2002-06-07","0","47250","47250","473","100","9450","5"
"2002-05-30","0","141750","141750","473","300","9450","15"
"2002-05-29","0","94500","94500","473","200","9450","10"
"2002-05-23","0.21","85050","85050","473","180","9450","9"
"2002-05-22","0","179455","179455","472","380","9445","19"
"2002-05-17","7.27","491140","491140","472","1040","9445","52"
"2002-05-14","-10.02","290070","290070","440","660","8790","33"
"2002-05-03","7.47","176040","176040","489","360","9780","18"
"2002-04-29","0.44","309400","309400","455","680","9100","34"
"2002-04-24","1.8","135750","135750","453","300","9050","15"
"2002-04-15","0","62300","62300","445","140","8900","7"
"2002-04-09","0","178000","178000","445","400","8900","20"
"2002-03-22","0","178000","178000","445","400","8900","20"
"2002-03-19","0","26700","26700","445","60","8900","3"
"2002-03-12","0","115700","115700","445","260","8900","13"
"2002-03-06","1.14","142400","142400","445","320","8900","16"
"2002-03-05","0","88000","88000","440","200","8800","10"
"2002-02-26","0","52800","52800","440","120","8800","6"
"2002-02-21","0","633600","633600","440","1440","8800","72"
"2002-02-20","0","70400","70400","440","160","8800","8"
"2002-02-18","0","184800","184800","440","420","8800","21"
"2002-02-13","-1.12","264000","264000","440","600","8800","30"
"2002-02-04","0","26700","26700","445","60","8900","3"
"2002-02-01","0","186900","186900","445","420","8900","21"
"2002-01-30","0","62300","62300","445","140","8900","7"
"2002-01-24","0","115700","115700","445","260","8900","13"
"2002-01-17","0","133500","133500","445","300","8900","15"
"2002-01-16","0","204700","204700","445","460","8900","23"
"2002-01-14","0","89000","89000","445","200","8900","10"
"2002-01-08","0","311500","311500","445","700","8900","35"
"2002-01-02","0","445000","445000","445","1000","8900","50"
"2001-12-31","0","293700","293700","445","660","8900","33"
"2001-12-21","0","534000","534000","445","1200","8900","60"
"2001-12-20","0","507300","507300","445","1140","8900","57"
"2001-12-13","0","12833800","12833800","445","28840","8900","1442"
"2001-12-04","0","204700","204700","445","460","8900","23"
"2001-11-30","-6.32","106800","106800","445","240","8900","12"
"2001-11-26","0","66500","66500","475","140","9500","7"
"2001-11-23","0","408500","408500","475","860","9500","43"
"2001-11-19","0","1558000","1558000","475","3280","9500","164"
"2001-11-07","0","893000","893000","475","1880","9500","94"
"2001-10-26","-4.81","437000","437000","475","920","9500","46"
"2001-10-24","-0.2","149700","149700","499","300","9980","15"
"2001-10-19","0","89910","89910","500","180","9990","9"
"2001-10-10","0","100000","100000","500","200","10000","10"
"2001-10-08","-1.96","200000","200000","500","400","10000","20"
"2001-09-17","-0.58","2040000","2040000","510","4000","10200","200"
"2001-09-12","0","102500","102500","513","200","10250","10"
"2001-09-10","0","51250","51250","513","100","10250","5"
"2001-09-05","-0.97","102500","102500","513","200","10250","10"
"2001-08-22","-0.38","1138500","1138500","518","2200","10350","110"
"2001-08-13","0","20800","20800","520","40","10400","2"
"2001-07-27","0","270400","270400","520","520","10400","26"
"2001-07-23","0","104000","104000","520","200","10400","10"
"2001-07-20","0","104000","104000","520","200","10400","10"
"2001-07-18","0","624000","624000","520","1200","10400","60"
"2001-07-11","0","301600","301600","520","580","10400","29"
"2001-07-06","0","728000","728000","520","1400","10400","70"
"2001-07-04","0","104000","104000","520","200","10400","10"
"2001-06-27","0","104000","104000","520","200","10400","10"
"2001-06-22","0","520000","520000","520","1000","10400","50"
"2001-06-15","0","156000","156000","520","300","10400","15"
"2001-06-11","0","62400","62400","520","120","10400","6"
"2001-06-05","0","52000","52000","520","100","10400","5"
"2001-05-30","0","62400","62400","520","120","10400","6"
"2001-05-25","-5.45","156000","156000","520","300","10400","15"
"2001-05-11","0","1033530","1033530","550","1880","10995","94"
"2001-05-09","0","593730","593730","550","1080","10995","54"
"2001-05-07","0","4398000","4398000","550","8000","10995","400"
"2001-05-04","0","87960","87960","550","160","10995","8"
"2001-04-27","0","2341935","2341935","550","4260","10995","213"
"2001-04-25","0","109950","109950","550","200","10995","10"
"2001-04-23","0","220000","220000","550","400","11000","20"
"2001-04-20","0","341000","341000","550","620","11000","31"
"2001-04-13","-4.35","1100000","1100000","550","2000","11000","100"
"2001-04-11","-4.17","115000","115000","575","200","11500","10"
"2001-04-02","-4","263890","263890","600","440","11995","22"
"2001-03-23","0","24990","24990","625","40","12495","2"
"2001-02-28","-3.7","624750","624750","625","1000","12495","50"
"2001-02-09","0","38940","38940","649","60","12980","3"
"2001-01-31","0","129800","129800","649","200","12980","10"
"2001-01-24","-0.15","129800","129800","649","200","12980","10"
"2001-01-19","0","129900","129900","650","200","12990","10"
"2001-01-12","0","78000","78000","650","120","13000","6"
"2000-12-20","-5.66","390000","390000","650","600","13000","30"
"2000-12-18","-7.52","137850","137850","689","200","13785","10"
"2000-12-08","-0.67","2011500","2011500","745","2700","14900","135"
"2000-11-29","0","150000","150000","750","200","15000","10"
"2000-11-16","-6.25","150000","150000","750","200","15000","10"
"2000-09-15","0","176000","176000","800","220","16000","11"
"2000-08-30","0","384000","384000","800","480","16000","24"
"2000-08-18","0","800000","800000","800","1000","16000","50"
"2000-08-11","0","224000","224000","800","280","16000","14"
"2000-08-02","-5.33","400000","400000","800","500","16000","25"
"2000-05-03","-0.35","1690000","1690000","845","2000","16900","100"
"2000-04-28","-0.24","440700","440700","848","520","16950","26"
"2000-03-06","0","221000","221000","850","260","17000","13"
"2000-03-01","-6.08","5338000","5338000","850","6280","17000","314"
"2000-01-19","0","271500","271500","905","300","18100","15"
"2000-01-17","0","90500","90500","905","100","18100","5"
"2000-01-14","0","144800","144800","905","160","18100","8"
"2000-01-12","0","2624500","2624500","905","2900","18100","145"
"2000-01-10","0","54300","54300","905","60","18100","3"
"2000-01-07","0","54300","54300","905","60","18100","3"
"2000-01-05","0","271500","271500","905","300","18100","15"
"1999-12-22","0","126700","126700","905","140","18100","7"
"1999-12-20","0","362000","362000","905","400","18100","20"
"1999-12-17","0","2859800","2859800","905","3160","18100","158"
"1999-12-15","0","144800","144800","905","160","18100","8"
"1999-12-06","0.56","2461600","2461600","905","2720","18100","136"
"1999-12-01","0","126000","126000","900","140","18000","7"
"1999-11-29","0","54000","54000","900","60","18000","3"
"1999-11-22","0","90000","90000","900","100","18000","5"
"1999-11-19","0","126000","126000","900","140","18000","7"
"1999-11-17","0","2070000","2070000","900","2300","18000","115"
"1999-11-12","1.12","324000","324000","900","360","18000","18"
"1999-11-05","1.71","943400","943400","890","1060","17800","53"
"1999-11-03","0","682500","682500","875","780","17500","39"
"1999-10-29","1.74","1172500","1172500","875","1340","17500","67"
"1999-10-20","1.18","275200","275200","860","320","17200","16"
"1999-10-15","4.94","187000","187000","850","220","17000","11"
"1999-10-06","0","972000","972000","810","1200","16200","60"
"1999-10-01","0","324000","324000","810","400","16200","20"
"1999-09-29","0","81000","81000","810","100","16200","5"
"1999-09-24","0","97200","97200","810","120","16200","6"
"1999-09-22","0","194400","194400","810","240","16200","12"
"1999-09-20","0","972000","972000","810","1200","16200","60"
"1999-09-17","1.25","372600","372600","810","460","16200","23"
"1999-09-15","0","2768000","2768000","800","3460","16000","173"
"1999-09-13","0","992000","992000","800","1240","16000","62"
"1999-09-10","-1.23","1056000","1056000","800","1320","16000","66"
"1999-09-08","0","1474200","1474200","810","1820","16200","91"
"1999-09-06","-1.82","1717200","1717200","810","2120","16200","106"
"1999-09-03","0","527680","527680","825","640","16490","32"
"1999-09-01","-0.6","2475000","2475000","825","3000","16500","150"
"1999-08-30","0.61","830000","830000","830","1000","16600","50"
"1999-08-27","0","1237500","1237500","825","1500","16500","75"
"1999-08-25","1.1","396000","396000","825","480","16500","24"
"1999-08-20","0.12","603470","603470","816","740","16310","37"
"1999-08-18","0","179300","179300","815","220","16300","11"
"1999-08-13","0","162900","162900","815","200","16290","10"
"1999-08-11","0","326000","326000","815","400","16300","20"
"1999-08-06","0","48900","48900","815","60","16300","3"
"1999-08-04","-7.28","130400","130400","815","160","16300","8"
"1999-08-02","-7.47","140560","140560","879","160","17570","8"
"1999-07-28","0","379900","379900","950","400","18995","20"
"1999-07-21","0","380000","380000","950","400","19000","20"
"1999-07-16","-7.23","3021000","3021000","950","3180","19000","159"
"1999-07-14","-7.41","716450","716450","1024","700","20470","35"
"1999-07-12","-7.53","177000","177000","1106","160","22125","8"
"1999-06-28","0","119575","119575","1196","100","23915","5"
"1999-06-25","-7.5","239150","239150","1196","200","23915","10"
"1999-06-23","-13.45","258500","258500","1293","200","25850","10"
"1999-05-07","0","179280","179280","1494","120","29880","6"
"1999-05-03","-7.49","2988000","2988000","1494","2000","29880","100"
"1999-04-30","-0.12","775200","775200","1615","480","32300","24"
"1999-04-12","-7.49","1293200","1293200","1617","800","32330","40"
"1999-03-29","0","978600","978600","1748","560","34950","28"
"1999-03-26","-0.11","13560600","13560600","1748","7760","34950","388"
"1999-03-24","0","17500000","17500000","1750","10000","35000","500"
"1999-02-26","-2.78","2800000","2800000","1750","1600","35000","80"
"1999-01-08","0","396000","396000","1800","220","36000","11"
"1999-01-04","0","180000","180000","1800","100","36000","5"
"1998-12-23","0","65052000","65052000","1800","36140","36000","1807"
"1998-12-11","2.86","2988000","2988000","1800","1660","36000","83"
"1998-12-09","0","245000","245000","1750","140","35000","7"
"1998-12-04","0","105000","105000","1750","60","35000","3"
"1998-11-27","-4.84","35000","35000","1750","20","35000","1"
"1998-11-18","-7.49","183850","183850","1839","100","36770","5"
"1998-11-11","0","119250","119250","1988","60","39750","3"
"1998-11-04","0","1192500","1192500","1988","600","39750","30"
"1998-11-02","7.46","39750","39750","1988","20","39750","1"
"1998-10-28","0","1221000","1221000","1850","660","37000","33"
"1998-10-26","-2.63","1110000","1110000","1850","600","37000","30"
"1998-10-23","2.7","5206000","5206000","1900","2740","38000","137"
"1998-10-21","0","2183000","2183000","1850","1180","37000","59"
"1998-10-19","0","370000","370000","1850","200","37000","10"
"1998-10-16","-7.5","1184000","1184000","1850","640","37000","32"
"1998-10-14","-2.44","600000","600000","2000","300","40000","15"
"1998-10-09","5.13","20500000","20500000","2050","10000","41000","500"
"1998-10-07","2.2","663000","663000","1950","340","39000","17"
"1998-10-02","7.49","11448000","11448000","1908","6000","38160","300"
"1998-09-30","0","71000","71000","1775","40","35500","2"
"1998-09-28","5.65","923000","923000","1775","520","35500","26"
"1998-09-25","5","1680000","1680000","1680","1000","33600","50"
"1998-09-23","4.44","1664000","1664000","1600","1040","32000","52"
"1998-09-21","0","30635","30635","1532","20","30635","1"
"1998-09-18","","30635","30635","1532","20","30635","1"
