"Date","Variation","Valeur","Volume Devise Total","Cours Ajuste","Volume Ajuste Total","Cours Normal","Volume Normal Total"
"2026-09-09","-0.04","207801555","207801555","12495","16695","12495","16695"
"2026-09-08","0.04","203933940","203933940","12500","16313","12500","16313"
"2026-09-07","-0.04","139219220","139219220","12495","11137","12495","11137"
"2026-09-04","0","124242075","124242075","12500","9941","12500","9941"
"2026-09-03","0.04","76758190","76758190","12500","6147","12500","6147"
"2026-09-02","0","101793075","101793075","12495","8195","12495","8195"
"2026-09-01","1.63","237487135","237487135","12495","19191","12495","19191"
"2026-08-31","-0.85","170563200","170563200","12295","13882","12295","13882"
"2026-08-28","-2.36","87661115","87661115","12400","7006","12400","7006"
"2026-08-27","-1.24","88708925","88708925","12700","7034","12700","7034"
"2026-08-26","-0.96","79574025","79574025","12860","6151","12860","6151"
"2026-08-24","0","139793125","139793125","12985","10825","12985","10825"
"2026-08-21","-2.37","123768410","123768410","12985","9474","12985","9474"
"2026-08-20","0","416662965","416662965","13300","32196","13300","32196"
"2026-08-19","-1.12","142404625","142404625","13300","10649","13300","10649"
"2026-08-18","0.37","157019100","157019100","13450","11767","13450","11767"
"2026-08-17","3.88","97543145","97543145","13400","7370","13400","7370"
"2026-08-14","3.2","59868805","59868805","12900","4724","12900","4724"
"2026-08-13","0.16","153145415","153145415","12500","12379","12500","12379"
"2026-08-12","4.83","113010335","113010335","12480","9155","12480","9155"
"2026-08-11","2.63","87603840","87603840","11905","7384","11905","7384"
"2026-08-10","0","72220855","72220855","11600","6227","11600","6227"
"2026-08-06","0","43575350","43575350","11600","3757","11600","3757"
"2026-08-05","0","87082100","87082100","11600","7512","11600","7512"
"2026-08-04","2.2","95151315","95151315","11600","8263","11600","8263"
"2026-08-03","4.95","62137310","62137310","11350","5608","11350","5608"
"2026-07-31","0.14","55834080","55834080","10815","5074","10815","5074"
"2026-07-30","-3.53","146837985","146837985","10800","13384","10800","13384"
"2026-07-29","2.75","84578640","84578640","11195","7716","11195","7716"
"2026-07-28","0.93","49597855","49597855","10895","4563","10895","4563"
"2026-07-27","5.83","77165210","77165210","10795","7319","10795","7319"
"2026-07-24","2","150147940","150147940","10200","14838","10200","14838"
"2026-07-23","1.27","82718720","82718720","10000","8274","10000","8274"
"2026-07-22","-0.1","54011345","54011345","9875","5471","9875","5471"
"2026-07-21","0.97","77998585","77998585","9885","7961","9885","7961"
"2026-07-20","0.46","33169845","33169845","9790","3398","9790","3398"
"2026-07-17","0.26","16070010","16070010","9745","1647","9745","1647"
"2026-07-16","0.73","29755935","29755935","9720","3057","9720","3057"
"2026-07-15","-1.03","102410140","102410140","9650","10538","9650","10538"
"2026-07-14","1.35","155748485","155748485","9750","16287","9750","16287"
"2026-07-13","1.26","47872135","47872135","9620","5009","9620","5009"
"2026-07-10","0.8","100392055","100392055","9500","10587","9500","10587"
"2026-07-09","-0.68","74514525","74514525","9425","7878","9425","7878"
"2026-07-08","2.59","85507450","85507450","9490","9123","9490","9123"
"2026-07-07","0.54","46644005","46644005","9250","5047","9250","5047"
"2026-07-06","0","58531535","58531535","9200","6366","9200","6366"
"2026-07-03","-1.08","59514945","59514945","9200","6435","9200","6435"
"2026-07-02","-1.01","230568345","230568345","9300","25493","9300","25493"
"2026-07-01","-0.58","203542370","203542370","9395","22017","9395","22017"
"2026-06-30","0.59","185007965","185007965","9450","19595","9450","19595"
"2026-06-29","3.24","344605375","344605375","9395","37061","9395","37061"
"2026-06-26","0","199459380","199459380","9100","22017","9100","22017"
"2026-06-25","0","150876135","150876135","9100","16671","9100","16671"
"2026-06-24","-1.62","44319215","44319215","9100","4823","9100","4823"
"2026-06-23","0.54","138324550","138324550","9250","15167","9250","15167"
"2026-06-22","-1.6","377968890","377968890","9200","41181","9200","41181"
"2026-06-19","3.26","48221695","48221695","9350","5157","9350","5157"
"2026-06-18","-0.39","81349935","81349935","9055","8989","9055","8989"
"2026-06-17","1.34","85257170","85257170","9090","9473","9090","9473"
"2026-06-16","0.62","68132000","68132000","8970","7589","8970","7589"
"2026-06-15","-0.39","29228710","29228710","8915","3258","8915","3258"
"2026-06-12","0.56","92224925","92224925","8950","10358","8950","10358"
"2026-06-11","1.08","68379215","68379215","8900","7708","8900","7708"
"2026-06-10","-0.96","116694865","116694865","8805","13171","8805","13171"
"2026-06-09","-0.11","113574525","113574525","8890","12844","8890","12844"
"2026-06-08","0.23","64396085","64396085","8900","7247","8900","7247"
"2026-06-05","0.45","88137420","88137420","8880","9964","8880","9964"
"2026-06-04","-0.62","86625100","86625100","8840","9814","8840","9814"
"2026-06-03","1.08","69819725","69819725","8895","7894","8895","7894"
"2026-06-02","-2.17","167467630","167467630","8800","19062","8800","19062"
"2026-06-01","1.7","162423985","162423985","8995","18231","8995","18231"
"2026-05-29","0","168459750","168459750","8845","19047","8845","19047"
"2026-05-28","0.23","80197450","80197450","8845","9075","8845","9075"
"2026-05-26","-0.51","44042655","44042655","8825","4991","8825","4991"
"2026-05-22","-0.11","39928685","39928685","8870","4515","8870","4515"
"2026-05-21","0.91","48338500","48338500","8880","5467","8880","5467"
"2026-05-20","0.06","79229600","79229600","8800","8942","8800","8942"
"2026-05-19","1.62","32139435","32139435","8795","3685","8795","3685"
"2026-05-18","0.29","97877100","97877100","8655","11322","8655","11322"
"2026-05-15","0.35","122626515","122626515","8630","14244","8630","14244"
"2026-05-13","0.17","100824610","100824610","8600","11731","8600","11731"
"2026-05-12","-0.75","63520075","63520075","8585","7396","8585","7396"
"2026-05-11","-0.63","80395785","80395785","8650","9311","8650","9311"
"2026-05-08","0.64","74622980","74622980","8705","8623","8705","8623"
"2026-05-07","-1.54","61610640","61610640","8650","7105","8650","7105"
"2026-05-06","-0.73","102974165","102974165","8785","12058","8785","12058"
"2026-05-05","-6.2","207572855","207572855","8850","23204","8850","23204"
"2026-05-04","2.67","87269790","87269790","9435","9437","9435","9437"
"2026-04-30","-0.05","71251420","71251420","9190","7759","9190","7759"
"2026-04-29","2.57","113574840","113574840","9195","12549","9195","12549"
"2026-04-28","2.46","62718630","62718630","8965","7090","8965","7090"
"2026-04-27","1.74","68531775","68531775","8750","7906","8750","7906"
"2026-04-24","1.18","20726555","20726555","8600","2418","8600","2418"
"2026-04-23","0","117951285","117951285","8500","13975","8500","13975"
"2026-04-22","0.06","189046400","189046400","8500","22152","8500","22152"
"2026-04-21","-2.3","206032740","206032740","8495","24306","8495","24306"
"2026-04-20","1.1","491022845","491022845","8695","58194","8695","58194"
"2026-04-17","2.38","99672090","99672090","8600","11645","8600","11645"
"2026-04-16","0","239302970","239302970","8400","28381","8400","28381"
"2026-04-15","-1.18","84815230","84815230","8400","10078","8400","10078"
"2026-04-14","0","270045900","270045900","8500","31865","8500","31865"
"2026-04-13","0.18","112236575","112236575","8500","13208","8500","13208"
"2026-04-10","0.06","63597980","63597980","8485","7493","8485","7493"
"2026-04-09","1.19","52468955","52468955","8480","6213","8480","6213"
"2026-04-08","-0.18","221183755","221183755","8380","26580","8380","26580"
"2026-04-07","-1.18","711159270","711159270","8395","85824","8395","85824"
"2026-04-03","-0.06","43209045","43209045","8495","5103","8495","5103"
"2026-04-02","0","58572520","58572520","8500","6891","8500","6891"
"2026-04-01","1.25","151466105","151466105","8500","17590","8500","17590"
"2026-03-31","3.64","745853970","745853970","8395","91494","8395","91494"
"2026-03-30","-6.9","737796395","737796395","8100","90930","8100","90930"
"2026-03-27","2.35","108089920","108089920","8700","12345","8700","12345"
"2026-03-26","-2.86","194382350","194382350","8500","22706","8500","22706"
"2026-03-25","0.57","48165995","48165995","8750","5525","8750","5525"
"2026-03-24","-1.02","65507400","65507400","8700","7514","8700","7514"
"2026-03-23","1.03","34612285","34612285","8790","3959","8790","3959"
"2026-03-19","-2.68","59989380","59989380","8700","6713","8700","6713"
"2026-03-18","0.45","33555365","33555365","8940","3767","8940","3767"
"2026-03-17","-1.06","37623105","37623105","8900","4261","8900","4261"
"2026-03-13","-0.06","26945175","26945175","8995","3000","8995","3000"
"2026-03-12","1.18","165945460","165945460","9000","18556","9000","18556"
"2026-03-11","2.24","93371675","93371675","8895","10661","8895","10661"
"2026-03-10","0.58","61100660","61100660","8700","7038","8700","7038"
"2026-03-09","4.22","138078495","138078495","8650","16460","8650","16460"
"2026-03-06","0.06","71706715","71706715","8300","8688","8300","8688"
"2026-03-05","3.56","66419390","66419390","8295","8028","8295","8028"
"2026-03-04","0.13","125624185","125624185","8010","15632","8010","15632"
"2026-03-03","1.27","46513430","46513430","8000","5829","8000","5829"
"2026-03-02","0","74650145","74650145","7900","9332","7900","9332"
"2026-02-27","-0.63","247834105","247834105","7900","31361","7900","31361"
"2026-02-26","0.63","208691300","208691300","7950","26421","7950","26421"
"2026-02-25","0.96","238680800","238680800","7900","30278","7900","30278"
"2026-02-24","0.06","121945565","121945565","7825","15585","7825","15585"
"2026-02-23","0.26","127838720","127838720","7820","16492","7820","16492"
"2026-02-20","4","448337005","448337005","7800","60450","7800","60450"
"2026-02-19","-1.32","83671225","83671225","7500","11121","7500","11121"
"2026-02-18","1.33","105180125","105180125","7600","14007","7600","14007"
"2026-02-17","-1.32","115592625","115592625","7500","15201","7500","15201"
"2026-02-16","2.7","82409995","82409995","7600","10989","7600","10989"
"2026-02-13","0","35421050","35421050","7400","4796","7400","4796"
"2026-02-12","-1.33","21230270","21230270","7400","2837","7400","2837"
"2026-02-11","2.81","356291705","356291705","7500","49396","7500","49396"
"2026-02-10","0.62","176444690","176444690","7295","24246","7295","24246"
"2026-02-09","0","37166660","37166660","7250","5127","7250","5127"
"2026-02-06","0.69","69011725","69011725","7250","9464","7250","9464"
"2026-02-05","0.14","37186400","37186400","7200","5169","7200","5169"
"2026-02-04","0.14","60974660","60974660","7190","8487","7190","8487"
"2026-02-03","-0.14","36103185","36103185","7180","5028","7180","5028"
"2026-02-02","-0.14","78944620","78944620","7190","10994","7190","10994"
"2026-01-30","0","63416955","63416955","7200","8817","7200","8817"
"2026-01-29","0.35","179687545","179687545","7200","24989","7200","24989"
"2026-01-28","0","74931795","74931795","7175","10436","7175","10436"
"2026-01-27","0","36049605","36049605","7175","5025","7175","5025"
"2026-01-26","-0.21","38015395","38015395","7175","5298","7175","5298"
"2026-01-23","0.14","58099750","58099750","7190","8084","7190","8084"
"2026-01-22","0","110346980","110346980","7180","15254","7180","15254"
"2026-01-21","-0.07","28307785","28307785","7180","3952","7180","3952"
"2026-01-20","0.07","133215305","133215305","7185","18734","7185","18734"
"2026-01-19","-0.07","21690670","21690670","7180","3023","7180","3023"
"2026-01-16","0","21248225","21248225","7185","2967","7185","2967"
"2026-01-15","0.07","13339215","13339215","7185","1861","7185","1861"
"2026-01-14","-0.07","7715445","7715445","7180","1077","7180","1077"
"2026-01-13","0","14763855","14763855","7185","2063","7185","2063"
"2026-01-12","-0.07","7532250","7532250","7185","1048","7185","1048"
"2026-01-09","0","9585145","9585145","7190","1334","7190","1334"
"2026-01-08","0","5752515","5752515","7190","801","7190","801"
"2026-01-07","1.2","20204770","20204770","7190","2842","7190","2842"
"2026-01-06","-0.21","21358400","21358400","7105","3008","7105","3008"
"2026-01-05","-0.84","12534475","12534475","7120","1768","7120","1768"
"2026-01-02","0","5225595","5225595","7180","728","7180","728"
"2025-12-31","0","11755350","11755350","7180","1637","7180","1637"
"2025-12-30","0.42","8379360","8379360","7180","1170","7180","1170"
"2025-12-29","0","25075900","25075900","7150","3529","7150","3529"
"2025-12-26","0.7","3848815","3848815","7150","541","7150","541"
"2025-12-24","0.14","7293800","7293800","7100","1027","7100","1027"
"2025-12-23","0","15282190","15282190","7090","2150","7090","2150"
"2025-12-22","-0.84","45997125","45997125","7090","6502","7090","6502"
"2025-12-19","2.14","12177755","12177755","7150","1709","7150","1709"
"2025-12-18","-2.3","17277160","17277160","7000","2457","7000","2457"
"2025-12-17","-0.14","16184100","16184100","7165","2257","7165","2257"
"2025-12-16","1.06","15466315","15466315","7175","2168","7175","2168"
"2025-12-15","-1.05","17862695","17862695","7100","2510","7100","2510"
"2025-12-12","-0.14","14370165","14370165","7175","2012","7175","2012"
"2025-12-11","1.2","10487320","10487320","7185","1469","7185","1469"
"2025-12-10","0","20549740","20549740","7100","2892","7100","2892"
"2025-12-09","-0.56","10993100","10993100","7100","1547","7100","1547"
"2025-12-08","-0.83","21065315","21065315","7140","2989","7140","2989"
"2025-12-05","0.07","7869020","7869020","7200","1093","7200","1093"
"2025-12-04","-0.07","5408715","5408715","7195","752","7195","752"
"2025-12-03","-0.62","18970750","18970750","7200","2635","7200","2635"
"2025-12-02","0","36705035","36705035","7245","5054","7245","5054"
"2025-12-01","-0.07","14761470","14761470","7245","2028","7245","2028"
"2025-11-28","2.04","6435385","6435385","7250","893","7250","893"
"2025-11-27","-2.54","17960920","17960920","7105","2501","7105","2501"
"2025-11-26","-0.07","38732995","38732995","7290","5343","7290","5343"
"2025-11-25","0","43440660","43440660","7295","5960","7295","5960"
"2025-11-24","-0.07","12851100","12851100","7295","1762","7295","1762"
"2025-11-21","0.07","18844880","18844880","7300","2582","7300","2582"
"2025-11-20","0.62","38972095","38972095","7295","5372","7295","5372"
"2025-11-19","2.04","1608681840","1608681840","7250","220662","7250","220662"
"2025-11-18","-2","75829420","75829420","7105","10599","7105","10599"
"2025-11-17","0","11264120","11264120","7250","1560","7250","1560"
"2025-11-14","0","14421750","14421750","7250","1994","7250","1994"
"2025-11-13","0.97","11925320","11925320","7250","1642","7250","1642"
"2025-11-12","-0.07","44269205","44269205","7180","6166","7180","6166"
"2025-11-11","1.91","22797250","22797250","7185","3219","7185","3219"
"2025-11-10","-0.14","55185280","55185280","7050","7783","7050","7783"
"2025-11-07","-1.94","75633270","75633270","7060","10684","7060","10684"
"2025-11-06","4.35","114340685","114340685","7200","16213","7200","16213"
"2025-11-05","0","58203385","58203385","6900","8748","6900","8748"
"2025-11-04","-0.86","48821600","48821600","6900","7056","6900","7056"
"2025-11-03","-2.66","64082210","64082210","6960","9141","6960","9141"
"2025-10-31","0.56","36996495","36996495","7150","5180","7150","5180"
"2025-10-30","-0.49","35767785","35767785","7110","5017","7110","5017"
"2025-10-29","-0.07","29767445","29767445","7145","4169","7145","4169"
"2025-10-28","-0.63","22055785","22055785","7150","3066","7150","3066"
"2025-10-27","-0.07","96318610","96318610","7195","13670","7195","13670"
"2025-10-24","-1.23","89141200","89141200","7200","12281","7200","12281"
"2025-10-23","0","23424090","23424090","7290","3217","7290","3217"
"2025-10-22","0.07","71346080","71346080","7290","10072","7290","10072"
"2025-10-21","0","71391980","71391980","7285","9912","7285","9912"
"2025-10-20","-0.07","67211725","67211725","7285","9220","7285","9220"
"2025-10-17","0.28","101888550","101888550","7290","14000","7290","14000"
"2025-10-16","-0.41","39402275","39402275","7270","5419","7270","5419"
"2025-10-15","-0.68","39948420","39948420","7300","5443","7300","5443"
"2025-10-14","0.27","68211905","68211905","7350","9329","7350","9329"
"2025-10-13","0.27","21359330","21359330","7330","2916","7330","2916"
"2025-10-10","-0.54","26871080","26871080","7310","3681","7310","3681"
"2025-10-09","0","42382150","42382150","7350","5800","7350","5800"
"2025-10-08","-0.54","10491635","10491635","7350","1432","7350","1432"
"2025-10-07","-0.14","31369085","31369085","7390","4330","7390","4330"
"2025-10-06","-1.07","21520710","21520710","7400","2909","7400","2909"
"2025-10-03","1.08","45206905","45206905","7480","6116","7480","6116"
"2025-10-02","1.3","12031120","12031120","7400","1637","7400","1637"
"2025-10-01","-0.95","78122430","78122430","7305","10659","7305","10659"
"2025-09-30","-0.34","20577675","20577675","7375","2784","7375","2784"
"2025-09-29","-1.33","46675665","46675665","7400","6276","7400","6276"
"2025-09-26","0.2","64388570","64388570","7500","8598","7500","8598"
"2025-09-25","-0.13","27345830","27345830","7485","3675","7485","3675"
"2025-09-24","-0.07","32591870","32591870","7495","4347","7495","4347"
"2025-09-23","-0.13","23502395","23502395","7500","3135","7500","3135"
"2025-09-22","0.13","23982945","23982945","7510","3197","7510","3197"
"2025-09-19","0","37913980","37913980","7500","5207","7500","5207"
"2025-09-18","-0.13","20141290","20141290","7500","2700","7500","2700"
"2025-09-17","7.44","29419510","29419510","7510","4151","7510","4151"
"2025-09-16","0.07","14334965","14334965","6990","2055","6990","2055"
"2025-09-15","-0.07","43849510","43849510","6985","6348","6985","6348"
"2025-09-12","-0.07","14641960","14641960","6990","2098","6990","2098"
"2025-09-11","0.07","31234110","31234110","6995","4517","6995","4517"
"2025-09-10","-0.07","11928135","11928135","6990","1706","6990","1706"
"2025-09-09","2.42","16065110","16065110","6995","2322","6995","2322"
"2025-09-08","4.27","19853250","19853250","6830","2973","6830","2973"
"2025-09-05","1.63","43352465","43352465","6550","6704","6550","6704"
"2025-09-03","-0.08","20087610","20087610","6445","3124","6445","3124"
"2025-09-02","-0.39","14068565","14068565","6450","2185","6450","2185"
"2025-09-01","-0.23","30274585","30274585","6475","4685","6475","4685"
"2025-08-29","0","17091195","17091195","6490","2633","6490","2633"
"2025-08-28","-0.08","17592290","17592290","6490","2709","6490","2709"
"2025-08-27","0.23","12797430","12797430","6495","1976","6495","1976"
"2025-08-26","1.41","39960955","39960955","6480","6238","6480","6238"
"2025-08-25","-0.7","53730440","53730440","6390","8380","6390","8380"
"2025-08-22","-0.23","45989645","45989645","6435","7155","6435","7155"
"2025-08-21","0.86","11687675","11687675","6450","1822","6450","1822"
"2025-08-20","1.11","19138390","19138390","6395","3008","6395","3008"
"2025-08-19","2.02","20171980","20171980","6325","3213","6325","3213"
"2025-08-18","0.81","25754885","25754885","6200","4131","6200","4131"
"2025-08-14","-0.81","5716460","5716460","6150","928","6150","928"
"2025-08-13","1.64","55089455","55089455","6200","8977","6200","8977"
"2025-08-12","0.83","77545900","77545900","6100","12711","6100","12711"
"2025-08-11","0.83","41999260","41999260","6050","6983","6050","6983"
"2025-08-08","0","25956830","25956830","6000","4327","6000","4327"
"2025-08-06","0.17","24725220","24725220","6000","4123","6000","4123"
"2025-08-05","0","14403810","14403810","5990","2404","5990","2404"
"2025-08-04","-0.08","21823530","21823530","5990","3665","5990","3665"
"2025-08-01","0","9878835","9878835","5995","1652","5995","1652"
"2025-07-31","-0.08","12111550","12111550","5995","2025","5995","2025"
"2025-07-30","0","41969705","41969705","6000","7076","6000","7076"
"2025-07-29","0.08","11155655","11155655","6000","1871","6000","1871"
"2025-07-28","0","28956330","28956330","5995","4837","5995","4837"
"2025-07-25","0.08","10239445","10239445","5995","1709","5995","1709"
"2025-07-24","0","10847950","10847950","5990","1811","5990","1811"
"2025-07-23","-0.08","15595570","15595570","5990","2601","5990","2601"
"2025-07-22","-0.08","28512875","28512875","5995","4748","5995","4748"
"2025-07-21","0","6730630","6730630","6000","1124","6000","1124"
"2025-07-18","0","9398400","9398400","6000","1566","6000","1566"
"2025-07-17","0.17","60693330","60693330","6000","10263","6000","10263"
"2025-07-16","-0.17","11026730","11026730","5990","1838","5990","1838"
"2025-07-15","0","20133870","20133870","6000","3355","6000","3355"
"2025-07-14","0.08","54842370","54842370","6000","9257","6000","9257"
"2025-07-11","0","56078795","56078795","5995","9429","5995","9429"
"2025-07-10","0.08","16268710","16268710","5995","2726","5995","2726"
"2025-07-09","0.5","19296600","19296600","5990","3226","5990","3226"
"2025-07-08","-0.67","10271760","10271760","5960","1715","5960","1715"
"2025-07-07","0","41859015","41859015","6000","7096","6000","7096"
"2025-07-04","1.35","12898095","12898095","6000","2151","6000","2151"
"2025-07-03","-3.27","10027400","10027400","5920","1688","5920","1688"
"2025-07-02","0.33","138204975","138204975","6120","22794","6120","22794"
"2025-07-01","-0.33","5799845","5799845","6100","953","6100","953"
"2025-06-30","-0.33","12127755","12127755","6120","1974","6120","1974"
"2025-06-27","-0.16","26583700","26583700","6140","4460","6140","4460"
"2025-06-26","0.49","40182975","40182975","6150","6597","6150","6597"
"2025-06-25","-0.49","203433665","203433665","6120","33170","6120","33170"
"2025-06-24","-2.3","26997290","26997290","6150","4387","6150","4387"
"2025-06-23","-0.08","8765210","8765210","6295","1397","6295","1397"
"2025-06-20","2.94","10382180","10382180","6300","1652","6300","1652"
"2025-06-19","-2.78","19293505","19293505","6120","3120","6120","3120"
"2025-06-18","3.2","28934560","28934560","6295","4695","6295","4695"
"2025-06-17","1.5","119355115","119355115","6100","19680","6100","19680"
"2025-06-16","0.08","54312910","54312910","6010","8886","6010","8886"
"2025-06-13","-2.99","85349685","85349685","6005","14141","6005","14141"
"2025-06-12","1.39","26284960","26284960","6190","4344","6190","4344"
"2025-06-11","1.75","9780485","9780485","6105","1610","6105","1610"
"2025-06-10","3.45","155884185","155884185","6000","26087","6000","26087"
"2025-06-05","-0.09","17379840","17379840","5800","2980","5800","2980"
"2025-06-04","0.96","23858205","23858205","5805","4114","5805","4114"
"2025-06-03","-3.36","46813105","46813105","5750","7968","5750","7968"
"2025-06-02","0","16859280","16859280","5950","2852","5950","2852"
"2025-05-30","0.17","46826790","46826790","5950","7996","5950","7996"
"2025-05-28","-0.83","24141905","24141905","5940","4094","5940","4094"
"2025-05-27","0.67","14591860","14591860","5990","2447","5990","2447"
"2025-05-26","0","56415860","56415860","5950","9511","5950","9511"
"2025-05-23","2.59","11784770","11784770","5950","2012","5950","2012"
"2025-05-22","-1.69","64291590","64291590","5800","10999","5800","10999"
"2025-05-21","-1.5","24321400","24321400","5900","4160","5900","4160"
"2025-05-20","-1.88","17412685","17412685","5990","2893","5990","2893"
"2025-05-19","1.92","66080065","66080065","6105","10647","6105","10647"
"2025-05-16","-2.2","12626275","12626275","5990","2107","5990","2107"
"2025-05-15","-1.21","19970745","19970745","6125","3235","6125","3235"
"2025-05-14","-0.8","24798670","24798670","6200","4005","6200","4005"
"2025-05-13","-0.08","23673805","23673805","6250","3789","6250","3789"
"2025-05-12","0.16","144987710","144987710","6255","23070","6255","23070"
"2025-05-09","0.73","27008750","27008750","6245","4349","6245","4349"
"2025-05-08","1.72","16863760","16863760","6200","2736","6200","2736"
"2025-05-07","0.74","22135440","22135440","6095","3633","6095","3633"
"2025-05-06","0","26042370","26042370","6050","4294","6050","4294"
"2025-05-05","-0.82","10038010","10038010","6050","1654","6050","1654"
"2025-05-02","0","31906325","31906325","6100","5229","6100","5229"
"2025-04-30","0.16","16012815","16012815","6100","2632","6100","2632"
"2025-04-29","0.5","46793630","46793630","6090","7681","6090","7681"
"2025-04-28","-0.57","61719720","61719720","6060","10131","6060","10131"
"2025-04-25","-0.08","25506200","25506200","6095","4187","6095","4187"
"2025-04-24","0","26363020","26363020","6100","4305","6100","4305"
"2025-04-23","1.67","154485725","154485725","6100","25685","6100","25685"
"2025-04-22","0.17","17398030","17398030","6000","2903","6000","2903"
"2025-04-18","-0.08","5491680","5491680","5990","917","5990","917"
"2025-04-17","-0.08","11840025","11840025","5995","1974","5995","1974"
"2025-04-16","0.08","19656515","19656515","6000","3290","6000","3290"
"2025-04-15","-0.08","7009885","7009885","5995","1172","5995","1172"
"2025-04-14","0.84","8041265","8041265","6000","1347","6000","1347"
"2025-04-11","2.59","16194970","16194970","5950","2758","5950","2758"
"2025-04-10","3.48","11725885","11725885","5800","2032","5800","2032"
"2025-04-09","-6.35","15371665","15371665","5605","2644","5605","2644"
"2025-04-08","-0.25","16982420","16982420","5985","2838","5985","2838"
"2025-04-07","0","75551295","75551295","6000","12654","6000","12654"
"2025-04-04","-1.48","36055915","36055915","6000","6077","6000","6077"
"2025-04-03","0","52916270","52916270","6090","8694","6090","8694"
"2025-04-02","1.33","32085805","32085805","6090","5276","6090","5276"
"2025-04-01","-1.64","17563745","17563745","6010","2879","6010","2879"
"2025-03-28","0","93936880","93936880","6110","15374","6110","15374"
"2025-03-26","0.16","7946880","7946880","6110","1297","6110","1297"
"2025-03-25","0","35910875","35910875","6100","5843","6100","5843"
"2025-03-24","-0.41","40504825","40504825","6100","6645","6100","6645"
"2025-03-21","0.49","30257860","30257860","6125","4955","6125","4955"
"2025-03-20","-0.16","26298315","26298315","6095","4328","6095","4328"
"2025-03-19","-0.33","86893065","86893065","6105","15135","6105","15135"
"2025-03-18","6.06","46609765","46609765","6125","8069","6125","8069"
"2025-03-17","1.32","2471150","2471150","5775","431","5775","431"
"2025-03-14","0.35","31338975","31338975","5700","5489","5700","5489"
"2025-03-13","-0.35","19672380","19672380","5680","3458","5680","3458"
"2025-03-12","0","81800200","81800200","5700","14553","5700","14553"
"2025-03-11","0.26","20777265","20777265","5700","3660","5700","3660"
"2025-03-10","0","11211250","11211250","5685","1975","5685","1975"
"2025-03-07","0.26","22409030","22409030","5685","3947","5685","3947"
"2025-03-06","-0.35","26568870","26568870","5670","4681","5670","4681"
"2025-03-05","-0.18","8415225","8415225","5690","1484","5690","1484"
"2025-03-04","0","42264930","42264930","5700","7378","5700","7378"
"2025-03-03","-1.38","32633940","32633940","5700","5833","5700","5833"
"2025-02-28","-0.17","46382310","46382310","5780","8033","5780","8033"
"2025-02-27","-0.17","21762005","21762005","5790","3754","5790","3754"
"2025-02-26","-1.61","28826825","28826825","5800","4968","5800","4968"
"2025-02-25","-0.92","36271115","36271115","5895","6184","5895","6184"
"2025-02-24","4.57","34958870","34958870","5950","6120","5950","6120"
"2025-02-21","5.86","24222790","24222790","5690","4441","5690","4441"
"2025-02-20","5.39","19423000","19423000","5375","3723","5375","3723"
"2025-02-19","2.31","50037510","50037510","5100","10234","5100","10234"
"2025-02-18","1.73","3466895","3466895","4985","699","4985","699"
"2025-02-17","1.14","14067595","14067595","4900","2862","4900","2862"
"2025-02-14","0","28803095","28803095","4845","5941","4845","5941"
"2025-02-13","0.94","10896685","10896685","4845","2248","4845","2248"
"2025-02-12","4.12","5667695","5667695","4800","1186","4800","1186"
"2025-02-11","-3.05","30251600","30251600","4610","6495","4610","6495"
"2025-02-10","-0.83","12390845","12390845","4755","2601","4755","2601"
"2025-02-07","1.8","28614855","28614855","4795","6069","4795","6069"
"2025-02-06","0.32","25419370","25419370","4710","5497","4710","5497"
"2025-02-05","2.07","4078050","4078050","4695","883","4695","883"
"2025-02-04","-2.02","21376685","21376685","4600","4635","4600","4635"
"2025-02-03","0.97","4804490","4804490","4695","1035","4695","1035"
"2025-01-31","1.09","8451280","8451280","4650","1831","4650","1831"
"2025-01-30","-2.44","26960550","26960550","4600","5746","4600","5746"
"2025-01-29","0.21","13050955","13050955","4715","2777","4715","2777"
"2025-01-28","0","12910550","12910550","4705","2739","4705","2739"
"2025-01-27","-0.42","3387400","3387400","4705","721","4705","721"
"2025-01-24","-0.11","35612400","35612400","4725","7627","4725","7627"
"2025-01-23","-2.67","42841715","42841715","4730","8994","4730","8994"
"2025-01-22","0","3991840","3991840","4860","822","4860","822"
"2025-01-21","0.1","2666505","2666505","4860","549","4860","549"
"2025-01-20","0","7086380","7086380","4855","1460","4855","1460"
"2025-01-17","-0.61","6215910","6215910","4855","1276","4855","1276"
"2025-01-16","0","5713430","5713430","4885","1170","4885","1170"
"2025-01-15","0.72","18896270","18896270","4885","3911","4885","3911"
"2025-01-14","-2.22","7284675","7284675","4850","1469","4850","1469"
"2025-01-13","-0.5","2019535","2019535","4960","406","4960","406"
"2025-01-10","0","10376125","10376125","4985","2130","4985","2130"
"2025-01-09","-0.1","15010695","15010695","4985","3122","4985","3122"
"2025-01-08","0","2567685","2567685","4990","518","4990","518"
"2025-01-07","0","8719200","8719200","4990","1755","4990","1755"
"2025-01-06","-0.1","5713950","5713950","4990","1147","4990","1147"
"2025-01-03","0","2816115","2816115","4995","568","4995","568"
"2025-01-02","0","12516840","12516840","4995","2546","4995","2546"
"2024-12-31","-0.1","19790795","19790795","4995","3962","4995","3962"
"2024-12-30","0","14567330","14567330","5000","2916","5000","2916"
"2024-12-27","0","11929415","11929415","5000","2387","5000","2387"
"2024-12-26","0","12650315","12650315","5000","2530","5000","2530"
"2024-12-24","0.1","5922265","5922265","5000","1185","5000","1185"
"2024-12-23","0","2098795","2098795","4995","423","4995","423"
"2024-12-20","0.1","8068400","8068400","4995","1615","4995","1615"
"2024-12-19","-0.1","5992360","5992360","4990","1200","4990","1200"
"2024-12-18","5.16","19467785","19467785","4995","4022","4995","4022"
"2024-12-17","-4.9","9171150","9171150","4750","1890","4750","1890"
"2024-12-16","0.5","6259180","6259180","4995","1263","4995","1263"
"2024-12-13","1.43","2803450","2803450","4970","563","4970","563"
"2024-12-12","2.19","5855645","5855645","4900","1218","4900","1218"
"2024-12-11","3.34","2784795","2784795","4795","591","4795","591"
"2024-12-10","0","8454005","8454005","4640","1820","4640","1820"
"2024-12-09","0.87","68910920","68910920","4640","15293","4640","15293"
"2024-12-06","0","5951865","5951865","4600","1286","4600","1286"
"2024-12-05","-2.02","8654525","8654525","4600","1865","4600","1865"
"2024-12-04","-2.19","14626465","14626465","4695","3087","4695","3087"
"2024-12-03","0","6624360","6624360","4800","1377","4800","1377"
"2024-12-02","-4","15759090","15759090","4800","3280","4800","3280"
"2024-11-29","-0.2","12625050","12625050","5000","2525","5000","2525"
"2024-11-28","0.2","4860340","4860340","5010","969","5010","969"
"2024-11-27","-1.57","4129890","4129890","5000","820","5000","820"
"2024-11-26","1.6","4159010","4159010","5080","818","5080","818"
"2024-11-25","-2.34","32343975","32343975","5000","6376","5000","6376"
"2024-11-22","2.4","13991910","13991910","5120","2772","5120","2772"
"2024-11-21","-4.58","41901605","41901605","5000","8294","5000","8294"
"2024-11-20","3.15","4931840","4931840","5240","955","5240","955"
"2024-11-19","0.59","14826605","14826605","5080","2928","5080","2928"
"2024-11-18","0","21176720","21176720","5050","4197","5050","4197"
"2024-11-14","5.21","14472325","14472325","5050","2934","5050","2934"
"2024-11-13","0.31","7306895","7306895","4800","1526","4800","1526"
"2024-11-12","-4.3","14337455","14337455","4785","2908","4785","2908"
"2024-11-11","-3.85","14862135","14862135","5000","2922","5000","2922"
"2024-11-08","2.06","24949150","24949150","5200","4871","5200","4871"
"2024-11-07","-0.1","18399185","18399185","5095","3619","5095","3619"
"2024-11-06","-2.76","10402060","10402060","5100","2038","5100","2038"
"2024-11-05","-5.15","66349620","66349620","5245","12606","5245","12606"
"2024-11-04","-2.98","17824500","17824500","5530","3189","5530","3189"
"2024-10-31","0.09","39140115","39140115","5700","6873","5700","6873"
"2024-10-30","-1.81","31804250","31804250","5695","5524","5695","5524"
"2024-10-29","-0.34","71308235","71308235","5800","12056","5800","12056"
"2024-10-28","5.15","36365735","36365735","5820","6225","5820","6225"
"2024-10-25","7.48","104277590","104277590","5535","18841","5535","18841"
"2024-10-24","-0.92","110445935","110445935","5150","21432","10300","10716"
"2024-10-23","0","213277595","213277595","5198","40992","10395","20496"
"2024-10-22","-0.99","79730155","79730155","5198","15338","10395","7669"
"2024-10-21","0","42801835","42801835","5250","8136","10500","4068"
"2024-10-18","-1.87","25676930","25676930","5250","4812","10500","2406"
"2024-10-17","4.9","137320740","137320740","5350","26092","10700","13046"
"2024-10-16","0.99","43229600","43229600","5100","8494","10200","4247"
"2024-10-15","0.9","55921540","55921540","5050","11132","10100","5566"
"2024-10-14","-2.72","40765380","40765380","5005","8134","10010","4067"
"2024-10-11","2.9","37826975","37826975","5145","7578","10290","3789"
"2024-10-10","-0.85","180795365","180795365","5000","35368","10000","17684"
"2024-10-09","-1.08","26278960","26278960","5043","5208","10085","2604"
"2024-10-08","0","19038500","19038500","5098","3736","10195","1868"
"2024-10-07","6.21","11418875","11418875","5098","2336","10195","1168"
"2024-10-04","6.6","26279300","26279300","4800","5524","9600","2762"
"2024-10-03","0.63","19023255","19023255","4503","4234","9005","2117"
"2024-10-02","1.13","43556285","43556285","4475","9794","8950","4897"
"2024-10-01","-0.56","91456125","91456125","4425","21328","8850","10664"
"2024-09-30","6.08","66945990","66945990","4450","15488","8900","7744"
"2024-09-27","0","31683410","31683410","4195","7648","8390","3824"
"2024-09-26","-0.12","32872645","32872645","4195","7892","8390","3946"
"2024-09-25","-1.18","39683560","39683560","4200","9422","8400","4711"
"2024-09-24","-1.16","13775720","13775720","4250","3242","8500","1621"
"2024-09-23","-1.1","7267495","7267495","4300","1694","8600","847"
"2024-09-20","-1.74","11149775","11149775","4348","2584","8695","1292"
"2024-09-19","0","7589030","7589030","4425","1726","8850","863"
"2024-09-18","-0.52","15742830","15742830","4425","3622","8850","1811"
"2024-09-17","1.09","11568320","11568320","4448","2620","8895","1310"
"2024-09-16","-0.45","40027605","40027605","4400","9058","8800","4529"
"2024-09-13","0.45","57400985","57400985","4420","13042","8840","6521"
"2024-09-12","0","10705860","10705860","4400","2466","8800","1233"
"2024-09-11","-0.52","31096255","31096255","4400","7216","8800","3608"
"2024-09-10","0.52","7014200","7014200","4423","1588","8845","794"
"2024-09-09","-1.12","14501410","14501410","4400","3290","8800","1645"
"2024-09-06","-0.56","38150705","38150705","4450","8536","8900","4268"
"2024-09-05","0.61","39626270","39626270","4475","8664","8950","4332"
"2024-09-04","5.28","45895140","45895140","4448","10514","8895","5257"
"2024-09-03","0","30960530","30960530","4225","7346","8450","3673"
"2024-09-02","1.81","19467265","19467265","4225","4668","8450","2334"
"2024-08-30","0","11386175","11386175","4150","2762","8300","1381"
"2024-08-29","1.22","15363990","15363990","4150","3744","8300","1872"
"2024-08-28","-1.56","14886325","14886325","4100","3584","8200","1792"
"2024-08-27","-0.07","10797560","10797560","4165","2592","8330","1296"
"2024-08-26","-0.12","12790080","12790080","4168","3068","8335","1534"
"2024-08-23","0","5215545","5215545","4173","1250","8345","625"
"2024-08-22","0.55","11746710","11746710","4173","2824","8345","1412"
"2024-08-21","0.12","20479320","20479320","4150","4974","8300","2487"
"2024-08-20","-2.36","9078685","9078685","4145","2198","8290","1099"
"2024-08-19","-4.61","18667110","18667110","4245","4394","8490","2197"
"2024-08-16","0.61","45765350","45765350","4450","10712","8900","5356"
"2024-08-14","-1.16","3888115","3888115","4423","874","8845","437"
"2024-08-13","1.18","11837990","11837990","4475","2692","8950","1346"
"2024-08-12","1.14","23148975","23148975","4423","5232","8845","2616"
"2024-08-09","3.5","17729825","17729825","4373","4172","8745","2086"
"2024-08-08","0","18910160","18910160","4225","4494","8450","2247"
"2024-08-06","-0.12","6127785","6127785","4225","1450","8450","725"
"2024-08-05","0","11873085","11873085","4230","2808","8460","1404"
"2024-08-02","0.71","19796205","19796205","4230","4720","8460","2360"
"2024-08-01","6.33","14818850","14818850","4200","3666","8400","1833"
"2024-07-31","-2.47","17401240","17401240","3950","4350","7900","2175"
"2024-07-30","3.77","55015005","55015005","4050","13918","8100","6959"
"2024-07-29","0.08","16367105","16367105","3903","4216","7805","2108"
"2024-07-26","-0.26","4141800","4141800","3900","1062","7800","531"
"2024-07-25","-0.13","961620","961620","3910","246","7820","123"
"2024-07-24","0.38","4177840","4177840","3915","1068","7830","534"
"2024-07-23","-0.38","1990085","1990085","3900","510","7800","255"
"2024-07-22","1.03","9271320","9271320","3915","2390","7830","1195"
"2024-07-19","-1.77","6448800","6448800","3875","1652","7750","826"
"2024-07-18","3.6","11992185","11992185","3945","3118","7890","1559"
"2024-07-17","-3.67","6039535","6039535","3808","1568","7615","784"
"2024-07-16","-0.93","3923855","3923855","3953","990","7905","495"
"2024-07-15","0","17120485","17120485","3990","4326","7980","2163"
"2024-07-12","-0.25","17512100","17512100","3990","4382","7980","2191"
"2024-07-11","0","4527975","4527975","4000","1132","8000","566"
"2024-07-10","6.3","38383475","38383475","4000","9816","8000","4908"
"2024-07-09","0","18543240","18543240","3763","4942","7525","2471"
"2024-07-08","0.4","23566105","23566105","3763","6278","7525","3139"
"2024-07-05","0","8108085","8108085","3748","2166","7495","1083"
"2024-07-04","0","6716900","6716900","3748","1792","7495","896"
"2024-07-03","0","9135940","9135940","3748","2438","7495","1219"
"2024-07-02","0.75","13873540","13873540","3748","3728","7495","1864"
"2024-07-01","0","2483610","2483610","3720","674","7440","337"
"2024-06-28","1.78","4615295","4615295","3720","1254","7440","627"
"2024-06-27","-1.16","3863810","3863810","3655","1044","7310","522"
"2024-06-26","1.32","10747820","10747820","3698","2944","7395","1472"
"2024-06-25","0.05","11326510","11326510","3650","3104","7300","1552"
"2024-06-24","0","8375760","8375760","3648","2332","7295","1166"
"2024-06-21","-0.68","3609725","3609725","3648","992","7295","496"
"2024-06-20","-0.73","4943965","4943965","3673","1344","7345","672"
"2024-06-19","-1.02","4231925","4231925","3700","1172","7400","586"
"2024-06-18","-0.32","15643200","15643200","3738","4316","7475","2158"
"2024-06-14","1.35","32051200","32051200","3750","8724","7500","4362"
"2024-06-13","4.67","16006315","16006315","3700","4500","7400","2250"
"2024-06-12","0.28","8560615","8560615","3535","2424","7070","1212"
"2024-06-11","-0.28","2257610","2257610","3525","640","7050","320"
"2024-06-10","0","11685670","11685670","3535","3300","7070","1650"
"2024-06-07","0.86","7234565","7234565","3535","2052","7070","1026"
"2024-06-06","0.06","14419715","14419715","3505","4084","7010","2042"
"2024-06-05","-0.91","14449660","14449660","3503","4130","7005","2065"
"2024-06-04","1.06","14082875","14082875","3535","4008","7070","2004"
"2024-06-03","-1.05","10554930","10554930","3498","3008","6995","1504"
"2024-05-31","-0.28","9487285","9487285","3535","2698","7070","1349"
"2024-05-30","1.58","11605125","11605125","3545","3326","7090","1663"
"2024-05-29","0","11291960","11291960","3490","3238","6980","1619"
"2024-05-28","-0.99","12657155","12657155","3490","3620","6980","1810"
"2024-05-27","0.71","18145060","18145060","3525","5176","7050","2588"
"2024-05-24","0.34","46217000","46217000","3500","13166","7000","6583"
"2024-05-23","-0.06","7777180","7777180","3488","2232","6975","1116"
"2024-05-22","1.07","19378215","19378215","3490","5596","6980","2798"
"2024-05-21","-1.29","5112595","5112595","3453","1476","6905","738"
"2024-05-17","-0.77","5126265","5126265","3498","1468","6995","734"
"2024-05-16","-0.7","37163445","37163445","3525","10544","7050","5272"
"2024-05-15","3.35","107059035","107059035","3550","30900","7100","15450"
"2024-05-14","3.31","10986455","10986455","3435","3276","6870","1638"
"2024-05-13","-0.54","25384320","25384320","3325","7580","6650","3790"
"2024-05-10","1.3","43431525","43431525","3343","13136","6685","6568"
"2024-05-08","-1.73","32451570","32451570","3300","9814","6600","4907"
"2024-05-07","-0.15","16570590","16570590","3358","5004","6715","2502"
"2024-05-06","-0.36","11182010","11182010","3363","3320","6725","1660"
"2024-05-03","0","14481110","14481110","3375","4310","6750","2155"
"2024-05-02","-1.32","13044085","13044085","3375","3854","6750","1927"
"2024-04-30","0","88621350","88621350","3420","26058","6840","13029"
"2024-04-29","-2.01","18329795","18329795","3420","5368","6840","2684"
"2024-04-26","-0.23","32242230","32242230","3490","9272","6980","4636"
"2024-04-25","-3.5","26802485","26802485","3498","7776","6995","3888"
"2024-04-24","-2.03","42356410","42356410","3625","11648","7250","5824"
"2024-04-23","1.43","35897135","35897135","3700","9844","7400","4922"
"2024-04-22","1.33","16985170","16985170","3648","4654","7295","2327"
"2024-04-19","0","111066525","111066525","3600","30848","7200","15424"
"2024-04-18","0","130025580","130025580","3600","36100","7200","18050"
"2024-04-17","-0.63","34002295","34002295","3600","9416","7200","4708"
"2024-04-16","-0.06","34512640","34512640","3623","9570","7245","4785"
"2024-04-15","-0.36","15720355","15720355","3625","4350","7250","2175"
"2024-04-12","1.06","16403275","16403275","3638","4526","7275","2263"
"2024-04-11","-0.63","123275255","123275255","3600","34236","7200","17118"
"2024-04-09","1.97","26366725","26366725","3623","7412","7245","3706"
"2024-04-08","-1.99","15091305","15091305","3553","4190","7105","2095"
"2024-04-05","-0.41","14408390","14408390","3625","3978","7250","1989"
"2024-04-04","0.28","9995955","9995955","3640","2750","7280","1375"
"2024-04-03","0.14","11056275","11056275","3630","3048","7260","1524"
"2024-04-02","-0.36","13883325","13883325","3625","3850","7250","1925"
"2024-03-29","0.08","7589160","7589160","3638","2128","7275","1064"
"2024-03-28","0.28","6088045","6088045","3635","1678","7270","839"
"2024-03-27","-0.28","11570875","11570875","3625","3194","7250","1597"
"2024-03-26","-0.14","6391625","6391625","3635","1764","7270","882"
"2024-03-25","-0.27","31869555","31869555","3640","8924","7280","4462"
"2024-03-22","1.67","26783705","26783705","3650","7474","7300","3737"
"2024-03-21","-1.64","13315765","13315765","3590","3670","7180","1835"
"2024-03-20","0.14","10948845","10948845","3650","3002","7300","1501"
"2024-03-19","0.19","28522215","28522215","3645","7916","7290","3958"
"2024-03-18","0.36","46192210","46192210","3638","12792","7275","6396"
"2024-03-15","-0.41","7040400","7040400","3625","1940","7250","970"
"2024-03-14","-0.27","145600","145600","3640","40","7280","20"
"2024-03-13","0.69","6261930","6261930","3650","1718","7300","859"
"2024-03-12","0","6187250","6187250","3625","1708","7250","854"
"2024-03-11","0","14734950","14734950","3625","3066","7250","1533"
"2024-03-08","0.06","15001500","15001500","3625","4148","7250","2074"
"2024-03-07","0.78","21524950","21524950","3623","5954","7245","2977"
"2024-03-06","0","8608230","8608230","3595","2418","7190","1209"
"2024-03-05","0.84","11771600","11771600","3595","3294","7190","1647"
"2024-03-04","-0.14","25261400","25261400","3565","7072","7130","3536"
"2024-03-01","-0.83","6525270","6525270","3570","1824","7140","912"
"2024-02-29","1.41","9230995","9230995","3600","2584","7200","1292"
"2024-02-28","0","18148200","18148200","3550","5164","7100","2582"
"2024-02-27","2.81","7950800","7950800","3550","2240","7100","1120"
"2024-02-26","-4.08","24401965","24401965","3453","6974","6905","3487"
"2024-02-23","0.19","16263440","16263440","3600","4520","7200","2260"
"2024-02-22","-0.06","6865580","6865580","3593","1910","7185","955"
"2024-02-21","0","5867025","5867025","3595","1656","7190","828"
"2024-02-20","-0.08","37362190","37362190","3595","10616","7190","5308"
"2024-02-19","-0.69","3219690","3219690","3598","898","7195","449"
"2024-02-16","-2.08","9739340","9739340","3623","2716","7245","1358"
"2024-02-15","0","4989250","4989250","3700","1346","7400","673"
"2024-02-14","4.08","74633000","74633000","3700","20940","7400","10470"
"2024-02-13","-1.25","24573100","24573100","3555","6912","7110","3456"
"2024-02-09","1.41","24832645","24832645","3600","6994","7200","3497"
"2024-02-08","0","965535","965535","3550","272","7100","136"
"2024-02-07","0","3055630","3055630","3550","872","7100","436"
"2024-02-06","0.34","33308405","33308405","3550","9512","7100","4756"
"2024-02-05","-0.34","13737940","13737940","3538","3924","7075","1962"
"2024-02-02","2.16","15017695","15017695","3550","4302","7100","2151"
"2024-02-01","0","3213465","3213465","3475","924","6950","462"
"2024-01-31","0","23609600","23609600","3475","6758","6950","3379"
"2024-01-30","0","5485800","5485800","3475","1588","6950","794"
"2024-01-29","0","5229280","5229280","3475","1506","6950","753"
"2024-01-26","0","3189645","3189645","3475","918","6950","459"
"2024-01-25","0","2558530","2558530","3475","738","6950","369"
"2024-01-24","0.2","4619475","4619475","3475","1346","6950","673"
"2024-01-23","-0.14","5522935","5522935","3468","1598","6935","799"
"2024-01-22","0.09","76279820","76279820","3473","22378","6945","11189"
"2024-01-19","0","1188150","1188150","3470","346","6940","173"
"2024-01-18","-0.09","1005835","1005835","3470","292","6940","146"
"2024-01-17","0.67","1771990","1771990","3473","514","6945","257"
"2024-01-16","0.73","4309340","4309340","3450","1254","6900","627"
"2024-01-15","0","12568280","12568280","3425","3630","6850","1815"
"2024-01-12","0.74","2823420","2823420","3425","828","6850","414"
"2024-01-11","-0.29","5118975","5118975","3400","1508","6800","754"
"2024-01-10","0.95","15547710","15547710","3410","4610","6820","2305"
"2024-01-09","0.09","16780795","16780795","3378","4972","6755","2486"
"2024-01-08","0","6619050","6619050","3375","1962","6750","981"
"2024-01-05","-0.74","6746330","6746330","3375","1998","6750","999"
"2024-01-04","-0.38","14561715","14561715","3400","4304","6800","2152"
"2024-01-03","0.38","13302785","13302785","3413","3914","6825","1957"
"2024-01-02","-1.39","8812970","8812970","3400","2590","6800","1295"
"2023-12-29","-1.29","25903935","25903935","3448","7604","6895","3802"
"2023-12-28","0.52","40113520","40113520","3493","11534","6985","5767"
"2023-12-27","0.72","36610605","36610605","3475","10912","6950","5456"
"2023-12-26","-1.43","21516305","21516305","3450","6220","6900","3110"
"2023-12-22","0.06","6261740","6261740","3500","1792","7000","896"
"2023-12-21","-0.06","4903685","4903685","3498","1402","6995","701"
"2023-12-20","0.06","980000","980000","3500","280","7000","140"
"2023-12-19","1.45","18037000","18037000","3498","5242","6995","2621"
"2023-12-18","0.67","7398920","7398920","3448","2164","6895","1082"
"2023-12-15","0","4220075","4220075","3425","1236","6850","618"
"2023-12-14","0","5798155","5798155","3425","1690","6850","845"
"2023-12-13","-0.72","5474110","5474110","3425","1602","6850","801"
"2023-12-12","-1.29","8665120","8665120","3450","2512","6900","1256"
"2023-12-11","-0.14","19253330","19253330","3495","5526","6990","2763"
"2023-12-08","0","3985575","3985575","3500","1140","7000","570"
"2023-12-07","0","5502000","5502000","3500","1576","7000","788"
"2023-12-06","2.94","24443830","24443830","3500","7056","7000","3528"
"2023-12-05","-2.72","9099860","9099860","3400","2642","6800","1321"
"2023-12-04","0.63","7668180","7668180","3495","2206","6990","1103"
"2023-12-01","0.67","1055815","1055815","3473","304","6945","152"
"2023-11-30","-0.23","2555825","2555825","3450","740","6900","370"
"2023-11-29","1.71","24372405","24372405","3458","7066","6915","3533"
"2023-11-28","1.04","3155100","3155100","3400","928","6800","464"
"2023-11-27","-1.03","9683735","9683735","3365","2872","6730","1436"
"2023-11-24","0","12270100","12270100","3400","3614","6800","1807"
"2023-11-23","0","32285490","32285490","3400","9536","6800","4768"
"2023-11-22","-1.68","12046740","12046740","3400","3512","6800","1756"
"2023-11-21","-0.14","12489980","12489980","3458","3668","6915","1834"
"2023-11-20","-0.06","17436145","17436145","3463","5058","6925","2529"
"2023-11-17","0.73","9704180","9704180","3465","2808","6930","1404"
"2023-11-16","-0.95","1763555","1763555","3440","508","6880","254"
"2023-11-14","-0.06","14498430","14498430","3473","4260","6945","2130"
"2023-11-13","2.51","77947190","77947190","3475","23060","6950","11530"
"2023-11-10","-0.09","18059020","18059020","3390","5324","6780","2662"
"2023-11-09","0.59","7737100","7737100","3393","2288","6785","1144"
"2023-11-08","-0.06","7579905","7579905","3373","2248","6745","1124"
"2023-11-07","0","12074430","12074430","3375","3576","6750","1788"
"2023-11-06","0.75","15712110","15712110","3375","4670","6750","2335"
"2023-11-03","0","30430020","30430020","3350","9078","6700","4539"
"2023-11-02","-1.41","29559385","29559385","3350","8786","6700","4393"
"2023-10-31","-0.06","28047720","28047720","3398","8250","6795","4125"
"2023-10-30","0","24080240","24080240","3400","7154","6800","3577"
"2023-10-27","0.74","11122735","11122735","3400","3288","6800","1644"
"2023-10-26","-0.74","20248640","20248640","3375","5976","6750","2988"
"2023-10-25","0.06","5178865","5178865","3400","1524","6800","762"
"2023-10-24","-0.06","26243115","26243115","3398","7756","6795","3878"
"2023-10-23","0.74","36088975","36088975","3400","10684","6800","5342"
"2023-10-20","-3.38","10437450","10437450","3375","3092","6750","1546"
"2023-10-19","2.64","30561635","30561635","3493","8918","6985","4459"
"2023-10-18","-2.77","34358720","34358720","3403","9980","6805","4990"
"2023-10-17","1.51","52333365","52333365","3500","15078","7000","7539"
"2023-10-16","-2.13","12860300","12860300","3448","3692","6895","1846"
"2023-10-13","-1.45","15596860","15596860","3523","4402","7045","2201"
"2023-10-12","7.2","27505095","27505095","3575","7954","7150","3977"
"2023-10-11","7.48","249331270","249331270","3335","74762","6670","37381"
"2023-10-10","-0.16","21047015","21047015","3103","6774","6205","3387"
"2023-10-09","0","3789815","3789815","3108","1220","6215","610"
"2023-10-06","0","1646975","1646975","3108","530","6215","265"
"2023-10-05","0","20402975","20402975","3108","6566","6215","3283"
"2023-10-04","2.64","66186500","66186500","3108","21858","6215","10929"
"2023-10-03","-2.32","107963800","107963800","3028","35434","6055","17717"
"2023-10-02","0","1779125","1779125","3100","574","6200","287"
"2023-09-28","1.64","28451225","28451225","3100","9220","6200","4610"
"2023-09-26","-0.81","6578360","6578360","3050","2148","6100","1074"
"2023-09-25","0","38783350","38783350","3075","12678","6150","6339"
"2023-09-22","0","9414525","9414525","3075","3062","6150","1531"
"2023-09-21","0","4048255","4048255","3075","1318","6150","659"
"2023-09-20","-0.74","68497895","68497895","3075","22358","6150","11179"
"2023-09-19","-0.06","12217725","12217725","3098","3980","6195","1990"
"2023-09-18","0","58110090","58110090","3100","18890","6200","9445"
"2023-09-15","0","59023425","59023425","3100","19110","6200","9555"
"2023-09-14","-0.26","9088685","9088685","3100","2930","6200","1465"
"2023-09-13","0","17569905","17569905","3108","5664","6215","2832"
"2023-09-12","0.26","49104100","49104100","3108","15818","6215","7909"
"2023-09-11","0","67605055","67605055","3100","21822","6200","10911"
"2023-09-08","-0.26","42618160","42618160","3100","13726","6200","6863"
"2023-09-07","0.1","55563400","55563400","3108","18010","6215","9005"
"2023-09-06","0.16","9776245","9776245","3105","3192","6210","1596"
"2023-09-05","0","1601360","1601360","3100","516","6200","258"
"2023-09-04","0","9816135","9816135","3100","3166","6200","1583"
"2023-09-01","0","6982470","6982470","3100","2272","6200","1136"
"2023-08-31","0.98","36059300","36059300","3100","11632","6200","5816"
"2023-08-30","0","3019570","3019570","3070","984","6140","492"
"2023-08-29","-0.97","33826305","33826305","3070","11080","6140","5540"
"2023-08-28","0","13861620","13861620","3100","4524","6200","2262"
"2023-08-25","0","492725","492725","3100","160","6200","80"
"2023-08-24","-0.26","332757360","332757360","3100","107340","6200","53670"
"2023-08-23","0","24112260","24112260","3108","7804","6215","3902"
"2023-08-22","1.07","27775225","27775225","3108","8960","6215","4480"
"2023-08-21","0","8716935","8716935","3075","2850","6150","1425"
"2023-08-18","0","418200","418200","3075","136","6150","68"
"2023-08-17","1.82","19865295","19865295","3075","6570","6150","3285"
"2023-08-16","-0.1","3044640","3044640","3020","1012","6040","506"
"2023-08-14","-1.69","1197825","1197825","3023","394","6045","197"
"2023-08-11","0.82","18628550","18628550","3075","6080","6150","3040"
"2023-08-10","-1.61","3430565","3430565","3050","1124","6100","562"
"2023-08-09","0","2436600","2436600","3100","786","6200","393"
"2023-08-08","-0.26","41800645","41800645","3100","13686","6200","6843"
"2023-08-04","0","7830790","7830790","3108","2536","6215","1268"
"2023-08-03","-1.96","4391655","4391655","3108","1432","6215","716"
"2023-08-02","-1.71","6821440","6821440","3170","2268","6340","1134"
"2023-08-01","7.5","8337300","8337300","3225","2734","6450","1367"
"2023-07-31","1.18","11224050","11224050","3000","3788","6000","1894"
"2023-07-28","0.07","15377195","15377195","2965","5184","5930","2592"
"2023-07-27","0.51","12693925","12693925","2963","4306","5925","2153"
"2023-07-26","-1.4","340230","340230","2948","116","5895","58"
"2023-07-25","4.73","2910325","2910325","2990","998","5980","499"
"2023-07-24","0.25","13155490","13155490","2855","4610","5710","2305"
"2023-07-21","0","3546645","3546645","2848","1248","5695","624"
"2023-07-20","-0.07","1926360","1926360","2848","678","5695","339"
"2023-07-19","-0.63","18771320","18771320","2850","6620","5700","3310"
"2023-07-18","2.43","5095910","5095910","2868","1824","5735","912"
"2023-07-17","0.07","24340650","24340650","2800","8768","5600","4384"
"2023-07-14","-0.07","6569645","6569645","2798","2352","5595","1176"
"2023-07-13","-0.11","1828145","1828145","2800","654","5600","327"
"2023-07-12","0.11","5608450","5608450","2803","2008","5605","1004"
"2023-07-11","0","23434040","23434040","2800","8406","5600","4203"
"2023-07-10","0","16198945","16198945","2800","5830","5600","2915"
"2023-07-07","0","6009550","6009550","2800","2142","5600","1071"
"2023-07-06","-1.51","1464645","1464645","2800","516","5600","258"
"2023-07-05","3.38","9159910","9159910","2843","3294","5685","1647"
"2023-07-04","-1.79","8819885","8819885","2750","3176","5500","1588"
"2023-07-03","-1.75","19068670","19068670","2800","6852","5600","3426"
"2023-06-30","0","8315000","8315000","2850","3000","5700","1500"
"2023-06-29","2.7","7756120","7756120","2850","2818","5700","1409"
"2023-06-27","1.83","5260545","5260545","2775","1896","5550","948"
"2023-06-26","-0.91","19565700","19565700","2725","7280","5450","3640"
"2023-06-23","0","12523240","12523240","2750","4606","5500","2303"
"2023-06-22","0.92","13629930","13629930","2750","4998","5500","2499"
"2023-06-21","1.87","13477170","13477170","2725","4998","5450","2499"
"2023-06-20","-0.85","27720120","27720120","2675","10338","5350","5169"
"2023-06-19","-0.07","5866170","5866170","2698","2178","5395","1089"
"2023-06-16","1.58","16810650","16810650","2700","6264","5400","3132"
"2023-06-15","0","535466040","535466040","2658","201514","5315","100757"
"2023-06-14","2.23","13280605","13280605","2658","5032","5315","2516"
"2023-06-13","0.97","85608515","85608515","2600","33488","5200","16744"
"2023-06-12","0","38151505","38151505","2575","9110","5150","4555"
"2023-06-09","0.98","19497805","19497805","2575","7610","5150","3805"
"2023-06-08","0.99","23630745","23630745","2550","9312","5100","4656"
"2023-06-07","0.2","8875945","8875945","2525","3518","5050","1759"
"2023-06-06","-0.12","18052585","18052585","2520","7334","5040","3667"
"2023-06-05","0","16547885","16547885","2523","6742","5045","3371"
"2023-06-02","1","4670655","4670655","2523","1874","5045","937"
"2023-06-01","0","14673350","14673350","2498","5942","4995","2971"
"2023-05-31","1.13","3709695","3709695","2498","1512","4995","756"
"2023-05-30","2.92","26224500","26224500","2470","10918","4940","5459"
"2023-05-26","-1.96","11837755","11837755","2400","4884","4800","2442"
"2023-05-25","-2","12663485","12663485","2448","5222","4895","2611"
"2023-05-24","0.93","22065220","22065220","2498","8920","4995","4460"
"2023-05-23","1.02","30635570","30635570","2475","12658","4950","6329"
"2023-05-22","0","44819275","44819275","2450","18484","4900","9242"
"2023-05-19","0","11031190","11031190","2450","4508","4900","2254"
"2023-05-17","-0.93","30695000","30695000","2450","12668","4900","6334"
"2023-05-16","2.06","46250405","46250405","2473","19064","4945","9532"
"2023-05-15","0.41","22672980","22672980","2423","9432","4845","4716"
"2023-05-12","-0.41","59340005","59340005","2413","24540","4825","12270"
"2023-05-11","1.17","18999510","18999510","2423","7924","4845","3962"
"2023-05-10","-0.13","39807640","39807640","2395","16634","4790","8317"
"2023-05-09","-0.08","90526570","90526570","2398","37792","4795","18896"
"2023-05-08","0.08","52161970","52161970","2400","22206","4800","11103"
"2023-05-05","-0.08","49129640","49129640","2398","20824","4795","10412"
"2023-05-04","-0.74","118906780","118906780","2400","49916","4800","24958"
"2023-05-03","-0.08","20244975","20244975","2418","8358","4835","4179"
"2023-05-02","-3.2","18528440","18528440","2420","7690","4840","3845"
"2023-04-28","3.09","10865965","10865965","2500","4386","5000","2193"
"2023-04-27","5.66","65234555","65234555","2425","28178","4850","14089"
"2023-04-26","-9.93","26169065","26169065","2295","11980","4590","5990"
"2023-04-25","-1.05","30655730","30655730","2548","12020","5095","6010"
"2023-04-24","0","16322040","16322040","2575","6348","5150","3174"
"2023-04-20","-1.45","19331090","19331090","2575","7500","5150","3750"
"2023-04-19","0.5","108438165","108438165","2613","42084","5225","21042"
"2023-04-17","0.97","53452450","53452450","2600","20750","5200","10375"
"2023-04-14","0","39541700","39541700","2575","15356","5150","7678"
"2023-04-13","0","67020685","67020685","2575","26088","5150","13044"
"2023-04-12","-0.96","73402525","73402525","2575","28332","5150","14166"
"2023-04-11","0","6264450","6264450","2600","2408","5200","1204"
"2023-04-07","0","6057645","6057645","2600","2330","5200","1165"
"2023-04-06","0.19","9869855","9869855","2600","3782","5200","1891"
"2023-04-05","0","6979240","6979240","2595","2720","5190","1360"
"2023-04-04","1.76","19622145","19622145","2595","7596","5190","3798"
"2023-04-03","-0.97","7735790","7735790","2550","3032","5100","1516"
"2023-03-31","1.18","4247285","4247285","2575","1660","5150","830"
"2023-03-30","-0.31","14236990","14236990","2545","5578","5090","2789"
"2023-03-29","0.12","6678750","6678750","2553","2602","5105","1301"
"2023-03-28","-1.92","3831615","3831615","2550","1498","5100","749"
"2023-03-27","0","2865300","2865300","2600","1108","5200","554"
"2023-03-24","2.97","29729970","29729970","2600","11774","5200","5887"
"2023-03-23","1","11724145","11724145","2525","4660","5050","2330"
"2023-03-22","-1.88","25639020","25639020","2500","10222","5000","5111"
"2023-03-21","0.2","27921655","27921655","2548","11076","5095","5538"
"2023-03-20","-0.59","69730585","69730585","2543","27354","5085","13677"
"2023-03-17","0.39","44306925","44306925","2558","17484","5115","8742"
"2023-03-16","-0.39","24977710","24977710","2548","9802","5095","4901"
"2023-03-15","0.59","22467335","22467335","2558","8750","5115","4375"
"2023-03-14","-2.19","59125785","59125785","2543","23004","5085","11502"
"2023-03-13","5.14","76983665","76983665","2600","29186","5200","14593"
"2023-03-10","7.52","28409025","28409025","2473","11490","4945","5745"
"2023-03-09","1.32","4459940","4459940","2300","1956","4600","978"
"2023-03-08","-0.35","13439060","13439060","2270","5916","4540","2958"
"2023-03-07","7.45","14240435","14240435","2278","6406","4555","3203"
"2023-03-06","-0.24","8783235","8783235","2120","4144","4240","2072"
"2023-03-03","0","5140250","5140250","2125","2426","4250","1213"
"2023-03-02","0","941830","941830","2125","444","4250","222"
"2023-03-01","0","779835","779835","2125","368","4250","184"
"2023-02-28","-0.38","14121540","14121540","2125","6646","4250","3323"
"2023-02-27","-0.23","4369035","4369035","2133","2054","4265","1027"
"2023-02-24","-0.56","825715","825715","2138","386","4275","193"
"2023-02-23","-2.05","2568020","2568020","2150","1196","4300","598"
"2023-02-22","0.09","113822405","113822405","2195","52034","4390","26017"
"2023-02-21","-0.09","798440","798440","2193","364","4385","182"
"2023-02-20","-2.36","4431810","4431810","2195","2084","4390","1042"
"2023-02-17","-0.09","34419385","34419385","2248","15976","4495","7988"
"2023-02-16","2.51","22735130","22735130","2250","10358","4500","5179"
"2023-02-15","-0.45","4099545","4099545","2195","1860","4390","930"
"2023-02-14","4.11","12608150","12608150","2205","5922","4410","2961"
"2023-02-13","2.17","13789525","13789525","2118","6612","4235","3306"
"2023-02-10","2.37","8416185","8416185","2073","4156","4145","2078"
"2023-02-09","1.25","2435815","2435815","2025","1210","4050","605"
"2023-02-08","0.35","10916000","10916000","2000","5458","4000","2729"
"2023-02-07","0","32418130","32418130","1993","16270","3985","8135"
"2023-02-06","0","7130590","7130590","1993","3582","3985","1791"
"2023-02-03","0.15","4089260","4089260","1993","2054","3985","1027"
"2023-02-02","-0.25","9859710","9859710","1990","4976","3980","2488"
"2023-02-01","-0.15","1810675","1810675","1995","914","3990","457"
"2023-01-31","0","2923660","2923660","1998","1478","3995","739"
"2023-01-30","0","771095","771095","1998","390","3995","195"
"2023-01-27","0.15","27333405","27333405","1998","14018","3995","7009"
"2023-01-26","2.31","10171345","10171345","1995","5270","3990","2635"
"2023-01-25","0","6772500","6772500","1950","3504","3900","1752"
"2023-01-24","-2.4","5927520","5927520","1950","3040","3900","1520"
"2023-01-23","-0.1","2903320","2903320","1998","1458","3995","729"
"2023-01-20","2.67","19047230","19047230","2000","9770","4000","4885"
"2023-01-19","0.93","6029230","6029230","1948","3122","3895","1561"
"2023-01-18","0.1","4743055","4743055","1930","2462","3860","1231"
"2023-01-17","-0.1","3496735","3496735","1928","1822","3855","911"
"2023-01-16","0.1","2441005","2441005","1930","1268","3860","634"
"2023-01-13","-0.1","910105","910105","1928","472","3855","236"
"2023-01-12","0","2887665","2887665","1930","1494","3860","747"
"2023-01-11","-0.16","1805700","1805700","1930","942","3860","471"
"2023-01-10","2.38","1229015","1229015","1933","640","3865","320"
"2023-01-09","-2.58","3835695","3835695","1888","2004","3775","1002"
"2023-01-06","3.36","8302615","8302615","1938","4412","3875","2206"
"2023-01-05","1.08","1594680","1594680","1875","844","3750","422"
"2023-01-04","-5.84","3905035","3905035","1855","2012","3710","1006"
"2023-01-03","6.49","13229205","13229205","1970","7036","3940","3518"
"2023-01-02","0","2941100","2941100","1850","1590","3700","795"
"2022-12-30","-1.75","8823305","8823305","1850","4722","3700","2361"
"2022-12-29","-0.26","2740025","2740025","1883","1462","3765","731"
"2022-12-28","2.05","21624795","21624795","1888","11462","3775","5731"
"2022-12-27","-1.07","38593515","38593515","1850","21782","3700","10891"
"2022-12-23","0","11110240","11110240","1870","6278","3740","3139"
"2022-12-22","-0.95","30750985","30750985","1870","17034","3740","8517"
"2022-12-21","0","2743625","2743625","1888","1452","3775","726"
"2022-12-20","0.27","18439250","18439250","1888","10112","3775","5056"
"2022-12-19","0.16","18901390","18901390","1883","10036","3765","5018"
"2022-12-16","1.73","23058190","23058190","1880","12384","3760","6192"
"2022-12-15","-0.11","4352845","4352845","1848","2354","3695","1177"
"2022-12-14","0","15239420","15239420","1850","8330","3700","4165"
"2022-12-13","0.27","24422145","24422145","1850","13222","3700","6611"
"2022-12-12","1.21","22477370","22477370","1845","12314","3690","6157"
"2022-12-09","1.28","12635530","12635530","1823","6996","3645","3498"
"2022-12-08","-2.6","3611175","3611175","1800","1990","3600","995"
"2022-12-07","-0.11","5891540","5891540","1848","3258","3695","1629"
"2022-12-06","0","21017605","21017605","1850","11650","3700","5825"
"2022-12-05","1.2","4172300","4172300","1850","2256","3700","1128"
"2022-12-02","-1.19","30681180","30681180","1828","17044","3655","8522"
"2022-12-01","0","24254800","24254800","1850","13208","3700","6604"
"2022-11-30","2.78","27102940","27102940","1850","14916","3700","7458"
"2022-11-29","0.67","8359895","8359895","1800","4648","3600","2324"
"2022-11-28","0","42931300","42931300","1788","24574","3575","12287"
"2022-11-25","0","30335570","30335570","1788","17214","3575","8607"
"2022-11-24","0","69854765","69854765","1788","39464","3575","19732"
"2022-11-23","0","48070845","48070845","1788","26938","3575","13469"
"2022-11-22","0.73","84137940","84137940","1788","47642","3575","23821"
"2022-11-21","-4.05","6188250","6188250","1775","3418","3550","1709"
"2022-11-18","-1.33","55701390","55701390","1850","31186","3700","15593"
"2022-11-17","0","44799550","44799550","1875","23908","3750","11954"
"2022-11-16","-3.85","28667350","28667350","1875","14974","3750","7487"
"2022-11-14","0","908700","908700","1950","466","3900","233"
"2022-11-11","0","11692180","11692180","1950","5996","3900","2998"
"2022-11-10","-4.88","35552880","35552880","1950","18060","3900","9030"
"2022-11-09","0.1","4819445","4819445","2050","2370","4100","1185"
"2022-11-08","-1.3","54594815","54594815","2048","27928","4095","13964"
"2022-11-07","0","2490000","2490000","2075","1200","4150","600"
"2022-11-04","-1.1","40034220","40034220","2075","19376","4150","9688"
"2022-11-03","-0.1","3331440","3331440","2098","1588","4195","794"
"2022-11-02","0","7467755","7467755","2100","3566","4200","1783"
"2022-10-31","0.1","457800","457800","2100","218","4200","109"
"2022-10-28","-4.64","35795640","35795640","2098","16964","4195","8482"
"2022-10-27","-1.12","24803460","24803460","2200","11724","4400","5862"
"2022-10-26","-0.89","48686640","48686640","2225","22870","4450","11435"
"2022-10-25","2.05","1333355","1333355","2245","594","4490","297"
"2022-10-24","2.42","5678300","5678300","2200","2640","4400","1320"
"2022-10-21","0","17231490","17231490","2148","8024","4295","4012"
"2022-10-20","0","13010225","13010225","2148","6060","4295","3030"
"2022-10-19","-0.09","66377060","66377060","2148","31980","4295","15990"
"2022-10-18","0","10641950","10641950","2150","5060","4300","2530"
"2022-10-17","-1.06","1331765","1331765","2150","618","4300","309"
"2022-10-14","-0.09","2100650","2100650","2173","966","4345","483"
"2022-10-13","0","6934720","6934720","2175","3206","4350","1603"
"2022-10-12","-1.14","2421570","2421570","2175","1112","4350","556"
"2022-10-11","0","4842750","4842750","2200","2206","4400","1103"
"2022-10-10","0","3258675","3258675","2200","1482","4400","741"
"2022-10-07","2.18","374000","374000","2200","170","4400","85"
"2022-10-06","-2.14","9193280","9193280","2153","4256","4305","2128"
"2022-10-05","-2.22","2116050","2116050","2200","958","4400","479"
"2022-10-04","0","25287510","25287510","2250","11250","4500","5625"
"2022-10-03","0.09","5199795","5199795","2250","2312","4500","1156"
"2022-09-30","-0.09","2634025","2634025","2248","1172","4495","586"
"2022-09-29","-1.1","6506775","6506775","2250","2888","4500","1444"
"2022-09-28","-3.19","28236400","28236400","2275","12356","4550","6178"
"2022-09-27","-3.61","15519170","15519170","2350","6604","4700","3302"
"2022-09-26","-0.41","77808455","77808455","2438","34182","4875","17091"
"2022-09-23","0.33","3298290","3298290","2448","1358","4895","679"
"2022-09-22","0.62","380500","380500","2440","158","4880","79"
"2022-09-21","5.43","158937845","158937845","2425","73632","4850","36816"
"2022-09-20","0","30982520","30982520","2300","13248","4600","6624"
"2022-09-19","0","18836360","18836360","2300","8192","4600","4096"
"2022-09-16","5.84","51367890","51367890","2300","23104","4600","11552"
"2022-09-15","-0.46","14342455","14342455","2173","6810","4345","3405"
"2022-09-14","1.53","140389480","140389480","2183","65390","4365","32695"
"2022-09-13","0.23","2414415","2414415","2150","1124","4300","562"
"2022-09-12","-0.23","1908800","1908800","2145","890","4290","445"
"2022-09-09","2.38","4638045","4638045","2150","2258","4300","1129"
"2022-09-08","-2.55","5451035","5451035","2100","2532","4200","1266"
"2022-09-07","-1.28","2491165","2491165","2155","1152","4310","576"
"2022-09-06","0","2679910","2679910","2183","1228","4365","614"
"2022-09-05","-0.77","4181370","4181370","2183","1912","4365","956"
"2022-09-02","0","2329135","2329135","2200","1056","4400","528"
"2022-09-01","-3.08","4511880","4511880","2200","2050","4400","1025"
"2022-08-31","0.89","8813850","8813850","2270","3996","4540","1998"
"2022-08-30","-1.96","2097225","2097225","2250","958","4500","479"
"2022-08-29","0.09","1605920","1605920","2295","716","4590","358"
"2022-08-26","-0.09","9037045","9037045","2293","4056","4585","2028"
"2022-08-25","3.15","77504460","77504460","2295","35702","4590","17851"
"2022-08-24","-1.11","10174325","10174325","2225","4574","4450","2287"
"2022-08-23","-2.17","1539150","1539150","2250","684","4500","342"
"2022-08-22","0","8913100","8913100","2300","3996","4600","1998"
"2022-08-19","-2.13","1568350","1568350","2300","682","4600","341"
"2022-08-18","2.17","31799250","31799250","2350","14094","4700","7047"
"2022-08-17","-2.13","743800","743800","2300","320","4600","160"
"2022-08-16","0","2034590","2034590","2350","868","4700","434"
"2022-08-12","0","921100","921100","2350","396","4700","198"
"2022-08-11","0","9315300","9315300","2350","3964","4700","1982"
"2022-08-10","-0.13","10139965","10139965","2350","4308","4700","2154"
"2022-08-09","-0.93","4593410","4593410","2353","1942","4705","971"
"2022-08-05","-0.75","8015350","8015350","2375","3368","4750","1684"
"2022-08-04","-2.72","552165","552165","2393","230","4785","115"
"2022-08-03","0","6142385","6142385","2460","2552","4920","1276"
"2022-08-02","0","5693335","5693335","2460","2316","4920","1158"
"2022-08-01","0","2309795","2309795","2460","948","4920","474"
"2022-07-29","-3.26","9543570","9543570","2460","3844","4920","1922"
"2022-07-27","1.72","271970","271970","2543","108","5085","54"
"2022-07-26","-0.99","20168760","20168760","2500","7978","5000","3989"
"2022-07-25","-0.79","1126455","1126455","2525","446","5050","223"
"2022-07-22","-0.12","1050495","1050495","2545","420","5090","210"
"2022-07-21","0.91","1435145","1435145","2548","570","5095","285"
"2022-07-20","1","1286000","1286000","2525","514","5050","257"
"2022-07-19","0.89","451375","451375","2500","182","5000","91"
"2022-07-18","0","2545720","2545720","2478","1028","4955","514"
"2022-07-15","0.12","163470","163470","2478","66","4955","33"
"2022-07-14","0","19010435","19010435","2475","7680","4950","3840"
"2022-07-13","0.9","5155140","5155140","2475","2064","4950","1032"
"2022-07-12","-1.88","725500","725500","2453","294","4905","147"
"2022-07-11","0","390840","390840","2500","158","5000","79"
"2022-07-08","0","347995","347995","2500","142","5000","71"
"2022-07-07","2.04","1050000","1050000","2500","406","5000","203"
"2022-07-06","0.7","1340555","1340555","2450","546","4900","273"
"2022-07-05","-2.68","1034060","1034060","2433","416","4865","208"
"2022-07-04","-3.4","5396950","5396950","2500","2166","5000","1083"
"2022-07-01","0.5","4596805","4596805","2588","1872","5175","936"
"2022-06-30","3","467600","467600","2575","182","5150","91"
"2022-06-29","-1.96","8786780","8786780","2500","3490","5000","1745"
"2022-06-28","0","5140800","5140800","2550","2016","5100","1008"
"2022-06-27","-1.92","3085200","3085200","2550","1214","5100","607"
"2022-06-24","6.34","1163300","1163300","2600","462","5200","231"
"2022-06-23","-5.96","90500","90500","2445","36","4890","18"
"2022-06-22","0","322400","322400","2600","124","5200","62"
"2022-06-21","0","1163240","1163240","2600","468","5200","234"
"2022-06-20","0","3314390","3314390","2600","1276","5200","638"
"2022-06-17","0","275500","275500","2600","106","5200","53"
"2022-06-16","0","3001000","3001000","2600","1160","5200","580"
"2022-06-15","0","1677620","1677620","2600","648","5200","324"
"2022-06-14","0","748800","748800","2600","288","5200","144"
"2022-06-13","2.97","1029300","1029300","2600","400","5200","200"
"2022-06-10","0","1434390","1434390","2525","570","5050","285"
"2022-06-09","0","609550","609550","2525","242","5050","121"
"2022-06-08","-2.88","1025200","1025200","2525","406","5050","203"
"2022-06-07","1.96","1438400","1438400","2600","564","5200","282"
"2022-06-03","-1.92","1082500","1082500","2550","420","5100","210"
"2022-06-02","0","6777455","6777455","2600","2616","5200","1308"
"2022-06-01","2.97","39200025","39200025","2600","15674","5200","7837"
"2022-05-31","-2.88","2188050","2188050","2525","866","5050","433"
"2022-05-30","5.14","12227060","12227060","2600","4890","5200","2445"
"2022-05-27","5.68","10826085","10826085","2473","4600","4945","2300"
"2022-05-25","0","1306790","1306790","2340","558","4680","279"
"2022-05-24","-5.26","1050680","1050680","2340","442","4680","221"
"2022-05-23","0.28","1974235","1974235","2470","804","4940","402"
"2022-05-20","-0.4","152705","152705","2463","62","4925","31"
"2022-05-19","0","524430","524430","2473","212","4945","106"
"2022-05-18","-0.08","4341520","4341520","2473","1754","4945","877"
"2022-05-17","-1","1104900","1104900","2475","446","4950","223"
"2022-05-16","-3.77","2950980","2950980","2500","1180","5000","590"
"2022-05-13","4","1578440","1578440","2598","628","5195","314"
"2022-05-12","0.93","5656950","5656950","2498","2282","4995","1141"
"2022-05-11","-1","1127950","1127950","2475","452","4950","226"
"2022-05-10","-3.4","601930","601930","2500","238","5000","119"
"2022-05-09","0","207100","207100","2588","80","5175","40"
"2022-05-06","2.5","836715","836715","2588","328","5175","164"
"2022-05-05","-2.88","1794725","1794725","2525","692","5050","346"
"2022-05-04","-0.31","1118600","1118600","2600","436","5200","218"
"2022-05-03","-1.4","2928835","2928835","2608","1126","5215","563"
"2022-04-29","-0.11","690510","690510","2645","262","5290","131"
"2022-04-27","-1.49","18839520","18839520","2648","7192","5295","3596"
"2022-04-26","-1.36","2531840","2531840","2688","978","5375","489"
"2022-04-25","1.11","2779140","2779140","2725","1032","5450","516"
"2022-04-22","0","1266440","1266440","2695","472","5390","236"
"2022-04-21","-0.19","3720225","3720225","2695","1380","5390","690"
"2022-04-20","-1.46","4883600","4883600","2700","1808","5400","904"
"2022-04-19","0","547575","547575","2740","200","5480","100"
"2022-04-15","0","1138165","1138165","2740","420","5480","210"
"2022-04-14","0.37","5595080","5595080","2740","2042","5480","1021"
"2022-04-13","-0.73","3694405","3694405","2730","1350","5460","675"
"2022-04-12","0","1898385","1898385","2750","692","5500","346"
"2022-04-11","-1.72","31661005","31661005","2750","11508","5500","5754"
"2022-04-08","-0.07","1102215","1102215","2798","394","5595","197"
"2022-04-07","0","778400","778400","2800","278","5600","139"
"2022-04-06","-1.75","84000","84000","2800","30","5600","15"
"2022-04-05","1.79","4522900","4522900","2850","1600","5700","800"
"2022-04-04","0","3445900","3445900","2800","1232","5600","616"
"2022-04-01","3.78","468275","468275","2800","172","5600","86"
"2022-03-31","-6.97","39198910","39198910","2698","14516","5395","7258"
"2022-03-30","5.84","51461010","51461010","2900","18798","5800","9399"
"2022-03-29","-0.29","483365","483365","2740","176","5480","88"
"2022-03-28","0.66","18495515","18495515","2748","6736","5495","3368"
"2022-03-25","-0.66","6806435","6806435","2730","2490","5460","1245"
"2022-03-24","0.84","2796895","2796895","2748","1026","5495","513"
"2022-03-23","-2.68","7632730","7632730","2725","2794","5450","1397"
"2022-03-22","2.75","8682110","8682110","2800","3184","5600","1592"
"2022-03-21","0.93","1013300","1013300","2725","374","5450","187"
"2022-03-18","-1.82","8501485","8501485","2700","3142","5400","1571"
"2022-03-17","2.04","2786270","2786270","2750","1032","5500","516"
"2022-03-16","0","7043300","7043300","2695","2670","5390","1335"
"2022-03-15","-6.26","156436435","156436435","2695","57930","5390","28965"
"2022-03-14","-0.79","14009360","14009360","2875","5144","5750","2572"
"2022-03-11","5.77","31195370","31195370","2898","11344","5795","5672"
"2022-03-10","-1.26","9994705","9994705","2740","3644","5480","1822"
"2022-03-09","-2.46","24079635","24079635","2775","8800","5550","4400"
"2022-03-08","1.61","1977810","1977810","2845","718","5690","359"
"2022-03-07","0.79","2399770","2399770","2800","872","5600","436"
"2022-03-04","-2.53","1747490","1747490","2778","628","5555","314"
"2022-03-03","3.64","22807960","22807960","2850","8272","5700","4136"
"2022-03-02","0.44","2468815","2468815","2750","902","5500","451"
"2022-03-01","0.18","7050485","7050485","2738","2570","5475","1285"
"2022-02-28","1.22","77543575","77543575","2733","28710","5465","14355"
"2022-02-25","0","1717200","1717200","2700","636","5400","318"
"2022-02-24","0","6870625","6870625","2700","2556","5400","1278"
"2022-02-23","0","772200","772200","2700","286","5400","143"
"2022-02-22","-1.64","3662825","3662825","2700","1340","5400","670"
"2022-02-21","-0.11","17080270","17080270","2745","6222","5490","3111"
"2022-02-18","0","274750","274750","2748","100","5495","50"
"2022-02-17","5.69","9728595","9728595","2748","3742","5495","1871"
"2022-02-16","0","29887600","29887600","2600","11500","5200","5750"
"2022-02-15","0","6608085","6608085","2600","2552","5200","1276"
"2022-02-14","-2","4502960","4502960","2600","1720","5200","860"
"2022-02-11","1.07","27900625","27900625","2653","10660","5305","5330"
"2022-02-10","-0.94","10333165","10333165","2625","3860","5250","1930"
"2022-02-09","-1.85","3895850","3895850","2650","1470","5300","735"
"2022-02-08","0","2370600","2370600","2700","878","5400","439"
"2022-02-07","0","737250","737250","2700","272","5400","136"
"2022-02-04","0","2254940","2254940","2700","834","5400","417"
"2022-02-03","0","4930200","4930200","2700","1826","5400","913"
"2022-02-02","-0.55","3103150","3103150","2700","1146","5400","573"
"2022-02-01","-3.04","266070","266070","2715","98","5430","49"
"2022-01-31","3.13","4531680","4531680","2800","1652","5600","826"
"2022-01-28","-1.2","571500","571500","2715","210","5430","105"
"2022-01-27","0","1083950","1083950","2748","398","5495","199"
"2022-01-26","-0.07","1725465","1725465","2748","630","5495","315"
"2022-01-25","0.92","4880750","4880750","2750","1790","5500","895"
"2022-01-24","0","584550","584550","2725","222","5450","111"
"2022-01-21","-0.91","2274400","2274400","2725","844","5450","422"
"2022-01-20","0.07","368460","368460","2750","134","5500","67"
"2022-01-19","1.4","2406160","2406160","2748","890","5495","445"
"2022-01-18","-0.18","5612540","5612540","2710","2068","5420","1034"
"2022-01-17","-0.29","2783360","2783360","2715","1024","5430","512"
"2022-01-14","0","2145330","2145330","2723","788","5445","394"
"2022-01-13","-0.98","477460","477460","2723","176","5445","88"
"2022-01-12","-5.01","3535245","3535245","2750","1310","5500","655"
"2022-01-11","6.24","2454665","2454665","2895","890","5790","445"
"2022-01-10","-0.84","348665","348665","2725","128","5450","64"
"2022-01-07","-0.07","3328225","3328225","2748","1248","5495","624"
"2022-01-06","-6.72","1783700","1783700","2750","634","5500","317"
"2022-01-05","-0.07","129555","129555","2948","44","5895","22"
"2022-01-04","-1.6","1885625","1885625","2950","636","5900","318"
"2022-01-03","2.39","33329915","33329915","2998","11164","5995","5582"
"2021-12-31","-2.33","8041425","8041425","2928","2750","5855","1375"
"2021-12-30","7.26","47579280","47579280","2998","16774","5995","8387"
"2021-12-29","-6.83","1890455","1890455","2795","672","5590","336"
"2021-12-28","-3.23","401870","401870","3000","134","6000","67"
"2021-12-27","-7.46","37200","37200","3100","12","6200","6"
"2021-12-23","5.51","28280645","28280645","3350","8530","6700","4265"
"2021-12-22","7.45","33708580","33708580","3175","10738","6350","5369"
"2021-12-21","0.17","19804410","19804410","2955","6702","5910","3351"
"2021-12-20","7.27","24241000","24241000","2950","8280","5900","4140"
"2021-12-17","-3.44","1423925","1423925","2750","534","5500","267"
"2021-12-16","7.47","49881240","49881240","2848","17544","5695","8772"
"2021-12-15","3.8","3205740","3205740","2650","1210","5300","605"
"2021-12-14","-3.66","2566600","2566600","2553","974","5105","487"
"2021-12-13","-2.57","11711400","11711400","2650","4376","5300","2188"
"2021-12-10","2.53","8988455","8988455","2720","3376","5440","1688"
"2021-12-09","-1.67","6446355","6446355","2653","2392","5305","1196"
"2021-12-08","-0.99","6830000","6830000","2698","2530","5395","1265"
"2021-12-07","0.18","7704715","7704715","2725","2848","5450","1424"
"2021-12-06","-0.11","1403510","1403510","2720","516","5440","258"
"2021-12-03","0.11","48775665","48775665","2723","17916","5445","8958"
"2021-12-02","-0.11","3720000","3720000","2720","1378","5440","689"
"2021-12-01","-0.07","3345980","3345980","2723","1228","5445","614"
"2021-11-30","0","4205825","4205825","2725","1550","5450","775"
"2021-11-29","-0.91","5895100","5895100","2725","2166","5450","1083"
"2021-11-26","0","6946500","6946500","2750","2526","5500","1263"
"2021-11-25","0","27448805","27448805","2750","9984","5500","4992"
"2021-11-24","0","22308395","22308395","2750","8118","5500","4059"
"2021-11-23","-2.31","6759695","6759695","2750","2460","5500","1230"
"2021-11-22","0.79","3062755","3062755","2815","1112","5630","556"
"2021-11-19","7.42","3989315","3989315","2793","1510","5585","755"
"2021-11-18","5.05","22219200","22219200","2600","8954","5200","4477"
"2021-11-17","1.02","1875330","1875330","2475","762","4950","381"
"2021-11-16","-1.01","29473580","29473580","2450","11916","4900","5958"
"2021-11-12","0","7833370","7833370","2475","3164","4950","1582"
"2021-11-11","0","21925150","21925150","2475","8860","4950","4430"
"2021-11-10","1.02","4006725","4006725","2475","1634","4950","817"
"2021-11-09","0","48985400","48985400","2450","19994","4900","9997"
"2021-11-08","0","58621595","58621595","2450","23940","4900","11970"
"2021-11-05","1.45","955360","955360","2450","392","4900","196"
"2021-11-04","0.08","3135745","3135745","2415","1282","4830","641"
"2021-11-03","2.68","26150070","26150070","2413","10680","4825","5340"
"2021-10-29","-3.09","94903480","94903480","2350","40356","4700","20178"
"2021-10-28","-1.02","18311690","18311690","2425","7496","4850","3748"
"2021-10-27","6.06","69401280","69401280","2450","28610","4900","14305"
"2021-10-26","-2.74","12665180","12665180","2310","5260","4620","2630"
"2021-10-25","-1.04","11053000","11053000","2375","4556","4750","2278"
"2021-10-22","-1.03","1045000","1045000","2400","434","4800","217"
"2021-10-21","-1.02","8998585","8998585","2425","3710","4850","1855"
"2021-10-20","5.83","1415800","1415800","2450","582","4900","291"
"2021-10-19","-4.54","6128400","6128400","2315","2562","4630","1281"
"2021-10-15","-1.02","3205150","3205150","2425","1328","4850","664"
"2021-10-14","0","2257850","2257850","2450","924","4900","462"
"2021-10-13","1.03","14531570","14531570","2450","5976","4900","2988"
"2021-10-12","0","3717220","3717220","2425","1536","4850","768"
"2021-10-11","-0.12","1167900","1167900","2425","482","4850","241"
"2021-10-08","1.17","1603650","1603650","2428","660","4855","330"
"2021-10-07","-2.04","3633890","3633890","2400","1498","4800","749"
"2021-10-06","0.91","22815965","22815965","2450","9332","4900","4666"
"2021-10-05","0.12","2804600","2804600","2428","1154","4855","577"
"2021-10-04","-0.12","1954760","1954760","2425","806","4850","403"
"2021-10-01","-6.62","2570495","2570495","2428","1048","4855","524"
"2021-09-30","7","20550600","20550600","2600","8428","5200","4214"
"2021-09-29","0.21","10650500","10650500","2430","4384","4860","2192"
"2021-09-28","0","4955340","4955340","2425","2040","4850","1020"
"2021-09-27","-0.21","276450","276450","2425","114","4850","57"
"2021-09-24","2.32","66456120","66456120","2430","27738","4860","13869"
"2021-09-23","0","2893760","2893760","2375","1224","4750","612"
"2021-09-22","1.06","2664950","2664950","2375","1162","4750","581"
"2021-09-21","-1.05","10858935","10858935","2350","4618","4700","2309"
"2021-09-20","-0.75","5510460","5510460","2375","2316","4750","1158"
"2021-09-17","0","1387940","1387940","2393","586","4785","293"
"2021-09-16","-0.08","94895","94895","2393","40","4785","20"
"2021-09-15","-0.21","828825","828825","2395","350","4790","175"
"2021-09-14","4.35","4540250","4540250","2400","1956","4800","978"
"2021-09-13","0","3413210","3413210","2300","1488","4600","744"
"2021-09-10","0","1171400","1171400","2300","510","4600","255"
"2021-09-09","0.97","12190000","12190000","2300","5300","4600","2650"
"2021-09-08","-0.96","1411920","1411920","2278","616","4555","308"
"2021-09-07","-2.25","2613235","2613235","2300","1130","4600","565"
"2021-09-06","-0.3","682735","682735","2353","290","4705","145"
"2021-09-03","-1.58","123095","123095","2360","52","4720","26"
"2021-09-02","0","810490","810490","2398","344","4795","172"
"2021-09-01","-2.12","1217615","1217615","2398","508","4795","254"
"2021-08-31","2.3","2316080","2316080","2450","978","4900","489"
"2021-08-30","-0.21","4396120","4396120","2395","1876","4790","938"
"2021-08-27","6.67","4675940","4675940","2400","2016","4800","1008"
"2021-08-26","-2.17","4874000","4874000","2250","2166","4500","1083"
"2021-08-25","-4.17","1837880","1837880","2300","772","4600","386"
"2021-08-24","0.29","804300","804300","2400","332","4800","166"
"2021-08-23","7.41","3369595","3369595","2393","1520","4785","760"
"2021-08-20","0","10084325","10084325","2228","4566","4455","2283"
"2021-08-19","7.37","5450560","5450560","2228","2448","4455","1224"
"2021-08-18","6.52","23136320","23136320","2075","11562","4150","5781"
"2021-08-17","-0.1","155990","155990","1948","80","3895","40"
"2021-08-16","0","11704000","11704000","1950","5998","3900","2999"
"2021-08-13","0","585000","585000","1950","300","3900","150"
"2021-08-12","0.1","13551700","13551700","1950","6950","3900","3475"
"2021-08-11","2.36","611360","611360","1948","314","3895","157"
"2021-08-10","-1.14","5463255","5463255","1903","2828","3805","1414"
"2021-08-09","-1.18","2757055","2757055","1925","1418","3850","709"
"2021-08-06","-0.1","1503470","1503470","1948","772","3895","386"
"2021-08-05","0","1752635","1752635","1950","900","3900","450"
"2021-08-04","0.1","428630","428630","1950","220","3900","110"
"2021-08-03","5.13","1250620","1250620","1948","672","3895","336"
"2021-08-02","-4.97","21566730","21566730","1853","11062","3705","5531"
"2021-07-30","-2.5","1038815","1038815","1950","532","3900","266"
"2021-07-29","5.54","2551820","2551820","2000","1312","4000","656"
"2021-07-28","2.43","2351180","2351180","1895","1244","3790","622"
"2021-07-27","0","4889670","4889670","1850","2644","3700","1322"
"2021-07-26","0","802900","802900","1850","434","3700","217"
"2021-07-23","0","37000","37000","1850","20","3700","10"
"2021-07-22","2.78","1185855","1185855","1850","648","3700","324"
"2021-07-21","-2.7","774150","774150","1800","426","3600","213"
"2021-07-19","0","423940","423940","1850","230","3700","115"
"2021-07-16","0.11","1249550","1249550","1850","676","3700","338"
"2021-07-15","-0.11","843350","843350","1848","456","3695","228"
"2021-07-14","0","1343100","1343100","1850","726","3700","363"
"2021-07-13","0","1213605","1213605","1850","656","3700","328"
"2021-07-12","-2.37","703000","703000","1850","380","3700","190"
"2021-07-09","0","208410","208410","1895","110","3790","55"
"2021-07-08","0","379375","379375","1895","200","3790","100"
"2021-07-07","-0.16","258010","258010","1895","136","3790","68"
"2021-07-06","0","1316300","1316300","1898","700","3795","350"
"2021-07-05","0","456050","456050","1898","244","3795","122"
"2021-07-02","3.83","518700","518700","1898","280","3795","140"
"2021-07-01","-3.79","399880","399880","1828","218","3655","109"
"2021-06-30","2.7","3119000","3119000","1900","1650","3800","825"
"2021-06-29","2.78","23909150","23909150","1850","13248","3700","6624"
"2021-06-28","0.56","1851515","1851515","1800","1038","3600","519"
"2021-06-25","-0.56","1594500","1594500","1790","890","3580","445"
"2021-06-24","0","3259260","3259260","1800","1820","3600","910"
"2021-06-23","0","2185600","2185600","1800","1214","3600","607"
"2021-06-22","0.11","1070945","1070945","1800","602","3600","301"
"2021-06-21","0.45","643835","643835","1798","358","3595","179"
"2021-06-18","-0.56","2381620","2381620","1790","1328","3580","664"
"2021-06-17","0","4500095","4500095","1800","2498","3600","1249"
"2021-06-16","0","3585600","3585600","1800","1992","3600","996"
"2021-06-15","0","1475870","1475870","1800","818","3600","409"
"2021-06-14","-0.55","4105540","4105540","1800","2280","3600","1140"
"2021-06-11","-1.63","2293570","2293570","1810","1258","3620","629"
"2021-06-10","2.91","3055400","3055400","1840","1660","3680","830"
"2021-06-09","4.87","8234285","8234285","1788","4610","3575","2305"
"2021-06-08","-2.57","2588170","2588170","1705","1490","3410","745"
"2021-06-07","0","560000","560000","1750","320","3500","160"
"2021-06-04","-2.23","2166040","2166040","1750","1220","3500","610"
"2021-06-03","-0.56","625695","625695","1790","350","3580","175"
"2021-06-02","-1.53","710850","710850","1800","400","3600","200"
"2021-06-01","-1.19","164470","164470","1828","90","3655","45"
"2021-05-31","1.2","1850000","1850000","1850","1000","3700","500"
"2021-05-28","7.53","9166450","9166450","1828","5116","3655","2558"
"2021-05-27","1.49","3300200","3300200","1700","1970","3400","985"
"2021-05-26","-1.47","1635250","1635250","1675","974","3350","487"
"2021-05-25","0","1931450","1931450","1700","1142","3400","571"
"2021-05-21","0","917110","917110","1700","542","3400","271"
"2021-05-20","0","666400","666400","1700","392","3400","196"
"2021-05-19","-2.86","1382450","1382450","1700","806","3400","403"
"2021-05-18","-2.67","1177000","1177000","1750","680","3500","340"
"2021-05-17","4.23","570610","570610","1798","328","3595","164"
"2021-05-14","-4.17","441600","441600","1725","256","3450","128"
"2021-05-11","0","201600","201600","1800","112","3600","56"
"2021-05-10","-6.25","540000","540000","1800","300","3600","150"
"2021-05-07","-1.29","822580","822580","1920","424","3840","212"
"2021-05-06","0","1174780","1174780","1945","604","3890","302"
"2021-05-05","1.3","1911680","1911680","1945","984","3890","492"
"2021-05-04","-1.29","2047370","2047370","1920","1066","3840","533"
"2021-05-03","-0.26","354835","354835","1945","182","3890","91"
"2021-04-30","2.63","10651500","10651500","1950","5548","3900","2774"
"2021-04-29","2.7","5861675","5861675","1900","3108","3800","1554"
"2021-04-28","-1.33","11912050","11912050","1850","6482","3700","3241"
"2021-04-27","0","2276250","2276250","1875","1214","3750","607"
"2021-04-26","-1.32","879380","879380","1875","472","3750","236"
"2021-04-23","0","629900","629900","1900","332","3800","166"
"2021-04-22","0","983990","983990","1900","518","3800","259"
"2021-04-21","-1.04","11659300","11659300","1900","6302","3800","3151"
"2021-04-20","3.78","4348500","4348500","1920","2310","3840","1155"
"2021-04-19","-1.33","555000","555000","1850","300","3700","150"
"2021-04-16","-3.6","232250","232250","1875","124","3750","62"
"2021-04-15","-2.16","2893600","2893600","1945","1514","3890","757"
"2021-04-14","7.46","4040950","4040950","1988","2138","3975","1069"
"2021-04-13","0","13091750","13091750","1850","6968","3700","3484"
"2021-04-12","1.37","2650155","2650155","1850","1438","3700","719"
"2021-04-09","-1.24","437595","437595","1825","240","3650","120"
"2021-04-08","1.26","2422000","2422000","1848","1320","3695","660"
"2021-04-07","0","7787850","7787850","1825","4296","3650","2148"
"2021-04-06","-1.24","781250","781250","1825","434","3650","217"
"2021-04-02","2.67","328650","328650","1848","180","3695","90"
"2021-04-01","-2.7","4320000","4320000","1800","2400","3600","1200"
"2021-03-31","2.78","5994670","5994670","1850","3270","3700","1635"
"2021-03-30","2.86","2267655","2267655","1800","1280","3600","640"
"2021-03-29","-2.78","655500","655500","1750","374","3500","187"
"2021-03-26","0.28","2071725","2071725","1800","1154","3600","577"
"2021-03-25","2.57","969190","969190","1795","540","3590","270"
"2021-03-24","-2.51","3507990","3507990","1750","2002","3500","1001"
"2021-03-23","-0.28","2431700","2431700","1795","1360","3590","680"
"2021-03-22","3.45","6978215","6978215","1800","4010","3600","2005"
"2021-03-19","0","573900","573900","1740","330","3480","165"
"2021-03-18","0.87","12227635","12227635","1740","7082","3480","3541"
"2021-03-17","-0.17","6737055","6737055","1725","3796","3450","1898"
"2021-03-16","-1.14","685060","685060","1728","394","3455","197"
"2021-03-15","-0.11","10034860","10034860","1748","5724","3495","2862"
"2021-03-12","-2.78","3667690","3667690","1750","2110","3500","1055"
"2021-03-11","4.35","5973350","5973350","1800","3456","3600","1728"
"2021-03-10","0","1251500","1251500","1725","726","3450","363"
"2021-03-09","0","1272440","1272440","1725","740","3450","370"
"2021-03-08","4.55","172500","172500","1725","100","3450","50"
"2021-03-05","-4.35","8906205","8906205","1650","5350","3300","2675"
"2021-03-04","2.37","907880","907880","1725","528","3450","264"
"2021-03-03","-2.32","2152110","2152110","1685","1246","3370","623"
"2021-03-02","-4.17","458650","458650","1725","266","3450","133"
"2021-03-01","0","1800000","1800000","1800","1000","3600","500"
"2021-02-26","3.15","6090470","6090470","1800","3396","3600","1698"
"2021-02-25","0.29","277780","277780","1745","160","3490","80"
"2021-02-24","2.35","26506785","26506785","1740","16046","3480","8023"
"2021-02-23","0","47600","47600","1700","28","3400","14"
"2021-02-22","-1.45","77058965","77058965","1700","47584","3400","23792"
"2021-02-19","1.47","1473850","1473850","1725","866","3450","433"
"2021-02-18","0.12","1176400","1176400","1700","692","3400","346"
"2021-02-17","-0.12","1115160","1115160","1698","656","3395","328"
"2021-02-16","0","492425","492425","1700","290","3400","145"
"2021-02-15","0.89","512200","512200","1700","302","3400","151"
"2021-02-12","0","2206220","2206220","1685","1334","3370","667"
"2021-02-11","0","7292340","7292340","1685","4308","3370","2154"
"2021-02-10","0","414310","414310","1685","246","3370","123"
"2021-02-09","-0.18","1068630","1068630","1685","636","3370","318"
"2021-02-08","-1.29","126670","126670","1688","74","3375","37"
"2021-02-05","0","157470","157470","1710","92","3420","46"
"2021-02-04","0.41","987475","987475","1710","580","3420","290"
"2021-02-03","0.89","687050","687050","1703","404","3405","202"
"2021-02-02","-0.71","282820","282820","1688","166","3375","83"
"2021-02-01","-2.86","142800","142800","1700","84","3400","42"
"2021-01-29","2.94","6999800","6999800","1750","4116","3500","2058"
"2021-01-28","0","238000","238000","1700","140","3400","70"
"2021-01-27","0","7627500","7627500","1700","4690","3400","2345"
"2021-01-25","1.31","382500","382500","1700","230","3400","115"
"2021-01-22","-1.29","40260","40260","1678","24","3355","12"
"2021-01-21","3.03","1373250","1373250","1700","820","3400","410"
"2021-01-20","0","858000","858000","1650","520","3300","260"
"2021-01-19","-1.49","9292735","9292735","1650","5516","3300","2758"
"2021-01-18","0","3752000","3752000","1675","2240","3350","1120"
"2021-01-15","0","3817340","3817340","1675","2270","3350","1135"
"2021-01-14","0","510450","510450","1675","304","3350","152"
"2021-01-13","0","181600","181600","1675","108","3350","54"
"2021-01-12","-1.47","1618225","1618225","1675","966","3350","483"
"2021-01-11","6.05","5907650","5907650","1700","3526","3400","1763"
"2021-01-08","-6.53","576900","576900","1603","360","3205","180"
"2021-01-07","-1.89","20650","20650","1715","12","3430","6"
"2021-01-06","4.36","8348150","8348150","1748","5076","3495","2538"
"2021-01-05","-1.47","2352850","2352850","1675","1410","3350","705"
"2021-01-04","-7.51","170000","170000","1700","100","3400","50"
"2020-12-31","2.8","115613200","115613200","1838","62920","3675","31460"
"2020-12-30","-2.03","1545050","1545050","1788","900","3575","450"
"2020-12-29","-0.82","29203580","29203580","1825","16002","3650","8001"
"2020-12-28","-1.6","18381090","18381090","1840","10070","3680","5035"
"2020-12-24","-1.48","18471040","18471040","1870","9894","3740","4947"
"2020-12-23","-2.57","6547895","6547895","1898","3628","3795","1814"
"2020-12-22","7.03","88600130","88600130","1948","46704","3895","23352"
"2020-12-21","7.18","37343325","37343325","1820","21190","3640","10595"
"2020-12-18","0.3","5988305","5988305","1698","3606","3395","1803"
"2020-12-17","2.61","15186600","15186600","1693","9148","3385","4574"
"2020-12-16","0","26550830","26550830","1650","16120","3300","8060"
"2020-12-15","0","22125425","22125425","1650","13524","3300","6762"
"2020-12-14","0","32438700","32438700","1650","19718","3300","9859"
"2020-12-11","0","34381000","34381000","1650","20900","3300","10450"
"2020-12-10","-1.49","1906275","1906275","1650","1148","3300","574"
"2020-12-09","-1.47","33500000","33500000","1675","20000","3350","10000"
"2020-12-08","3.03","33858000","33858000","1700","20062","3400","10031"
"2020-12-07","6.11","21105140","21105140","1650","13500","3300","6750"
"2020-12-04","-2.81","6225350","6225350","1555","3910","3110","1955"
"2020-12-03","0","1078400","1078400","1600","674","3200","337"
"2020-12-02","3.23","66490570","66490570","1600","41638","3200","20819"
"2020-12-01","-3.13","14527500","14527500","1550","9342","3100","4671"
"2020-11-30","0","7931400","7931400","1600","4960","3200","2480"
"2020-11-27","0","3849600","3849600","1600","2406","3200","1203"
"2020-11-26","0","480000","480000","1600","300","3200","150"
"2020-11-25","3.36","96675030","96675030","1600","64102","3200","32051"
"2020-11-24","-0.13","929375","929375","1548","600","3095","300"
"2020-11-23","-3.13","8364270","8364270","1550","5484","3100","2742"
"2020-11-20","0","6382000","6382000","1600","4114","3200","2057"
"2020-11-19","3.23","6146550","6146550","1600","3966","3200","1983"
"2020-11-18","0.45","4546490","4546490","1550","2938","3100","1469"
"2020-11-17","2.87","1669415","1669415","1543","1112","3085","556"
"2020-11-16","-3.23","9033180","9033180","1500","5970","3000","2985"
"2020-11-13","-1.46","15742500","15742500","1550","10600","3100","5300"
"2020-11-12","-7.36","8356040","8356040","1573","5302","3145","2651"
"2020-11-11","-2.97","11981180","11981180","1698","7244","3395","3622"
"2020-11-10","3.37","3845845","3845845","1750","2200","3500","1100"
"2020-11-09","7.49","4697635","4697635","1693","2790","3385","1395"
"2020-11-06","5.7","5068280","5068280","1575","3400","3150","1700"
"2020-11-05","5.45","7879895","7879895","1490","5602","2980","2801"
"2020-11-04","0.21","1647925","1647925","1413","1166","2825","583"
"2020-11-03","0.14","22134815","22134815","1410","15344","2820","7672"
"2020-11-02","0","5860515","5860515","1408","4182","2815","2091"
"2020-10-30","0.57","12811050","12811050","1408","9140","2815","4570"
"2020-10-28","1.08","12278000","12278000","1400","8770","2800","4385"
"2020-10-27","-1.07","8387240","8387240","1385","6052","2770","3026"
"2020-10-26","0","624800","624800","1400","448","2800","224"
"2020-10-23","-0.36","442650","442650","1400","316","2800","158"
"2020-10-22","0.36","1119810","1119810","1405","802","2810","401"
"2020-10-21","0","29624330","29624330","1400","21086","2800","10543"
"2020-10-20","0","4096400","4096400","1400","2916","2800","1458"
"2020-10-19","0.14","5027490","5027490","1400","3592","2800","1796"
"2020-10-16","0","5001695","5001695","1398","3596","2795","1798"
"2020-10-15","0.94","5947420","5947420","1398","4292","2795","2146"
"2020-10-14","0.73","2770","2770","1385","2","2770","1"
"2020-10-13","-1.79","336305","336305","1375","244","2750","122"
"2020-10-12","1.08","230755","230755","1400","166","2800","83"
"2020-10-09","-0.36","1526825","1526825","1385","1106","2770","553"
"2020-10-08","-0.71","206600","206600","1390","148","2780","74"
"2020-10-07","0.86","933375","933375","1400","672","2800","336"
"2020-10-06","0","52775","52775","1388","38","2775","19"
"2020-10-05","-0.72","1741395","1741395","1388","1246","2775","623"
"2020-10-02","1.45","5590","5590","1398","4","2795","2"
"2020-10-01","-1.92","400450","400450","1378","290","2755","145"
"2020-09-30","0","563810","563810","1405","402","2810","201"
"2020-09-29","0","476500","476500","1405","340","2810","170"
"2020-09-28","0","348370","348370","1405","248","2810","124"
"2020-09-25","3.08","987790","987790","1405","718","2810","359"
"2020-09-24","-4.22","1665550","1665550","1363","1220","2725","610"
"2020-09-23","1.28","1143620","1143620","1423","804","2845","402"
"2020-09-22","0.36","122775","122775","1405","90","2810","45"
"2020-09-21","0","2739560","2739560","1400","1982","2800","991"
"2020-09-18","-0.36","1187265","1187265","1400","848","2800","424"
"2020-09-17","-0.57","13460785","13460785","1405","9502","2810","4751"
"2020-09-16","-2.55","1237265","1237265","1413","868","2825","434"
"2020-09-15","-2.68","67990","67990","1450","48","2900","24"
"2020-09-14","6.43","940600","940600","1490","656","2980","328"
"2020-09-11","2.94","150560","150560","1400","108","2800","54"
"2020-09-10","0.74","53384800","53384800","1360","38138","2720","19069"
"2020-09-09","-3.57","3990825","3990825","1350","2932","2700","1466"
"2020-09-08","-0.57","3037065","3037065","1400","2168","2800","1084"
"2020-09-07","0.57","1423350","1423350","1408","1010","2815","505"
"2020-09-04","1.82","793655","793655","1400","568","2800","284"
"2020-09-03","-1.65","412500","412500","1375","300","2750","150"
"2020-09-02","-0.14","294350","294350","1398","210","2795","105"
"2020-09-01","-1.27","6813620","6813620","1400","4856","2800","2428"
"2020-08-31","-5.47","5558530","5558530","1418","3956","2835","1978"
"2020-08-28","0.13","164730","164730","1500","110","3000","55"
"2020-08-27","3.31","13408840","13408840","1498","9282","2995","4641"
"2020-08-26","2.62","6796630","6796630","1450","4712","2900","2356"
"2020-08-25","-0.35","28105635","28105635","1413","20038","2825","10019"
"2020-08-24","-2.21","43521650","43521650","1418","30490","2835","15245"
"2020-08-20","6.38","56800","56800","1450","40","2900","20"
"2020-08-19","-2.64","6642225","6642225","1363","4850","2725","2425"
"2020-08-18","0.72","2840900","2840900","1400","2026","2800","1013"
"2020-08-17","0","456800","456800","1390","328","2780","164"
"2020-08-14","-0.71","237600","237600","1390","170","2780","85"
"2020-08-13","-0.36","487635","487635","1400","348","2800","174"
"2020-08-12","-1.4","4386340","4386340","1405","3114","2810","1557"
"2020-08-11","0","1311950","1311950","1425","920","2850","460"
"2020-08-10","-1.72","1673650","1673650","1425","1172","2850","586"
"2020-08-06","0","232000","232000","1450","160","2900","80"
"2020-08-05","-0.89","1776300","1776300","1450","1240","2900","620"
"2020-08-04","-2.47","1108200","1108200","1463","754","2925","377"
"2020-08-03","0","134815","134815","1500","90","3000","45"
"2020-07-30","3.45","794000","794000","1500","532","3000","266"
"2020-07-29","3.57","1533200","1533200","1450","1064","2900","532"
"2020-07-28","1.82","1886900","1886900","1400","1346","2800","673"
"2020-07-27","0","10345500","10345500","1375","7524","2750","3762"
"2020-07-24","1.85","1384730","1384730","1375","996","2750","498"
"2020-07-23","-3.57","4912800","4912800","1350","3604","2700","1802"
"2020-07-22","-3.11","1603100","1603100","1400","1144","2800","572"
"2020-07-21","-0.21","214285","214285","1445","148","2890","74"
"2020-07-20","-0.14","1392560","1392560","1448","960","2895","480"
"2020-07-17","0","3118935","3118935","1450","2184","2900","1092"
"2020-07-16","-3.01","817200","817200","1450","564","2900","282"
"2020-07-15","3.1","301960","301960","1495","206","2990","103"
"2020-07-14","0","1679800","1679800","1450","1164","2900","582"
"2020-07-13","1.4","145000","145000","1450","100","2900","50"
"2020-07-10","0.14","329400","329400","1430","222","2860","111"
"2020-07-09","-4.8","1349190","1349190","1428","924","2855","462"
"2020-07-08","0","1964720","1964720","1500","1312","3000","656"
"2020-07-07","0","960000","960000","1500","640","3000","320"
"2020-07-06","0","833700","833700","1500","556","3000","278"
"2020-07-03","-1.64","1309675","1309675","1500","864","3000","432"
"2020-07-02","-1.61","8636480","8636480","1525","5684","3050","2842"
"2020-07-01","-1.15","749635","749635","1550","482","3100","241"
"2020-06-30","0","10023550","10023550","1568","6380","3135","3190"
"2020-06-29","0","294850","294850","1568","188","3135","94"
"2020-06-26","1.62","1689100","1689100","1568","1090","3135","545"
"2020-06-25","-0.45","630760","630760","1543","408","3085","204"
"2020-06-24","-0.96","455180","455180","1550","292","3100","146"
"2020-06-23","-0.32","1794400","1794400","1565","1160","3130","580"
"2020-06-22","-0.19","284520","284520","1570","182","3140","91"
"2020-06-19","-0.13","1668670","1668670","1573","1060","3145","530"
"2020-06-18","1.29","3861560","3861560","1575","2460","3150","1230"
"2020-06-17","0","1400250","1400250","1555","900","3110","450"
"2020-06-16","0.32","6378150","6378150","1555","4050","3110","2025"
"2020-06-15","-1.59","4175475","4175475","1550","2680","3100","1340"
"2020-06-12","-1.56","7578050","7578050","1575","4834","3150","2417"
"2020-06-11","-6.05","1029190","1029190","1600","634","3200","317"
"2020-06-09","0.29","2968960","2968960","1703","1746","3405","873"
"2020-06-08","0","1443625","1443625","1698","850","3395","425"
"2020-06-05","1.37","167590","167590","1698","100","3395","50"
"2020-06-04","1.33","16750","16750","1675","10","3350","5"
"2020-06-03","0.18","3517450","3517450","1653","2104","3305","1052"
"2020-06-02","-1.49","2840150","2840150","1650","1698","3300","849"
"2020-05-29","0","2156625","2156625","1675","1288","3350","644"
"2020-05-28","0.12","2078540","2078540","1675","1242","3350","621"
"2020-05-27","1.52","803400","803400","1673","482","3345","241"
"2020-05-26","1.42","4131265","4131265","1648","2518","3295","1259"
"2020-05-25","-1.52","179500","179500","1625","110","3250","55"
"2020-05-22","0","986700","986700","1650","598","3300","299"
"2020-05-19","0","3877500","3877500","1650","2350","3300","1175"
"2020-05-18","0","352760","352760","1650","214","3300","107"
"2020-05-15","0","8402750","8402750","1650","5100","3300","2550"
"2020-05-14","1.23","2540890","2540890","1650","1540","3300","770"
"2020-05-13","-1.21","2168225","2168225","1630","1320","3260","660"
"2020-05-12","0","16815000","16815000","1650","10188","3300","5094"
"2020-05-11","-0.9","3331795","3331795","1650","1998","3300","999"
"2020-05-08","-0.3","13320","13320","1665","8","3330","4"
"2020-05-07","-0.18","558280","558280","1670","334","3340","167"
"2020-05-06","0","16962085","16962085","1673","10128","3345","5064"
"2020-05-05","0","440100","440100","1673","264","3345","132"
"2020-05-04","-0.12","18029895","18029895","1673","10774","3345","5387"
"2020-04-30","0","16240735","16240735","1675","9696","3350","4848"
"2020-04-29","4.69","893450","893450","1675","544","3350","272"
"2020-04-28","6.67","20007000","20007000","1600","12570","3200","6285"
"2020-04-24","-0.2","9437525","9437525","1500","6266","3000","3133"
"2020-04-23","0","1164905","1164905","1503","776","3005","388"
"2020-04-22","0.2","2125025","2125025","1503","1400","3005","700"
"2020-04-21","0","150000","150000","1500","100","3000","50"
"2020-04-20","1.69","2396500","2396500","1500","1600","3000","800"
"2020-04-17","0","354000","354000","1475","240","2950","120"
"2020-04-16","0","8610290","8610290","1475","5838","2950","2919"
"2020-04-15","-1.67","280250","280250","1475","190","2950","95"
"2020-04-14","2.88","714420","714420","1500","476","3000","238"
"2020-04-10","0.34","323565","323565","1458","222","2915","111"
"2020-04-08","0","426510","426510","1453","294","2905","147"
"2020-04-07","0.21","307935","307935","1453","212","2905","106"
"2020-04-06","-1.69","725000","725000","1450","500","2900","250"
"2020-04-03","-0.34","515020","515020","1475","354","2950","177"
"2020-04-02","-2.95","1341320","1341320","1480","906","2960","453"
"2020-04-01","-1.61","30500","30500","1525","20","3050","10"
"2020-03-31","-2.7","1264975","1264975","1550","820","3100","410"
"2020-03-30","-0.44","188485","188485","1593","118","3185","59"
"2020-03-27","0","2061300","2061300","1600","1288","3200","644"
"2020-03-26","0","64000","64000","1600","40","3200","20"
"2020-03-25","-0.19","2019115","2019115","1600","1260","3200","630"
"2020-03-24","0","912300","912300","1603","570","3205","285"
"2020-03-23","-4.3","2510115","2510115","1603","1556","3205","778"
"2020-03-20","4.36","42066550","42066550","1675","25120","3350","12560"
"2020-03-19","0","1410550","1410550","1605","880","3210","440"
"2020-03-18","0.12","215195","215195","1605","134","3210","67"
"2020-03-17","-0.12","5059735","5059735","1603","3160","3205","1580"
"2020-03-16","-2.61","647180","647180","1605","400","3210","200"
"2020-03-13","3","522150","522150","1648","324","3295","162"
"2020-03-12","0","1078000","1078000","1600","670","3200","335"
"2020-03-11","-1.54","423200","423200","1600","260","3200","130"
"2020-03-10","0","7730190","7730190","1625","350","3250","175"
"2020-03-09","1.56","2841650","2841650","1625","1776","3250","888"
"2020-03-06","1.59","159800","159800","1600","100","3200","50"
"2020-03-05","1.61","3336115","3336115","1575","2152","3150","1076"
"2020-03-04","-3.13","973070","973070","1550","626","3100","313"
"2020-03-03","-1.54","496050","496050","1600","310","3200","155"
"2020-03-02","0","1731150","1731150","1625","1056","3250","528"
"2020-02-28","4.84","162500","162500","1625","100","3250","50"
"2020-02-27","0","2116700","2116700","1550","1352","3100","676"
"2020-02-26","3.33","4403000","4403000","1550","2932","3100","1466"
"2020-02-25","0","3051000","3051000","1500","2034","3000","1017"
"2020-02-24","0","2106000","2106000","1500","1404","3000","702"
"2020-02-21","1.69","1371000","1371000","1500","914","3000","457"
"2020-02-20","-1.67","11560645","11560645","1475","7714","2950","3857"
"2020-02-19","0","8170000","8170000","1500","5516","3000","2758"
"2020-02-18","0","10265450","10265450","1500","6840","3000","3420"
"2020-02-17","0","3234400","3234400","1500","2166","3000","1083"
"2020-02-14","0","2022000","2022000","1500","1348","3000","674"
"2020-02-13","-3.1","11682540","11682540","1500","7552","3000","3776"
"2020-02-12","-0.13","4606210","4606210","1548","3062","3095","1531"
"2020-02-11","-6.06","5765515","5765515","1550","3704","3100","1852"
"2020-02-10","0","26400","26400","1650","16","3300","8"
"2020-02-07","-2.94","27673200","27673200","1650","16344","3300","8172"
"2020-02-06","-2.86","12657450","12657450","1700","7394","3400","3697"
"2020-02-05","0","8207500","8207500","1750","4690","3500","2345"
"2020-02-04","0","8701500","8701500","1750","4972","3500","2486"
"2020-02-03","0","2067250","2067250","1750","1190","3500","595"
"2020-01-31","1.45","1860300","1860300","1750","1072","3500","536"
"2020-01-30","1.47","1011360","1011360","1725","592","3450","296"
"2020-01-29","1.8","1975500","1975500","1700","1164","3400","582"
"2020-01-28","-0.3","66800","66800","1670","40","3340","20"
"2020-01-27","-1.47","3715980","3715980","1675","2208","3350","1104"
"2020-01-24","1.49","1736900","1736900","1700","1022","3400","511"
"2020-01-23","0","862800","862800","1675","510","3350","255"
"2020-01-22","0","134100","134100","1675","80","3350","40"
"2020-01-21","0","3863250","3863250","1675","2298","3350","1149"
"2020-01-20","0","1041850","1041850","1675","622","3350","311"
"2020-01-17","-1.47","6425800","6425800","1675","3808","3350","1904"
"2020-01-16","2.72","6321790","6321790","1700","3782","3400","1891"
"2020-01-15","0","249250","249250","1655","150","3310","75"
"2020-01-14","0.3","369620","369620","1655","224","3310","112"
"2020-01-13","0","667400","667400","1650","406","3300","203"
"2020-01-10","6.11","284170","284170","1650","182","3300","91"
"2020-01-09","0.65","118020","118020","1555","76","3110","38"
"2020-01-08","0.13","2979200","2979200","1545","1932","3090","966"
"2020-01-07","-7.33","1932125","1932125","1543","1252","3085","626"
"2020-01-06","-7.5","1178820","1178820","1665","708","3330","354"
"2020-01-03","-2.7","242875","242875","1800","136","3600","68"
"2020-01-02","-7.41","3700","3700","1850","2","3700","1"
"2019-12-31","0.15","20073625","20073625","1998","10050","3995","5025"
"2019-12-30","0","42937735","42937735","1995","21956","3990","10978"
"2019-12-27","0","34514895","34514895","1995","17490","3990","8745"
"2019-12-26","-0.15","79800","79800","1995","40","3990","20"
"2019-12-24","-2.2","22196500","22196500","1998","11100","3995","5550"
"2019-12-23","7.53","83654680","83654680","2043","41250","4085","20625"
"2019-12-20","2.7","28062675","28062675","1900","14990","3800","7495"
"2019-12-19","2.78","16221175","16221175","1850","8834","3700","4417"
"2019-12-18","-2.7","2532200","2532200","1800","1410","3600","705"
"2019-12-17","-3.9","28895105","28895105","1850","15698","3700","7849"
"2019-12-16","6.94","20579760","20579760","1925","11290","3850","5645"
"2019-12-13","2.86","6144770","6144770","1800","3480","3600","1740"
"2019-12-12","6.06","9858860","9858860","1750","5812","3500","2906"
"2019-12-11","0","1887565","1887565","1650","1144","3300","572"
"2019-12-10","3.13","8692790","8692790","1650","5592","3300","2796"
"2019-12-09","-0.62","1313440","1313440","1600","866","3200","433"
"2019-12-06","7.33","15270045","15270045","1610","9974","3220","4987"
"2019-12-05","0","1365000","1365000","1500","910","3000","455"
"2019-12-04","-6.25","4733500","4733500","1500","3156","3000","1578"
"2019-12-03","6.67","14245435","14245435","1600","9326","3200","4663"
"2019-12-02","5.78","11288410","11288410","1500","8106","3000","4053"
"2019-11-29","7.42","31959325","31959325","1418","23500","2835","11750"
"2019-11-28","1.69","6110315","6110315","1320","4652","2640","2326"
"2019-11-27","-0.15","2852110","2852110","1298","2200","2595","1100"
"2019-11-26","0","1735450","1735450","1300","1336","2600","668"
"2019-11-25","0.15","8252170","8252170","1300","6410","2600","3205"
"2019-11-22","1.8","3238415","3238415","1298","2494","2595","1247"
"2019-11-21","-1.39","8022525","8022525","1275","6190","2550","3095"
"2019-11-20","0.39","1142855","1142855","1293","884","2585","442"
"2019-11-19","-1.53","5114645","5114645","1288","3920","2575","1960"
"2019-11-18","0.62","8490520","8490520","1308","6526","2615","3263"
"2019-11-14","2.52","4180135","4180135","1300","3256","2600","1628"
"2019-11-13","-2.08","2792045","2792045","1268","2212","2535","1106"
"2019-11-12","0","3616815","3616815","1295","2788","2590","1394"
"2019-11-11","-0.38","712875","712875","1295","550","2590","275"
"2019-11-08","-1.89","886750","886750","1300","682","2600","341"
"2019-11-07","0","561900","561900","1325","426","2650","213"
"2019-11-06","2.32","169375","169375","1325","130","2650","65"
"2019-11-05","-0.23","5157050","5157050","1295","3966","2590","1983"
"2019-11-04","1.8","326470","326470","1298","252","2595","126"
"2019-10-31","-1.92","182750","182750","1275","142","2550","71"
"2019-10-30","-1.89","1483500","1483500","1300","1140","2600","570"
"2019-10-29","-1.85","1622580","1622580","1325","1204","2650","602"
"2019-10-28","5.47","10324050","10324050","1350","7878","2700","3939"
"2019-10-25","0.39","4210900","4210900","1280","3362","2560","1681"
"2019-10-24","0","4013950","4013950","1275","3208","2550","1604"
"2019-10-23","-1.92","178950","178950","1275","140","2550","70"
"2019-10-21","0","158600","158600","1300","122","2600","61"
"2019-10-18","4","10911700","10911700","1300","8718","2600","4359"
"2019-10-17","-1.96","2427210","2427210","1250","1932","2500","966"
"2019-10-16","0.79","819690","819690","1275","646","2550","323"
"2019-10-15","1.2","446365","446365","1265","356","2530","178"
"2019-10-14","-0.4","4021975","4021975","1250","3210","2500","1605"
"2019-10-11","-0.79","1805350","1805350","1255","1430","2510","715"
"2019-10-10","-0.78","2557625","2557625","1265","2014","2530","1007"
"2019-10-09","0","1536560","1536560","1275","1214","2550","607"
"2019-10-08","-1.92","1396400","1396400","1275","1076","2550","538"
"2019-10-07","-1.89","6604650","6604650","1300","5084","2600","2542"
"2019-10-04","0","249100","249100","1325","188","2650","94"
"2019-10-03","0","524100","524100","1325","396","2650","198"
"2019-10-02","1.92","4975950","4975950","1325","3826","2650","1913"
"2019-10-01","0","2391750","2391750","1300","1850","2600","925"
"2019-09-30","-3.2","844600","844600","1300","656","2600","328"
"2019-09-27","7.44","2025425","2025425","1343","1510","2685","755"
"2019-09-26","-1.96","5786305","5786305","1250","4622","2500","2311"
"2019-09-25","-2.52","8341805","8341805","1275","6398","2550","3199"
"2019-09-24","0","233475","233475","1308","176","2615","88"
"2019-09-23","-2.75","552095","552095","1308","422","2615","211"
"2019-09-20","3.07","679425","679425","1345","516","2690","258"
"2019-09-19","-0.23","786220","786220","1305","602","2610","301"
"2019-09-18","-0.15","1297150","1297150","1308","992","2615","496"
"2019-09-17","-2.6","655610","655610","1310","496","2620","248"
"2019-09-16","0","2723550","2723550","1345","2084","2690","1042"
"2019-09-13","-0.37","5588470","5588470","1345","4264","2690","2132"
"2019-09-12","0","1244650","1244650","1350","922","2700","461"
"2019-09-11","0","2765840","2765840","1350","2044","2700","1022"
"2019-09-10","0","1152900","1152900","1350","854","2700","427"
"2019-09-09","-0.37","12074260","12074260","1350","8948","2700","4474"
"2019-09-06","-0.59","698335","698335","1355","514","2710","257"
"2019-09-05","0.96","141145","141145","1363","104","2725","52"
"2019-09-04","-0.37","8296585","8296585","1350","6116","2700","3058"
"2019-09-03","-3.21","606500","606500","1355","440","2710","220"
"2019-09-02","0.86","400410","400410","1400","288","2800","144"
"2019-08-30","2.81","466200","466200","1388","336","2775","168"
"2019-08-29","-3.57","14962690","14962690","1350","10814","2700","5407"
"2019-08-28","3.32","3681235","3681235","1400","2630","2800","1315"
"2019-08-27","0.37","2247835","2247835","1355","1606","2710","803"
"2019-08-26","1.28","1315805","1315805","1350","944","2700","472"
"2019-08-23","-4.65","2451800","2451800","1333","1840","2665","920"
"2019-08-22","5.51","553460","553460","1398","396","2795","198"
"2019-08-21","-0.23","1544950","1544950","1325","1166","2650","583"
"2019-08-20","-0.38","3297820","3297820","1328","2474","2655","1237"
"2019-08-19","-4.79","80405","80405","1333","60","2665","30"
"2019-08-16","0.36","347000","347000","1400","250","2800","125"
"2019-08-14","0","125700","125700","1395","90","2790","45"
"2019-08-13","0","2266400","2266400","1395","1664","2790","832"
"2019-08-09","3.33","713755","713755","1395","534","2790","267"
"2019-08-08","1.66","6022000","6022000","1350","4462","2700","2231"
"2019-08-06","-1.48","506965","506965","1328","380","2655","190"
"2019-08-05","-3.71","14440320","14440320","1348","10690","2695","5345"
"2019-08-02","0","1161535","1161535","1400","820","2800","410"
"2019-08-01","0","682750","682750","1400","484","2800","242"
"2019-07-31","-2.98","357870","357870","1400","252","2800","126"
"2019-07-30","3.07","200805","200805","1443","142","2885","71"
"2019-07-29","-3.11","491800","491800","1400","348","2800","174"
"2019-07-26","0","387215","387215","1445","268","2890","134"
"2019-07-25","-0.34","115860","115860","1445","80","2890","40"
"2019-07-24","3.57","1275000","1275000","1450","910","2900","455"
"2019-07-23","3.47","1241635","1241635","1400","914","2800","457"
"2019-07-22","-3.36","1106080","1106080","1353","802","2705","401"
"2019-07-19","3.47","758140","758140","1400","558","2800","279"
"2019-07-18","0.22","1734485","1734485","1353","1278","2705","639"
"2019-07-17","-2.17","1763435","1763435","1350","1292","2700","646"
"2019-07-16","-1.43","5664500","5664500","1380","4050","2760","2025"
"2019-07-15","-3.45","973800","973800","1400","672","2800","336"
"2019-07-12","3.57","795650","795650","1450","566","2900","283"
"2019-07-11","-3.45","1872200","1872200","1400","1328","2800","664"
"2019-07-10","0","391500","391500","1450","270","2900","135"
"2019-07-09","0","494600","494600","1450","344","2900","172"
"2019-07-08","3.57","4055400","4055400","1450","2858","2900","1429"
"2019-07-05","-1.75","7255820","7255820","1400","5170","2800","2585"
"2019-07-04","1.79","413850","413850","1425","292","2850","146"
"2019-07-03","-1.75","59800","59800","1400","42","2800","21"
"2019-07-02","-0.7","1030580","1030580","1425","724","2850","362"
"2019-07-01","-1.03","548735","548735","1435","382","2870","191"
"2019-06-28","3.57","344700","344700","1450","238","2900","119"
"2019-06-27","0","2542400","2542400","1400","1816","2800","908"
"2019-06-26","0","11317200","11317200","1400","8382","2800","4191"
"2019-06-25","0","98000","98000","1400","70","2800","35"
"2019-06-24","3.7","6739320","6739320","1400","5070","2800","2535"
"2019-06-21","-1.82","8316095","8316095","1350","6142","2700","3071"
"2019-06-20","0","3232550","3232550","1375","2278","2750","1139"
"2019-06-19","1.85","1347105","1347105","1375","1000","2750","500"
"2019-06-18","0.15","1525500","1525500","1350","1130","2700","565"
"2019-06-17","-0.15","909400","909400","1348","674","2695","337"
"2019-06-14","-3.57","4109780","4109780","1350","3004","2700","1502"
"2019-06-13","0.14","1252240","1252240","1400","920","2800","460"
"2019-06-12","3.71","1273775","1273775","1398","920","2795","460"
"2019-06-11","4.09","4750430","4750430","1348","3662","2695","1831"
"2019-06-07","-0.38","2826210","2826210","1295","2172","2590","1086"
"2019-06-06","-3.7","5006080","5006080","1300","3946","2600","1973"
"2019-06-05","-6.9","325325","325325","1350","234","2700","117"
"2019-06-03","-2.68","241065","241065","1450","166","2900","83"
"2019-05-31","-0.33","143240","143240","1490","96","2980","48"
"2019-05-29","-0.2","1196800","1196800","1495","798","2990","399"
"2019-05-28","-0.13","2455935","2455935","1498","1652","2995","826"
"2019-05-27","-1.51","2163770","2163770","1500","1444","3000","722"
"2019-05-24","-1.74","1340325","1340325","1523","870","3045","435"
"2019-05-23","-3.13","639640","639640","1550","408","3100","204"
"2019-05-22","-1.42","145200","145200","1600","90","3200","45"
"2019-05-21","1.44","2760340","2760340","1623","1724","3245","862"
"2019-05-20","-5.33","1460490","1460490","1600","898","3200","449"
"2019-05-17","-0.59","420755","420755","1690","248","3380","124"
"2019-05-16","-4.23","4234445","4234445","1700","2440","3400","1220"
"2019-05-15","0","1683855","1683855","1775","954","3550","477"
"2019-05-14","-1.39","2065840","2065840","1775","1156","3550","578"
"2019-05-13","-2.6","9505980","9505980","1800","5278","3600","2639"
"2019-05-10","2.67","1417920","1417920","1848","776","3695","388"
"2019-05-09","-2.44","20549850","20549850","1800","11110","3600","5555"
"2019-05-08","0","1118070","1118070","1845","606","3690","303"
"2019-05-07","-0.27","2242850","2242850","1845","1222","3690","611"
"2019-05-06","0","1054390","1054390","1850","570","3700","285"
"2019-05-03","0","5391800","5391800","1850","2916","3700","1458"
"2019-05-02","0","21282980","21282980","1850","11508","3700","5754"
"2019-04-30","4.05","6872195","6872195","1850","3746","3700","1873"
"2019-04-29","1.6","36730705","36730705","1778","20748","3555","10374"
"2019-04-26","0","43772065","43772065","1750","25344","3500","12672"
"2019-04-25","0","2868985","2868985","1750","1642","3500","821"
"2019-04-24","1.27","2171585","2171585","1750","1236","3500","618"
"2019-04-23","1.65","1808605","1808605","1728","1034","3455","517"
"2019-04-19","0","3830000","3830000","1700","2240","3400","1120"
"2019-04-18","-1.45","2734690","2734690","1700","1582","3400","791"
"2019-04-17","1.47","372250","372250","1725","220","3450","110"
"2019-04-16","-2.75","9170455","9170455","1700","5470","3400","2735"
"2019-04-15","-1.96","647325","647325","1748","370","3495","185"
"2019-04-12","-0.83","1645725","1645725","1783","946","3565","473"
"2019-04-11","-0.11","251850","251850","1798","140","3595","70"
"2019-04-10","0.11","1633080","1633080","1800","908","3600","454"
"2019-04-09","-0.11","1250510","1250510","1798","696","3595","348"
"2019-04-08","-0.72","6678645","6678645","1800","3658","3600","1829"
"2019-04-05","-1.89","1088540","1088540","1813","600","3625","300"
"2019-04-04","0.54","5909340","5909340","1848","3200","3695","1600"
"2019-04-03","0","301945","301945","1838","164","3675","82"
"2019-04-02","-0.11","661525","661525","1838","360","3675","180"
"2019-04-01","0","790600","790600","1840","430","3680","215"
"2019-03-29","-0.43","4054410","4054410","1840","2266","3680","1133"
"2019-03-28","4.7","9207735","9207735","1848","5218","3695","2609"
"2019-03-27","-1.4","258480","258480","1765","146","3530","73"
"2019-03-26","-0.28","164695","164695","1790","92","3580","46"
"2019-03-25","-0.17","687020","687020","1795","386","3590","193"
"2019-03-22","0","8531925","8531925","1798","4908","3595","2454"
"2019-03-21","-0.11","1091970","1091970","1798","608","3595","304"
"2019-03-20","0","12974500","12974500","1800","7194","3600","3597"
"2019-03-19","0","993375","993375","1800","552","3600","276"
"2019-03-18","1.98","1730245","1730245","1800","1002","3600","501"
"2019-03-15","1.15","6695255","6695255","1765","3822","3530","1911"
"2019-03-14","4.18","1695555","1695555","1745","984","3490","492"
"2019-03-13","-4.18","2790750","2790750","1675","1640","3350","820"
"2019-03-12","-0.11","4162475","4162475","1748","2450","3495","1225"
"2019-03-11","-5.3","2050425","2050425","1750","1172","3500","586"
"2019-03-08","-0.27","2776670","2776670","1848","1464","3695","732"
"2019-03-07","0","5024675","5024675","1853","2738","3705","1369"
"2019-03-06","-1.17","3873125","3873125","1853","2090","3705","1045"
"2019-03-05","7.14","11157450","11157450","1875","6062","3750","3031"
"2019-03-04","0","1936700","1936700","1750","1092","3500","546"
"2019-03-01","0","1743000","1743000","1750","996","3500","498"
"2019-02-28","6.06","1430050","1430050","1750","830","3500","415"
"2019-02-27","0","2260250","2260250","1650","1384","3300","692"
"2019-02-26","0.3","5244095","5244095","1650","3172","3300","1586"
"2019-02-25","-3.24","13811000","13811000","1645","8574","3290","4287"
"2019-02-22","1.49","2082330","2082330","1700","1244","3400","622"
"2019-02-21","-1.47","607640","607640","1675","362","3350","181"
"2019-02-20","-2.86","1568050","1568050","1700","934","3400","467"
"2019-02-19","0","35000","35000","1750","20","3500","10"
"2019-02-18","5.55","2289650","2289650","1750","1364","3500","682"
"2019-02-15","-1.01","28411525","28411525","1658","17176","3315","8588"
"2019-02-14","1.52","220300","220300","1675","132","3350","66"
"2019-02-13","0","15193140","15193140","1650","9012","3300","4506"
"2019-02-12","0.73","2556000","2556000","1650","1524","3300","762"
"2019-02-11","7.41","1090975","1090975","1638","676","3275","338"
"2019-02-08","0.46","9642745","9642745","1525","6266","3050","3133"
"2019-02-07","-5.13","21750785","21750785","1518","14260","3035","7130"
"2019-02-06","-5.88","230400","230400","1600","144","3200","72"
"2019-02-05","-5.82","1365500","1365500","1700","800","3400","400"
"2019-02-04","-7.34","10531170","10531170","1805","5834","3610","2917"
"2019-02-01","-2.01","507250","507250","1948","260","3895","130"
"2019-01-31","1.95","636000","636000","1988","320","3975","160"
"2019-01-30","7.14","661900","661900","1950","366","3900","183"
"2019-01-29","7.37","3426350","3426350","1820","2052","3640","1026"
"2019-01-28","5.74","11684760","11684760","1695","7582","3390","3791"
"2019-01-25","-5.71","411550","411550","1603","250","3205","125"
"2019-01-24","0","513820","513820","1700","300","3400","150"
"2019-01-23","6.25","3909650","3909650","1700","2424","3400","1212"
"2019-01-22","4.92","919100","919100","1600","584","3200","292"
"2019-01-21","0","1177850","1177850","1525","774","3050","387"
"2019-01-18","1.67","1076150","1076150","1525","714","3050","357"
"2019-01-17","-1.64","3558315","3558315","1500","2372","3000","1186"
"2019-01-16","1.8","2694300","2694300","1525","1790","3050","895"
"2019-01-15","-3.35","3833035","3833035","1498","2556","2995","1278"
"2019-01-14","-7.19","990750","990750","1550","630","3100","315"
"2019-01-11","-0.18","6880210","6880210","1670","4124","3340","2062"
"2019-01-10","-1.59","1600800","1600800","1673","974","3345","487"
"2019-01-09","-6.85","346800","346800","1700","204","3400","102"
"2019-01-08","-6.41","356095","356095","1825","192","3650","96"
"2019-01-07","-2.5","2744550","2744550","1950","1410","3900","705"
"2019-01-04","-3.61","328500","328500","2000","164","4000","82"
"2019-01-03","0","393750","393750","2075","190","4150","95"
"2019-01-02","-1.19","1452500","1452500","2075","700","4150","350"
"2018-12-31","7.14","701150815","701150815","2100","334644","4200","167322"
"2018-12-28","7.4","37290040","37290040","1960","20316","3920","10158"
"2018-12-27","0","5151550","5151550","1825","2874","3650","1437"
"2018-12-26","4.41","2632150","2632150","1825","1542","3650","771"
"2018-12-24","5.43","38292060","38292060","1748","22960","3495","11480"
"2018-12-21","2.03","3255630","3255630","1658","1986","3315","993"
"2018-12-20","-0.79","34167850","34167850","1625","22418","3250","11209"
"2018-12-19","4.33","1369325","1369325","1638","856","3275","428"
"2018-12-18","5.16","12533700","12533700","1570","8238","3140","4119"
"2018-12-17","-0.47","17119870","17119870","1493","11588","2985","5794"
"2018-12-14","4.17","9858000","9858000","1500","6580","3000","3290"
"2018-12-13","7.22","4317910","4317910","1440","3136","2880","1568"
"2018-12-12","7.44","527100","527100","1343","400","2685","200"
"2018-12-11","-3.7","48798350","48798350","1250","39720","2500","19860"
"2018-12-10","4.85","3422975","3422975","1298","2738","2595","1369"
"2018-12-07","6.91","2608650","2608650","1238","2136","2475","1068"
"2018-12-06","-7.36","7219950","7219950","1158","5994","2315","2997"
"2018-12-05","0.16","3838000","3838000","1250","3126","2500","1563"
"2018-12-04","1.22","73293020","73293020","1248","58882","2495","29441"
"2018-12-03","7.4","5724630","5724630","1233","4888","2465","2444"
"2018-11-30","-1.88","1851285","1851285","1148","1626","2295","813"
"2018-11-29","-2.5","1460840","1460840","1170","1288","2340","644"
"2018-11-28","-2.04","202280","202280","1200","168","2400","84"
"2018-11-27","2.08","3762680","3762680","1225","3176","2450","1588"
"2018-11-26","-4","1820310","1820310","1200","1498","2400","749"
"2018-11-23","4.34","40031295","40031295","1250","35644","2500","17822"
"2018-11-22","-4.16","14712485","14712485","1198","12634","2395","6317"
"2018-11-21","3.91","4134050","4134050","1250","3440","2500","1720"
"2018-11-19","-7.32","1482075","1482075","1203","1200","2405","600"
"2018-11-16","3.84","5192770","5192770","1298","4178","2595","2089"
"2018-11-14","0","10568520","10568520","1250","8848","2500","4424"
"2018-11-13","-1.96","2498560","2498560","1250","2018","2500","1009"
"2018-11-12","-1.92","3517620","3517620","1275","2808","2550","1404"
"2018-11-09","0.78","7120730","7120730","1300","5480","2600","2740"
"2018-11-08","7.5","9481295","9481295","1290","7618","2580","3809"
"2018-11-07","0.17","3110510","3110510","1200","2602","2400","1301"
"2018-11-06","3.45","572050","572050","1198","480","2395","240"
"2018-11-05","-5.08","6199730","6199730","1158","5334","2315","2667"
"2018-11-02","-1.85","2141595","2141595","1220","1752","2440","876"
"2018-10-31","1.47","4330630","4330630","1243","3510","2485","1755"
"2018-10-30","0","950400","950400","1225","768","2450","384"
"2018-10-29","-2","2515100","2515100","1225","2016","2450","1008"
"2018-10-26","-0.4","1111875","1111875","1250","888","2500","444"
"2018-10-25","-5.28","6022700","6022700","1255","4582","2510","2291"
"2018-10-24","1.92","74590150","74590150","1325","57454","2650","28727"
"2018-10-23","1.96","47607995","47607995","1300","37158","2600","18579"
"2018-10-22","-1.92","8824130","8824130","1275","6836","2550","3418"
"2018-10-19","4","2972030","2972030","1300","2302","2600","1151"
"2018-10-18","0","1841000","1841000","1250","1450","2500","725"
"2018-10-17","-3.85","2862885","2862885","1250","2264","2500","1132"
"2018-10-16","-3.7","74903140","74903140","1300","55822","2600","27911"
"2018-10-15","-3.57","910225","910225","1350","664","2700","332"
"2018-10-12","0","1079350","1079350","1400","766","2800","383"
"2018-10-11","-6.54","890050","890050","1400","612","2800","306"
"2018-10-10","0","12439595","12439595","1498","8928","2995","4464"
"2018-10-09","-0.13","60151420","60151420","1498","40240","2995","20120"
"2018-10-08","0","2832850","2832850","1500","1888","3000","944"
"2018-10-05","0","638400","638400","1500","424","3000","212"
"2018-10-04","-3.23","1878000","1878000","1500","1242","3000","621"
"2018-10-03","-3","5043700","5043700","1550","3254","3100","1627"
"2018-10-02","-0.13","1239285","1239285","1598","776","3195","388"
"2018-10-01","-5.88","1592700","1592700","1600","946","3200","473"
"2018-09-28","4.62","4132445","4132445","1700","2440","3400","1220"
"2018-09-27","-4.13","1884450","1884450","1625","1124","3250","562"
"2018-09-26","-0.18","678000","678000","1695","400","3390","200"
"2018-09-25","-0.12","559595","559595","1698","340","3395","170"
"2018-09-24","0","629000","629000","1700","370","3400","185"
"2018-09-21","-1.45","3139900","3139900","1700","1836","3400","918"
"2018-09-20","-1.43","4177620","4177620","1725","2416","3450","1208"
"2018-09-19","0","10265320","10265320","1750","5836","3500","2918"
"2018-09-18","1.86","6601400","6601400","1750","3764","3500","1882"
"2018-09-17","-1.83","5486000","5486000","1718","3140","3435","1570"
"2018-09-14","0","2203905","2203905","1750","1254","3500","627"
"2018-09-13","-2.78","3582525","3582525","1750","2012","3500","1006"
"2018-09-12","-5.26","47212700","47212700","1800","25916","3600","12958"
"2018-09-11","2.7","4235470","4235470","1900","2268","3800","1134"
"2018-09-10","-1.07","33192800","33192800","1850","18088","3700","9044"
"2018-09-07","-1.58","782615","782615","1870","414","3740","207"
"2018-09-06","-1.3","1105625","1105625","1900","582","3800","291"
"2018-09-05","1.42","4681285","4681285","1925","2436","3850","1218"
"2018-09-04","-2.67","1585330","1585330","1898","834","3795","417"
"2018-09-03","-2.01","1387900","1387900","1950","708","3900","354"
"2018-08-31","-2.83","2601950","2601950","1990","1296","3980","648"
"2018-08-30","2.5","4787230","4787230","2048","2416","4095","1208"
"2018-08-29","0","79450","79450","1998","40","3995","20"
"2018-08-28","-0.1","4457890","4457890","1998","2228","3995","1114"
"2018-08-27","1.27","627700","627700","2000","314","4000","157"
"2018-08-24","1.28","2767150","2767150","1975","1402","3950","701"
"2018-08-23","-2.4","226450","226450","1950","116","3900","58"
"2018-08-22","2.46","4353500","4353500","1998","2220","3995","1110"
"2018-08-20","0","3810300","3810300","1950","1954","3900","977"
"2018-08-17","-7.14","6494990","6494990","1950","3328","3900","1664"
"2018-08-16","-4.46","2523050","2523050","2100","1228","4200","614"
"2018-08-14","-1.21","2202300","2202300","2198","1002","4395","501"
"2018-08-13","0","3224590","3224590","2225","1460","4450","730"
"2018-08-10","5.95","1426450","1426450","2225","670","4450","335"
"2018-08-09","-6.46","9877655","9877655","2100","4700","4200","2350"
"2018-08-08","4.76","6184625","6184625","2245","2852","4490","1426"
"2018-08-03","0","2037355","2037355","2143","950","4285","475"
"2018-08-02","-4.67","3153250","3153250","2143","1456","4285","728"
"2018-08-01","0.22","426075","426075","2248","190","4495","95"
"2018-07-31","0","4246945","4246945","2243","1974","4485","987"
"2018-07-30","5.8","3678440","3678440","2243","1728","4485","864"
"2018-07-27","0","707255","707255","2120","334","4240","167"
"2018-07-26","-1.07","560805","560805","2120","264","4240","132"
"2018-07-25","-0.33","96855","96855","2143","46","4285","23"
"2018-07-24","0","369595","369595","2150","172","4300","86"
"2018-07-23","-4.15","348600","348600","2150","164","4300","82"
"2018-07-20","6.81","4402935","4402935","2243","2130","4485","1065"
"2018-07-19","0.1","1809500","1809500","2100","880","4200","440"
"2018-07-18","2.34","2469940","2469940","2098","1192","4195","596"
"2018-07-17","0","582700","582700","2050","284","4100","142"
"2018-07-16","-3.53","2328210","2328210","2050","1128","4100","564"
"2018-07-13","1.19","958700","958700","2125","456","4250","228"
"2018-07-12","2.44","576150","576150","2100","276","4200","138"
"2018-07-11","-2.38","1348400","1348400","2050","644","4100","322"
"2018-07-10","2.44","50250","50250","2100","24","4200","12"
"2018-07-09","-2.38","3363650","3363650","2050","1640","4100","820"
"2018-07-06","0","1175450","1175450","2100","562","4200","281"
"2018-07-05","0","2940250","2940250","2100","1400","4200","700"
"2018-07-04","-5.11","1010340","1010340","2100","480","4200","240"
"2018-07-03","5.38","7455095","7455095","2213","3496","4425","1748"
"2018-07-02","-6.46","10309845","10309845","2100","4878","4200","2439"
"2018-06-29","0","7647940","7647940","2245","3474","4490","1737"
"2018-06-28","1.91","16559590","16559590","2245","7396","4490","3698"
"2018-06-27","0.14","8268265","8268265","2203","3816","4405","1908"
"2018-06-26","-2.14","388800","388800","2200","176","4400","88"
"2018-06-25","0","14033555","14033555","2248","6240","4495","3120"
"2018-06-22","7.05","10902970","10902970","2248","5190","4495","2595"
"2018-06-21","-6.58","3324610","3324610","2100","1548","4200","774"
"2018-06-20","4.8","8410725","8410725","2248","3944","4495","1972"
"2018-06-19","0.94","5850775","5850775","2145","2774","4290","1387"
"2018-06-18","-1.16","2552805","2552805","2125","1200","4250","600"
"2018-06-15","-4.36","1726800","1726800","2150","808","4300","404"
"2018-06-13","7.05","17321090","17321090","2248","8260","4495","4130"
"2018-06-12","0","1841730","1841730","2100","882","4200","441"
"2018-06-08","0","1038200","1038200","2100","492","4200","246"
"2018-06-07","-6.58","2776200","2776200","2100","1322","4200","661"
"2018-06-06","-0.09","1293485","1293485","2248","606","4495","303"
"2018-06-05","-2.17","15565210","15565210","2250","7054","4500","3527"
"2018-06-04","0","2668525","2668525","2300","1244","4600","622"
"2018-06-01","0.22","1044650","1044650","2300","446","4600","223"
"2018-05-31","6.74","6560700","6560700","2295","3094","4590","1547"
"2018-05-30","6.17","5780285","5780285","2150","2838","4300","1419"
"2018-05-29","6.58","3211550","3211550","2025","1654","4050","827"
"2018-05-28","0","2530515","2530515","1900","1336","3800","668"
"2018-05-25","-3.7","43100850","43100850","1900","22134","3800","11067"
"2018-05-24","1.18","22764650","22764650","1973","11626","3945","5813"
"2018-05-23","0","8970415","8970415","1950","4758","3900","2379"
"2018-05-22","4.11","3799460","3799460","1950","2004","3900","1002"
"2018-05-18","1.52","9239660","9239660","1873","5204","3745","2602"
"2018-05-17","2.5","10065430","10065430","1845","5584","3690","2792"
"2018-05-16","0","5964095","5964095","1800","3308","3600","1654"
"2018-05-15","-2.6","8106255","8106255","1800","4454","3600","2227"
"2018-05-14","0","5296210","5296210","1848","2884","3695","1442"
"2018-05-11","-1.44","5896205","5896205","1848","3204","3695","1602"
"2018-05-09","-1.32","629000","629000","1875","336","3750","168"
"2018-05-08","-4.9","486400","486400","1900","256","3800","128"
"2018-05-07","-4.86","1053355","1053355","1998","534","3995","267"
"2018-05-04","-4.55","4127225","4127225","2100","1944","4200","972"
"2018-05-03","1.15","3413550","3413550","2200","1560","4400","780"
"2018-05-02","-7.45","751575","751575","2175","344","4350","172"
"2018-04-30","6.92","8060750","8060750","2350","3612","4700","1806"
"2018-04-27","-2.31","2277370","2277370","2198","1036","4395","518"
"2018-04-26","0.22","10397420","10397420","2250","4656","4500","2328"
"2018-04-25","3.22","3243280","3243280","2245","1496","4490","748"
"2018-04-24","-7.45","1960030","1960030","2175","850","4350","425"
"2018-04-23","0.09","14860465","14860465","2350","6326","4700","3163"
"2018-04-20","-1.96","467660","467660","2348","200","4695","100"
"2018-04-19","-0.21","459950","459950","2395","190","4790","95"
"2018-04-18","-2.04","1152960","1152960","2400","478","4800","239"
"2018-04-17","4.7","2242000","2242000","2450","952","4900","476"
"2018-04-16","0","5023855","5023855","2340","2164","4680","1082"
"2018-04-13","-0.43","4461230","4461230","2340","1866","4680","933"
"2018-04-12","-4.08","779900","779900","2350","332","4700","166"
"2018-04-11","-0.93","5259840","5259840","2450","2170","4900","1085"
"2018-04-10","0","4051425","4051425","2473","1674","4945","837"
"2018-04-09","5.01","4171925","4171925","2473","1718","4945","859"
"2018-04-06","-3.8","1165800","1165800","2355","494","4710","247"
"2018-04-05","-1.09","2301200","2301200","2448","940","4895","470"
"2018-04-04","5.32","10671740","10671740","2475","4384","4950","2192"
"2018-04-03","-5.74","10772000","10772000","2350","4392","4700","2196"
"2018-03-30","-0.08","5097865","5097865","2493","2080","4985","1040"
"2018-03-29","-0.12","3836040","3836040","2495","1544","4990","772"
"2018-03-28","-0.08","3493305","3493305","2498","1418","4995","709"
"2018-03-27","0.28","16662000","16662000","2500","6736","5000","3368"
"2018-03-26","1.76","2517110","2517110","2493","1046","4985","523"
"2018-03-23","-1.72","4410220","4410220","2450","1800","4900","900"
"2018-03-22","-0.28","1349185","1349185","2493","540","4985","270"
"2018-03-21","0","2631355","2631355","2500","1056","5000","528"
"2018-03-20","0","7985200","7985200","2500","3196","5000","1598"
"2018-03-19","0","6189825","6189825","2500","2482","5000","1241"
"2018-03-16","0","2622015","2622015","2500","1050","5000","525"
"2018-03-15","-7.41","9863015","9863015","2500","3946","5000","1973"
"2018-03-14","5.97","7538550","7538550","2700","2982","5400","1491"
"2018-03-13","4","36962370","36962370","2548","14842","5095","7421"
"2018-03-12","-0.2","4026040","4026040","2450","1632","4900","816"
"2018-03-09","-1.41","1716150","1716150","2455","700","4910","350"
"2018-03-08","-0.4","5579430","5579430","2490","2260","4980","1130"
"2018-03-07","0","20592625","20592625","2500","8304","5000","4152"
"2018-03-06","0.08","8633465","8633465","2500","3454","5000","1727"
"2018-03-05","1.96","15648070","15648070","2498","6386","4995","3193"
"2018-03-02","0","22939005","22939005","2450","9284","4900","4642"
"2018-03-01","-1.01","3342860","3342860","2450","1360","4900","680"
"2018-02-28","-2.94","43128155","43128155","2475","17654","4950","8827"
"2018-02-27","0","5281840","5281840","2550","2076","5100","1038"
"2018-02-26","2.91","6875400","6875400","2550","2724","5100","1362"
"2018-02-23","0.2","4566475","4566475","2478","1834","4955","917"
"2018-02-22","2.06","28721860","28721860","2473","11836","4945","5918"
"2018-02-21","3.11","16524520","16524520","2423","6906","4845","3453"
"2018-02-20","0","16928895","16928895","2350","7252","4700","3626"
"2018-02-19","1.08","14968425","14968425","2350","6390","4700","3195"
"2018-02-16","1.09","12876525","12876525","2325","5536","4650","2768"
"2018-02-15","0","3773100","3773100","2300","1638","4600","819"
"2018-02-14","0","11150490","11150490","2300","4934","4600","2467"
"2018-02-13","2.22","3149110","3149110","2300","1392","4600","696"
"2018-02-12","0","18134675","18134675","2250","8052","4500","4026"
"2018-02-09","0","26161875","26161875","2250","11622","4500","5811"
"2018-02-08","-1.1","5686690","5686690","2250","2526","4500","1263"
"2018-02-07","-1.09","4187750","4187750","2275","1852","4550","926"
"2018-02-06","0","6667780","6667780","2300","2908","4600","1454"
"2018-02-05","-2.13","10654445","10654445","2300","4696","4600","2348"
"2018-02-02","0.09","3762860","3762860","2350","1602","4700","801"
"2018-02-01","-0.09","4616950","4616950","2348","1966","4695","983"
"2018-01-31","0","6189900","6189900","2350","2634","4700","1317"
"2018-01-30","0","20847960","20847960","2350","8872","4700","4436"
"2018-01-29","-1.88","21268710","21268710","2350","9030","4700","4515"
"2018-01-26","0","7786330","7786330","2395","3254","4790","1627"
"2018-01-25","1.91","3245740","3245740","2395","1374","4790","687"
"2018-01-24","-2.08","10633580","10633580","2350","4476","4700","2238"
"2018-01-23","0","3336000","3336000","2400","1390","4800","695"
"2018-01-22","0.21","1949940","1949940","2400","816","4800","408"
"2018-01-19","1.91","6235355","6235355","2395","2608","4790","1304"
"2018-01-18","-0.42","5563575","5563575","2350","2342","4700","1171"
"2018-01-17","-3.48","7473395","7473395","2360","3154","4720","1577"
"2018-01-16","3.6","2172720","2172720","2445","898","4890","449"
"2018-01-15","-2.68","2285250","2285250","2360","958","4720","479"
"2018-01-12","0","4350600","4350600","2425","1806","4850","903"
"2018-01-11","0.62","2212990","2212990","2425","916","4850","458"
"2018-01-10","-1.63","2369650","2369650","2410","970","4820","485"
"2018-01-09","0","3936080","3936080","2450","1598","4900","799"
"2018-01-08","-1.8","2603580","2603580","2450","1050","4900","525"
"2018-01-05","1.84","6838150","6838150","2495","2792","4990","1396"
"2018-01-04","0","10537100","10537100","2450","4304","4900","2152"
"2018-01-03","0","15996290","15996290","2450","6592","4900","3296"
"2018-01-02","0","11443200","11443200","2450","4662","4900","2331"
"2017-12-29","-1.92","7654575","7654575","2450","3076","4900","1538"
"2017-12-28","-0.08","12745055","12745055","2498","5104","4995","2552"
"2017-12-27","0","3629995","3629995","2500","1452","5000","726"
"2017-12-26","0","8539525","8539525","2500","3456","5000","1728"
"2017-12-22","5.93","1462640","1462640","2500","592","5000","296"
"2017-12-21","7.37","6890340","6890340","2360","3100","4720","1550"
"2017-12-20","-1.12","3442535","3442535","2198","1610","4395","805"
"2017-12-19","5.86","150275","150275","2223","70","4445","35"
"2017-12-18","0","7732550","7732550","2100","3678","4200","1839"
"2017-12-15","2.44","38532885","38532885","2100","18514","4200","9257"
"2017-12-14","-2.38","1757510","1757510","2050","844","4100","422"
"2017-12-13","0","6975740","6975740","2100","3326","4200","1663"
"2017-12-12","0.24","29202590","29202590","2100","13934","4200","6967"
"2017-12-11","-0.24","3453360","3453360","2095","1646","4190","823"
"2017-12-08","-4.55","2383010","2383010","2100","1128","4200","564"
"2017-12-07","-2.14","7658540","7658540","2200","3420","4400","1710"
"2017-12-06","7.15","13191020","13191020","2248","6252","4495","3126"
"2017-12-05","-1.27","10649365","10649365","2098","5184","4195","2592"
"2017-12-04","1.29","14353880","14353880","2125","6712","4250","3356"
"2017-11-30","-6.76","16008605","16008605","2098","7602","4195","3801"
"2017-11-29","7.14","55995000","55995000","2250","27664","4500","13832"
"2017-11-28","0","3059625","3059625","2100","1430","4200","715"
"2017-11-27","-6.67","17033535","17033535","2100","8060","4200","4030"
"2017-11-24","0","15704140","15704140","2250","7122","4500","3561"
"2017-11-23","0","10138300","10138300","2250","4546","4500","2273"
"2017-11-22","4.51","46317080","46317080","2250","20552","4500","10276"
"2017-11-21","0","5068340","5068340","2153","2326","4305","1163"
"2017-11-20","2.52","1323275","1323275","2153","620","4305","310"
"2017-11-17","5","794775","794775","2100","394","4200","197"
"2017-11-16","5.26","1428555","1428555","2000","742","4000","371"
"2017-11-14","0","3394125","3394125","1900","1808","3800","904"
"2017-11-13","1.33","3360440","3360440","1900","1802","3800","901"
"2017-11-10","0","1822850","1822850","1875","978","3750","489"
"2017-11-09","2.74","3269750","3269750","1875","1810","3750","905"
"2017-11-08","0.94","6141020","6141020","1825","3398","3650","1699"
"2017-11-07","-3.57","5369480","5369480","1808","2892","3615","1446"
"2017-11-06","-0.95","5301580","5301580","1875","2850","3750","1425"
"2017-11-03","-4.63","4902130","4902130","1893","2522","3785","1261"
"2017-11-02","7.3","2968840","2968840","1985","1604","3970","802"
"2017-10-31","-0.7","3573700","3573700","1850","1946","3700","973"
"2017-10-30","-6.76","3070275","3070275","1863","1606","3725","803"
"2017-10-27","-5.98","1507625","1507625","1998","750","3995","375"
"2017-10-26","2.41","249120","249120","2125","116","4250","58"
"2017-10-25","3.75","3366000","3366000","2075","1680","41500","84"
"2017-10-24","-1.23","3319775","3319775","2000","1660","40000","83"
"2017-10-23","-1.22","1738320","1738320","2025","860","40490","43"
"2017-10-20","0","2008000","2008000","2050","1000","41000","50"
"2017-10-19","0","4747340","4747340","2050","2380","41000","119"
"2017-10-18","-5.7","11332000","11332000","2050","5520","41000","276"
"2017-10-17","-7.49","6852780","6852780","2174","3000","43475","150"
"2017-10-16","0","282000","282000","2350","120","47000","6"
"2017-10-13","-1.05","987500","987500","2350","420","47000","21"
"2017-10-12","-1.04","760500","760500","2375","320","47500","16"
"2017-10-11","0","2745000","2745000","2400","1200","48000","60"
"2017-10-10","0","1064310","1064310","2400","460","48000","23"
"2017-10-09","6.67","3341025","3341025","2400","1460","48000","73"
"2017-10-06","0","21528190","21528190","2250","9600","45000","480"
"2017-10-05","7.14","7208870","7208870","2250","3420","44990","171"
"2017-10-04","0","17895405","17895405","2100","8520","42000","426"
"2017-10-03","0","51292565","51292565","2100","24720","41995","1236"
"2017-10-02","0","2076680","2076680","2100","1000","41990","50"
"2017-09-29","0","1049890","1049890","2100","500","41990","25"
"2017-09-28","-2.33","5896400","5896400","2100","2800","42000","140"
"2017-09-27","-2.27","2279190","2279190","2150","1060","43000","53"
"2017-09-26","-2.18","1955000","1955000","2200","900","44000","45"
"2017-09-25","-2","89960","89960","2249","40","44980","2"
"2017-09-22","-5.36","8140455","8140455","2295","3520","45895","176"
"2017-09-21","-0.78","2116450","2116450","2425","900","48500","45"
"2017-09-20","-1.77","244350","244350","2444","100","48870","5"
"2017-09-19","0.53","1491250","1491250","2488","600","49750","30"
"2017-09-18","-1","847470","847470","2475","340","49500","17"
"2017-09-15","-1.96","1050000","1050000","2500","420","50000","21"
"2017-09-14","2","4084950","4084950","2550","1600","51000","80"
"2017-09-13","0","18763620","18763620","2500","7380","50000","369"
"2017-09-12","-3.85","8228350","8228350","2500","3200","50000","160"
"2017-09-11","-1.89","76019800","76019800","2600","29060","52000","1453"
"2017-09-08","-0.93","17397990","17397990","2650","6680","53000","334"
"2017-09-07","0.94","2707440","2707440","2675","1020","53495","51"
"2017-09-06","1.92","20127020","20127020","2650","7740","53000","387"
"2017-09-05","-1.89","3711945","3711945","2600","1400","52005","70"
"2017-09-04","1.92","1590000","1590000","2650","600","53000","30"
"2017-08-31","-3.7","7559850","7559850","2600","2900","52000","145"
"2017-08-30","1.89","46725340","46725340","2700","17900","53990","895"
"2017-08-29","-1.85","28106855","28106855","2650","10660","53000","533"
"2017-08-28","0.19","2251820","2251820","2700","840","54000","42"
"2017-08-25","-0.99","27690605","27690605","2695","10440","53895","522"
"2017-08-24","0.81","8122515","8122515","2722","3060","54445","153"
"2017-08-23","-1.82","6472000","6472000","2700","2360","54000","118"
"2017-08-21","-1.79","439970","439970","2750","160","54995","8"
"2017-08-18","-1.75","6149605","6149605","2800","2160","56000","108"
"2017-08-17","-1.72","1607915","1607915","2850","560","57000","28"
"2017-08-16","-1.69","3539885","3539885","2900","1220","57995","61"
"2017-08-14","1.72","3142000","3142000","2950","1080","59000","54"
"2017-08-11","-3.33","5006035","5006035","2900","1720","58000","86"
"2017-08-10","-1.64","31380000","31380000","3000","10460","60000","523"
"2017-08-09","1.67","53289000","53289000","3050","17620","61000","881"
"2017-08-08","-4.58","3082870","3082870","3000","980","60000","49"
"2017-08-04","7.49","3497320","3497320","3144","1200","62885","60"
"2017-08-03","-2.5","3752965","3752965","2925","1280","58500","64"
"2017-08-02","1.69","3075750","3075750","3000","1040","59995","52"
"2017-08-01","0","2967950","2967950","2950","1020","58995","51"
"2017-07-31","0.17","6811945","6811945","2950","2340","59000","117"
"2017-07-28","-1.64","1597380","1597380","2945","540","58895","27"
"2017-07-27","4.14","3478105","3478105","2994","1200","59885","60"
"2017-07-26","-2.54","808000","808000","2875","280","57500","14"
"2017-07-25","-1.67","644790","644790","2950","220","59000","11"
"2017-07-24","0","4357935","4357935","3000","1500","59990","75"
"2017-07-21","0","6035695","6035695","3000","2040","59990","102"
"2017-07-20","3.45","7079955","7079955","3000","2440","60000","122"
"2017-07-19","-3.33","5335990","5335990","2900","1840","58000","92"
"2017-07-18","0","10505000","10505000","3000","3600","60000","180"
"2017-07-17","3.45","1782000","1782000","3000","600","60000","30"
"2017-07-14","-3.33","15960450","15960450","2900","5400","58000","270"
"2017-07-13","-4","20358975","20358975","3000","7020","60000","351"
"2017-07-12","-3.55","5646100","5646100","3125","1880","62500","94"
"2017-07-11","-7.43","2202195","2202195","3240","680","64800","34"
"2017-07-10","-6.57","4367220","4367220","3500","1260","70000","63"
"2017-07-07","-7.51","899100","899100","3746","240","74925","12"
"2017-07-06","-0.61","2206290","2206290","4050","560","81000","28"
"2017-07-04","-7.28","407500","407500","4075","100","81500","5"
"2017-06-29","-0.11","4395400","4395400","4395","1000","87900","50"
"2017-06-28","-0.54","87995","87995","4400","20","87995","1"
"2017-06-27","-0.02","1404940","1404940","4424","340","88480","17"
"2017-06-23","0.14","1008305","1008305","4425","240","88500","12"
"2017-06-21","-0.7","3008760","3008760","4419","680","88385","34"
"2017-06-19","3.49","27420410","27420410","4450","6360","178000","159"
"2017-06-16","0","16855350","16855350","4300","3920","171990","98"
"2017-06-15","0","69309850","69309850","4300","16120","172000","403"
"2017-06-14","0","51255465","51255465","4300","11920","172000","298"
"2017-06-13","0","61385890","61385890","4300","14280","172000","357"
"2017-06-12","0","45063800","45063800","4300","10480","172000","262"
"2017-06-09","0.28","89514000","89514000","4300","20640","172000","516"
"2017-06-08","0.89","63298295","63298295","4288","14800","171500","370"
"2017-06-07","-1.16","20008970","20008970","4250","4680","170000","117"
"2017-06-06","0","24534215","24534215","4300","5720","172000","143"
"2017-06-02","-0.58","5180000","5180000","4300","1200","172000","30"
"2017-06-01","-0.57","12400085","12400085","4325","2880","173000","72"
"2017-05-31","0","93804815","93804815","4350","21600","174000","540"
"2017-05-30","0","12680265","12680265","4350","2920","174000","73"
"2017-05-29","-0.57","16702040","16702040","4350","3840","174000","96"
"2017-05-26","-0.57","11352375","11352375","4375","2600","175010","65"
"2017-05-24","1.08","128762975","128762975","4400","29600","176000","740"
"2017-05-23","-0.5","5412495","5412495","4353","1240","174100","31"
"2017-05-22","0","9246215","9246215","4375","2120","174995","53"
"2017-05-19","-0.57","22576150","22576150","4375","5160","175000","129"
"2017-05-18","0","16526700","16526700","4400","3760","176000","94"
"2017-05-17","0.27","16362715","16362715","4400","3720","176000","93"
"2017-05-16","-1.13","21225600","21225600","4388","4840","175505","121"
"2017-05-15","1.14","1950000","1950000","4438","440","177500","11"
"2017-05-12","0.11","2294475","2294475","4388","520","175505","13"
"2017-05-11","0.18","5821995","5821995","4383","1320","175300","33"
"2017-05-10","0.57","9249995","9249995","4375","2120","175000","53"
"2017-05-09","2.35","5521900","5521900","4350","1280","173995","32"
"2017-05-08","-4.49","13367885","13367885","4250","3040","170000","76"
"2017-05-05","0","23837410","23837410","4450","5360","178000","134"
"2017-05-04","0","21132025","21132025","4450","4800","178000","120"
"2017-05-03","0.27","7639830","7639830","4450","1720","178000","43"
"2017-05-02","0.63","21459895","21459895","4438","4840","177500","121"
"2017-04-28","0.5","14634830","14634830","4410","3320","176400","83"
"2017-04-27","0","31930975","31930975","4388","7280","175500","182"
"2017-04-26","0.3","10505125","10505125","4388","2400","175500","60"
"2017-04-25","-0.57","13716550","13716550","4375","3120","174995","78"
"2017-04-24","-0.29","58384265","58384265","4400","13280","176000","332"
"2017-04-21","-0.27","18039000","18039000","4413","4080","176500","102"
"2017-04-20","0.5","21538700","21538700","4425","4880","177000","122"
"2017-04-19","0","19191700","19191700","4403","4360","176100","109"
"2017-04-18","-0.79","55637255","55637255","4403","12640","176100","316"
"2017-04-14","0.86","17675000","17675000","4438","4000","177500","100"
"2017-04-13","-1.68","152477545","152477545","4400","34480","176000","862"
"2017-04-12","1.13","22065600","22065600","4475","4960","179000","124"
"2017-04-11","0.57","47967455","47967455","4425","10840","177005","271"
"2017-04-10","0.57","14968500","14968500","4400","3400","176000","85"
"2017-04-07","0","33608600","33608600","4375","7680","175005","192"
"2017-04-06","-1.69","37849730","37849730","4375","8600","175000","215"
"2017-04-05","0.27","22033800","22033800","4450","4960","178000","124"
"2017-04-04","0.29","35644045","35644045","4438","8040","177500","201"
"2017-04-03","0","26364450","26364450","4425","5960","177000","149"
"2017-03-31","0","17522900","17522900","4425","3960","177000","99"
"2017-03-30","4.12","44715730","44715730","4425","10160","177000","254"
"2017-03-29","4.6","11564005","11564005","4250","2720","170005","68"
"2017-03-28","-1.5","10110420","10110420","4063","2480","162500","62"
"2017-03-27","-6.97","19969695","19969695","4125","4680","165000","117"
"2017-03-24","0","54761090","54761090","4434","12280","177375","307"
"2017-03-23","0","251662280","251662280","4434","54880","177375","1372"
"2017-03-22","7.49","47713875","47713875","4434","10760","177375","269"
"2017-03-21","2.48","71036480","71036480","4125","17280","165000","432"
"2017-03-20","-1.95","24842235","24842235","4025","6080","161000","152"
"2017-03-17","0.74","20425525","20425525","4105","4960","164200","124"
"2017-03-16","5.16","40919145","40919145","4075","10040","163000","251"
"2017-03-15","0","90191140","90191140","3875","23280","155000","582"
"2017-03-14","3.47","100937040","100937040","3875","26760","154995","669"
"2017-03-13","0.03","3294890","3294890","3745","880","149800","22"
"2017-03-10","-0.16","12881645","12881645","3744","3440","149750","86"
"2017-03-09","0","8550000","8550000","3750","2280","150000","57"
"2017-03-08","-2.93","16070000","16070000","3750","4280","150000","107"
"2017-03-07","3.01","4473000","4473000","3863","1160","154500","29"
"2017-03-06","0","15135000","15135000","3750","4040","150000","101"
"2017-03-03","-3.23","5999925","5999925","3750","1600","149995","40"
"2017-03-02","-2.52","3455000","3455000","3875","920","155000","23"
"2017-03-01","0","7810535","7810535","3975","1960","159000","49"
"2017-02-28","-5.11","24684675","24684675","3975","6160","158995","154"
"2017-02-27","7.49","117104705","117104705","4189","27960","167565","699"
"2017-02-24","7.5","14478875","14478875","3897","3720","155875","93"
"2017-02-23","4.23","7782000","7782000","3625","2160","145000","54"
"2017-02-22","1.55","695200","695200","3478","200","139100","5"
"2017-02-21","-0.15","29895120","29895120","3425","8720","137000","218"
"2017-02-20","0.15","61831615","61831615","3430","18080","137200","452"
"2017-02-17","0","40688975","40688975","3425","11880","137000","297"
"2017-02-16","0","29865995","29865995","3425","8720","137000","218"
"2017-02-15","0","3698925","3698925","3425","1080","137000","27"
"2017-02-14","0","40630360","40630360","3425","11880","137000","297"
"2017-02-13","0","22084650","22084650","3425","6440","137000","161"
"2017-02-10","0","63841925","63841925","3425","18640","137000","466"
"2017-02-09","0","36851570","36851570","3425","10760","137000","269"
"2017-02-08","0.71","165131315","165131315","3425","48560","137000","1214"
"2017-02-07","0.03","12154280","12154280","3401","3560","136025","89"
"2017-02-06","0","17446030","17446030","3400","5120","136005","128"
"2017-02-03","0.74","21842000","21842000","3400","6440","136000","161"
"2017-02-02","0","184679010","184679010","3375","54720","135000","1368"
"2017-02-01","0","98144950","98144950","3375","29080","135000","727"
"2017-01-31","0","1349995","1349995","3375","400","135000","10"
"2017-01-30","0","57640950","57640950","3375","17080","135000","427"
"2017-01-27","2.27","1350000","1350000","3375","400","135000","10"
"2017-01-26","-1.49","2120630","2120630","3300","640","132010","16"
"2017-01-25","-0.74","17821095","17821095","3350","5320","134000","133"
"2017-01-24","1.11","4797085","4797085","3375","1440","135000","36"
"2017-01-23","-1.1","1473000","1473000","3338","440","133500","11"
"2017-01-20","0","4590000","4590000","3375","1360","135000","34"
"2017-01-19","0.36","28634645","28634645","3375","8520","135000","213"
"2017-01-18","-0.74","8651310","8651310","3363","2560","134500","64"
"2017-01-17","0.39","13915000","13915000","3388","4120","135500","103"
"2017-01-16","-0.74","13500985","13500985","3375","4000","135000","100"
"2017-01-13","-0.38","4897150","4897150","3400","1440","136000","36"
"2017-01-12","3.42","819000","819000","3413","240","136500","6"
"2017-01-11","-2.94","1888010","1888010","3300","560","132005","14"
"2017-01-09","-1.11","2049360","2049360","3400","600","136010","15"
"2017-01-06","1.12","4925200","4925200","3438","1440","137500","36"
"2017-01-05","-1.45","7071975","7071975","3400","2080","136000","52"
"2017-01-04","-0.72","2031000","2031000","3450","600","138000","15"
"2017-01-03","0","138990","138990","3475","40","138990","1"
"2017-01-02","0","1251000","1251000","3475","360","139000","9"
"2016-12-30","0","5801000","5801000","3475","1680","139000","42"
"2016-12-29","-0.14","3475000","3475000","3475","1000","139000","25"
"2016-12-28","-0.57","7926250","7926250","3480","2320","139200","58"
"2016-12-27","-3.45","200040080","200040080","3500","57160","139995","1429"
"2016-12-23","6.62","86625850","86625850","3625","25480","145000","637"
"2016-12-22","0","15912000","15912000","3400","4680","136000","117"
"2016-12-21","0","19448000","19448000","3400","5720","136000","143"
"2016-12-20","0","16592000","16592000","3400","4880","136000","122"
"2016-12-19","-2.86","6293000","6293000","3400","1840","136000","46"
"2016-12-16","0","2493535","2493535","3500","720","140000","18"
"2016-12-15","3.7","301184000","301184000","3500","88560","140000","2214"
"2016-12-14","-3.57","4008400","4008400","3375","1160","135000","29"
"2016-12-13","0","8292970","8292970","3500","2400","140000","60"
"2016-12-09","1.45","8670010","8670010","3500","2480","140000","62"
"2016-12-08","-0.72","22696050","22696050","3450","6560","138000","164"
"2016-12-07","-0.71","17120050","17120050","3475","4920","139000","123"
"2016-12-06","0","10920000","10920000","3500","3120","140000","78"
"2016-12-05","0","5040090","5040090","3500","1440","140005","36"
"2016-12-02","1.07","3920000","3920000","3500","1120","140000","28"
"2016-12-01","-0.35","138500","138500","3463","40","138500","1"
"2016-11-30","1.08","8459500","8459500","3475","2440","139000","61"
"2016-11-29","-0.35","825000","825000","3438","240","137500","6"
"2016-11-28","0","23069000","23069000","3450","6680","138000","167"
"2016-11-25","0","4690000","4690000","3450","1360","138000","34"
"2016-11-24","-0.72","15431010","15431010","3450","4480","138000","112"
"2016-11-23","0","3057890","3057890","3475","880","138995","22"
"2016-11-22","-0.71","25750000","25750000","3475","7400","139000","185"
"2016-11-21","-3.45","31950595","31950595","3500","9120","140000","228"
"2016-11-18","3.57","1015000","1015000","3625","280","145000","7"
"2016-11-17","-3.45","70737040","70737040","3500","20200","140000","505"
"2016-11-16","-0.36","11370800","11370800","3625","3120","145000","78"
"2016-11-14","-0.33","14986500","14986500","3638","4120","145500","103"
"2016-11-11","0","580000","580000","3650","160","146000","4"
"2016-11-10","0.69","8668000","8668000","3650","2400","146000","60"
"2016-11-09","0","2030000","2030000","3625","560","145000","14"
"2016-11-08","0","5230000","5230000","3625","1440","145000","36"
"2016-11-07","0","3316500","3316500","3625","920","145000","23"
"2016-11-04","0","12324995","12324995","3625","3400","144995","85"
"2016-11-03","0","2480470","2480470","3625","680","145000","17"
"2016-11-02","-0.68","4360000","4360000","3625","1200","145000","30"
"2016-10-31","-1.35","7345165","7345165","3650","2000","146000","50"
"2016-10-28","0","1331025","1331025","3700","360","148000","9"
"2016-10-27","-1.33","8282120","8282120","3700","2240","148000","56"
"2016-10-26","2.04","65532120","65532120","3750","17480","150000","437"
"2016-10-25","0","4263300","4263300","3675","1160","147010","29"
"2016-10-24","0","2517045","2517045","3675","680","147010","17"
"2016-10-21","0","735000","735000","3675","200","147000","5"
"2016-10-20","0.33","27958500","27958500","3675","7480","147000","187"
"2016-10-19","-1","5319555","5319555","3663","1440","146500","36"
"2016-10-18","-0.67","30211785","30211785","3700","8160","148000","204"
"2016-10-17","2.76","16387000","16387000","3725","4400","149000","110"
"2016-10-14","0","81948000","81948000","3625","22080","145000","552"
"2016-10-13","0.33","18066600","18066600","3625","5000","145000","125"
"2016-10-12","-1.01","1878500","1878500","3613","520","144500","13"
"2016-10-11","0.69","1460000","1460000","3650","400","146000","10"
"2016-10-10","0","4060240","4060240","3625","1120","145010","28"
"2016-10-07","-3.33","3625125","3625125","3625","1000","145005","25"
"2016-10-06","3.45","1024990","1024990","3750","280","149995","7"
"2016-10-05","-2.11","12784985","12784985","3625","3520","145000","88"
"2016-10-04","-1.25","3110100","3110100","3703","840","148100","21"
"2016-10-03","0","1949940","1949940","3750","520","149995","13"
"2016-09-30","0","37950000","37950000","3750","10120","150000","253"
"2016-09-29","0","20698415","20698415","3750","5520","149995","138"
"2016-09-28","0.13","38998000","38998000","3750","10400","150000","260"
"2016-09-27","2.6","21629750","21629750","3745","5800","149800","145"
"2016-09-26","-2.67","7863940","7863940","3650","2160","145995","54"
"2016-09-23","-2.6","20760130","20760130","3750","5520","149995","138"
"2016-09-22","-0.65","16392000","16392000","3850","4240","154000","106"
"2016-09-21","-6.02","27724990","27724990","3875","7080","155000","177"
"2016-09-20","-0.05","6122800","6122800","4123","1480","164900","37"
"2016-09-19","-2.94","31349995","31349995","4125","7600","165000","190"
"2016-09-16","-5.56","36953220","36953220","4250","8560","170000","214"
"2016-09-15","1.69","180000","180000","4500","40","180000","1"
"2016-09-14","-1.67","1963000","1963000","4425","440","177000","11"
"2016-09-13","3.45","42350000","42350000","4500","9440","180000","236"
"2016-09-09","-1.14","1218020","1218020","4350","280","174000","7"
"2016-09-08","2.33","11212000","11212000","4400","2600","176000","65"
"2016-09-07","0","13608000","13608000","4300","3160","172000","79"
"2016-09-06","0.28","1032000","1032000","4300","240","172000","6"
"2016-09-05","-4.71","2401420","2401420","4288","560","171505","14"
"2016-09-02","0","889980","889980","4500","200","179995","5"
"2016-09-01","5.88","35830000","35830000","4500","8200","180000","205"
"2016-08-31","0","16986985","16986985","4250","4000","170000","100"
"2016-08-30","-5.56","15809995","15809995","4250","3720","170000","93"
"2016-08-29","0","4860000","4860000","4500","1080","180000","27"
"2016-08-26","-1.64","1094975","1094975","4500","240","180000","6"
"2016-08-25","0.22","7685860","7685860","4575","1680","182995","42"
"2016-08-24","-0.07","40354600","40354600","4565","8840","182600","221"
"2016-08-23","-0.15","5122800","5122800","4568","1120","182700","28"
"2016-08-19","0","19764000","19764000","4575","4320","183000","108"
"2016-08-18","0","12078000","12078000","4575","2640","183000","66"
"2016-08-17","0.04","39711000","39711000","4575","8680","183000","217"
"2016-08-16","-0.04","5852885","5852885","4573","1280","182905","32"
"2016-08-12","0.04","2744785","2744785","4575","600","183000","15"
"2016-08-11","-0.11","5304980","5304980","4573","1160","182900","29"
"2016-08-10","-0.22","3736865","3736865","4578","800","183100","20"
"2016-08-09","0","4220600","4220600","4588","920","183505","23"
"2016-08-05","0.28","2385525","2385525","4588","520","183505","13"
"2016-08-04","0.26","4206035","4206035","4575","920","183000","23"
"2016-08-03","0","3285110","3285110","4563","720","182525","18"
"2016-08-02","1.38","2367500","2367500","4563","520","182500","13"
"2016-08-01","0.02","1080400","1080400","4501","240","180050","6"
"2016-07-27","0","4320095","4320095","4500","960","180005","24"
"2016-07-26","0","48240000","48240000","4500","10720","180000","268"
"2016-07-25","2.86","7905300","7905300","4500","1760","180000","44"
"2016-07-21","0","2100030","2100030","4375","480","175000","12"
"2016-07-20","0.85","2266000","2266000","4375","520","175000","13"
"2016-07-19","2.07","1387900","1387900","4338","320","173500","8"
"2016-07-18","0","2040000","2040000","4250","480","170000","12"
"2016-07-15","0","5270000","5270000","4250","1240","170000","31"
"2016-07-14","-5.56","4358000","4358000","4250","1000","170000","25"
"2016-07-13","-0.22","2519950","2519950","4500","560","179990","14"
"2016-07-12","-7.49","360800","360800","4510","80","180400","2"
"2016-07-07","-1.52","8477480","8477480","4875","1720","195000","43"
"2016-07-04","-1.98","10624000","10624000","4950","2120","198000","53"
"2016-07-01","1","44852000","44852000","5050","9120","202000","228"
"2016-06-30","-1.48","800000","800000","5000","160","200000","4"
"2016-06-29","0","2030000","2030000","5075","400","203000","10"
"2016-06-28","0","43212000","43212000","5075","8640","203000","216"
"2016-06-27","0","10393100","10393100","5075","2040","203000","51"
"2016-06-24","0.5","22730000","22730000","5075","4480","203000","112"
"2016-06-23","-0.98","8835000","8835000","5050","1760","202000","44"
"2016-06-22","-0.49","17968430","17968430","5100","3520","204000","88"
"2016-06-21","0","15991720","15991720","5125","3120","205005","78"
"2016-06-20","0.39","14342050","14342050","5125","2800","205000","70"
"2016-06-17","0.1","8374990","8374990","5105","1640","204205","41"
"2016-06-16","0","27174000","27174000","5100","5280","204000","132"
"2016-06-15","0","40542450","40542450","5100","7960","204000","199"
"2016-06-14","0.41","7532205","7532205","5100","1480","204000","37"
"2016-06-13","-0.06","9111125","9111125","5079","1800","203175","45"
"2016-06-10","7.49","9131400","9131400","5082","1800","203285","45"
"2016-06-09","0.06","12874315","12874315","4728","2720","189105","68"
"2016-06-08","0.04","1134100","1134100","4725","240","189000","6"
"2016-06-07","-4.43","645015","645015","4723","137","215005","3"
"2016-06-06","6.78","44587115","44587115","4942","9105","225000","200"
"2016-06-03","-4.14","7020925","7020925","4628","1502","210700","33"
"2016-06-02","-2.31","2639000","2639000","4828","546","219800","12"
"2016-06-01","6.12","46639000","46639000","4942","10016","225000","220"
"2016-05-31","0.95","26628200","26628200","4657","5736","212000","126"
"2016-05-30","2.44","202526010","202526010","4613","44207","210000","971"
"2016-05-27","2.5","36376000","36376000","4503","8104","205000","178"
"2016-05-26","0.5","229955950","229955950","4393","52356","200000","1150"
"2016-05-25","0.25","3582000","3582000","4371","819","199000","18"
"2016-05-24","-0.25","12784500","12784500","4360","2914","198500","64"
"2016-05-23","0.51","16186235","16186235","4371","3688","199000","81"
"2016-05-20","-1","149561820","149561820","4349","34054","198000","748"
"2016-05-19","0","50799975","50799975","4393","11564","200000","254"
"2016-05-18","5.27","94144705","94144705","4393","21580","200000","474"
"2016-05-17","2.68","49160015","49160015","4173","11791","190005","259"
"2016-05-13","1.09","3694015","3694015","4064","911","185000","20"
"2016-05-12","0","6954000","6954000","4020","1730","183000","38"
"2016-05-10","-1.08","9951970","9951970","4020","2413","183000","53"
"2016-05-06","-2.61","7559965","7559965","4064","1867","185000","41"
"2016-05-04","2.68","22560000","22560000","4173","5418","190000","119"
"2016-05-03","-2.61","555015","555015","4064","137","185005","3"
"2016-04-28","5.54","7170000","7170000","4173","1730","190000","38"
"2016-04-26","-5.25","12062000","12062000","3954","3005","180000","66"
"2016-04-22","0.53","7600000","7600000","4173","1821","190000","40"
"2016-04-21","0","1890000","1890000","4151","455","189000","10"
"2016-04-20","-0.24","1514000","1514000","4151","364","189000","8"
"2016-04-19","-0.29","189450","189450","4161","46","189450","1"
"2016-04-15","1.07","1900000","1900000","4173","455","190000","10"
"2016-04-14","-3.6","17860000","17860000","4129","4325","188000","95"
"2016-04-13","2.64","133505075","133505075","4283","31823","195000","699"
"2016-04-12","0","760020","760020","4173","182","190005","4"
"2016-04-11","-5.01","21246000","21246000","4173","4962","190000","109"
"2016-04-08","5.27","73880000","73880000","4393","17118","200000","376"
"2016-04-07","0","28965000","28965000","4173","6966","190000","153"
"2016-04-06","0","950000","950000","4173","228","190000","5"
"2016-04-05","2.08","569985","569985","4173","137","189995","3"
"2016-04-04","-4.55","56370680","56370680","4088","12884","186120","283"
"2016-04-01","0.52","164107400","164107400","4283","38334","195000","842"
"2016-03-31","-0.51","4794840","4794840","4261","1138","194000","25"
"2016-03-29","0","2185000","2185000","4283","501","195000","11"
"2016-03-25","0","407045000","407045000","4283","96289","195000","2115"
"2016-03-24","5.23","140396500","140396500","4283","32779","195000","720"
"2016-03-23","0.12","3893680","3893680","4070","956","185315","21"
"2016-03-22","-0.25","16284580","16284580","4065","4006","185050","88"
"2016-03-21","0","286757360","286757360","4075","71750","185500","1576"
"2016-03-18","0.27","5192000","5192000","4075","1275","185500","28"
"2016-03-17","0","49591000","49591000","4064","12201","185000","268"
"2016-03-16","-4.4","4062664200","4062664200","4064","1000087","185000","21967"
"2016-03-15","-7.49","5998965","5998965","4251","1411","193515","31"
"2016-03-14","-7.51","627615","627615","4595","137","209205","3"
"2016-03-11","-7.49","6485285","6485285","4968","1275","226165","28"
"2016-03-10","7.06","247670880","247670880","5370","45937","244500","1009"
"2016-03-09","7.5","72161760","72161760","5016","14386","228360","316"
"2016-03-08","7.49","106215000","106215000","4666","22763","212430","500"
"2016-03-07","7.5","1976100","1976100","4341","455","197610","10"
"2016-03-04","7.51","367650000","367650000","4038","91054","183825","2000"
"2016-03-03","0","1197000","1197000","3756","319","171000","7"
"2016-03-02","6.89","345064400","345064400","3756","91873","171000","2018"
"2016-03-01","0","17760000","17760000","3514","5053","160000","111"
"2016-02-29","6.29","14186000","14186000","3514","4052","160000","89"
"2016-02-26","0","2262500","2262500","3306","683","150500","15"
"2016-02-25","1.01","7845000","7845000","3306","2367","150500","52"
"2016-02-24","2.76","7193240","7193240","3273","2231","149015","49"
"2016-02-23","0","3915100","3915100","3185","1229","145010","27"
"2016-02-22","-3.98","6083090","6083090","3185","1867","145005","41"
"2016-02-19","2.73","64170000","64170000","3317","19349","151000","425"
"2016-02-18","1.51","441000","441000","3229","137","147000","3"
"2016-02-16","1.99","59110990","59110990","3181","18666","144840","410"
"2016-02-15","2.9","22272000","22272000","3119","7193","142000","158"
"2016-02-12","0","3587900","3587900","3031","1184","138010","26"
"2016-02-11","0.2","966000","966000","3031","319","138000","7"
"2016-02-05","0.1","59489130","59489130","3025","19668","137705","432"
"2016-02-03","0","688000","688000","3022","228","137600","5"
"2016-02-02","0.07","32450600","32450600","3022","10744","137600","236"
"2016-02-01","1.85","894571510","894571510","3020","296197","137500","6506"
"2016-01-29","0.71","8755150","8755150","2965","2959","135000","65"
"2016-01-27","0.03","878873930","878873930","2944","298155","134010","6549"
"2016-01-26","-0.24","1609095","1609095","2943","546","134005","12"
"2016-01-25","0","268600","268600","2950","91","134300","2"
"2016-01-22","2.54","4029000","4029000","2950","1366","134300","30"
"2016-01-21","-0.1","4686000","4686000","2877","1639","131000","36"
"2016-01-20","0.88","262200","262200","2880","91","131100","2"
"2016-01-19","0","2489800","2489800","2855","865","130000","19"
"2016-01-18","-0.76","6022300","6022300","2855","2094","130000","46"
"2016-01-15","0","3932900","3932900","2877","1366","131000","30"
"2016-01-14","0.77","6026115","6026115","2877","2094","131000","46"
"2016-01-13","0","2080025","2080025","2855","728","130000","16"
"2016-01-12","3.48","1690000","1690000","2855","592","130000","13"
"2016-01-11","0.47","1507200","1507200","2759","546","125600","12"
"2016-01-08","0.81","125000","125000","2746","46","125000","1"
"2016-01-07","0","4836000","4836000","2724","1776","124000","39"
"2016-01-06","0.81","2728000","2728000","2724","1002","124000","22"
"2016-01-05","-1.6","15099000","15099000","2702","5600","123000","123"
"2015-12-31","4.17","20000000","20000000","2746","7284","125000","160"
"2015-12-30","1.7","58700000","58700000","2636","23219","120000","510"
"2015-12-29","2.17","7559010","7559010","2592","2959","118000","65"
"2015-12-28","2.22","4389000","4389000","2537","1730","115500","38"
"2015-12-23","0.24","35030000","35030000","2482","14113","113000","310"
"2015-12-22","-1.98","23450815","23450815","2476","9424","112705","207"
"2015-12-21","-1.71","2990155","2990155","2526","1184","115005","26"
"2015-12-18","0.86","72306000","72306000","2570","28136","117000","618"
"2015-12-17","0","38164000","38164000","2548","14978","116000","329"
"2015-12-16","0","3374000","3374000","2548","1320","116000","29"
"2015-12-15","-0.86","15494000","15494000","2548","6055","116000","133"
"2015-12-14","0","5445085","5445085","2570","2140","117000","47"
"2015-12-11","0","2925000","2925000","2570","1138","117000","25"
"2015-12-10","-0.85","351000","351000","2570","137","117000","3"
"2015-12-09","-3.68","7198000","7198000","2592","2777","118000","61"
"2015-12-08","3.82","3277500","3277500","2691","1229","122500","27"
"2015-12-07","0.86","2237000","2237000","2592","865","118000","19"
"2015-12-04","-0.08","2574000","2574000","2570","1002","117000","22"
"2015-12-03","-2.43","11907100","11907100","2572","4598","117100","101"
"2015-11-30","2.57","25057700","25057700","2636","9652","120000","212"
"2015-11-27","0","936000","936000","2570","364","117000","8"
"2015-11-26","-2.1","1287000","1287000","2570","501","117000","11"
"2015-11-25","0","20675190","20675190","2625","7876","119510","173"
"2015-11-24","0","717065","717065","2625","273","119515","6"
"2015-11-23","0","9441650","9441650","2625","3597","119510","79"
"2015-11-19","0","2748600","2748600","2625","1047","119510","23"
"2015-11-18","0","597500","597500","2625","228","119500","5"
"2015-11-17","0","1195000","1195000","2625","455","119500","10"
"2015-11-16","-0.42","1195000","1195000","2625","455","119500","10"
"2015-11-13","0","960000","960000","2636","364","120000","8"
"2015-11-12","0.84","360000","360000","2636","137","120000","3"
"2015-11-11","-0.42","10010525","10010525","2614","3824","119010","84"
"2015-11-10","0.42","956000","956000","2625","364","119500","8"
"2015-11-09","-0.42","14053100","14053100","2614","5372","119010","118"
"2015-11-06","0.42","11950000","11950000","2625","4553","119500","100"
"2015-11-05","0","8240700","8240700","2614","3141","119000","69"
"2015-11-04","-0.83","5012025","5012025","2614","1912","119000","42"
"2015-11-03","0","1080000","1080000","2636","410","120000","9"
"2015-11-02","0","2150000","2150000","2636","819","120000","18"
"2015-10-30","-2.44","11045010","11045010","2636","4143","120000","91"
"2015-10-28","0.82","1712500","1712500","2702","637","123000","14"
"2015-10-27","0.79","2684055","2684055","2680","1002","122005","22"
"2015-10-26","0.04","2421000","2421000","2659","911","121050","20"
"2015-10-23","-0.82","242000","242000","2658","91","121000","2"
"2015-10-22","0","248737105","248737105","2680","92829","122000","2039"
"2015-10-20","0.83","46360000","46360000","2680","17300","122000","380"
"2015-10-19","0.83","363000","363000","2658","137","121000","3"
"2015-10-16","0","1200000","1200000","2636","455","120000","10"
"2015-10-15","0","4915000","4915000","2636","1867","120000","41"
"2015-10-14","2.01","147840000","147840000","2636","56089","120000","1232"
"2015-10-12","-1.97","130447250","130447250","2584","49169","117650","1080"
"2015-10-09","0","3359960","3359960","2636","1275","120000","28"
"2015-10-08","-1.64","150353845","150353845","2636","57045","120000","1253"
"2015-10-07","0","34284000","34284000","2680","12930","122000","284"
"2015-10-06","0","7808700","7808700","2680","2914","122000","64"
"2015-10-05","0","5368000","5368000","2680","2003","122000","44"
"2015-10-02","0","366000","366000","2680","137","122000","3"
"2015-10-01","0.75","1220000","1220000","2680","455","122000","10"
"2015-09-30","0.83","1452700","1452700","2660","546","121100","12"
"2015-09-28","-3.93","61731300","61731300","2638","23401","120100","514"
"2015-09-25","-0.79","102562170","102562170","2746","37332","125000","820"
"2015-09-23","0","4913000","4913000","2768","1776","126000","39"
"2015-09-22","-4.52","2016000","2016000","2768","728","126000","16"
"2015-09-21","5.57","70731365","70731365","2899","25905","131985","569"
"2015-09-18","0","1367550","1367550","2746","501","125000","11"
"2015-09-17","1.55","35748500","35748500","2746","13021","125000","286"
"2015-09-15","-1.6","246200","246200","2704","91","123100","2"
"2015-09-14","0.07","19486500","19486500","2748","7057","125100","155"
"2015-09-11","0","2750000","2750000","2746","1002","125000","22"
"2015-09-10","0","24383500","24383500","2746","8878","125000","195"
"2015-09-09","-0.79","90786000","90786000","2746","33052","125000","726"
"2015-09-08","0.8","319393000","319393000","2768","116321","126000","2555"
"2015-09-07","0.81","1874000","1874000","2746","683","125000","15"
"2015-09-04","0","72738000","72738000","2724","26497","124000","582"
"2015-09-03","0","13144025","13144025","2724","4826","124000","106"
"2015-09-02","1.23","4836000","4836000","2724","1776","124000","39"
"2015-09-01","1.24","3539000","3539000","2691","1320","122500","29"
"2015-08-31","2.55","4450005","4450005","2658","1684","121000","37"
"2015-08-28","1.65","472000","472000","2592","182","118000","4"
"2015-08-27","0.51","33217340","33217340","2550","13112","116100","288"
"2015-08-26","0.44","3460090","3460090","2537","1366","115500","30"
"2015-08-25","0","1035000","1035000","2526","410","115000","9"
"2015-08-24","0","5290000","5290000","2526","2094","115000","46"
"2015-08-21","0","3680000","3680000","2526","1457","115000","32"
"2015-08-20","0","14950000","14950000","2526","5918","115000","130"
"2015-08-19","0","19549415","19549415","2526","7740","114995","170"
"2015-08-18","0","4025000","4025000","2526","1593","115000","35"
"2015-08-17","7.49","18245045","18245045","2526","7239","115000","159"
"2015-08-14","0","1284050","1284050","2350","546","107000","12"
"2015-08-13","1.86","2538150","2538150","2350","1093","107000","24"
"2015-08-12","0.04","1973170","1973170","2307","865","105010","19"
"2015-08-11","2.72","3941100","3941100","2306","1730","105000","38"
"2015-08-10","0.22","4033510","4033510","2245","1776","102205","39"
"2015-08-06","0.99","4145000","4145000","2240","1867","102000","41"
"2015-08-05","0","201995","201995","2218","91","101000","2"
"2015-08-04","0.5","4023900","4023900","2218","1821","101000","40"
"2015-08-03","0","1708465","1708465","2207","774","100500","17"
"2015-07-31","0","88542000","88542000","2207","40109","100500","881"
"2015-07-30","0.87","56227800","56227800","2207","25632","100500","563"
"2015-07-29","-0.86","120699620","120699620","2188","54678","99620","1201"
"2015-07-28","0","20100000","20100000","2207","9105","100500","200"
"2015-07-27","0","15075000","15075000","2207","6829","100500","150"
"2015-07-24","0","1909500","1909500","2207","865","100500","19"
"2015-07-23","0","70852500","70852500","2207","32096","100500","705"
"2015-07-22","0","15678000","15678000","2207","7102","100500","156"
"2015-07-21","0","396834000","396834000","2207","180559","100500","3966"
"2015-07-20","0.96","21597500","21597500","2207","9879","100500","217"
"2015-07-16","0","199000","199000","2186","91","99500","2"
"2015-07-15","0.51","3681500","3681500","2186","1684","99500","37"
"2015-07-13","0","27196000","27196000","2175","12383","99000","272"
"2015-07-10","0","297000","297000","2175","137","99000","3"
"2015-07-09","0.51","7879000","7879000","2175","3642","99000","80"
"2015-07-08","-0.51","8865000","8865000","2164","4097","98500","90"
"2015-07-07","0","5445000","5445000","2175","2504","99000","55"
"2015-07-06","0.51","18315000","18315000","2175","8422","99000","185"
"2015-07-03","0","4447250","4447250","2164","2049","98505","45"
"2015-07-02","-0.51","1182000","1182000","2164","546","98500","12"
"2015-07-01","1.02","23758500","23758500","2175","10972","99000","241"
"2015-06-30","-2","1088005","1088005","2153","501","98005","11"
"2015-06-29","1.01","25496200","25496200","2197","11700","100000","257"
"2015-06-26","0","9900000","9900000","2175","4553","99000","100"
"2015-06-25","2.06","27021125","27021125","2175","12656","99000","278"
"2015-06-24","-0.51","10041000","10041000","2131","4689","97000","103"
"2015-06-23","0.23","19667480","19667480","2142","9196","97500","202"
"2015-06-22","0.28","2237900","2237900","2137","1047","97300","23"
"2015-06-19","-0.09","12701500","12701500","2131","5964","97000","131"
"2015-06-18","1.14","4174900","4174900","2133","1958","97100","43"
"2015-06-17","-3.03","192000","192000","2109","91","96000","2"
"2015-06-16","-0.5","99000","99000","2175","46","99000","1"
"2015-06-15","0.41","1592495","1592495","2186","728","99500","16"
"2015-06-12","0.14","1486500","1486500","2177","683","99100","15"
"2015-06-11","0","4715815","4715815","2174","2185","98995","48"
"2015-06-09","-0.05","21292890","21292890","2174","10152","98995","223"
"2015-06-08","4.22","29205000","29205000","2175","13430","99000","295"
"2015-06-05","0","2946000","2946000","2087","1411","95000","31"
"2015-06-04","0","380000","380000","2087","182","95000","4"
"2015-06-03","0","19570000","19570000","2087","9379","95000","206"
"2015-06-02","1.61","21598200","21598200","2087","10426","95000","229"
"2015-06-01","-0.53","149550000","149550000","2054","72843","93500","1600"
"2015-05-29","0.54","28598000","28598000","2065","13931","94000","306"
"2015-05-28","1.08","6168500","6168500","2054","3005","93500","66"
"2015-05-27","-2.64","6775500","6775500","2032","3323","92500","73"
"2015-05-26","3.27","2464000","2464000","2087","1184","95000","26"
"2015-05-22","0","1288000","1288000","2021","637","92000","14"
"2015-05-21","0","8780000","8780000","2021","4325","92000","95"
"2015-05-20","-0.54","184000","184000","2021","91","92000","2"
"2015-05-19","0.54","22761500","22761500","2032","11200","92500","246"
"2015-05-13","0","1840000","1840000","2021","911","92000","20"
"2015-05-12","0","1840050","1840050","2021","911","92000","20"
"2015-05-11","0","27402000","27402000","2021","13567","92000","298"
"2015-05-08","0","1564000","1564000","2021","774","92000","17"
"2015-05-07","2.23","18946000","18946000","2021","9379","92000","206"
"2015-05-06","-2.18","1440000","1440000","1977","728","90000","16"
"2015-05-05","2.23","1837920","1837920","2021","911","91995","20"
"2015-05-04","-6.26","5457755","5457755","1977","2777","90000","61"
"2015-04-30","-3.03","192000","192000","2109","91","96000","2"
"2015-04-27","-2.9","791800","791800","2175","364","99000","8"
"2015-04-24","2","21420000","21420000","2240","9561","102000","210"
"2015-04-23","-1.04","25712990","25712990","2196","11700","99995","257"
"2015-04-22","0.05","1916080","1916080","2219","865","101005","19"
"2015-04-21","2.5","101000","101000","2218","46","101000","1"
"2015-04-17","0.51","5196750","5196750","2164","2413","98500","53"
"2015-04-16","-1.01","9702000","9702000","2153","4507","98000","99"
"2015-04-15","1.02","20390985","20390985","2175","9379","99000","206"
"2015-04-14","-1.51","2369000","2369000","2153","1093","98000","24"
"2015-04-10","-4.29","9253965","9253965","2186","4234","99505","93"
"2015-04-09","3.63","2122060","2122060","2284","956","104000","21"
"2015-04-08","-6.21","401400","401400","2204","182","100350","4"
"2015-04-03","6.96","52695000","52695000","2350","22445","107000","493"
"2015-04-02","5.27","14800000","14800000","2197","6738","100000","148"
"2015-04-01","0.87","3135000","3135000","2087","1502","95000","33"
"2015-03-31","0","2920200","2920200","2069","1411","94200","31"
"2015-03-30","0.19","9890040","9890040","2069","4780","94200","105"
"2015-03-27","0","23312030","23312030","2065","11291","94005","248"
"2015-03-26","0","31885985","31885985","2065","15616","94000","343"
"2015-03-25","0","50048625","50048625","2065","24721","94000","543"
"2015-03-24","0","12596000","12596000","2065","6101","94000","134"
"2015-03-23","0","13064750","13064750","2065","6328","94000","139"
"2015-03-20","0","564135","564135","2065","273","94010","6"
"2015-03-19","0","752000","752000","2065","364","94000","8"
"2015-03-18","2.18","376040","376040","2065","182","94010","4"
"2015-03-17","0","5866040","5866040","2021","2914","92000","64"
"2015-03-16","0","6620000","6620000","2021","3278","92000","72"
"2015-03-13","1.1","14441685","14441685","2021","7148","92000","157"
"2015-03-12","-0.94","1458860","1458860","1999","728","91000","16"
"2015-03-10","2.07","2481790","2481790","2018","1229","91870","27"
"2015-03-09","0","4769950","4769950","1977","2413","90000","53"
"2015-03-06","0","4140000","4140000","1977","2094","90000","46"
"2015-03-05","0","4036435","4036435","1977","2049","90000","45"
"2015-03-04","2.17","8027295","8027295","1977","4143","89990","91"
"2015-03-03","0.68","616400","616400","1935","319","88100","7"
"2015-03-02","-2.78","6907015","6907015","1922","3506","87500","77"
"2015-02-27","-2.18","2000060","2000060","1977","1002","90005","22"
"2015-02-25","2.23","22264000","22264000","2021","11017","92000","242"
"2015-02-24","0","11070025","11070025","1977","5600","90000","123"
"2015-02-23","-2.61","180000","180000","1977","91","90000","2"
"2015-02-18","0","30584400","30584400","2030","15069","92400","331"
"2015-02-17","0","25779600","25779600","2030","12702","92400","279"
"2015-02-16","1","37884000","37884000","2030","18666","92400","410"
"2015-02-13","-0.54","2745000","2745000","2010","1366","91500","30"
"2015-02-12","-0.44","3680000","3680000","2021","1821","92000","40"
"2015-02-11","1.55","10712250","10712250","2030","5281","92400","116"
"2015-02-10","-1.53","910000","910000","1999","455","91000","10"
"2015-02-06","6.84","92400","92400","2030","46","92400","1"
"2015-02-05","-6.45","173000","173000","1900","91","86500","2"
"2015-02-04","-0.05","15640485","15640485","2031","7740","92485","170"
"2015-02-02","0.54","14984000","14984000","2032","7375","92500","162"
"2015-01-30","2.23","54950000","54950000","2021","27316","92000","600"
"2015-01-29","0","20789970","20789970","1977","10517","90000","231"
"2015-01-28","5.89","434395","434395","1977","228","89995","5"
"2015-01-22","-5.56","2040000","2040000","1867","1093","85000","24"
"2015-01-21","0","9899970","9899970","1977","5008","90000","110"
"2015-01-20","0","3870000","3870000","1977","1958","90000","43"
"2015-01-16","0","450000","450000","1977","228","90000","5"
"2015-01-14","0","19350000","19350000","1977","9788","90000","215"
"2015-01-12","0","540000","540000","1977","273","90000","6"
"2015-01-09","0","4500000","4500000","1977","2276","90000","50"
"2015-01-08","0","1710000","1710000","1977","865","90000","19"
"2014-12-31","4.66","35224800","35224800","1977","18211","90000","400"
"2014-12-30","-6.72","602000","602000","1889","319","86000","7"
"2014-12-18","7.2","92180","92180","2025","46","92180","1"
"2014-12-15","0","516000","516000","1889","273","86000","6"
"2014-12-11","0","2580000","2580000","1889","1366","86000","30"
"2014-12-09","-6.67","1724555","1724555","1889","911","86005","20"
"2014-12-08","7.09","460750","460750","2024","228","92150","5"
"2014-12-05","-6.67","6226670","6226670","1890","3278","86060","72"
"2014-12-04","7.48","1910060","1910060","2025","956","92180","21"
"2014-12-03","7.53","1786600","1786600","1884","949","89330","20"
"2014-12-01","0.69","166200","166200","1752","95","83100","2"
"2014-11-28","0.64","412000","412000","1740","237","82500","5"
"2014-11-27","-0.63","902000","902000","1729","522","82000","11"
"2014-11-26","0","1320000","1320000","1740","759","82500","16"
"2014-11-25","0","3630000","3630000","1740","2087","82500","44"
"2014-11-24","0.64","2475000","2475000","1740","1423","82500","30"
"2014-11-20","1.23","1144000","1144000","1729","664","82000","14"
"2014-11-13","-2.57","1215000","1215000","1708","711","81000","15"
"2014-11-10","1.39","17628240","17628240","1753","10054","83125","212"
"2014-11-07","0","7032000","7032000","1729","4126","82000","87"
"2014-11-05","0","574000","574000","1729","332","82000","7"
"2014-10-31","0","1066000","1066000","1729","617","82000","13"
"2014-10-29","5.11","4100000","4100000","1729","2371","82000","50"
"2014-10-24","0","2652170","2652170","1645","1612","78005","34"
"2014-10-23","-0.6","783150","783150","1645","474","78000","10"
"2014-10-22","0","4057000","4057000","1655","2466","78500","52"
"2014-10-21","-1.9","1417000","1417000","1655","854","78500","18"
"2014-10-20","0","800000","800000","1687","474","80000","10"
"2014-10-17","0","80000","80000","1687","47","80000","1"
"2014-10-16","0","1600000","1600000","1687","949","80000","20"
"2014-10-14","0","14240075","14240075","1687","8442","80005","178"
"2014-10-09","0","1520000","1520000","1687","901","80000","19"
"2014-10-08","-5.86","2880000","2880000","1687","1707","80000","36"
"2014-10-07","0","3739780","3739780","1792","2087","84995","44"
"2014-10-06","0","509970","509970","1792","285","84995","6"
"2014-09-30","0","425000","425000","1792","237","85000","5"
"2014-09-29","0","595000","595000","1792","332","85000","7"
"2014-09-26","0","25075000","25075000","1792","13991","85000","295"
"2014-09-25","0","8920000","8920000","1792","4980","85000","105"
"2014-09-24","2.28","85000","85000","1792","47","85000","1"
"2014-09-22","0.11","83100","83100","1752","47","83100","1"
"2014-09-17","6.97","41500000","41500000","1750","23713","83000","500"
"2014-09-16","0","388025","388025","1636","237","77605","5"
"2014-09-15","-0.06","1552200","1552200","1636","949","77605","20"
"2014-09-12","0.12","77625","77625","1637","47","77625","1"
"2014-09-10","0.06","2326500","2326500","1635","1423","77550","30"
"2014-09-05","0.62","1860000","1860000","1634","1138","77500","24"
"2014-09-03","-0.61","2618510","2618510","1624","1612","77015","34"
"2014-09-02","0.62","2167625","2167625","1634","1328","77500","28"
"2014-09-01","0","3080600","3080600","1624","1897","77015","40"
"2014-08-29","0","12707475","12707475","1624","7825","77015","165"
"2014-08-28","0","2695000","2695000","1624","1660","77000","35"
"2014-08-27","0","3080000","3080000","1624","1897","77000","40"
"2014-08-26","0","3080045","3080045","1624","1897","77000","40"
"2014-08-25","1.31","38040480","38040480","1624","23428","77000","494"
"2014-08-21","0","5451400","5451400","1603","3367","76020","71"
"2014-08-20","0","380075","380075","1603","237","76015","5"
"2014-08-19","0","608040","608040","1603","379","76005","8"
"2014-08-18","0","5320000","5320000","1603","3320","76000","70"
"2014-08-13","1.39","1396160980","1396160980","1603","882783","76000","18614"
"2014-08-12","-1.37","1500000","1500000","1581","949","75000","20"
"2014-08-06","2.76","21484000","21484000","1603","13469","76000","284"
"2014-08-05","1.36","4440000","4440000","1560","2846","74000","60"
"2014-08-04","0","8906000","8906000","1539","5786","73000","122"
"2014-08-01","-0.71","1825000","1825000","1539","1186","73000","25"
"2014-07-31","0.71","5292000","5292000","1550","3415","73500","72"
"2014-07-30","3.15","18615000","18615000","1539","12094","73000","255"
"2014-07-29","0.34","141500","141500","1492","95","70750","2"
"2014-07-25","0","19881000","19881000","1487","13374","70500","282"
"2014-07-23","0.75","4889000","4889000","1487","3320","70500","70"
"2014-07-22","-0.74","1757500","1757500","1476","1186","70000","25"
"2014-07-21","0","13167000","13167000","1487","8869","70500","187"
"2014-07-17","-3.38","1064000","1064000","1487","711","70500","15"
"2014-07-09","0","1824500","1824500","1539","1186","73000","25"
"2014-07-04","0","584000","584000","1539","379","73000","8"
"2014-07-03","2.81","2480125","2480125","1539","1660","73000","35"
"2014-07-02","0","355000","355000","1497","237","71000","5"
"2014-07-01","0","14981000","14981000","1497","10007","71000","211"
"2014-06-30","-2.73","355000","355000","1497","237","71000","5"
"2014-06-26","0","724975","724975","1539","474","72995","10"
"2014-06-24","0.65","802975","802975","1539","522","73000","11"
"2014-06-23","3.59","509000","509000","1529","332","72500","7"
"2014-06-20","-4.09","3500000","3500000","1476","2371","70000","50"
"2014-06-18","0","438000","438000","1539","285","73000","6"
"2014-06-17","2.81","4330000","4330000","1539","2846","73000","60"
"2014-06-16","-3.17","284000","284000","1497","190","71000","4"
"2014-06-12","6.25","733000","733000","1546","474","73300","10"
"2014-06-11","-6.49","4182000","4182000","1455","2846","69000","60"
"2014-06-10","2.5","7084800","7084800","1556","4553","73800","96"
"2014-06-06","5.86","13594500","13594500","1518","9106","72000","192"
"2014-06-05","-2.85","39984000","39984000","1434","27886","68000","588"
"2014-06-04","-1.99","346000","346000","1476","237","70000","5"
"2014-06-02","-0.13","285700","285700","1506","190","71425","4"
"2014-05-30","-0.53","143000","143000","1508","95","71500","2"
"2014-05-28","-0.13","6111075","6111075","1516","4031","71895","85"
"2014-05-22","0.66","72000","72000","1518","47","72000","1"
"2014-05-21","-0.66","2002000","2002000","1508","1328","71500","28"
"2014-05-19","0","1872000","1872000","1518","1233","72000","26"
"2014-05-16","2.85","720000","720000","1518","474","72000","10"
"2014-05-13","-6.64","1686000","1686000","1476","1138","70000","24"
"2014-05-12","0","150000","150000","1581","95","75000","2"
"2014-05-09","7.11","375000","375000","1581","237","75000","5"
"2014-05-07","-7.92","700000","700000","1476","474","70000","10"
"2014-04-28","-0.25","380000","380000","1603","237","76000","5"
"2014-04-25","0.12","457200","457200","1607","285","76200","6"
"2014-04-24","-0.12","76100","76100","1605","47","76100","1"
"2014-04-14","3.01","304800","304800","1607","190","76200","4"
"2014-04-10","0","740000","740000","1560","474","74000","10"
"2014-04-08","0","148000","148000","1560","95","74000","2"
"2014-04-01","0","74000","74000","1560","47","74000","1"
"2014-03-31","-2.68","22200000","22200000","1560","14228","74000","300"
"2014-03-28","0","912000","912000","1603","569","76000","12"
"2014-03-27","1.78","9223670","9223670","1603","6023","76000","127"
"2014-03-26","0","747100","747100","1575","474","74710","10"
"2014-03-25","7.51","373550","373550","1575","237","74710","5"
"2014-03-19","-7.34","13891000","13891000","1465","9438","69500","199"
"2014-03-17","7.11","150000","150000","1581","95","75000","2"
"2014-03-07","0","210000","210000","1476","142","70000","3"
"2014-03-06","0","490010","490010","1476","332","70000","7"
"2014-03-05","0","210000","210000","1476","142","70000","3"
"2014-03-04","0","70000","70000","1476","47","70000","1"
"2014-02-28","0","630000","630000","1476","427","70000","9"
"2014-02-27","-2.77","18960000","18960000","1476","12805","70000","270"
"2014-02-26","4.33","30594030","30594030","1518","20203","72000","426"
"2014-02-25","4.53","16560000","16560000","1455","11382","69000","240"
"2014-02-21","0","67584000","67584000","1392","48564","66000","1024"
"2014-02-20","0","51810000","51810000","1392","37229","66000","785"
"2014-02-19","0","1188000","1188000","1392","854","66000","18"
"2014-02-18","4.82","1716000","1716000","1392","1233","66000","26"
"2014-02-12","0","126000","126000","1328","95","63000","2"
"2014-02-10","0","10962130","10962130","1328","8252","63000","174"
"2014-02-07","0","126000","126000","1328","95","63000","2"
"2014-02-06","1.07","3150100","3150100","1328","2371","63000","50"
"2014-02-03","0.15","249200","249200","1314","190","62300","4"
"2014-01-28","0.38","1991520","1991520","1312","1518","62235","32"
"2014-01-23","3.32","5208385","5208385","1307","3984","62005","84"
"2014-01-21","-3.21","240020","240020","1265","190","60005","4"
"2014-01-17","0","124000","124000","1307","95","62000","2"
"2014-01-16","0","5084000","5084000","1307","3889","62000","82"
"2014-01-14","-3.11","23326000","23326000","1307","17832","62000","376"
"2014-01-09","-0.81","3584000","3584000","1349","2656","64000","56"
"2014-01-08","-0.8","5097000","5097000","1360","3747","64500","79"
"2014-01-07","0.81","1945000","1945000","1371","1423","65000","30"
"2014-01-06","0","2709000","2709000","1360","1992","64500","42"
"2014-01-02","0","580500","580500","1360","427","64500","9"
"2013-12-31","-0.8","1741500","1741500","1360","1280","64500","27"
"2013-12-30","0.81","260000","260000","1371","190","65000","4"
"2013-12-26","-3.75","387000","387000","1360","285","64500","6"
"2013-12-23","0","938000","938000","1413","664","67000","14"
"2013-12-19","0","1270800","1270800","1413","901","67000","19"
"2013-12-18","1.51","67000","67000","1413","47","67000","1"
"2013-12-17","0","17819500","17819500","1392","12805","66000","270"
"2013-12-16","0","330000","330000","1392","237","66000","5"
"2013-12-13","0","3052000","3052000","1392","2182","66000","46"
"2013-12-12","-1.49","13200000","13200000","1392","9485","66000","200"
"2013-12-11","3.9","6700000","6700000","1413","4743","67000","100"
"2013-12-10","7.51","45150000","45150000","1360","33198","64500","700"
"2013-12-09","0","10080000","10080000","1265","7968","60000","168"
"2013-12-04","-0.86","16458675","16458675","1265","12758","60000","269"
"2013-12-03","0","423500","423500","1276","332","60500","7"
"2013-12-02","0.87","788000","788000","1276","617","60500","13"
"2013-11-29","0","31200000","31200000","1265","24661","60000","520"
"2013-11-27","0","6120000","6120000","1265","4837","60000","102"
"2013-11-25","0","1698900","1698900","1265","1328","60000","28"
"2013-11-22","-6.23","3480000","3480000","1265","2751","60000","58"
"2013-11-21","6.64","767990","767990","1349","569","63995","12"
"2013-11-20","0","4200000","4200000","1265","3320","60000","70"
"2013-11-19","0","360000","360000","1265","285","60000","6"
"2013-11-18","5.24","2520000","2520000","1265","1992","60000","42"
"2013-11-11","-4.98","51110000","51110000","1202","42209","57000","890"
"2013-11-08","5.24","3570000","3570000","1265","2846","60000","60"
"2013-11-07","-4.98","57000","57000","1202","47","57000","1"
"2013-11-06","5.24","600000","600000","1265","474","60000","10"
"2013-11-05","0","570000","570000","1202","474","57000","10"
"2013-11-04","-5.5","2850000","2850000","1202","2371","57000","50"
"2013-10-29","7.52","1230050","1230050","1272","996","60305","21"
"2013-10-28","-7.29","3590670","3590670","1183","3035","56100","64"
"2013-10-24","0","6050000","6050000","1276","4743","60500","100"
"2013-10-21","0.87","74893490","74893490","1276","58713","60500","1238"
"2013-10-18","7.11","2520000","2520000","1265","1992","60000","42"
"2013-10-17","0","2122000","2122000","1181","1802","56000","38"
"2013-10-16","0","4979000","4979000","1181","4221","56000","89"
"2013-10-14","0","784000","784000","1181","664","56000","14"
"2013-10-10","-7.45","6160000","6160000","1181","5217","56000","110"
"2013-10-09","6.16","123117500","123117500","1276","96511","60500","2035"
"2013-10-08","3.62","171000","171000","1202","142","57000","3"
"2013-10-04","6.81","385000","385000","1160","332","55000","7"
"2013-10-03","-6.38","618060","618060","1086","569","51505","12"
"2013-10-02","7.11","990000","990000","1160","854","55000","18"
"2013-10-01","-7.44","2101320","2101320","1083","1802","51340","38"
"2013-09-27","-7.51","10855250","10855250","1170","9248","55500","195"
"2013-09-25","-0.86","11226150","11226150","1265","8679","60000","183"
"2013-09-24","0.87","5241000","5241000","1276","4079","60500","86"
"2013-09-23","0","4559515","4559515","1265","3604","60000","76"
"2013-09-20","3.43","120000","120000","1265","95","60000","2"
"2013-09-19","5.43","33302750","33302750","1223","27175","58000","573"
"2013-09-18","-1.78","24589000","24589000","1160","20109","55000","424"
"2013-09-17","-1.75","10452200","10452200","1181","8869","56000","187"
"2013-09-12","0","10545000","10545000","1202","8774","57000","185"
"2013-09-11","0","398965","398965","1202","332","56995","7"
"2013-09-09","3.98","968915","968915","1202","806","56995","17"
"2013-09-06","7.53","712790","712790","1156","617","54830","13"
"2013-09-04","-7.01","5967585","5967585","1075","5549","51005","117"
"2013-09-03","7.53","657900","657900","1156","569","54825","12"
"2013-09-02","-0.28","4488000","4488000","1075","4173","51000","88"
"2013-08-30","0.19","919890","919890","1078","854","51105","18"
"2013-08-29","0.09","1428280","1428280","1076","1328","51010","28"
"2013-08-27","-5.62","12750000","12750000","1075","11856","51000","250"
"2013-08-26","0.98","5400000","5400000","1139","4743","54000","100"
"2013-08-23","0","1337500","1337500","1128","1186","53500","25"
"2013-08-22","0","9683500","9683500","1128","8584","53500","181"
"2013-08-20","-2.76","12091000","12091000","1128","10718","53500","226"
"2013-08-16","3.76","3025000","3025000","1160","2608","55000","55"
"2013-08-13","-6.99","16271000","16271000","1118","14560","53000","307"
"2013-08-12","0.5","456000","456000","1202","379","57000","8"
"2013-08-09","-7.43","8901900","8901900","1196","7446","56700","157"
"2013-08-06","7.49","3431400","3431400","1292","2656","61275","56"
"2013-08-05","3.8","5700000","5700000","1202","4743","57000","100"
"2013-08-02","7.52","2691570","2691570","1158","2324","54930","49"
"2013-08-01","-5.44","766500","766500","1077","711","51100","15"
"2013-07-31","4.88","2700000","2700000","1139","2371","54000","50"
"2013-07-30","1.02","16377000","16377000","1086","15081","51500","318"
"2013-07-29","0","5712560","5712560","1075","5312","51005","112"
"2013-07-25","0","1530000","1530000","1075","1423","51000","30"
"2013-07-24","0","5406000","5406000","1075","5027","51000","106"
"2013-07-22","0","4335000","4335000","1075","4031","51000","85"
"2013-07-19","0","11679000","11679000","1075","10860","51000","229"
"2013-07-15","1.99","5865000","5865000","1075","5454","51000","115"
"2013-07-12","4.15","500000","500000","1054","474","50000","10"
"2013-07-11","0","18241900","18241900","1012","18022","48005","380"
"2013-07-10","-5.86","864000","864000","1012","854","48000","18"
"2013-07-09","-0.19","917910","917910","1075","854","50995","18"
"2013-07-08","7.49","10569420","10569420","1077","9817","51060","207"
"2013-07-04","1.11","2897500","2897500","1002","2893","47500","61"
"2013-07-01","0","94000","94000","991","95","47000","2"
"2013-06-28","0","3290000","3290000","991","3320","47000","70"
"2013-06-26","0.81","517055","517055","991","522","47005","11"
"2013-06-20","0","1025310","1025310","983","1043","46605","22"
"2013-06-18","0","5592600","5592600","983","5691","46605","120"
"2013-06-14","-0.81","4660500","4660500","983","4743","46605","100"
"2013-06-13","0","4465000","4465000","991","4505","47000","95"
"2013-06-12","0","4982000","4982000","991","5027","47000","106"
"2013-06-11","0","6345000","6345000","991","6402","47000","135"
"2013-06-10","0.81","22560000","22560000","991","22764","47000","480"
"2013-06-06","-0.81","699075","699075","983","711","46605","15"
"2013-06-05","0","1645000","1645000","991","1660","47000","35"
"2013-06-04","-0.5","5452000","5452000","991","5501","47000","116"
"2013-06-03","-7.52","1558755","1558755","996","1565","47235","33"
"2013-05-31","7.49","408480","408480","1077","379","51060","8"
"2013-05-29","-5.47","4987500","4987500","1002","4980","47500","105"
"2013-05-28","6.96","16331250","16331250","1060","15413","50250","325"
"2013-05-27","0.81","799000","799000","991","806","47000","17"
"2013-05-24","2.5","372840","372840","983","379","46605","8"
"2013-05-23","2.9","13650000","13650000","959","14228","45500","300"
"2013-05-21","0.32","7072800","7072800","932","7588","44205","160"
"2013-05-17","7.4","352600","352600","929","379","44075","8"
"2013-05-16","5.23","2747000","2747000","865","3178","41000","67"
"2013-05-08","0","1170150","1170150","822","1423","39005","30"
"2013-05-03","-4.97","1365000","1365000","822","1660","39000","35"
"2013-04-30","0","1435000","1435000","865","1660","41000","35"
"2013-04-29","0","410000","410000","865","474","41000","10"
"2013-04-26","0","2050000","2050000","865","2371","41000","50"
"2013-04-24","0","44157000","44157000","865","51078","41000","1077"
"2013-04-19","0","2050500","2050500","865","2371","41010","50"
"2013-04-16","1.29","1230150","1230150","865","1423","41005","30"
"2013-04-10","0","86712800","86712800","854","101491","40520","2140"
"2013-04-08","-1.27","405000","405000","854","474","40500","10"
"2013-04-05","0","80934000","80934000","865","93618","41000","1974"
"2013-04-04","1.41","7339000","7339000","865","8489","41000","179"
"2013-04-03","0","4167895","4167895","853","4885","40465","103"
"2013-04-02","-1.39","118330875","118330875","853","138720","40455","2925"
"2013-03-29","0","984000","984000","865","1138","41000","24"
"2013-03-28","0","82000","82000","865","95","41000","2"
"2013-03-27","2.61","4920000","4920000","865","5691","41000","120"
"2013-03-25","0","1280000","1280000","843","1518","40000","32"
"2013-03-22","2.43","2040000","2040000","843","2419","40000","51"
"2013-03-21","2.75","2340600","2340600","823","2846","39010","60"
"2013-03-18","0","1900000","1900000","801","2371","38000","50"
"2013-03-15","-3.26","1900000","1900000","801","2371","38000","50"
"2013-03-13","0","274960","274960","828","332","39280","7"
"2013-03-11","-7.49","314240","314240","828","379","39280","8"
"2013-03-07","7.44","3142040","3142040","895","3510","42460","74"
"2013-03-06","6.79","1027000","1027000","833","1233","39500","26"
"2013-03-04","-5.11","555000","555000","780","711","37000","15"
"2013-03-01","0","195000","195000","822","237","39000","5"
"2013-02-27","-2.49","3705000","3705000","822","4505","39000","95"
"2013-02-26","2.55","2000000","2000000","843","2371","40000","50"
"2013-02-22","0.74","1560000","1560000","822","1897","39000","40"
"2013-02-21","0","387000","387000","816","474","38700","10"
"2013-02-19","0","3018600","3018600","816","3699","38700","78"
"2013-02-18","0","1354500","1354500","816","1660","38700","35"
"2013-02-15","0","2592900","2592900","816","3178","38700","67"
"2013-02-14","0","541800","541800","816","664","38700","14"
"2013-02-13","0.25","1161000","1161000","816","1423","38700","30"
"2013-02-12","0","2586200","2586200","814","3178","38600","67"
"2013-02-11","-0.25","3860000","3860000","814","4743","38600","100"
"2013-02-08","0","8978400","8978400","816","11003","38700","232"
"2013-02-04","0","3018600","3018600","816","3699","38700","78"
"2013-02-01","0","4102200","4102200","816","5027","38700","106"
"2013-01-29","0","1741500","1741500","816","2134","38700","45"
"2013-01-28","0","2399400","2399400","816","2940","38700","62"
"2013-01-25","0","1161000","1161000","816","1423","38700","30"
"2013-01-23","0","387000","387000","816","474","38700","10"
"2013-01-22","0","15750900","15750900","816","19302","38700","407"
"2013-01-21","0","5263200","5263200","816","6450","38700","136"
"2013-01-18","-5.66","1973700","1973700","816","2419","38700","51"
"2013-01-17","6","1066000","1066000","865","1233","41000","26"
"2013-01-15","0","1818900","1818900","816","2229","38700","47"
"2013-01-14","0","1935000","1935000","816","2371","38700","50"
"2013-01-11","0","580500","580500","816","711","38700","15"
"2013-01-09","4.62","812700","812700","816","996","38700","21"
"2013-01-08","-2.62","71854000","71854000","780","92101","37000","1942"
"2013-01-07","1.26","1444000","1444000","801","1802","38000","38"
"2013-01-04","1.41","375000","375000","791","474","37500","10"
"2012-12-31","2.77","370000","370000","780","474","37000","10"
"2012-12-28","0","72000","72000","759","95","36000","2"
"2012-12-27","0","3672000","3672000","759","4837","36000","102"
"2012-12-26","-6.99","410760000","410760000","759","541128","36000","11410"
"2012-12-24","0","812700","812700","816","996","38700","21"
"2012-12-21","7.51","5108400","5108400","816","6260","38700","132"
"2012-12-20","0","5472000","5472000","759","7209","36000","152"
"2012-12-19","3.41","410400000","410400000","759","540654","36000","11400"
"2012-12-18","7.47","3549600","3549600","734","4837","34800","102"
"2012-12-12","-7.45","1942500","1942500","683","2846","32375","60"
"2012-12-06","0","3920000","3920000","738","5312","35000","112"
"2012-12-05","-7.05","700000","700000","738","949","35000","20"
"2012-12-03","7.59","978510","978510","794","1233","37635","26"
"2012-11-30","0","3115890","3115890","738","4221","35010","89"
"2012-11-29","0","315000","315000","738","427","35000","9"
"2012-11-27","0","455000","455000","738","617","35000","13"
"2012-11-21","0","12040000","12040000","738","16314","35000","344"
"2012-11-20","2.93","10640000","10640000","738","14417","35000","304"
"2012-11-19","-2.85","2074000","2074000","717","2893","34000","61"
"2012-11-16","0","280000","280000","738","379","35000","8"
"2012-11-14","0","23065000","23065000","738","31254","35000","659"
"2012-11-13","0","49700000","49700000","738","67345","35000","1420"
"2012-11-12","0","350000","350000","738","474","35000","10"
"2012-11-09","0","420000","420000","738","569","35000","12"
"2012-11-07","0","1750000","1750000","738","2371","35000","50"
"2012-11-06","0","840000","840000","738","1138","35000","24"
"2012-11-05","0","3675000","3675000","738","4980","35000","105"
"2012-11-02","1.79","4900000","4900000","738","6640","35000","140"
"2012-10-31","0","172000","172000","725","237","34400","5"
"2012-10-30","7.41","928800","928800","725","1280","34400","27"
"2012-10-25","0","960000","960000","675","1423","32000","30"
"2012-10-24","0","7040000","7040000","675","10434","32000","220"
"2012-10-23","0","6400000","6400000","675","9485","32000","200"
"2012-10-19","1.66","544000","544000","675","806","32000","17"
"2012-10-15","0","1921500","1921500","664","2893","31500","61"
"2012-10-12","-7","882000","882000","664","1328","31500","28"
"2012-10-11","7.53","778780","778780","714","1091","33860","23"
"2012-10-10","1.22","661500","661500","664","996","31500","21"
"2012-10-09","0.31","1834900","1834900","656","2798","31100","59"
"2012-10-08","3.32","558000","558000","654","854","31000","18"
"2012-10-04","0","1950000","1950000","633","3083","30000","65"
"2012-10-02","0","810000","810000","633","1280","30000","27"
"2012-10-01","1.77","1500000","1500000","633","2371","30000","50"
"2012-09-28","0.97","12036000","12036000","622","19350","29500","408"
"2012-09-24","0.82","7446000","7446000","616","12094","29200","255"
"2012-09-21","-0.81","522000","522000","611","854","29000","18"
"2012-09-20","0.65","2219200","2219200","616","3604","29200","76"
"2012-09-18","0.16","2001345","2001345","612","3272","29005","69"
"2012-09-17","3.38","319000","319000","611","522","29000","11"
"2012-09-10","-1.66","1708305","1708305","591","2893","28005","61"
"2012-09-04","1.69","5415000","5415000","601","9011","28500","190"
"2012-09-03","-0.67","1402500","1402500","591","2371","28050","50"
"2012-08-31","-1","1410250","1410250","595","2371","28205","50"
"2012-08-29","0","427725","427725","601","711","28515","15"
"2012-08-28","-3.38","513000","513000","601","854","28500","18"
"2012-08-23","0","50356500","50356500","622","80956","29500","1707"
"2012-08-21","1.8","2006000","2006000","622","3225","29500","68"
"2012-08-14","1.66","5800000","5800000","611","9485","29000","200"
"2012-08-13","-1.64","17100000","17100000","601","28455","28500","600"
"2012-08-10","1.66","42340000","42340000","611","69242","29000","1460"
"2012-08-09","-3.38","855000","855000","601","1423","28500","30"
"2012-08-08","0","2950000","2950000","622","4743","29500","100"
"2012-08-03","1.8","2950000","2950000","622","4743","29500","100"
"2012-07-31","3.38","2900000","2900000","611","4743","29000","100"
"2012-07-27","0.51","504090","504090","591","854","28005","18"
"2012-07-25","-0.34","502200","502200","588","854","27900","18"
"2012-07-24","-3.44","700000","700000","590","1186","28000","25"
"2012-07-23","3.56","5858000","5858000","611","9580","29000","202"
"2012-07-19","0","364000","364000","590","617","28000","13"
"2012-07-18","0","616000","616000","590","1043","28000","22"
"2012-07-17","0","4984000","4984000","590","8442","28000","178"
"2012-07-13","0","2800000","2800000","590","4743","28000","100"
"2012-07-11","0","700000","700000","590","1186","28000","25"
"2012-07-10","0","1484000","1484000","590","2514","28000","53"
"2012-07-06","0","1400000","1400000","590","2371","28000","50"
"2012-07-05","0","21728000","21728000","590","36802","28000","776"
"2012-07-04","0","313208000","313208000","590","530505","28000","11186"
"2012-07-03","-3.44","336000","336000","590","569","28000","12"
"2012-06-26","-3.48","145000000","145000000","611","237129","29000","5000"
"2012-06-25","0","1800000","1800000","633","2846","30000","60"
"2012-06-21","0","16442740","16442740","633","25989","30005","548"
"2012-06-20","0","30005000","30005000","633","47426","30005","1000"
"2012-06-19","0","780130","780130","633","1233","30005","26"
"2012-06-18","1.77","1500000","1500000","633","2371","30000","50"
"2012-06-15","3.49","442500","442500","622","711","29500","15"
"2012-06-14","-0.66","969170","969170","601","1612","28505","34"
"2012-06-06","0.67","28700000","28700000","605","47426","28700","1000"
"2012-06-05","0","14677500","14677500","601","24424","28500","515"
"2012-06-04","0","684000","684000","601","1138","28500","24"
"2012-05-29","-2.44","285000","285000","601","474","28500","10"
"2012-05-18","-0.96","730000","730000","616","1186","29200","25"
"2012-05-16","0","1976500","1976500","622","3178","29500","67"
"2012-05-15","0","1180000","1180000","622","1897","29500","40"
"2012-05-11","0.97","1357000","1357000","622","2182","29500","46"
"2012-05-10","0","1752000","1752000","616","2846","29200","60"
"2012-05-09","0.82","1460000","1460000","616","2371","29200","50"
"2012-05-08","0","1421000","1421000","611","2324","29000","49"
"2012-05-07","0","48720000","48720000","611","79675","29000","1680"
"2012-05-04","0","58000","58000","611","95","29000","2"
"2012-05-03","0","406000","406000","611","664","29000","14"
"2012-05-02","0","87000","87000","611","142","29000","3"
"2012-04-30","7.38","11890000","11890000","611","19445","29000","410"
"2012-04-27","0","2727000","2727000","569","4790","27000","101"
"2012-04-26","0","108000","108000","569","190","27000","4"
"2012-04-25","3.83","4077000","4077000","569","7161","27000","151"
"2012-04-24","-3.69","2834000","2834000","548","5169","26000","109"
"2012-04-23","3.83","594000","594000","569","1043","27000","22"
"2012-04-20","1.86","260000","260000","548","474","26000","10"
"2012-04-17","-1.47","459000","459000","538","854","25500","18"
"2012-04-13","1.49","777000","777000","546","1423","25900","30"
"2012-04-12","-1.47","612000","612000","538","1138","25500","24"
"2012-04-10","0","1295000","1295000","546","2371","25900","50"
"2012-04-06","-7.46","518000","518000","546","949","25900","20"
"2012-04-04","0","280000","280000","590","474","28000","10"
"2012-04-03","0","7700000","7700000","590","13042","28000","275"
"2012-04-02","0","140000","140000","590","237","28000","5"
"2012-03-30","0","224000","224000","590","379","28000","8"
"2012-03-29","0","1904000","1904000","590","3225","28000","68"
"2012-03-28","0","1064000","1064000","590","1802","28000","38"
"2012-03-27","0","1036000","1036000","590","1755","28000","37"
"2012-03-23","0","1400000","1400000","590","2371","28000","50"
"2012-03-21","0","308000","308000","590","522","28000","11"
"2012-03-20","0","84000","84000","590","142","28000","3"
"2012-03-16","0","4984000","4984000","590","8442","28000","178"
"2012-03-15","0","6552000","6552000","590","11098","28000","234"
"2012-03-13","3.69","560000","560000","590","949","28000","20"
"2012-03-09","1.79","60372000","60372000","569","106044","27000","2236"
"2012-03-08","-1.76","397650","397650","559","711","26510","15"
"2012-03-05","0","216000","216000","569","379","27000","8"
"2012-03-02","0","1620000","1620000","569","2846","27000","60"
"2012-02-29","0","14553000","14553000","569","25562","27000","539"
"2012-02-27","0.71","297000","297000","569","522","27000","11"
"2012-02-24","-2.59","268000","268000","565","474","26800","10"
"2012-02-23","0","7150000","7150000","580","12331","27500","260"
"2012-02-22","0","27500","27500","580","47","27500","1"
"2012-02-20","0","852500","852500","580","1470","27500","31"
"2012-02-17","-1.69","357500","357500","580","617","27500","13"
"2012-02-14","0","224000","224000","590","379","28000","8"
"2012-02-08","0","1064000","1064000","590","1802","28000","38"
"2012-02-06","-2.48","532000","532000","590","901","28000","19"
"2012-02-02","-0.98","2583000","2583000","605","4268","28700","90"
"2012-02-01","0","203000","203000","611","332","29000","7"
"2012-01-30","-0.16","3567000","3567000","611","5833","29000","123"
"2012-01-26","0","870150","870150","612","1423","29005","30"
"2012-01-25","3.73","3857665","3857665","612","6308","29005","133"
"2012-01-24","0.17","3388000","3388000","590","5739","28000","121"
"2012-01-23","-0.17","1677000","1677000","589","2846","27950","60"
"2012-01-19","-3.44","2268000","2268000","590","3841","28000","81"
"2012-01-04","3.56","203000000","203000000","611","331980","29000","7000"
"2011-12-30","2.25","13720000","13720000","590","23239","28000","490"
"2011-12-27","0","2735000","2735000","577","4743","27350","100"
"2011-12-23","-0.52","2844400","2844400","577","4932","27350","104"
"2011-12-19","-14.07","220000","220000","580","379","27500","8"
"2011-12-14","-0.44","3648000","3648000","675","5407","32000","114"
"2011-12-12","7.62","1607000","1607000","678","2371","32140","50"
"2011-12-08","-0.47","598000","598000","630","949","29900","20"
"2011-12-06","0","900000","900000","633","1423","30000","30"
"2011-12-05","0","750000","750000","633","1186","30000","25"
"2011-12-02","0","660000","660000","633","1043","30000","22"
"2011-11-28","0","150000","150000","633","237","30000","5"
"2011-11-25","0","1620000","1620000","633","2561","30000","54"
"2011-11-24","0","420000","420000","633","664","30000","14"
"2011-11-23","0","360000","360000","633","569","30000","12"
"2011-11-17","0","300000","300000","633","474","30000","10"
"2011-11-16","0","30000","30000","633","47","30000","1"
"2011-11-14","0","450000","450000","633","711","30000","15"
"2011-11-11","0","1530255","1530255","633","2419","30005","51"
"2011-11-10","0","300050","300050","633","474","30005","10"
"2011-11-04","0","34500000","34500000","633","54540","30000","1150"
"2011-11-03","6.75","10050000","10050000","633","15888","30000","335"
"2011-10-31","-2.95","562000","562000","593","949","28100","20"
"2011-10-28","0","20532000","20532000","611","33577","29000","708"
"2011-10-27","0","3335000","3335000","611","5454","29000","115"
"2011-10-25","0.16","638000","638000","611","1043","29000","22"
"2011-10-24","3.39","2895000","2895000","610","4743","28950","100"
"2011-10-20","0","2800000","2800000","590","4743","28000","100"
"2011-10-19","-3.44","336000","336000","590","569","28000","12"
"2011-10-10","3.56","1450000","1450000","611","2371","29000","50"
"2011-10-07","-3.44","1680000","1680000","590","2846","28000","60"
"2011-10-04","0","145000","145000","611","237","29000","5"
"2011-10-03","0","145000","145000","611","237","29000","5"
"2011-09-30","0","667000","667000","611","1091","29000","23"
"2011-09-29","0","2320000","2320000","611","3794","29000","80"
"2011-09-28","1.66","2958000","2958000","611","4837","29000","102"
"2011-09-26","0","114000","114000","601","190","28500","4"
"2011-09-23","1.86","5643000","5643000","601","9390","28500","198"
"2011-09-22","0","280000","280000","590","474","28000","10"
"2011-09-20","0","28000","28000","590","47","28000","1"
"2011-09-19","0","896000","896000","590","1518","28000","32"
"2011-09-16","1.72","224000","224000","590","379","28000","8"
"2011-09-15","0","715000","715000","580","1233","27500","26"
"2011-09-14","0","1815000","1815000","580","3130","27500","66"
"2011-09-13","0","2310000","2310000","580","3984","27500","84"
"2011-09-05","0","55000","55000","580","95","27500","2"
"2011-09-02","-5.07","330000","330000","580","569","27500","12"
"2011-08-29","0","1363000","1363000","611","2229","29000","47"
"2011-08-25","0","1566000","1566000","611","2561","29000","54"
"2011-08-24","0","551000","551000","611","901","29000","19"
"2011-08-23","0","2900000","2900000","611","4743","29000","100"
"2011-08-22","0","725000","725000","611","1186","29000","25"
"2011-08-19","0","1508000","1508000","611","2466","29000","52"
"2011-08-18","0","435000","435000","611","711","29000","15"
"2011-08-16","0","522000","522000","611","854","29000","18"
"2011-08-11","0","580000","580000","611","949","29000","20"
"2011-08-09","0","377000","377000","611","617","29000","13"
"2011-08-05","0","145000","145000","611","237","29000","5"
"2011-08-04","0","725000","725000","611","1186","29000","25"
"2011-08-03","-6.57","2088000","2088000","611","3415","29000","72"
"2011-07-28","3.32","775000","775000","654","1186","31000","25"
"2011-07-25","0","3000000","3000000","633","4743","30000","100"
"2011-07-13","0","90000","90000","633","142","30000","3"
"2011-07-12","0","2160000","2160000","633","3415","30000","72"
"2011-07-11","0","720000","720000","633","1138","30000","24"
"2011-07-08","0","1350225","1350225","633","2134","30005","45"
"2011-07-06","0","3990000","3990000","633","6308","30000","133"
"2011-07-05","0","300000","300000","633","474","30000","10"
"2011-07-04","1.77","1680000","1680000","633","2656","30000","56"
"2011-07-01","1.3","2507500","2507500","622","4031","29500","85"
"2011-06-29","0","291150","291150","614","474","29115","10"
"2011-06-28","0.49","436500","436500","614","711","29100","15"
"2011-06-24","0","1218000","1218000","611","1992","29000","42"
"2011-06-21","0","1769000","1769000","611","2893","29000","61"
"2011-06-20","0","2465000","2465000","611","4031","29000","85"
"2011-06-17","0","1682000","1682000","611","2751","29000","58"
"2011-06-16","3.56","1218000","1218000","611","1992","29000","42"
"2011-06-15","0","728000","728000","590","1233","28000","26"
"2011-06-14","-6.79","364000","364000","590","617","28000","13"
"2011-06-09","0","30000","30000","633","47","30000","1"
"2011-06-08","-6.91","390000","390000","633","617","30000","13"
"2011-06-07","7.42","322500","322500","680","474","32250","10"
"2011-06-03","3.6","7560000","7560000","633","11951","30000","252"
"2011-06-01","-3.48","3799000","3799000","611","6213","29000","131"
"2011-05-26","0","3000000","3000000","633","4743","30000","100"
"2011-05-25","3.6","870000","870000","633","1375","30000","29"
"2011-05-17","3.56","4611000","4611000","611","7541","29000","159"
"2011-05-16","0","140000","140000","590","237","28000","5"
"2011-05-13","0","11200000","11200000","590","18970","28000","400"
"2011-05-12","0","8120000","8120000","590","13753","28000","290"
"2011-05-11","0","8400000","8400000","590","14228","28000","300"
"2011-05-05","0","784000","784000","590","1328","28000","28"
"2011-05-04","0","700000","700000","590","1186","28000","25"
"2011-04-21","0","1232000","1232000","590","2087","28000","44"
"2011-04-20","0","700000","700000","590","1186","28000","25"
"2011-04-18","0","1680000","1680000","590","2846","28000","60"
"2011-04-15","-3.44","1400000","1400000","590","2371","28000","50"
"2011-04-14","-3.48","870000","870000","611","1423","29000","30"
"2011-02-10","0.48","15000000","15000000","633","23713","30000","500"
"2011-02-04","6.78","299000","299000","630","474","29900","10"
"2011-02-02","-3.44","840000","840000","590","1423","28000","30"
"2011-01-27","0","1421000","1421000","611","2324","29000","49"
"2011-01-25","0","522000","522000","611","854","29000","18"
"2011-01-24","0","667000","667000","611","1091","29000","23"
"2011-01-19","7.38","1160000","1160000","611","1897","29000","40"
"2011-01-18","-9.68","486000","486000","569","854","27000","18"
"2011-01-12","0","986700","986700","630","1565","29900","33"
"2011-01-06","-0.47","2362100","2362100","630","3747","29900","79"
"2011-01-03","0","30000","30000","633","47","30000","1"
"2010-12-27","0","750000","750000","633","1186","30000","25"
"2010-12-24","0","750000","750000","633","1186","30000","25"
"2010-12-22","0","630000","630000","633","996","30000","21"
"2010-12-21","0","3030000","3030000","633","4790","30000","101"
"2010-12-20","0","750000","750000","633","1186","30000","25"
"2010-12-17","0","900000","900000","633","1423","30000","30"
"2010-12-16","0","1560000","1560000","633","2466","30000","52"
"2010-12-15","3.6","4410000","4410000","633","6972","30000","147"
"2010-12-14","-3.48","725000","725000","611","1186","29000","25"
"2010-12-13","3.6","15060000","15060000","633","23808","30000","502"
"2010-12-10","0","1450000","1450000","611","2371","29000","50"
"2010-12-08","0","841000","841000","611","1375","29000","29"
"2010-12-03","0","580000","580000","611","949","29000","20"
"2010-12-02","0","58000","58000","611","95","29000","2"
"2010-12-01","0","609000","609000","611","996","29000","21"
"2010-11-30","3.56","435000","435000","611","711","29000","15"
"2010-11-26","0","420000","420000","590","711","28000","15"
"2010-11-25","0","56000","56000","590","95","28000","2"
"2010-11-24","0","140000","140000","590","237","28000","5"
"2010-11-18","0","140000","140000","590","237","28000","5"
"2010-11-17","0","812000","812000","590","1375","28000","29"
"2010-11-11","0","420000","420000","590","711","28000","15"
"2010-11-09","0","4480000","4480000","590","7588","28000","160"
"2010-11-08","0","5796000","5796000","590","9817","28000","207"
"2010-11-05","0","5880000","5880000","590","9959","28000","210"
"2010-11-04","0","5600000","5600000","590","9485","28000","200"
"2010-11-03","0","14028000","14028000","590","23760","28000","501"
"2010-11-02","0","3388000","3388000","590","5739","28000","121"
"2010-10-29","0","2408000","2408000","590","4079","28000","86"
"2010-10-28","2.08","7168000","7168000","590","12141","28000","256"
"2010-10-27","0","2986600","2986600","578","5169","27400","109"
"2010-10-26","-0.34","1096000","1096000","578","1897","27400","40"
"2010-10-25","0","1649700","1649700","580","2846","27495","60"
"2010-10-22","0","2062500","2062500","580","3557","27500","75"
"2010-10-21","0","192500","192500","580","332","27500","7"
"2010-10-20","0","467500","467500","580","806","27500","17"
"2010-10-18","0","22275000","22275000","580","38415","27500","810"
"2010-10-15","0","75817500","75817500","580","130753","27500","2757"
"2010-10-13","0","2475000","2475000","580","4268","27500","90"
"2010-10-08","0","27525","27525","580","47","27525","1"
"2010-10-07","0","1376250","1376250","580","2371","27525","50"
"2010-10-06","0","1101000","1101000","580","1897","27525","40"
"2010-10-05","0","385350","385350","580","664","27525","14"
"2010-10-04","0","4950000","4950000","580","8537","27500","180"
"2010-10-01","-1.02","28875000","28875000","580","49797","27500","1050"
"2010-09-28","-0.68","23657800","23657800","586","40359","27800","851"
"2010-09-27","0","1400000","1400000","590","2371","28000","50"
"2010-09-23","0","560000","560000","590","949","28000","20"
"2010-09-22","0","1764000","1764000","590","2988","28000","63"
"2010-09-21","0","476000","476000","590","806","28000","17"
"2010-09-20","0","952000","952000","590","1612","28000","34"
"2010-09-16","0","2800000","2800000","590","4743","28000","100"
"2010-09-15","0","1820000","1820000","590","3083","28000","65"
"2010-09-14","0","5600000","5600000","590","9485","28000","200"
"2010-09-13","0","4200000","4200000","590","7114","28000","150"
"2010-09-09","0","1400000","1400000","590","2371","28000","50"
"2010-09-08","0","2800000","2800000","590","4743","28000","100"
"2010-09-07","0","1652000","1652000","590","2798","28000","59"
"2010-09-03","0","2856000","2856000","590","4837","28000","102"
"2010-09-02","-0.17","504000","504000","590","854","28000","18"
"2010-09-01","0.17","224280","224280","591","379","28035","8"
"2010-08-31","-0.17","336000","336000","590","569","28000","12"
"2010-08-30","0.17","420750","420750","591","711","28050","15"
"2010-08-26","-1.83","2996000","2996000","590","5075","28000","107"
"2010-08-25","-1.8","2080500","2080500","601","3462","28500","73"
"2010-08-24","-1.61","1450250","1450250","612","2371","29005","50"
"2010-08-23","0","737500","737500","622","1186","29500","25"
"2010-08-19","0","1681500","1681500","622","2703","29500","57"
"2010-08-18","-1.74","826000","826000","622","1328","29500","28"
"2010-08-16","0","2550000","2550000","633","4031","30000","85"
"2010-08-13","0","1830000","1830000","633","2893","30000","61"
"2010-08-12","0","1200000","1200000","633","1897","30000","40"
"2010-08-10","0","930000","930000","633","1470","30000","31"
"2010-08-09","0","1500000","1500000","633","2371","30000","50"
"2010-08-06","0","7200000","7200000","633","11382","30000","240"
"2010-08-05","0","8100000","8100000","633","12805","30000","270"
"2010-08-03","0","6030000","6030000","633","9533","30000","201"
"2010-08-02","0","270000","270000","633","427","30000","9"
"2010-07-30","0","12900000","12900000","633","20393","30000","430"
"2010-07-29","0","5970000","5970000","633","9438","30000","199"
"2010-07-28","0","1050000","1050000","633","1660","30000","35"
"2010-07-27","0","1200000","1200000","633","1897","30000","40"
"2010-07-26","0","1500000","1500000","633","2371","30000","50"
"2010-07-23","0","840000","840000","633","1328","30000","28"
"2010-07-22","0","2100000","2100000","633","3320","30000","70"
"2010-07-21","0","30000","30000","633","47","30000","1"
"2010-07-20","0","300000","300000","633","474","30000","10"
"2010-07-19","0","780000","780000","633","1233","30000","26"
"2010-07-16","3.6","1500000","1500000","633","2371","30000","50"
"2010-07-15","-3.48","928000","928000","611","1518","29000","32"
"2010-07-13","0","60000","60000","633","95","30000","2"
"2010-07-12","0","1020000","1020000","633","1612","30000","34"
"2010-07-08","0","7800000","7800000","633","12331","30000","260"
"2010-07-06","0","4320000","4320000","633","6829","30000","144"
"2010-07-05","0","6000000","6000000","633","9485","30000","200"
"2010-07-02","0","390000","390000","633","617","30000","13"
"2010-07-01","0","12300000","12300000","633","19445","30000","410"
"2010-06-30","0","10800000","10800000","633","17073","30000","360"
"2010-06-29","0","330000","330000","633","522","30000","11"
"2010-06-25","0","2250000","2250000","633","3557","30000","75"
"2010-06-24","0","540000","540000","633","854","30000","18"
"2010-06-23","-3.21","360000","360000","633","569","30000","12"
"2010-06-15","0","465000","465000","654","711","31000","15"
"2010-06-10","0","310150","310150","654","474","31015","10"
"2010-06-04","0","310150","310150","654","474","31015","10"
"2010-06-01","0","620100","620100","654","949","31005","20"
"2010-05-21","3.32","106826000","106826000","654","163429","31000","3446"
"2010-05-17","-7.59","360000000","360000000","633","569109","30000","12000"
"2010-05-12","8.21","585000","585000","685","854","32500","18"
"2010-04-22","5.15","247890000","247890000","633","391879","30000","8263"
"2010-04-12","","14282500","14282500","602","23713","28565","500"
