"Date","Variation","Valeur","Volume Devise Total","Cours Ajuste","Volume Ajuste Total","Cours Normal","Volume Normal Total"
"2026-09-09","-0.36","19870160","19870160","5470","3630","5470","3630"
"2026-09-08","0.83","14865575","14865575","5490","2720","5490","2720"
"2026-09-07","-0.09","23850700","23850700","5445","4420","5445","4420"
"2026-09-04","0.28","29718080","29718080","5450","5505","5450","5505"
"2026-09-03","0.74","23164620","23164620","5435","4288","5435","4288"
"2026-09-02","-1.1","44498935","44498935","5395","8224","5395","8224"
"2026-09-01","-0.46","22503245","22503245","5455","4134","5455","4134"
"2026-08-31","-0.36","36042095","36042095","5480","6677","5480","6677"
"2026-08-28","-2.57","30048390","30048390","5500","5401","5500","5401"
"2026-08-27","5.42","47600875","47600875","5645","8584","5645","8584"
"2026-08-26","0.19","16666555","16666555","5355","3103","5355","3103"
"2026-08-24","1.23","22628145","22628145","5345","4272","5345","4272"
"2026-08-21","0.57","104075165","104075165","5280","20169","5280","20169"
"2026-08-20","1.94","50148155","50148155","5250","9671","5250","9671"
"2026-08-19","0","53966385","53966385","5150","10419","5150","10419"
"2026-08-18","0","12405950","12405950","5150","2411","5150","2411"
"2026-08-17","0.59","25168005","25168005","5150","4951","5150","4951"
"2026-08-14","0.39","6473275","6473275","5120","1271","5120","1271"
"2026-08-13","0","58645870","58645870","5100","11481","5100","11481"
"2026-08-12","0","37701875","37701875","5100","7379","5100","7379"
"2026-08-11","-1.92","16170490","16170490","5100","3171","5100","3171"
"2026-08-10","0","40257935","40257935","5200","7924","5200","7924"
"2026-08-06","2.46","22758980","22758980","5200","4425","5200","4425"
"2026-08-05","-0.49","15928695","15928695","5075","3151","5075","3151"
"2026-08-04","-1.92","12736460","12736460","5100","2490","5100","2490"
"2026-08-03","-1.7","5408265","5408265","5200","1036","5200","1036"
"2026-07-31","0","30609840","30609840","5290","5875","5290","5875"
"2026-07-30","0","15382915","15382915","5290","2912","5290","2912"
"2026-07-29","-2.04","35789115","35789115","5290","6667","5290","6667"
"2026-07-28","2.86","58874720","58874720","5400","11322","5400","11322"
"2026-07-27","-0.94","37323685","37323685","5250","7161","5250","7161"
"2026-07-24","-0.84","13070915","13070915","5300","2462","5300","2462"
"2026-07-23","2.79","39249510","39249510","5345","7542","5345","7542"
"2026-07-22","0.1","80732975","80732975","5200","15890","5200","15890"
"2026-07-21","-3.53","42212045","42212045","5195","8089","5195","8089"
"2026-07-20","0.65","34477955","34477955","5385","6468","5385","6468"
"2026-07-17","-0.83","35250915","35250915","5350","6615","5350","6615"
"2026-07-16","5.58","78200725","78200725","5395","14858","5395","14858"
"2026-07-15","7.47","71632610","71632610","5110","14419","5110","14419"
"2026-07-14","0.96","57492575","57492575","4755","12072","4755","12072"
"2026-07-13","-1.67","28087535","28087535","4710","5976","4710","5976"
"2026-07-10","6.44","50347810","50347810","4790","11023","4790","11023"
"2026-07-09","3.69","31227285","31227285","4500","7001","4500","7001"
"2026-07-08","5.34","44164675","44164675","4340","10454","4340","10454"
"2026-07-07","-3.06","233848430","233848430","4120","57617","4120","57617"
"2026-07-06","0.24","44407695","44407695","4250","10520","4250","10520"
"2026-07-03","0.95","75262080","75262080","4240","18123","4240","18123"
"2026-07-02","0.24","45607025","45607025","4200","10864","4200","10864"
"2026-07-01","-0.12","21497825","21497825","4190","5161","4190","5161"
"2026-06-30","0.24","32034250","32034250","4195","7661","4195","7661"
"2026-06-29","1.7","33241090","33241090","4185","7983","4185","7983"
"2026-06-26","1.73","20177870","20177870","4115","4944","4115","4944"
"2026-06-25","-3.23","37328125","37328125","4045","9079","4045","9079"
"2026-06-24","4.89","29695325","29695325","4180","7334","4180","7334"
"2026-06-23","3.51","102200690","102200690","3985","26431","3985","26431"
"2026-06-22","2.39","14082670","14082670","3850","3728","3850","3728"
"2026-06-19","1.48","34446825","34446825","3760","9156","3760","9156"
"2026-06-18","-1.46","22107210","22107210","3705","5930","3705","5930"
"2026-06-17","1.48","48920225","48920225","3760","13176","3760","13176"
"2026-06-16","0","29305095","29305095","3705","7893","3705","7893"
"2026-06-15","0.14","21777515","21777515","3705","5867","3705","5867"
"2026-06-12","0","22341870","22341870","3700","6030","3700","6030"
"2026-06-11","-0.94","26339010","26339010","3700","7083","3700","7083"
"2026-06-10","-0.13","83551045","83551045","3735","22523","3735","22523"
"2026-06-09","1.08","11020605","11020605","3740","2941","3740","2941"
"2026-06-08","-0.13","103074425","103074425","3700","27802","3700","27802"
"2026-06-05","-0.94","90351755","90351755","3705","24317","3705","24317"
"2026-06-04","0","49078210","49078210","3740","13144","3740","13144"
"2026-06-03","1.22","67005190","67005190","3740","18073","3740","18073"
"2026-06-02","-0.14","16894660","16894660","3695","4551","3695","4551"
"2026-06-01","-0.8","24533540","24533540","3700","6604","3700","6604"
"2026-05-29","0","15178090","15178090","3730","4089","3730","4089"
"2026-05-28","-0.27","13279125","13279125","3730","3568","3730","3568"
"2026-05-26","0.27","10030000","10030000","3740","2678","3740","2678"
"2026-05-22","0.81","22981015","22981015","3730","6204","3730","6204"
"2026-05-21","0.27","42598115","42598115","3700","11543","3700","11543"
"2026-05-20","6.34","102689410","102689410","3690","29157","3690","29157"
"2026-05-19","-0.57","14033990","14033990","3470","4031","3470","4031"
"2026-05-18","1.31","21789630","21789630","3490","6300","3490","6300"
"2026-05-15","1.47","33398465","33398465","3445","9702","3445","9702"
"2026-05-13","-1.31","25203800","25203800","3395","7385","3395","7385"
"2026-05-12","-0.29","19710885","19710885","3440","5724","3440","5724"
"2026-05-11","-1","36424995","36424995","3450","10497","3450","10497"
"2026-05-08","-0.43","36450690","36450690","3485","10423","3485","10423"
"2026-05-07","0","31981120","31981120","3500","9120","3500","9120"
"2026-05-06","0","18829865","18829865","3500","5287","3500","5287"
"2026-05-05","-3.58","20105100","20105100","3500","5746","3500","5746"
"2026-05-04","-0.82","32475165","32475165","3630","9029","3630","9029"
"2026-04-30","3.24","29680700","29680700","3660","8197","3660","8197"
"2026-04-29","1.29","9035150","9035150","3545","2571","3545","2571"
"2026-04-28","2.49","29878700","29878700","3500","8854","3500","8854"
"2026-04-27","-5.53","11473240","11473240","3415","3271","3415","3271"
"2026-04-24","-3.86","23792325","23792325","3615","6513","3615","6513"
"2026-04-23","7.43","61656610","61656610","3760","16818","3760","16818"
"2026-04-22","4.17","111806840","111806840","3500","32917","3500","32917"
"2026-04-21","1.66","66690570","66690570","3360","20041","3360","20041"
"2026-04-20","3.28","91836045","91836045","3305","27574","3305","27574"
"2026-04-17","6.67","100760545","100760545","3200","32890","3200","32890"
"2026-04-16","6.01","136433035","136433035","3000","45775","3000","45775"
"2026-04-15","0","10802965","10802965","2830","3810","2830","3810"
"2026-04-14","-2.25","16510225","16510225","2830","5755","2830","5755"
"2026-04-13","2.48","25081420","25081420","2895","8701","2895","8701"
"2026-04-10","0.89","21011025","21011025","2825","7462","2825","7462"
"2026-04-09","0","27202750","27202750","2800","9701","2800","9701"
"2026-04-08","-0.36","77255565","77255565","2800","27559","2800","27559"
"2026-04-07","5.64","28182965","28182965","2810","10115","2810","10115"
"2026-04-03","0","9028620","9028620","2660","3357","2660","3357"
"2026-04-02","-1.48","1593430","1593430","2660","592","2660","592"
"2026-04-01","3.05","20891535","20891535","2700","7882","2700","7882"
"2026-03-31","-0.57","10466855","10466855","2620","3969","2620","3969"
"2026-03-30","-0.57","14470300","14470300","2635","5456","2635","5456"
"2026-03-27","-1.49","21103030","21103030","2650","7920","2650","7920"
"2026-03-26","3.07","18258155","18258155","2690","6847","2690","6847"
"2026-03-25","1.36","10448615","10448615","2610","3950","2610","3950"
"2026-03-24","4.67","14501880","14501880","2575","5655","2575","5655"
"2026-03-23","-2.96","35863175","35863175","2460","14412","2460","14412"
"2026-03-19","-2.87","28093220","28093220","2535","11069","2535","11069"
"2026-03-18","-4.4","52130955","52130955","2610","20168","2610","20168"
"2026-03-17","-7.46","69908090","69908090","2730","25606","2730","25606"
"2026-03-13","0","11810625","11810625","2950","4051","2950","4051"
"2026-03-12","-1.17","17187720","17187720","2950","5783","2950","5783"
"2026-03-11","0","19764305","19764305","2985","6640","2985","6640"
"2026-03-10","0.17","26911760","26911760","2985","9031","2985","9031"
"2026-03-09","7.19","47143035","47143035","2980","16008","2980","16008"
"2026-03-06","2.96","74061700","74061700","2780","28284","2780","28284"
"2026-03-05","-0.74","53352570","53352570","2700","19836","2700","19836"
"2026-03-04","0.74","25701275","25701275","2720","9401","2720","9401"
"2026-03-03","-1.82","23644860","23644860","2700","8580","2700","8580"
"2026-03-02","-5.5","149926555","149926555","2750","54376","2750","54376"
"2026-02-27","-2.84","54669800","54669800","2910","19456","2910","19456"
"2026-02-26","5.46","70550815","70550815","2995","24734","2995","24734"
"2026-02-25","5.58","34789345","34789345","2840","12801","2840","12801"
"2026-02-24","2.87","7765490","7765490","2690","2888","2690","2888"
"2026-02-23","1.36","12551820","12551820","2615","4876","2615","4876"
"2026-02-20","-0.77","9527830","9527830","2580","3687","2580","3687"
"2026-02-19","0","7243535","7243535","2600","2791","2600","2791"
"2026-02-18","0.19","13126410","13126410","2600","5093","2600","5093"
"2026-02-17","1.96","16557390","16557390","2595","6505","2595","6505"
"2026-02-16","1.8","4146780","4146780","2545","1626","2545","1626"
"2026-02-13","-1.96","10464105","10464105","2500","4151","2500","4151"
"2026-02-12","-1.92","8559230","8559230","2550","3319","2550","3319"
"2026-02-11","0.97","2429700","2429700","2600","934","2600","934"
"2026-02-10","-0.96","7855365","7855365","2575","3026","2575","3026"
"2026-02-09","-0.19","8500275","8500275","2600","3263","2600","3263"
"2026-02-06","0","14296555","14296555","2605","5483","2605","5483"
"2026-02-05","-1.7","11565705","11565705","2605","4430","2605","4430"
"2026-02-04","0.95","1948885","1948885","2650","739","2650","739"
"2026-02-03","-0.38","2328025","2328025","2625","887","2625","887"
"2026-02-02","0.38","12569720","12569720","2635","4827","2635","4827"
"2026-01-30","0.77","7844605","7844605","2625","3001","2625","3001"
"2026-01-29","0.19","2265145","2265145","2605","869","2605","869"
"2026-01-28","0","9302200","9302200","2600","3581","2600","3581"
"2026-01-27","-0.95","2880940","2880940","2600","1117","2600","1117"
"2026-01-26","1.16","7736270","7736270","2625","3020","2625","3020"
"2026-01-23","-0.19","3862455","3862455","2595","1493","2595","1493"
"2026-01-22","-1.14","3411200","3411200","2600","1312","2600","1312"
"2026-01-21","-0.38","2117270","2117270","2630","802","2630","802"
"2026-01-20","-0.19","2586910","2586910","2640","984","2640","984"
"2026-01-19","0.38","2647150","2647150","2645","1001","2645","1001"
"2026-01-16","3.33","2110760","2110760","2635","821","2635","821"
"2026-01-15","0","2444780","2444780","2550","957","2550","957"
"2026-01-14","-1.92","4319850","4319850","2550","1674","2550","1674"
"2026-01-13","-0.76","3228265","3228265","2600","1236","2600","1236"
"2026-01-12","0.58","2013300","2013300","2620","765","2620","765"
"2026-01-09","1.36","2702635","2702635","2605","1051","2605","1051"
"2026-01-08","0.78","1494460","1494460","2570","586","2570","586"
"2026-01-07","-0.97","2445615","2445615","2550","964","2550","964"
"2026-01-06","-0.58","4912530","4912530","2575","1932","2575","1932"
"2026-01-05","-0.38","1052560","1052560","2590","410","2590","410"
"2026-01-02","-0.38","2842190","2842190","2600","1117","2600","1117"
"2025-12-31","-0.19","3830590","3830590","2610","1476","2610","1476"
"2025-12-30","-0.76","1029405","1029405","2615","394","2615","394"
"2025-12-29","-0.57","12684785","12684785","2635","5119","2635","5119"
"2025-12-26","4.13","3425815","3425815","2650","1333","2650","1333"
"2025-12-24","-7.45","10504705","10504705","2545","4127","2545","4127"
"2025-12-23","5.77","1214465","1214465","2750","442","2750","442"
"2025-12-22","1.36","20047565","20047565","2600","7543","2600","7543"
"2025-12-19","-1.35","13961645","13961645","2565","5364","2565","5364"
"2025-12-18","-0.76","9883245","9883245","2600","3803","2600","3803"
"2025-12-17","3.56","3147900","3147900","2620","1229","2620","1229"
"2025-12-16","1.2","2366045","2366045","2530","943","2530","943"
"2025-12-15","0","1641185","1641185","2500","657","2500","657"
"2025-12-12","0.81","5211775","5211775","2500","2102","2500","2102"
"2025-12-11","-0.4","4647525","4647525","2480","1867","2480","1867"
"2025-12-10","0","11966250","11966250","2490","4856","2490","4856"
"2025-12-09","-0.4","9133845","9133845","2490","3696","2490","3696"
"2025-12-08","0.4","4722155","4722155","2500","1895","2500","1895"
"2025-12-05","-0.2","5775570","5775570","2490","2318","2490","2318"
"2025-12-04","-0.2","24779085","24779085","2495","10081","2495","10081"
"2025-12-03","0","13468190","13468190","2500","5479","2500","5479"
"2025-12-02","0","8322250","8322250","2500","3332","2500","3332"
"2025-12-01","0.2","2422975","2422975","2500","971","2500","971"
"2025-11-28","0","2425785","2425785","2495","971","2495","971"
"2025-11-27","-0.2","9345325","9345325","2495","3742","2495","3742"
"2025-11-26","0","1257500","1257500","2500","503","2500","503"
"2025-11-25","-0.79","17174755","17174755","2500","6865","2500","6865"
"2025-11-24","-0.2","1551195","1551195","2520","616","2520","616"
"2025-11-21","0","583105","583105","2525","231","2525","231"
"2025-11-20","-0.2","4041745","4041745","2525","1623","2525","1623"
"2025-11-19","0","14690575","14690575","2530","5852","2530","5852"
"2025-11-18","0","3652860","3652860","2530","1459","2530","1459"
"2025-11-17","0.8","1214280","1214280","2530","484","2530","484"
"2025-11-14","0.4","5155825","5155825","2510","2061","2510","2061"
"2025-11-13","-1.77","4155890","4155890","2500","1658","2500","1658"
"2025-11-12","0","2694395","2694395","2545","1054","2545","1054"
"2025-11-11","0","4140485","4140485","2545","1633","2545","1633"
"2025-11-10","1.8","1191000","1191000","2545","474","2545","474"
"2025-11-07","-2.34","8182525","8182525","2500","3267","2500","3267"
"2025-11-06","0","3970555","3970555","2560","1544","2560","1544"
"2025-11-05","0.39","4366485","4366485","2560","1709","2560","1709"
"2025-11-04","-0.39","2995733855","2995733855","2550","1193492","2550","1193492"
"2025-11-03","-1.35","6409950","6409950","2560","2474","2560","2474"
"2025-10-31","0.19","43003380","43003380","2595","16642","2595","16642"
"2025-10-30","-0.19","8996220","8996220","2590","3482","2590","3482"
"2025-10-29","0.58","14040155","14040155","2595","5424","2595","5424"
"2025-10-28","0","4556975","4556975","2580","1765","2580","1765"
"2025-10-27","-0.58","2717355","2717355","2580","1053","2580","1053"
"2025-10-24","0","12027505","12027505","2595","4653","2595","4653"
"2025-10-23","0.97","2954130","2954130","2595","1149","2595","1149"
"2025-10-22","1.58","6352375","6352375","2570","2479","2570","2479"
"2025-10-21","0","3560260","3560260","2530","1378","2530","1378"
"2025-10-20","-2.5","7443830","7443830","2530","2958","2530","2958"
"2025-10-17","-0.19","6593690","6593690","2595","2538","2595","2538"
"2025-10-16","0","10859170","10859170","2600","4177","2600","4177"
"2025-10-15","-1.89","8331995","8331995","2600","3214","2600","3214"
"2025-10-14","1.92","42428930","42428930","2650","16368","2650","16368"
"2025-10-13","-3.7","14257435","14257435","2600","5414","2600","5414"
"2025-10-10","0","10370850","10370850","2700","3837","2700","3837"
"2025-10-09","3.85","6472400","6472400","2700","2449","2700","2449"
"2025-10-08","2.16","5406195","5406195","2600","2104","2600","2104"
"2025-10-07","2.21","12585400","12585400","2545","5008","2545","5008"
"2025-10-06","0.4","12120720","12120720","2490","4805","2490","4805"
"2025-10-03","-0.8","15987685","15987685","2480","6381","2480","6381"
"2025-10-02","0","8946260","8946260","2500","3589","2500","3589"
"2025-10-01","0","7010635","7010635","2500","2805","2500","2805"
"2025-09-30","-0.2","7530695","7530695","2500","3013","2500","3013"
"2025-09-29","-0.4","8374765","8374765","2505","3438","2505","3438"
"2025-09-26","0.2","4096440","4096440","2515","1633","2515","1633"
"2025-09-25","0.4","8886720","8886720","2510","3547","2510","3547"
"2025-09-24","-0.6","5579215","5579215","2500","2237","2500","2237"
"2025-09-23","-1.37","26065920","26065920","2515","10591","2515","10591"
"2025-09-22","1.19","9948565","9948565","2550","3956","2550","3956"
"2025-09-19","-0.98","14638395","14638395","2520","5803","2520","5803"
"2025-09-18","0","5566470","5566470","2545","2214","2545","2214"
"2025-09-17","0.39","12829395","12829395","2545","5084","2545","5084"
"2025-09-16","-1.36","20548270","20548270","2535","8178","2535","8178"
"2025-09-15","-0.19","5183805","5183805","2570","2051","2570","2051"
"2025-09-12","-0.77","7653350","7653350","2575","3003","2575","3003"
"2025-09-11","-0.19","9196260","9196260","2595","3558","2595","3558"
"2025-09-10","0","12845405","12845405","2600","4912","2600","4912"
"2025-09-09","0.19","10030850","10030850","2600","3861","2600","3861"
"2025-09-08","0","2364530","2364530","2595","915","2595","915"
"2025-09-05","-0.19","6649115","6649115","2595","2567","2595","2567"
"2025-09-03","4","13837225","13837225","2600","5451","2600","5451"
"2025-09-02","-4.94","16874650","16874650","2500","6608","2500","6608"
"2025-09-01","0.19","5730490","5730490","2630","2183","2630","2183"
"2025-08-29","1.16","65656970","65656970","2625","25296","2625","25296"
"2025-08-28","-0.19","7875970","7875970","2595","3043","2595","3043"
"2025-08-27","0","16721475","16721475","2600","6486","2600","6486"
"2025-08-26","0.58","14602050","14602050","2600","5626","2600","5626"
"2025-08-25","-0.39","14366640","14366640","2585","5549","2585","5549"
"2025-08-22","0.19","3347915","3347915","2595","1290","2595","1290"
"2025-08-21","0","4641045","4641045","2590","1787","2590","1787"
"2025-08-20","-0.19","9725525","9725525","2590","3750","2590","3750"
"2025-08-19","0.39","1207560","1207560","2595","470","2595","470"
"2025-08-18","-0.58","4006355","4006355","2585","1598","2585","1598"
"2025-08-14","0.78","3920525","3920525","2600","1532","2600","1532"
"2025-08-13","1.18","4344525","4344525","2580","1710","2580","1710"
"2025-08-12","-1.16","2277310","2277310","2550","891","2550","891"
"2025-08-11","2.79","12722190","12722190","2580","5139","2580","5139"
"2025-08-08","-2.71","6405125","6405125","2510","2534","2510","2534"
"2025-08-06","3.2","2902820","2902820","2580","1149","2580","1149"
"2025-08-05","-0.4","7286380","7286380","2500","2913","2500","2913"
"2025-08-04","2.24","869500","869500","2510","347","2510","347"
"2025-08-01","-2.19","87133810","87133810","2455","33282","2455","33282"
"2025-07-31","2.45","62612330","62612330","2510","25501","2510","25501"
"2025-07-30","-2","26253040","26253040","2450","10937","2450","10937"
"2025-07-29","2.25","7616650","7616650","2500","3107","2500","3107"
"2025-07-28","-5.05","14876070","14876070","2445","6063","2445","6063"
"2025-07-25","0","51646340","51646340","2575","21473","2575","21473"
"2025-07-24","-0.58","6590225","6590225","2575","2663","2575","2663"
"2025-07-23","0.58","91090875","91090875","2590","34315","2590","34315"
"2025-07-22","5.1","13595975","13595975","2575","5539","2575","5539"
"2025-07-21","-3.16","7150995","7150995","2450","2897","2450","2897"
"2025-07-18","-0.59","4588765","4588765","2530","1833","2530","1833"
"2025-07-17","-0.2","2423995","2423995","2545","952","2545","952"
"2025-07-16","0.2","730980","730980","2550","289","2550","289"
"2025-07-15","-1.36","3118455","3118455","2545","1237","2545","1237"
"2025-07-14","0","1117040","1117040","2580","438","2580","438"
"2025-07-11","-0.19","842250","842250","2580","327","2580","327"
"2025-07-10","3.4","1102335","1102335","2585","440","2585","440"
"2025-07-09","0.4","25282905","25282905","2500","9825","2500","9825"
"2025-07-08","-1.97","6743390","6743390","2490","2679","2490","2679"
"2025-07-07","5.83","18909025","18909025","2540","8092","2540","8092"
"2025-07-04","1.05","42676755","42676755","2400","17783","2400","17783"
"2025-07-03","-1.25","16187455","16187455","2375","6761","2375","6761"
"2025-07-02","-2.04","10410690","10410690","2405","4333","2405","4333"
"2025-07-01","-6.65","14916735","14916735","2455","5990","2455","5990"
"2025-06-30","-0.75","17846200","17846200","2630","7169","2630","7169"
"2025-06-27","6","13295530","13295530","2650","5308","2650","5308"
"2025-06-26","-7.24","11557920","11557920","2500","4556","2500","4556"
"2025-06-25","-1.82","811315","811315","2695","298","2695","298"
"2025-06-24","2.23","90872655","90872655","2745","34278","2745","34278"
"2025-06-23","-0.37","102307410","102307410","2685","38031","2685","38031"
"2025-06-20","-0.19","6402980","6402980","2695","2368","2695","2368"
"2025-06-19","0","1901525","1901525","2700","705","2700","705"
"2025-06-18","0","756160","756160","2700","280","2700","280"
"2025-06-17","-0.37","9576215","9576215","2700","3512","2700","3512"
"2025-06-16","0.74","5454440","5454440","2710","1939","2710","1939"
"2025-06-13","2.28","5413075","5413075","2690","2031","2690","2031"
"2025-06-12","1.74","15753515","15753515","2630","6044","2630","6044"
"2025-06-11","-0.58","2382045","2382045","2585","950","2585","950"
"2025-06-10","0.19","22144660","22144660","2600","8602","2600","8602"
"2025-06-05","0","3585275","3585275","2595","1381","2595","1381"
"2025-06-04","0.19","1610720","1610720","2595","648","2595","648"
"2025-06-03","-0.38","6500765","6500765","2590","2622","2590","2622"
"2025-06-02","0","621400","621400","2600","239","2600","239"
"2025-05-30","-8.77","3576965","3576965","2600","1329","2600","1329"
"2025-05-28","1.79","25898950","25898950","2850","8889","2850","8889"
"2025-05-27","0","2232220","2232220","2800","805","2800","805"
"2025-05-26","3.51","28886885","28886885","2800","10320","2800","10320"
"2025-05-23","-3.39","2101875","2101875","2705","752","2705","752"
"2025-05-22","-0.71","1711270","1711270","2800","611","2800","611"
"2025-05-21","0.89","1336770","1336770","2820","486","2820","486"
"2025-05-20","1.64","800975","800975","2795","295","2795","295"
"2025-05-19","4.17","15561575","15561575","2750","5870","2750","5870"
"2025-05-16","1.54","31740","31740","2640","12","2640","12"
"2025-05-15","-2.99","1823250","1823250","2600","685","2600","685"
"2025-05-14","3.28","8314985","8314985","2680","3242","2680","3242"
"2025-05-13","0","22892425","22892425","2595","9151","2595","9151"
"2025-05-12","0.78","631540","631540","2595","244","2595","244"
"2025-05-09","0","13222090","13222090","2575","5132","2575","5132"
"2025-05-08","0","725815","725815","2575","282","2575","282"
"2025-05-07","-0.96","3805580","3805580","2575","1473","2575","1473"
"2025-05-06","-1.89","6650695","6650695","2600","2575","2600","2575"
"2025-05-05","3.92","2189780","2189780","2650","853","2650","853"
"2025-05-02","-1.54","19209610","19209610","2550","7465","2550","7465"
"2025-04-30","-7.33","23513555","23513555","2590","9036","2590","9036"
"2025-04-29","0.72","4926530","4926530","2795","1769","2795","1769"
"2025-04-28","-0.54","911860","911860","2775","328","2775","328"
"2025-04-25","0.54","4240260","4240260","2790","1522","2790","1522"
"2025-04-24","0","1177070","1177070","2775","429","2775","429"
"2025-04-23","0","13681230","13681230","2775","5053","2775","5053"
"2025-04-22","0","843600","843600","2775","304","2775","304"
"2025-04-18","-0.54","951870","951870","2775","343","2775","343"
"2025-04-17","0","861435","861435","2790","309","2790","309"
"2025-04-16","0","5239735","5239735","2790","1879","2790","1879"
"2025-04-15","0.18","5288425","5288425","2790","1897","2790","1897"
"2025-04-14","-0.18","336880","336880","2785","121","2785","121"
"2025-04-11","0.9","6783930","6783930","2790","2453","2790","2453"
"2025-04-10","0.18","116819610","116819610","2765","42236","2765","42236"
"2025-04-09","-0.72","2198485","2198485","2760","806","2760","806"
"2025-04-08","0","1220195","1220195","2780","439","2780","439"
"2025-04-07","2.58","2618625","2618625","2780","963","2780","963"
"2025-04-04","-2.17","1627850","1627850","2710","591","2710","591"
"2025-04-03","0","5226125","5226125","2770","1871","2770","1871"
"2025-04-02","0","364145","364145","2770","131","2770","131"
"2025-04-01","-0.89","2857335","2857335","2770","1031","2770","1031"
"2025-03-28","0","12106060","12106060","2795","4411","2795","4411"
"2025-03-26","4.49","6606620","6606620","2795","2399","2795","2399"
"2025-03-25","0","3361790","3361790","2675","1253","2675","1253"
"2025-03-24","0","5649805","5649805","2675","2112","2675","2112"
"2025-03-21","-0.37","118340920","118340920","2675","45519","2675","45519"
"2025-03-20","-7.41","5002455","5002455","2685","1863","2685","1863"
"2025-03-19","-0.51","31023385","31023385","2900","11170","2900","11170"
"2025-03-18","0.17","5736650","5736650","2915","1949","2915","1949"
"2025-03-17","0","153377950","153377950","2910","56713","2910","56713"
"2025-03-14","-4.28","46505005","46505005","2910","15375","2910","15375"
"2025-03-13","1.33","3499765","3499765","3040","1167","3040","1167"
"2025-03-12","0.17","2228245","2228245","3000","748","3000","748"
"2025-03-11","0","20367970","20367970","2995","6792","2995","6792"
"2025-03-10","3.28","2993240","2993240","2995","991","2995","991"
"2025-03-07","-4.76","11775225","11775225","2900","3986","2900","3986"
"2025-03-06","-1.77","3782980","3782980","3045","1242","3045","1242"
"2025-03-05","1.64","8585005","8585005","3100","2714","3100","2714"
"2025-03-04","7.39","17577030","17577030","3050","6062","3050","6062"
"2025-03-03","1.43","2044010","2044010","2840","729","2840","729"
"2025-02-28","0","3483800","3483800","2800","1243","2800","1243"
"2025-02-27","1.82","12451850","12451850","2800","4403","2800","4403"
"2025-02-26","1.1","4123780","4123780","2750","1501","2750","1501"
"2025-02-25","4.21","5515975","5515975","2720","2028","2720","2028"
"2025-02-24","1.56","1683425","1683425","2610","639","2610","639"
"2025-02-21","2.8","11058675","11058675","2570","4287","2570","4287"
"2025-02-20","3.09","10134295","10134295","2500","4062","2500","4062"
"2025-02-19","-2.02","29751550","29751550","2425","12377","2425","12377"
"2025-02-18","1.43","2511520","2511520","2475","1027","2475","1027"
"2025-02-17","2.31","2484360","2484360","2440","1034","2440","1034"
"2025-02-14","-0.63","6051995","6051995","2385","2529","2385","2529"
"2025-02-13","1.48","14708140","14708140","2400","6332","2400","6332"
"2025-02-12","0.64","6454155","6454155","2365","2756","2365","2756"
"2025-02-11","0","1969300","1969300","2350","838","2350","838"
"2025-02-10","2.4","3645010","3645010","2350","1569","2350","1569"
"2025-02-07","-0.22","5693995","5693995","2295","2472","2295","2472"
"2025-02-06","4.55","8809000","8809000","2300","3975","2300","3975"
"2025-02-05","0.46","6078715","6078715","2200","2765","2200","2765"
"2025-02-04","-0.45","3082770","3082770","2190","1414","2190","1414"
"2025-02-03","-4.14","9807830","9807830","2200","4399","2200","4399"
"2025-01-31","6.74","10094375","10094375","2295","4678","2295","4678"
"2025-01-30","-2.05","6106025","6106025","2150","2807","2150","2807"
"2025-01-29","-0.23","3667765","3667765","2195","1669","2195","1669"
"2025-01-28","-4.35","3731355","3731355","2200","1680","2200","1680"
"2025-01-27","-2.54","1469440","1469440","2300","639","2300","639"
"2025-01-24","0","541965","541965","2360","229","2360","229"
"2025-01-23","-1.05","2626900","2626900","2360","1108","2360","1108"
"2025-01-22","-0.21","3770925","3770925","2385","1668","2385","1668"
"2025-01-21","-1.85","1754575","1754575","2390","730","2390","730"
"2025-01-20","-0.61","687690","687690","2435","281","2435","281"
"2025-01-17","1.66","11243365","11243365","2450","5011","2450","5011"
"2025-01-16","-1.63","1043790","1043790","2410","428","2410","428"
"2025-01-15","-1.01","6433035","6433035","2450","2670","2450","2670"
"2025-01-14","3.13","704235","704235","2475","287","2475","287"
"2025-01-13","-4","9555745","9555745","2400","4112","2400","4112"
"2025-01-10","0","404080","404080","2500","162","2500","162"
"2025-01-09","0.4","1747780","1747780","2500","700","2500","700"
"2025-01-08","-0.4","3920920","3920920","2490","1569","2490","1569"
"2025-01-07","-3.47","4060210","4060210","2500","1619","2500","1619"
"2025-01-06","0","1318810","1318810","2590","510","2590","510"
"2025-01-03","0","453815","453815","2590","175","2590","175"
"2025-01-02","0.58","201895","201895","2590","78","2590","78"
"2024-12-31","-0.77","1413685","1413685","2575","546","2575","546"
"2024-12-30","0","3647770","3647770","2595","1430","2595","1430"
"2024-12-27","-0.19","6791360","6791360","2595","2624","2595","2624"
"2024-12-26","0","4861945","4861945","2600","1869","2600","1869"
"2024-12-24","0.39","2557360","2557360","2600","979","2600","979"
"2024-12-23","0.78","3739880","3739880","2590","1452","2590","1452"
"2024-12-20","0.19","1461405","1461405","2570","569","2570","569"
"2024-12-19","-1.54","17064570","17064570","2565","6656","2565","6656"
"2024-12-18","0.39","9112405","9112405","2605","3551","2605","3551"
"2024-12-17","-0.19","14606535","14606535","2595","5712","2595","5712"
"2024-12-16","3.17","14753985","14753985","2600","5845","2600","5845"
"2024-12-13","-4.91","1766655","1766655","2520","681","2520","681"
"2024-12-12","1.92","17673875","17673875","2650","7005","2650","7005"
"2024-12-11","0","9031660","9031660","2600","3465","2600","3465"
"2024-12-10","-1.89","5575530","5575530","2600","2117","2600","2117"
"2024-12-09","-1.49","2068055","2068055","2650","770","2650","770"
"2024-12-06","0","2018840","2018840","2690","751","2690","751"
"2024-12-05","-0.74","2161965","2161965","2690","805","2690","805"
"2024-12-04","0","5009105","5009105","2710","1853","2710","1853"
"2024-12-03","-0.37","2557760","2557760","2710","945","2710","945"
"2024-12-02","-0.91","2712035","2712035","2720","994","2720","994"
"2024-11-29","0.92","3882945","3882945","2745","1423","2745","1423"
"2024-11-28","-0.91","2173540","2173540","2720","799","2720","799"
"2024-11-27","0","1041100","1041100","2745","378","2745","378"
"2024-11-26","-1.96","4735950","4735950","2745","1703","2745","1703"
"2024-11-25","0","2522230","2522230","2800","905","2800","905"
"2024-11-22","-2.95","4701280","4701280","2800","1676","2800","1676"
"2024-11-21","-0.52","1889945","1889945","2885","659","2885","659"
"2024-11-20","-1.36","12824745","12824745","2900","4379","2900","4379"
"2024-11-19","0","2960765","2960765","2940","1015","2940","1015"
"2024-11-18","-0.34","1818070","1818070","2940","618","2940","618"
"2024-11-14","-1.34","177370","177370","2950","60","2950","60"
"2024-11-13","0","3130525","3130525","2990","1047","2990","1047"
"2024-11-12","0","1852825","1852825","2990","620","2990","620"
"2024-11-11","-0.17","2882005","2882005","2990","964","2990","964"
"2024-11-08","0","3088500","3088500","2995","1030","2995","1030"
"2024-11-07","-0.17","1537265","1537265","2995","513","2995","513"
"2024-11-06","-5.66","6103865","6103865","3000","2034","3000","2034"
"2024-11-05","-0.16","1142500","1142500","3180","366","3180","366"
"2024-11-04","-0.47","3442040","3442040","3185","1103","3185","1103"
"2024-10-31","0","272000","272000","3200","85","3200","85"
"2024-10-30","2.73","743480","743480","3200","235","3200","235"
"2024-10-29","0.48","1292090","1292090","3115","416","3115","416"
"2024-10-28","2.82","2189430","2189430","3100","710","3100","710"
"2024-10-25","-7.23","35989055","35989055","3015","11945","3015","11945"
"2024-10-24","0","6512930","6512930","3250","2006","3250","2006"
"2024-10-23","-1.52","4987050","4987050","3250","1513","3250","1513"
"2024-10-22","-5.58","6918130","6918130","3300","2117","3300","2117"
"2024-10-21","5.91","10904150","10904150","3495","3298","3495","3298"
"2024-10-18","0","1171000","1171000","3300","355","3300","355"
"2024-10-17","0","1088900","1088900","3300","333","3300","333"
"2024-10-16","1.54","8031295","8031295","3300","2493","3300","2493"
"2024-10-15","0","9338850","9338850","3250","2876","3250","2876"
"2024-10-14","-1.52","8088450","8088450","3250","2488","3250","2488"
"2024-10-11","-1.49","5840405","5840405","3300","1811","3300","1811"
"2024-10-10","3.08","3579290","3579290","3350","1091","3350","1091"
"2024-10-09","-1.22","5137730","5137730","3250","1576","3250","1576"
"2024-10-08","-1.79","1791820","1791820","3290","544","3290","544"
"2024-10-07","0","2408690","2408690","3350","719","3350","719"
"2024-10-04","0","2713840","2713840","3350","832","3350","832"
"2024-10-03","1.52","7446430","7446430","3350","2239","3350","2239"
"2024-10-02","-1.49","4502985","4502985","3300","1419","3300","1419"
"2024-10-01","1.98","1664555","1664555","3350","486","3350","486"
"2024-09-30","4.62","16315305","16315305","3285","4974","3285","4974"
"2024-09-27","1.13","2305500","2305500","3140","738","3140","738"
"2024-09-26","-0.48","10210615","10210615","3105","3297","3105","3297"
"2024-09-25","0","17099065","17099065","3120","5513","3120","5513"
"2024-09-24","0.32","5162095","5162095","3120","1659","3120","1659"
"2024-09-23","-0.96","5653355","5653355","3110","1814","3110","1814"
"2024-09-20","0","1354510","1354510","3140","433","3140","433"
"2024-09-19","-3.53","5893890","5893890","3140","1873","3140","1873"
"2024-09-18","3.01","3559210","3559210","3255","1123","3255","1123"
"2024-09-17","0.48","2435615","2435615","3160","754","3160","754"
"2024-09-16","-7.5","6019305","6019305","3145","1905","3145","1905"
"2024-09-13","-5.16","8544565","8544565","3400","2447","3400","2447"
"2024-09-12","-2.32","4535230","4535230","3585","1274","3585","1274"
"2024-09-11","-0.81","3104845","3104845","3670","856","3670","856"
"2024-09-10","-2.63","7244505","7244505","3700","1924","3700","1924"
"2024-09-09","-1.3","6295945","6295945","3800","1633","3800","1633"
"2024-09-06","2.39","21121385","21121385","3850","5583","3850","5583"
"2024-09-05","7.43","62272885","62272885","3760","16740","3760","16740"
"2024-09-04","7.26","28336000","28336000","3500","8096","3500","8096"
"2024-09-03","-0.18","85467895","85467895","3263","26106","5220","16316"
"2024-09-02","0.58","18167720","18167720","3269","5574","5230","3484"
"2024-08-30","0","23035195","23035195","3250","7088","5200","4430"
"2024-08-29","-0.4","8324765","8324765","3250","2557","5200","1598"
"2024-08-28","0.49","16378260","16378260","3263","5035","5220","3147"
"2024-08-27","-0.67","4028710","4028710","3247","1235","5195","772"
"2024-08-26","-0.37","10996710","10996710","3269","3357","5230","2098"
"2024-08-23","0","16684400","16684400","3281","5101","5250","3188"
"2024-08-22","0","2829045","2829045","3281","862","5250","539"
"2024-08-21","-2.15","11739955","11739955","3281","3565","5250","2228"
"2024-08-20","-0.18","9639825","9639825","3353","2917","5365","1823"
"2024-08-19","0","14418745","14418745","3359","4307","5375","2692"
"2024-08-16","-0.47","18395460","18395460","3359","5459","5375","3412"
"2024-08-14","0","6658200","6658200","3375","1973","5400","1233"
"2024-08-13","0.27","43128055","43128055","3375","12787","5400","7992"
"2024-08-12","1.6","15576745","15576745","3366","4682","5385","2926"
"2024-08-09","-1.57","12700945","12700945","3313","3795","5300","2372"
"2024-08-08","-0.18","19445815","19445815","3366","5827","5385","3642"
"2024-08-06","0","23059760","23059760","3372","6891","5395","4307"
"2024-08-05","2.77","41227585","41227585","3372","12461","5395","7788"
"2024-08-02","0.95","71139280","71139280","3281","21730","5250","13581"
"2024-08-01","-0.67","2239155","2239155","3250","693","5200","433"
"2024-07-31","-0.37","36411860","36411860","3272","11123","5235","6952"
"2024-07-30","-0.12","14128565","14128565","3284","4440","5255","2775"
"2024-07-29","0","4533630","4533630","3288","1381","5260","863"
"2024-07-26","1.76","9869500","9869500","3288","3048","5260","1905"
"2024-07-25","-0.4","9217090","9217090","3231","2843","5170","1777"
"2024-07-24","0.4","548320","548320","3244","170","5190","106"
"2024-07-23","-0.4","1481315","1481315","3231","458","5170","286"
"2024-07-22","0","2098540","2098540","3244","648","5190","405"
"2024-07-19","0","2189305","2189305","3244","675","5190","422"
"2024-07-18","0.09","1338670","1338670","3244","413","5190","258"
"2024-07-17","-0.28","3309720","3309720","3241","1021","5185","638"
"2024-07-16","-0.85","3576375","3576375","3250","1099","5200","687"
"2024-07-15","-0.09","2874170","2874170","3278","877","5245","548"
"2024-07-12","0","2597680","2597680","3281","792","5250","495"
"2024-07-11","-0.21","4142710","4142710","3281","1262","5250","789"
"2024-07-10","-0.18","4128190","4128190","3288","1256","5260","785"
"2024-07-09","0.18","1493020","1493020","3294","454","5270","284"
"2024-07-08","-0.54","11143180","11143180","3288","3374","5260","2109"
"2024-07-05","0","2499600","2499600","3306","758","5290","474"
"2024-07-04","0","1798600","1798600","3306","544","5290","340"
"2024-07-03","-0.09","4808360","4808360","3306","1456","5290","910"
"2024-07-02","0","1170195","1170195","3309","354","5295","221"
"2024-07-01","-0.3","2823150","2823150","3309","853","5295","533"
"2024-06-28","0.18","52348915","52348915","3319","16038","5310","10024"
"2024-06-27","0","20435915","20435915","3313","6224","5300","3890"
"2024-06-26","0","7889400","7889400","3313","2397","5300","1498"
"2024-06-25","0.98","21168615","21168615","3313","6435","5300","4022"
"2024-06-24","0","8202450","8202450","3281","2501","5250","1563"
"2024-06-21","0","808355","808355","3281","246","5250","154"
"2024-06-20","-0.97","19492470","19492470","3281","6189","5250","3868"
"2024-06-19","-0.84","19110440","19110440","3313","5755","5300","3597"
"2024-06-18","-0.09","7842960","7842960","3341","2347","5345","1467"
"2024-06-14","0.48","5975925","5975925","3344","1794","5350","1121"
"2024-06-13","-0.92","16024945","16024945","3328","4773","5325","2983"
"2024-06-12","-0.12","8261250","8261250","3359","2459","5375","1537"
"2024-06-11","0","11819190","11819190","3363","3531","5380","2207"
"2024-06-10","-0.18","69086395","69086395","3363","20834","5380","13021"
"2024-06-07","-0.18","9653800","9653800","3369","2864","5390","1790"
"2024-06-06","-0.74","13837890","13837890","3375","4083","5400","2552"
"2024-06-05","0.18","11295455","11295455","3400","3349","5440","2093"
"2024-06-04","0","30894565","30894565","3394","9101","5430","5688"
"2024-06-03","-0.35","8957325","8957325","3394","2635","5430","1647"
"2024-05-31","-0.73","16986355","16986355","3406","5013","5450","3133"
"2024-05-30","-0.09","6910120","6910120","3431","2016","5490","1260"
"2024-05-29","-6.89","8499065","8499065","3434","2474","5495","1546"
"2024-05-28","2.19","28362180","28362180","3688","7730","5900","4831"
"2024-05-27","-2.04","13609315","13609315","3609","3730","5775","2331"
"2024-05-24","2.42","25695720","25695720","3684","7067","5895","4417"
"2024-05-23","-1.53","27172135","27172135","3597","7509","5755","4693"
"2024-05-22","2.18","19959590","19959590","3653","5523","5845","3452"
"2024-05-21","-0.69","18562200","18562200","3575","5176","5720","3235"
"2024-05-17","0","6857745","6857745","3600","1904","5760","1190"
"2024-05-16","-2.39","31129950","31129950","3600","8723","5760","5452"
"2024-05-15","0","21636310","21636310","3688","5946","5900","3716"
"2024-05-14","0","1173500","1173500","3688","318","5900","199"
"2024-05-13","0","28467500","28467500","3688","7885","5900","4928"
"2024-05-10","0","3244590","3244590","3688","880","5900","550"
"2024-05-08","-1.23","8865730","8865730","3688","2411","5900","1507"
"2024-05-07","1.25","4219510","4219510","3734","1150","5975","719"
"2024-05-06","-1.5","7442210","7442210","3688","1990","5900","1244"
"2024-05-03","-0.08","25130190","25130190","3744","6992","5990","4370"
"2024-05-02","0.08","12664940","12664940","3747","3382","5995","2114"
"2024-04-30","-0.16","4972190","4972190","3744","1326","5990","829"
"2024-04-29","-0.35","32527080","32527080","3750","8685","6000","5428"
"2024-04-26","0","5251165","5251165","3763","1397","6020","873"
"2024-04-25","0.19","19324060","19324060","3763","5138","6020","3211"
"2024-04-24","-0.58","11229765","11229765","3756","2974","6010","1859"
"2024-04-23","0.75","18548275","18548275","3778","4938","6045","3086"
"2024-04-22","-0.9","22302090","22302090","3750","5923","6000","3702"
"2024-04-19","0","6348330","6348330","3784","1680","6055","1050"
"2024-04-18","-0.11","8873645","8873645","3784","2362","6055","1476"
"2024-04-17","1.01","31204435","31204435","3788","8320","6060","5200"
"2024-04-16","0","22852980","22852980","3750","6090","6000","3806"
"2024-04-15","-1.16","61534150","61534150","3750","16381","6000","10238"
"2024-04-12","0","9429130","9429130","3794","2501","6070","1563"
"2024-04-11","0","9679325","9679325","3794","2578","6070","1611"
"2024-04-09","-0.39","5549505","5549505","3794","1477","6070","923"
"2024-04-08","0.82","7849085","7849085","3809","2075","6095","1297"
"2024-04-05","0.75","23122400","23122400","3778","6205","6045","3878"
"2024-04-04","0.08","12531165","12531165","3750","3341","6000","2088"
"2024-04-03","-1.55","26020435","26020435","3747","6917","5995","4323"
"2024-04-02","0","5519105","5519105","3806","1458","6090","911"
"2024-03-29","-0.08","5041585","5041585","3806","1403","6090","877"
"2024-03-28","1.9","10953670","10953670","3809","2915","6095","1822"
"2024-03-27","-0.16","1856530","1856530","3738","496","5980","310"
"2024-03-26","0.27","6948585","6948585","3744","1862","5990","1164"
"2024-03-25","0","6729455","6729455","3734","1802","5975","1126"
"2024-03-22","3.09","14217225","14217225","3734","3866","5975","2416"
"2024-03-21","0.08","3523320","3523320","3622","973","5795","608"
"2024-03-20","1.57","48282010","48282010","3619","13725","5790","8578"
"2024-03-19","0","8566120","8566120","3563","2405","5700","1503"
"2024-03-18","-1.27","10713940","10713940","3563","3008","5700","1880"
"2024-03-15","0.42","32265885","32265885","3609","8986","5775","5616"
"2024-03-14","0","3824250","3824250","3594","1070","5750","669"
"2024-03-13","-0.77","4163225","4163225","3594","1163","5750","727"
"2024-03-12","0.08","11702520","11702520","3622","3266","5795","2041"
"2024-03-11","-0.17","21778955","21778955","3619","6066","5790","3791"
"2024-03-08","0.44","7957170","7957170","3625","2206","5800","1379"
"2024-03-07","-0.28","28778010","28778010","3609","7946","5775","4966"
"2024-03-06","5.26","7383120","7383120","3619","2109","5790","1318"
"2024-03-05","2.81","4377810","4377810","3438","1278","5500","799"
"2024-03-04","0.94","103287505","103287505","3344","31298","5350","19561"
"2024-03-01","0","5983100","5983100","3313","1843","5300","1152"
"2024-02-29","-1.84","23410270","23410270","3313","7378","5300","4611"
"2024-02-28","4.04","9661515","9661515","3375","2989","5400","1868"
"2024-02-27","0.78","5105215","5105215","3244","1590","5190","994"
"2024-02-26","0.97","6330200","6330200","3219","1978","5150","1236"
"2024-02-23","0","11306675","11306675","3188","3602","5100","2251"
"2024-02-22","4.32","24934945","24934945","3188","8181","5100","5113"
"2024-02-21","0","992360","992360","3056","326","4890","204"
"2024-02-20","-0.1","2048625","2048625","3056","682","4890","426"
"2024-02-19","0.39","10585220","10585220","3059","3458","4895","2161"
"2024-02-16","-0.52","1004975","1004975","3047","330","4875","206"
"2024-02-15","0","891500","891500","3063","291","4900","182"
"2024-02-14","0","5708500","5708500","3063","1864","4900","1165"
"2024-02-13","0","16006545","16006545","3063","5338","4900","3336"
"2024-02-09","2.1","2630900","2630900","3063","859","4900","537"
"2024-02-08","2.11","1461800","1461800","3000","498","4800","311"
"2024-02-07","0","7022795","7022795","2938","2438","4700","1524"
"2024-02-06","0","51700","51700","2938","18","4700","11"
"2024-02-05","0","723600","723600","2938","246","4700","154"
"2024-02-02","0","40962020","40962020","2938","13973","4700","8733"
"2024-02-01","-4.08","1154980","1154980","2938","390","4700","244"
"2024-01-31","-1.98","2413400","2413400","3063","806","4900","504"
"2024-01-30","-1.98","7680345","7680345","3125","2450","5000","1531"
"2024-01-29","-3.39","463325","463325","3188","144","5100","90"
"2024-01-26","-0.27","1957755","1957755","3300","621","5280","388"
"2024-01-25","0","301595","301595","3309","91","5295","57"
"2024-01-24","0","432820","432820","3309","131","5295","82"
"2024-01-23","-0.3","1059000","1059000","3309","320","5295","200"
"2024-01-22","0.18","50913755","50913755","3319","16253","5310","10158"
"2024-01-19","0","344490","344490","3313","104","5300","65"
"2024-01-18","0","1675925","1675925","3313","507","5300","317"
"2024-01-17","0","1112250","1112250","3313","338","5300","211"
"2024-01-16","0.12","1161250","1161250","3313","354","5300","221"
"2024-01-15","-0.48","1418930","1418930","3309","429","5295","268"
"2024-01-12","-0.57","106045","106045","3325","32","5320","20"
"2024-01-11","0.09","132850","132850","3344","40","5350","25"
"2024-01-10","-0.09","1686260","1686260","3341","509","5345","318"
"2024-01-09","-0.36","336240","336240","3344","102","5350","64"
"2024-01-08","0","2166255","2166255","3356","651","5370","407"
"2024-01-05","-0.09","2506680","2506680","3356","747","5370","467"
"2024-01-04","0","348245","348245","3359","104","5375","65"
"2024-01-03","-0.12","435535","435535","3359","130","5375","81"
"2024-01-02","-0.18","112985","112985","3363","34","5380","21"
"2023-12-29","-0.74","49892175","49892175","3369","15376","5390","9610"
"2023-12-28","6.46","10928540","10928540","3394","3283","5430","2052"
"2023-12-27","-7.16","5533600","5533600","3188","1650","5100","1031"
"2023-12-26","0","33687935","33687935","3434","9802","5495","6126"
"2023-12-22","-0.12","797835","797835","3434","242","5495","151"
"2023-12-21","0","17328670","17328670","3438","5050","5500","3156"
"2023-12-20","0","9282100","9282100","3438","2706","5500","1691"
"2023-12-19","1.48","3460810","3460810","3438","1022","5500","639"
"2023-12-18","-0.53","13457685","13457685","3388","3955","5420","2472"
"2023-12-15","0","2725150","2725150","3406","808","5450","505"
"2023-12-14","-0.93","4980860","4980860","3406","1466","5450","916"
"2023-12-13","-1.6","1152210","1152210","3438","336","5500","210"
"2023-12-12","0.63","1505350","1505350","3494","430","5590","269"
"2023-12-11","-0.8","10988345","10988345","3472","3152","5555","1970"
"2023-12-08","1.8","2258620","2258620","3500","648","5600","405"
"2023-12-07","-1.77","1628440","1628440","3438","472","5500","295"
"2023-12-06","-1.66","66927855","66927855","3500","18821","5600","11763"
"2023-12-05","-0.11","5852335","5852335","3559","1672","5695","1045"
"2023-12-04","5.57","21949945","21949945","3563","6402","5700","4001"
"2023-12-01","0.93","11821750","11821750","3375","3514","5400","2196"
"2023-11-30","-0.56","736050","736050","3344","224","5350","140"
"2023-11-29","-0.36","52216540","52216540","3363","16483","5380","10302"
"2023-11-28","6.7","7436530","7436530","3375","2341","5400","1463"
"2023-11-27","-1.65","908015","908015","3163","286","5060","179"
"2023-11-24","7.2","80033915","80033915","3216","26630","5145","16644"
"2023-11-23","-1.45","3132210","3132210","3000","1035","4800","647"
"2023-11-22","-0.1","846140","846140","3044","282","4870","176"
"2023-11-21","7.14","13481025","13481025","3047","4725","4875","2953"
"2023-11-20","0.11","8058800","8058800","2844","2840","4550","1775"
"2023-11-17","0","1646050","1646050","2841","582","4545","364"
"2023-11-16","-0.11","1824230","1824230","2841","642","4545","401"
"2023-11-14","0","2452450","2452450","2844","862","4550","539"
"2023-11-13","0","3107650","3107650","2844","1093","4550","683"
"2023-11-10","0","2615650","2615650","2844","922","4550","576"
"2023-11-09","0","1758575","1758575","2844","622","4550","389"
"2023-11-08","0","2629500","2629500","2844","926","4550","579"
"2023-11-07","0","1891620","1891620","2844","666","4550","416"
"2023-11-06","7.08","29323200","29323200","2844","11013","4550","6883"
"2023-11-03","-0.71","1828570","1828570","2656","685","4250","428"
"2023-11-02","-0.48","4295770","4295770","2675","1602","4280","1001"
"2023-10-31","-0.44","1649670","1649670","2688","613","4300","383"
"2023-10-30","0.11","3196475","3196475","2700","1187","4320","742"
"2023-10-27","0","2080625","2080625","2697","771","4315","482"
"2023-10-26","0.82","1797385","1797385","2697","661","4315","413"
"2023-10-25","-0.34","1116910","1116910","2675","416","4280","260"
"2023-10-24","0","11133110","11133110","2684","4376","4295","2735"
"2023-10-23","-2.08","23502690","23502690","2684","9216","4295","5760"
"2023-10-20","-0.33","47572635","47572635","2741","18517","4385","11573"
"2023-10-19","-4.15","6301300","6301300","2750","2368","4400","1480"
"2023-10-18","-0.1","21000100","21000100","2869","7880","4590","4925"
"2023-10-17","-0.1","37771890","37771890","2872","13990","4595","8744"
"2023-10-16","-1.61","5743930","5743930","2875","1998","4600","1249"
"2023-10-13","-1.38","5159165","5159165","2922","1782","4675","1114"
"2023-10-12","-0.94","1708080","1708080","2963","579","4740","362"
"2023-10-11","-0.3","1840430","1840430","2991","619","4785","387"
"2023-10-10","4.35","9237410","9237410","3000","3155","4800","1972"
"2023-10-09","-5.55","22627400","22627400","2875","7870","4600","4919"
"2023-10-06","-0.1","2011570","2011570","3044","661","4870","413"
"2023-10-05","-0.1","1949925","1949925","3047","646","4875","404"
"2023-10-04","6.09","1359205","1359205","3050","454","4880","284"
"2023-10-03","-5.83","31190600","31190600","2875","10845","4600","6778"
"2023-10-02","0.1","3894885","3894885","3053","1274","4885","796"
"2023-09-28","0","27091630","27091630","3050","9394","4880","5871"
"2023-09-26","2.07","9911750","9911750","3050","3443","4880","2152"
"2023-09-25","-0.4","386530","386530","2988","128","4780","80"
"2023-09-22","0","1696530","1696530","3000","571","4800","357"
"2023-09-21","-0.53","32899045","32899045","3000","11440","4800","7150"
"2023-09-20","-1.21","3556025","3556025","3016","1179","4825","737"
"2023-09-19","0","4300750","4300750","3053","1410","4885","881"
"2023-09-18","0","1822100","1822100","3053","597","4885","373"
"2023-09-15","0.2","19182450","19182450","3053","6338","4885","3961"
"2023-09-14","0","11952150","11952150","3047","4010","4875","2506"
"2023-09-13","-0.52","3319875","3319875","3047","1090","4875","681"
"2023-09-12","0","1087725","1087725","3063","355","4900","222"
"2023-09-11","0","14084025","14084025","3063","4707","4900","2942"
"2023-09-08","1.06","7353945","7353945","3063","2402","4900","1501"
"2023-09-07","2.54","18495095","18495095","3031","6302","4850","3939"
"2023-09-06","0.1","10063130","10063130","2956","3408","4730","2130"
"2023-09-05","-0.1","7811850","7811850","2953","2651","4725","1657"
"2023-09-04","0.61","9661600","9661600","2956","3278","4730","2049"
"2023-09-01","-0.31","16470510","16470510","2938","5595","4700","3497"
"2023-08-31","0.2","23014610","23014610","2947","7858","4715","4911"
"2023-08-30","-0.51","17059510","17059510","2941","5808","4705","3630"
"2023-08-29","0.61","20534330","20534330","2956","7038","4730","4399"
"2023-08-28","-0.94","17198025","17198025","2938","5814","4700","3634"
"2023-08-25","1.4","7176145","7176145","2966","2440","4745","1525"
"2023-08-24","-1.38","12649505","12649505","2925","4275","4680","2672"
"2023-08-23","0.95","7389345","7389345","2966","2507","4745","1567"
"2023-08-22","1.42","35876000","35876000","2938","12352","4700","7720"
"2023-08-21","0","12033695","12033695","2897","4173","4635","2608"
"2023-08-18","0","11851185","11851185","2897","4109","4635","2568"
"2023-08-17","-4.42","33323655","33323655","2897","11378","4635","7111"
"2023-08-16","0.93","8032300","8032300","3031","2664","4850","1665"
"2023-08-14","-1.44","3007680","3007680","3003","995","4805","622"
"2023-08-11","-0.81","6668200","6668200","3047","2189","4875","1368"
"2023-08-10","6.74","52390120","52390120","3072","17848","4915","11155"
"2023-08-09","5.73","58068585","58068585","2878","22454","4605","14034"
"2023-08-08","-7.45","30145310","30145310","2722","11075","4355","6922"
"2023-08-04","-7.46","10201585","10201585","2941","3467","4705","2167"
"2023-08-03","-7.45","16536715","16536715","3178","5190","5085","3244"
"2023-08-02","-1.89","18185665","18185665","3434","5536","5495","3460"
"2023-08-01","-2.45","3691430","3691430","3500","1045","5600","653"
"2023-07-31","-0.94","66830175","66830175","3588","18782","5740","11739"
"2023-07-28","0","4443765","4443765","3622","1235","5795","772"
"2023-07-27","-1.79","3942240","3942240","3622","1085","5795","678"
"2023-07-26","0","1393760","1393760","3688","379","5900","237"
"2023-07-25","-0.16","8300900","8300900","3688","2248","5900","1405"
"2023-07-24","-0.24","1282020","1282020","3694","347","5910","217"
"2023-07-21","0.24","21139760","21139760","3703","5730","5925","3581"
"2023-07-20","0.16","5238495","5238495","3694","1413","5910","883"
"2023-07-19","-1.65","2753515","2753515","3688","741","5900","463"
"2023-07-18","1.68","16151500","16151500","3750","4376","6000","2735"
"2023-07-17","0.35","8211530","8211530","3688","2234","5900","1396"
"2023-07-14","1.38","116102955","116102955","3675","32013","5880","20008"
"2023-07-13","-1.2","9251890","9251890","3625","2531","5800","1582"
"2023-07-12","-0.08","2019545","2019545","3669","550","5870","344"
"2023-07-11","0.08","1504770","1504770","3672","414","5875","259"
"2023-07-10","0","2526100","2526100","3669","688","5870","430"
"2023-07-07","0","1209690","1209690","3669","330","5870","206"
"2023-07-06","0","933430","933430","3669","254","5870","159"
"2023-07-05","-0.08","3566920","3566920","3669","976","5870","610"
"2023-07-04","0.08","7182915","7182915","3672","1992","5875","1245"
"2023-07-03","-0.08","1338190","1338190","3669","371","5870","232"
"2023-06-30","0","681315","681315","3672","186","5875","116"
"2023-06-29","0.16","2772330","2772330","3672","755","5875","472"
"2023-06-27","0","4852905","4852905","3666","1323","5865","827"
"2023-06-26","-0.16","4525095","4525095","3666","1234","5865","771"
"2023-06-23","0.16","710475","710475","3672","194","5875","121"
"2023-06-22","-0.16","1161530","1161530","3666","317","5865","198"
"2023-06-21","0.16","24026905","24026905","3672","6546","5875","4091"
"2023-06-20","0","917355","917355","3666","251","5865","157"
"2023-06-19","-0.16","2038435","2038435","3666","557","5865","348"
"2023-06-16","0.16","2897080","2897080","3672","800","5875","500"
"2023-06-15","2.09","1870710","1870710","3666","522","5865","326"
"2023-06-14","-0.08","899585","899585","3591","253","5745","158"
"2023-06-13","0.87","30908935","30908935","3594","8675","5750","5422"
"2023-06-12","-1.47","1762475","1762475","3563","490","5700","306"
"2023-06-09","1.49","420955","420955","3616","118","5785","74"
"2023-06-08","-1.63","8881095","8881095","3563","2422","5700","1514"
"2023-06-07","1.66","1292740","1292740","3622","358","5795","224"
"2023-06-06","-1.63","2532320","2532320","3563","730","5700","456"
"2023-06-05","0.17","2499705","2499705","3622","701","5795","438"
"2023-06-02","-0.25","1650850","1650850","3616","464","5785","290"
"2023-06-01","-1.2","128720","128720","3625","35","5800","22"
"2023-05-31","-0.16","3624160","3624160","3669","997","5870","623"
"2023-05-30","1.38","138170720","138170720","3675","37536","5880","23460"
"2023-05-26","3.66","6776590","6776590","3625","1920","5800","1200"
"2023-05-25","0","3430765","3430765","3497","992","5595","620"
"2023-05-24","0","3166770","3166770","3497","906","5595","566"
"2023-05-23","-7.51","12511900","12511900","3497","3646","5595","2279"
"2023-05-22","0","12645410","12645410","3781","3366","6050","2104"
"2023-05-19","-0.84","18408095","18408095","3781","4869","6050","3043"
"2023-05-17","0","44531270","44531270","3813","11850","6100","7406"
"2023-05-16","-0.81","6880610","6880610","3813","1808","6100","1130"
"2023-05-15","0.81","20790160","20790160","3844","5416","6150","3385"
"2023-05-12","0","27284185","27284185","3813","7248","6100","4530"
"2023-05-11","1.25","37204275","37204275","3813","9834","6100","6146"
"2023-05-10","0.43","11927300","11927300","3766","3178","6025","1986"
"2023-05-09","-0.42","7074000","7074000","3750","1886","6000","1179"
"2023-05-08","0.43","5706225","5706225","3766","1522","6025","951"
"2023-05-05","0","29739605","29739605","3750","7907","6000","4942"
"2023-05-04","1.68","243612990","243612990","3750","65122","6000","40701"
"2023-05-03","-2.46","10906320","10906320","3688","2917","5900","1823"
"2023-05-02","0","3597005","3597005","3781","955","6050","597"
"2023-04-28","1.34","2033880","2033880","3781","544","6050","340"
"2023-04-27","-1.17","58449005","58449005","3731","15602","5970","9751"
"2023-04-26","-0.16","6656760","6656760","3775","1773","6040","1108"
"2023-04-25","0","1823235","1823235","3781","488","6050","305"
"2023-04-24","0","1347075","1347075","3781","357","6050","223"
"2023-04-20","-0.18","1394100","1394100","3781","368","6050","230"
"2023-04-19","-0.08","1681065","1681065","3788","445","6060","278"
"2023-04-17","-0.16","55526100","55526100","3791","14686","6065","9179"
"2023-04-14","-0.08","9429980","9429980","3797","2510","6075","1569"
"2023-04-13","-0.34","10587535","10587535","3800","2778","6080","1736"
"2023-04-12","0.11","2538095","2538095","3813","669","6100","418"
"2023-04-11","-0.1","986290","986290","3809","259","6095","162"
"2023-04-07","0.18","651880","651880","3813","171","6100","107"
"2023-04-06","-0.18","1937700","1937700","3806","509","6090","318"
"2023-04-05","0.11","23880690","23880690","3813","6267","6100","3917"
"2023-04-04","0","1724280","1724280","3809","454","6095","284"
"2023-04-03","0","2072300","2072300","3809","544","6095","340"
"2023-03-31","-0.1","4842425","4842425","3809","1270","6095","794"
"2023-03-30","0","2500375","2500375","3813","656","6100","410"
"2023-03-29","-1.19","4154930","4154930","3813","1080","6100","675"
"2023-03-28","0.08","26010020","26010020","3859","6890","6175","4306"
"2023-03-27","-0.41","2973130","2973130","3856","784","6170","490"
"2023-03-24","0.73","26681390","26681390","3872","7074","6195","4421"
"2023-03-23","-0.72","1617925","1617925","3844","426","6150","266"
"2023-03-22","-1.2","13063985","13063985","3872","3470","6195","2169"
"2023-03-21","-0.15","2946675","2946675","3919","768","6270","480"
"2023-03-20","0","1966760","1966760","3925","507","6280","317"
"2023-03-17","-0.33","3191280","3191280","3925","813","6280","508"
"2023-03-16","0.1","17319930","17319930","3938","4403","6300","2752"
"2023-03-15","0","19405120","19405120","3934","5022","6295","3139"
"2023-03-14","-0.1","4523380","4523380","3934","1150","6295","719"
"2023-03-13","-2.16","810575","810575","3938","211","6300","132"
"2023-03-10","-0.94","3954020","3954020","4025","1026","6440","641"
"2023-03-09","6.75","76440425","76440425","4063","20216","6500","12635"
"2023-03-08","-0.18","1228435","1228435","3806","323","6090","202"
"2023-03-07","1.76","16768970","16768970","3813","4472","6100","2795"
"2023-03-06","-0.08","21371960","21371960","3747","5699","5995","3562"
"2023-03-03","1.68","15732950","15732950","3750","4210","6000","2631"
"2023-03-02","0.88","11540855","11540855","3688","3149","5900","1968"
"2023-03-01","1.73","27654500","27654500","3656","7690","5850","4806"
"2023-02-28","0.87","19009220","19009220","3594","5309","5750","3318"
"2023-02-27","-0.7","4957595","4957595","3563","1384","5700","865"
"2023-02-24","-0.17","1436830","1436830","3588","402","5740","251"
"2023-02-23","0.08","1295685","1295685","3594","363","5750","227"
"2023-02-22","-0.08","640345","640345","3591","179","5745","112"
"2023-02-21","-2.55","8612295","8612295","3594","2459","5750","1537"
"2023-02-20","0","19564975","19564975","3688","5413","5900","3383"
"2023-02-17","0","590000","590000","3688","160","5900","100"
"2023-02-16","1.91","4398410","4398410","3688","1211","5900","757"
"2023-02-15","0","277020","277020","3619","77","5790","48"
"2023-02-14","-0.17","2145950","2145950","3619","592","5790","370"
"2023-02-13","-1.71","11930265","11930265","3625","3296","5800","2060"
"2023-02-10","5.37","685985","685985","3688","192","5900","120"
"2023-02-09","0","2179405","2179405","3500","622","5600","389"
"2023-02-08","0.34","23785840","23785840","3500","6806","5600","4254"
"2023-02-07","3.35","24912810","24912810","3488","7282","5580","4551"
"2023-02-06","0","3219965","3219965","3375","947","5400","592"
"2023-02-03","0","972180","972180","3375","290","5400","181"
"2023-02-02","0","4347300","4347300","3375","1290","5400","806"
"2023-02-01","0.93","8617965","8617965","3375","2576","5400","1610"
"2023-01-31","0","13493615","13493615","3344","4024","5350","2515"
"2023-01-30","-4.46","12650600","12650600","3344","3755","5350","2347"
"2023-01-27","5.64","10875000","10875000","3500","3251","5600","2032"
"2023-01-26","-3.64","43410480","43410480","3313","12869","5300","8043"
"2023-01-25","0","1061500","1061500","3438","309","5500","193"
"2023-01-24","-3.51","6544500","6544500","3438","1906","5500","1191"
"2023-01-23","-0.25","1177230","1177230","3563","330","5700","206"
"2023-01-20","0.25","15475845","15475845","3572","4333","5715","2708"
"2023-01-19","0","3119505","3119505","3563","938","5700","586"
"2023-01-18","-0.25","5473985","5473985","3563","1533","5700","958"
"2023-01-17","-0.08","91440","91440","3572","26","5715","16"
"2023-01-16","0","406120","406120","3575","114","5720","71"
"2023-01-13","0","3889600","3889600","3575","1088","5720","680"
"2023-01-12","0.34","650980","650980","3575","182","5720","114"
"2023-01-11","0","3492650","3492650","3563","979","5700","612"
"2023-01-10","1.8","365120","365120","3563","102","5700","64"
"2023-01-09","-1.77","3504480","3504480","3500","979","5600","612"
"2023-01-06","-0.86","2000150","2000150","3563","557","5700","348"
"2023-01-05","-0.08","153265","153265","3594","45","5750","28"
"2023-01-04","0","3774295","3774295","3597","1059","5755","662"
"2023-01-03","-0.53","1283660","1283660","3597","355","5755","222"
"2023-01-02","0","5785","5785","3616","2","5785","1"
"2022-12-30","-0.17","1857280","1857280","3616","514","5785","321"
"2022-12-29","-0.08","6281305","6281305","3622","1734","5795","1084"
"2022-12-28","-5.62","1841000","1841000","3625","501","5800","313"
"2022-12-27","-1.11","999800","999800","3841","272","6145","170"
"2022-12-23","0.54","11271175","11271175","3884","2962","6215","1851"
"2022-12-22","-3.43","5925180","5925180","3863","1594","6180","996"
"2022-12-21","-1.23","3980000","3980000","4000","1008","6400","630"
"2022-12-20","2.04","18064870","18064870","4050","4600","6480","2875"
"2022-12-19","-3.05","699500","699500","3969","176","6350","110"
"2022-12-16","-2.15","475025","475025","4094","117","6550","73"
"2022-12-15","4.68","11433375","11433375","4184","2888","6695","1805"
"2022-12-14","6.59","21422520","21422520","3997","5699","6395","3562"
"2022-12-13","5.37","13364325","13364325","3750","3789","6000","2368"
"2022-12-12","3.52","17182635","17182635","3559","5030","5695","3144"
"2022-12-09","0","525705","525705","3438","154","5500","96"
"2022-12-08","0","884950","884950","3438","258","5500","161"
"2022-12-07","0","4003950","4003950","3438","1154","5500","721"
"2022-12-06","-1.77","933800","933800","3438","269","5500","168"
"2022-12-05","0.17","361570","361570","3500","104","5600","65"
"2022-12-02","0","498990","498990","3494","154","5590","96"
"2022-12-01","0","262640","262640","3494","75","5590","47"
"2022-11-30","0","267565","267565","3494","82","5590","51"
"2022-11-29","0","3576950","3576950","3494","1024","5590","640"
"2022-11-28","-2.78","27950","27950","3494","8","5590","5"
"2022-11-25","-0.53","275625","275625","3594","77","5750","48"
"2022-11-24","1.23","4104910","4104910","3613","1142","5780","714"
"2022-11-23","0.08","2003685","2003685","3569","562","5710","351"
"2022-11-22","-0.78","423340","423340","3566","118","5705","74"
"2022-11-21","-0.77","92028200","92028200","3594","25608","5750","16005"
"2022-11-18","-0.08","2190510","2190510","3622","605","5795","378"
"2022-11-17","-3.33","9715580","9715580","3625","2669","5800","1668"
"2022-11-16","-3.23","1567055","1567055","3750","418","6000","261"
"2022-11-14","1.63","31000","31000","3875","8","6200","5"
"2022-11-11","0.85","2872000","2872000","3813","784","6100","490"
"2022-11-09","0","953800","953800","3781","253","6050","158"
"2022-11-08","-1.64","1363750","1363750","3781","360","6050","225"
"2022-11-07","-2.39","854300","854300","3844","224","6150","140"
"2022-11-04","5.55","26671780","26671780","3938","7138","6300","4461"
"2022-11-03","-0.51","167532000","167532000","3731","44899","5970","28062"
"2022-11-02","-1.65","7242750","7242750","3750","1888","6000","1180"
"2022-10-31","-0.81","21511000","21511000","3813","5616","6100","3510"
"2022-10-28","-2.39","12409500","12409500","3844","3224","6150","2015"
"2022-10-27","1.29","3894665","3894665","3938","1013","6300","633"
"2022-10-26","0","369075","369075","3888","96","6220","60"
"2022-10-25","1.97","12894150","12894150","3888","3379","6220","2112"
"2022-10-24","0","908500","908500","3813","240","6100","150"
"2022-10-21","-1.6","450350","450350","3813","117","6100","73"
"2022-10-20","-0.79","155000","155000","3875","40","6200","25"
"2022-10-19","0","7050500","7050500","3906","1926","6250","1204"
"2022-10-18","5.82","12088780","12088780","3906","3238","6250","2024"
"2022-10-17","-5.5","18296550","18296550","3691","4870","5905","3044"
"2022-10-14","-0.08","1175690","1175690","3906","302","6250","189"
"2022-10-13","0.72","81315","81315","3909","21","6255","13"
"2022-10-12","-1.45","2163855","2163855","3881","555","6210","347"
"2022-10-11","-3.08","1871030","1871030","3938","480","6300","300"
"2022-10-10","4.85","1368625","1368625","4063","344","6500","215"
"2022-10-07","-7.32","1543200","1543200","3875","386","6200","241"
"2022-10-06","0","618600","618600","4181","150","6690","94"
"2022-10-05","-0.07","1021320","1021320","4181","245","6690","153"
"2022-10-04","-2.2","1177995","1177995","4184","283","6695","177"
"2022-10-03","-0.07","1308225","1308225","4278","328","6845","205"
"2022-09-30","3.86","13672845","13672845","4281","3288","6850","2055"
"2022-09-29","0","1883135","1883135","4122","458","6595","286"
"2022-09-28","0","1097850","1097850","4122","272","6595","170"
"2022-09-27","0","40881440","40881440","4122","9923","6595","6202"
"2022-09-26","0","39390750","39390750","4122","10000","6595","6250"
"2022-09-23","-0.07","1501000","1501000","4122","365","6595","228"
"2022-09-22","0","209309150","209309150","4125","53906","6600","33691"
"2022-09-21","1.53","10011750","10011750","4125","2475","6600","1547"
"2022-09-20","-7.13","47510650","47510650","4063","11720","6500","7325"
"2022-09-19","0","1175000","1175000","4375","282","7000","176"
"2022-09-16","6.06","17158890","17158890","4375","3994","7000","2496"
"2022-09-15","-1.41","1184440","1184440","4125","283","6600","177"
"2022-09-14","2.98","574280","574280","4184","138","6695","86"
"2022-09-13","0","2544700","2544700","4063","653","6500","408"
"2022-09-12","3.83","67746610","67746610","4063","17205","6500","10753"
"2022-09-09","0.18","563400","563400","3913","144","6260","90"
"2022-09-08","-0.81","6000030","6000030","3906","1536","6250","960"
"2022-09-07","0","6300","6300","3938","2","6300","1"
"2022-09-06","1.55","1749800","1749800","3938","448","6300","280"
"2022-09-05","-1.52","279270","279270","3878","72","6205","45"
"2022-09-02","1.55","1020170","1020170","3938","259","6300","162"
"2022-09-01","-1.52","687100","687100","3878","176","6205","110"
"2022-08-31","0.1","692510","692510","3938","176","6300","110"
"2022-08-30","-0.1","7518090","7518090","3934","1910","6295","1194"
"2022-08-29","0.1","10702300","10702300","3938","2760","6300","1725"
"2022-08-26","1.52","954500","954500","3934","245","6295","153"
"2022-08-25","0","2351320","2351320","3875","606","6200","379"
"2022-08-24","0","334640","334640","3875","86","6200","54"
"2022-08-23","0","7395950","7395950","3875","1909","6200","1193"
"2022-08-22","-1.5","3081400","3081400","3875","795","6200","497"
"2022-08-19","1.52","5046335","5046335","3934","1285","6295","803"
"2022-08-18","0","2486850","2486850","3875","642","6200","401"
"2022-08-17","0","954875","954875","3875","246","6200","154"
"2022-08-16","-1.35","1149150","1149150","3875","294","6200","184"
"2022-08-12","0","975300","975300","3928","248","6285","155"
"2022-08-11","-0.15","4508770","4508770","3928","1150","6285","719"
"2022-08-10","1.37","15162650","15162650","3934","3899","6295","2437"
"2022-08-09","-1.35","17608715","17608715","3881","4502","6210","2814"
"2022-08-05","0","2823825","2823825","3934","720","6295","450"
"2022-08-04","0","2003265","2003265","3934","509","6295","318"
"2022-08-03","-0.1","1055950","1055950","3934","7130","6295","4456"
"2022-08-02","0","12455","12455","3938","3","6300","2"
"2022-08-01","0","851885","851885","3938","218","6300","136"
"2022-07-29","2.45","5722250","5722250","3938","1477","6300","923"
"2022-07-28","-2.29","30750","30750","3844","8","6150","5"
"2022-07-27","0","519255","519255","3934","133","6295","83"
"2022-07-26","0.72","846160","846160","3934","218","6295","136"
"2022-07-25","-0.81","2926115","2926115","3906","760","6250","475"
"2022-07-22","0","446750","446750","3938","114","6300","71"
"2022-07-21","0","295250","295250","3938","75","6300","47"
"2022-07-20","0","747400","747400","3938","192","6300","120"
"2022-07-19","0","591335","591335","3938","155","6300","97"
"2022-07-18","0.56","11607750","11607750","3938","2960","6300","1850"
"2022-07-15","0","3312915","3312915","3916","850","6265","531"
"2022-07-14","1.06","5396720","5396720","3916","1381","6265","863"
"2022-07-13","0","17906950","17906950","3875","4515","6200","2822"
"2022-07-12","-3.13","15157700","15157700","3875","3802","6200","2376"
"2022-07-11","0","4949400","4949400","4000","1234","6400","771"
"2022-07-08","-1.55","652800","652800","4000","163","6400","102"
"2022-07-07","0","8585000","8585000","4063","2118","6500","1324"
"2022-07-06","0.79","24490745","24490745","4063","6029","6500","3768"
"2022-07-05","-0.79","17877850","17877850","4031","4402","6450","2751"
"2022-07-04","0","2817000","2817000","4063","698","6500","436"
"2022-07-01","2.37","44800505","44800505","4063","11040","6500","6900"
"2022-06-30","0","730250","730250","3969","184","6350","115"
"2022-06-29","-0.78","2582000","2582000","3969","640","6350","400"
"2022-06-28","-1.55","824500","824500","4000","205","6400","128"
"2022-06-27","0","1504760","1504760","4063","373","6500","233"
"2022-06-24","1.5","130000","130000","4063","32","6500","20"
"2022-06-23","-2.15","9996905","9996905","4003","2461","6405","1538"
"2022-06-22","0.69","47991765","47991765","4091","11882","6545","7426"
"2022-06-21","0","324925","324925","4063","80","6500","50"
"2022-06-20","0","104000","104000","4063","26","6500","16"
"2022-06-17","0","61236500","61236500","4063","15074","6500","9421"
"2022-06-16","0","5856205","5856205","4063","1442","6500","901"
"2022-06-15","0","498150","498150","4063","123","6500","77"
"2022-06-14","0","45500","45500","4063","11","6500","7"
"2022-06-13","6.47","1954390","1954390","4063","504","6500","315"
"2022-06-10","-6.08","32347045","32347045","3816","8475","6105","5297"
"2022-06-09","4.5","7004600","7004600","4063","1792","6500","1120"
"2022-06-08","1.97","2328625","2328625","3888","605","6220","378"
"2022-06-07","-6.15","11319500","11319500","3813","2968","6100","1855"
"2022-06-03","0","757800","757800","4063","197","6500","123"
"2022-06-02","-1.36","59041000","59041000","4063","15478","6500","9674"
"2022-06-01","-0.07","757770","757770","4119","184","6590","115"
"2022-05-31","6.7","11204785","11204785","4122","2810","6595","1756"
"2022-05-30","7.48","25557095","25557095","3863","7115","6180","4447"
"2022-05-27","-1.53","8211830","8211830","3594","2274","5750","1421"
"2022-05-25","-0.16","8077090","8077090","3650","2210","5840","1381"
"2022-05-24","-4.12","5567680","5567680","3656","1522","5850","951"
"2022-05-23","0.11","9830140","9830140","3813","2586","6100","1616"
"2022-05-20","-1.7","2983340","2983340","3809","782","6095","489"
"2022-05-19","-1.6","20839685","20839685","3875","5339","6200","3337"
"2022-05-18","-1.55","5639510","5639510","3938","1475","6300","922"
"2022-05-17","-7.26","32805110","32805110","4000","7896","6400","4935"
"2022-05-16","-0.71","211743430","211743430","4313","49186","6900","30741"
"2022-05-13","-0.14","41824085","41824085","4344","9619","6950","6012"
"2022-05-12","-0.21","13920","13920","4350","3","6960","2"
"2022-05-11","1.37","46997715","46997715","4359","10803","6975","6752"
"2022-05-10","-1.35","564400","564400","4300","131","6880","82"
"2022-05-09","0","4790250","4790250","4359","1102","6975","689"
"2022-05-06","0.07","29375455","29375455","4359","6872","6975","4295"
"2022-05-05","-0.07","856555","856555","4356","197","6970","123"
"2022-05-04","0","1387950","1387950","4359","318","6975","199"
"2022-05-03","0","1963575","1963575","4359","451","6975","282"
"2022-04-29","-0.3","1813475","1813475","4359","418","6975","261"
"2022-04-27","-0.07","461795","461795","4372","106","6995","66"
"2022-04-26","0.37","3904210","3904210","4375","893","7000","558"
"2022-04-25","-0.3","1129945","1129945","4359","259","6975","162"
"2022-04-22","1.37","9246285","9246285","4372","2144","6995","1340"
"2022-04-21","-1.42","262205","262205","4313","61","6900","38"
"2022-04-20","-0.7","17263900","17263900","4375","3918","7000","2449"
"2022-04-19","-2.09","405495","405495","4406","91","7050","57"
"2022-04-15","0","2934200","2934200","4500","661","7200","413"
"2022-04-14","5.88","14497375","14497375","4500","3339","7200","2087"
"2022-04-13","0.73","12049100","12049100","4250","2835","6800","1772"
"2022-04-12","0","1917685","1917685","4219","453","6750","283"
"2022-04-11","0","13501950","13501950","4219","3200","6750","2000"
"2022-04-08","-2.09","18514510","18514510","4219","4314","6750","2696"
"2022-04-07","2.89","14786985","14786985","4309","3531","6895","2207"
"2022-04-06","0.77","3614695","3614695","4188","864","6700","540"
"2022-04-05","0.82","14356375","14356375","4156","3462","6650","2164"
"2022-04-04","0.07","14765790","14765790","4122","3582","6595","2239"
"2022-04-01","-0.07","5881910","5881910","4119","1427","6590","892"
"2022-03-31","0","12794795","12794795","4122","3147","6595","1967"
"2022-03-30","0.07","6108645","6108645","4122","1488","6595","930"
"2022-03-29","1.38","2210970","2210970","4119","549","6590","343"
"2022-03-28","0.72","19744400","19744400","4063","4880","6500","3050"
"2022-03-25","0.22","6020445","6020445","4034","1494","6455","934"
"2022-03-24","0.63","1836840","1836840","4025","459","6440","287"
"2022-03-23","0.93","6225200","6225200","4000","1557","6400","973"
"2022-03-22","0.25","7362710","7362710","3963","1843","6340","1152"
"2022-03-21","-2.25","3976190","3976190","3953","1000","6325","625"
"2022-03-18","1.97","43388040","43388040","4044","10805","6470","6753"
"2022-03-17","0","4302600","4302600","3966","1085","6345","678"
"2022-03-16","0","3960760","3960760","3966","1010","6345","631"
"2022-03-15","-0.3","7419300","7419300","3966","1862","6345","1164"
"2022-03-14","0","1703140","1703140","3978","434","6365","271"
"2022-03-11","-0.55","7853040","7853040","3978","1971","6365","1232"
"2022-03-10","2.49","6562520","6562520","4000","1670","6400","1044"
"2022-03-09","0","37969850","37969850","3903","9728","6245","6080"
"2022-03-08","-2.43","6459850","6459850","3903","1656","6245","1035"
"2022-03-07","5.51","7145435","7145435","4000","1883","6400","1177"
"2022-03-04","-3.73","21562150","21562150","3791","5680","6065","3550"
"2022-03-03","3.88","2225750","2225750","3938","568","6300","355"
"2022-03-02","-2.17","16098225","16098225","3791","4264","6065","2665"
"2022-03-01","3.42","9397200","9397200","3875","2502","6200","1564"
"2022-02-28","0","6505175","6505175","3747","1736","5995","1085"
"2022-02-25","0.16","14078540","14078540","3747","3757","5995","2348"
"2022-02-24","-0.16","1019095","1019095","3741","286","5985","179"
"2022-02-23","-0.32","3399875","3399875","3747","914","5995","571"
"2022-02-22","0.24","52920065","52920065","3759","14218","6015","8886"
"2022-02-21","1.87","66077110","66077110","3750","17926","6000","11204"
"2022-02-18","-0.19","32236555","32236555","3681","8998","5890","5624"
"2022-02-17","6.31","5589600","5589600","3688","1581","5900","988"
"2022-02-16","0.73","49243750","49243750","3469","14256","5550","8910"
"2022-02-15","-2.99","3356850","3356850","3444","968","5510","605"
"2022-02-14","5.28","4333930","4333930","3550","1283","5680","802"
"2022-02-11","5.67","1998040","1998040","3372","602","5395","376"
"2022-02-10","-0.78","1541440","1541440","3191","480","5105","300"
"2022-02-09","0","673945","673945","3216","210","5145","131"
"2022-02-08","0","32064060","32064060","3216","10027","5145","6267"
"2022-02-07","-1.05","1704590","1704590","3216","526","5145","329"
"2022-02-04","1.37","185195770","185195770","3250","57005","5200","35628"
"2022-02-03","-0.68","6708035","6708035","3206","2082","5130","1301"
"2022-02-02","0.28","2857200","2857200","3228","888","5165","555"
"2022-02-01","0.41","4491495","4491495","3219","1397","5150","873"
"2022-01-31","0.09","1026860","1026860","3206","320","5130","200"
"2022-01-28","0.47","691875","691875","3203","216","5125","135"
"2022-01-27","-0.47","632400","632400","3188","198","5100","124"
"2022-01-26","0.88","3829200","3829200","3203","1200","5125","750"
"2022-01-25","-1.27","526590","526590","3175","165","5080","103"
"2022-01-24","-0.09","380520","380520","3216","122","5145","76"
"2022-01-21","0","6893750","6893750","3219","2200","5150","1375"
"2022-01-20","3.01","10544360","10544360","3219","3362","5150","2101"
"2022-01-19","0","3541705","3541705","3125","1136","5000","710"
"2022-01-18","0","4306330","4306330","3125","1381","5000","863"
"2022-01-17","-0.98","5816900","5816900","3125","1883","5000","1177"
"2022-01-14","-1","1425650","1425650","3156","451","5050","282"
"2022-01-13","0","1086300","1086300","3188","341","5100","213"
"2022-01-12","0","665800","665800","3188","208","5100","130"
"2022-01-11","1.5","35710400","35710400","3188","11203","5100","7002"
"2022-01-10","-2.42","519155","519155","3141","166","5025","104"
"2022-01-07","0","2238900","2238900","3219","701","5150","438"
"2022-01-06","0.97","2166850","2166850","3219","680","5150","425"
"2022-01-05","-0.87","37587410","37587410","3188","11792","5100","7370"
"2022-01-04","-0.09","21268820","21268820","3216","6629","5145","4143"
"2022-01-03","0.97","25750","25750","3219","8","5150","5"
"2021-12-31","-0.96","2197650","2197650","3188","690","5100","431"
"2021-12-30","0","679650","679650","3219","211","5150","132"
"2021-12-29","0","679200","679200","3219","211","5150","132"
"2021-12-28","0","3330730","3330730","3219","1029","5150","643"
"2021-12-27","-0.59","278100","278100","3219","86","5150","54"
"2021-12-24","0","51800","51800","3238","16","5180","10"
"2021-12-23","-0.37","2803000","2803000","3238","864","5180","540"
"2021-12-22","0","3390400","3390400","3250","1043","5200","652"
"2021-12-21","-0.09","36162920","36162920","3250","11126","5200","6954"
"2021-12-20","-0.09","2230070","2230070","3253","686","5205","429"
"2021-12-17","0","3641940","3641940","3256","1118","5210","699"
"2021-12-16","0","1338830","1338830","3256","413","5210","258"
"2021-12-15","1.15","140420","140420","3256","43","5210","27"
"2021-12-14","0","4074075","4074075","3219","1262","5150","789"
"2021-12-13","-0.37","1258580","1258580","3219","390","5150","244"
"2021-12-10","0.37","9582245","9582245","3231","2950","5170","1844"
"2021-12-09","0.59","2209600","2209600","3219","686","5150","429"
"2021-12-08","-0.59","14114485","14114485","3200","4382","5120","2739"
"2021-12-07","0.97","51500","51500","3219","16","5150","10"
"2021-12-06","-4.29","35641070","35641070","3188","11000","5100","6875"
"2021-12-03","0.54","3039600","3039600","3331","917","5330","573"
"2021-12-02","0","2020550","2020550","3313","611","5300","382"
"2021-12-01","-0.45","917400","917400","3313","277","5300","173"
"2021-11-30","0.45","4358970","4358970","3328","1315","5325","822"
"2021-11-29","0","4139855","4139855","3313","1250","5300","781"
"2021-11-26","-0.54","779100","779100","3313","235","5300","147"
"2021-11-25","0","4563160","4563160","3331","1371","5330","857"
"2021-11-24","0.54","1221500","1221500","3331","368","5330","230"
"2021-11-23","0","445500","445500","3313","136","5300","85"
"2021-11-22","4.05","7492870","7492870","3313","2275","5300","1422"
"2021-11-19","0.47","493115","493115","3184","155","5095","97"
"2021-11-18","-0.6","2673055","2673055","3169","842","5070","526"
"2021-11-17","0","1338815","1338815","3188","419","5100","262"
"2021-11-16","0","679800","679800","3188","213","5100","133"
"2021-11-12","-1.91","971800","971800","3188","304","5100","190"
"2021-11-11","0","1456000","1456000","3250","448","5200","280"
"2021-11-10","1.94","838415","838415","3250","261","5200","163"
"2021-11-09","0","2534355","2534355","3188","795","5100","497"
"2021-11-08","0","1096500","1096500","3188","344","5100","215"
"2021-11-05","0","2758145","2758145","3188","866","5100","541"
"2021-11-04","0","4731250","4731250","3188","1483","5100","927"
"2021-11-03","2.02","4050355","4050355","3188","1269","5100","793"
"2021-10-29","-0.98","81711360","81711360","3125","25995","5000","16247"
"2021-10-28","0.38","820530","820530","3156","261","5050","163"
"2021-10-27","6.9","595810","595810","3144","197","5030","123"
"2021-10-26","0","4648890","4648890","2941","1576","4705","985"
"2021-10-25","-3.98","17468150","17468150","2941","5731","4705","3582"
"2021-10-22","-1.98","3987970","3987970","3063","1290","4900","806"
"2021-10-21","0","2120000","2120000","3125","678","5000","424"
"2021-10-20","2.02","2186710","2186710","3125","699","5000","437"
"2021-10-19","-3.92","6956000","6956000","3063","2240","4900","1400"
"2021-10-15","0","2452380","2452380","3188","771","5100","482"
"2021-10-14","1.5","5228900","5228900","3188","1664","5100","1040"
"2021-10-13","-1.35","6509760","6509760","3141","2074","5025","1296"
"2021-10-12","-2.03","5596650","5596650","3184","1754","5095","1096"
"2021-10-11","-0.94","3328550","3328550","3250","1024","5200","640"
"2021-10-08","-0.3","3947805","3947805","3281","1202","5250","751"
"2021-10-07","0","3722515","3722515","3291","1126","5265","704"
"2021-10-06","7.44","20990260","20990260","3291","6541","5265","4088"
"2021-10-05","2.1","3737555","3737555","3063","1238","4900","774"
"2021-10-04","-2.85","5289725","5289725","3000","1726","4800","1079"
"2021-10-01","2.83","20770695","20770695","3088","6731","4940","4207"
"2021-09-30","-2.63","2576040","2576040","3003","826","4805","516"
"2021-09-29","3.35","24443145","24443145","3084","8184","4935","5115"
"2021-09-28","0.3","18408150","18408150","2984","6230","4775","3894"
"2021-09-27","2.59","913975","913975","2975","306","4760","191"
"2021-09-24","-2.42","29773900","29773900","2900","10264","4640","6415"
"2021-09-23","1.16","3373460","3373460","2972","1139","4755","712"
"2021-09-22","4.33","32900","32900","2938","11","4700","7"
"2021-09-21","1.81","1034860","1034860","2816","350","4505","219"
"2021-09-20","-1.43","4862550","4862550","2766","1747","4425","1092"
"2021-09-17","2.04","3647780","3647780","2806","1326","4490","829"
"2021-09-16","-1.11","22291825","22291825","2750","8062","4400","5039"
"2021-09-15","-0.89","135990","135990","2781","50","4450","31"
"2021-09-14","3.7","3030505","3030505","2806","1110","4490","694"
"2021-09-13","-0.48","2079600","2079600","2706","765","4330","478"
"2021-09-10","0.59","505930","505930","2719","186","4350","116"
"2021-09-09","-0.59","315725","315725","2703","117","4325","73"
"2021-09-08","1.15","13920000","13920000","2719","5120","4350","3200"
"2021-09-07","2.4","1104100","1104100","2688","422","4300","264"
"2021-09-06","0","2003400","2003400","2625","763","4200","477"
"2021-09-03","0","10393790","10393790","2625","3960","4200","2475"
"2021-09-02","-1.17","1478735","1478735","2625","562","4200","351"
"2021-09-01","-1.19","547200","547200","2656","205","4250","128"
"2021-08-31","0","2574945","2574945","2688","958","4300","599"
"2021-08-30","1.2","494400","494400","2688","184","4300","115"
"2021-08-27","-1.19","1623250","1623250","2656","608","4250","380"
"2021-08-26","0","16128375","16128375","2688","5968","4300","3730"
"2021-08-25","-0.55","10187460","10187460","2688","3787","4300","2367"
"2021-08-24","2.97","11152925","11152925","2703","4245","4325","2653"
"2021-08-23","0.46","25245450","25245450","2625","9598","4200","5999"
"2021-08-20","1.36","33505060","33505060","2613","12904","4180","8065"
"2021-08-19","-0.62","34767370","34767370","2578","14048","4125","8780"
"2021-08-18","-0.73","1323850","1323850","2594","510","4150","319"
"2021-08-17","7.35","80393110","80393110","2613","32998","4180","20624"
"2021-08-16","-0.16","891350","891350","2434","366","3895","229"
"2021-08-13","0","4110800","4110800","2438","1691","3900","1057"
"2021-08-12","0","799900","799900","2438","330","3900","206"
"2021-08-11","2.39","320900","320900","2438","133","3900","83"
"2021-08-10","-2.34","708240","708240","2381","294","3810","184"
"2021-08-09","0","2285050","2285050","2438","949","3900","593"
"2021-08-06","0.79","3003490","3003490","2438","1237","3900","773"
"2021-08-05","-1.79","21442905","21442905","2419","8893","3870","5558"
"2021-08-04","1.82","2219540","2219540","2463","914","3940","571"
"2021-08-03","0.54","3059915","3059915","2419","1267","3870","792"
"2021-08-02","0","450515","450515","2406","187","3850","117"
"2021-07-30","0.92","2129050","2129050","2406","885","3850","553"
"2021-07-29","-0.91","2079815","2079815","2384","875","3815","547"
"2021-07-28","0","1693550","1693550","2406","704","3850","440"
"2021-07-27","1.31","6979850","6979850","2406","2923","3850","1827"
"2021-07-26","0.25","209000","209000","2375","88","3800","55"
"2021-07-23","2.42","170550","170550","2369","72","3790","45"
"2021-07-22","0","1208260","1208260","2313","512","3700","320"
"2021-07-21","-2.36","1194800","1194800","2313","512","3700","320"
"2021-07-19","1.07","386550","386550","2369","163","3790","102"
"2021-07-16","2.63","75000","75000","2344","32","3750","20"
"2021-07-15","-3.59","421275","421275","2284","184","3655","115"
"2021-07-13","3.72","3149100","3149100","2369","1379","3790","862"
"2021-07-12","-1.25","908680","908680","2284","395","3655","247"
"2021-07-09","-1.32","4046175","4046175","2313","1749","3700","1093"
"2021-07-08","0","1491625","1491625","2344","637","3750","398"
"2021-07-07","0.69","909750","909750","2344","390","3750","244"
"2021-07-06","0.65","4070100","4070100","2328","1755","3725","1097"
"2021-07-05","0","3807600","3807600","2313","1637","3700","1023"
"2021-07-02","0","1343200","1343200","2313","578","3700","361"
"2021-07-01","-4.38","322825","322825","2313","136","3700","85"
"2021-06-30","3.78","1179650","1179650","2419","488","3870","305"
"2021-06-29","-3.88","1104290","1104290","2331","459","3730","287"
"2021-06-28","-0.37","2543750","2543750","2425","1053","3880","658"
"2021-06-25","5.55","665550","665550","2434","272","3895","170"
"2021-06-24","1.5","4711850","4711850","2306","2075","3690","1297"
"2021-06-23","-0.39","505265","505265","2272","222","3635","139"
"2021-06-22","0.4","4478000","4478000","2281","1968","3650","1230"
"2021-06-21","0","4020820","4020820","2272","1763","3635","1102"
"2021-06-18","0.13","1899800","1899800","2272","835","3635","522"
"2021-06-17","0.27","76235","76235","2269","34","3630","21"
"2021-06-16","0","943600","943600","2263","416","3620","260"
"2021-06-15","-0.53","1505685","1505685","2263","664","3620","415"
"2021-06-14","1.11","1324900","1324900","2275","582","3640","364"
"2021-06-11","0","2901600","2901600","2250","1290","3600","806"
"2021-06-10","-1.23","1295430","1295430","2250","573","3600","358"
"2021-06-09","0.66","3632840","3632840","2278","1595","3645","997"
"2021-06-08","-0.66","3785345","3785345","2263","1674","3620","1046"
"2021-06-07","0","3494340","3494340","2278","1539","3645","962"
"2021-06-04","0","2435335","2435335","2278","1069","3645","668"
"2021-06-03","-0.13","1572600","1572600","2278","690","3645","431"
"2021-06-02","0","193425","193425","2281","85","3650","53"
"2021-06-01","0","500050","500050","2281","219","3650","137"
"2021-05-31","0.8","1098740","1098740","2281","482","3650","301"
"2021-05-28","0.58","1937385","1937385","2263","859","3620","537"
"2021-05-27","0.85","3650400","3650400","2250","1622","3600","1014"
"2021-05-26","1.13","903855","903855","2231","408","3570","255"
"2021-05-25","0","1938560","1938560","2206","877","3530","548"
"2021-05-21","0","5258385","5258385","2206","2400","3530","1500"
"2021-05-20","0","4774465","4774465","2206","2176","3530","1360"
"2021-05-19","-1.96","2824650","2824650","2206","1272","3530","795"
"2021-05-18","0","553875","553875","2250","248","3600","155"
"2021-05-17","2.83","829440","829440","2250","378","3600","236"
"2021-05-14","-4.08","2020270","2020270","2188","917","3500","573"
"2021-05-11","4.25","958650","958650","2281","424","3650","265"
"2021-05-10","-5.12","7780850","7780850","2188","3555","3500","2222"
"2021-05-07","-0.13","2073730","2073730","2306","899","3690","562"
"2021-05-06","-0.17","1711235","1711235","2309","766","3695","479"
"2021-05-05","-2.36","6032560","6032560","2313","2622","3700","1639"
"2021-05-04","-4.28","539380","539380","2369","227","3790","142"
"2021-05-03","0.49","750810","750810","2475","304","3960","190"
"2021-04-30","-0.48","6920490","6920490","2463","2832","3940","1770"
"2021-04-29","-0.64","8433040","8433040","2475","3435","3960","2147"
"2021-04-28","-0.12","2417290","2417290","2491","970","3985","606"
"2021-04-27","0","390220","390220","2494","157","3990","98"
"2021-04-26","0.24","7529130","7529130","2494","3019","3990","1887"
"2021-04-23","-0.24","2579805","2579805","2488","1046","3980","654"
"2021-04-22","0","653785","653785","2494","262","3990","164"
"2021-04-21","0","4790740","4790740","2494","1923","3990","1202"
"2021-04-20","0","434420","434420","2494","174","3990","109"
"2021-04-19","2.3","1157100","1157100","2494","464","3990","290"
"2021-04-16","-2.25","2761800","2761800","2438","1128","3900","705"
"2021-04-15","2.3","1085230","1085230","2494","446","3990","279"
"2021-04-14","2.65","542000","542000","2438","222","3900","139"
"2021-04-13","1.06","792355","792355","2375","336","3800","210"
"2021-04-12","-3.61","2686820","2686820","2350","1141","3760","713"
"2021-04-09","0","28947930","28947930","2438","11874","3900","7421"
"2021-04-08","-2.25","202790","202790","2438","83","3900","52"
"2021-04-07","5.01","8055590","8055590","2494","3378","3990","2111"
"2021-04-06","-2.58","18301590","18301590","2375","7653","3800","4783"
"2021-04-02","-1.14","16172025","16172025","2438","6632","3900","4145"
"2021-04-01","2.49","31134425","31134425","2466","12938","3945","8086"
"2021-03-31","0","9035950","9035950","2406","3755","3850","2347"
"2021-03-30","0","3896370","3896370","2406","1616","3850","1010"
"2021-03-29","-2.55","14148750","14148750","2406","5880","3850","3675"
"2021-03-26","0","3771260","3771260","2469","1552","3950","970"
"2021-03-25","1.27","5920520","5920520","2469","2410","3950","1506"
"2021-03-24","-2.25","6765740","6765740","2438","2771","3900","1732"
"2021-03-23","0","2555545","2555545","2494","1026","3990","641"
"2021-03-22","-0.24","4256300","4256300","2494","1709","3990","1068"
"2021-03-19","0","1252000","1252000","2500","501","4000","313"
"2021-03-18","0.24","14183195","14183195","2500","5675","4000","3547"
"2021-03-17","6.13","13239910","13239910","2494","4539","3990","2837"
"2021-03-16","-0.55","7611025","7611025","2350","3130","3760","1956"
"2021-03-15","-0.51","4799670","4799670","2363","2064","3780","1290"
"2021-03-12","2.68","11811000","11811000","2375","5104","3800","3190"
"2021-03-11","0","37978955","37978955","2313","16408","3700","10255"
"2021-03-10","0","28318785","28318785","2313","12267","3700","7667"
"2021-03-09","-0.13","9776945","9776945","2313","4222","3700","2639"
"2021-03-08","-0.94","4631250","4631250","2316","2000","3705","1250"
"2021-03-05","-1.31","63600","63600","2338","27","3740","17"
"2021-03-04","3.72","352100","352100","2369","149","3790","93"
"2021-03-03","0.93","7310","7310","2284","3","3655","2"
"2021-03-02","-4.72","1701740","1701740","2263","747","3620","467"
"2021-03-01","0","988570","988570","2375","426","3800","266"
"2021-02-26","5.56","4064800","4064800","2375","1749","3800","1093"
"2021-02-25","0","12772100","12772100","2250","5677","3600","3548"
"2021-02-24","0","14180225","14180225","2250","6302","3600","3939"
"2021-02-23","0.27","7268000","7268000","2250","3232","3600","2020"
"2021-02-22","-0.27","15974800","15974800","2244","7102","3590","4439"
"2021-02-19","0","23979300","23979300","2250","10658","3600","6661"
"2021-02-18","0.72","6231600","6231600","2250","2770","3600","1731"
"2021-02-17","-0.71","20003900","20003900","2234","8891","3575","5557"
"2021-02-16","0","25558620","25558620","2250","11360","3600","7100"
"2021-02-15","0","107760","107760","2250","48","3600","30"
"2021-02-12","0.85","18994265","18994265","2250","8552","3600","5345"
"2021-02-11","-0.84","736150","736150","2231","328","3570","205"
"2021-02-10","0.85","368310","368310","2250","165","3600","103"
"2021-02-09","-0.71","924720","924720","2231","411","3570","257"
"2021-02-08","-0.13","266230","266230","2247","118","3595","74"
"2021-02-05","0.13","3941995","3941995","2250","1752","3600","1095"
"2021-02-04","0.13","7366020","7366020","2247","3294","3595","2059"
"2021-02-03","1.13","51784350","51784350","2244","23112","3590","14445"
"2021-02-02","0","65029545","65029545","2219","29234","3550","18271"
"2021-02-01","0","7903850","7903850","2219","3517","3550","2198"
"2021-01-29","0","587750","587750","2219","264","3550","165"
"2021-01-28","0","315950","315950","2219","142","3550","89"
"2021-01-27","1.42","66783950","66783950","2219","30494","3550","19059"
"2021-01-25","0","140050","140050","2188","64","3500","40"
"2021-01-22","0","1757100","1757100","2188","803","3500","502"
"2021-01-21","0","35077000","35077000","2188","16035","3500","10022"
"2021-01-20","0","22793850","22793850","2188","10422","3500","6514"
"2021-01-19","3.89","21408600","21408600","2188","9787","3500","6117"
"2021-01-15","0.43","2600610","2600610","2106","1242","3370","776"
"2021-01-14","0.14","3149150","3149150","2097","1499","3355","937"
"2021-01-13","0","167500","167500","2094","80","3350","50"
"2021-01-12","-0.14","5586750","5586750","2094","2666","3350","1666"
"2021-01-11","-0.29","1123050","1123050","2097","534","3355","334"
"2021-01-08","0.57","476695","476695","2103","227","3365","142"
"2021-01-07","-0.57","3329550","3329550","2091","1594","3345","996"
"2021-01-06","0.14","847980","847980","2103","403","3365","252"
"2021-01-05","-1.18","1266320","1266320","2100","603","3360","377"
"2021-01-04","-2.88","510000","510000","2125","240","3400","150"
"2020-12-31","4.49","21013500","21013500","2188","9629","3500","6018"
"2020-12-30","-4.3","2070685","2070685","2094","978","3350","611"
"2020-12-29","1.48","35192545","35192545","2188","16218","3500","10136"
"2020-12-28","0.7","25182200","25182200","2156","11686","3450","7304"
"2020-12-24","-1.02","863700","863700","2141","405","3425","253"
"2020-12-23","0.32","5830060","5830060","2163","2738","3460","1711"
"2020-12-22","3.11","10670150","10670150","2156","5027","3450","3142"
"2020-12-21","1.21","310420","310420","2091","149","3345","93"
"2020-12-18","0.15","1017775","1017775","2066","496","3305","310"
"2020-12-17","0","24446400","24446400","2063","11853","3300","7408"
"2020-12-16","0","41820900","41820900","2063","20277","3300","12673"
"2020-12-15","0","13514800","13514800","2063","6552","3300","4095"
"2020-12-14","1.58","6600000","6600000","2063","3200","3300","2000"
"2020-12-11","0","65000","65000","2031","32","3250","20"
"2020-12-10","-1.55","17520935","17520935","2031","8600","3250","5375"
"2020-12-09","-1.62","6600715","6600715","2063","3200","3300","2000"
"2020-12-08","0.14","16791750","16791750","2097","8008","3355","5005"
"2020-12-07","1.36","23133000","23133000","2094","11168","3350","6980"
"2020-12-04","0.15","7320125","7320125","2066","3499","3305","2187"
"2020-12-03","-1.48","40621600","40621600","2063","19683","3300","12302"
"2020-12-02","0.29","20972220","20972220","2094","10163","3350","6352"
"2020-12-01","1.06","3700075","3700075","2088","1794","3340","1121"
"2020-11-30","-5.27","99150","99150","2066","48","3305","30"
"2020-11-27","5.72","593300","593300","2181","272","3490","170"
"2020-11-26","3.15","3603705","3603705","2063","1842","3300","1151"
"2020-11-25","0","663450","663450","2000","330","3200","206"
"2020-11-24","-1.53","1126850","1126850","2000","555","3200","347"
"2020-11-23","2.16","2027420","2027420","2031","1005","3250","628"
"2020-11-20","2.58","111300","111300","1988","56","3180","35"
"2020-11-19","1.15","19055725","19055725","1938","9837","3100","6148"
"2020-11-18","-1.14","1880025","1880025","1916","970","3065","606"
"2020-11-17","0","9823900","9823900","1938","5070","3100","3169"
"2020-11-16","-0.15","5290935","5290935","1938","2739","3100","1712"
"2020-11-13","-2.95","50992025","50992025","1941","26285","3105","16428"
"2020-11-12","-1.53","1662500","1662500","2000","832","3200","520"
"2020-11-11","0","82717485","82717485","2031","43722","3250","27326"
"2020-11-10","-7.18","5573750","5573750","2031","2744","3250","1715"
"2020-11-09","6.06","35000","35000","2188","16","3500","10"
"2020-11-05","0","230250","230250","2063","112","3300","70"
"2020-11-04","4.61","33000","33000","2063","16","3300","10"
"2020-11-03","1.6","1515250","1515250","1972","752","3155","470"
"2020-11-02","-5.91","2452655","2452655","1941","1195","3105","747"
"2020-10-30","-2.92","4805335","4805335","2063","2315","3300","1447"
"2020-10-28","1.48","3279650","3279650","2125","1576","3400","985"
"2020-10-27","-1.46","12840600","12840600","2094","6080","3350","3800"
"2020-10-26","-1.44","19217100","19217100","2125","8914","3400","5571"
"2020-10-23","0","862500","862500","2156","400","3450","250"
"2020-10-22","0","517500","517500","2156","240","3450","150"
"2020-10-20","-1.46","527850","527850","2156","245","3450","153"
"2020-10-19","1.48","691400","691400","2188","323","3500","202"
"2020-10-16","0","69000","69000","2156","32","3450","20"
"2020-10-14","1.46","89700","89700","2156","42","3450","26"
"2020-10-13","-1.44","527075","527075","2125","248","3400","155"
"2020-10-12","1.32","1907850","1907850","2156","885","3450","553"
"2020-10-09","-1.3","392100","392100","2128","184","3405","115"
"2020-10-08","0","69000","69000","2156","32","3450","20"
"2020-10-07","0","8135435","8135435","2156","3768","3450","2355"
"2020-10-06","1.6","31315850","31315850","2156","14544","3450","9090"
"2020-10-05","-1.58","20836900","20836900","2122","9664","3395","6040"
"2020-10-02","0","17607000","17607000","2156","8163","3450","5102"
"2020-10-01","-4.18","16068730","16068730","2156","7298","3450","4561"
"2020-09-29","-2.72","224375","224375","2250","104","3600","65"
"2020-09-28","1.27","7770975","7770975","2313","3416","3700","2135"
"2020-09-25","7.48","242930","242930","2284","109","3655","68"
"2020-09-24","0.14","69800","69800","2125","34","3400","21"
"2020-09-22","2.86","982400","982400","2122","474","3395","296"
"2020-09-21","-2.92","3624310","3624310","2063","1731","3300","1082"
"2020-09-18","0","3440800","3440800","2125","1619","3400","1012"
"2020-09-17","0.14","7665740","7665740","2125","3608","3400","2255"
"2020-09-16","0","4917740","4917740","2122","2357","3395","1473"
"2020-09-15","2.86","169750","169750","2122","80","3395","50"
"2020-09-14","-1.48","1626020","1626020","2063","787","3300","492"
"2020-09-11","1.5","287380","287380","2094","138","3350","86"
"2020-09-10","-1.62","551190","551190","2063","267","3300","167"
"2020-09-09","0","950665","950665","2097","461","3355","288"
"2020-09-08","-0.14","4019370","4019370","2097","1917","3355","1198"
"2020-09-07","0.14","338700","338700","2100","162","3360","101"
"2020-09-04","4.85","4173620","4173620","2097","1990","3355","1244"
"2020-09-03","-4.63","282280","282280","2000","141","3200","88"
"2020-09-02","0.14","671000","671000","2097","320","3355","200"
"2020-09-01","-0.14","1093350","1093350","2094","522","3350","326"
"2020-08-31","0","2888645","2888645","2097","1328","3355","830"
"2020-08-28","1.65","18959040","18959040","2097","9018","3355","5636"
"2020-08-27","-1.62","2088900","2088900","2063","1013","3300","633"
"2020-08-26","0.14","1006500","1006500","2097","480","3355","300"
"2020-08-25","-1.46","6201160","6201160","2094","2918","3350","1824"
"2020-08-24","3.01","703800","703800","2125","331","3400","207"
"2020-08-21","-2.92","1966000","1966000","2063","952","3300","595"
"2020-08-20","-5.56","95200","95200","2125","45","3400","28"
"2020-08-19","0","1256820","1256820","2250","558","3600","349"
"2020-08-18","-0.27","1243730","1243730","2250","552","3600","345"
"2020-08-17","0.27","252500","252500","2256","112","3610","70"
"2020-08-14","0","316800","316800","2250","141","3600","88"
"2020-08-13","0","468000","468000","2250","208","3600","130"
"2020-08-12","2.83","11983750","11983750","2250","5240","3600","3275"
"2020-08-11","0","378200","378200","2188","178","3500","111"
"2020-08-10","2.96","24131650","24131650","2188","11078","3500","6924"
"2020-08-05","0","3043000","3043000","2125","1432","3400","895"
"2020-08-04","0","486300","486300","2125","229","3400","143"
"2020-08-03","0","891100","891100","2125","419","3400","262"
"2020-07-30","0","2482000","2482000","2125","1168","3400","730"
"2020-07-29","1.63","6783405","6783405","2125","3205","3400","2003"
"2020-07-28","-1.6","539100","539100","2091","258","3345","161"
"2020-07-27","-2.57","1061845","1061845","2125","499","3400","312"
"2020-07-24","0","10470","10470","2181","5","3490","3"
"2020-07-22","-0.32","31410","31410","2181","14","3490","9"
"2020-07-21","2.53","70500","70500","2188","32","3500","20"
"2020-07-20","0.14","1500400","1500400","2134","696","3415","435"
"2020-07-17","-0.14","1841465","1841465","2131","864","3410","540"
"2020-07-16","-3","2141935","2141935","2134","997","3415","623"
"2020-07-15","-1.39","233290","233290","2200","106","3520","66"
"2020-07-13","1.41","85680","85680","2231","38","3570","24"
"2020-07-10","-4.89","2932800","2932800","2200","1312","3520","820"
"2020-07-09","5.71","814000","814000","2313","352","3700","220"
"2020-07-08","-5.89","1096900","1096900","2188","504","3500","315"
"2020-07-03","0","2783455","2783455","2325","1200","3720","750"
"2020-07-02","0.69","663980","663980","2325","286","3720","179"
"2020-07-01","-0.69","214265","214265","2309","93","3695","58"
"2020-06-30","0.13","7885180","7885180","2325","3392","3720","2120"
"2020-06-29","7.35","716325","716325","2322","312","3715","195"
"2020-06-26","0.19","159160","159160","2163","74","3460","46"
"2020-06-25","0.14","469725","469725","2159","216","3455","135"
"2020-06-24","1.03","448500","448500","2156","208","3450","130"
"2020-06-23","0.14","3573980","3573980","2134","1672","3415","1045"
"2020-06-22","0","20092950","20092950","2131","9456","3410","5910"
"2020-06-19","0.28","136400","136400","2131","64","3410","40"
"2020-06-18","0","132600","132600","2125","62","3400","39"
"2020-06-17","0","798680","798680","2125","376","3400","235"
"2020-06-16","3.01","34406100","34406100","2125","16192","3400","10120"
"2020-06-15","-5.71","1979250","1979250","2063","950","3300","594"
"2020-06-12","2.96","16379450","16379450","2188","7493","3500","4683"
"2020-06-10","-2.88","137200","137200","2125","64","3400","40"
"2020-06-09","0","350000","350000","2188","160","3500","100"
"2020-06-08","-1.4","5283950","5283950","2188","2408","3500","1505"
"2020-06-05","1.42","7469690","7469690","2219","3411","3550","2132"
"2020-06-04","0","2485725","2485725","2188","1136","3500","710"
"2020-06-03","0","3925000","3925000","2188","1792","3500","1120"
"2020-06-02","0","2908450","2908450","2188","1330","3500","831"
"2020-05-29","0.32","3093410","3093410","2188","1414","3500","884"
"2020-05-28","0","5223950","5223950","2181","2403","3490","1502"
"2020-05-27","-0.32","2366310","2366310","2181","1091","3490","682"
"2020-05-26","2.96","156000","156000","2188","72","3500","45"
"2020-05-25","0","3842000","3842000","2125","1808","3400","1130"
"2020-05-22","0","4253115","4253115","2125","1994","3400","1246"
"2020-05-19","0.76","30475","30475","2125","14","3400","9"
"2020-05-18","-11.2","33750","33750","2109","16","3375","10"
"2020-05-15","0","16772495","16772495","2375","7059","3800","4412"
"2020-05-14","-1.57","2467750","2467750","2375","1038","3800","649"
"2020-05-13","0.29","6125350","6125350","2413","2544","3860","1590"
"2020-05-12","1.18","22827955","22827955","2406","9488","3850","5930"
"2020-05-11","-1.16","3107770","3107770","2378","1307","3805","817"
"2020-05-08","1.18","24365890","24365890","2406","10130","3850","6331"
"2020-05-07","-1.16","1111120","1111120","2378","462","3805","289"
"2020-05-06","0","219475","219475","2406","91","3850","57"
"2020-05-05","0.63","19254745","19254745","2406","8005","3850","5003"
"2020-05-04","0","11223275","11223275","2391","4683","3825","2927"
"2020-04-30","-0.62","998050","998050","2391","418","3825","261"
"2020-04-29","1.31","327200","327200","2406","138","3850","86"
"2020-04-28","-2.42","2506860","2506860","2375","1078","3800","674"
"2020-04-27","1.16","8553080","8553080","2434","3520","3895","2200"
"2020-04-24","0","669900","669900","2406","278","3850","174"
"2020-04-23","0","292600","292600","2406","122","3850","76"
"2020-04-22","1.56","17806840","17806840","2406","7363","3850","4602"
"2020-04-21","1.07","3214550","3214550","2369","1360","3790","850"
"2020-04-20","1.34","5680500","5680500","2344","2424","3750","1515"
"2020-04-17","0","672990","672990","2313","290","3700","181"
"2020-04-16","0","643800","643800","2313","278","3700","174"
"2020-04-15","0","19066100","19066100","2313","8245","3700","5153"
"2020-04-14","2.8","30510750","30510750","2313","13202","3700","8251"
"2020-04-10","0","1371825","1371825","2250","610","3600","381"
"2020-04-09","1.4","2368235","2368235","2250","1053","3600","658"
"2020-04-08","0","1594700","1594700","2219","710","3550","444"
"2020-04-07","4.28","8948575","8948575","2219","4141","3550","2588"
"2020-04-06","-2.74","476750","476750","2128","224","3405","140"
"2020-04-03","0.18","1016075","1016075","2188","462","3500","289"
"2020-04-02","-1.58","1226875","1226875","2184","558","3495","349"
"2020-04-01","0","365500","365500","2219","165","3550","103"
"2020-03-31","-3.9","395800","395800","2219","178","3550","111"
"2020-03-30","-0.69","473585","473585","2309","205","3695","128"
"2020-03-27","-0.81","379440","379440","2325","163","3720","102"
"2020-03-25","0","573750","573750","2344","245","3750","153"
"2020-03-24","1.34","2522855","2522855","2344","1093","3750","683"
"2020-03-23","-1.32","4570700","4570700","2313","1976","3700","1235"
"2020-03-20","-1.31","8529375","8529375","2344","3683","3750","2302"
"2020-03-19","0.13","3832925","3832925","2375","1616","3800","1010"
"2020-03-18","3.13","1724700","1724700","2372","726","3795","454"
"2020-03-17","2.22","169200","169200","2300","74","3680","46"
"2020-03-16","0","1630800","1630800","2250","725","3600","453"
"2020-03-13","1.12","1075750","1075750","2250","483","3600","302"
"2020-03-12","0","345320","345320","2225","154","3560","96"
"2020-03-11","1.69","1458690","1458690","2225","664","3560","415"
"2020-03-10","-0.27","497750","497750","2188","211","3500","132"
"2020-03-09","0.27","105300","105300","2194","48","3510","30"
"2020-03-06","0","227500","227500","2188","104","3500","65"
"2020-03-05","1.34","486800","486800","2188","221","3500","138"
"2020-03-04","-6.66","124605","124605","2159","58","3455","36"
"2020-03-03","0","274240","274240","2313","118","3700","74"
"2020-03-02","5.71","1569700","1569700","2313","690","3700","431"
"2020-02-28","0","21000","21000","2188","10","3500","6"
"2020-02-27","0","2040900","2040900","2188","938","3500","586"
"2020-02-26","0","489650","489650","2188","224","3500","140"
"2020-02-25","2.82","350800","350800","2188","165","3500","103"
"2020-02-24","-2.74","2496200","2496200","2128","1160","3405","725"
"2020-02-21","2.96","112000","112000","2188","51","3500","32"
"2020-02-20","0","2830800","2830800","2125","1320","3400","825"
"2020-02-19","0","381345","381345","2125","179","3400","112"
"2020-02-18","-0.14","442000","442000","2125","208","3400","130"
"2020-02-17","0","650355","650355","2128","306","3405","191"
"2020-02-14","0.14","2983100","2983100","2128","1403","3405","877"
"2020-02-13","0","1115200","1115200","2125","525","3400","328"
"2020-02-12","-2.88","32197090","32197090","2125","14746","3400","9216"
"2020-02-11","0","5805000","5805000","2188","2656","3500","1660"
"2020-02-10","-2.76","5790700","5790700","2188","2640","3500","1650"
"2020-02-07","0","2181000","2181000","2250","968","3600","605"
"2020-02-06","-0.13","1060395","1060395","2250","470","3600","294"
"2020-02-05","0","562380","562380","2253","250","3605","156"
"2020-02-04","-6.36","2470215","2470215","2253","1090","3605","681"
"2020-02-03","6.93","6522880","6522880","2406","2888","3850","1805"
"2020-01-31","1.4","209400","209400","2250","93","3600","58"
"2020-01-30","2.92","935950","935950","2219","434","3550","271"
"2020-01-29","-1.28","15153315","15153315","2156","7026","3450","4391"
"2020-01-28","-0.18","1741750","1741750","2184","797","3495","498"
"2020-01-27","-0.14","3789750","3789750","2188","1731","3500","1082"
"2020-01-24","0.14","4056260","4056260","2191","1850","3505","1156"
"2020-01-23","2.82","17535000","17535000","2188","8016","3500","5010"
"2020-01-22","0.14","10215","10215","2128","5","3405","3"
"2020-01-21","0","952000","952000","2125","448","3400","280"
"2020-01-20","0","1421200","1421200","2125","669","3400","418"
"2020-01-17","0","1315800","1315800","2125","619","3400","387"
"2020-01-16","3.21","3462925","3462925","2125","1677","3400","1048"
"2020-01-15","2.8","2901035","2901035","2059","1418","3295","886"
"2020-01-14","-2.91","431370","431370","2003","214","3205","134"
"2020-01-13","-2.78","6020300","6020300","2063","2912","3300","1820"
"2020-01-10","2.86","3395","3395","2122","2","3395","1"
"2020-01-09","-2.92","3490500","3490500","2063","1664","3300","1040"
"2020-01-08","0","544000","544000","2125","256","3400","160"
"2020-01-07","-2.88","102000","102000","2125","48","3400","30"
"2020-01-06","0","7986175","7986175","2188","3621","3500","2263"
"2020-01-03","-1.4","1190000","1190000","2188","544","3500","340"
"2020-01-02","4.87","8359710","8359710","2219","3837","3550","2398"
"2019-12-31","5.64","14599105","14599105","2116","6934","3385","4334"
"2019-12-30","-7.4","1416305","1416305","2003","659","3205","412"
"2019-12-27","-1.55","719560","719560","2163","330","3460","206"
"2019-12-26","-0.14","516830","516830","2197","235","3515","147"
"2019-12-24","0","45760","45760","2200","21","3520","13"
"2019-12-23","-2.22","31660","31660","2200","14","3520","9"
"2019-12-20","0","1645200","1645200","2250","731","3600","457"
"2019-12-19","-2.72","7872125","7872125","2250","3493","3600","2183"
"2019-12-18","2.8","1412100","1412100","2313","634","3700","396"
"2019-12-17","2.83","2367400","2367400","2250","1077","3600","673"
"2019-12-16","-2.63","362700","362700","2188","163","3500","102"
"2019-12-13","5.74","461800","461800","2247","208","3595","130"
"2019-12-12","1.48","2981540","2981540","2125","1408","3400","880"
"2019-12-11","0.62","2501345","2501345","2094","1189","3350","743"
"2019-12-10","7.38","7635860","7635860","2081","3941","3330","2463"
"2019-12-09","0","13840690","13840690","1938","7202","3100","4501"
"2019-12-06","6.54","4716350","4716350","1938","2515","3100","1572"
"2019-12-04","2.13","29100","29100","1819","16","2910","10"
"2019-12-03","1.42","1031340","1031340","1781","586","2850","366"
"2019-12-02","0.34","757310","757310","1756","426","2810","266"
"2019-11-29","0","868000","868000","1750","496","2800","310"
"2019-11-28","3.67","288400","288400","1750","165","2800","103"
"2019-11-27","0","3494630","3494630","1688","2053","2700","1283"
"2019-11-26","-3.71","4149900","4149900","1688","2464","2700","1540"
"2019-11-25","0.34","3834000","3834000","1753","2240","2805","1400"
"2019-11-22","1.63","1819500","1819500","1747","1040","2795","650"
"2019-11-21","-1.77","4608850","4608850","1719","2643","2750","1652"
"2019-11-20","0.69","3544060","3544060","1750","2011","2800","1257"
"2019-11-19","-0.69","1258650","1258650","1738","722","2780","451"
"2019-11-18","-0.34","3102910","3102910","1750","1768","2800","1105"
"2019-11-14","-2.93","2376320","2376320","1756","1355","2810","847"
"2019-11-13","-1.9","812775","812775","1809","448","2895","280"
"2019-11-12","4.59","73750","73750","1844","40","2950","25"
"2019-11-11","0.74","5724270","5724270","1763","3259","2820","2037"
"2019-11-08","-6.37","1654950","1654950","1750","941","2800","588"
"2019-11-07","-0.32","5980","5980","1869","3","2990","2"
"2019-11-05","0","330000","330000","1875","176","3000","110"
"2019-11-04","0","2045650","2045650","1875","1091","3000","682"
"2019-10-31","-1.63","771625","771625","1875","410","3000","256"
"2019-10-30","1.65","738100","738100","1906","387","3050","242"
"2019-10-29","-4.77","7219890","7219890","1875","3746","3000","2341"
"2019-10-28","1.97","94500","94500","1969","48","3150","30"
"2019-10-25","0","1492340","1492340","1931","771","3090","482"
"2019-10-24","2.82","13608330","13608330","1931","7058","3090","4411"
"2019-10-23","0","1037675","1037675","1878","552","3005","345"
"2019-10-22","-1.31","16615965","16615965","1878","8782","3005","5489"
"2019-10-21","0.16","1711560","1711560","1903","906","3045","566"
"2019-10-18","-1.61","461120","461120","1900","243","3040","152"
"2019-10-17","1.31","135960","135960","1931","70","3090","44"
"2019-10-16","-1.45","765210","765210","1906","400","3050","250"
"2019-10-15","-0.21","346990","346990","1934","179","3095","112"
"2019-10-14","0","806140","806140","1938","416","3100","260"
"2019-10-11","0","455700","455700","1938","235","3100","147"
"2019-10-10","-1.57","1022850","1022850","1938","522","3100","326"
"2019-10-09","-1.55","302300","302300","1969","154","3150","96"
"2019-10-08","-0.3","416215","416215","2000","210","3200","131"
"2019-10-07","0","7494885","7494885","2006","3746","3210","2341"
"2019-10-04","0.3","915410","915410","2006","458","3210","286"
"2019-10-03","0","1136000","1136000","2000","568","3200","355"
"2019-10-02","-0.15","3558510","3558510","2000","1778","3200","1111"
"2019-10-01","0","2150555","2150555","2003","1074","3205","671"
"2019-09-30","0","929950","929950","2003","464","3205","290"
"2019-09-27","-2.58","3356910","3356910","2003","1675","3205","1047"
"2019-09-26","-1.81","6349435","6349435","2056","3078","3290","1924"
"2019-09-25","-0.57","6666575","6666575","2094","3184","3350","1990"
"2019-09-24","-0.89","40582200","40582200","2106","19296","3370","12060"
"2019-09-23","0","340000","340000","2125","160","3400","100"
"2019-09-20","-2.88","6353280","6353280","2125","2906","3400","1816"
"2019-09-19","0","1099000","1099000","2188","502","3500","314"
"2019-09-18","0","707000","707000","2188","323","3500","202"
"2019-09-17","0","203000","203000","2188","93","3500","58"
"2019-09-16","6.06","5621700","5621700","2188","2725","3500","1703"
"2019-09-13","-0.15","254100","254100","2063","123","3300","77"
"2019-09-12","1.72","1271050","1271050","2066","616","3305","385"
"2019-09-11","-1.55","1325255","1325255","2031","651","3250","407"
"2019-09-10","-0.86","1742050","1742050","2063","854","3300","534"
"2019-09-09","0.29","1568300","1568300","2081","757","3330","473"
"2019-09-06","-0.77","1560670","1560670","2075","749","3320","468"
"2019-09-05","0","856320","856320","2091","410","3345","256"
"2019-09-04","0","5113250","5113250","2091","2443","3345","1527"
"2019-09-03","-1.46","1259160","1259160","2091","602","3345","376"
"2019-09-02","-0.14","4070800","4070800","2122","1920","3395","1200"
"2019-08-30","0","1509000","1509000","2125","710","3400","444"
"2019-08-29","0","7836750","7836750","2125","3688","3400","2305"
"2019-08-28","-2.88","2646100","2646100","2125","1248","3400","780"
"2019-08-27","2.96","1356790","1356790","2188","635","3500","397"
"2019-08-26","0.9","7809750","7809750","2125","3688","3400","2305"
"2019-08-23","-0.89","1158185","1158185","2106","549","3370","343"
"2019-08-22","-1.3","518200","518200","2125","245","3400","153"
"2019-08-21","1.32","826525","826525","2153","389","3445","243"
"2019-08-20","0","3084370","3084370","2125","1453","3400","908"
"2019-08-19","0.28","1237360","1237360","2125","578","3400","361"
"2019-08-16","-0.28","2263025","2263025","2119","1064","3390","665"
"2019-08-14","-2.57","3073600","3073600","2125","1446","3400","904"
"2019-08-13","2.64","897780","897780","2181","422","3490","264"
"2019-08-09","0","658845","658845","2125","302","3400","189"
"2019-08-08","-2.88","2063100","2063100","2125","949","3400","593"
"2019-08-06","0","437500","437500","2188","200","3500","125"
"2019-08-05","0","401770","401770","2188","184","3500","115"
"2019-08-02","0","248500","248500","2188","114","3500","71"
"2019-08-01","2.96","35000","35000","2188","16","3500","10"
"2019-07-31","0","3400","3400","2125","2","3400","1"
"2019-07-30","-2.88","547600","547600","2125","251","3400","157"
"2019-07-29","3.26","6969300","6969300","2188","3234","3500","2021"
"2019-07-26","0.28","502240","502240","2119","235","3390","147"
"2019-07-25","0","152105","152105","2113","72","3380","45"
"2019-07-24","0","1321700","1321700","2113","624","3380","390"
"2019-07-23","0.91","2963550","2963550","2113","1405","3380","878"
"2019-07-22","0.92","201000","201000","2094","96","3350","60"
"2019-07-19","0","298800","298800","2075","144","3320","90"
"2019-07-18","-0.91","760460","760460","2075","365","3320","228"
"2019-07-17","-0.9","336200","336200","2094","160","3350","100"
"2019-07-16","-1.17","710800","710800","2113","336","3380","210"
"2019-07-15","0","1863290","1863290","2138","872","3420","545"
"2019-07-12","0.61","95600","95600","2138","45","3420","28"
"2019-07-11","-0.61","334820","334820","2125","157","3400","98"
"2019-07-10","0","402345","402345","2138","187","3420","117"
"2019-07-09","0","1933125","1933125","2138","902","3420","564"
"2019-07-08","0","1556475","1556475","2138","728","3420","455"
"2019-07-05","-0.83","10447150","10447150","2138","4883","3420","3052"
"2019-07-04","0","186240","186240","2156","86","3450","54"
"2019-07-03","0","1018000","1018000","2156","472","3450","295"
"2019-07-02","0.84","8683650","8683650","2156","4027","3450","2517"
"2019-06-28","-0.83","1620900","1620900","2138","755","3420","472"
"2019-06-27","-1.28","1038410","1038410","2156","482","3450","301"
"2019-06-26","1.87","7249410","7249410","2184","3323","3495","2077"
"2019-06-25","-2.01","3718415","3718415","2144","1733","3430","1083"
"2019-06-24","0","1447950","1447950","2188","662","3500","414"
"2019-06-21","-1.4","4276990","4276990","2188","1955","3500","1222"
"2019-06-20","-0.67","10137500","10137500","2219","4576","3550","2860"
"2019-06-19","0.68","1225725","1225725","2234","549","3575","343"
"2019-06-18","0","3233340","3233340","2219","1440","3550","900"
"2019-06-17","1.42","3828000","3828000","2219","1741","3550","1088"
"2019-06-14","0","2331300","2331300","2188","1056","3500","660"
"2019-06-13","-4.2","538600","538600","2188","243","3500","152"
"2019-06-12","2.93","1897600","1897600","2284","856","3655","535"
"2019-06-11","-2.72","155900","155900","2219","69","3550","43"
"2019-06-07","-0.13","257400","257400","2281","115","3650","72"
"2019-06-06","3.21","650010","650010","2284","293","3655","183"
"2019-06-05","-0.14","177750","177750","2213","80","3540","50"
"2019-06-03","-1.25","10613730","10613730","2216","4790","3545","2994"
"2019-05-31","-1.75","7328950","7328950","2244","3266","3590","2041"
"2019-05-29","0","33165","33165","2284","14","3655","9"
"2019-05-28","0","6517315","6517315","2284","2853","3655","1783"
"2019-05-27","-3.34","14013105","14013105","2284","6122","3655","3826"
"2019-05-24","-0.63","846520","846520","2363","357","3780","223"
"2019-05-23","-4.88","30037165","30037165","2378","12629","3805","7893"
"2019-05-22","-2.46","196000","196000","2500","78","4000","49"
"2019-05-21","2.52","1380900","1380900","2563","555","4100","347"
"2019-05-20","-4.76","3806490","3806490","2500","1486","4000","929"
"2019-05-17","-2.34","156450","156450","2625","59","4200","37"
"2019-05-16","1.2","954250","954250","2688","357","4300","223"
"2019-05-15","-3.42","131750","131750","2656","50","4250","31"
"2019-05-14","-2","4430800","4430800","2750","1611","4400","1007"
"2019-05-13","-1.34","547120","547120","2806","195","4490","122"
"2019-05-10","2.01","555950","555950","2844","194","4550","121"
"2019-05-09","-2.92","459980","459980","2788","163","4460","102"
"2019-05-08","0","951165","951165","2872","331","4595","207"
"2019-05-07","0","10318565","10318565","2872","3590","4595","2244"
"2019-05-06","1.77","4873520","4873520","2872","1696","4595","1060"
"2019-05-03","0","3043775","3043775","2822","1082","4515","676"
"2019-05-02","0.32","1350075","1350075","2822","480","4515","300"
"2019-04-30","0.57","36679500","36679500","2813","13042","4500","8151"
"2019-04-29","1.82","1937100","1937100","2797","701","4475","438"
"2019-04-26","0","30765","30765","2747","11","4395","7"
"2019-04-25","-0.11","43950","43950","2747","16","4395","10"
"2019-04-24","2.31","5112550","5112550","2750","1869","4400","1168"
"2019-04-23","2.4","4219200","4219200","2688","1566","4300","979"
"2019-04-19","0","2747700","2747700","2625","1029","4200","643"
"2019-04-18","0","4059600","4059600","2625","1546","4200","966"
"2019-04-17","0","2242925","2242925","2625","854","4200","534"
"2019-04-16","-4.34","6418675","6418675","2625","2464","4200","1540"
"2019-04-15","4.53","1646965","1646965","2744","603","4390","377"
"2019-04-12","-4.55","3334100","3334100","2625","1243","4200","777"
"2019-04-11","6.01","240150","240150","2750","91","4400","57"
"2019-04-10","-1.18","3339425","3339425","2594","1272","4150","795"
"2019-04-09","-4.55","6269000","6269000","2625","2336","4200","1460"
"2019-04-08","7.3","3900780","3900780","2750","1445","4400","903"
"2019-04-05","-2.36","143500","143500","2563","56","4100","35"
"2019-04-04","0","1642550","1642550","2625","626","4200","391"
"2019-04-03","-0.23","1098195","1098195","2625","418","4200","261"
"2019-04-02","0.23","33680","33680","2631","13","4210","8"
"2019-03-29","0","7602850","7602850","2625","2893","4200","1808"
"2019-03-28","2.58","4286325","4286325","2625","1648","4200","1030"
"2019-03-27","0","1068660","1068660","2559","418","4095","261"
"2019-03-26","-0.85","2253500","2253500","2559","880","4095","550"
"2019-03-25","-1.68","1605420","1605420","2581","626","4130","391"
"2019-03-22","-0.11","5044605","5044605","2625","1912","4200","1195"
"2019-03-21","6.44","7619180","7619180","2628","2942","4205","1839"
"2019-03-20","0.24","567200","567200","2469","230","3950","144"
"2019-03-19","-3.75","377900","377900","2463","154","3940","96"
"2019-03-18","4.96","2058285","2058285","2559","808","4095","505"
"2019-03-15","-4.73","1011800","1011800","2438","398","3900","249"
"2019-03-14","2.36","707775","707775","2559","286","4095","179"
"2019-03-13","2.54","1775500","1775500","2500","712","4000","445"
"2019-03-12","-1.14","351000","351000","2438","144","3900","90"
"2019-03-11","-1.36","2673675","2673675","2466","1088","3945","680"
"2019-03-08","-2.46","2398400","2398400","2500","968","4000","605"
"2019-03-07","3.68","3125800","3125800","2563","1248","4100","780"
"2019-03-06","-3.06","1285300","1285300","2472","520","3955","325"
"2019-03-05","4.59","624220","624220","2550","254","4080","159"
"2019-03-04","0","3425850","3425850","2438","1410","3900","881"
"2019-03-01","0.16","251945","251945","2438","104","3900","65"
"2019-02-28","-0.16","38950","38950","2434","16","3895","10"
"2019-02-27","1.33","3970100","3970100","2438","1629","3900","1018"
"2019-02-26","-3.53","200130","200130","2406","82","3850","51"
"2019-02-25","-0.12","4462105","4462105","2494","1787","3990","1117"
"2019-02-22","0","3751200","3751200","2497","1502","3995","939"
"2019-02-21","0","511360","511360","2497","205","3995","128"
"2019-02-20","-0.12","825655","825655","2497","338","3995","211"
"2019-02-19","3.91","1936450","1936450","2500","779","4000","487"
"2019-02-18","-1.03","5307250","5307250","2406","2194","3850","1371"
"2019-02-15","2.36","3346175","3346175","2431","1376","3890","860"
"2019-02-14","-5","782800","782800","2375","330","3800","206"
"2019-02-13","5.53","635430","635430","2500","266","4000","166"
"2019-02-12","1.76","7352600","7352600","2369","3104","3790","1940"
"2019-02-11","-5.71","605350","605350","2328","256","3725","160"
"2019-02-08","-1.24","14038500","14038500","2469","5910","3950","3694"
"2019-02-07","0","1044000","1044000","2500","418","4000","261"
"2019-02-06","5.26","332000","332000","2500","133","4000","83"
"2019-02-05","0.13","212545","212545","2375","90","3800","56"
"2019-02-04","0","1244760","1244760","2372","525","3795","328"
"2019-02-01","-2.71","648150","648150","2372","272","3795","170"
"2019-01-31","4.59","3068580","3068580","2438","1290","3900","806"
"2019-01-30","0","596800","596800","2331","256","3730","160"
"2019-01-29","-0.55","1335050","1335050","2331","573","3730","358"
"2019-01-28","-1.31","825090","825090","2344","352","3750","220"
"2019-01-25","-2.58","22800","22800","2375","10","3800","6"
"2019-01-23","5.4","4630060","4630060","2438","1958","3900","1224"
"2019-01-22","0","1472500","1472500","2313","637","3700","398"
"2019-01-21","-0.64","1239500","1239500","2313","536","3700","335"
"2019-01-18","-0.68","3725","3725","2328","2","3725","1"
"2019-01-17","0","5726250","5726250","2344","2443","3750","1527"
"2019-01-16","4.46","1183850","1183850","2344","526","3750","329"
"2019-01-15","0.13","179535","179535","2244","80","3590","50"
"2019-01-14","0","2473650","2473650","2241","1104","3585","690"
"2019-01-11","2.14","165345","165345","2241","75","3585","47"
"2019-01-10","0","63180","63180","2194","29","3510","18"
"2019-01-09","0.14","1971135","1971135","2194","899","3510","562"
"2019-01-08","-2.36","11772295","11772295","2191","5342","3505","3339"
"2019-01-07","-7.46","7543380","7543380","2244","3269","3590","2043"
"2019-01-04","0","533680","533680","2425","221","3880","138"
"2019-01-03","-0.25","574440","574440","2425","237","3880","148"
"2019-01-02","-0.29","412950","412950","2431","170","3890","106"
"2018-12-31","-4.88","2047500","2047500","2438","840","3900","525"
"2018-12-28","2.89","9203875","9203875","2563","3632","4100","2270"
"2018-12-27","-0.36","1129710","1129710","2491","458","3985","286"
"2018-12-26","0.64","297600","297600","2500","120","4000","75"
"2018-12-24","7.39","11202975","11202975","2484","4586","3975","2866"
"2018-12-21","5.28","5827095","5827095","2313","2552","3700","1595"
"2018-12-20","4.47","7091010","7091010","2197","3226","3515","2016"
"2018-12-19","1.94","1978850","1978850","2103","968","3365","605"
"2018-12-18","6.45","2310000","2310000","2063","1133","3300","708"
"2018-12-17","7.49","8778500","8778500","1938","4669","3100","2918"
"2018-12-14","7.45","3917935","3917935","1803","2224","2885","1390"
"2018-12-13","3.26","4866600","4866600","1678","2938","2685","1836"
"2018-12-12","6.14","7122500","7122500","1625","4555","2600","2847"
"2018-12-11","-2.05","1932900","1932900","1531","1243","2450","777"
"2018-12-10","0","3184140","3184140","1563","2038","2500","1274"
"2018-12-07","-6.85","2219010","2219010","1563","1347","2500","842"
"2018-12-06","-0.94","1936200","1936200","1678","1152","2685","720"
"2018-12-05","-2.31","827540","827540","1694","488","2710","305"
"2018-12-04","-1.98","93075","93075","1734","53","2775","33"
"2018-12-03","-2.43","460240","460240","1769","262","2830","164"
"2018-11-30","0","877140","877140","1813","480","2900","300"
"2018-11-29","-3.31","2370900","2370900","1813","1296","2900","810"
"2018-11-28","-3.25","447725","447725","1875","237","3000","148"
"2018-11-27","-0.92","1248265","1248265","1938","666","3100","416"
"2018-11-26","0","532150","532150","1956","267","3130","167"
"2018-11-23","-7.43","187800","187800","1956","96","3130","60"
"2018-11-22","0.91","2748710","2748710","2113","1288","3380","805"
"2018-11-21","1.5","1058790","1058790","2094","488","3350","305"
"2018-11-19","-7.03","2120400","2120400","2063","1018","3300","636"
"2018-11-16","-3.9","2178700","2178700","2219","1013","3550","633"
"2018-11-14","7.1","1331630","1331630","2309","613","3695","383"
"2018-11-13","-1.15","294970","294970","2156","136","3450","85"
"2018-11-12","0","289670","289670","2181","133","3490","83"
"2018-11-09","0","400630","400630","2181","184","3490","115"
"2018-11-08","-0.32","2694720","2694720","2181","1232","3490","770"
"2018-11-07","-2.76","1666150","1666150","2188","754","3500","471"
"2018-11-06","-5.26","983300","983300","2250","432","3600","270"
"2018-11-05","0","1489555","1489555","2375","627","3800","392"
"2018-11-02","-5","410500","410500","2375","173","3800","108"
"2018-10-31","5.26","7612220","7612220","2500","3138","4000","1961"
"2018-10-30","5.56","8979900","8979900","2375","3909","3800","2443"
"2018-10-29","-5.26","4928460","4928460","2250","2080","3600","1300"
"2018-10-26","-1.29","1323800","1323800","2375","554","3800","346"
"2018-10-25","-2.55","2868350","2868350","2406","1170","3850","731"
"2018-10-24","1.81","15405260","15405260","2469","6301","3950","3938"
"2018-10-23","4.84","541380","541380","2425","229","3880","143"
"2018-10-22","-1.32","15134160","15134160","2313","6590","3700","4119"
"2018-10-19","1.34","562264750","562264750","2344","243128","3750","151955"
"2018-10-18","-5.13","5323700","5323700","2313","2186","3700","1366"
"2018-10-17","6.88","1139500","1139500","2438","504","3900","315"
"2018-10-16","1.38","34739150","34739150","2281","15234","3650","9521"
"2018-10-15","-2.43","5985735","5985735","2250","2640","3600","1650"
"2018-10-12","-0.3","1180500","1180500","2306","515","3690","322"
"2018-10-11","1.4","2660990","2660990","2313","1152","3700","720"
"2018-10-10","-1.08","609050","609050","2281","270","3650","169"
"2018-10-09","2.63","5294570","5294570","2306","2366","3690","1479"
"2018-10-08","0","622015","622015","2247","278","3595","174"
"2018-10-05","-5.39","4638280","4638280","2247","2061","3595","1288"
"2018-10-04","-2.58","957600","957600","2375","403","3800","252"
"2018-10-03","1.46","3379050","3379050","2438","1422","3900","889"
"2018-10-02","-2.67","3593075","3593075","2403","1498","3845","936"
"2018-10-01","-1.24","395000","395000","2469","160","3950","100"
"2018-09-28","2.54","9229600","9229600","2500","3885","4000","2428"
"2018-09-27","2.65","690300","690300","2438","283","3900","177"
"2018-09-26","2.68","4876700","4876700","2375","2101","3800","1313"
"2018-09-25","0","1577250","1577250","2313","685","3700","428"
"2018-09-24","0","1526100","1526100","2313","661","3700","413"
"2018-09-21","-2.49","558700","558700","2313","242","3700","151"
"2018-09-20","-0.13","8971465","8971465","2372","3778","3795","2361"
"2018-09-19","0","2705850","2705850","2375","1139","3800","712"
"2018-09-18","-3.69","1055900","1055900","2375","438","3800","274"
"2018-09-17","0.12","122195","122195","2466","50","3945","31"
"2018-09-14","-0.24","3983960","3983960","2463","1630","3940","1019"
"2018-09-13","-1.24","7253325","7253325","2469","2920","3950","1825"
"2018-09-12","0","232000","232000","2500","93","4000","58"
"2018-09-11","1.26","6246550","6246550","2500","2504","4000","1565"
"2018-09-10","1.27","12711550","12711550","2469","5142","3950","3214"
"2018-09-07","-4.88","643950","643950","2438","262","3900","164"
"2018-09-06","-6.8","20500","20500","2563","8","4100","5"
"2018-09-05","7.3","74028420","74028420","2750","29800","4400","18625"
"2018-09-04","-3.5","9593185","9593185","2563","3765","4100","2353"
"2018-09-03","-4.49","190600","190600","2656","72","4250","45"
"2018-08-31","-1","17478050","17478050","2781","6363","4450","3977"
"2018-08-29","7.38","8466900","8466900","2809","3250","4495","2031"
"2018-08-28","-0.34","659760","659760","2616","261","4185","163"
"2018-08-27","5","10562900","10562900","2625","4224","4200","2640"
"2018-08-24","0","416020","416020","2500","166","4000","104"
"2018-08-23","-4.76","3344250","3344250","2500","1338","4000","836"
"2018-08-22","6.32","17220300","17220300","2625","6570","4200","4106"
"2018-08-20","-1.12","1726700","1726700","2469","694","3950","434"
"2018-08-17","-0.12","729400","729400","2497","291","3995","182"
"2018-08-16","-4.76","12932970","12932970","2500","5166","4000","3229"
"2018-08-14","6.32","2071600","2071600","2625","800","4200","500"
"2018-08-13","-3.67","4558800","4558800","2469","1826","3950","1141"
"2018-08-10","2.52","6650150","6650150","2563","2632","4100","1645"
"2018-08-09","-4.76","388670","388670","2500","150","4000","94"
"2018-08-08","-6.55","12174760","12174760","2625","4502","4200","2814"
"2018-08-03","0","1912950","1912950","2809","699","4495","437"
"2018-08-02","-2.3","1303490","1303490","2809","467","4495","292"
"2018-08-01","1.09","4740700","4740700","2875","1667","4600","1042"
"2018-07-31","0.21","16331005","16331005","2844","5850","4550","3656"
"2018-07-30","0","7212440","7212440","2838","2582","4540","1614"
"2018-07-27","-2.34","131600","131600","2838","46","4540","29"
"2018-07-26","-0.95","3051750","3051750","2906","1085","4650","678"
"2018-07-25","2.48","9199750","9199750","2934","3136","4695","1960"
"2018-07-24","6.51","10882400","10882400","2863","3805","4580","2378"
"2018-07-23","-6.5","6456180","6456180","2688","2267","4300","1417"
"2018-07-20","3.38","299500","299500","2875","104","4600","65"
"2018-07-19","-5.34","2249400","2249400","2781","776","4450","485"
"2018-07-18","0","7281650","7281650","2938","2482","4700","1551"
"2018-07-17","2.19","5780790","5780790","2938","2011","4700","1257"
"2018-07-16","4.55","2823700","2823700","2875","1037","4600","648"
"2018-07-13","1.14","2779300","2779300","2750","1011","4400","632"
"2018-07-12","-5.43","650000","650000","2719","240","4350","150"
"2018-07-11","2.2","4272600","4272600","2875","1547","4600","967"
"2018-07-10","1.15","28433250","28433250","2813","10226","4500","6391"
"2018-07-09","-1.14","50694925","50694925","2781","18861","4450","11788"
"2018-07-06","4.65","15234815","15234815","2813","5654","4500","3534"
"2018-07-05","2.4","39930470","39930470","2688","14931","4300","9332"
"2018-07-04","-1.17","3183250","3183250","2625","1203","4200","752"
"2018-07-03","0","1773995","1773995","2656","680","4250","425"
"2018-07-02","-1.04","3912000","3912000","2656","1558","4250","974"
"2018-06-29","2.48","24494170","24494170","2684","9347","4295","5842"
"2018-06-28","4.76","13859400","13859400","2619","5296","4190","3310"
"2018-06-27","-3.62","6834370","6834370","2500","2747","4000","1717"
"2018-06-26","0.5","22812350","22812350","2594","8795","4150","5497"
"2018-06-25","3.12","15966875","15966875","2581","6200","4130","3875"
"2018-06-22","0.12","11590230","11590230","2503","4546","4005","2841"
"2018-06-21","-2.46","7929150","7929150","2500","3128","4000","1955"
"2018-06-20","2.52","6409830","6409830","2563","2549","4100","1593"
"2018-06-19","-0.24","7026570","7026570","2500","2731","4000","1707"
"2018-06-18","-3.39","2970795","2970795","2506","1155","4010","722"
"2018-06-15","1.21","3409385","3409385","2594","1323","4150","827"
"2018-06-13","-0.81","18575730","18575730","2563","7187","4100","4492"
"2018-06-12","3.36","3263525","3263525","2584","1304","4135","815"
"2018-06-08","0","10480900","10480900","2500","4195","4000","2622"
"2018-06-07","-3.25","400150","400150","2500","160","4000","100"
"2018-06-06","0","15578780","15578780","2584","6165","4135","3853"
"2018-06-05","0","6217370","6217370","2584","2408","4135","1505"
"2018-06-04","-0.39","631250","631250","2584","246","4135","154"
"2018-06-01","-2.33","1260350","1260350","2594","478","4150","299"
"2018-05-31","1.8","22355525","22355525","2656","8566","4250","5354"
"2018-05-30","-2.94","2788525","2788525","2609","1051","4175","657"
"2018-05-29","-2.25","15434710","15434710","2688","5746","4300","3591"
"2018-05-28","0","7349940","7349940","2750","2659","4400","1662"
"2018-05-25","-2.24","12550670","12550670","2750","4550","4400","2844"
"2018-05-24","0.25","2498535","2498535","2813","891","4500","557"
"2018-05-23","6.9","5329725","5329725","2806","1981","4490","1238"
"2018-05-22","0","2414900","2414900","2625","920","4200","575"
"2018-05-18","0","860900","860900","2625","323","4200","202"
"2018-05-17","-2.34","1396710","1396710","2625","534","4200","334"
"2018-05-16","4.88","5492430","5492430","2688","2123","4300","1327"
"2018-05-15","-4.65","912330","912330","2563","349","4100","218"
"2018-05-14","-6.5","18921000","18921000","2688","7040","4300","4400"
"2018-05-11","2.2","82713250","82713250","2875","30621","4600","19138"
"2018-05-09","2.29","11945200","11945200","2813","4424","4500","2765"
"2018-05-08","-1.11","2044000","2044000","2750","760","4400","475"
"2018-05-07","3.46","11082550","11082550","2781","3942","4450","2464"
"2018-05-04","-4.44","1397000","1397000","2688","499","4300","312"
"2018-05-03","-2.16","2772100","2772100","2813","965","4500","603"
"2018-05-02","-2.14","5690905","5690905","2875","1987","4600","1242"
"2018-04-30","2.19","23500","23500","2938","8","4700","5"
"2018-04-27","0.21","4964500","4964500","2875","1702","4600","1064"
"2018-04-26","-4.18","96569800","96569800","2869","33587","4590","20992"
"2018-04-25","4.14","10578230","10578230","2994","3619","4790","2262"
"2018-04-24","-1.17","2013735","2013735","2875","699","4600","437"
"2018-04-23","-2.94","1396350","1396350","2909","469","4655","293"
"2018-04-20","-0.1","1261930","1261930","2997","421","4795","263"
"2018-04-19","2.11","2068000","2068000","3000","706","4800","441"
"2018-04-18","0","1500650","1500650","2938","509","4700","318"
"2018-04-17","-3.07","989400","989400","2938","334","4700","209"
"2018-04-16","-2.04","62338250","62338250","3031","20782","4850","12989"
"2018-04-13","2.08","13996470","13996470","3094","4560","4950","2850"
"2018-04-12","0","16487735","16487735","3031","5494","4850","3434"
"2018-04-11","-0.1","11341200","11341200","3031","3774","4850","2359"
"2018-04-10","1.13","2615310","2615310","3034","882","4855","551"
"2018-04-09","1.04","14529200","14529200","3000","4923","4800","3077"
"2018-04-06","-1.03","7021085","7021085","2969","2362","4750","1476"
"2018-04-05","0","7128000","7128000","3000","2376","4800","1485"
"2018-04-04","0","3533790","3533790","3000","1178","4800","736"
"2018-04-03","-3.63","10998000","10998000","3000","3659","4800","2287"
"2018-03-30","1.63","2286650","2286650","3113","746","4980","466"
"2018-03-29","-1.8","9875890","9875890","3063","3272","4900","2045"
"2018-03-28","-0.1","6941025","6941025","3119","2258","4990","1411"
"2018-03-27","3.76","1817735","1817735","3122","595","4995","372"
"2018-03-26","-1.76","5355175","5355175","3009","1755","4815","1097"
"2018-03-23","1.79","6824680","6824680","3063","2230","4900","1394"
"2018-03-22","-3.71","12798775","12798775","3009","4146","4815","2591"
"2018-03-21","0","17169450","17169450","3125","5502","5000","3439"
"2018-03-20","4.06","52819910","52819910","3125","16906","5000","10566"
"2018-03-19","-1.96","2321710","2321710","3003","771","4805","482"
"2018-03-16","-1.98","1685600","1685600","3063","550","4900","344"
"2018-03-15","-3.67","1531070","1531070","3125","496","5000","310"
"2018-03-14","0.19","15745235","15745235","3244","5008","5190","3130"
"2018-03-13","3.62","74137800","74137800","3238","23442","5180","14651"
"2018-03-12","0","20861910","20861910","3125","6661","5000","4163"
"2018-03-09","1","40232220","40232220","3125","12846","5000","8029"
"2018-03-08","-0.99","1387300","1387300","3094","451","4950","282"
"2018-03-07","-1.98","14209600","14209600","3125","4579","5000","2862"
"2018-03-06","0","4859425","4859425","3188","1555","5100","972"
"2018-03-05","0","11109125","11109125","3188","3554","5100","2221"
"2018-03-02","0","3474150","3474150","3188","1109","5100","693"
"2018-03-01","2.02","1384100","1384100","3188","442","5100","276"
"2018-02-28","-2.34","30297750","30297750","3125","9651","5000","6032"
"2018-02-27","2.4","11085010","11085010","3200","3522","5120","2201"
"2018-02-26","-2.34","793460","793460","3125","251","5000","157"
"2018-02-23","0.38","1854800","1854800","3200","590","5120","369"
"2018-02-22","2.02","912000","912000","3188","288","5100","180"
"2018-02-21","-1.76","17068150","17068150","3125","5416","5000","3385"
"2018-02-20","6.03","4400625","4400625","3181","1427","5090","892"
"2018-02-19","-4","18959030","18959030","3000","6296","4800","3935"
"2018-02-16","4.06","4677670","4677670","3125","1554","5000","971"
"2018-02-15","-1.96","22733420","22733420","3003","7560","4805","4725"
"2018-02-14","0","2850485","2850485","3063","931","4900","582"
"2018-02-13","0","1549200","1549200","3063","504","4900","315"
"2018-02-12","-1.98","1517465","1517465","3063","488","4900","305"
"2018-02-09","2.02","3100450","3100450","3125","1005","5000","628"
"2018-02-08","0","3649300","3649300","3063","1195","4900","747"
"2018-02-07","2.1","528400","528400","3063","174","4900","109"
"2018-02-06","0","7342740","7342740","3000","2448","4800","1530"
"2018-02-05","0","1056400","1056400","3000","354","4800","221"
"2018-02-02","2.56","2361400","2361400","3000","795","4800","497"
"2018-02-01","-2.5","2234200","2234200","2925","758","4680","474"
"2018-01-31","2.11","1972800","1972800","3000","658","4800","411"
"2018-01-30","-0.1","10534875","10534875","2938","3526","4700","2204"
"2018-01-29","-3.86","2326585","2326585","2941","768","4705","480"
"2018-01-26","-0.13","473050","473050","3059","160","4895","100"
"2018-01-25","2.1","5631865","5631865","3063","1877","4900","1173"
"2018-01-24","0","1911750","1911750","3000","624","4800","390"
"2018-01-23","-4","7404440","7404440","3000","2440","4800","1525"
"2018-01-22","-1.98","2104475","2104475","3125","664","5000","415"
"2018-01-19","6.27","12745450","12745450","3188","4149","5100","2593"
"2018-01-18","6.65","12951760","12951760","3000","4518","4800","2824"
"2018-01-17","-2.16","2739350","2739350","2813","968","4500","605"
"2018-01-16","2.2","23657000","23657000","2875","8357","4600","5223"
"2018-01-15","2.4","984910","984910","2813","357","4500","223"
"2018-01-12","4.65","504000","504000","2747","184","4395","115"
"2018-01-11","-3.46","3107650","3107650","2625","1155","4200","722"
"2018-01-10","-2.33","1472820","1472820","2719","541","4350","338"
"2018-01-09","0.22","365310","365310","2784","131","4455","82"
"2018-01-08","3.35","1739160","1739160","2778","645","4445","403"
"2018-01-05","0","7404300","7404300","2688","2858","4300","1786"
"2018-01-04","-6.5","12824800","12824800","2688","4706","4300","2941"
"2018-01-03","-6.02","52197225","52197225","2875","18104","4600","11315"
"2018-01-02","-1.13","230115","230115","3059","75","4895","47"
"2017-12-29","-0.29","5623525","5623525","3094","1834","4950","1146"
"2017-12-28","7.44","3448780","3448780","3103","1218","4965","761"
"2017-12-27","7.44","2592775","2592775","2888","982","4620","614"
"2017-12-26","7.52","3997470","3997470","2688","1592","4300","995"
"2017-12-22","0.24","3769460","3769460","2500","1515","4000","947"
"2017-12-21","5.01","1793815","1793815","2494","731","3990","457"
"2017-12-20","-1.29","41874500","41874500","2375","17229","3800","10768"
"2017-12-19","-1.31","4746800","4746800","2406","1955","3850","1222"
"2017-12-18","0","5857135","5857135","2438","2392","3900","1495"
"2017-12-15","2.65","11340355","11340355","2438","4648","3900","2905"
"2017-12-14","0","4130150","4130150","2375","1731","3800","1082"
"2017-12-13","-2.58","12088700","12088700","2375","5051","3800","3157"
"2017-12-12","4.01","58323000","58323000","2438","24472","3900","15295"
"2017-12-11","-1.31","6689300","6689300","2344","2787","3750","1742"
"2017-12-08","1.32","1739300","1739300","2375","730","3800","456"
"2017-12-07","-1.31","2149515","2149515","2344","907","3750","567"
"2017-12-06","0","761825","761825","2375","320","3800","200"
"2017-12-05","-2.58","19173225","19173225","2375","7894","3800","4934"
"2017-12-04","0","9323065","9323065","2438","3862","3900","2414"
"2017-11-30","0","842400","842400","2438","346","3900","216"
"2017-11-29","-7.12","211492275","211492275","2438","86622","3900","54139"
"2017-11-28","-2.34","9568500","9568500","2625","3819","4200","2387"
"2017-11-27","0","8359100","8359100","2688","3106","4300","1941"
"2017-11-24","-2.15","6317205","6317205","2688","2350","4300","1469"
"2017-11-23","-0.11","6559545","6559545","2747","2381","4395","1488"
"2017-11-22","0","5907500","5907500","2750","2106","4400","1316"
"2017-11-21","0","3470500","3470500","2750","1251","4400","782"
"2017-11-20","-2.24","4345450","4345450","2750","1563","4400","977"
"2017-11-17","0","5488500","5488500","2813","1957","4500","1223"
"2017-11-16","-2.16","13982650","13982650","2813","4976","4500","3110"
"2017-11-14","6.96","4417460","4417460","2875","1718","4600","1074"
"2017-11-13","7.52","1377500","1377500","2688","539","4300","337"
"2017-11-10","0.12","632600","632600","2500","258","4000","161"
"2017-11-09","0.52","832710","832710","2497","334","3995","209"
"2017-11-08","1.89","2501000","2501000","2484","1006","3975","629"
"2017-11-07","2.65","1157500","1157500","2438","480","3900","300"
"2017-11-06","-1.29","9240625","9240625","2375","3854","3800","2409"
"2017-11-03","-1.03","370000","370000","2406","152","3850","95"
"2017-11-02","2.36","4325590","4325590","2431","1818","3890","1136"
"2017-10-31","3.26","1542960","1542960","2375","666","3800","416"
"2017-10-30","-6.73","790045","790045","2300","342","3680","214"
"2017-10-27","-0.12","529155","529155","2466","214","3945","134"
"2017-10-26","1.27","908500","908500","2469","368","39500","23"
"2017-10-25","-1.22","3760500","3760500","2438","1536","39000","96"
"2017-10-24","2.58","592425","592425","2468","240","39495","15"
"2017-10-23","-2.55","2642500","2642500","2406","1088","38500","68"
"2017-10-20","1.27","39500","39500","2469","16","39500","1"
"2017-10-19","0","21883000","21883000","2438","8976","39000","561"
"2017-10-18","0","2816000","2816000","2438","1152","39000","72"
"2017-10-17","1.33","6551720","6551720","2438","2688","39000","168"
"2017-10-16","-1.31","1325485","1325485","2406","544","38500","34"
"2017-10-13","0","19893980","19893980","2438","8160","39000","510"
"2017-10-12","0","865965","865965","2438","352","39000","22"
"2017-10-11","-2.48","469990","469990","2438","192","39000","12"
"2017-10-10","0","69104945","69104945","2500","27712","40000","1732"
"2017-10-09","2.54","1610100","1610100","2500","656","40000","41"
"2017-10-06","0","591000","591000","2438","240","39000","15"
"2017-10-05","-2.48","5706000","5706000","2438","2304","39000","144"
"2017-10-04","0","2560000","2560000","2500","1024","40000","64"
"2017-10-03","0","2480000","2480000","2500","992","40000","62"
"2017-10-02","-2.46","2393810","2393810","2500","960","39995","60"
"2017-09-29","0","1049000","1049000","2563","416","41000","26"
"2017-09-28","0.27","41000","41000","2563","16","41000","1"
"2017-09-27","0","5467690","5467690","2556","2144","40890","134"
"2017-09-26","-0.27","968055","968055","2556","384","40895","24"
"2017-09-25","-3.5","1681000","1681000","2563","656","41000","41"
"2017-09-22","0","239000080","239000080","2656","90016","42495","5626"
"2017-09-21","-1.63","5707600","5707600","2656","2128","42500","133"
"2017-09-20","-0.7","86400","86400","2700","32","43200","2"
"2017-09-19","0.7","16008000","16008000","2719","5888","43500","368"
"2017-09-18","-0.7","14226525","14226525","2700","5264","43200","329"
"2017-09-15","0","1682960","1682960","2719","624","43505","39"
"2017-09-14","2.6","4644500","4644500","2719","1744","43500","109"
"2017-09-13","0.95","3773600","3773600","2650","1424","42400","89"
"2017-09-12","0.96","1175000","1175000","2625","448","42000","28"
"2017-09-11","0","5033300","5033300","2600","1936","41600","121"
"2017-09-08","0.23","5739100","5739100","2600","2208","41600","138"
"2017-09-07","-3.5","16642925","16642925","2594","6384","41500","399"
"2017-09-06","-4.1","612975","612975","2688","224","43000","14"
"2017-09-05","0","134565","134565","2803","48","44855","3"
"2017-09-04","-7.52","1619565","1619565","2803","544","44855","34"
"2017-08-29","0","2182050","2182050","3031","720","48490","45"
"2017-08-28","-0.62","49123670","49123670","3031","16112","48495","1007"
"2017-08-24","-0.36","2538225","2538225","3050","832","48800","52"
"2017-08-23","-0.03","881160","881160","3061","288","48980","18"
"2017-08-21","1.02","244950","244950","3062","80","48990","5"
"2017-08-18","-1.04","828500","828500","3031","272","48500","17"
"2017-08-17","-1.98","545500","545500","3063","176","49000","11"
"2017-08-16","1","4136000","4136000","3125","1344","50000","84"
"2017-08-14","-0.99","1039500","1039500","3094","336","49500","21"
"2017-08-11","-1.98","350000","350000","3125","112","50000","7"
"2017-08-10","2.02","656000","656000","3188","208","51000","13"
"2017-08-09","-0.98","7786670","7786670","3125","2512","50000","157"
"2017-08-08","1.02","5903585","5903585","3156","1888","50500","118"
"2017-08-04","-0.03","2716980","2716980","3124","880","49990","55"
"2017-08-03","0","550055","550055","3125","176","50005","11"
"2017-08-02","-5.67","1874950","1874950","3125","576","50000","36"
"2017-08-01","6.02","106000","106000","3313","32","53000","2"
"2017-07-31","2.02","743000","743000","3125","240","50000","15"
"2017-07-28","-1.98","2156000","2156000","3063","704","49000","44"
"2017-07-27","-3.1","3750000","3750000","3125","1200","50000","75"
"2017-07-26","-2.66","6699100","6699100","3225","2080","51600","130"
"2017-07-25","6.02","853050","853050","3313","272","53000","17"
"2017-07-24","0","7450000","7450000","3125","2384","50000","149"
"2017-07-21","0","16272495","16272495","3125","5216","50000","326"
"2017-07-20","-5.67","250000","250000","3125","80","50000","5"
"2017-07-19","-1.05","866450","866450","3313","272","53000","17"
"2017-07-18","-7.49","1553240","1553240","3348","464","53560","29"
"2017-07-17","-3","289800","289800","3619","80","57900","5"
"2017-07-13","-0.48","12177825","12177825","3731","3264","59700","204"
"2017-07-11","-0.03","419940","419940","3749","112","59990","7"
"2017-07-10","0","1139905","1139905","3750","304","59995","19"
"2017-07-07","0","3484030","3484030","3750","944","60000","59"
"2017-07-06","0","120000","120000","3750","32","60000","2"
"2017-07-04","0.83","180000","180000","3750","48","60000","3"
"2017-07-03","-0.24","238000","238000","3719","64","59500","4"
"2017-06-30","-7.49","6415555","6415555","3728","1648","59645","103"
"2017-06-29","-0.79","12537140","12537140","4030","3088","64480","193"
"2017-06-27","-0.02","1299800","1299800","4062","320","64990","20"
"2017-06-23","-1.72","20588175","20588175","4063","5040","65000","315"
"2017-06-21","7.49","1587600","1587600","4134","384","66150","24"
"2017-06-20","0","7932050","7932050","3846","2080","80000","100"
"2017-06-19","0","24680000","24680000","3846","6469","80000","311"
"2017-06-16","-1.23","3055250","3055250","3846","790","80000","38"
"2017-06-15","0","1777000","1777000","3894","458","81000","22"
"2017-06-14","0","11802275","11802275","3894","3078","81000","148"
"2017-06-13","0","9731815","9731815","3894","2496","81000","120"
"2017-06-12","-1.22","1153375","1153375","3894","291","81005","14"
"2017-06-09","-3.55","39843050","39843050","3942","9901","82000","476"
"2017-06-08","-3.4","3399815","3399815","4087","832","85000","40"
"2017-06-07","-1.6","4928000","4928000","4231","1165","88000","56"
"2017-06-06","-0.07","1430625","1430625","4300","333","89445","16"
"2017-06-02","0","6516980","6516980","4303","1518","89500","73"
"2017-06-01","-0.42","16856020","16856020","4303","3973","89500","191"
"2017-05-31","-0.14","269770","269770","4321","62","89885","3"
"2017-05-30","-1.1","2354970","2354970","4327","541","89995","26"
"2017-05-29","0","1628955","1628955","4375","374","90995","18"
"2017-05-26","-2.15","3373005","3373005","4375","770","91000","37"
"2017-05-24","0","9300000","9300000","4471","2080","93000","100"
"2017-05-23","0","3720000","3720000","4471","832","93000","40"
"2017-05-22","0","372000","372000","4471","83","93000","4"
"2017-05-19","0","2334200","2334200","4471","520","93000","25"
"2017-05-18","0","34211000","34211000","4471","7571","93000","364"
"2017-05-17","-5.11","279005","279005","4471","62","93000","3"
"2017-05-16","0","10977655","10977655","4712","2330","98000","112"
"2017-05-15","0","11530430","11530430","4712","2434","98005","117"
"2017-05-12","-2","4729475","4729475","4712","998","98015","48"
"2017-05-11","2.04","33582880","33582880","4808","7030","100000","338"
"2017-05-10","1.05","12000000","12000000","4712","2558","98000","123"
"2017-05-09","-1.04","9321185","9321185","4663","1997","97000","96"
"2017-05-08","0","15016135","15016135","4712","3182","98000","153"
"2017-05-05","-1.01","2842000","2842000","4712","603","98000","29"
"2017-05-04","-1","2575000","2575000","4760","541","99000","26"
"2017-05-03","3.11","2994000","2994000","4808","624","100000","30"
"2017-05-02","-0.02","2912010","2912010","4663","624","97000","30"
"2017-04-28","2.01","194010","194010","4664","42","97005","2"
"2017-04-27","-4.91","4755025","4755025","4572","1019","95105","49"
"2017-04-26","2.04","16562360","16562360","4808","3474","100000","167"
"2017-04-25","0","9703010","9703010","4712","2059","98000","99"
"2017-04-24","-1.01","3850070","3850070","4712","811","98000","39"
"2017-04-21","4.2","1287000","1287000","4760","270","99000","13"
"2017-04-20","-3.04","10171190","10171190","4568","2184","95005","105"
"2017-04-19","-1.53","2942515","2942515","4711","624","97980","30"
"2017-04-18","-0.5","3253485","3253485","4784","686","99500","33"
"2017-04-14","0","109000000","109000000","4808","22672","100000","1090"
"2017-04-13","0","21100000","21100000","4808","4389","100000","211"
"2017-04-12","0","1396500","1396500","4808","291","100000","14"
"2017-04-11","-2.91","16701000","16701000","4808","3474","100000","167"
"2017-04-10","-0.7","1306000","1306000","4952","270","103000","13"
"2017-04-07","7.5","2833350","2833350","4987","582","103735","28"
"2017-04-06","-7.46","304736780","304736780","4639","61443","96500","2954"
"2017-04-05","7.51","729925","729925","5013","146","104275","7"
"2017-04-04","2.08","6307760","6307760","4663","1373","97000","66"
"2017-04-03","-2.04","12955525","12955525","4568","2787","95005","134"
"2017-03-31","2.1","13837710","13837710","4663","3120","97000","150"
"2017-03-30","-0.04","8457100","8457100","4567","1851","94995","89"
"2017-03-29","-3.03","13794780","13794780","4569","2974","95025","143"
"2017-03-28","-7.06","23063670","23063670","4712","4722","98000","227"
"2017-03-27","-7.5","46697800","46697800","5070","9173","105450","441"
"2017-03-24","-0.35","47449345","47449345","5481","8819","114000","424"
"2017-03-23","7.48","53887110","53887110","5500","9797","114410","471"
"2017-03-22","7.5","116544905","116544905","5117","23171","106430","1114"
"2017-03-21","1.02","30392050","30392050","4760","6406","99005","308"
"2017-03-20","0","75175160","75175160","4712","15995","98000","769"
"2017-03-17","1.77","17119650","17119650","4712","3682","98000","177"
"2017-03-16","0.85","37774300","37774300","4630","8174","96300","393"
"2017-03-15","0.53","41165195","41165195","4591","9006","95500","433"
"2017-03-14","1.06","63254500","63254500","4567","13874","95000","667"
"2017-03-13","-1.05","24718000","24718000","4519","5574","94000","268"
"2017-03-10","-2.06","8611995","8611995","4567","1872","95000","90"
"2017-03-09","1.04","31137000","31137000","4663","6677","97000","321"
"2017-03-08","-2.04","23165000","23165000","4615","5013","96000","241"
"2017-03-07","-1.53","6846355","6846355","4711","1456","97995","70"
"2017-03-06","1.53","5139505","5139505","4784","1082","99500","52"
"2017-03-03","-2","3332000","3332000","4712","707","98000","34"
"2017-03-02","0","18598000","18598000","4808","4014","100000","193"
"2017-03-01","0","7757170","7757170","4808","1602","100000","77"
"2017-02-28","-6.53","4699900","4699900","4808","957","100000","46"
"2017-02-27","1.9","78213000","78213000","5144","15205","107000","731"
"2017-02-24","4.99","42558000","42558000","5048","8611","105000","414"
"2017-02-23","0","3490000","3490000","4808","728","100000","35"
"2017-02-22","6.4","64105000","64105000","4808","13707","100000","659"
"2017-02-21","1.07","8604000","8604000","4519","1914","94000","92"
"2017-02-20","1.09","2392200","2392200","4471","541","93000","26"
"2017-02-17","0","38610750","38610750","4423","8736","92000","420"
"2017-02-16","0","32199985","32199985","4423","7280","92000","350"
"2017-02-15","1.65","6806000","6806000","4423","1539","92000","74"
"2017-02-14","1.68","2172000","2172000","4351","499","90500","24"
"2017-02-13","0","8900850","8900850","4279","2080","89000","100"
"2017-02-10","0","5963000","5963000","4279","1394","89000","67"
"2017-02-09","0","4450000","4450000","4279","1040","89000","50"
"2017-02-08","0","7795880","7795880","4279","1810","89005","87"
"2017-02-07","-0.56","2670000","2670000","4279","624","89000","30"
"2017-02-06","0.56","7704500","7704500","4303","1789","89500","86"
"2017-02-03","1.13","4163000","4163000","4279","978","89000","47"
"2017-02-02","0","15659000","15659000","4231","3702","88000","178"
"2017-02-01","0","7161600","7161600","4231","1706","88000","82"
"2017-01-31","1.15","9850050","9850050","4231","2371","88000","114"
"2017-01-30","2.35","2595050","2595050","4183","624","87000","30"
"2017-01-27","-2.3","39761500","39761500","4087","9714","85000","467"
"2017-01-26","-1.13","87000","87000","4183","21","87000","1"
"2017-01-25","3.52","2640000","2640000","4231","624","88000","30"
"2017-01-24","-3.4","1466100","1466100","4087","354","85010","17"
"2017-01-23","0","352000","352000","4231","83","88000","4"
"2017-01-20","1.15","440000","440000","4231","104","88000","5"
"2017-01-19","0","18500625","18500625","4183","4410","87000","212"
"2017-01-18","0.58","5394265","5394265","4183","1290","87000","62"
"2017-01-17","0.58","5696000","5696000","4159","1352","86500","65"
"2017-01-16","-2.27","12040510","12040510","4135","2933","86000","141"
"2017-01-13","1.15","1405020","1405020","4231","333","88000","16"
"2017-01-12","1.16","522000","522000","4183","125","87000","6"
"2017-01-11","-2.27","4738990","4738990","4135","1144","86000","55"
"2017-01-10","0","175990","175990","4231","42","87995","2"
"2017-01-09","0","704000","704000","4231","166","88000","8"
"2017-01-06","0","3607795","3607795","4231","853","87995","41"
"2017-01-05","0","7447000","7447000","4231","1747","88000","84"
"2017-01-04","-1.12","88005","88005","4231","21","88005","1"
"2017-01-03","-1.11","13360000","13360000","4279","3120","89000","150"
"2017-01-02","0","9485850","9485850","4327","2205","90000","106"
"2016-12-30","2.85","27316805","27316805","4327","6344","89995","305"
"2016-12-29","-2.77","13149850","13149850","4207","3078","87500","148"
"2016-12-28","2.85","14399000","14399000","4327","3328","90000","160"
"2016-12-27","-1.68","2637900","2637900","4207","624","87500","30"
"2016-12-23","-0.56","20915280","20915280","4279","4888","89000","235"
"2016-12-22","0","15214400","15214400","4303","3536","89500","170"
"2016-12-21","-0.32","219262750","219262750","4303","50960","89495","2450"
"2016-12-20","0","1616400","1616400","4317","374","89800","18"
"2016-12-19","-0.23","3322090","3322090","4317","770","89800","37"
"2016-12-16","0.56","2250000","2250000","4327","520","90000","25"
"2016-12-15","-0.55","8947900","8947900","4303","2080","89500","100"
"2016-12-14","0.56","269985","269985","4327","62","89995","3"
"2016-12-13","-1.65","986000","986000","4303","229","89500","11"
"2016-12-09","1.11","74846100","74846100","4375","17118","90995","823"
"2016-12-08","2.12","6542590","6542590","4327","1518","90005","73"
"2016-12-06","-2.08","9026500","9026500","4237","2122","88125","102"
"2016-12-05","-2.17","4050450","4050450","4327","936","90010","45"
"2016-12-02","0","920000","920000","4423","208","92000","10"
"2016-12-01","0","4406100525","4406100525","4423","996216","91995","47895"
"2016-11-30","2.22","21466425","21466425","4423","4971","92000","239"
"2016-11-28","0","8999970","8999970","4327","2080","90000","100"
"2016-11-25","-0.55","3195045","3195045","4327","749","89995","36"
"2016-11-23","5.22","6300500","6300500","4351","1518","90500","73"
"2016-11-22","2.4","1970030","1970030","4135","478","86000","23"
"2016-11-21","-6.68","32504000","32504000","4038","7800","84000","375"
"2016-11-18","0","8910000","8910000","4327","2059","90000","99"
"2016-11-17","0","6749725","6749725","4327","1560","89995","75"
"2016-11-16","-1.1","4320000","4320000","4327","998","90000","48"
"2016-11-11","1.11","910000","910000","4375","208","91000","10"
"2016-11-10","-1.1","6418995","6418995","4327","1477","90000","71"
"2016-11-09","-1.09","2006000","2006000","4375","458","91000","22"
"2016-11-08","2.22","2980720000","2980720000","4423","666661","92000","32051"
"2016-11-07","-4.25","4140000","4140000","4327","957","90000","46"
"2016-11-04","0","7478540","7478540","4519","1726","93990","83"
"2016-11-03","4.44","1366555","1366555","4519","312","94000","15"
"2016-11-02","-0.18","6570000","6570000","4327","1518","90000","73"
"2016-10-31","-3.97","991870","991870","4335","229","90170","11"
"2016-10-28","-0.11","6670150","6670150","4514","1477","93900","71"
"2016-10-27","0","3855500","3855500","4519","853","94000","41"
"2016-10-26","0","3384090","3384090","4519","749","94005","36"
"2016-10-25","0","846000","846000","4519","187","94000","9"
"2016-10-24","0","11656285","11656285","4519","2579","94005","124"
"2016-10-21","3.29","8366000","8366000","4519","1851","94000","89"
"2016-10-20","0.99","3791000","3791000","4375","853","91000","41"
"2016-10-19","0","3694240","3694240","4332","853","90105","41"
"2016-10-18","0","4051750","4051750","4332","936","90105","45"
"2016-10-17","0.12","180200","180200","4332","42","90100","2"
"2016-10-14","0","1530000","1530000","4327","354","90000","17"
"2016-10-13","-0.12","14761600","14761600","4327","3411","90000","164"
"2016-10-12","0","360400","360400","4332","83","90100","4"
"2016-10-11","0","17113500","17113500","4332","3952","90100","190"
"2016-10-10","0","180200","180200","4332","42","90100","2"
"2016-10-07","-4.14","9402300","9402300","4332","2163","90100","104"
"2016-10-06","4.44","1554040","1554040","4519","354","94000","17"
"2016-10-05","4.64","2970150","2970150","4327","686","90005","33"
"2016-10-04","-4.44","172000","172000","4135","42","86000","2"
"2016-10-03","-4.25","6840000","6840000","4327","1581","90000","76"
"2016-09-30","2.87","1034000","1034000","4519","229","94000","11"
"2016-09-29","7.49","7438235","7438235","4393","1768","91380","85"
"2016-09-28","1.21","23893105","23893105","4087","5886","85005","283"
"2016-09-27","0","3632000","3632000","4038","894","84000","43"
"2016-09-26","-6.68","17079900","17079900","4038","4056","84000","195"
"2016-09-23","-4.25","3419940","3419940","4327","790","89995","38"
"2016-09-22","-2.08","3009000","3009000","4519","666","94000","32"
"2016-09-21","-2.06","8735545","8735545","4615","1893","95995","91"
"2016-09-20","3.72","11177280","11177280","4712","2350","98000","113"
"2016-09-19","-3.09","7792100","7792100","4543","1706","94500","82"
"2016-09-16","-7.44","5772000","5772000","4688","1206","97500","58"
"2016-09-15","7.49","30380450","30380450","5065","6178","105350","297"
"2016-09-14","0","16634000","16634000","4712","3536","98000","170"
"2016-09-13","3.15","60248000","60248000","4712","12834","98000","617"
"2016-09-09","0.02","5289170","5289170","4568","1165","95010","56"
"2016-09-08","1.6","16825900","16825900","4567","3723","95000","179"
"2016-09-07","-1.58","25698035","25698035","4495","5658","93500","272"
"2016-09-06","-0.02","20806275","20806275","4567","4555","95000","219"
"2016-09-05","0","1520220","1520220","4568","333","95015","16"
"2016-09-02","0.02","2945080","2945080","4568","645","95005","31"
"2016-09-01","0","5415050","5415050","4567","1186","95000","57"
"2016-08-31","0","2660000","2660000","4567","582","95000","28"
"2016-08-30","1.06","1421000","1421000","4567","312","95000","15"
"2016-08-29","0","5448595","5448595","4519","1206","94000","58"
"2016-08-26","0","9212000","9212000","4519","2038","94000","98"
"2016-08-25","0","8822320","8822320","4519","1955","94000","94"
"2016-08-24","0.96","11926430","11926430","4519","2642","94000","127"
"2016-08-23","-0.95","280210","280210","4476","62","93105","3"
"2016-08-22","0","3290000","3290000","4519","728","94000","35"
"2016-08-19","0","5451975","5451975","4519","1206","94000","58"
"2016-08-18","0","12972000","12972000","4519","2870","94000","138"
"2016-08-17","0","3957945","3957945","4519","874","94000","42"
"2016-08-16","0","752000","752000","4519","166","94000","8"
"2016-08-12","1.07","280010","280010","4519","62","94000","3"
"2016-08-11","0.47","279000","279000","4471","62","93000","3"
"2016-08-10","0","4358120","4358120","4450","978","92570","47"
"2016-08-09","0","16687650","16687650","4450","3744","92560","180"
"2016-08-05","-6.92","1395280","1395280","4450","312","92560","15"
"2016-08-04","7.51","192440","192440","4781","42","99440","2"
"2016-08-03","0.54","1202645","1202645","4447","270","92505","13"
"2016-08-02","0","2116000","2116000","4423","478","92000","23"
"2016-07-29","0","10424070","10424070","4423","2371","92000","114"
"2016-07-28","0","3036030","3036030","4423","686","92000","33"
"2016-07-26","2.1","640200","640200","4423","146","92000","7"
"2016-07-25","-2.06","2162400","2162400","4332","499","90100","24"
"2016-07-22","0","1564000","1564000","4423","354","92000","17"
"2016-07-21","0","2392005","2392005","4423","541","92000","26"
"2016-07-20","2.22","2760000","2760000","4423","624","92000","30"
"2016-07-19","0","3040080","3040080","4327","686","90000","33"
"2016-07-15","0","540000","540000","4327","125","90000","6"
"2016-07-14","-6.24","8190100","8190100","4327","1851","90000","89"
"2016-07-13","-2.04","960000","960000","4615","208","96000","10"
"2016-07-12","0","1861620","1861620","4711","395","97980","19"
"2016-07-11","-2.02","3233800","3233800","4711","686","97980","33"
"2016-07-08","-1.96","1403800","1403800","4808","291","100000","14"
"2016-07-07","-0.97","25828250","25828250","4904","5262","102000","253"
"2016-07-05","0.98","1127000","1127000","4952","229","103000","11"
"2016-07-04","-1.92","7156000","7156000","4904","1456","102000","70"
"2016-07-01","-0.97","3754100","3754100","5000","749","104000","36"
"2016-06-30","0","8295940","8295940","5049","1643","105010","79"
"2016-06-29","-0.45","19008130","19008130","5049","3765","105010","181"
"2016-06-28","0","527010","527010","5072","104","105500","5"
"2016-06-27","0.46","14980120","14980120","5072","2954","105500","142"
"2016-06-24","0","12628030","12628030","5049","2496","105015","120"
"2016-06-23","0.02","1050100","1050100","5049","208","105010","10"
"2016-06-22","0","5355390","5355390","5048","1061","105005","51"
"2016-06-21","-0.02","10819300","10819300","5048","2142","105005","103"
"2016-06-20","-0.92","6134210","6134210","5049","1206","105015","58"
"2016-06-17","0.85","28342700","28342700","5096","5574","106000","268"
"2016-06-16","0.08","18286200","18286200","5053","3619","105100","174"
"2016-06-15","0","3675425","3675425","5049","728","105025","35"
"2016-06-14","5.01","8820500","8820500","5049","1747","105010","84"
"2016-06-10","0","1499500","1499500","4808","312","100000","15"
"2016-06-09","0","9296750","9296750","4808","1934","100000","93"
"2016-06-08","5.28","17999955","17999955","4808","3744","100000","180"
"2016-06-07","-5.01","3327200","3327200","4567","707","95000","34"
"2016-06-06","-4.75","5671365","5671365","4808","1165","100005","56"
"2016-06-03","-3.05","2100000","2100000","5048","416","105000","20"
"2016-06-02","1.8","4217000","4217000","5207","810","114000","37"
"2016-06-01","2.75","31584000","31584000","5115","6174","112000","282"
"2016-05-31","-0.92","3848000","3848000","4978","766","109000","35"
"2016-05-30","-3.51","30693000","30693000","5024","6065","110000","277"
"2016-05-27","-0.86","1026000","1026000","5207","197","114000","9"
"2016-05-26","2.68","102474890","102474890","5252","20034","114995","915"
"2016-05-25","0","21840000","21840000","5115","4269","112000","195"
"2016-05-24","0.43","15568000","15568000","5115","3043","112000","139"
"2016-05-23","-0.43","557500","557500","5093","109","111500","5"
"2016-05-20","0.43","3135000","3135000","5115","613","112000","28"
"2016-05-19","1.37","7915000","7915000","5093","1555","111500","71"
"2016-05-18","-0.91","21178500","21178500","5024","4182","110000","191"
"2016-05-17","1.85","14389950","14389950","5070","2846","111000","130"
"2016-05-13","0","327000","327000","4978","66","109000","3"
"2016-05-12","0","9156000","9156000","4978","1839","109000","84"
"2016-05-11","-0.92","1093000","1093000","4978","219","109000","10"
"2016-05-10","0.92","6214000","6214000","5024","1248","110000","57"
"2016-05-09","0.91","15369000","15369000","4978","3087","109000","141"
"2016-05-06","0.76","1620000","1620000","4933","328","108000","15"
"2016-05-04","-2.55","82651200","82651200","4896","16881","107200","771"
"2016-05-03","0.9","25352350","25352350","5024","5036","110000","230"
"2016-04-29","0","2180100","2180100","4979","438","109005","20"
"2016-04-28","0.93","218010","218010","4979","44","109005","2"
"2016-04-27","-2.26","1422000","1422000","4933","285","108000","13"
"2016-04-26","0","32266000","32266000","5047","6393","110500","292"
"2016-04-25","0","36021500","36021500","5047","7138","110500","326"
"2016-04-22","2.12","12597000","12597000","5047","2496","110500","114"
"2016-04-21","0.18","19431835","19431835","4942","3853","108205","176"
"2016-04-20","0","30348000","30348000","4933","6152","108000","281"
"2016-04-19","-2.26","35724500","35724500","4933","7181","108000","328"
"2016-04-18","0","39448480","39448480","5047","7816","110500","357"
"2016-04-15","0","82101500","82101500","5047","16268","110500","743"
"2016-04-14","0","320510","320510","5047","66","110500","3"
"2016-04-13","5.23","1265500","1265500","5047","263","110500","12"
"2016-04-12","0","4437800","4437800","4796","920","105000","42"
"2016-04-11","-4.54","4410000","4410000","4796","898","105000","41"
"2016-04-08","0","5720000","5720000","5024","1139","110000","52"
"2016-04-07","-1.78","216541700","216541700","5024","42739","110000","1952"
"2016-04-06","0","5155500","5155500","5115","1007","112000","46"
"2016-04-05","-2.2","436217955","436217955","5115","83660","112000","3821"
"2016-04-04","-0.17","62457500","62457500","5230","11889","114500","543"
"2016-04-01","0.23","154326030","154326030","5239","29032","114700","1326"
"2016-03-31","-2.19","117865995","117865995","5227","22114","114445","1010"
"2016-03-30","0","187596475","187596475","5344","36652","117000","1674"
"2016-03-29","7.35","16395000","16395000","5344","3131","117000","143"
"2016-03-25","-0.74","1746000","1746000","4978","350","109000","16"
"2016-03-24","2.62","93300900","93300900","5015","19092","109800","872"
"2016-03-23","0.29","77742000","77742000","4887","15764","107000","720"
"2016-03-22","0.47","51132030","51132030","4873","10531","106700","481"
"2016-03-21","3.08","149199800","149199800","4850","32010","106200","1462"
"2016-03-18","3.02","412020","412020","4705","88","103005","4"
"2016-03-17","-5.66","3800000","3800000","4567","832","100000","38"
"2016-03-16","-4.91","10531670","10531670","4841","2233","106000","102"
"2016-03-15","-7.5","2452230","2452230","5091","482","111465","22"
"2016-03-14","-7.29","6082000","6082000","5504","1095","120500","50"
"2016-03-11","-0.02","86951315","86951315","5937","14385","129995","657"
"2016-03-10","5.71","120287530","120287530","5938","19990","130000","913"
"2016-03-09","7.5","7379400","7379400","5617","1314","122990","60"
"2016-03-08","7.49","40174865","40174865","5225","7816","114410","357"
"2016-03-07","7.5","6992255","6992255","4861","1445","106430","66"
"2016-03-04","1.03","1287160","1287160","4522","285","99005","13"
"2016-03-03","1.04","3332000","3332000","4476","744","98000","34"
"2016-03-02","0.29","8936910","8936910","4430","1992","97000","91"
"2016-03-01","0.23","96700","96700","4417","22","96700","1"
"2016-02-29","0.3","1930000","1930000","4407","438","96500","20"
"2016-02-26","0","481045","481045","4394","109","96210","5"
"2016-02-25","0","288600","288600","4394","66","96200","3"
"2016-02-24","0.21","577200","577200","4394","131","96200","6"
"2016-02-23","0","60194085","60194085","4385","13728","96000","627"
"2016-02-22","0","56020400","56020400","4385","12655","96010","578"
"2016-02-19","1.06","4182000","4182000","4385","963","96000","44"
"2016-02-18","3.26","380000","380000","4339","88","95000","4"
"2016-02-17","0.99","92010","92010","4202","22","92010","1"
"2016-02-16","0.12","9842095","9842095","4161","2365","91105","108"
"2016-02-15","-0.22","18578900","18578900","4156","4467","91005","204"
"2016-02-12","0.22","1186800","1186800","4165","285","91200","13"
"2016-02-11","0.82","910045","910045","4156","219","91005","10"
"2016-02-10","-1.48","22135290","22135290","4122","5364","90255","245"
"2016-02-09","0.12","183200","183200","4184","44","91600","2"
"2016-02-08","0.41","63228700","63228700","4179","15129","91500","691"
"2016-02-05","0.02","73082250","73082250","4162","17560","91125","802"
"2016-02-04","0.12","8463100","8463100","4161","2036","91100","93"
"2016-02-03","0","9280250","9280250","4156","2233","91000","102"
"2016-02-02","0.87","9550000","9550000","4156","2299","91000","105"
"2016-02-01","-0.87","189239600","189239600","4120","45935","90200","2098"
"2016-01-29","1.09","2426000","2426000","4156","591","91000","27"
"2016-01-28","4","22426200","22426200","4111","5627","90000","257"
"2016-01-27","0.36","177342800","177342800","3953","44534","86550","2034"
"2016-01-26","0.05","11793865","11793865","3939","3000","86250","137"
"2016-01-25","0.05","2144600","2144600","3937","547","86200","25"
"2016-01-22","1.37","17134630","17134630","3935","4379","86150","200"
"2016-01-21","0","2464500","2464500","3882","635","85000","29"
"2016-01-20","-1.17","3062000","3062000","3882","788","85000","36"
"2016-01-19","0","11337000","11337000","3928","2890","86000","132"
"2016-01-18","1.79","1705150","1705150","3928","438","86000","20"
"2016-01-14","1.79","35283500","35283500","3859","9218","84500","421"
"2016-01-13","-2.34","2105000","2105000","3791","547","83000","25"
"2016-01-12","6.24","765000","765000","3882","197","85000","9"
"2016-01-11","0","560070","560070","3654","153","80010","7"
"2016-01-08","1.13","7360000","7360000","3654","2014","80000","92"
"2016-01-07","0","158200","158200","3613","44","79100","2"
"2016-01-06","0.14","1027350","1027350","3613","285","79100","13"
"2016-01-05","-7.06","11138100","11138100","3608","3087","79000","141"
"2015-12-31","-1.17","85000","85000","3882","22","85000","1"
"2015-12-29","7.5","1106000","1106000","3928","285","86000","13"
"2015-12-28","0.63","1920000","1920000","3654","525","80000","24"
"2015-12-23","0","954000","954000","3631","263","79500","12"
"2015-12-22","0.64","66939000","66939000","3631","18435","79500","842"
"2015-12-21","0","789950","789950","3608","219","78995","10"
"2015-12-18","0","62878600","62878600","3608","17428","79000","796"
"2015-12-17","0","30302600","30302600","3608","8429","78995","385"
"2015-12-14","0.84","6292480","6292480","3608","1752","79000","80"
"2015-12-11","0.11","1723250","1723250","3578","482","78350","22"
"2015-12-09","-0.89","1721500","1721500","3574","482","78250","22"
"2015-12-08","0.59","1184750","1184750","3606","328","78950","15"
"2015-12-07","-0.03","863500","863500","3585","241","78500","11"
"2015-12-04","-0.61","79290495","79290495","3586","21982","78505","1004"
"2015-12-03","0","78995","78995","3608","22","78995","1"
"2015-12-02","0","1655000","1655000","3608","460","79000","21"
"2015-12-01","0","16826870","16826870","3608","4664","79000","213"
"2015-11-30","-1.26","1505010","1505010","3608","416","79000","19"
"2015-11-27","-0.63","9601500","9601500","3654","2627","80000","120"
"2015-11-26","0.63","29081475","29081475","3677","7948","80500","363"
"2015-11-25","-0.63","1920120","1920120","3654","525","80005","24"
"2015-11-24","0","11925275","11925275","3677","3262","80500","149"
"2015-11-23","-1.21","2739500","2739500","3677","744","80500","34"
"2015-11-20","-0.61","653500","653500","3722","175","81500","8"
"2015-11-19","0","2624000","2624000","3745","701","82000","32"
"2015-11-18","-2.14","4100000","4100000","3745","1095","82000","50"
"2015-11-17","-0.26","1417605","1417605","3827","372","83800","17"
"2015-11-16","-0.1","3612020","3612020","3837","941","84005","43"
"2015-11-13","0.1","2860040","2860040","3841","744","84105","34"
"2015-11-12","-0.1","44351600","44351600","3837","11495","84000","525"
"2015-11-10","0.1","1261500","1261500","3841","328","84100","15"
"2015-11-09","-1.16","15671480","15671480","3837","4072","84000","186"
"2015-11-06","1.17","1013000","1013000","3882","263","85000","12"
"2015-11-05","-3.45","71366000","71366000","3837","18435","84000","842"
"2015-11-04","0","13530800","13530800","3974","3416","87000","156"
"2015-11-03","1.17","174000","174000","3974","44","87000","2"
"2015-10-28","0","860050","860050","3928","219","86005","10"
"2015-10-27","0","2580715","2580715","3928","657","86005","30"
"2015-10-26","-0.13","22474100","22474100","3928","5715","86005","261"
"2015-10-23","0","1120345","1120345","3933","285","86115","13"
"2015-10-22","0.13","5683150","5683150","3933","1445","86110","66"
"2015-10-21","0","774045","774045","3928","197","86005","9"
"2015-10-20","0","5162775","5162775","3928","1314","86005","60"
"2015-10-19","0","86005","86005","3928","22","86005","1"
"2015-10-16","0","258000","258000","3928","66","86000","3"
"2015-10-15","1.18","7482000","7482000","3928","1905","86000","87"
"2015-10-14","2.29","53715000","53715000","3882","13772","85000","629"
"2015-10-13","0.11","249300","249300","3795","66","83100","3"
"2015-10-09","-0.6","47476115","47476115","3791","12524","83000","572"
"2015-10-08","-0.7","105170000","105170000","3814","27171","83500","1241"
"2015-10-06","-1.06","41517000","41517000","3841","10728","84105","490"
"2015-10-05","0","17340000","17340000","3882","4467","85000","204"
"2015-10-02","0","5440300","5440300","3882","1401","85005","64"
"2015-10-01","0","10625000","10625000","3882","2737","85000","125"
"2015-09-30","0","4845335","4845335","3882","1248","85005","57"
"2015-09-29","1.17","18189400","18189400","3882","4729","85000","216"
"2015-09-28","-1.06","1008500","1008500","3837","263","84000","12"
"2015-09-25","1.07","339600","339600","3878","88","84900","4"
"2015-09-23","0","8040500","8040500","3837","2124","84000","97"
"2015-09-22","0","4452560","4452560","3837","1160","84000","53"
"2015-09-21","-2.32","8305420","8305420","3837","2146","84010","98"
"2015-09-18","1.18","4300000","4300000","3928","1095","86000","50"
"2015-09-17","1.17","3315000","3315000","3882","854","85000","39"
"2015-09-15","0.6","1014030","1014030","3837","263","84005","12"
"2015-09-14","0","5800000","5800000","3814","1511","83500","69"
"2015-09-11","0.37","1583700","1583700","3814","416","83500","19"
"2015-09-10","0.24","998400","998400","3800","263","83200","12"
"2015-09-09","0.42","2075000","2075000","3791","547","83000","25"
"2015-09-08","-0.42","17683770","17683770","3775","4685","82650","214"
"2015-09-07","0.61","830025","830025","3791","219","83005","10"
"2015-09-04","-0.61","4457025","4457025","3768","1182","82505","54"
"2015-09-03","0.61","2490000","2490000","3791","657","83000","30"
"2015-09-02","1.84","2872650","2872650","3768","766","82500","35"
"2015-09-01","0","567050","567050","3700","153","81005","7"
"2015-08-31","0.57","324000","324000","3700","88","81000","4"
"2015-08-28","0.68","563850","563850","3679","153","80550","7"
"2015-08-27","0","5600025","5600025","3654","1533","80005","70"
"2015-08-26","0.5","28640000","28640000","3654","7838","80000","358"
"2015-08-25","-0.49","557270","557270","3636","153","79610","7"
"2015-08-24","0.44","18396050","18396050","3654","5036","80000","230"
"2015-08-21","0.19","5028050","5028050","3638","1379","79650","63"
"2015-08-20","0.61","3574150","3574150","3631","985","79510","45"
"2015-08-19","-0.74","790150","790150","3609","219","79015","10"
"2015-08-18","-0.49","1831300","1831300","3636","504","79600","23"
"2015-08-17","0","7200135","7200135","3654","1971","80000","90"
"2015-08-14","0","2880000","2880000","3654","788","80000","36"
"2015-08-13","0.5","6610330","6610330","3654","1817","80000","83"
"2015-08-12","0.14","16715100","16715100","3636","4598","79600","210"
"2015-08-11","0.64","1192500","1192500","3631","328","79500","15"
"2015-08-10","-0.77","4366000","4366000","3608","1204","79000","55"
"2015-08-06","0","9126870","9126870","3636","2518","79600","115"
"2015-08-05","0","14724800","14724800","3636","4051","79600","185"
"2015-08-04","0.78","2378650","2378650","3636","657","79600","30"
"2015-08-03","0","1796800","1796800","3608","504","79000","23"
"2015-07-31","1.89","2615040","2615040","3608","723","79005","33"
"2015-07-29","-1.99","138513550","138513550","3541","38929","77525","1778"
"2015-07-27","0.78","791000","791000","3613","219","79100","10"
"2015-07-24","-0.64","7948020","7948020","3585","2211","78500","101"
"2015-07-23","-0.63","8936000","8936000","3608","2474","79000","113"
"2015-07-22","1.28","63600000","63600000","3631","17516","79500","800"
"2015-07-21","0.36","314000","314000","3585","88","78500","4"
"2015-07-20","0.25","1170595","1170595","3572","328","78200","15"
"2015-07-16","-1.25","234000","234000","3563","66","78000","3"
"2015-07-15","-1.26","4621215","4621215","3608","1292","79000","59"
"2015-07-13","2.55","3440000","3440000","3654","941","80000","43"
"2015-07-10","0","546070","546070","3563","153","78010","7"
"2015-07-07","1.31","3656500","3656500","3563","1029","78000","47"
"2015-07-06","-0.65","5480925","5480925","3517","1555","77010","71"
"2015-07-03","-1.88","8603455","8603455","3540","2430","77505","111"
"2015-07-02","0","27209055","27209055","3608","7838","79000","358"
"2015-07-01","0","7189400","7189400","3608","1992","79000","91"
"2015-06-30","0.36","1106000","1106000","3608","307","79000","14"
"2015-06-29","0.03","2124925","2124925","3595","591","78705","27"
"2015-06-26","-0.39","944400","944400","3594","263","78700","12"
"2015-06-25","-1.23","711000","711000","3608","197","79000","9"
"2015-06-23","-0.03","7998500","7998500","3653","2189","79985","100"
"2015-06-22","3.9","3147520","3147520","3654","898","80000","41"
"2015-06-19","-0.26","154815000","154815000","3517","44008","77000","2010"
"2015-06-18","0.14","540400","540400","3526","153","77200","7"
"2015-06-17","-1.18","20903850","20903850","3521","5933","77100","271"
"2015-06-15","1.19","4836125","4836125","3563","1357","78005","62"
"2015-06-11","-0.03","20207000","20207000","3521","5736","77100","262"
"2015-06-10","-0.51","2700465","2700465","3522","766","77105","35"
"2015-06-09","0.65","5326950","5326950","3540","1511","77500","69"
"2015-06-08","-0.11","68307660","68307660","3517","19311","77000","882"
"2015-06-05","0","3084000","3084000","3521","876","77100","40"
"2015-06-04","-1.79","53987320","53987320","3521","15326","77100","700"
"2015-06-03","0","38229500","38229500","3585","10663","78500","487"
"2015-06-02","-1.27","392500","392500","3585","109","78500","5"
"2015-06-01","2.57","41563350","41563350","3631","11604","79500","530"
"2015-05-29","-1.26","1550000","1550000","3540","438","77500","20"
"2015-05-28","-1.27","2925500","2925500","3585","810","78500","37"
"2015-05-27","3.24","2067000","2067000","3631","569","79500","26"
"2015-05-26","1.33","1078000","1078000","3517","307","77000","14"
"2015-05-22","0","532030","532030","3471","153","76005","7"
"2015-05-21","0","62092025","62092025","3471","17888","76000","817"
"2015-05-20","1.28","152000","152000","3471","44","76000","2"
"2015-05-19","-5.62","5335750","5335750","3427","1555","75040","71"
"2015-05-12","0","79500","79500","3631","22","79500","1"
"2015-05-08","-1.86","8159000","8159000","3631","2233","79500","102"
"2015-05-05","-2.4","243000","243000","3700","66","81000","3"
"2015-04-29","0","20003000","20003000","3791","5277","83000","241"
"2015-04-27","0","4731000","4731000","3791","1248","83000","57"
"2015-04-24","0","1079000","1079000","3791","285","83000","13"
"2015-04-23","0","415000","415000","3791","109","83000","5"
"2015-04-16","1.85","326163000","326163000","3791","87623","83000","4002"
"2015-04-15","0.59","1223967000","1223967000","3722","328815","81500","15018"
"2015-04-14","0","70146005","70146005","3700","18961","81000","866"
"2015-04-13","0.63","4050000","4050000","3700","1095","81000","50"
"2015-04-10","0.63","120739490","120739490","3677","32842","80500","1500"
"2015-04-09","0","4000000","4000000","3654","1095","80000","50"
"2015-04-08","0","2720000","2720000","3654","744","80000","34"
"2015-04-07","0","6239885","6239885","3654","1708","80000","78"
"2015-04-02","-1.83","240000","240000","3654","66","80000","3"
"2015-04-01","0.59","11165455","11165455","3722","3000","81500","137"
"2015-03-31","-0.59","2034000","2034000","3700","547","81000","25"
"2015-03-30","2.51","47503000","47503000","3722","13071","81500","597"
"2015-03-26","0","13062000","13062000","3631","3569","79500","163"
"2015-03-25","-2.21","154011250","154011250","3631","42410","79500","1937"
"2015-03-24","0.35","2113800","2113800","3713","569","81300","26"
"2015-03-23","-0.59","226577000","226577000","3700","60911","81000","2782"
"2015-03-20","0","42624500","42624500","3722","11451","81500","523"
"2015-03-19","-7","162918500","162918500","3722","43768","81500","1999"
"2015-03-18","7.49","876200","876200","4002","219","87620","10"
"2015-03-16","0.03","2774195","2774195","3723","744","81510","34"
"2015-03-13","-0.61","25928105","25928105","3722","6963","81500","318"
"2015-03-12","0.54","1148500","1148500","3745","307","82000","14"
"2015-03-11","0.08","1141700","1141700","3725","307","81550","14"
"2015-03-10","1.61","1141000","1141000","3722","307","81500","14"
"2015-03-09","0.14","3208085","3208085","3663","876","80205","40"
"2015-03-06","-0.52","160200","160200","3658","44","80100","2"
"2015-03-05","0.63","2567500","2567500","3677","701","80500","32"
"2015-03-04","0","2400000","2400000","3654","657","80000","30"
"2015-03-02","0","960000","960000","3654","263","80000","12"
"2015-02-27","-3.03","2025000","2025000","3654","547","80000","25"
"2015-02-25","-0.61","23492500","23492500","3768","6240","82500","285"
"2015-02-24","-1.2","996000","996000","3791","263","83000","12"
"2015-02-20","0","252000","252000","3837","66","84000","3"
"2015-02-18","0","672000","672000","3837","175","84000","8"
"2015-02-16","-1.29","17330000","17330000","3837","4488","84000","205"
"2015-02-12","0","595100","595100","3887","153","85100","7"
"2015-02-11","0.13","9275710","9275710","3887","2387","85100","109"
"2015-02-10","-4.5","9787975","9787975","3882","2452","85000","112"
"2015-02-06","0","89000","89000","4065","22","89000","1"
"2015-02-05","0","1780000","1780000","4065","438","89000","20"
"2015-02-04","-1","5785000","5785000","4065","1423","89000","65"
"2015-02-03","-2.28","476241600","476241600","4106","117421","89900","5363"
"2015-02-02","-0.47","10396000","10396000","4202","2474","92000","113"
"2015-01-30","7.48","37427275","37427275","4222","9415","92440","430"
"2015-01-29","-1.16","334225930","334225930","3928","85368","85995","3899"
"2015-01-28","2.37","11052500","11052500","3974","2846","87000","130"
"2015-01-27","2.29","2290205","2290205","3882","591","85000","27"
"2015-01-26","0","1246500","1246500","3795","328","83100","15"
"2015-01-23","0.11","1496700","1496700","3795","394","83100","18"
"2015-01-21","3.75","15209140","15209140","3791","4160","83000","190"
"2015-01-19","0","15737500","15737500","3654","4379","80000","200"
"2015-01-16","0","560000","560000","3654","153","80000","7"
"2015-01-15","-5.87","720000","720000","3654","197","80000","9"
"2015-01-14","1.2","4222485","4222485","3882","1095","85000","50"
"2015-01-13","-0.03","2015880","2015880","3836","525","83995","24"
"2015-01-12","5.01","5734800","5734800","3837","1511","84000","69"
"2015-01-09","-5.87","400000","400000","3654","109","80000","5"
"2015-01-08","-2.32","11560000","11560000","3882","2978","85000","136"
"2014-12-31","2.37","28036000","28036000","3974","7181","87000","328"
"2014-12-30","0","17160000","17160000","3882","4423","85000","202"
"2014-12-29","0","2362000","2362000","3882","613","85000","28"
"2014-12-24","3.66","14202190","14202190","3882","3832","84995","175"
"2014-12-23","1.6","31626400","31626400","3745","8605","82000","393"
"2014-12-18","7.46","14265550","14265550","3686","4051","80695","185"
"2014-12-17","7.49","6491380","6491380","3430","2102","75095","96"
"2014-12-16","7.48","3823700","3823700","3191","1314","69870","60"
"2014-12-15","4.43","4113545","4113545","2969","1445","65000","66"
"2014-12-12","-0.42","8715000","8715000","2843","3065","62250","140"
"2014-12-11","0","932525","932525","2855","328","62505","15"
"2014-12-10","0","12306500","12306500","2855","4313","62500","197"
"2014-12-09","0","24435935","24435935","2855","8583","62500","392"
"2014-12-08","0.81","1864010","1864010","2855","657","62500","30"
"2014-12-04","0","4340000","4340000","2832","1533","62000","70"
"2014-12-03","0","1178500","1178500","2832","416","62000","19"
"2014-12-02","0","62000","62000","2832","22","62000","1"
"2014-12-01","0.82","1054000","1054000","2832","372","62000","17"
"2014-11-27","0.61","10757130","10757130","2809","3853","61500","176"
"2014-11-26","-1.79","977810","977810","2792","350","61125","16"
"2014-11-25","1.21","4040250","4040250","2843","1423","62250","65"
"2014-11-24","0.83","2897500","2897500","2809","1029","61500","47"
"2014-11-21","-1.62","81576075","81576075","2786","28813","61005","1316"
"2014-11-20","0","992000","992000","2832","350","62000","16"
"2014-11-19","0","2399000","2399000","2832","854","62000","39"
"2014-11-18","0","34906000","34906000","2832","12327","62000","563"
"2014-11-17","0","1984000","1984000","2832","701","62000","32"
"2014-11-14","0","38081310","38081310","2832","13619","62000","622"
"2014-11-13","1.65","18741670","18741670","2832","6656","62000","304"
"2014-11-12","-2.42","2040860","2040860","2786","723","61000","33"
"2014-11-11","4.2","9735000","9735000","2855","3416","62500","156"
"2014-11-07","0","10140000","10140000","2740","3700","60000","169"
"2014-11-06","0","540000","540000","2740","197","60000","9"
"2014-11-05","0","4320000","4320000","2740","1576","60000","72"
"2014-11-04","-1.65","4331175","4331175","2740","1576","60000","72"
"2014-11-03","-1.62","2597060","2597060","2786","920","61005","42"
"2014-10-30","1.65","62000","62000","2832","22","62000","1"
"2014-10-29","-1.62","1651000","1651000","2786","591","61000","27"
"2014-10-28","0","3099965","3099965","2832","1095","62000","50"
"2014-10-27","0","62000","62000","2832","22","62000","1"
"2014-10-24","0","94809000","94809000","2832","33587","62000","1534"
"2014-10-23","-0.81","1433800","1433800","2832","504","62000","23"
"2014-10-22","0.81","2500000","2500000","2855","876","62500","40"
"2014-10-21","0","310000","310000","2832","109","62000","5"
"2014-10-20","-0.81","22630025","22630025","2832","7992","62000","365"
"2014-10-17","0.81","1500000","1500000","2855","525","62500","24"
"2014-10-16","-0.81","682000","682000","2832","241","62000","11"
"2014-10-15","0","36311500","36311500","2855","12633","62500","577"
"2014-10-14","-0.07","4751250","4751250","2855","1664","62500","76"
"2014-10-13","-0.7","55951700","55951700","2857","19180","62550","876"
"2014-10-10","0","3150000","3150000","2877","1095","63000","50"
"2014-10-09","0","945000","945000","2877","328","63000","15"
"2014-10-08","0","13808000","13808000","2877","4729","63000","216"
"2014-10-07","0","252000","252000","2877","88","63000","4"
"2014-10-06","0","20825100","20825100","2877","7247","63000","331"
"2014-10-03","0.77","500500","500500","2877","175","63000","8"
"2014-10-02","-3.84","625000","625000","2855","219","62500","10"
"2014-10-01","3.2","6492500","6492500","2969","2189","65000","100"
"2014-09-29","0","34901980","34901980","2877","12130","63000","554"
"2014-09-26","0.77","188842000","188842000","2877","65684","63000","3000"
"2014-09-24","0","9056600","9056600","2855","3175","62500","145"
"2014-09-23","0","18874980","18874980","2855","6612","62500","302"
"2014-09-22","0","190897035","190897035","2855","67239","62500","3071"
"2014-09-19","0","7562500","7562500","2855","2649","62500","121"
"2014-09-18","0","62500","62500","2855","22","62500","1"
"2014-09-17","0","62500","62500","2855","22","62500","1"
"2014-09-16","0.81","250000","250000","2855","88","62500","4"
"2014-09-15","0","930000","930000","2832","328","62000","15"
"2014-09-12","1.65","311500","311500","2832","109","62000","5"
"2014-09-11","-2.42","142966750","142966750","2786","50008","61000","2284"
"2014-09-10","0","1062500","1062500","2855","372","62500","17"
"2014-09-09","-0.76","625000","625000","2855","219","62500","10"
"2014-09-08","1.59","501000","501000","2877","175","63000","8"
"2014-09-05","-1.56","6516655","6516655","2832","2299","62000","105"
"2014-09-04","0","12795000","12795000","2877","4445","63000","203"
"2014-09-03","0","441000","441000","2877","153","63000","7"
"2014-09-02","0","20601000","20601000","2877","7160","63000","327"
"2014-09-01","0","70235135","70235135","2877","24413","63000","1115"
"2014-08-29","0","2646000","2646000","2877","920","63000","42"
"2014-08-28","-0.03","198386500","198386500","2877","69494","63000","3174"
"2014-08-27","0.03","122100380","122100380","2878","42498","63010","1941"
"2014-08-25","0","882000","882000","2877","307","63000","14"
"2014-08-22","1.59","2142000","2142000","2877","744","63000","34"
"2014-08-21","0","10457000","10457000","2832","3635","62000","166"
"2014-08-20","0","124000","124000","2832","44","62000","2"
"2014-08-19","0","496000","496000","2832","175","62000","8"
"2014-08-18","0","3100000","3100000","2832","1095","62000","50"
"2014-08-14","0","1612000","1612000","2832","569","62000","26"
"2014-08-12","6.91","3978500","3978500","2832","1423","62000","65"
"2014-08-11","0","8525770","8525770","2649","3219","58000","147"
"2014-08-08","-6.46","522090","522090","2649","197","58010","9"
"2014-08-06","0","20088000","20088000","2832","7094","62000","324"
"2014-08-05","-0.04","6820000","6820000","2832","2408","62000","110"
"2014-08-04","0.04","1612310","1612310","2833","569","62025","26"
"2014-08-01","0","124000","124000","2832","44","62000","2"
"2014-07-31","-4.61","623400","623400","2832","219","62000","10"
"2014-07-30","6.84","71045000","71045000","2969","23931","65000","1093"
"2014-07-29","0","1195200","1195200","2779","440","68000","18"
"2014-07-25","4.63","13861900","13861900","2779","5359","68000","219"
"2014-07-23","-2.5","116528050","116528050","2656","43362","65000","1772"
"2014-07-21","7.5","799800","799800","2724","294","66650","12"
"2014-07-18","1.64","43698000","43698000","2534","17423","62000","712"
"2014-07-16","0","12383000","12383000","2493","4968","61000","203"
"2014-07-15","0","2134920","2134920","2493","856","61000","35"
"2014-07-14","-0.8","7733000","7733000","2493","3108","61000","127"
"2014-07-11","0.8","429520","429520","2513","171","61500","7"
"2014-07-10","0","8235070","8235070","2493","3304","61000","135"
"2014-07-09","0","1891000","1891000","2493","759","61000","31"
"2014-07-08","0","1891000","1891000","2493","759","61000","31"
"2014-07-04","-0.16","4575000","4575000","2493","1835","61000","75"
"2014-07-03","0.16","3661000","3661000","2497","1468","61100","60"
"2014-07-02","1.67","9148000","9148000","2493","3695","61000","151"
"2014-07-01","0","39840000","39840000","2452","16248","60000","664"
"2014-06-30","0","14580000","14580000","2452","5946","60000","243"
"2014-06-27","0","60000","60000","2452","24","60000","1"
"2014-06-26","0","20400000","20400000","2452","8320","60000","340"
"2014-06-24","0","1419000","1419000","2452","587","60000","24"
"2014-06-20","0","14160915","14160915","2452","5775","60000","236"
"2014-06-19","1.7","420000","420000","2452","171","60000","7"
"2014-06-18","0","2716000","2716000","2411","1126","59000","46"
"2014-06-17","0","1426090","1426090","2411","587","59005","24"
"2014-06-16","-3.29","3705000","3705000","2411","1517","59000","62"
"2014-06-13","1.67","4514000","4514000","2493","1811","61000","74"
"2014-06-12","-3.24","3595000","3595000","2452","1444","60000","59"
"2014-06-11","0","1302000","1302000","2534","514","62000","21"
"2014-06-10","1.64","2503020","2503020","2534","1003","62000","41"
"2014-06-06","3.4","5489870","5489870","2493","2202","61000","90"
"2014-06-05","0","590100","590100","2411","245","59010","10"
"2014-06-04","0","177015","177015","2411","73","59005","3"
"2014-06-03","0","6077055","6077055","2411","2520","59000","103"
"2014-06-02","-1.67","7198000","7198000","2411","2985","59000","122"
"2014-05-28","0","599475","599475","2452","245","59995","10"
"2014-05-27","0","2040000","2040000","2452","832","60000","34"
"2014-05-26","0","480000","480000","2452","196","60000","8"
"2014-05-23","0","840000","840000","2452","343","60000","14"
"2014-05-22","0","1680000","1680000","2452","685","60000","28"
"2014-05-21","0","960000","960000","2452","392","60000","16"
"2014-05-20","-1.64","2160000","2160000","2452","881","60000","36"
"2014-05-19","0","1280990","1280990","2493","514","60995","21"
"2014-05-16","0.16","2926800","2926800","2493","1175","61000","48"
"2014-05-15","-0.16","1959630","1959630","2489","783","60900","32"
"2014-05-13","0.16","1403090","1403090","2493","563","61005","23"
"2014-05-08","4.1","669900","669900","2489","269","60900","11"
"2014-05-07","-2.49","117000","117000","2391","49","58500","2"
"2014-05-06","-3.24","1500000","1500000","2452","612","60000","25"
"2014-05-05","0","930040","930040","2534","367","62000","15"
"2014-04-30","0","4401200","4401200","2534","1737","62000","71"
"2014-04-29","0","1736000","1736000","2534","685","62000","28"
"2014-04-28","-1.59","558000","558000","2534","220","62000","9"
"2014-04-25","1.62","945000","945000","2575","367","63000","15"
"2014-04-23","-1.59","124000","124000","2534","49","62000","2"
"2014-04-22","0","9770000","9770000","2575","3793","63000","155"
"2014-04-18","-0.16","2272300","2272300","2575","881","63000","36"
"2014-04-17","0.16","504800","504800","2579","196","63100","8"
"2014-04-16","0","1701140","1701140","2575","661","63005","27"
"2014-04-15","0","504040","504040","2575","196","63005","8"
"2014-04-14","0","5418090","5418090","2575","2104","63005","86"
"2014-04-11","0","63000","63000","2575","24","63000","1"
"2014-04-10","0","1270000","1270000","2575","489","63000","20"
"2014-04-09","5.02","11852000","11852000","2575","4649","63000","190"
"2014-04-08","0","3239840","3239840","2452","1321","59995","54"
"2014-04-07","0","1979955","1979955","2452","808","59995","33"
"2014-04-04","2.55","1439995","1439995","2452","587","59995","24"
"2014-04-03","0.38","643500","643500","2391","269","58500","11"
"2014-04-02","2.28","2915000","2915000","2382","1224","58300","50"
"2014-04-01","6.93","7101000","7101000","2329","3083","57000","126"
"2014-03-31","4.51","2824900","2824900","2178","1297","53300","53"
"2014-03-28","0.77","51000","51000","2084","24","51000","1"
"2014-03-26","3.25","4858500","4858500","2068","2374","50600","97"
"2014-03-25","2.09","86109435","86109435","2003","42824","49005","1750"
"2014-03-24","1.92","26158040","26158040","1962","13336","48000","545"
"2014-03-21","0","2967300","2967300","1925","1542","47100","63"
"2014-03-20","0","471000","471000","1925","245","47100","10"
"2014-03-19","0.21","282600","282600","1925","147","47100","6"
"2014-03-18","-2.09","3769925","3769925","1921","1958","47000","80"
"2014-03-17","2.13","19248000","19248000","1962","9813","48000","401"
"2014-03-14","0","5640000","5640000","1921","2936","47000","120"
"2014-03-13","-3.08","1880100","1880100","1921","979","47000","40"
"2014-03-12","-1","2182500","2182500","1982","1101","48500","45"
"2014-03-11","-1.04","1323000","1323000","2002","661","49000","27"
"2014-03-10","1.05","495000","495000","2023","245","49500","10"
"2014-03-07","-1.04","1813000","1813000","2002","905","49000","37"
"2014-03-06","0","1287000","1287000","2023","636","49500","26"
"2014-03-05","-0.2","2241500","2241500","2023","1101","49500","45"
"2014-03-04","-0.69","1041595","1041595","2027","514","49595","21"
"2014-03-03","0.69","249900","249900","2041","122","49950","5"
"2014-02-26","0","20176485","20176485","2027","9764","49595","399"
"2014-02-25","4.43","1934205","1934205","2027","954","49595","39"
"2014-02-24","0.94","95000","95000","1941","49","47500","2"
"2014-02-20","1.64","43805675","43805675","1923","22782","47065","931"
"2014-02-19","0.21","740880","740880","1892","392","46305","16"
"2014-02-18","0","189923040","189923040","1888","100574","46210","4110"
"2014-02-17","0","1617445","1617445","1888","856","46205","35"
"2014-02-14","0.21","81831600","81831600","1888","43337","46200","1771"
"2014-02-13","-0.84","138315","138315","1884","73","46105","3"
"2014-02-12","0.85","5778550","5778550","1900","3059","46500","125"
"2014-02-11","0","1383075","1383075","1884","734","46100","30"
"2014-02-10","0.21","8391035","8391035","1884","4454","46110","182"
"2014-02-07","0","2116180","2116180","1880","1126","46005","46"
"2014-02-04","0","184000","184000","1880","98","46000","4"
"2014-02-03","1.13","966075","966075","1880","514","46005","21"
"2014-01-31","1.64","682500","682500","1859","367","45500","15"
"2014-01-28","0.11","2864000","2864000","1829","1566","44750","64"
"2014-01-27","0.22","357600","357600","1827","196","44700","8"
"2014-01-24","0.22","491600","491600","1823","269","44600","11"
"2014-01-22","0","133505","133505","1819","73","44500","3"
"2014-01-21","0.72","133500","133500","1819","73","44500","3"
"2014-01-17","0","442000","442000","1806","245","44200","10"
"2014-01-15","-0.11","1370200","1370200","1806","759","44200","31"
"2014-01-14","0.56","836000","836000","1808","465","44250","19"
"2014-01-10","0","3474000","3474000","1798","1933","44000","79"
"2014-01-09","-2.65","13988420","13988420","1798","7757","44000","317"
"2014-01-08","0.44","1630400","1630400","1847","905","45200","37"
"2014-01-07","0","4210000","4210000","1839","2325","45000","95"
"2014-01-06","4.02","54180020","54180020","1839","29463","45005","1204"
"2014-01-03","0.17","735335","735335","1768","416","43255","17"
"2013-12-31","0.23","9835125","9835125","1765","5579","43200","228"
"2013-12-30","0.23","3501200","3501200","1761","2007","43100","82"
"2013-12-27","0","96750030","96750030","1757","55059","43000","2250"
"2013-12-26","0","42312080","42312080","1757","24079","43000","984"
"2013-12-23","0","5031050","5031050","1757","2863","43000","117"
"2013-12-20","0","17586010","17586010","1757","9837","43000","402"
"2013-12-19","0","1376000","1376000","1757","783","43000","32"
"2013-12-18","2.39","5547000","5547000","1757","3157","43000","129"
"2013-12-17","-2.33","2353000","2353000","1716","1370","42000","56"
"2013-12-16","2.33","7946950","7946950","1757","4527","43000","185"
"2013-12-13","-2.28","420050","420050","1717","245","42005","10"
"2013-12-12","2.39","3236000","3236000","1757","1884","43000","77"
"2013-12-11","-2.33","4757500","4757500","1716","2765","42000","113"
"2013-12-10","0","559000","559000","1757","318","43000","13"
"2013-12-09","-4.46","4974000","4974000","1757","2839","43000","116"
"2013-12-06","0","33075000","33075000","1839","17986","45000","735"
"2013-12-05","0","990000","990000","1839","538","45000","22"
"2013-12-04","2.28","6030000","6030000","1839","3279","45000","134"
"2013-12-03","0","3262500","3262500","1798","1835","44000","75"
"2013-12-02","2.33","220500","220500","1798","122","44000","5"
"2013-11-27","0","7697000","7697000","1757","4380","43000","179"
"2013-11-26","0","9480000","9480000","1757","5384","43000","220"
"2013-11-25","-0.06","1118130","1118130","1757","636","43005","26"
"2013-11-22","0.06","774105","774105","1758","440","43010","18"
"2013-11-21","0","19580500","19580500","1757","11036","43000","451"
"2013-11-20","0","11896950","11896950","1757","6754","43000","276"
"2013-11-18","-1.68","8041780","8041780","1757","4576","43000","187"
"2013-11-14","1.71","1617640","1617640","1787","905","43720","37"
"2013-11-13","0","817000","817000","1757","465","43000","19"
"2013-11-12","1.15","258000","258000","1757","147","43000","6"
"2013-11-11","0","43272500","43272500","1737","24911","42500","1018"
"2013-11-07","0","425000","425000","1737","245","42500","10"
"2013-11-06","1.22","2335500","2335500","1737","1346","42510","55"
"2013-11-05","3.25","840000","840000","1716","489","42000","20"
"2013-11-04","0","81340","81340","1662","49","40670","2"
"2013-10-31","-3.15","1310750","1310750","1662","783","40670","32"
"2013-10-28","0","14067400","14067400","1716","8198","42000","335"
"2013-10-24","0","8484000","8484000","1716","4943","42000","202"
"2013-10-23","0","8815000","8815000","1716","5139","42000","210"
"2013-10-22","1.18","2730000","2730000","1716","1591","42000","65"
"2013-10-21","0","166500","166500","1696","98","41500","4"
"2013-10-17","0","207500","207500","1696","122","41500","5"
"2013-10-14","0","2282500","2282500","1696","1346","41500","55"
"2013-10-11","0","2241000","2241000","1696","1321","41500","54"
"2013-10-10","0","8567100","8567100","1696","5065","41500","207"
"2013-10-09","-1.17","41500","41500","1696","24","41500","1"
"2013-10-07","0","1007880","1007880","1716","587","41995","24"
"2013-10-03","0","1118605","1118605","1716","661","42000","27"
"2013-10-02","3.69","378000","378000","1716","220","42000","9"
"2013-10-01","0","14742000","14742000","1655","8907","40500","364"
"2013-09-27","-2.36","1603500","1603500","1655","954","40500","39"
"2013-09-26","2.48","798000","798000","1695","471","42000","19"
"2013-09-25","-2.42","19114000","19114000","1654","11574","41000","467"
"2013-09-24","1.19","26334000","26334000","1695","15539","42000","627"
"2013-09-23","0","2134925","2134925","1675","1264","41500","51"
"2013-09-20","0","1452500","1452500","1675","867","41500","35"
"2013-09-19","-1.18","544500","544500","1675","322","41500","13"
"2013-09-18","0","7360000","7360000","1695","4312","42000","174"
"2013-09-17","0","10260250","10260250","1695","6295","42000","254"
"2013-09-16","5.02","830000","830000","1695","496","42000","20"
"2013-09-13","-4.78","4160000","4160000","1614","2577","40000","104"
"2013-09-10","0","378000","378000","1695","223","42000","9"
"2013-09-06","6.87","504000","504000","1695","297","42000","12"
"2013-09-04","-7.52","8374095","8374095","1586","5279","39315","213"
"2013-09-03","0","297500","297500","1715","173","42500","7"
"2013-08-30","0","127500","127500","1715","74","42500","3"
"2013-08-28","-5.87","4802500","4802500","1715","2800","42500","113"
"2013-08-27","0","4515000","4515000","1822","2478","45150","100"
"2013-08-26","6.24","9526650","9526650","1822","5229","45150","211"
"2013-08-23","1.18","15597500","15597500","1715","9095","42500","367"
"2013-08-22","0","12600000","12600000","1695","7435","42000","300"
"2013-08-20","2.48","9366000","9366000","1695","5527","42000","223"
"2013-08-16","-5.75","2460000","2460000","1654","1487","41000","60"
"2013-08-14","0","2131500","2131500","1755","1214","43500","49"
"2013-08-13","0","3610500","3610500","1755","2057","43500","83"
"2013-08-09","0","4785000","4785000","1755","2726","43500","110"
"2013-08-06","0","14442000","14442000","1755","8228","43500","332"
"2013-08-05","0","565500","565500","1755","322","43500","13"
"2013-07-30","0","11745000","11745000","1755","6691","43500","270"
"2013-07-29","0","1131130","1131130","1755","644","43505","26"
"2013-07-24","0.69","1218000","1218000","1755","694","43500","28"
"2013-07-22","0.46","3456000","3456000","1743","1983","43200","80"
"2013-07-19","-2.25","2150000","2150000","1735","1239","43000","50"
"2013-07-17","-2.26","660000","660000","1775","372","44000","15"
"2013-07-15","5.89","2295000","2295000","1816","1264","45000","51"
"2013-07-11","0","1445000","1445000","1715","843","42500","34"
"2013-07-10","0","1147500","1147500","1715","669","42500","27"
"2013-07-09","0","1487500","1487500","1715","867","42500","35"
"2013-07-08","0","1445000","1445000","1715","843","42500","34"
"2013-07-05","0","680000","680000","1715","397","42500","16"
"2013-07-04","0","1742500","1742500","1715","1016","42500","41"
"2013-07-01","-5.56","892500","892500","1715","520","42500","21"
"2013-06-28","0","450000","450000","1816","248","45000","10"
"2013-06-27","0","450000","450000","1816","248","45000","10"
"2013-06-26","7.14","2790000","2790000","1816","1537","45000","62"
"2013-06-20","0.89","336040","336040","1695","198","42005","8"
"2013-06-19","0","1665000","1665000","1680","991","41625","40"
"2013-06-18","-7.49","1789875","1789875","1680","1066","41625","43"
"2013-06-14","1.11","12555000","12555000","1816","6914","45000","279"
"2013-06-13","-1.1","43966000","43966000","1796","24486","44500","988"
"2013-06-12","2.31","6030000","6030000","1816","3321","45000","134"
"2013-06-11","0","2200000","2200000","1775","1239","44000","50"
"2013-06-06","2.31","792000","792000","1775","446","44000","18"
"2013-06-04","0","172000","172000","1735","99","43000","4"
"2013-06-03","1.17","2881000","2881000","1735","1660","43000","67"
"2013-05-30","-6.59","5100000","5100000","1715","2974","42500","120"
"2013-05-29","0.55","3776500","3776500","1836","2057","45500","83"
"2013-05-28","7.47","12309360","12309360","1826","6741","45255","272"
"2013-05-23","-6.65","2189200","2189200","1699","1289","42100","52"
"2013-05-21","1.11","10237700","10237700","1820","5626","45100","227"
"2013-05-16","7.46","758370","758370","1800","421","44610","17"
"2013-05-15","1.21","3486000","3486000","1675","2082","41500","84"
"2013-05-14","0","697425","697425","1655","421","41025","17"
"2013-05-10","0","492120","492120","1655","297","41010","12"
"2013-05-07","0.06","410050","410050","1655","248","41005","10"
"2013-05-03","-2.42","2419000","2419000","1654","1462","41000","59"
"2013-05-02","-0.82","5880000","5880000","1695","3470","42000","140"
"2013-04-26","0","1312850","1312850","1709","768","42350","31"
"2013-04-24","0.12","11265100","11265100","1709","6592","42350","266"
"2013-04-23","0.12","8671500","8671500","1707","5081","42300","205"
"2013-04-22","0.59","5703750","5703750","1705","3346","42250","135"
"2013-04-19","2.48","11130000","11130000","1695","6567","42000","265"
"2013-04-18","0","410000","410000","1654","248","41000","10"
"2013-04-15","2.48","2173000","2173000","1654","1313","41000","53"
"2013-04-12","-2.42","840105","840105","1614","520","40005","21"
"2013-04-11","2.48","1517000","1517000","1654","917","41000","37"
"2013-04-10","-2.48","2000000","2000000","1614","1239","40000","50"
"2013-04-08","0.06","4674570","4674570","1655","2825","41005","114"
"2013-04-05","-4.67","95202000","95202000","1654","57546","41000","2322"
"2013-04-04","0","215000","215000","1735","124","43000","5"
"2013-04-03","-0.23","5719000","5719000","1735","3296","43000","133"
"2013-03-29","2.6","1206800","1206800","1739","694","43100","28"
"2013-03-28","3.1","1008000","1008000","1695","595","42000","24"
"2013-03-27","1.86","448250","448250","1644","273","40750","11"
"2013-03-25","1.25","320000","320000","1614","198","40000","8"
"2013-03-22","0","3950500","3950500","1594","2478","39505","100"
"2013-03-21","-5.79","3950500","3950500","1594","2478","39505","100"
"2013-03-19","7.5","964275","964275","1692","570","41925","23"
"2013-03-18","0","3900000","3900000","1574","2478","39000","100"
"2013-03-15","0","429000","429000","1574","273","39000","11"
"2013-03-13","-6.97","858000","858000","1574","545","39000","22"
"2013-03-11","0","3940950","3940950","1692","2330","41925","94"
"2013-03-08","0","880425","880425","1692","520","41925","21"
"2013-03-07","0","5031000","5031000","1692","2974","41925","120"
"2013-03-06","7.5","7294950","7294950","1692","4312","41925","174"
"2013-03-05","-2.48","819000","819000","1574","520","39000","21"
"2013-03-04","2.54","15480000","15480000","1614","9591","40000","387"
"2013-03-01","0","195000","195000","1574","124","39000","5"
"2013-02-28","-0.38","2340000","2340000","1574","1487","39000","60"
"2013-02-26","0.38","861300","861300","1580","545","39150","22"
"2013-02-25","1.29","5070000","5070000","1574","3222","39000","130"
"2013-02-22","0.06","57834510","57834510","1554","37224","38505","1502"
"2013-02-19","1.3","1116500","1116500","1553","719","38500","29"
"2013-02-18","-2.6","456000","456000","1533","297","38000","12"
"2013-02-15","0","3705000","3705000","1574","2354","39000","95"
"2013-02-13","0","507000","507000","1574","322","39000","13"
"2013-02-07","0","1560000","1560000","1574","991","39000","40"
"2013-02-01","0","195000","195000","1574","124","39000","5"
"2013-01-31","0","8424000","8424000","1574","5353","39000","216"
"2013-01-30","0.77","858000","858000","1574","545","39000","22"
"2013-01-29","-0.76","2205900","2205900","1562","1413","38700","57"
"2013-01-28","0.77","12597000","12597000","1574","8005","39000","323"
"2013-01-25","7.5","1199700","1199700","1562","768","38700","31"
"2013-01-23","-7.22","3456000","3456000","1453","2379","36000","96"
"2013-01-22","4.89","814800","814800","1566","520","38800","21"
"2013-01-18","-2.61","1998000","1998000","1493","1338","37000","54"
"2013-01-17","-2.11","684000","684000","1533","446","38000","18"
"2013-01-16","0","1164000","1164000","1566","743","38800","30"
"2013-01-11","0","2405600","2405600","1566","1537","38800","62"
"2013-01-08","-0.51","776000","776000","1566","496","38800","20"
"2013-01-07","0.06","15600000","15600000","1574","9913","39000","400"
"2013-01-04","-0.06","16962825","16962825","1573","10781","38995","435"
"2013-01-03","0.06","49023000","49023000","1574","31152","39000","1257"
"2013-01-02","6.79","26126650","26126650","1573","16605","38995","670"
"2012-12-31","0","3650000","3650000","1473","2478","36500","100"
"2012-12-28","0","912500","912500","1473","620","36500","25"
"2012-12-27","0","146000","146000","1473","99","36500","4"
"2012-12-26","-0.27","3102500","3102500","1473","2107","36500","85"
"2012-12-24","1.65","1830000","1830000","1477","1239","36600","50"
"2012-12-21","0","3600000","3600000","1453","2478","36000","100"
"2012-12-20","0","1188000","1188000","1453","818","36000","33"
"2012-12-19","-1.62","1548000","1548000","1453","1066","36000","43"
"2012-12-18","-1.07","512400","512400","1477","347","36600","14"
"2012-12-17","-5.15","1480000","1480000","1493","991","37000","40"
"2012-12-14","6.86","3081000","3081000","1574","1958","39000","79"
"2012-12-11","0","10220000","10220000","1473","6939","36500","280"
"2012-12-07","0","4781500","4781500","1473","3247","36500","131"
"2012-12-06","1.38","11388000","11388000","1473","7732","36500","312"
"2012-12-04","-0.27","504000","504000","1453","347","36000","14"
"2012-11-30","0","685900","685900","1457","471","36100","19"
"2012-11-29","0.28","54727600","54727600","1457","37571","36100","1516"
"2012-11-28","0","20882900","20882900","1453","14374","36005","580"
"2012-11-27","0","432000","432000","1453","297","36000","12"
"2012-11-26","0","1908000","1908000","1453","1313","36000","53"
"2012-11-22","0","7596000","7596000","1453","5229","36000","211"
"2012-11-21","0","6408000","6408000","1453","4411","36000","178"
"2012-11-19","0","1296180","1296180","1453","892","36005","36"
"2012-11-16","0","17208000","17208000","1453","11846","36000","478"
"2012-11-14","0","3600000","3600000","1453","2478","36000","100"
"2012-11-09","1.47","3600000","3600000","1453","2478","36000","100"
"2012-11-08","1.42","13632000","13632000","1432","9517","35500","384"
"2012-11-07","0","350000","350000","1412","248","35000","10"
"2012-11-06","-1.4","525000","525000","1412","372","35000","15"
"2012-11-05","0","106500","106500","1432","74","35500","3"
"2012-11-02","0","71000","71000","1432","50","35500","2"
"2012-10-30","0","390500","390500","1432","273","35500","11"
"2012-10-29","0","1597500","1597500","1432","1115","35500","45"
"2012-10-25","-1.45","9265500","9265500","1432","6468","35500","261"
"2012-10-24","0","648000","648000","1453","446","36000","18"
"2012-10-19","-1.36","16236000","16236000","1453","11177","36000","451"
"2012-10-17","-1.34","365000","365000","1473","248","36500","10"
"2012-10-15","2.75","70892000","70892000","1493","47484","37000","1916"
"2012-10-12","-5.53","288000","288000","1453","198","36000","8"
"2012-10-11","7.55","1905250","1905250","1538","1239","38105","50"
"2012-10-09","1.27","3545000","3545000","1430","2478","35450","100"
"2012-10-08","0","7140000","7140000","1412","5056","35000","204"
"2012-10-04","0","1085000","1085000","1412","768","35000","31"
"2012-10-01","3.07","18620000","18620000","1412","13185","35000","532"
"2012-09-28","-0.15","339500","339500","1370","248","33950","10"
"2012-09-27","0","6018000","6018000","1372","4387","34000","177"
"2012-09-26","-1.44","340050","340050","1372","248","34005","10"
"2012-09-24","0","1345305","1345305","1392","967","34495","39"
"2012-09-20","0","3450000","3450000","1392","2478","34500","100"
"2012-09-19","0","3726540","3726540","1392","2677","34505","108"
"2012-09-18","-1.42","448500","448500","1392","322","34500","13"
"2012-09-14","0","1050000","1050000","1412","743","35000","30"
"2012-09-13","0","5880000","5880000","1412","4164","35000","168"
"2012-09-12","1.44","700000","700000","1412","496","35000","20"
"2012-09-11","0","2173815","2173815","1392","1561","34505","63"
"2012-09-10","-1.42","20703000","20703000","1392","14870","34505","600"
"2012-09-07","1.44","8855000","8855000","1412","6270","35000","253"
"2012-09-05","-1.42","5279265","5279265","1392","3792","34505","153"
"2012-09-04","0","10500000","10500000","1412","7435","35000","300"
"2012-09-03","0","4690000","4690000","1412","3321","35000","134"
"2012-08-31","-1.4","10290000","10290000","1412","7286","35000","294"
"2012-08-30","1.42","8662000","8662000","1432","6047","35500","244"
"2012-08-28","0","3990000","3990000","1412","2825","35000","114"
"2012-08-27","1.44","3850000","3850000","1412","2726","35000","110"
"2012-08-23","0","76635605","76635605","1392","55043","34505","2221"
"2012-08-22","0","483000","483000","1392","347","34500","14"
"2012-08-21","0","3933000","3933000","1392","2825","34500","114"
"2012-08-17","0.87","862500","862500","1392","620","34500","25"
"2012-08-10","-6.44","1265585","1265585","1380","917","34205","37"
"2012-08-09","7.43","1096950","1096950","1475","743","36565","30"
"2012-08-08","0.07","1598705","1598705","1373","1165","34015","47"
"2012-07-31","-0.07","5645660","5645660","1372","4114","34010","166"
"2012-07-30","0.07","3231425","3231425","1373","2354","34015","95"
"2012-07-27","-6.98","986145","986145","1372","719","34005","29"
"2012-07-26","7.51","5483250","5483250","1475","3717","36555","150"
"2012-07-25","0","3162465","3162465","1372","2305","34005","93"
"2012-07-24","0","4488660","4488660","1372","3271","34005","132"
"2012-07-20","1.48","4148000","4148000","1372","3024","34000","122"
"2012-07-19","0","670000","670000","1352","496","33500","20"
"2012-07-18","0","3685000","3685000","1352","2726","33500","110"
"2012-07-17","0","4824720","4824720","1352","3569","33505","144"
"2012-07-13","3.13","3350500","3350500","1352","2478","33505","100"
"2012-07-12","-4.45","6500000","6500000","1311","4957","32500","200"
"2012-07-11","1.18","11220000","11220000","1372","8178","34000","330"
"2012-07-10","1.19","5510400","5510400","1356","4064","33600","164"
"2012-07-09","0.3","1427600","1427600","1340","1066","33200","43"
"2012-07-06","-0.15","2581800","2581800","1336","1933","33100","78"
"2012-07-04","0.15","3944850","3944850","1338","2949","33150","119"
"2012-07-03","0","4898800","4898800","1336","3668","33100","148"
"2012-06-29","0","2184600","2184600","1336","1636","33100","66"
"2012-06-28","0.3","8076400","8076400","1336","6047","33100","244"
"2012-06-27","-0.45","3630000","3630000","1332","2726","33000","110"
"2012-06-26","0.15","4408950","4408950","1338","3296","33150","133"
"2012-06-25","-11.7","860600","860600","1336","644","33100","26"
"2012-06-22","5.44","862500","862500","1513","570","37500","23"
"2012-06-21","7.41","355750","355750","1435","248","35575","10"
"2012-06-19","0","198600","198600","1336","149","33100","6"
"2012-06-18","0.3","1886700","1886700","1336","1413","33100","57"
"2012-06-13","0","627000","627000","1332","471","33000","19"
"2012-06-11","0","165000","165000","1332","124","33000","5"
"2012-06-08","0","561000","561000","1332","421","33000","17"
"2012-06-07","1.6","528000","528000","1332","397","33000","16"
"2012-06-06","0","65000","65000","1311","50","32500","2"
"2012-06-05","0","260000","260000","1311","198","32500","8"
"2012-06-04","0","162500","162500","1311","124","32500","5"
"2012-06-01","0","49237500","49237500","1311","37546","32500","1515"
"2012-05-24","0","292500","292500","1311","223","32500","9"
"2012-05-23","0","292500","292500","1311","223","32500","9"
"2012-05-22","1.94","1657500","1657500","1311","1264","32500","51"
"2012-05-21","0","1190000","1190000","1286","925","42500","28"
"2012-05-18","1.18","510000","510000","1286","397","42500","12"
"2012-05-16","-2.53","103824000","103824000","1271","81685","42000","2472"
"2012-05-15","0","1680900","1680900","1304","1289","43100","39"
"2012-05-14","4.82","2586000","2586000","1304","1983","43100","60"
"2012-05-11","0.24","3411300","3411300","1244","2743","41100","83"
"2012-05-10","2.22","410100","410100","1241","330","41010","10"
"2012-05-09","0.25","1203000","1203000","1214","991","40100","30"
"2012-05-07","5.03","2320000","2320000","1211","1917","40000","58"
"2012-04-27","0.26","342900","342900","1153","297","38100","9"
"2012-04-24","0","2090000","2090000","1150","1817","38000","55"
"2012-04-23","2.31","2128000","2128000","1150","1850","38000","56"
"2012-04-18","0","371500","371500","1124","330","37150","10"
"2012-04-17","0.36","371500","371500","1124","330","37150","10"
"2012-04-16","0","1887000","1887000","1120","1685","37000","51"
"2012-04-13","0","1924000","1924000","1120","1718","37000","52"
"2012-04-12","5.76","296000","296000","1120","264","37000","8"
"2012-04-06","6.01","280040","280040","1059","264","35005","8"
"2012-04-03","-5.67","18386570","18386570","999","18405","33010","557"
"2012-04-02","2.62","350050","350050","1059","330","35005","10"
"2012-03-30","-5.32","96844000","96844000","1032","93845","34100","2840"
"2012-03-29","7.5","288120","288120","1090","264","36015","8"
"2012-03-28","1.5","268040","268040","1014","264","33505","8"
"2012-03-26","0","1914290","1914290","999","1917","33005","58"
"2012-03-22","0","1023000","1023000","999","1024","33000","31"
"2012-03-21","0","2046000","2046000","999","2049","33000","62"
"2012-03-19","0","1980300","1980300","999","1983","33005","60"
"2012-03-16","0","4488000","4488000","999","4494","33000","136"
"2012-03-15","0.6","12177000","12177000","999","12193","33000","369"
"2012-03-14","0","2722400","2722400","993","2743","32800","83"
"2012-03-13","0","1541600","1541600","993","1553","32800","47"
"2012-03-12","0","1377600","1377600","993","1388","32800","42"
"2012-03-09","4.2","1148000","1148000","993","1157","32800","35"
"2012-03-08","-4.6","15876000","15876000","953","16654","31500","504"
"2012-03-07","4.83","1650000","1650000","999","1652","33000","50"
"2012-03-02","0","9891000","9891000","953","10376","31500","314"
"2012-03-01","0","15750000","15750000","953","16522","31500","500"
"2012-02-29","0","9450000","9450000","953","9913","31500","300"
"2012-02-28","0","3874500","3874500","953","4064","31500","123"
"2012-02-24","0","252000","252000","953","264","31500","8"
"2012-02-22","0","7528500","7528500","953","7898","31500","239"
"2012-02-20","-4.6","1323000","1323000","953","1388","31500","42"
"2012-02-17","0","2046000","2046000","999","2049","33000","62"
"2012-02-16","0","4389000","4389000","999","4395","33000","133"
"2012-02-15","0","495000","495000","999","496","33000","15"
"2012-02-14","0","18909000","18909000","999","18934","33000","573"
"2012-02-10","4.83","3300000","3300000","999","3304","33000","100"
"2012-02-09","-1.55","5008500","5008500","953","5254","31500","159"
"2012-02-08","0","32000","32000","968","33","32000","1"
"2012-02-07","0","1504000","1504000","968","1553","32000","47"
"2012-02-06","0","384000","384000","968","397","32000","12"
"2012-02-03","0","2240000","2240000","968","2313","32000","70"
"2012-02-02","0","13824000","13824000","968","14275","32000","432"
"2012-01-31","1.57","1856000","1856000","968","1917","32000","58"
"2012-01-26","1.6","535500","535500","953","562","31500","17"
"2012-01-25","0","806000","806000","938","859","31000","26"
"2012-01-24","0","2976000","2976000","938","3172","31000","96"
"2012-01-20","0","1860000","1860000","938","1983","31000","60"
"2012-01-19","0","1550000","1550000","938","1652","31000","50"
"2012-01-18","0","434000","434000","938","463","31000","14"
"2012-01-17","3.3","589000","589000","938","628","31000","19"
"2012-01-12","-3.2","1080000","1080000","908","1190","30000","36"
"2012-01-06","0","1116000","1116000","938","1190","31000","36"
"2012-01-05","0","930000","930000","938","991","31000","30"
"2012-01-04","0","5456000","5456000","938","5816","31000","176"
"2011-12-28","-2.8","620000","620000","938","661","31000","20"
"2011-12-27","0","223300","223300","965","231","31900","7"
"2011-12-23","0","255200","255200","965","264","31900","8"
"2011-12-22","-0.31","765600","765600","965","793","31900","24"
"2011-12-19","-3.1","1920000","1920000","968","1983","32000","60"
"2011-12-14","0.1","1320000","1320000","999","1322","33000","40"
"2011-12-13","-0.1","1649500","1649500","998","1652","32990","50"
"2011-12-12","0","1484775","1484775","999","1487","32995","45"
"2011-11-25","2.15","627095","627095","999","628","33005","19"
"2011-10-27","3.06","1188000","1188000","978","1214","33000","36"
"2011-10-26","3.26","1216000","1216000","949","1282","32000","38"
"2011-10-21","0","4123000","4123000","919","4485","31000","133"
"2011-10-20","0","4650000","4650000","919","5059","31000","150"
"2011-10-19","0","2325000","2325000","919","2529","31000","75"
"2011-10-18","0","4867000","4867000","919","5295","31000","157"
"2011-10-13","-2.55","1860000","1860000","919","2024","31000","60"
"2011-09-29","-0.32","667800","667800","943","708","31800","21"
"2011-09-23","0","446600","446600","946","472","31900","14"
"2011-09-22","0","16269000","16269000","946","17200","31900","510"
"2011-09-14","0","127600","127600","946","135","31900","4"
"2011-09-12","0","31900","31900","946","34","31900","1"
"2011-09-06","-0.32","829400","829400","946","877","31900","26"
"2011-09-02","0.96","11904000","11904000","949","12546","32000","372"
"2011-08-31","-0.32","3170000","3170000","940","3373","31700","100"
"2011-08-29","-0.63","2226000","2226000","943","2361","31800","70"
"2011-08-26","0.32","1600000","1600000","949","1686","32000","50"
"2011-08-23","0","638000","638000","946","675","31900","20"
"2011-08-22","-0.32","1116500","1116500","946","1180","31900","35"
"2011-08-18","0","1600000","1600000","949","1686","32000","50"
"2011-08-17","0","64000","64000","949","67","32000","2"
"2011-08-10","0","160000","160000","949","169","32000","5"
"2011-08-04","0","4544000","4544000","949","4789","32000","142"
"2011-08-02","0","127980","127980","949","135","31995","4"
"2011-07-18","0","2047680","2047680","949","2158","31995","64"
"2011-07-15","0","31995","31995","949","34","31995","1"
"2011-07-14","0","319950","319950","949","337","31995","10"
"2011-07-07","0","608000","608000","949","641","32000","19"
"2011-07-05","-5.85","2176000","2176000","949","2293","32000","68"
"2011-07-01","0.3","1020000","1020000","1008","1012","34000","30"
"2011-06-30","0","33900","33900","1005","34","33900","1"
"2011-06-29","0","1254300","1254300","1005","1248","33900","37"
"2011-06-28","-0.3","1830600","1830600","1005","1821","33900","54"
"2011-06-27","0","1020000","1020000","1008","1012","34000","30"
"2011-06-24","0","5780000","5780000","1008","5733","34000","170"
"2011-06-23","6.22","6800000","6800000","1008","6745","34000","200"
"2011-06-22","0.21","6400000","6400000","949","6745","32000","200"
"2011-06-21","-0.21","10926900","10926900","947","11534","31950","342"
"2011-06-20","0","3200000","3200000","949","3373","32000","100"
"2011-06-17","0","1184000","1184000","949","1248","32000","37"
"2011-06-16","0","3201000","3201000","949","3373","32010","100"
"2011-06-14","0","1632000","1632000","949","1720","32000","51"
"2011-06-08","-5.85","320000","320000","949","337","32000","10"
"2011-06-06","0","1700000","1700000","1008","1686","34000","50"
"2011-06-03","6.22","6800000","6800000","1008","6745","34000","200"
"2011-06-01","0","4321350","4321350","949","4553","32010","135"
"2011-05-31","0","800000","800000","949","843","32000","25"
"2011-05-30","0","6848000","6848000","949","7217","32000","214"
"2011-05-27","0","224000","224000","949","236","32000","7"
"2011-05-25","0","1696000","1696000","949","1787","32000","53"
"2011-05-24","0","4192000","4192000","949","4418","32000","131"
"2011-05-23","0","3358950","3358950","949","3541","31990","105"
"2011-05-19","0","1120000","1120000","949","1180","32000","35"
"2011-05-18","0","3680000","3680000","949","3878","32000","115"
"2011-05-16","0","1632000","1632000","949","1720","32000","51"
"2011-05-12","0","9376000","9376000","949","9882","32000","293"
"2011-05-11","0","4960000","4960000","949","5227","32000","155"
"2011-05-06","0","9632000","9632000","949","10151","32000","301"
"2011-05-03","0","928000","928000","949","978","32000","29"
"2011-04-28","0","864000","864000","949","911","32000","27"
"2011-04-27","0","5696000","5696000","949","6003","32000","178"
"2011-04-22","0","32000","32000","949","34","32000","1"
"2011-04-21","0","128000","128000","949","135","32000","4"
"2011-04-19","0","96000","96000","949","101","32000","3"
"2011-04-13","0","576000","576000","949","607","32000","18"
"2011-04-12","0","320000","320000","949","337","32000","10"
"2011-04-08","0","6080000","6080000","949","6408","32000","190"
"2011-04-07","0","480000","480000","949","506","32000","15"
"2011-04-06","0","4992000","4992000","949","5261","32000","156"
"2011-04-04","0","512000","512000","949","540","32000","16"
"2011-04-01","0","64000","64000","949","67","32000","2"
"2011-03-30","0","6080000","6080000","949","6408","32000","190"
"2011-03-29","0","96000","96000","949","101","32000","3"
"2011-03-28","0","1280000","1280000","949","1349","32000","40"
"2011-03-24","-3.26","1920000","1920000","949","2024","32000","60"
"2011-03-23","3.37","331000","331000","981","337","33100","10"
"2011-03-22","-4.43","1760000","1760000","949","1855","32000","55"
"2011-03-18","-1.49","2144000","2144000","993","2158","33500","64"
"2011-03-15","0","340000","340000","1008","337","34000","10"
"2011-03-14","0","102000","102000","1008","101","34000","3"
"2011-03-10","0","34000","34000","1008","34","34000","1"
"2011-03-09","0","170000","170000","1008","169","34000","5"
"2011-03-08","0","8500000","8500000","1008","8431","34000","250"
"2011-03-07","-2.89","2244000","2244000","1008","2226","34000","66"
"2011-03-02","1.47","6999000","6999000","1038","6745","34995","200"
"2011-03-01","-1.45","345000","345000","1023","337","34500","10"
"2011-02-11","0","1259820","1259820","1038","1214","34995","36"
"2011-02-10","0","8330000","8330000","1038","8027","35000","238"
"2011-02-08","0","9240000","9240000","1038","8903","35000","264"
"2011-02-07","0","314955","314955","1038","304","34995","9"
"2011-02-04","0","525000","525000","1038","506","35000","15"
"2011-02-03","0","4200000","4200000","1038","4047","35000","120"
"2011-02-02","2.98","805230","805230","1038","776","35010","23"
"2011-02-01","0","510000","510000","1008","506","34000","15"
"2011-01-28","0","136040","136040","1008","135","34010","4"
"2011-01-25","0","3162930","3162930","1008","3136","34010","93"
"2011-01-24","0","1768000","1768000","1008","1754","34000","52"
"2011-01-21","0","2142000","2142000","1008","2125","34000","63"
"2011-01-18","0","102000","102000","1008","101","34000","3"
"2011-01-17","0","68000","68000","1008","67","34000","2"
"2011-01-14","0","4590000","4590000","1008","4553","34000","135"
"2011-01-12","0","544000","544000","1008","540","34000","16"
"2011-01-11","0","17272000","17272000","1008","17132","34000","508"
"2011-01-07","0","17068000","17068000","1008","16930","34000","502"
"2011-01-06","0","918000","918000","1008","911","34000","27"
"2011-01-05","0","1836000","1836000","1008","1821","34000","54"
"2011-01-04","0","2312000","2312000","1008","2293","34000","68"
"2011-01-03","0","136000","136000","1008","135","34000","4"
"2010-12-31","0","1700000","1700000","1008","1686","34000","50"
"2010-12-30","0","1666000","1666000","1008","1653","34000","49"
"2010-12-29","0","3876000","3876000","1008","3845","34000","114"
"2010-12-28","-2.89","111724000","111724000","1008","110821","34000","3286"
"2010-12-27","0","13825000","13825000","1038","13321","35000","395"
"2010-12-24","4.95","11165000","11165000","1038","10758","35000","319"
"2010-12-22","-1.3","800400","800400","989","809","33350","24"
"2010-12-21","-0.6","8450000","8450000","1002","8431","33800","250"
"2010-12-20","-2.61","850000","850000","1008","843","34000","25"
"2010-12-17","-0.29","523500","523500","1035","506","34900","15"
"2010-12-13","0","210000","210000","1038","202","35000","6"
"2010-12-10","0","350000","350000","1038","337","35000","10"
"2010-12-08","0","70000","70000","1038","67","35000","2"
"2010-12-07","0","175000","175000","1038","169","35000","5"
"2010-12-03","0","385000","385000","1038","371","35000","11"
"2010-12-01","0","420000","420000","1038","405","35000","12"
"2010-11-30","0","1085000","1085000","1038","1045","35000","31"
"2010-11-29","0","1050000","1050000","1038","1012","35000","30"
"2010-11-26","0","175000","175000","1038","169","35000","5"
"2010-11-25","-2.72","350000","350000","1038","337","35000","10"
"2010-11-24","0","1980000","1980000","1067","1855","36000","55"
"2010-11-22","0","1440000","1440000","1067","1349","36000","40"
"2010-11-18","0","6840000","6840000","1067","6408","36000","190"
"2010-11-10","0","144000","144000","1067","135","36000","4"
"2010-11-09","0","2520000","2520000","1067","2361","36000","70"
"2010-11-08","0","3600000","3600000","1067","3373","36000","100"
"2010-11-04","0","2160000","2160000","1067","2024","36000","60"
"2010-11-03","0","1800000","1800000","1067","1686","36000","50"
"2010-10-28","0","5400000","5400000","1067","5059","36000","150"
"2010-10-27","0","14544000","14544000","1067","13625","36000","404"
"2010-10-26","0","10188000","10188000","1067","9544","36000","283"
"2010-10-25","1.62","18000000","18000000","1067","16863","36000","500"
"2010-10-22","-1.32","14160000","14160000","1050","13490","35400","400"
"2010-10-21","-1.66","11021300","11021300","1064","10354","35900","307"
"2010-10-18","-0.82","5475000","5475000","1082","5059","36500","150"
"2010-10-15","0","3680000","3680000","1091","3373","36800","100"
"2010-10-13","0","6440000","6440000","1091","5902","36800","175"
"2010-10-12","-0.55","7360000","7360000","1091","6745","36800","200"
"2010-10-08","0","2960000","2960000","1097","2698","37000","80"
"2010-10-06","0","1850000","1850000","1097","1686","37000","50"
"2010-10-05","0","3700000","3700000","1097","3373","37000","100"
"2010-10-04","0","3700000","3700000","1097","3373","37000","100"
"2010-10-01","0","3145000","3145000","1097","2867","37000","85"
"2010-09-29","0","4884000","4884000","1097","4452","37000","132"
"2010-09-28","0","1480000","1480000","1097","1349","37000","40"
"2010-09-27","0","259000","259000","1097","236","37000","7"
"2010-09-23","0","1961000","1961000","1097","1787","37000","53"
"2010-09-22","0","25160000","25160000","1097","22933","37000","680"
"2010-09-21","0","9065000","9065000","1097","8263","37000","245"
"2010-09-20","0","14060000","14060000","1097","12816","37000","380"
"2010-09-16","0","7400000","7400000","1097","6745","37000","200"
"2010-09-15","0","2960000","2960000","1097","2698","37000","80"
"2010-09-14","0","3700000","3700000","1097","3373","37000","100"
"2010-09-13","0","10212000","10212000","1097","9308","37000","276"
"2010-09-09","0","10212000","10212000","1097","9308","37000","276"
"2010-09-08","0","5550000","5550000","1097","5059","37000","150"
"2010-09-07","0","3848000","3848000","1097","3507","37000","104"
"2010-09-03","0","3700000","3700000","1097","3373","37000","100"
"2010-09-02","0","1480000","1480000","1097","1349","37000","40"
"2010-08-31","0","370000","370000","1097","337","37000","10"
"2010-08-30","0","518000","518000","1097","472","37000","14"
"2010-08-27","0","2146000","2146000","1097","1956","37000","58"
"2010-08-26","0","666000","666000","1097","607","37000","18"
"2010-08-25","0","6660000","6660000","1097","6071","37000","180"
"2010-08-24","0","296000","296000","1097","270","37000","8"
"2010-08-23","0","370000","370000","1097","337","37000","10"
"2010-08-20","0","46657000","46657000","1097","42528","37000","1261"
"2010-08-19","0","777000","777000","1097","708","37000","21"
"2010-08-18","0","1480000","1480000","1097","1349","37000","40"
"2010-08-16","0","1850000","1850000","1097","1686","37000","50"
"2010-08-12","0","555000","555000","1097","506","37000","15"
"2010-08-09","0","370000","370000","1097","337","37000","10"
"2010-08-06","0","370000","370000","1097","337","37000","10"
"2010-08-04","1.67","444000","444000","1097","405","37000","12"
"2010-07-30","0","855600","855600","1079","793","37200","23"
"2010-07-28","3.35","13615200","13615200","1079","12622","37200","366"
"2010-07-27","-2.7","3240000","3240000","1044","3104","36000","90"
"2010-07-26","0","3699500","3699500","1073","3449","36995","100"
"2010-07-22","-0.56","1184000","1184000","1073","1104","37000","32"
"2010-07-21","0","930000","930000","1079","862","37200","25"
"2010-07-20","0","1488000","1488000","1079","1379","37200","40"
"2010-07-19","0","1860000","1860000","1079","1724","37200","50"
"2010-07-16","0.84","3719500","3719500","1079","3449","37195","100"
"2010-07-14","-0.83","1512900","1512900","1070","1414","36900","41"
"2010-07-13","0","744000","744000","1079","690","37200","20"
"2010-07-07","-0.09","2008800","2008800","1079","1862","37200","54"
"2010-07-06","0","372400","372400","1080","345","37240","10"
"2010-07-05","0","1489600","1489600","1080","1379","37240","40"
"2010-07-02","0","372400","372400","1080","345","37240","10"
"2010-06-30","-7.46","297920","297920","1080","276","37240","8"
"2010-06-29","0","1650455","1650455","1167","1414","40255","41"
"2010-06-28","0","3622950","3622950","1167","3104","40255","90"
"2010-06-25","0","27051360","27051360","1167","23174","40255","672"
"2010-06-24","0","18275770","18275770","1167","15656","40255","454"
"2010-06-23","0","402550","402550","1167","345","40255","10"
"2010-06-17","0","161020","161020","1167","138","40255","4"
"2010-06-16","0","1006375","1006375","1167","862","40255","25"
"2010-06-15","0","6521310","6521310","1167","5587","40255","162"
"2010-06-14","0","5514935","5514935","1167","4725","40255","137"
"2010-06-03","0","402550","402550","1167","345","40255","10"
"2010-06-02","0","402550","402550","1167","345","40255","10"
"2010-06-01","0","402550","402550","1167","345","40255","10"
"2010-05-28","0","322040","322040","1167","276","40255","8"
"2010-05-26","0","322040","322040","1167","276","40255","8"
"2010-05-25","0","402550","402550","1167","345","40255","10"
"2010-05-20","0","322040","322040","1167","276","40255","8"
"2010-05-18","0","402550","402550","1167","345","40255","10"
"2010-05-17","0","402550","402550","1167","345","40255","10"
"2010-05-11","0","402550","402550","1167","345","40255","10"
"2010-05-10","0","402550","402550","1167","345","40255","10"
"2010-05-05","0","322000","322000","1167","276","40250","8"
"2010-05-03","0","402500","402500","1167","345","40250","10"
"2010-04-29","1.66","402500","402500","1167","345","40250","10"
"2010-04-27","0","475200","475200","1148","414","39600","12"
"2010-04-26","0","396000","396000","1148","345","39600","10"
"2010-04-22","0","396000","396000","1148","345","39600","10"
"2010-04-20","0","316800","316800","1148","276","39600","8"
"2010-04-19","0","396000","396000","1148","345","39600","10"
"2010-04-15","0","396000","396000","1148","345","39600","10"
"2010-04-14","0","396000","396000","1148","345","39600","10"
"2010-04-13","0","316800","316800","1148","276","39600","8"
"2010-04-09","0","1584000","1584000","1148","1379","39600","40"
"2010-04-07","0.17","396000","396000","1148","345","39600","10"
"2010-04-06","0","316120","316120","1146","276","39515","8"
"2010-04-02","0","592725","592725","1146","517","39515","15"
"2010-03-31","0","316120","316120","1146","276","39515","8"
"2010-03-30","0","276605","276605","1146","241","39515","7"
"2010-03-29","0","395150","395150","1146","345","39515","10"
"2010-03-26","0","1501380","1501380","1146","1310","39510","38"
"2010-03-24","0","395100","395100","1146","345","39510","10"
"2010-03-23","0.26","1106140","1106140","1146","966","39505","28"
"2010-03-19","0","3152000","3152000","1143","2759","39400","80"
"2010-03-17","0","512590","512590","1143","448","39430","13"
"2010-03-16","0","709740","709740","1143","621","39430","18"
"2010-03-05","0","788600","788600","1143","690","39430","20"
"2010-03-04","0","788600","788600","1143","690","39430","20"
"2010-03-01","0","1537770","1537770","1143","1345","39430","39"
"2010-02-25","0","2760100","2760100","1143","2414","39430","70"
"2010-02-23","0","552020","552020","1143","483","39430","14"
"2010-02-22","0","3154400","3154400","1143","2759","39430","80"
"2010-02-16","0","906890","906890","1143","793","39430","23"
"2010-02-15","0","473160","473160","1143","414","39430","12"
"2010-02-03","0","394300","394300","1143","345","39430","10"
"2010-02-01","0","1971500","1971500","1143","1724","39430","50"
"2010-01-29","0","236580","236580","1143","207","39430","6"
"2010-01-27","0","157720","157720","1143","138","39430","4"
"2010-01-25","0","1971500","1971500","1143","1724","39430","50"
"2010-01-20","0","4731600","4731600","1143","4138","39430","120"
"2010-01-19","0","1143470","1143470","1143","1000","39430","29"
"2010-01-14","0","788600","788600","1143","690","39430","20"
"2010-01-13","0","394300","394300","1143","345","39430","10"
"2009-12-30","0","315440","315440","1143","276","39430","8"
"2009-12-23","0","236580","236580","1143","207","39430","6"
"2009-12-21","0","157720","157720","1143","138","39430","4"
"2009-12-18","0","39430","39430","1143","34","39430","1"
"2009-12-14","0","12814750","12814750","1143","11208","39430","325"
"2009-12-10","-6.16","394300","394300","1143","345","39430","10"
"2009-12-02","6.56","714085","714085","1218","586","42005","17"
"2009-12-01","0","420050","420050","1143","367","42005","10"
"2009-11-26","0","126015","126015","1143","110","42005","3"
"2009-11-24","0","336040","336040","1143","294","42005","8"
"2009-11-23","0","1722000","1722000","1143","1506","42000","41"
"2009-11-20","0","1764000","1764000","1143","1543","42000","42"
"2009-11-19","0","420000","420000","1143","367","42000","10"
"2009-11-18","0","42000","42000","1143","37","42000","1"
"2009-11-17","0","336000","336000","1143","294","42000","8"
"2009-11-16","0","336000","336000","1143","294","42000","8"
"2009-11-10","0","2394000","2394000","1143","2094","42000","57"
"2009-11-09","0","1260000","1260000","1143","1102","42000","30"
"2009-11-05","0","1596000","1596000","1143","1396","42000","38"
"2009-11-03","0","336000","336000","1143","294","42000","8"
"2009-11-02","0","420000","420000","1143","367","42000","10"
"2009-10-29","0","420000","420000","1143","367","42000","10"
"2009-10-27","0","1764000","1764000","1143","1543","42000","42"
"2009-10-26","0","420000","420000","1143","367","42000","10"
"2009-10-20","0","714000","714000","1143","624","42000","17"
"2009-10-19","0","924000","924000","1143","808","42000","22"
"2009-10-13","0","1260000","1260000","1143","1102","42000","30"
"2009-10-12","0","57960000","57960000","1143","50695","42000","1380"
"2009-10-09","2.42","18900000","18900000","1143","16531","42000","450"
"2009-10-06","-0.27","50840000","50840000","1116","45552","41000","1240"
"2009-10-05","0","411000","411000","1119","367","41100","10"
"2009-10-01","0","411000","411000","1119","367","41100","10"
"2009-09-29","0","328800","328800","1119","294","41100","8"
"2009-09-28","0","411000","411000","1119","367","41100","10"
"2009-09-25","0","164400","164400","1119","147","41100","4"
"2009-09-23","0","411000","411000","1119","367","41100","10"
"2009-09-22","0.18","534300","534300","1119","478","41100","13"
"2009-09-18","0","821000","821000","1117","735","41050","20"
"2009-09-16","0","410500","410500","1117","367","41050","10"
"2009-09-15","0","1026250","1026250","1117","918","41050","25"
"2009-09-14","0","451550","451550","1117","404","41050","11"
"2009-09-11","0.09","410500","410500","1117","367","41050","10"
"2009-09-09","0","656000","656000","1116","588","41000","16"
"2009-09-08","0","2460000","2460000","1116","2204","41000","60"
"2009-09-07","0","2050000","2050000","1116","1837","41000","50"
"2009-09-04","-0.09","492000","492000","1116","441","41000","12"
"2009-09-03","-0.09","3653450","3653450","1117","3269","41050","89"
"2009-09-01","0.18","1929585","1929585","1118","1727","41055","47"
"2009-08-31","0","2870350","2870350","1116","2571","41005","70"
"2009-08-27","0","12793560","12793560","1116","11461","41005","312"
"2009-08-25","0","328040","328040","1116","294","41005","8"
"2009-08-24","2.29","410050","410050","1116","367","41005","10"
"2009-08-20","0.09","320520","320520","1091","294","40065","8"
"2009-08-18","0","40055","40055","1090","37","40055","1"
"2009-08-17","0","400550","400550","1090","367","40055","10"
"2009-08-14","0.09","1842300","1842300","1090","1690","40050","46"
"2009-08-12","0","200000","200000","1089","184","40000","5"
"2009-08-11","0","400000","400000","1089","367","40000","10"
"2009-08-10","0","1280000","1280000","1089","1176","40000","32"
"2009-08-04","-0.09","9680000","9680000","1089","8890","40000","242"
"2009-08-03","0","400500","400500","1090","367","40050","10"
"2009-07-31","0","40050","40050","1090","37","40050","1"
"2009-07-30","0","841050","841050","1090","771","40050","21"
"2009-07-28","0","5687100","5687100","1090","5216","40050","142"
"2009-07-27","0","400500","400500","1090","367","40050","10"
"2009-07-22","0","600750","600750","1090","551","40050","15"
"2009-07-21","0","801000","801000","1090","735","40050","20"
"2009-07-20","0","4365450","4365450","1090","4004","40050","109"
"2009-07-16","0","801000","801000","1090","735","40050","20"
"2009-07-14","0","2002500","2002500","1090","1837","40050","50"
"2009-07-09","0","400500","400500","1090","367","40050","10"
"2009-07-06","-0.18","1602000","1602000","1090","1469","40050","40"
"2009-07-02","0","962520","962520","1092","882","40105","24"
"2009-07-01","0","40105","40105","1092","37","40105","1"
"2009-06-30","0","1203150","1203150","1092","1102","40105","30"
"2009-06-29","0","2005250","2005250","1092","1837","40105","50"
"2009-06-25","0","802100","802100","1092","735","40105","20"
"2009-06-23","0","1203150","1203150","1092","1102","40105","30"
"2009-06-22","0","240630","240630","1092","220","40105","6"
"2009-06-19","0","120315","120315","1092","110","40105","3"
"2009-06-18","0","761995","761995","1092","698","40105","19"
"2009-06-16","0","601575","601575","1092","551","40105","15"
"2009-06-15","0","601575","601575","1092","551","40105","15"
"2009-06-10","0","641680","641680","1092","588","40105","16"
"2009-06-09","0","401050","401050","1092","367","40105","10"
"2009-06-08","0","401050","401050","1092","367","40105","10"
"2009-06-04","0","641680","641680","1092","588","40105","16"
"2009-06-03","0","401050","401050","1092","367","40105","10"
"2009-06-02","0","401050","401050","1092","367","40105","10"
"2009-05-26","0","401050","401050","1092","367","40105","10"
"2009-05-25","0","401050","401050","1092","367","40105","10"
"2009-05-19","0","401050","401050","1092","367","40105","10"
"2009-05-14","0","401050","401050","1092","367","40105","10"
"2009-05-13","0","802100","802100","1092","735","40105","20"
"2009-05-12","0","401050","401050","1092","367","40105","10"
"2009-05-11","0","401050","401050","1092","367","40105","10"
"2009-05-06","0","401050","401050","1092","367","40105","10"
"2009-05-04","0","401050","401050","1092","367","40105","10"
"2009-04-30","0","401050","401050","1092","367","40105","10"
"2009-04-29","0","401050","401050","1092","367","40105","10"
"2009-04-27","0","401050","401050","1092","367","40105","10"
"2009-04-23","0","401050","401050","1092","367","40105","10"
"2009-04-21","0","401050","401050","1092","367","40105","10"
"2009-04-20","0","401000","401000","1092","367","40100","10"
"2009-04-16","0","401000","401000","1092","367","40100","10"
"2009-04-14","0","481200","481200","1092","441","40100","12"
"2009-04-09","0","401000","401000","1092","367","40100","10"
"2009-04-07","0","401000","401000","1092","367","40100","10"
"2009-04-06","0","8180400","8180400","1092","7494","40100","204"
"2009-04-01","0","80200","80200","1092","73","40100","2"
"2009-03-31","0","401000","401000","1092","367","40100","10"
"2009-03-30","0","761900","761900","1092","698","40100","19"
"2009-03-26","0","40100","40100","1092","37","40100","1"
"2009-03-19","0","401000","401000","1092","367","40100","10"
"2009-03-17","0","401000","401000","1092","367","40100","10"
"2009-03-16","0","401000","401000","1092","367","40100","10"
"2009-03-12","0","401000","401000","1092","367","40100","10"
"2009-03-11","0","401000","401000","1092","367","40100","10"
"2009-03-10","0","401000","401000","1092","367","40100","10"
"2009-03-05","0","401000","401000","1092","367","40100","10"
"2009-03-03","0","401000","401000","1092","367","40100","10"
"2009-03-02","0","401000","401000","1092","367","40100","10"
"2009-02-26","0","401000","401000","1092","367","40100","10"
"2009-02-24","0","401000","401000","1092","367","40100","10"
"2009-02-23","0","2165400","2165400","1092","1984","40100","54"
"2009-02-20","0","2766900","2766900","1092","2535","40100","69"
"2009-02-17","0","240600","240600","1092","220","40100","6"
"2009-02-13","-0.18","641600","641600","1092","588","40100","16"
"2009-02-12","0","1809000","1809000","1094","1653","40200","45"
"2009-02-10","0","522600","522600","1094","478","40200","13"
"2009-02-09","0","402000","402000","1094","367","40200","10"
"2009-02-06","0","1286400","1286400","1094","1176","40200","32"
"2009-02-05","0","402000","402000","1094","367","40200","10"
"2009-02-03","0.37","402000","402000","1094","367","40200","10"
"2009-02-02","0","400550","400550","1090","367","40055","10"
"2009-01-28","0","761045","761045","1090","698","40055","19"
"2009-01-27","0","400550","400550","1090","367","40055","10"
"2009-01-26","0","240330","240330","1090","220","40055","6"
"2009-01-22","0","400550","400550","1090","367","40055","10"
"2009-01-20","0","400550","400550","1090","367","40055","10"
"2009-01-19","0","600825","600825","1090","551","40055","15"
"2009-01-16","0","1041430","1041430","1090","955","40055","26"
"2009-01-15","0","1922640","1922640","1090","1763","40055","48"
"2009-01-14","0","400550","400550","1090","367","40055","10"
"2009-01-13","0","400550","400550","1090","367","40055","10"
"2009-01-12","0","680935","680935","1090","624","40055","17"
"2009-01-07","0","400550","400550","1090","367","40055","10"
"2009-01-06","0","400550","400550","1090","367","40055","10"
"2009-01-05","0","400550","400550","1090","367","40055","10"
"2008-12-31","0","600825","600825","1090","551","40055","15"
"2008-12-30","0","520715","520715","1090","478","40055","13"
"2008-12-29","0","320440","320440","1090","294","40055","8"
"2008-12-26","0","1321815","1321815","1090","1212","40055","33"
"2008-12-24","0","400550","400550","1090","367","40055","10"
"2008-12-23","0","400550","400550","1090","367","40055","10"
"2008-12-22","0","400550","400550","1090","367","40055","10"
"2008-12-18","0.09","400500","400500","1090","367","40050","10"
"2008-12-16","0","1400000","1400000","1089","1286","40000","35"
"2008-12-15","0","760095","760095","1089","698","40005","19"
"2008-12-12","0","400050","400050","1089","367","40005","10"
"2008-12-11","0","6960870","6960870","1089","6392","40005","174"
"2008-12-09","0","1200150","1200150","1089","1102","40005","30"
"2008-12-04","0","400050","400050","1089","367","40005","10"
"2008-12-02","0","400050","400050","1089","367","40005","10"
"2008-12-01","0","720090","720090","1089","661","40005","18"
"2008-11-27","0","400050","400050","1089","367","40005","10"
"2008-11-25","0","400050","400050","1089","367","40005","10"
"2008-11-24","0","400050","400050","1089","367","40005","10"
"2008-11-20","0","2400300","2400300","1089","2204","40005","60"
"2008-11-19","0","400050","400050","1089","367","40005","10"
"2008-11-18","0","920115","920115","1089","845","40005","23"
"2008-11-13","0","760095","760095","1089","698","40005","19"
"2008-11-11","0","400050","400050","1089","367","40005","10"
"2008-11-10","0","960120","960120","1089","882","40005","24"
"2008-11-07","0","280035","280035","1089","257","40005","7"
"2008-11-05","0","800100","800100","1089","735","40005","20"
"2008-11-04","0","400050","400050","1089","367","40005","10"
"2008-11-03","0","400050","400050","1089","367","40005","10"
"2008-10-30","0","840000","840000","1089","771","40000","21"
"2008-10-29","0","400000","400000","1089","367","40000","10"
"2008-10-28","3.81","720000","720000","1089","661","40000","18"
"2008-10-24","0","385400","385400","1049","367","38540","10"
"2008-10-23","0","385350","385350","1049","367","38535","10"
"2008-10-21","0","385250","385250","1049","367","38525","10"
"2008-10-20","0","385250","385250","1049","367","38525","10"
"2008-10-16","0","385250","385250","1049","367","38525","10"
"2008-10-14","0","385250","385250","1049","367","38525","10"
"2008-10-13","0","770500","770500","1049","735","38525","20"
"2008-10-10","0.1","385200","385200","1049","367","38520","10"
"2008-10-08","0","385100","385100","1048","367","38510","10"
"2008-10-06","0","385100","385100","1048","367","38510","10"
"2008-10-03","0","1925000","1925000","1048","1837","38500","50"
"2008-10-02","0","385000","385000","1048","367","38500","10"
"2008-09-29","0","385000","385000","1048","367","38500","10"
"2008-09-25","0","1193500","1193500","1048","1139","38500","31"
"2008-09-23","0","2887500","2887500","1048","2755","38500","75"
"2008-09-22","-0.47","385000","385000","1048","367","38500","10"
"2008-09-18","0.48","387000","387000","1053","367","38700","10"
"2008-09-17","0","385000","385000","1048","367","38500","10"
"2008-09-15","0","385000","385000","1048","367","38500","10"
"2008-09-11","0","385000","385000","1048","367","38500","10"
"2008-09-10","0","1039500","1039500","1048","992","38500","27"
"2008-09-09","0","76730500","76730500","1048","73213","38500","1993"
"2008-09-08","0","385000","385000","1048","367","38500","10"
"2008-09-04","0","770000","770000","1048","735","38500","20"
"2008-09-03","0","1925000","1925000","1048","1837","38500","50"
"2008-09-02","-8.31","385000","385000","1048","367","38500","10"
"2008-08-27","4.96","1680000","1680000","1143","1469","42000","40"
"2008-08-26","2.54","1560390","1560390","1089","1433","40010","39"
"2008-08-22","1.72","390050","390050","1062","367","39005","10"
"2008-08-20","0.97","575250","575250","1044","551","38350","15"
"2008-08-18","0.98","8702000","8702000","1034","8412","38000","229"
"2008-08-13","0","451200","451200","1024","441","37600","12"
"2008-08-12","0","1692000","1692000","1024","1653","37600","45"
"2008-08-11","0","376000","376000","1024","367","37600","10"
"2008-08-08","0","451260","451260","1024","441","37605","12"
"2008-08-06","0","1466400","1466400","1024","1433","37600","39"
"2008-08-05","3.02","1541600","1541600","1024","1506","37600","41"
"2008-07-30","1.43","328500","328500","994","331","36500","9"
"2008-07-28","0","720300","720300","980","735","36015","20"
"2008-07-21","0","1188495","1188495","980","1212","36015","33"
"2008-07-18","0","5042100","5042100","980","5143","36015","140"
"2008-07-11","0","4284595","4284595","980","4371","36005","119"
"2008-07-09","2.83","432120","432120","980","441","36010","12"
"2008-07-07","0","350150","350150","953","367","35015","10"
"2008-07-04","0","280040","280040","953","294","35005","8"
"2008-07-03","1.49","350000","350000","953","367","35000","10"
"2008-07-01","1.4","517500","517500","939","551","34500","15"
"2008-06-30","-2.83","340000","340000","926","367","34000","10"
"2008-06-13","-2.76","59745000","59745000","953","62707","35000","1707"
"2008-06-04","0","1800000","1800000","980","1837","36000","50"
"2008-06-03","0","2484000","2484000","980","2535","36000","69"
"2008-06-02","0","3204000","3204000","980","3269","36000","89"
"2008-05-30","0","540000","540000","980","551","36000","15"
"2008-05-27","0","360000","360000","980","367","36000","10"
"2008-05-26","0","1440000","1440000","980","1469","36000","40"
"2008-05-19","0","1332000","1332000","980","1359","36000","37"
"2008-05-16","2.83","468000","468000","980","478","36000","13"
"2008-05-06","0","175000","175000","953","184","35000","5"
"2008-04-24","0","70000","70000","953","73","35000","2"
"2008-04-11","0","455000","455000","953","478","35000","13"
"2008-04-08","8.54","1225350","1225350","953","1286","35010","35"
"2008-03-28","7.47","258000","258000","878","294","32250","8"
"2008-02-20","0","300000","300000","817","367","30000","10"
"2008-02-19","0","2250000","2250000","817","2755","30000","75"
"2008-02-18","11.16","1830000","1830000","817","2241","30000","61"
"2008-02-08","0","4725000","4725000","735","6429","27000","175"
"2008-02-05","0","945000","945000","735","1286","27000","35"
"2008-02-04","0","54000","54000","735","73","27000","2"
"2008-02-01","0","1701000","1701000","735","2314","27000","63"
"2008-01-31","0","243000","243000","735","331","27000","9"
"2008-01-29","-3.54","2403000","2403000","735","3269","27000","89"
"2008-01-25","-6.73","1568000","1568000","762","2057","28000","56"
"2008-01-24","0.12","420000","420000","817","514","30000","14"
"2008-01-16","-0.12","839720","839720","816","1029","29990","28"
"2008-01-07","7.22","240000","240000","817","294","30000","8"
"2008-01-02","-5.69","308000","308000","762","404","28000","11"
"2007-12-12","-1.58","1525000","1525000","808","1888","30500","50"
"2007-12-05","0","216965","216965","821","264","30995","7"
"2007-11-29","-1.79","371940","371940","821","453","30995","12"
"2007-11-27","-0.12","379080","379080","836","453","31590","12"
"2007-11-22","0","1579750","1579750","837","1888","31595","50"
"2007-11-19","0","537200","537200","837","642","31600","17"
"2007-11-16","-0.12","4108000","4108000","837","4910","31600","130"
"2007-11-05","0","6330000","6330000","838","7553","31650","200"
"2007-11-02","0","949500","949500","838","1133","31650","30"
"2007-10-31","0","221550","221550","838","264","31650","7"
"2007-10-26","0","316500","316500","838","378","31650","10"
"2007-10-24","0","284850","284850","838","340","31650","9"
"2007-10-17","0","664650","664650","838","793","31650","21"
"2007-10-16","0.48","29434500","29434500","838","35123","31650","930"
"2007-10-02","0","31500","31500","834","38","31500","1"
"2007-09-26","-4.58","98280000","98280000","834","117833","31500","3120"
"2007-09-18","0","165000","165000","874","189","33000","5"
"2007-09-11","5.81","264000","264000","874","302","33000","8"
"2007-08-16","0","1029600","1029600","826","1246","31200","33"
"2007-08-10","4.69","46800000","46800000","826","56651","31200","1500"
"2007-08-09","0","149000","149000","789","189","29800","5"
"2007-08-02","0","89400","89400","789","113","29800","3"
"2007-08-01","0","59600","59600","789","76","29800","2"
"2007-07-31","-3.9","238400","238400","789","302","29800","8"
"2007-07-27","0","155000","155000","821","189","31000","5"
"2007-07-25","14.83","310000","310000","821","378","31000","10"
"2007-07-23","0","2619000","2619000","715","3663","27000","97"
"2007-07-16","-11.51","918000","918000","715","1284","27000","34"
"2007-06-08","0","152500","152500","808","189","30500","5"
"2007-06-04","0","30500","30500","808","38","30500","1"
"2007-05-31","7.02","579500","579500","808","718","30500","19"
"2007-05-14","4.86","5643000","5643000","755","7478","28500","198"
"2007-04-25","0","136000","136000","720","189","27200","5"
"2007-04-04","0.7","217600","217600","720","302","27200","8"
"2007-03-06","0","324120","324120","715","453","27010","12"
"2007-03-05","0","108000","108000","715","151","27000","4"
"2007-02-05","0","81000","81000","715","113","27000","3"
"2007-01-17","0","405000","405000","715","567","27000","15"
"2007-01-03","0","162000","162000","715","227","27000","6"
"2006-12-15","1.85","540000","540000","715","755","27000","20"
"2006-12-14","0","477000","477000","702","680","26500","18"
"2006-12-08","0","318000","318000","702","453","26500","12"
"2006-11-23","0","1590000","1590000","702","2266","26500","60"
"2006-11-10","0","265050","265050","702","378","26505","10"
"2006-11-06","0","1086705","1086705","702","1548","26505","41"
"2006-09-26","0","106000","106000","702","151","26500","4"
"2006-09-15","0","132500","132500","702","189","26500","5"
"2006-09-11","0","212000","212000","702","302","26500","8"
"2006-08-22","0","106000","106000","702","151","26500","4"
"2006-08-17","0","132500","132500","702","189","26500","5"
"2006-08-09","4","212000","212000","702","302","26500","8"
"2006-07-28","0","255000","255000","675","378","25500","10"
"2006-07-17","-0.44","255000","255000","675","378","25500","10"
"2006-07-10","0","128000","128000","678","189","25600","5"
"2006-06-26","0.44","204800","204800","678","302","25600","8"
"2006-06-12","0","204000","204000","675","302","25500","8"
"2006-05-30","0","255000","255000","675","378","25500","10"
"2006-05-19","0","1020000","1020000","675","1511","25500","40"
"2006-05-12","0","510000","510000","675","755","25500","20"
"2006-05-05","0","382500","382500","675","567","25500","15"
"2006-05-02","1.96","255000","255000","675","378","25500","10"
"2006-04-24","0","200000","200000","662","302","25000","8"
"2006-04-20","0.46","250000","250000","662","378","25000","10"
"2006-04-14","7.33","199200","199200","659","302","24900","8"
"2006-03-29","0","116025","116025","614","189","23205","5"
"2006-03-20","0","185640","185640","614","302","23205","8"
"2006-03-13","0","1044000","1044000","614","1700","23200","45"
"2006-03-07","0.82","1276000","1276000","614","2077","23200","55"
"2006-02-28","-0.81","13800000","13800000","609","22660","23000","600"
"2006-02-22","0","928000","928000","614","1511","23200","40"
"2006-02-15","0","348000","348000","614","567","23200","15"
"2006-02-03","0.82","464000","464000","614","755","23200","20"
"2006-01-27","0","184040","184040","609","302","23005","8"
"2006-01-19","0","34500000","34500000","609","56651","23000","1500"
"2006-01-16","0","230000","230000","609","378","23000","10"
"2006-01-05","0","276000","276000","609","453","23000","12"
"2005-12-28","0","345000","345000","609","567","23000","15"
"2005-12-20","0","460000","460000","609","755","23000","20"
"2005-12-08","0","1725000","1725000","609","2833","23000","75"
"2005-11-29","0","3450000","3450000","609","5665","23000","150"
"2005-11-25","0","184000","184000","609","302","23000","8"
"2005-11-18","0","230050","230050","609","378","23005","10"
"2005-11-14","0","138030","138030","609","227","23005","6"
"2005-11-10","0","230050","230050","609","378","23005","10"
"2005-10-31","0","230000","230000","609","378","23000","10"
"2005-10-24","0","2300000","2300000","609","3777","23000","100"
"2005-10-19","0","230000","230000","609","378","23000","10"
"2005-10-11","0","115000","115000","609","189","23000","5"
"2005-10-05","0","46000","46000","609","76","23000","2"
"2005-09-30","0","115000","115000","609","189","23000","5"
"2005-09-21","0","4600000","4600000","609","7553","23000","200"
"2005-09-16","0","46000","46000","609","76","23000","2"
"2005-09-12","0","184000","184000","609","302","23000","8"
"2005-09-02","0","345000","345000","609","567","23000","15"
"2005-08-26","0","345000","345000","609","567","23000","15"
"2005-08-23","0","230100","230100","609","378","23010","10"
"2005-08-18","0","299000","299000","609","491","23000","13"
"2005-08-10","0","184000","184000","609","302","23000","8"
"2005-07-28","0","184000","184000","609","302","23000","8"
"2005-07-20","0","230000","230000","609","378","23000","10"
"2005-07-13","0","184000","184000","609","302","23000","8"
"2005-07-05","0","276000","276000","609","453","23000","12"
"2005-06-28","0","460100","460100","609","755","23005","20"
"2005-06-27","0","276060","276060","609","453","23005","12"
"2005-06-23","2.18","4025875","4025875","609","6609","23005","175"
"2005-06-15","0","180080","180080","596","302","22510","8"
"2005-06-03","0","225100","225100","596","378","22510","10"
"2005-05-26","0","225100","225100","596","378","22510","10"
"2005-05-23","0","180080","180080","596","302","22510","8"
"2005-05-10","0","225100","225100","596","378","22510","10"
"2005-04-28","0","112500","112500","596","189","22500","5"
"2005-04-20","0","180000","180000","596","302","22500","8"
"2005-04-13","0","112500","112500","596","189","22500","5"
"2005-04-06","0","180000","180000","596","302","22500","8"
"2005-03-31","0","112500","112500","596","189","22500","5"
"2005-03-24","0","225000","225000","596","378","22500","10"
"2005-03-16","0","360000","360000","596","604","22500","16"
"2005-03-10","0","112500","112500","596","189","22500","5"
"2005-03-03","0","337500","337500","596","567","22500","15"
"2005-02-23","0","720000","720000","596","1209","22500","32"
"2005-02-10","0","315000","315000","596","529","22500","14"
"2005-02-02","1.02","337500","337500","596","567","22500","15"
"2005-01-24","0","245300","245300","590","415","22300","11"
"2005-01-11","-1.01","602100","602100","590","1020","22300","27"
"2004-12-30","0","337500","337500","596","567","22500","15"
"2004-12-21","1.02","180000","180000","596","302","22500","8"
"2004-12-14","0.34","223000","223000","590","378","22300","10"
"2004-12-09","0","555125","555125","588","944","22205","25"
"2004-12-01","0","177600","177600","588","302","22200","8"
"2004-11-19","-3.45","177600","177600","588","302","22200","8"
"2004-11-11","4.46","184000","184000","609","302","23000","8"
"2004-10-13","0","154000","154000","583","264","22000","7"
"2004-10-06","0","176000","176000","583","302","22000","8"
"2004-09-29","0","176000","176000","583","302","22000","8"
"2004-09-20","-0.85","176000","176000","583","302","22000","8"
"2004-08-31","3.16","310800","310800","588","529","22200","14"
"2004-08-12","0","172120","172120","570","302","21515","8"
"2004-08-11","0","21510000","21510000","570","37767","21510","1000"
"2004-07-30","0.18","451710","451710","570","793","21510","21"
"2004-06-29","0","64515","64515","569","113","21505","3"
"2004-06-28","0","774180","774180","569","1360","21505","36"
"2004-06-25","0","107525","107525","569","189","21505","5"
"2004-06-24","0","129030","129030","569","227","21505","6"
"2004-06-23","0","172040","172040","569","302","21505","8"
"2004-06-22","0","107525","107525","569","189","21505","5"
"2004-06-21","0","215050","215050","569","378","21505","10"
"2004-06-18","0","172000","172000","569","302","21500","8"
"2004-06-17","0","215000","215000","569","378","21500","10"
"2004-06-10","-1.04","1075000","1075000","569","1888","21500","50"
"2004-06-09","0","173600","173600","575","302","21700","8"
"2004-06-08","0","108500","108500","575","189","21700","5"
"2004-06-07","1.05","173600","173600","575","302","21700","8"
"2004-06-01","-0.7","4407500","4407500","569","7742","21500","205"
"2004-05-28","0","173200","173200","573","302","21650","8"
"2004-05-27","0","108250","108250","573","189","21650","5"
"2004-05-26","0.7","173200","173200","573","302","21650","8"
"2004-05-25","0","107525","107525","569","189","21505","5"
"2004-05-24","0","172040","172040","569","302","21505","8"
"2004-05-21","0","1870935","1870935","569","3286","21505","87"
"2004-05-19","0","172040","172040","569","302","21505","8"
"2004-05-18","-0.35","430000","430000","569","755","21500","20"
"2004-05-14","0","1874850","1874850","571","3286","21550","87"
"2004-05-13","0","215500","215500","571","378","21550","10"
"2004-05-12","0.35","172400","172400","571","302","21550","8"
"2004-05-10","0","172040","172040","569","302","21505","8"
"2004-05-07","0","107500","107500","569","189","21500","5"
"2004-05-06","2.34","172000","172000","569","302","21500","8"
"2004-05-05","0","210050","210050","556","378","21005","10"
"2004-04-30","0","210000","210000","556","378","21000","10"
"2004-04-29","-4.63","168000","168000","556","302","21000","8"
"2004-04-23","0","154000","154000","583","264","22000","7"
"2004-04-21","4.86","220000","220000","583","378","22000","10"
"2004-04-20","0","168000","168000","556","302","21000","8"
"2004-04-16","2.39","210000","210000","556","378","21000","10"
"2004-04-14","0","430500","430500","543","793","20500","21"
"2004-04-13","-4.57","615000","615000","543","1133","20500","30"
"2004-04-09","-0.35","172000","172000","569","302","21500","8"
"2004-04-08","2.7","1077500","1077500","571","1888","21550","50"
"2004-04-07","2.39","168000","168000","556","302","21000","8"
"2004-04-05","-4.9","1394000","1394000","543","2568","20500","68"
"2004-04-02","5.16","1185250","1185250","571","2077","21550","55"
"2004-04-01","-4.9","820000","820000","543","1511","20500","40"
"2004-03-31","0","646500","646500","571","1133","21550","30"
"2004-03-30","5.16","431000","431000","571","755","21550","20"
"2004-03-26","-4.57","410000","410000","543","755","20500","20"
"2004-03-24","0","64500","64500","569","113","21500","3"
"2004-03-23","0","107500","107500","569","189","21500","5"
"2004-03-22","4.79","322500","322500","569","567","21500","15"
"2004-03-18","-3.04","20500000","20500000","543","37767","20500","1000"
"2004-02-11","0","190350","190350","560","340","21150","9"
"2004-02-10","0","126900","126900","560","227","21150","6"
"2004-02-09","0","105750","105750","560","189","21150","5"
"2004-02-06","0","169200","169200","560","302","21150","8"
"2004-02-05","0","169200","169200","560","302","21150","8"
"2004-02-04","0.18","169200","169200","560","302","21150","8"
"2004-02-03","0","168800","168800","559","302","21100","8"
"2004-02-02","0.54","189900","189900","559","340","21100","9"
"2004-01-30","0","189000","189000","556","340","21000","9"
"2004-01-29","0","210000","210000","556","378","21000","10"
"2004-01-28","0","210000","210000","556","378","21000","10"
"2004-01-27","0","168000","168000","556","302","21000","8"
"2004-01-26","0","126000","126000","556","227","21000","6"
"2004-01-23","0","168000","168000","556","302","21000","8"
"2004-01-22","0","210000","210000","556","378","21000","10"
"2004-01-21","0","210000","210000","556","378","21000","10"
"2004-01-20","0","168000","168000","556","302","21000","8"
"2004-01-19","0","168000","168000","556","302","21000","8"
"2004-01-16","0","168000","168000","556","302","21000","8"
"2004-01-15","4.91","168000","168000","556","302","21000","8"
"2004-01-14","-4.68","180000","180000","530","340","20000","9"
"2004-01-13","-4.63","189000","189000","556","340","21000","9"
"2004-01-12","10","1056000","1056000","583","1813","22000","48"
"2004-01-08","0","200050","200050","530","378","20005","10"
"2004-01-07","-4.68","160000","160000","530","302","20000","8"
"2004-01-06","4.91","1785000","1785000","556","3210","21000","85"
"2003-12-31","0","500000","500000","530","944","20000","25"
"2003-12-30","","2360590","2360590","530","4457","20005","118"
