"Date","Variation","Valeur","Volume Devise Total","Cours Ajuste","Volume Ajuste Total","Cours Normal","Volume Normal Total"
"2026-09-09","-0.91","136156990","136156990","8200","16541","8200","16541"
"2026-09-08","0.12","73604265","73604265","8275","8912","8275","8912"
"2026-09-07","0.3","75322700","75322700","8265","9149","8265","9149"
"2026-09-04","-0.72","129282215","129282215","8240","15705","8240","15705"
"2026-09-03","0.73","103634300","103634300","8300","12574","8300","12574"
"2026-09-02","-0.12","160705940","160705940","8240","19506","8240","19506"
"2026-09-01","-0.54","220562790","220562790","8250","26600","8250","26600"
"2026-08-31","-0.06","98460915","98460915","8295","11876","8295","11876"
"2026-08-28","-1.72","94332515","94332515","8300","11342","8300","11342"
"2026-08-27","-0.65","154148760","154148760","8445","18254","8445","18254"
"2026-08-26","0","61093430","61093430","8500","7081","8500","7081"
"2026-08-24","6.25","47000150","47000150","8500","5658","8500","5658"
"2026-08-21","0","182448270","182448270","8000","23281","8000","23281"
"2026-08-20","2.56","127447850","127447850","8000","16276","8000","16276"
"2026-08-19","0","204467570","204467570","7800","26316","7800","26316"
"2026-08-18","0","186035220","186035220","7800","24039","7800","24039"
"2026-08-17","1.3","142647595","142647595","7800","18443","7800","18443"
"2026-08-14","0.13","38325925","38325925","7700","4989","7700","4989"
"2026-08-13","0","90764465","90764465","7690","11833","7690","11833"
"2026-08-12","-0.13","147465285","147465285","7690","19422","7690","19422"
"2026-08-11","-0.65","84418470","84418470","7700","10967","7700","10967"
"2026-08-10","0.52","82136225","82136225","7750","10641","7750","10641"
"2026-08-06","1.45","8919070","8919070","7710","1166","7710","1166"
"2026-08-05","-1.3","55084290","55084290","7600","7230","7600","7230"
"2026-08-04","0.2","50766485","50766485","7700","6650","7700","6650"
"2026-08-03","-1.35","26158495","26158495","7685","3389","7685","3389"
"2026-07-31","1.17","28105750","28105750","7790","3612","7790","3612"
"2026-07-30","-3.33","61105950","61105950","7700","7928","7700","7928"
"2026-07-29","0.25","31690205","31690205","7965","3983","7965","3983"
"2026-07-28","0.57","14848285","14848285","7945","1869","7945","1869"
"2026-07-27","0.7","38255565","38255565","7900","4860","7900","4860"
"2026-07-24","3.5","62062650","62062650","7845","8145","7845","8145"
"2026-07-23","1.13","16071495","16071495","7580","2123","7580","2123"
"2026-07-22","0.13","21220240","21220240","7495","2831","7495","2831"
"2026-07-21","-0.86","16780050","16780050","7485","2239","7485","2239"
"2026-07-20","-1.95","30637800","30637800","7550","4016","7550","4016"
"2026-07-17","4.05","30927965","30927965","7700","4057","7700","4057"
"2026-07-16","1.09","140550240","140550240","7400","19109","7400","19109"
"2026-07-15","0.07","137408225","137408225","7320","18796","7320","18796"
"2026-07-14","0.21","113075030","113075030","7315","15479","7315","15479"
"2026-07-13","0","362331505","362331505","7300","49637","7300","49637"
"2026-07-10","0","135664280","135664280","7300","18585","7300","18585"
"2026-07-09","0.14","95560995","95560995","7300","13097","7300","13097"
"2026-07-08","0.41","65760745","65760745","7290","9012","7290","9012"
"2026-07-07","-0.55","51705910","51705910","7260","7095","7260","7095"
"2026-07-06","-0.68","64871475","64871475","7300","8926","7300","8926"
"2026-07-03","0.62","79112655","79112655","7350","10809","7350","10809"
"2026-07-02","-1.81","55477145","55477145","7305","7563","7305","7563"
"2026-07-01","0","38924815","38924815","7440","5262","7440","5262"
"2026-06-30","1.22","20449075","20449075","7440","2766","7440","2766"
"2026-06-29","0.75","45528420","45528420","7350","6224","7350","6224"
"2026-06-26","-0.68","39609765","39609765","7295","5419","7295","5419"
"2026-06-25","0.62","53656565","53656565","7345","7347","7345","7347"
"2026-06-24","-0.07","86088330","86088330","7300","11789","7300","11789"
"2026-06-23","-1.22","87263555","87263555","7305","11842","7305","11842"
"2026-06-22","-0.67","43580260","43580260","7395","5871","7395","5871"
"2026-06-19","0.61","63127625","63127625","7445","8517","7445","8517"
"2026-06-18","0.68","126362580","126362580","7400","17075","7400","17075"
"2026-06-17","0.89","273804110","273804110","7350","37276","7350","37276"
"2026-06-16","0","33108945","33108945","7285","4543","7285","4543"
"2026-06-15","-0.55","47392410","47392410","7285","6490","7285","6490"
"2026-06-12","-0.2","143045460","143045460","7325","19592","7325","19592"
"2026-06-11","-0.14","77203315","77203315","7340","10552","7340","10552"
"2026-06-10","-0.68","72996050","72996050","7350","9896","7350","9896"
"2026-06-09","-0.67","74642180","74642180","7400","10052","7400","10052"
"2026-06-08","0.4","46125175","46125175","7450","6181","7450","6181"
"2026-06-05","-0.4","32593145","32593145","7420","4398","7420","4398"
"2026-06-04","-0.67","32255935","32255935","7450","4331","7450","4331"
"2026-06-03","2.88","50786230","50786230","7500","6838","7500","6838"
"2026-06-02","-3.64","149531365","149531365","7290","19999","7290","19999"
"2026-06-01","0.27","49026890","49026890","7565","6425","7565","6425"
"2026-05-29","-2.01","46061820","46061820","7545","6128","7545","6128"
"2026-05-28","-0.58","105069185","105069185","7700","13650","7700","13650"
"2026-05-26","-3.07","199453160","199453160","7745","25990","7745","25990"
"2026-05-22","-0.13","32478595","32478595","7990","4065","7990","4065"
"2026-05-21","-0.62","32086665","32086665","8000","3977","8000","3977"
"2026-05-20","1.9","24125590","24125590","8050","3024","8050","3024"
"2026-05-19","2.6","39259625","39259625","7900","5012","7900","5012"
"2026-05-18","1.38","130113125","130113125","7700","17111","7700","17111"
"2026-05-15","0.53","75524555","75524555","7595","10007","7595","10007"
"2026-05-13","0.73","87348770","87348770","7555","11661","7555","11661"
"2026-05-12","0.67","66160735","66160735","7500","8857","7500","8857"
"2026-05-11","0.81","69820775","69820775","7450","9390","7450","9390"
"2026-05-08","1.72","31748100","31748100","7390","4296","7390","4296"
"2026-05-07","0.55","30232060","30232060","7265","4142","7265","4142"
"2026-05-06","0","25379155","25379155","7225","3508","7225","3508"
"2026-05-05","1.76","86672890","86672890","7225","12057","7225","12057"
"2026-05-04","0.78","50844800","50844800","7100","7204","7100","7204"
"2026-04-30","0.64","47569610","47569610","7045","6792","7045","6792"
"2026-04-29","0.86","122658470","122658470","7000","17603","7000","17603"
"2026-04-28","-0.14","10243965","10243965","6940","1475","6940","1475"
"2026-04-27","0.72","29579420","29579420","6950","4311","6950","4311"
"2026-04-24","1.47","19671870","19671870","6900","2852","6900","2852"
"2026-04-23","0.97","22982955","22982955","6800","3346","6800","3346"
"2026-04-22","-0.81","62782325","62782325","6735","9256","6735","9256"
"2026-04-21","0.59","13639195","13639195","6790","2017","6790","2017"
"2026-04-20","-0.66","51162055","51162055","6750","7563","6750","7563"
"2026-04-17","0.67","38275360","38275360","6795","5682","6795","5682"
"2026-04-16","0","48873150","48873150","6750","7225","6750","7225"
"2026-04-15","0","64503495","64503495","6750","9884","6750","9884"
"2026-04-14","0.3","31986310","31986310","6750","4732","6750","4732"
"2026-04-13","0.6","12764540","12764540","6730","1902","6730","1902"
"2026-04-10","-0.15","21716790","21716790","6690","3243","6690","3243"
"2026-04-09","0.22","17833060","17833060","6700","2658","6700","2658"
"2026-04-08","-1.69","34494235","34494235","6685","5126","6685","5126"
"2026-04-07","0","41271320","41271320","6800","6053","6800","6053"
"2026-04-03","-0.73","12676185","12676185","6800","1853","6800","1853"
"2026-04-02","0.96","15623415","15623415","6850","2300","6850","2300"
"2026-04-01","2.8","21583415","21583415","6785","3205","6785","3205"
"2026-03-31","0.15","68626095","68626095","6600","10438","6600","10438"
"2026-03-30","0","75772300","75772300","6590","11551","6590","11551"
"2026-03-27","0.61","43630200","43630200","6590","6647","6590","6647"
"2026-03-26","2.34","93388255","93388255","6550","14395","6550","14395"
"2026-03-25","-4.76","396570245","396570245","6400","62000","6400","62000"
"2026-03-24","-2.47","52458880","52458880","6720","7712","6720","7712"
"2026-03-23","-0.14","44949030","44949030","6890","6519","6890","6519"
"2026-03-19","0","29648735","29648735","6900","4316","6900","4316"
"2026-03-18","1.17","124253105","124253105","6900","17974","6900","17974"
"2026-03-17","-1.02","35510445","35510445","6820","5203","6820","5203"
"2026-03-13","-1.57","19802850","19802850","6890","2844","6890","2844"
"2026-03-12","0.07","63703845","63703845","7000","9144","7000","9144"
"2026-03-11","-0.07","28883250","28883250","6995","4129","6995","4129"
"2026-03-10","2.94","68948450","68948450","7000","9954","7000","9954"
"2026-03-09","3.03","46193475","46193475","6800","6918","6800","6918"
"2026-03-06","-2.22","34072595","34072595","6600","5042","6600","5042"
"2026-03-05","-1.32","50554245","50554245","6750","7537","6750","7537"
"2026-03-04","-5","41764305","41764305","6840","6101","6840","6101"
"2026-03-03","2.86","27985585","27985585","7200","3919","7200","3919"
"2026-03-02","6.06","47785995","47785995","7000","6885","7000","6885"
"2026-02-27","0","19557035","19557035","6600","2975","6600","2975"
"2026-02-26","3.13","27867015","27867015","6600","4330","6600","4330"
"2026-02-25","1.59","15337125","15337125","6400","2411","6400","2411"
"2026-02-24","0","28291835","28291835","6300","4551","6300","4551"
"2026-02-23","3.28","59227755","59227755","6300","9509","6300","9509"
"2026-02-20","1.16","10465190","10465190","6100","1723","6100","1723"
"2026-02-19","0.08","19662865","19662865","6030","3254","6030","3254"
"2026-02-18","0.42","43883990","43883990","6025","7314","6025","7314"
"2026-02-17","0","7148925","7148925","6000","1192","6000","1192"
"2026-02-16","0.76","28225235","28225235","6000","4734","6000","4734"
"2026-02-13","1.1","71963950","71963950","5955","12241","5955","12241"
"2026-02-12","-0.17","20194870","20194870","5890","3430","5890","3430"
"2026-02-11","0.25","65352260","65352260","5900","11446","5900","11446"
"2026-02-10","-1.59","103362355","103362355","5885","17499","5885","17499"
"2026-02-09","-0.33","25745475","25745475","5980","4301","5980","4301"
"2026-02-06","2.92","33926750","33926750","6000","5735","6000","5735"
"2026-02-05","0.52","7158615","7158615","5830","1233","5830","1233"
"2026-02-04","1.05","14725965","14725965","5800","2543","5800","2543"
"2026-02-03","-1.03","18563265","18563265","5740","3208","5740","3208"
"2026-02-02","0.87","34939810","34939810","5800","6048","5800","6048"
"2026-01-30","0.7","12976440","12976440","5750","2260","5750","2260"
"2026-01-29","1.24","36326555","36326555","5710","6347","5710","6347"
"2026-01-28","0.71","44563250","44563250","5640","7890","5640","7890"
"2026-01-27","-0.62","16442090","16442090","5600","2925","5600","2925"
"2026-01-26","0","17173830","17173830","5635","3047","5635","3047"
"2026-01-23","-0.27","9231345","9231345","5635","1637","5635","1637"
"2026-01-22","0","9065010","9065010","5650","1606","5650","1606"
"2026-01-21","-0.53","49840795","49840795","5650","8828","5650","8828"
"2026-01-20","1.07","14786700","14786700","5680","2616","5680","2616"
"2026-01-19","3.12","10189375","10189375","5620","1846","5620","1846"
"2026-01-16","0.93","15740505","15740505","5450","2891","5450","2891"
"2026-01-15","0.37","18537385","18537385","5400","3465","5400","3465"
"2026-01-14","-0.37","15877905","15877905","5380","2957","5380","2957"
"2026-01-13","2.47","39213075","39213075","5400","7437","5400","7437"
"2026-01-12","0.57","18175485","18175485","5270","3454","5270","3454"
"2026-01-09","0","23160280","23160280","5240","4441","5240","4441"
"2026-01-08","0","6799995","6799995","5240","1298","5240","1298"
"2026-01-07","0.19","11695980","11695980","5240","2236","5240","2236"
"2026-01-06","0","11097875","11097875","5230","2121","5230","2121"
"2026-01-05","-0.1","6804580","6804580","5230","1301","5230","1301"
"2026-01-02","-0.1","10727415","10727415","5235","2052","5235","2052"
"2025-12-31","1.75","18161910","18161910","5240","3468","5240","3468"
"2025-12-30","-0.68","12993775","12993775","5150","2503","5150","2503"
"2025-12-29","-0.19","14883340","14883340","5185","2877","5185","2877"
"2025-12-26","-0.1","7535265","7535265","5195","1450","5195","1450"
"2025-12-24","-0.67","16229245","16229245","5200","3113","5200","3113"
"2025-12-23","-0.1","10075005","10075005","5235","1923","5235","1923"
"2025-12-22","-0.95","15325810","15325810","5240","2931","5240","2931"
"2025-12-19","-0.19","5920440","5920440","5290","1120","5290","1120"
"2025-12-18","0","40568610","40568610","5300","7810","5300","7810"
"2025-12-17","-1.76","20011475","20011475","5300","3774","5300","3774"
"2025-12-16","-1.01","25698910","25698910","5395","4777","5395","4777"
"2025-12-15","-0.46","32380790","32380790","5450","5948","5450","5948"
"2025-12-12","-0.18","14883535","14883535","5475","2732","5475","2732"
"2025-12-11","1.57","4725065","4725065","5485","863","5485","863"
"2025-12-10","-1.46","21898915","21898915","5400","4015","5400","4015"
"2025-12-09","0","22418540","22418540","5480","4142","5480","4142"
"2025-12-08","1.76","10492850","10492850","5480","1921","5480","1921"
"2025-12-05","-1.91","10347515","10347515","5385","1899","5385","1899"
"2025-12-04","-0.09","9548875","9548875","5490","1741","5490","1741"
"2025-12-03","-0.99","10282405","10282405","5495","1868","5495","1868"
"2025-12-02","0.82","28530805","28530805","5550","5258","5550","5258"
"2025-12-01","-0.81","21021750","21021750","5505","3811","5505","3811"
"2025-11-28","1.19","8009025","8009025","5550","1454","5550","1454"
"2025-11-27","-0.27","14753660","14753660","5485","2686","5485","2686"
"2025-11-26","0","11404455","11404455","5500","2096","5500","2096"
"2025-11-25","3.58","50245500","50245500","5500","9403","5500","9403"
"2025-11-24","-3.45","24865005","24865005","5310","4597","5310","4597"
"2025-11-21","-0.09","14909560","14909560","5500","2763","5500","2763"
"2025-11-20","-1.7","32929325","32929325","5505","5884","5505","5884"
"2025-11-19","2.38","19652915","19652915","5600","3486","5600","3486"
"2025-11-18","3.89","32979530","32979530","5470","6210","5470","6210"
"2025-11-17","-0.47","9094075","9094075","5265","1726","5265","1726"
"2025-11-14","-0.09","5328325","5328325","5290","1007","5290","1007"
"2025-11-13","-0.09","25429500","25429500","5295","4851","5295","4851"
"2025-11-12","0","11988375","11988375","5300","2262","5300","2262"
"2025-11-11","0.09","17103700","17103700","5300","3236","5300","3236"
"2025-11-10","-0.09","39472380","39472380","5295","7449","5295","7449"
"2025-11-07","0.95","15331570","15331570","5300","2897","5300","2897"
"2025-11-06","0.96","18801595","18801595","5250","3596","5250","3596"
"2025-11-05","-0.19","35725040","35725040","5200","6831","5200","6831"
"2025-11-04","-1.7","23497915","23497915","5210","4588","5210","4588"
"2025-11-03","-3.72","23172840","23172840","5300","4362","5300","4362"
"2025-10-31","-0.45","12327680","12327680","5505","2231","5505","2231"
"2025-10-30","-1.25","29520005","29520005","5530","5272","5530","5272"
"2025-10-29","3.9","74161330","74161330","5600","13438","5600","13438"
"2025-10-28","-0.19","17693780","17693780","5390","3280","5390","3280"
"2025-10-27","0.65","22808255","22808255","5400","4231","5400","4231"
"2025-10-24","-2.1","36542650","36542650","5365","6761","5365","6761"
"2025-10-23","-2.14","63653015","63653015","5480","11540","5480","11540"
"2025-10-22","1.82","14293955","14293955","5600","2549","5600","2549"
"2025-10-21","-2.57","49910450","49910450","5500","9023","5500","9023"
"2025-10-20","-0.09","76710845","76710845","5645","13631","5645","13631"
"2025-10-17","0","26178550","26178550","5650","4660","5650","4660"
"2025-10-16","-3.09","28746980","28746980","5650","5091","5650","5091"
"2025-10-15","-0.34","86021095","86021095","5830","15266","5830","15266"
"2025-10-14","-0.68","53264575","53264575","5850","9257","5850","9257"
"2025-10-13","1.64","35248690","35248690","5890","6077","5890","6077"
"2025-10-10","-0.09","26755090","26755090","5795","4638","5795","4638"
"2025-10-09","4.6","34204700","34204700","5800","6126","5800","6126"
"2025-10-08","0.82","44831870","44831870","5545","8202","5545","8202"
"2025-10-07","0","19391310","19391310","5500","3554","5500","3554"
"2025-10-06","-1.26","55100505","55100505","5500","10040","5500","10040"
"2025-10-03","1.27","21393315","21393315","5570","3853","5570","3853"
"2025-10-02","-1.7","22261050","22261050","5500","4022","5500","4022"
"2025-10-01","-0.09","8846470","8846470","5595","1580","5595","1580"
"2025-09-30","1.82","20562960","20562960","5600","3680","5600","3680"
"2025-09-29","0.92","48429495","48429495","5500","8796","5500","8796"
"2025-09-26","2.25","33444430","33444430","5450","6203","5450","6203"
"2025-09-25","0.57","30107990","30107990","5330","5653","5330","5653"
"2025-09-24","-0.93","64962895","64962895","5300","12167","5300","12167"
"2025-09-23","2.88","46896680","46896680","5350","8859","5350","8859"
"2025-09-22","-3.7","37185200","37185200","5200","7079","5200","7079"
"2025-09-19","1.98","27678500","27678500","5400","5160","5400","5160"
"2025-09-18","-1.03","14596030","14596030","5295","2749","5295","2749"
"2025-09-17","1.9","41276105","41276105","5350","7813","5350","7813"
"2025-09-16","0","12673640","12673640","5250","2410","5250","2410"
"2025-09-15","0.96","25729465","25729465","5250","4952","5250","4952"
"2025-09-12","1.96","11181665","11181665","5200","2164","5200","2164"
"2025-09-11","0.1","25699745","25699745","5100","4995","5100","4995"
"2025-09-10","0","36827410","36827410","5095","7176","5095","7176"
"2025-09-09","3.98","23163710","23163710","5095","4658","5095","4658"
"2025-09-08","1.14","12834640","12834640","4900","2628","4900","2628"
"2025-09-05","2.65","15492630","15492630","4845","3239","4845","3239"
"2025-09-03","-0.11","37867245","37867245","4720","8020","4720","8020"
"2025-09-02","0.21","15751345","15751345","4725","3338","4725","3338"
"2025-09-01","0.11","50305685","50305685","4715","10697","4715","10697"
"2025-08-29","0","29264680","29264680","4710","6217","4710","6217"
"2025-08-28","-0.21","13497420","13497420","4710","2864","4710","2864"
"2025-08-27","0.11","9742525","9742525","4720","2065","4720","2065"
"2025-08-26","0.32","19381810","19381810","4715","4121","4715","4121"
"2025-08-25","-0.11","43270725","43270725","4700","9189","4700","9189"
"2025-08-22","0.21","22671690","22671690","4705","4817","4705","4817"
"2025-08-21","-0.42","34950755","34950755","4695","7417","4695","7417"
"2025-08-20","0.32","19613400","19613400","4715","4169","4715","4169"
"2025-08-19","1.08","46049910","46049910","4700","9867","4700","9867"
"2025-08-18","0","41251200","41251200","4650","8884","4650","8884"
"2025-08-14","0","13789090","13789090","4650","2971","4650","2971"
"2025-08-13","0","13283450","13283450","4650","2857","4650","2857"
"2025-08-12","0","43370490","43370490","4650","9323","4650","9323"
"2025-08-11","2.2","42120820","42120820","4650","9226","4650","9226"
"2025-08-08","1.11","20755155","20755155","4550","4560","4550","4560"
"2025-08-06","0","3397925","3397925","4500","756","4500","756"
"2025-08-05","2.27","68767965","68767965","4500","15421","4500","15421"
"2025-08-04","-1.01","10476740","10476740","4400","2376","4400","2376"
"2025-08-01","1.02","43038895","43038895","4445","9752","4445","9752"
"2025-07-31","0","13369940","13369940","4400","3046","4400","3046"
"2025-07-30","-2.22","10946015","10946015","4400","2451","4400","2451"
"2025-07-29","4.65","51171970","51171970","4500","11780","4500","11780"
"2025-07-28","0.23","66593200","66593200","4300","15504","4300","15504"
"2025-07-25","-1.38","34692345","34692345","4290","8110","4290","8110"
"2025-07-24","-1.14","26739995","26739995","4350","6190","4350","6190"
"2025-07-23","0","30525155","30525155","4400","6999","4400","6999"
"2025-07-22","-1.46","45408420","45408420","4400","10236","4400","10236"
"2025-07-21","-0.11","29554795","29554795","4465","6639","4465","6639"
"2025-07-18","0.68","31975475","31975475","4470","7218","4470","7218"
"2025-07-17","2.3","14525375","14525375","4440","3306","4440","3306"
"2025-07-16","1.17","21688615","21688615","4340","5106","4340","5106"
"2025-07-15","0.94","16584755","16584755","4290","3915","4290","3915"
"2025-07-14","5.99","22388305","22388305","4250","5345","4250","5345"
"2025-07-11","-3.37","102644700","102644700","4010","25218","4010","25218"
"2025-07-10","0.12","22990820","22990820","4150","5532","4150","5532"
"2025-07-09","-1.31","47491740","47491740","4145","11374","4145","11374"
"2025-07-08","0","46337960","46337960","4200","11133","4200","11133"
"2025-07-07","0","57609790","57609790","4200","13809","4200","13809"
"2025-07-04","0","50950315","50950315","4200","12200","4200","12200"
"2025-07-03","-1.18","53005035","53005035","4200","12686","4200","12686"
"2025-07-02","-0.7","29784530","29784530","4250","6970","4250","6970"
"2025-07-01","3.38","59345480","59345480","4280","14247","4280","14247"
"2025-06-30","0.98","46105710","46105710","4140","11206","4140","11206"
"2025-06-27","0","46868110","46868110","4100","11454","4100","11454"
"2025-06-26","-0.97","69391220","69391220","4100","17020","4100","17020"
"2025-06-25","0.98","81752715","81752715","4140","20064","4140","20064"
"2025-06-24","-0.97","238672135","238672135","4100","57980","4100","57980"
"2025-06-23","-0.24","43429395","43429395","4140","10578","4140","10578"
"2025-06-20","0","24476780","24476780","4150","5957","4150","5957"
"2025-06-19","-0.12","31847730","31847730","4150","7671","4150","7671"
"2025-06-18","0.24","69990915","69990915","4155","16938","4155","16938"
"2025-06-17","-0.12","12430855","12430855","4145","2998","4145","2998"
"2025-06-16","1.22","15382360","15382360","4150","3714","4150","3714"
"2025-06-13","0","29709870","29709870","4100","7204","4100","7204"
"2025-06-12","-1.09","47626340","47626340","4100","11494","4100","11494"
"2025-06-11","-1.19","53480725","53480725","4145","12803","4145","12803"
"2025-06-10","3.71","35999350","35999350","4195","8672","4195","8672"
"2025-06-05","-0.12","5961250","5961250","4045","1474","4045","1474"
"2025-06-04","0.75","12352170","12352170","4050","3084","4050","3084"
"2025-06-03","0.75","14410250","14410250","4020","3584","4020","3584"
"2025-06-02","1.01","11951725","11951725","3990","3009","3990","3009"
"2025-05-30","-3.42","19857125","19857125","3950","4917","3950","4917"
"2025-05-28","-2.62","46976060","46976060","4090","11971","4090","11971"
"2025-05-27","0","45069465","45069465","4200","10702","4200","10702"
"2025-05-26","-1.18","18611145","18611145","4200","4412","4200","4412"
"2025-05-23","1.19","28625960","28625960","4250","6813","4250","6813"
"2025-05-22","0","60827220","60827220","4200","14484","4200","14484"
"2025-05-21","0","17613255","17613255","4200","4195","4200","4195"
"2025-05-20","0","69102235","69102235","4200","16577","4200","16577"
"2025-05-19","-1.06","104219795","104219795","4200","24704","4200","24704"
"2025-05-16","1.07","22097215","22097215","4245","5248","4245","5248"
"2025-05-15","0","69395560","69395560","4200","16524","4200","16524"
"2025-05-14","0","12592300","12592300","4200","2999","4200","2999"
"2025-05-13","-0.24","44275275","44275275","4200","10508","4200","10508"
"2025-05-12","0.24","29386845","29386845","4210","6991","4210","6991"
"2025-05-09","0.12","53768510","53768510","4200","12764","4200","12764"
"2025-05-08","-0.12","39255215","39255215","4195","9400","4195","9400"
"2025-05-07","0.72","9372515","9372515","4200","2237","4200","2237"
"2025-05-06","-0.71","13642070","13642070","4170","3257","4170","3257"
"2025-05-05","0","25080775","25080775","4200","6052","4200","6052"
"2025-05-02","1.2","89356075","89356075","4200","21513","4200","21513"
"2025-04-30","0","6424300","6424300","4150","1543","4150","1543"
"2025-04-29","-1.19","21508340","21508340","4150","5147","4150","5147"
"2025-04-28","-1.41","92660635","92660635","4200","21956","4200","21956"
"2025-04-25","0.24","12071955","12071955","4260","2840","4260","2840"
"2025-04-24","-1.16","13919365","13919365","4250","3271","4250","3271"
"2025-04-23","0.82","57475805","57475805","4300","13482","4300","13482"
"2025-04-22","1.31","632489410","632489410","4265","157976","4265","157976"
"2025-04-18","-1.29","22215470","22215470","4210","5225","4210","5225"
"2025-04-17","0.24","12381995","12381995","4265","2911","4265","2911"
"2025-04-16","1.31","14656230","14656230","4255","3474","4255","3474"
"2025-04-15","2.44","48901415","48901415","4200","12012","4200","12012"
"2025-04-14","0","21099220","21099220","4100","5109","4100","5109"
"2025-04-11","-3.98","29964750","29964750","4100","7275","4100","7275"
"2025-04-10","-0.23","23188545","23188545","4270","5431","4270","5431"
"2025-04-09","0","12796295","12796295","4280","2989","4280","2989"
"2025-04-08","0.82","20199720","20199720","4280","4725","4280","4725"
"2025-04-07","3.41","31705295","31705295","4245","7605","4245","7605"
"2025-04-04","3.92","38818210","38818210","4105","9618","4105","9618"
"2025-04-03","0.51","4206720","4206720","3950","1069","3950","1069"
"2025-04-02","-0.13","14402970","14402970","3930","3661","3930","3661"
"2025-04-01","-0.38","14051200","14051200","3935","3599","3935","3599"
"2025-03-28","-1.13","15975795","15975795","3950","4040","3950","4040"
"2025-03-26","1.14","13273175","13273175","3995","3334","3995","3334"
"2025-03-25","-1.86","12628440","12628440","3950","3185","3950","3185"
"2025-03-24","0.75","30940625","30940625","4025","7818","4025","7818"
"2025-03-21","7.39","38469075","38469075","3995","9922","3995","9922"
"2025-03-20","7.36","50166115","50166115","3720","13617","3720","13617"
"2025-03-19","0","26570245","26570245","3465","7721","3465","7721"
"2025-03-18","1.91","8914995","8914995","3465","2613","3465","2613"
"2025-03-17","-0.15","4698505","4698505","3400","1380","3400","1380"
"2025-03-14","0","4930050","4930050","3405","1431","3405","1431"
"2025-03-13","3.18","52200430","52200430","3405","15678","3405","15678"
"2025-03-12","0","4722895","4722895","3300","1435","3300","1435"
"2025-03-11","-1.49","21057680","21057680","3300","6449","3300","6449"
"2025-03-10","-1.47","6690825","6690825","3350","1967","3350","1967"
"2025-03-07","3.34","13324605","13324605","3400","4003","3400","4003"
"2025-03-06","0.92","4327110","4327110","3290","1310","3290","1310"
"2025-03-05","7.06","4489630","4489630","3260","1431","3260","1431"
"2025-03-04","3.92","28945015","28945015","3045","9918","3045","9918"
"2025-03-03","-0.51","9743175","9743175","2930","3415","2930","3415"
"2025-02-28","0.86","4538015","4538015","2945","1545","2945","1545"
"2025-02-27","1.21","7413235","7413235","2920","2544","2920","2544"
"2025-02-26","2.85","5109620","5109620","2885","1788","2885","1788"
"2025-02-25","0.9","5632800","5632800","2805","2024","2805","2024"
"2025-02-24","0","4064035","4064035","2780","1462","2780","1462"
"2025-02-21","0","12212790","12212790","2780","4327","2780","4327"
"2025-02-20","2.77","4568570","4568570","2780","1688","2780","1688"
"2025-02-19","-1.64","1613175","1613175","2705","590","2705","590"
"2025-02-18","-1.79","10413470","10413470","2750","3776","2750","3776"
"2025-02-17","0","601510","601510","2800","215","2800","215"
"2025-02-14","0","21780930","21780930","2800","8242","2800","8242"
"2025-02-13","3.7","10668900","10668900","2800","4047","2800","4047"
"2025-02-12","5.88","14076345","14076345","2700","5369","2700","5369"
"2025-02-11","-5.56","33913840","33913840","2550","12897","2550","12897"
"2025-02-10","0","21548165","21548165","2700","7983","2700","7983"
"2025-02-07","0","8679190","8679190","2700","3216","2700","3216"
"2025-02-06","0","24734700","24734700","2700","9161","2700","9161"
"2025-02-05","0","1927640","1927640","2700","714","2700","714"
"2025-02-04","-1.46","3257195","3257195","2700","1193","2700","1193"
"2025-02-03","0.55","1866655","1866655","2740","688","2740","688"
"2025-01-31","-0.18","747405","747405","2725","276","2725","276"
"2025-01-30","-0.36","8594570","8594570","2730","3192","2730","3192"
"2025-01-29","-0.36","6237410","6237410","2740","2300","2740","2300"
"2025-01-28","-1.79","5766875","5766875","2750","2115","2750","2115"
"2025-01-27","-1.75","605260","605260","2800","215","2800","215"
"2025-01-24","6.54","995775","995775","2850","355","2850","355"
"2025-01-23","-7.44","11328025","11328025","2675","4221","2675","4221"
"2025-01-22","-0.34","6564780","6564780","2890","2411","2890","2411"
"2025-01-21","0","14239250","14239250","2900","5276","2900","5276"
"2025-01-20","-3.33","6768190","6768190","2900","2350","2900","2350"
"2025-01-17","3.45","15392260","15392260","3000","5656","3000","5656"
"2025-01-16","0","5532460","5532460","2900","1960","2900","1960"
"2025-01-15","0","4994175","4994175","2900","1722","2900","1722"
"2025-01-14","-0.85","3894495","3894495","2900","1323","2900","1323"
"2025-01-13","-0.51","1071110","1071110","2925","368","2925","368"
"2025-01-10","1.2","3127715","3127715","2940","1064","2940","1064"
"2025-01-09","-1.19","3543670","3543670","2905","1225","2905","1225"
"2025-01-08","-0.34","3752945","3752945","2940","1279","2940","1279"
"2025-01-07","-4.84","24510360","24510360","2950","8193","2950","8193"
"2025-01-06","-1.59","1332560","1332560","3100","428","3100","428"
"2025-01-03","0","200525","200525","3150","64","3150","64"
"2025-01-02","0","199900","199900","3150","64","3150","64"
"2024-12-31","0","2784625","2784625","3150","886","3150","886"
"2024-12-30","-0.63","3185050","3185050","3150","1009","3150","1009"
"2024-12-27","-0.94","4699105","4699105","3170","1482","3170","1482"
"2024-12-26","-3.03","3482635","3482635","3200","1088","3200","1088"
"2024-12-24","0.3","8367350","8367350","3300","2550","3300","2550"
"2024-12-23","3.13","53245425","53245425","3290","16211","3290","16211"
"2024-12-20","-0.47","26731270","26731270","3190","8318","3190","8318"
"2024-12-19","-2.88","20835960","20835960","3205","6507","3205","6507"
"2024-12-18","0","3132680","3132680","3300","1001","3300","1001"
"2024-12-17","0","3548405","3548405","3300","1082","3300","1082"
"2024-12-16","-2.8","56728005","56728005","3300","17213","3300","17213"
"2024-12-13","6.09","8421870","8421870","3395","2580","3395","2580"
"2024-12-12","0","3475095","3475095","3200","1103","3200","1103"
"2024-12-11","0","3121985","3121985","3200","976","3200","976"
"2024-12-10","0.63","10717850","10717850","3200","3366","3200","3366"
"2024-12-09","-6.47","16970115","16970115","3180","5344","3180","5344"
"2024-12-06","6.58","8004325","8004325","3400","2516","3400","2516"
"2024-12-05","-0.47","2239230","2239230","3190","707","3190","707"
"2024-12-04","0.16","1222610","1222610","3205","382","3205","382"
"2024-12-03","0","1074120","1074120","3200","347","3200","347"
"2024-12-02","-7.11","2190180","2190180","3200","684","3200","684"
"2024-11-29","6","7982970","7982970","3445","2512","3445","2512"
"2024-11-28","6.56","6411115","6411115","3250","2076","3250","2076"
"2024-11-27","-1.45","2897600","2897600","3050","949","3050","949"
"2024-11-26","-3.28","13923050","13923050","3095","4676","3095","4676"
"2024-11-25","-5.74","11709650","11709650","3200","3642","3200","3642"
"2024-11-22","-3","8004170","8004170","3395","2375","3395","2375"
"2024-11-21","-2.78","2213795","2213795","3500","628","3500","628"
"2024-11-20","-2.7","24571945","24571945","3600","7165","3600","7165"
"2024-11-19","-2.5","1196845","1196845","3700","325","3700","325"
"2024-11-18","-2.69","6334175","6334175","3795","1670","3795","1670"
"2024-11-14","0","4790965","4790965","3900","1244","3900","1244"
"2024-11-13","0","1659100","1659100","3900","432","3900","432"
"2024-11-12","2.63","2890500","2890500","3900","755","3900","755"
"2024-11-11","-2.56","9338000","9338000","3800","2424","3800","2424"
"2024-11-08","0","2930210","2930210","3900","762","3900","762"
"2024-11-07","0.65","5104140","5104140","3900","1322","3900","1322"
"2024-11-06","-0.39","430850","430850","3875","111","3875","111"
"2024-11-05","-0.26","2046810","2046810","3890","526","3890","526"
"2024-11-04","0","8056320","8056320","3900","2068","3900","2068"
"2024-10-31","0","532800","532800","3900","138","3900","138"
"2024-10-30","0","7308600","7308600","3900","1874","3900","1874"
"2024-10-29","0","10164380","10164380","3900","2607","3900","2607"
"2024-10-28","-1.27","4669250","4669250","3900","1197","3900","1197"
"2024-10-25","0","4619395","4619395","3950","1184","3950","1184"
"2024-10-24","2.6","4300150","4300150","3950","1096","3950","1096"
"2024-10-23","0","13717260","13717260","3850","3546","3850","3546"
"2024-10-22","0.13","3256470","3256470","3850","847","3850","847"
"2024-10-21","-1.28","5606825","5606825","3845","1474","3845","1474"
"2024-10-18","-0.13","2228800","2228800","3895","572","3895","572"
"2024-10-17","-1.89","8290625","8290625","3900","2125","3900","2125"
"2024-10-16","-0.63","3763850","3763850","3975","953","3975","953"
"2024-10-15","0.63","3441695","3441695","4000","873","4000","873"
"2024-10-14","0","6582475","6582475","3975","1666","3975","1666"
"2024-10-11","-0.63","10213000","10213000","3975","2618","3975","2618"
"2024-10-10","2.56","9816000","9816000","4000","2484","4000","2484"
"2024-10-09","-4.88","5102335","5102335","3900","1254","3900","1254"
"2024-10-08","-0.61","2534260","2534260","4100","616","4100","616"
"2024-10-07","-0.36","1399350","1399350","4125","348","4125","348"
"2024-10-04","6.15","1580815","1580815","4140","413","4140","413"
"2024-10-03","2.63","3449245","3449245","3900","910","3900","910"
"2024-10-02","0","2820340","2820340","3800","772","3800","772"
"2024-10-01","1.33","2147500","2147500","3800","575","3800","575"
"2024-09-30","0","2909165","2909165","3750","776","3750","776"
"2024-09-27","2.74","7716850","7716850","3750","2199","3750","2199"
"2024-09-26","-2.67","815460","815460","3650","224","3650","224"
"2024-09-25","0","1582800","1582800","3750","426","3750","426"
"2024-09-24","0","2721800","2721800","3750","729","3750","729"
"2024-09-23","0","3765520","3765520","3750","1015","3750","1015"
"2024-09-20","-1.06","1966430","1966430","3750","521","3750","521"
"2024-09-19","-0.13","1722025","1722025","3790","454","3790","454"
"2024-09-18","-2.69","3637155","3637155","3795","952","3795","952"
"2024-09-17","0","2247165","2247165","3900","577","3900","577"
"2024-09-16","0","3942500","3942500","3900","1011","3900","1011"
"2024-09-13","0.91","20175745","20175745","3900","5314","3900","5314"
"2024-09-12","4.32","2419805","2419805","3865","625","3865","625"
"2024-09-11","-2.5","111007210","111007210","3705","29950","3705","29950"
"2024-09-10","-2.44","8233070","8233070","3800","2159","3800","2159"
"2024-09-09","-2.63","18569090","18569090","3895","4737","3895","4737"
"2024-09-06","0.76","16474165","16474165","4000","3981","4000","3981"
"2024-09-05","1.79","22484905","22484905","3970","5408","3970","5408"
"2024-09-04","0.26","17805405","17805405","3900","4431","3900","4431"
"2024-09-03","7.46","1987790","1987790","3890","511","3890","511"
"2024-09-02","7.42","1177220","1177220","3620","326","3620","326"
"2024-08-30","7.5","724550","724550","3370","215","3370","215"
"2024-08-29","0.26","3135","3135","3135","1","3135","1"
"2024-08-28","1.96","3585370","3585370","3127","1151","4690","767"
"2024-08-27","-4.16","12276215","12276215","3067","3851","4600","2567"
"2024-08-26","-1.93","4041890","4041890","3200","1259","4800","839"
"2024-08-23","-0.12","4252925","4252925","3263","1301","4895","867"
"2024-08-22","0","5506245","5506245","3267","1686","4900","1124"
"2024-08-21","-0.49","15643295","15643295","3267","4898","4900","3265"
"2024-08-20","-5.58","10250370","10250370","3283","3018","4925","2012"
"2024-08-19","-5","2917950","2917950","3477","833","5215","555"
"2024-08-16","1.19","36661980","36661980","3660","10208","5490","6805"
"2024-08-14","7.43","17618035","17618035","3617","5151","5425","3434"
"2024-08-13","3.06","22086550","22086550","3367","6609","5050","4406"
"2024-08-12","0","10062070","10062070","3267","3075","4900","2050"
"2024-08-09","2.09","3184755","3184755","3267","974","4900","649"
"2024-08-08","0.85","20979310","20979310","3200","6575","4800","4383"
"2024-08-06","0.19","2584200","2584200","3173","816","4760","544"
"2024-08-05","-1.86","4253010","4253010","3167","1329","4750","886"
"2024-08-02","0","12922025","12922025","3227","4067","4840","2711"
"2024-08-01","-0.19","12114365","12114365","3227","3774","4840","2516"
"2024-07-31","3.19","54838310","54838310","3233","17273","4850","11515"
"2024-07-30","6.93","14694630","14694630","3133","4754","4700","3169"
"2024-07-29","6.93","14382660","14382660","2930","4920","4395","3280"
"2024-07-26","0.26","25142440","25142440","2740","9167","4110","6111"
"2024-07-25","0","3291550","3291550","2733","1205","4100","803"
"2024-07-24","-0.36","4877170","4877170","2733","1824","4100","1216"
"2024-07-23","2.08","33549560","33549560","2743","12534","4115","8356"
"2024-07-22","0.52","1995475","1995475","2687","744","4030","496"
"2024-07-19","-2.2","6660205","6660205","2673","2487","4010","1658"
"2024-07-18","2.36","594000","594000","2733","216","4100","144"
"2024-07-17","0","4554115","4554115","2670","1695","4005","1130"
"2024-07-16","0","540760","540760","2670","203","4005","135"
"2024-07-15","0","9422660","9422660","2670","3531","4005","2354"
"2024-07-12","0.11","4917565","4917565","2670","1844","4005","1229"
"2024-07-11","0.15","2765230","2765230","2667","1037","4000","691"
"2024-07-10","3.74","9650795","9650795","2663","3714","3995","2476"
"2024-07-09","0","6202965","6202965","2567","2427","3850","1618"
"2024-07-08","0","28719770","28719770","2567","11114","3850","7409"
"2024-07-05","0","1677400","1677400","2567","654","3850","436"
"2024-07-04","0","5717250","5717250","2567","2228","3850","1485"
"2024-07-03","0","2031630","2031630","2567","792","3850","528"
"2024-07-02","-1","6612600","6612600","2567","2571","3850","1714"
"2024-07-01","0.39","1673185","1673185","2593","641","3890","427"
"2024-06-28","0.62","3600575","3600575","2583","1376","3875","917"
"2024-06-27","0.79","1157135","1157135","2567","444","3850","296"
"2024-06-26","0.28","5874450","5874450","2547","2310","3820","1540"
"2024-06-25","-7.06","3668510","3668510","2540","1376","3810","917"
"2024-06-24","-2.39","1191295","1191295","2733","425","4100","283"
"2024-06-21","-1.75","2408460","2408460","2800","860","4200","573"
"2024-06-20","6.62","11896525","11896525","2850","4521","4275","3014"
"2024-06-19","-4.54","8501300","8501300","2673","3213","4010","2142"
"2024-06-18","3.7","25033945","25033945","2800","9447","4200","6298"
"2024-06-14","1.77","275300","275300","2700","102","4050","68"
"2024-06-13","-0.52","26244150","26244150","2653","9933","3980","6622"
"2024-06-12","0","884000","884000","2667","332","4000","221"
"2024-06-11","0.53","4874620","4874620","2667","1832","4000","1221"
"2024-06-10","0","20462500","20462500","2653","7764","3980","5176"
"2024-06-07","0","2016875","2016875","2653","758","3980","505"
"2024-06-06","0.49","3537660","3537660","2653","1328","3980","885"
"2024-06-05","0.11","4574690","4574690","2640","1724","3960","1149"
"2024-06-04","-0.86","6828490","6828490","2637","2583","3955","1722"
"2024-06-03","2.31","5772820","5772820","2660","2187","3990","1458"
"2024-05-31","-1.25","5471890","5471890","2600","2082","3900","1388"
"2024-05-30","0.61","25302105","25302105","2633","9603","3950","6402"
"2024-05-29","1.83","1994260","1994260","2617","764","3925","509"
"2024-05-28","-2.28","1487815","1487815","2570","563","3855","375"
"2024-05-27","0.5","2236460","2236460","2630","851","3945","567"
"2024-05-24","1.71","3632740","3632740","2617","1388","3925","925"
"2024-05-23","-1.04","996680","996680","2573","387","3860","258"
"2024-05-22","1.17","1867725","1867725","2600","722","3900","481"
"2024-05-21","0.12","1170105","1170105","2570","455","3855","303"
"2024-05-17","1.34","13338700","13338700","2567","5264","3850","3509"
"2024-05-16","-1.32","4744125","4744125","2533","1877","3800","1251"
"2024-05-15","0","1242690","1242690","2567","482","3850","321"
"2024-05-14","1.34","2030250","2030250","2567","797","3850","531"
"2024-05-13","-5.02","21634365","21634365","2533","8328","3800","5552"
"2024-05-10","2.58","1248700","1248700","2667","474","4000","316"
"2024-05-08","1.29","1607450","1607450","2600","624","3900","416"
"2024-05-07","2.68","5211400","5211400","2567","2045","3850","1363"
"2024-05-06","2.75","2924700","2924700","2500","1172","3750","781"
"2024-05-03","0","8514305","8514305","2433","3447","3650","2298"
"2024-05-02","1.38","5334760","5334760","2433","2207","3650","1471"
"2024-04-30","0.42","7808270","7808270","2400","3237","3600","2158"
"2024-04-29","-1.77","5083215","5083215","2390","2124","3585","1416"
"2024-04-26","2.53","55488910","55488910","2433","23022","3650","15348"
"2024-04-25","-1.13","13722535","13722535","2373","5766","3560","3844"
"2024-04-24","0","3057200","3057200","2400","1278","3600","852"
"2024-04-23","2.87","511200","511200","2400","213","3600","142"
"2024-04-22","-0.17","8668075","8668075","2333","3720","3500","2480"
"2024-04-19","-1.93","1244225","1244225","2337","528","3505","352"
"2024-04-18","2.14","2240805","2240805","2383","950","3575","633"
"2024-04-17","0","93292120","93292120","2333","40497","3500","26998"
"2024-04-16","0.13","5676030","5676030","2333","2447","3500","1631"
"2024-04-15","4.34","2124705","2124705","2330","935","3495","623"
"2024-04-12","0","4427345","4427345","2233","1968","3350","1312"
"2024-04-11","-0.89","5838790","5838790","2233","2609","3350","1739"
"2024-04-09","2.41","2608525","2608525","2253","1158","3380","772"
"2024-04-08","-2.22","4896250","4896250","2200","2211","3300","1474"
"2024-04-05","-0.44","2914780","2914780","2250","1290","3375","860"
"2024-04-04","-2.71","6708935","6708935","2260","2945","3390","1963"
"2024-04-03","0.26","1148720","1148720","2323","495","3485","330"
"2024-04-02","2.21","7828950","7828950","2317","3407","3475","2271"
"2024-03-29","0","540145","540145","2267","239","3400","159"
"2024-03-28","0.31","2293640","2293640","2267","1016","3400","677"
"2024-03-27","2.73","4970365","4970365","2260","2252","3390","1501"
"2024-03-26","1.52","5423120","5423120","2200","2468","3300","1645"
"2024-03-25","0","8995270","8995270","2167","4122","3250","2748"
"2024-03-22","5.35","461350","461350","2167","215","3250","143"
"2024-03-21","-6.37","14926805","14926805","2057","7118","3085","4745"
"2024-03-20","1.38","5258435","5258435","2197","2400","3295","1600"
"2024-03-19","1.59","4136500","4136500","2167","1941","3250","1294"
"2024-03-18","0.14","837270","837270","2133","393","3200","262"
"2024-03-15","1.28","6736500","6736500","2130","3162","3195","2108"
"2024-03-14","-0.94","2090625","2090625","2103","987","3155","658"
"2024-03-13","0.14","1359995","1359995","2123","641","3185","427"
"2024-03-12","-0.33","1423735","1423735","2120","671","3180","447"
"2024-03-11","-0.14","6770150","6770150","2127","2771","3190","1847"
"2024-03-08","3.9","72195195","72195195","2130","34905","3195","23270"
"2024-03-07","2.35","7642870","7642870","2050","3759","3075","2506"
"2024-03-06","0.15","24980525","24980525","2003","12474","3005","8316"
"2024-03-05","0","2541000","2541000","2000","1271","3000","847"
"2024-03-04","-1.48","10683930","10683930","2000","5343","3000","3562"
"2024-03-01","-0.83","18355875","18355875","2030","9177","3045","6118"
"2024-02-29","0","69376830","69376830","2047","34655","3070","23103"
"2024-02-28","2.35","2091015","2091015","2047","1038","3070","692"
"2024-02-27","0","6159750","6159750","2000","3080","3000","2053"
"2024-02-26","0","3205700","3205700","2000","1596","3000","1064"
"2024-02-23","-3.24","3716750","3716750","2000","1859","3000","1239"
"2024-02-22","0","1602700","1602700","2067","776","3100","517"
"2024-02-21","3.35","10418335","10418335","2067","5216","3100","3477"
"2024-02-20","-4.63","8531950","8531950","2000","4266","3000","2844"
"2024-02-19","-1.55","4087490","4087490","2097","2028","3145","1352"
"2024-02-16","-0.14","3674035","3674035","2130","1802","3195","1201"
"2024-02-15","-0.93","422025","422025","2133","198","3200","132"
"2024-02-14","5.9","8114610","8114610","2153","4011","3230","2674"
"2024-02-13","-7.3","7428645","7428645","2033","3599","3050","2399"
"2024-02-09","-0.32","1988890","1988890","2193","954","3290","636"
"2024-02-08","1.52","1406850","1406850","2200","650","3300","433"
"2024-02-07","-0.91","668460","668460","2167","318","3250","212"
"2024-02-06","-0.59","3410670","3410670","2187","1598","3280","1065"
"2024-02-05","1.52","6320250","6320250","2200","2955","3300","1970"
"2024-02-02","0","2536315","2536315","2167","1173","3250","782"
"2024-02-01","-4.41","2123360","2123360","2167","984","3250","656"
"2024-01-31","7.44","1033425","1033425","2267","503","3400","335"
"2024-01-30","0","799405","799405","2110","381","3165","254"
"2024-01-29","0","376305","376305","2110","179","3165","119"
"2024-01-26","0","1486775","1486775","2110","713","3165","475"
"2024-01-25","0.48","5530225","5530225","2110","2688","3165","1792"
"2024-01-24","0.33","2875200","2875200","2100","1376","3150","917"
"2024-01-23","-0.33","398690","398690","2093","191","3140","127"
"2024-01-22","0.33","1777385","1777385","2100","848","3150","565"
"2024-01-19","-0.33","3624480","3624480","2093","1749","3140","1166"
"2024-01-18","0","285300","285300","2100","143","3150","95"
"2024-01-17","0.33","6494085","6494085","2100","3227","3150","2151"
"2024-01-16","-0.19","3653115","3653115","2093","1824","3140","1216"
"2024-01-15","-0.62","4716530","4716530","2097","2339","3145","1559"
"2024-01-12","0","2939570","2939570","2110","1404","3165","936"
"2024-01-11","-0.14","2944760","2944760","2110","1434","3165","956"
"2024-01-10","0","13656160","13656160","2113","6819","3170","4546"
"2024-01-09","3.94","399590","399590","2113","191","3170","127"
"2024-01-08","-3.97","2213600","2213600","2033","1083","3050","722"
"2024-01-05","-0.14","10990570","10990570","2117","5436","3175","3624"
"2024-01-04","-0.47","2875020","2875020","2120","1374","3180","916"
"2024-01-03","0.47","557650","557650","2130","263","3195","175"
"2024-01-02","-0.61","562180","562180","2120","264","3180","176"
"2023-12-29","0","2861100","2861100","2133","1376","3200","917"
"2023-12-28","0","1377820","1377820","2133","648","3200","432"
"2023-12-27","0.14","3023900","3023900","2133","1418","3200","945"
"2023-12-26","-0.14","3792340","3792340","2130","1781","3195","1187"
"2023-12-22","-3.05","2912800","2912800","2133","1394","3200","929"
"2023-12-21","3.29","141449085","141449085","2200","68439","3300","45626"
"2023-12-20","0","1459435","1459435","2130","717","3195","478"
"2023-12-19","-0.14","2250640","2250640","2130","1085","3195","723"
"2023-12-18","0","49244490","49244490","2133","23097","3200","15398"
"2023-12-15","-0.65","13214440","13214440","2133","6398","3200","4265"
"2023-12-14","-0.14","434725","434725","2147","203","3220","135"
"2023-12-13","0","1053550","1053550","2150","491","3225","327"
"2023-12-12","-6.4","1910400","1910400","2150","876","3225","584"
"2023-12-11","4.41","979370","979370","2297","434","3445","289"
"2023-12-08","3.14","2377400","2377400","2200","1085","3300","723"
"2023-12-07","0.14","3642660","3642660","2133","1710","3200","1140"
"2023-12-06","2.26","1692355","1692355","2130","800","3195","533"
"2023-12-05","4.15","9876450","9876450","2083","4922","3125","3281"
"2023-12-04","0","4838100","4838100","2000","2420","3000","1613"
"2023-12-01","-3.24","5734700","5734700","2000","2831","3000","1887"
"2023-11-30","0","2689770","2689770","2067","1302","3100","868"
"2023-11-29","1.67","1558600","1558600","2067","767","3100","511"
"2023-11-28","0","2201375","2201375","2033","1083","3050","722"
"2023-11-27","-4.55","1511300","1511300","2033","740","3050","493"
"2023-11-24","2.26","920670","920670","2130","435","3195","290"
"2023-11-23","0","771750","771750","2083","372","3125","248"
"2023-11-22","-0.81","3634180","3634180","2083","1805","3125","1203"
"2023-11-21","-1.27","8430315","8430315","2100","4196","3150","2797"
"2023-11-20","0","2640760","2640760","2127","1242","3190","828"
"2023-11-17","-0.14","3352240","3352240","2127","1589","3190","1059"
"2023-11-16","-7.39","20436110","20436110","2130","9551","3195","6367"
"2023-11-14","-4.17","3761295","3761295","2300","1668","3450","1112"
"2023-11-13","-1.36","1273410","1273410","2400","531","3600","354"
"2023-11-10","4.56","4565440","4565440","2433","1977","3650","1318"
"2023-11-09","0","36065690","36065690","2327","16574","3490","11049"
"2023-11-08","-0.26","2983140","2983140","2327","1368","3490","912"
"2023-11-07","1.74","7777670","7777670","2333","3528","3500","2352"
"2023-11-06","0","2388920","2388920","2293","1058","3440","705"
"2023-11-03","7.5","11050570","11050570","2293","5109","3440","3406"
"2023-11-02","1.57","698500","698500","2133","330","3200","220"
"2023-10-31","0","1404900","1404900","2100","669","3150","446"
"2023-10-30","0","1779440","1779440","2100","855","3150","570"
"2023-10-27","0","815655","815655","2100","386","3150","257"
"2023-10-26","1.6","1999425","1999425","2100","969","3150","646"
"2023-10-25","-1.43","380340","380340","2067","183","3100","122"
"2023-10-24","1.65","4174315","4174315","2097","2018","3145","1345"
"2023-10-23","-0.67","10216655","10216655","2063","5225","3095","3483"
"2023-10-20","-5.46","1868550","1868550","2077","900","3115","600"
"2023-10-19","3","1912340","1912340","2197","912","3295","608"
"2023-10-18","-2.91","2561840","2561840","2133","1202","3200","801"
"2023-10-17","0","460915","460915","2197","212","3295","141"
"2023-10-16","5.78","40062935","40062935","2197","18276","3295","12184"
"2023-10-13","7.45","622655","622655","2077","305","3115","203"
"2023-10-12","-6.48","11012950","11012950","1933","5691","2900","3794"
"2023-10-11","-4.88","19063690","19063690","2067","9080","3100","6053"
"2023-10-10","-6.86","9267700","9267700","2173","4251","3260","2834"
"2023-10-09","6.68","2967350","2967350","2333","1349","3500","899"
"2023-10-06","-0.59","347790","347790","2187","159","3280","106"
"2023-10-05","0.78","1653450","1653450","2200","758","3300","505"
"2023-10-04","0","594175","594175","2183","272","3275","181"
"2023-10-03","0","2693725","2693725","2183","1235","3275","823"
"2023-10-02","-0.77","599800","599800","2183","281","3275","187"
"2023-09-29","5.92","1778700","1778700","2200","809","3300","539"
"2023-09-28","-1.1","1643975","1643975","2077","786","3115","524"
"2023-09-26","-1.55","813950","813950","2100","384","3150","256"
"2023-09-25","0","18257615","18257615","2133","8765","3200","5843"
"2023-09-22","0","5461275","5461275","2133","2561","3200","1707"
"2023-09-21","0","1173990","1173990","2133","552","3200","368"
"2023-09-20","0.14","18039640","18039640","2133","8459","3200","5639"
"2023-09-19","3.05","13805880","13805880","2130","6477","3195","4318"
"2023-09-18","0","550400","550400","2067","270","3100","180"
"2023-09-15","-1.1","8302485","8302485","2067","4010","3100","2673"
"2023-09-14","0","1035890","1035890","2090","516","3135","344"
"2023-09-13","-0.48","447210","447210","2090","213","3135","142"
"2023-09-12","-1.27","11528430","11528430","2100","5483","3150","3655"
"2023-09-11","-0.28","1014470","1014470","2127","489","3190","326"
"2023-09-08","0","256700","256700","2133","122","3200","81"
"2023-09-07","3.04","36328340","36328340","2133","17130","3200","11420"
"2023-09-06","1.82","20148125","20148125","2070","9756","3105","6504"
"2023-09-05","-1.31","883025","883025","2033","429","3050","286"
"2023-09-04","-0.15","479675","479675","2060","233","3090","155"
"2023-09-01","0","256885","256885","2063","125","3095","83"
"2023-08-31","0","1618395","1618395","2063","837","3095","558"
"2023-08-30","0","246165","246165","2063","123","3095","82"
"2023-08-29","-0.19","2392555","2392555","2063","1203","3095","802"
"2023-08-28","-3.09","95000","95000","2067","45","3100","30"
"2023-08-25","0","10666475","10666475","2133","5006","3200","3337"
"2023-08-24","3.19","279470","279470","2133","137","3200","91"
"2023-08-23","4.39","1864560","1864560","2067","957","3100","638"
"2023-08-22","2.43","864090","864090","1980","446","2970","297"
"2023-08-21","0","4889230","4889230","1933","2537","2900","1691"
"2023-08-18","0","3672840","3672840","1933","1902","2900","1268"
"2023-08-17","0","4321240","4321240","1933","2252","2900","1501"
"2023-08-16","0.31","1929910","1929910","1933","1004","2900","669"
"2023-08-14","0","686350","686350","1927","357","2890","238"
"2023-08-11","-0.31","2209600","2209600","1927","1143","2890","762"
"2023-08-10","0","249400","249400","1933","129","2900","86"
"2023-08-09","0.52","19248240","19248240","1933","10371","2900","6914"
"2023-08-08","-0.52","9120675","9120675","1923","4751","2885","3167"
"2023-08-04","0.16","4123270","4123270","1933","2162","2900","1441"
"2023-08-03","-0.16","223265","223265","1930","117","2895","78"
"2023-08-02","0.68","3551255","3551255","1933","1851","2900","1234"
"2023-08-01","-0.16","247840","247840","1920","129","2880","86"
"2023-07-31","0","2942050","2942050","1923","1530","2885","1020"
"2023-07-28","3","3968780","3968780","1923","2097","2885","1398"
"2023-07-27","0","11212355","11212355","1867","5991","2800","3994"
"2023-07-26","0","1598825","1598825","1867","857","2800","571"
"2023-07-25","0","1513500","1513500","1867","821","2800","547"
"2023-07-24","0","1385300","1385300","1867","765","2800","510"
"2023-07-21","0","17007885","17007885","1867","9198","2800","6132"
"2023-07-20","0","2849800","2849800","1867","1538","2800","1025"
"2023-07-19","0","3522100","3522100","1867","1919","2800","1279"
"2023-07-18","0","6475605","6475605","1867","3506","2800","2337"
"2023-07-17","0","3511045","3511045","1867","1883","2800","1255"
"2023-07-14","0","2441600","2441600","1867","1308","2800","872"
"2023-07-13","0","6317160","6317160","1867","3384","2800","2256"
"2023-07-12","-0.69","8869765","8869765","1867","4739","2800","3159"
"2023-07-11","-0.16","4777020","4777020","1880","2559","2820","1706"
"2023-07-10","-0.53","3424900","3424900","1883","1835","2825","1223"
"2023-07-07","0","721455","721455","1893","381","2840","254"
"2023-07-06","-1.56","2801275","2801275","1893","1484","2840","989"
"2023-07-05","1.21","2820240","2820240","1923","1494","2885","996"
"2023-07-04","2.15","2708070","2708070","1900","1454","2850","969"
"2023-07-03","-0.37","7552880","7552880","1860","4049","2790","2699"
"2023-06-30","-2.91","2973600","2973600","1867","1568","2800","1045"
"2023-06-29","1.21","4592490","4592490","1923","2450","2885","1633"
"2023-06-27","2.15","1856100","1856100","1900","993","2850","662"
"2023-06-26","0","4645970","4645970","1860","2498","2790","1665"
"2023-06-23","0","3872395","3872395","1860","2079","2790","1386"
"2023-06-22","1.47","1623275","1623275","1860","891","2790","594"
"2023-06-21","1.66","9944575","9944575","1833","5525","2750","3683"
"2023-06-20","0.17","1824500","1824500","1803","1002","2705","668"
"2023-06-19","0","4523000","4523000","1800","2514","2700","1676"
"2023-06-16","0.95","486000","486000","1800","270","2700","180"
"2023-06-15","-0.94","3512250","3512250","1783","1965","2675","1310"
"2023-06-14","0","1196925","1196925","1800","666","2700","444"
"2023-06-13","3.87","21307320","21307320","1800","11850","2700","7900"
"2023-06-12","0.17","3346125","3346125","1733","1935","2600","1290"
"2023-06-09","1.76","4777405","4777405","1730","2792","2595","1861"
"2023-06-08","0","87265100","87265100","1700","51348","2550","34232"
"2023-06-07","-1.56","5682120","5682120","1700","3342","2550","2228"
"2023-06-06","-0.17","22623230","22623230","1727","13284","2590","8856"
"2023-06-05","1.59","22386000","22386000","1730","13376","2595","8917"
"2023-06-02","-0.82","15937525","15937525","1703","9492","2555","6328"
"2023-06-01","0","357925","357925","1717","209","2575","139"
"2023-05-31","2.81","342135","342135","1717","204","2575","136"
"2023-05-30","-6.86","1867690","1867690","1670","1200","2505","800"
"2023-05-26","-0.22","16333955","16333955","1793","9074","2690","6049"
"2023-05-25","0","12464810","12464810","1797","6959","2695","4639"
"2023-05-24","0","10139445","10139445","1797","5726","2695","3817"
"2023-05-23","1.53","20248375","20248375","1797","11642","2695","7761"
"2023-05-22","0.17","1998105","1998105","1770","1131","2655","754"
"2023-05-19","0.97","5022170","5022170","1767","2871","2650","1914"
"2023-05-17","0","1178425","1178425","1750","674","2625","449"
"2023-05-16","0.98","1167800","1167800","1750","674","2625","449"
"2023-05-15","3.96","7276300","7276300","1733","4205","2600","2803"
"2023-05-12","0","7965750","7965750","1667","4778","2500","3185"
"2023-05-11","2.08","21372350","21372350","1667","13035","2500","8690"
"2023-05-10","-2.04","539900","539900","1633","330","2450","220"
"2023-05-09","0","4152400","4152400","1667","2598","2500","1732"
"2023-05-08","0","12327450","12327450","1667","7517","2500","5011"
"2023-05-05","0.24","6211685","6211685","1667","3845","2500","2563"
"2023-05-04","0","2996505","2996505","1663","1802","2495","1201"
"2023-05-03","-0.24","77345","77345","1663","47","2495","31"
"2023-05-02","2.9","3113445","3113445","1667","1908","2500","1272"
"2023-04-28","-0.18","2032920","2032920","1620","1274","2430","849"
"2023-04-27","1.88","2445580","2445580","1623","1530","2435","1020"
"2023-04-26","0","2893250","2893250","1593","1838","2390","1225"
"2023-04-25","0","22365475","22365475","1593","15065","2390","10043"
"2023-04-24","-0.25","1426830","1426830","1593","896","2390","597"
"2023-04-20","0","64750","64750","1597","41","2395","27"
"2023-04-19","-1.84","8494660","8494660","1597","5415","2395","3610"
"2023-04-17","1.69","3346650","3346650","1627","2093","2440","1395"
"2023-04-14","2.11","9965885","9965885","1600","6249","2400","4166"
"2023-04-13","2.22","9178415","9178415","1567","5871","2350","3914"
"2023-04-12","1.73","26681250","26681250","1533","17501","2300","11667"
"2023-04-11","0","969185","969185","1507","644","2260","429"
"2023-04-07","-0.2","38455","38455","1507","26","2260","17"
"2023-04-06","4.14","246425","246425","1510","170","2265","113"
"2023-04-05","-3.97","1201300","1201300","1450","821","2175","547"
"2023-04-04","2.93","323735","323735","1510","222","2265","148"
"2023-04-03","0.27","12055850","12055850","1467","8183","2200","5455"
"2023-03-31","-3.11","3501805","3501805","1463","2379","2195","1586"
"2023-03-30","0","1154675","1154675","1510","765","2265","510"
"2023-03-29","0","2697375","2697375","1510","1787","2265","1191"
"2023-03-28","0","2358685","2358685","1510","1586","2265","1057"
"2023-03-27","4.14","12574360","12574360","1510","8652","2265","5768"
"2023-03-24","0","5700210","5700210","1450","3927","2175","2618"
"2023-03-23","-0.89","18545370","18545370","1450","12681","2175","8454"
"2023-03-22","-2.47","1841580","1841580","1463","1239","2195","826"
"2023-03-21","0.2","6356005","6356005","1500","4242","2250","2828"
"2023-03-20","-0.2","785725","785725","1497","525","2245","350"
"2023-03-17","0.47","2045780","2045780","1500","1383","2250","922"
"2023-03-16","-0.47","6629780","6629780","1493","4425","2240","2950"
"2023-03-15","-0.66","7273260","7273260","1500","4853","2250","3235"
"2023-03-14","-1.76","23625250","23625250","1510","15417","2265","10278"
"2023-03-13","-7.41","5494240","5494240","1537","3575","2305","2383"
"2023-03-10","-0.18","21867805","21867805","1660","13824","2490","9216"
"2023-03-09","0.18","16183730","16183730","1663","9996","2495","6664"
"2023-03-08","1.65","414440","414440","1660","254","2490","169"
"2023-03-07","-1.8","13004000","13004000","1633","8259","2450","5506"
"2023-03-06","0","268520","268520","1663","167","2495","111"
"2023-03-03","0","1157495","1157495","1663","752","2495","501"
"2023-03-02","3.94","5567180","5567180","1663","3599","2495","2399"
"2023-03-01","0","18935940","18935940","1600","11835","2400","7890"
"2023-02-28","-5.88","12203065","12203065","1600","7565","2400","5043"
"2023-02-27","-0.99","25475","25475","1700","15","2550","10"
"2023-02-24","-0.35","286090","286090","1717","170","2575","113"
"2023-02-23","0","5510740","5510740","1723","3321","2585","2214"
"2023-02-22","2.13","4431705","4431705","1723","2615","2585","1743"
"2023-02-21","-0.35","10182110","10182110","1687","6321","2530","4214"
"2023-02-20","0","254000","254000","1693","150","2540","100"
"2023-02-17","0","5665640","5665640","1693","3399","2540","2266"
"2023-02-16","1.56","22577540","22577540","1693","13547","2540","9031"
"2023-02-15","2.9","3638970","3638970","1667","2250","2500","1500"
"2023-02-14","0","5172955","5172955","1620","3213","2430","2142"
"2023-02-13","1.25","1912370","1912370","1620","1185","2430","790"
"2023-02-10","-1.05","1832550","1832550","1600","1145","2400","763"
"2023-02-09","-1.82","5371570","5371570","1617","3305","2425","2203"
"2023-02-08","0","173970","173970","1647","107","2470","71"
"2023-02-07","-0.36","724940","724940","1647","453","2470","302"
"2023-02-06","0","721580","721580","1653","444","2480","296"
"2023-02-03","0","99200","99200","1653","60","2480","40"
"2023-02-02","-0.6","247480","247480","1653","152","2480","101"
"2023-02-01","-0.24","459190","459190","1663","287","2495","191"
"2023-01-31","-1.54","5256500","5256500","1667","3311","2500","2207"
"2023-01-30","0","534740","534740","1693","317","2540","211"
"2023-01-27","6.01","8869620","8869620","1693","5706","2540","3804"
"2023-01-26","4.17","533650","533650","1597","345","2395","230"
"2023-01-25","-4.37","641700","641700","1533","419","2300","279"
"2023-01-24","-1.84","74555","74555","1603","47","2405","31"
"2023-01-23","-1.8","4678030","4678030","1633","3038","2450","2025"
"2023-01-20","6.13","5129390","5129390","1663","3216","2495","2144"
"2023-01-19","2.22","235000","235000","1567","150","2350","100"
"2023-01-18","0","4124670","4124670","1533","2702","2300","1801"
"2023-01-17","0","8950180","8950180","1533","5840","2300","3893"
"2023-01-16","0","2525400","2525400","1533","1647","2300","1098"
"2023-01-13","2","1115400","1115400","1533","729","2300","486"
"2023-01-12","-4.08","756600","756600","1503","489","2255","326"
"2023-01-11","5.66","789600","789600","1567","504","2350","336"
"2023-01-10","0","12401250","12401250","1483","8348","2225","5565"
"2023-01-09","0","25180395","25180395","1483","16982","2225","11321"
"2023-01-06","-7.31","304125","304125","1483","200","2225","133"
"2023-01-05","0","2400","2400","1600","2","2400","1"
"2023-01-04","-6.6","2400","2400","1600","2","2400","1"
"2023-01-03","-0.41","170900","170900","1713","105","2570","70"
"2023-01-02","5.33","79980","79980","1720","47","2580","31"
"2022-12-30","-5.44","810000","810000","1633","480","2450","320"
"2022-12-29","0","39460250","39460250","1727","22853","2590","15235"
"2022-12-28","0.58","17253495","17253495","1727","10020","2590","6680"
"2022-12-27","7.31","8621650","8621650","1717","5589","2575","3726"
"2022-12-23","0","1193995","1193995","1600","750","2400","500"
"2022-12-22","-7.35","504000","504000","1600","315","2400","210"
"2022-12-21","1.17","2988630","2988630","1727","1743","2590","1162"
"2022-12-20","-0.76","178900","178900","1707","105","2560","70"
"2022-12-19","0.41","4113125","4113125","1720","2466","2580","1644"
"2022-12-16","-0.41","4608325","4608325","1713","2705","2570","1803"
"2022-12-15","1.18","2567970","2567970","1720","1500","2580","1000"
"2022-12-14","4.1","5115395","5115395","1700","3038","2550","2025"
"2022-12-13","-1.63","3005900","3005900","1633","1745","2450","1163"
"2022-12-12","3.75","123940","123940","1660","75","2490","50"
"2022-12-09","0","1463650","1463650","1600","950","2400","633"
"2022-12-08","0","23500","23500","1600","15","2400","10"
"2022-12-07","0","244615","244615","1600","159","2400","106"
"2022-12-06","0.19","754870","754870","1600","476","2400","317"
"2022-12-05","0","589170","589170","1597","369","2395","246"
"2022-12-02","-0.99","13836995","13836995","1597","8832","2395","5888"
"2022-12-01","0","9106980","9106980","1613","5781","2420","3854"
"2022-11-30","0","1680800","1680800","1613","1044","2420","696"
"2022-11-29","-1.83","1716655","1716655","1613","1062","2420","708"
"2022-11-28","0","1249755","1249755","1643","761","2465","507"
"2022-11-25","1.86","4007465","4007465","1643","2484","2465","1656"
"2022-11-24","-3.24","1324300","1324300","1613","818","2420","545"
"2022-11-23","0","2837900","2837900","1667","1757","2500","1171"
"2022-11-22","0","6560775","6560775","1667","3897","2500","2598"
"2022-11-21","0","147100","147100","1667","92","2500","61"
"2022-11-18","4.19","1267550","1267550","1667","792","2500","528"
"2022-11-17","0","236970","236970","1600","153","2400","102"
"2022-11-16","2.11","15257800","15257800","1600","9762","2400","6508"
"2022-11-14","0","1078650","1078650","1567","689","2350","459"
"2022-11-11","0","6786800","6786800","1567","4332","2350","2888"
"2022-11-10","-2.06","2190200","2190200","1567","1398","2350","932"
"2022-11-09","2.11","10910150","10910150","1600","6953","2400","4635"
"2022-11-08","0","5104300","5104300","1567","3255","2350","2170"
"2022-11-07","2.22","8690300","8690300","1567","5547","2350","3698"
"2022-11-04","-2.17","18185150","18185150","1533","11855","2300","7903"
"2022-11-03","-1.63","239700","239700","1567","153","2350","102"
"2022-11-02","1.66","613070","613070","1593","395","2390","263"
"2022-10-28","0","980280","980280","1567","627","2350","418"
"2022-10-27","0","462950","462950","1567","296","2350","197"
"2022-10-26","2.22","114200","114200","1567","74","2350","49"
"2022-10-25","0","120090","120090","1533","77","2300","51"
"2022-10-24","0","488500","488500","1533","318","2300","212"
"2022-10-21","0.39","552000","552000","1533","360","2300","240"
"2022-10-20","-3.54","4574305","4574305","1527","2927","2290","1951"
"2022-10-19","-0.63","8859730","8859730","1583","5600","2375","3733"
"2022-10-18","0","157750","157750","1593","99","2390","66"
"2022-10-17","-1.24","31400035","31400035","1593","19700","2390","13133"
"2022-10-14","0","193560","193560","1613","117","2420","78"
"2022-10-13","-0.43","10359160","10359160","1613","6420","2420","4280"
"2022-10-12","0","291600","291600","1620","180","2430","120"
"2022-10-11","0","293980","293980","1620","182","2430","121"
"2022-10-10","0.43","4267400","4267400","1620","2580","2430","1720"
"2022-10-07","0.19","24693395","24693395","1613","15300","2420","10200"
"2022-10-06","-3.42","268400","268400","1610","165","2415","110"
"2022-10-05","-0.77","400080","400080","1667","246","2500","164"
"2022-10-04","-0.77","4727320","4727320","1680","2796","2520","1864"
"2022-10-03","5.16","1080015","1080015","1693","647","2540","431"
"2022-09-30","-3.42","59414370","59414370","1610","36284","2415","24189"
"2022-09-29","0","6387530","6387530","1667","3833","2500","2555"
"2022-09-28","0","1090950","1090950","1667","656","2500","437"
"2022-09-27","2.08","4361250","4361250","1667","2652","2500","1768"
"2022-09-26","1.24","2327370","2327370","1633","1442","2450","961"
"2022-09-23","-3.24","242000","242000","1613","150","2420","100"
"2022-09-22","0","713180","713180","1667","441","2500","294"
"2022-09-21","-1.36","422680","422680","1667","252","2500","168"
"2022-09-20","-0.18","88850","88850","1690","53","2535","35"
"2022-09-19","1.56","1907880","1907880","1693","1148","2540","765"
"2022-09-16","2.9","46025995","46025995","1667","28236","2500","18824"
"2022-09-15","-1.04","218900","218900","1620","135","2430","90"
"2022-09-14","-0.97","2819395","2819395","1637","1733","2455","1155"
"2022-09-13","-2.36","673080","673080","1653","407","2480","271"
"2022-09-12","1.56","1212940","1212940","1693","728","2540","485"
"2022-09-09","3.35","7493160","7493160","1667","4505","2500","3003"
"2022-09-07","0.19","830260","830260","1613","507","2420","338"
"2022-09-06","-0.19","1616635","1616635","1610","1004","2415","669"
"2022-09-05","0.19","84020","84020","1613","51","2420","34"
"2022-09-02","-1.41","1559755","1559755","1610","950","2415","633"
"2022-09-01","-1.21","5433245","5433245","1633","3267","2450","2178"
"2022-08-31","1.22","1631125","1631125","1653","989","2480","659"
"2022-08-30","0.37","5781890","5781890","1633","3552","2450","2368"
"2022-08-29","-0.37","611850","611850","1627","375","2440","250"
"2022-08-26","-1.8","889175","889175","1633","552","2450","368"
"2022-08-25","2.02","2260470","2260470","1663","1359","2495","906"
"2022-08-24","0.62","379390","379390","1630","233","2445","155"
"2022-08-23","0","3251310","3251310","1620","2007","2430","1338"
"2022-08-22","-1.04","27814580","27814580","1620","17306","2430","11537"
"2022-08-19","1.87","1698870","1698870","1637","1053","2455","702"
"2022-08-18","0","810185","810185","1607","501","2410","334"
"2022-08-17","0","6574480","6574480","1607","4092","2410","2728"
"2022-08-16","-3.19","1472325","1472325","1607","888","2410","592"
"2022-08-12","0","1320995","1320995","1660","797","2490","531"
"2022-08-11","0","5096640","5096640","1660","3069","2490","2046"
"2022-08-10","1.65","2546845","2546845","1660","1562","2490","1041"
"2022-08-09","0.37","6082860","6082860","1633","3704","2450","2469"
"2022-08-05","-0.37","9201240","9201240","1627","5657","2440","3771"
"2022-08-04","-1.8","587745","587745","1633","354","2450","236"
"2022-08-03","3.74","3507700","3507700","1663","467","2495","311"
"2022-08-02","-1.23","15321775","15321775","1603","9305","2405","6203"
"2022-08-01","1.44","4792610","4792610","1623","2949","2435","1966"
"2022-07-29","-1.42","1078390","1078390","1600","674","2400","449"
"2022-07-28","0","323785","323785","1623","201","2435","134"
"2022-07-27","-0.61","4260730","4260730","1623","2661","2435","1774"
"2022-07-26","0","1806640","1806640","1633","1118","2450","745"
"2022-07-25","-1.63","328610","328610","1633","204","2450","136"
"2022-07-22","-0.18","7337080","7337080","1660","4421","2490","2947"
"2022-07-21","0","156475","156475","1663","98","2495","65"
"2022-07-20","0","3884075","3884075","1663","2423","2495","1615"
"2022-07-19","0","778440","778440","1663","468","2495","312"
"2022-07-18","3.94","1238795","1238795","1663","774","2495","516"
"2022-07-15","0","734320","734320","1600","459","2400","306"
"2022-07-14","-2.02","2214310","2214310","1600","1362","2400","908"
"2022-07-13","2.06","103756645","103756645","1633","63552","2450","42368"
"2022-07-12","-4.02","242900","242900","1600","150","2400","100"
"2022-07-11","0","274850","274850","1667","165","2500","110"
"2022-07-08","3.99","4710000","4710000","1667","2856","2500","1904"
"2022-07-07","-0.62","1540480","1540480","1603","957","2405","638"
"2022-07-06","-3.24","27420","27420","1613","17","2420","11"
"2022-07-05","5.51","4291840","4291840","1667","2660","2500","1773"
"2022-07-04","0","20167575","20167575","1580","12759","2370","8506"
"2022-07-01","0","829440","829440","1580","528","2370","352"
"2022-06-30","-1.25","280290","280290","1580","176","2370","117"
"2022-06-29","0.44","1149045","1149045","1600","720","2400","480"
"2022-06-27","0.82","1504675","1504675","1593","945","2390","630"
"2022-06-24","-1.25","1282240","1282240","1580","803","2370","535"
"2022-06-23","0","2334650","2334650","1600","1461","2400","974"
"2022-06-22","0","324000","324000","1600","203","2400","135"
"2022-06-21","0","2676125","2676125","1600","1671","2400","1114"
"2022-06-20","0","346450","346450","1600","218","2400","145"
"2022-06-17","1.27","2157300","2157300","1600","1374","2400","916"
"2022-06-16","0","10006805","10006805","1580","6437","2370","4291"
"2022-06-15","-0.19","1872435","1872435","1580","1206","2370","804"
"2022-06-14","2.59","111465","111465","1583","71","2375","47"
"2022-06-13","-3.56","2310670","2310670","1543","1493","2315","995"
"2022-06-10","3.9","2418230","2418230","1600","1544","2400","1029"
"2022-06-09","-1.72","198250","198250","1540","129","2310","86"
"2022-06-08","0","6321800","6321800","1567","4122","2350","2748"
"2022-06-07","-1.88","6832300","6832300","1567","4457","2350","2971"
"2022-06-03","-3.04","3781350","3781350","1597","2427","2395","1618"
"2022-06-02","0","26468700","26468700","1647","16964","2470","11309"
"2022-06-01","5.11","1054150","1054150","1647","665","2470","443"
"2022-05-31","2.22","19468050","19468050","1567","12710","2350","8473"
"2022-05-30","-7.26","663850","663850","1533","422","2300","281"
"2022-05-27","-0.24","156505","156505","1653","95","2480","63"
"2022-05-25","0","347900","347900","1657","210","2485","140"
"2022-05-24","0","5105715","5105715","1657","3080","2485","2053"
"2022-05-23","0","3042155","3042155","1657","1830","2485","1220"
"2022-05-20","0","298100","298100","1657","180","2485","120"
"2022-05-19","1.47","312750","312750","1657","191","2485","127"
"2022-05-18","4.21","373425","373425","1633","233","2450","155"
"2022-05-17","1.56","30152910","30152910","1567","19244","2350","12829"
"2022-05-16","-1.53","11685210","11685210","1543","7581","2315","5054"
"2022-05-13","0","5327050","5327050","1567","3413","2350","2275"
"2022-05-12","2.22","188000","188000","1567","120","2350","80"
"2022-05-11","0","11707000","11707000","1533","7635","2300","5090"
"2022-05-10","-1.92","4502135","4502135","1533","2936","2300","1957"
"2022-05-09","6.54","4797895","4797895","1563","3201","2345","2134"
"2022-05-06","0","2912825","2912825","1467","1986","2200","1324"
"2022-05-05","0","2791800","2791800","1467","1904","2200","1269"
"2022-05-04","-3.3","4878700","4878700","1467","3305","2200","2203"
"2022-05-03","-1.04","22750","22750","1517","15","2275","10"
"2022-04-29","0","2388170","2388170","1533","1571","2300","1047"
"2022-04-27","-4.19","11729255","11729255","1533","7653","2300","5102"
"2022-04-26","0.19","329725","329725","1600","206","2400","137"
"2022-04-25","-2.02","1559990","1559990","1597","975","2395","650"
"2022-04-22","-0.18","767325","767325","1630","473","2445","315"
"2022-04-21","0.99","13647530","13647530","1633","8525","2450","5683"
"2022-04-20","-0.98","1281345","1281345","1617","774","2425","516"
"2022-04-19","0","12096835","12096835","1633","7400","2450","4933"
"2022-04-15","0","1923540","1923540","1633","1175","2450","783"
"2022-04-14","0","3001250","3001250","1633","1838","2450","1225"
"2022-04-13","-2.04","727600","727600","1633","438","2450","292"
"2022-04-12","-0.36","12322515","12322515","1667","7472","2500","4981"
"2022-04-11","0","1737930","1737930","1673","1052","2510","701"
"2022-04-08","0.18","2384500","2384500","1673","1425","2510","950"
"2022-04-07","-2.51","9319290","9319290","1670","5561","2505","3707"
"2022-04-06","0","9360470","9360470","1713","5462","2570","3641"
"2022-04-05","2.76","3982925","3982925","1713","2358","2570","1572"
"2022-04-04","0","10292500","10292500","1667","6171","2500","4114"
"2022-04-01","-2.91","7673870","7673870","1667","4508","2500","3005"
"2022-03-31","-7.34","23071690","23071690","1717","13356","2575","8904"
"2022-03-30","1.09","5376345","5376345","1853","2927","2780","1951"
"2022-03-29","4.74","3109040","3109040","1833","1698","2750","1132"
"2022-03-28","0.98","3961525","3961525","1750","2259","2625","1506"
"2022-03-25","0","3822460","3822460","1733","2208","2600","1472"
"2022-03-24","-0.23","1150685","1150685","1733","665","2600","443"
"2022-03-23","0.23","16460150","16460150","1737","9485","2605","6323"
"2022-03-22","0.35","11512300","11512300","1733","6642","2600","4428"
"2022-03-21","-0.17","6925775","6925775","1727","4019","2590","2679"
"2022-03-18","1.76","2278235","2278235","1730","1326","2595","884"
"2022-03-17","0","1762350","1762350","1700","1029","2550","686"
"2022-03-16","-1.9","13564270","13564270","1700","7835","2550","5223"
"2022-03-15","0","5538525","5538525","1733","3212","2600","2141"
"2022-03-14","-0.8","3982850","3982850","1733","2408","2600","1605"
"2022-03-11","4.8","10106335","10106335","1747","5978","2620","3985"
"2022-03-10","0","650000","650000","1667","398","2500","265"
"2022-03-09","1.83","1225235","1225235","1667","747","2500","498"
"2022-03-08","0","4439755","4439755","1637","2717","2455","1811"
"2022-03-07","-0.37","9569750","9569750","1637","5847","2455","3898"
"2022-03-04","0.18","4037140","4037140","1643","2501","2465","1667"
"2022-03-03","2.5","7108065","7108065","1640","4418","2460","2945"
"2022-03-02","-1.05","3973575","3973575","1600","2469","2400","1646"
"2022-03-01","-1.82","2338265","2338265","1617","1451","2425","967"
"2022-02-28","-0.18","3135680","3135680","1647","1905","2470","1270"
"2022-02-25","0","2746900","2746900","1650","1673","2475","1115"
"2022-02-24","0","20451185","20451185","1650","12396","2475","8264"
"2022-02-23","0","2145825","2145825","1650","1301","2475","867"
"2022-02-22","0.18","6817600","6817600","1650","4130","2475","2753"
"2022-02-21","0","14295145","14295145","1647","8624","2470","5749"
"2022-02-18","2.94","6270460","6270460","1647","3852","2470","2568"
"2022-02-17","-3.03","2208125","2208125","1600","1349","2400","899"
"2022-02-16","7.35","5226800","5226800","1650","3390","2475","2260"
"2022-02-15","-2.1","17265295","17265295","1537","11160","2305","7440"
"2022-02-14","-1.88","4165075","4165075","1570","2637","2355","1758"
"2022-02-11","-4.02","11996500","11996500","1600","7500","2400","5000"
"2022-02-10","-2.69","14652500","14652500","1667","9090","2500","6060"
"2022-02-09","0","1562400","1562400","1713","914","2570","609"
"2022-02-08","-0.41","2266780","2266780","1713","1322","2570","881"
"2022-02-07","0.41","3339520","3339520","1720","1938","2580","1292"
"2022-02-04","2.57","1346810","1346810","1713","792","2570","528"
"2022-02-03","0","16446490","16446490","1670","9836","2505","6557"
"2022-02-02","0.6","3349915","3349915","1670","2010","2505","1340"
"2022-02-01","-0.18","2210970","2210970","1660","1356","2490","904"
"2022-01-31","-0.24","2920150","2920150","1663","1752","2495","1168"
"2022-01-28","6.38","5038650","5038650","1667","3146","2500","2097"
"2022-01-27","-2.06","4411895","4411895","1567","2765","2350","1843"
"2022-01-26","5.26","3542860","3542860","1600","2246","2400","1497"
"2022-01-25","-0.85","2586500","2586500","1520","1688","2280","1125"
"2022-01-24","-2.17","6629865","6629865","1533","4323","2300","2882"
"2022-01-21","0.64","16658530","16658530","1567","10692","2350","7128"
"2022-01-20","-0.19","137775","137775","1557","89","2335","59"
"2022-01-19","2.16","1298300","1298300","1560","846","2340","564"
"2022-01-18","-0.39","2522760","2522760","1527","1646","2290","1097"
"2022-01-17","0","2807470","2807470","1533","1817","2300","1211"
"2022-01-14","0","552000","552000","1533","360","2300","240"
"2022-01-13","-4.19","9894900","9894900","1533","6422","2300","4281"
"2022-01-12","0","4457350","4457350","1600","2792","2400","1861"
"2022-01-11","0","1524420","1524420","1600","954","2400","636"
"2022-01-10","2.11","3040700","3040700","1600","1980","2400","1320"
"2022-01-07","0","3102000","3102000","1567","1980","2350","1320"
"2022-01-06","1.75","11173240","11173240","1567","7193","2350","4795"
"2022-01-05","0.46","1003035","1003035","1540","653","2310","435"
"2022-01-04","-2.17","3038450","3038450","1533","1973","2300","1315"
"2022-01-03","0","599700","599700","1567","383","2350","255"
"2021-12-31","0.26","6205955","6205955","1567","3972","2350","2648"
"2021-12-30","-0.26","18837910","18837910","1563","12276","2345","8184"
"2021-12-29","-0.38","8333010","8333010","1567","5318","2350","3545"
"2021-12-28","0","5583540","5583540","1573","3563","2360","2375"
"2021-12-27","-1.26","980910","980910","1573","620","2360","413"
"2021-12-24","0","50190","50190","1593","32","2390","21"
"2021-12-23","0","4476140","4476140","1593","2810","2390","1873"
"2021-12-22","-0.44","1997680","1997680","1593","1251","2390","834"
"2021-12-21","0","133539635","133539635","1600","83463","2400","55642"
"2021-12-20","0","657220","657220","1600","411","2400","274"
"2021-12-17","0","1364700","1364700","1600","854","2400","569"
"2021-12-16","0","2803265","2803265","1600","1754","2400","1169"
"2021-12-15","0","2095000","2095000","1600","1313","2400","875"
"2021-12-14","1.07","4133460","4133460","1600","2586","2400","1724"
"2021-12-13","-1.06","9463550","9463550","1583","5961","2375","3974"
"2021-12-10","1.07","3288000","3288000","1600","2055","2400","1370"
"2021-12-09","-1.06","12519470","12519470","1583","7844","2375","5229"
"2021-12-08","-0.81","15624425","15624425","1600","9677","2400","6451"
"2021-12-07","-3.01","2378865","2378865","1613","1473","2420","982"
"2021-12-06","-4.04","12767745","12767745","1663","7745","2495","5163"
"2021-12-03","-0.97","5887655","5887655","1733","3378","2600","2252"
"2021-12-02","0.98","8325155","8325155","1750","4800","2625","3200"
"2021-12-01","0","5323015","5323015","1733","3081","2600","2054"
"2021-11-30","1.94","2612510","2612510","1733","1541","2600","1027"
"2021-11-29","1.98","4517750","4517750","1700","2711","2550","1807"
"2021-11-26","2.08","4350720","4350720","1667","2667","2500","1778"
"2021-11-25","0","4681500","4681500","1633","2865","2450","1910"
"2021-11-24","0","27745935","27745935","1633","17025","2450","11350"
"2021-11-23","-2.04","1968810","1968810","1633","1199","2450","799"
"2021-11-22","-3.81","360800","360800","1667","218","2500","145"
"2021-11-19","-0.23","15281550","15281550","1733","8960","2600","5973"
"2021-11-18","4.45","16715050","16715050","1737","9839","2605","6559"
"2021-11-17","0.18","2876480","2876480","1663","1728","2495","1152"
"2021-11-16","1.65","707900","707900","1660","429","2490","286"
"2021-11-12","0","247325","247325","1633","152","2450","101"
"2021-11-11","0","2288210","2288210","1633","1403","2450","935"
"2021-11-10","-1.63","2126220","2126220","1633","1310","2450","873"
"2021-11-09","-0.42","3565045","3565045","1660","2169","2490","1446"
"2021-11-08","-3.81","14560450","14560450","1667","8735","2500","5823"
"2021-11-05","0","17727670","17727670","1733","10301","2600","6867"
"2021-11-04","-3.88","20755465","20755465","1733","11642","2600","7761"
"2021-11-03","0.56","3161475","3161475","1803","1733","2705","1155"
"2021-10-29","7.37","2192025","2192025","1793","1250","2690","833"
"2021-10-28","-2.74","1298450","1298450","1670","765","2505","510"
"2021-10-27","3","4740945","4740945","1717","2769","2575","1846"
"2021-10-26","2.08","1325165","1325165","1667","807","2500","538"
"2021-10-25","2.06","38898025","38898025","1633","23831","2450","15887"
"2021-10-22","-1.66","13242825","13242825","1600","8270","2400","5513"
"2021-10-21","-0.37","13185760","13185760","1627","8241","2440","5494"
"2021-10-20","0","2346625","2346625","1633","1440","2450","960"
"2021-10-19","2.06","20336420","20336420","1633","12504","2450","8336"
"2021-10-15","0","1516050","1516050","1600","930","2400","620"
"2021-10-14","0","628800","628800","1600","393","2400","262"
"2021-10-13","-2.02","959920","959920","1600","599","2400","399"
"2021-10-12","0","2003900","2003900","1633","1233","2450","822"
"2021-10-11","2.51","8581170","8581170","1633","5367","2450","3578"
"2021-10-08","0.82","2698310","2698310","1593","1694","2390","1129"
"2021-10-07","1.09","3643875","3643875","1580","2319","2370","1546"
"2021-10-06","0","2503920","2503920","1563","1614","2345","1076"
"2021-10-05","2.36","8367885","8367885","1563","5429","2345","3619"
"2021-10-04","-2.55","5748165","5748165","1527","3810","2290","2540"
"2021-10-01","3.09","10276550","10276550","1567","6755","2350","4503"
"2021-09-30","-3.8","4751190","4751190","1520","3122","2280","2081"
"2021-09-29","-0.63","7547085","7547085","1580","4775","2370","3183"
"2021-09-28","0","10763840","10763840","1590","7011","2385","4674"
"2021-09-27","0.19","256595","256595","1590","162","2385","108"
"2021-09-24","2.39","2899780","2899780","1587","1829","2380","1219"
"2021-09-23","0.65","1055950","1055950","1550","683","2325","455"
"2021-09-22","0.46","9036640","9036640","1540","5942","2310","3961"
"2021-09-21","1.73","25725990","25725990","1533","16836","2300","11224"
"2021-09-20","-1.05","578740","578740","1507","381","2260","254"
"2021-09-17","-0.26","1096015","1096015","1523","719","2285","479"
"2021-09-16","1.8","1487540","1487540","1527","977","2290","651"
"2021-09-15","-1.96","421650","421650","1500","276","2250","184"
"2021-09-14","2.89","2859095","2859095","1530","1892","2295","1261"
"2021-09-13","-0.87","6243850","6243850","1487","4166","2230","2777"
"2021-09-10","-2.15","1748250","1748250","1500","1166","2250","777"
"2021-09-09","2.2","15785920","15785920","1533","10532","2300","7021"
"2021-09-08","2.04","3505930","3505930","1500","2382","2250","1588"
"2021-09-07","0.2","6307255","6307255","1470","4229","2205","2819"
"2021-09-06","-0.68","1280625","1280625","1467","872","2200","581"
"2021-09-03","0.68","673790","673790","1477","458","2215","305"
"2021-09-02","-0.88","4254110","4254110","1467","2901","2200","1934"
"2021-09-01","-3.27","1701770","1701770","1480","1137","2220","758"
"2021-08-31","-0.2","1532250","1532250","1530","1002","2295","668"
"2021-08-30","4.5","1082000","1082000","1533","713","2300","475"
"2021-08-27","0","3353550","3353550","1467","2286","2200","1524"
"2021-08-26","0","2540540","2540540","1467","1730","2200","1153"
"2021-08-25","-7.15","2002460","2002460","1467","1316","2200","877"
"2021-08-24","-0.82","2728240","2728240","1580","1725","2370","1150"
"2021-08-23","0.63","1621600","1621600","1593","1023","2390","682"
"2021-08-20","-0.88","1687875","1687875","1583","1070","2375","713"
"2021-08-19","0.25","2379875","2379875","1597","1505","2395","1003"
"2021-08-18","1.66","1874245","1874245","1593","1173","2390","782"
"2021-08-17","-0.19","1696520","1696520","1567","1080","2350","720"
"2021-08-16","7.31","1158560","1158560","1570","770","2355","513"
"2021-08-13","0.69","583930","583930","1463","402","2195","268"
"2021-08-12","0","1438550","1438550","1453","998","2180","665"
"2021-08-11","3.79","1714130","1714130","1453","1197","2180","798"
"2021-08-10","-1.89","2002955","2002955","1400","1470","2100","980"
"2021-08-09","7.29","297970","297970","1427","218","2140","145"
"2021-08-06","-0.23","585775","585775","1330","440","1995","293"
"2021-08-05","0.45","18075135","18075135","1333","13583","2000","9055"
"2021-08-04","0.76","2589750","2589750","1327","1988","1990","1325"
"2021-08-03","-0.75","6581240","6581240","1317","5054","1975","3369"
"2021-08-02","0","540860","540860","1327","408","1990","272"
"2021-07-30","0","4089750","4089750","1327","3081","1990","2054"
"2021-07-29","0.3","6382865","6382865","1327","4818","1990","3212"
"2021-07-28","1.77","9036925","9036925","1323","6836","1985","4557"
"2021-07-27","-2.48","2753920","2753920","1300","2118","1950","1412"
"2021-07-26","2.54","3939095","3939095","1333","2961","2000","1974"
"2021-07-23","2.6","2119545","2119545","1300","1599","1950","1066"
"2021-07-22","2.76","12329645","12329645","1267","9768","1900","6512"
"2021-07-21","2.75","2331725","2331725","1233","1943","1850","1295"
"2021-07-19","1.1","3756830","3756830","1200","3168","1800","2112"
"2021-07-16","0.34","2716110","2716110","1187","2295","1780","1530"
"2021-07-15","0","3259950","3259950","1183","2757","1775","1838"
"2021-07-14","1.37","2170425","2170425","1183","1847","1775","1231"
"2021-07-13","-0.26","3744185","3744185","1167","3209","1750","2139"
"2021-07-12","0.6","1555970","1555970","1170","1332","1755","888"
"2021-07-09","-0.34","1229720","1229720","1163","1055","1745","703"
"2021-07-08","0","481250","481250","1167","413","1750","275"
"2021-07-07","0","1612200","1612200","1167","1383","1750","922"
"2021-07-06","0","1494990","1494990","1167","1283","1750","855"
"2021-07-05","3","2030815","2030815","1167","1748","1750","1165"
"2021-07-02","-1.22","5422660","5422660","1133","4757","1700","3171"
"2021-07-01","-1.71","2034605","2034605","1147","1751","1720","1167"
"2021-06-30","0","2366000","2366000","1167","2028","1750","1352"
"2021-06-29","0.34","3786970","3786970","1167","3258","1750","2172"
"2021-06-28","-0.6","3112115","3112115","1163","2715","1745","1810"
"2021-06-25","2.9","6747515","6747515","1170","5826","1755","3884"
"2021-06-24","0.89","5021870","5021870","1137","4427","1705","2951"
"2021-06-23","0.63","1115500","1115500","1127","990","1690","660"
"2021-06-22","-0.62","3932360","3932360","1120","3488","1680","2325"
"2021-06-21","0.63","4080220","4080220","1127","3626","1690","2417"
"2021-06-18","-1.15","1159230","1159230","1120","1034","1680","689"
"2021-06-17","0","37400","37400","1133","33","1700","22"
"2021-06-16","1.16","2007270","2007270","1133","1778","1700","1185"
"2021-06-15","1.17","422655","422655","1120","377","1680","251"
"2021-06-14","-2.29","297480","297480","1107","267","1660","178"
"2021-06-11","0","972455","972455","1133","870","1700","580"
"2021-06-10","0.53","3997935","3997935","1133","3545","1700","2363"
"2021-06-09","2.45","1031485","1031485","1127","917","1690","611"
"2021-06-08","0.64","5649750","5649750","1100","5153","1650","3435"
"2021-06-07","0","2346100","2346100","1093","2261","1640","1507"
"2021-06-04","2.44","6845265","6845265","1093","6369","1640","4246"
"2021-06-03","-1.48","12584620","12584620","1067","11688","1600","7792"
"2021-06-02","0.28","14900250","14900250","1083","13736","1625","9157"
"2021-06-01","-1.55","2277205","2277205","1080","2084","1620","1389"
"2021-05-31","-0.27","6935940","6935940","1097","6357","1645","4238"
"2021-05-28","-8.1","4550505","4550505","1100","4190","1650","2793"
"2021-05-27","4.09","1603310","1603310","1197","1382","1795","921"
"2021-05-26","0.88","10023750","10023750","1150","8469","1725","5646"
"2021-05-25","1.79","7380330","7380330","1140","6377","1710","4251"
"2021-05-21","0","847720","847720","1120","756","1680","504"
"2021-05-20","1.17","2281080","2281080","1120","2066","1680","1377"
"2021-05-19","0.64","7025550","7025550","1107","6404","1660","4269"
"2021-05-18","2.8","3490690","3490690","1100","3185","1650","2123"
"2021-05-17","-1.2","3040635","3040635","1070","2813","1605","1875"
"2021-05-14","1.21","664750","664750","1083","615","1625","410"
"2021-05-11","0.28","1830055","1830055","1070","1715","1605","1143"
"2021-05-10","-0.93","38502210","38502210","1067","36092","1600","24061"
"2021-05-07","0.94","160940","160940","1077","150","1615","100"
"2021-05-06","0","2327030","2327030","1067","2175","1600","1450"
"2021-05-05","0.95","344000","344000","1067","323","1600","215"
"2021-05-04","0.67","5709030","5709030","1057","5438","1585","3625"
"2021-05-03","0","798425","798425","1050","761","1575","507"
"2021-04-30","0.29","505575","505575","1050","482","1575","321"
"2021-04-29","0","4507450","4507450","1047","4293","1570","2862"
"2021-04-28","0.96","274550","274550","1047","263","1570","175"
"2021-04-27","-0.96","477290","477290","1037","458","1555","305"
"2021-04-26","0","893800","893800","1047","855","1570","570"
"2021-04-23","1.36","17220","17220","1047","17","1570","11"
"2021-04-22","0","3510025","3510025","1033","3392","1550","2261"
"2021-04-21","0","772025","772025","1033","747","1550","498"
"2021-04-20","0","3721550","3721550","1033","3602","1550","2401"
"2021-04-19","0","441750","441750","1033","428","1550","285"
"2021-04-16","0","2926550","2926550","1033","2828","1550","1885"
"2021-04-15","-1.62","6021855","6021855","1033","5819","1550","3879"
"2021-04-14","0","1685025","1685025","1050","1605","1575","1070"
"2021-04-13","0","436565","436565","1050","419","1575","279"
"2021-04-12","0.29","2530805","2530805","1050","2409","1575","1606"
"2021-04-09","1.36","792500","792500","1047","765","1570","510"
"2021-04-08","0","31000","31000","1033","30","1550","20"
"2021-04-07","0","1391550","1391550","1033","1341","1550","894"
"2021-04-06","0","3329400","3329400","1033","3222","1550","2148"
"2021-04-02","2.28","3201810","3201810","1033","3155","1550","2103"
"2021-04-01","-0.3","1313360","1313360","1010","1295","1515","863"
"2021-03-31","0.6","1164635","1164635","1013","1149","1520","766"
"2021-03-30","0.4","542380","542380","1007","536","1510","357"
"2021-03-26","-0.99","318915","318915","1003","315","1505","210"
"2021-03-25","0","1861125","1861125","1013","1829","1520","1219"
"2021-03-24","-1.65","966235","966235","1013","950","1520","633"
"2021-03-23","1.68","2328605","2328605","1030","2286","1545","1524"
"2021-03-22","-1.94","853435","853435","1013","840","1520","560"
"2021-03-19","0.58","77010","77010","1033","75","1550","50"
"2021-03-18","2.7","9191010","9191010","1027","9150","1540","6100"
"2021-03-17","0","1387200","1387200","1000","1386","1500","924"
"2021-03-16","0","1894500","1894500","1000","1895","1500","1263"
"2021-03-15","0","4222105","4222105","1000","4277","1500","2851"
"2021-03-12","-1.96","3570000","3570000","1000","3570","1500","2380"
"2021-03-11","5.48","5587515","5587515","1020","5565","1530","3710"
"2021-03-10","0","1291825","1291825","967","1337","1450","891"
"2021-03-09","0","147900","147900","967","153","1450","102"
"2021-03-08","1.47","483290","483290","967","506","1450","337"
"2021-03-05","5.54","164750","164750","953","173","1430","115"
"2021-03-04","-4.95","837900","837900","903","897","1355","598"
"2021-03-03","0","490160","490160","950","515","1425","343"
"2021-03-02","-1.76","1251050","1251050","950","1299","1425","866"
"2021-03-01","0","653375","653375","967","683","1450","455"
"2021-02-26","3.64","1450","1450","967","2","1450","1"
"2021-02-25","4.48","1373015","1373015","933","1493","1400","995"
"2021-02-24","-0.78","1975975","1975975","893","2175","1340","1450"
"2021-02-23","-3.23","3299970","3299970","900","3659","1350","2439"
"2021-02-22","0","1109250","1109250","930","1193","1395","795"
"2021-02-19","0","679265","679265","930","731","1395","487"
"2021-02-18","0","61710","61710","930","68","1395","45"
"2021-02-17","0","421490","421490","930","453","1395","302"
"2021-02-16","3.33","146550","146550","930","158","1395","105"
"2021-02-15","-3.54","2428075","2428075","900","2678","1350","1785"
"2021-02-12","-2.81","10720780","10720780","933","11481","1400","7654"
"2021-02-11","-0.72","1184600","1184600","960","1230","1440","820"
"2021-02-10","0","246650","246650","967","255","1450","170"
"2021-02-09","-2.62","2521750","2521750","967","2603","1450","1735"
"2021-02-08","-0.4","570670","570670","993","575","1490","383"
"2021-02-05","0","355810","355810","997","357","1495","238"
"2021-02-04","0","296385","296385","997","305","1495","203"
"2021-02-03","5.28","137525","137525","997","143","1495","95"
"2021-02-02","1.07","9247230","9247230","947","9749","1420","6499"
"2021-02-01","-6.3","75725","75725","937","77","1405","51"
"2021-01-29","0.3","1121375","1121375","1000","1125","1500","750"
"2021-01-28","0","2770235","2770235","997","2780","1495","1853"
"2021-01-27","2.78","74750","74750","997","75","1495","50"
"2021-01-26","0","1997715","1997715","970","2060","1455","1373"
"2021-01-25","0","971505","971505","970","999","1455","666"
"2021-01-22","0","189200","189200","970","195","1455","130"
"2021-01-21","0.31","126200","126200","970","131","1455","87"
"2021-01-20","1.79","45852945","45852945","967","47454","1450","31636"
"2021-01-19","0.32","545585","545585","950","575","1425","383"
"2021-01-18","1.5","1080550","1080550","947","1157","1420","771"
"2021-01-15","0","946550","946550","933","1014","1400","676"
"2021-01-14","0","2649590","2649590","933","2828","1400","1885"
"2021-01-13","-3.52","660900","660900","933","708","1400","472"
"2021-01-12","3.98","2756125","2756125","967","2957","1450","1971"
"2021-01-11","-0.32","512625","512625","930","563","1395","375"
"2021-01-08","0","39222400","39222400","933","42024","1400","28016"
"2021-01-07","0","1548270","1548270","933","1665","1400","1110"
"2021-01-06","-1.48","1981000","1981000","933","2183","1400","1455"
"2021-01-05","-3.07","263870","263870","947","279","1420","186"
"2021-01-04","-2.01","2658020","2658020","977","2706","1465","1804"
"2020-12-31","3.85","30304500","30304500","997","30465","1495","20310"
"2020-12-30","-3.32","1044715","1044715","960","1097","1440","731"
"2020-12-29","-0.7","16517320","16517320","993","16760","1490","11173"
"2020-12-28","3.84","5744180","5744180","1000","5825","1500","3883"
"2020-12-24","7","3500485","3500485","963","3680","1445","2453"
"2020-12-23","-3.23","9854445","9854445","900","10574","1350","7049"
"2020-12-22","4.14","264590","264590","930","291","1395","194"
"2020-12-21","1.48","49230","49230","893","56","1340","37"
"2020-12-18","0","743180","743180","880","846","1320","564"
"2020-12-16","0.34","10118180","10118180","880","11498","1320","7665"
"2020-12-15","-0.34","609810","609810","877","696","1315","464"
"2020-12-14","0","3597000","3597000","880","4088","1320","2725"
"2020-12-11","0","1199730","1199730","880","1364","1320","909"
"2020-12-10","0","3957120","3957120","880","4497","1320","2998"
"2020-12-09","0.8","6352910","6352910","880","7220","1320","4813"
"2020-12-08","-0.8","415610","415610","873","474","1310","316"
"2020-12-07","0.34","933510","933510","880","1065","1320","710"
"2020-12-04","-0.34","8670905","8670905","877","9854","1315","6569"
"2020-12-03","-0.79","3600605","3600605","880","4094","1320","2729"
"2020-12-02","2.31","417540","417540","887","470","1330","313"
"2020-12-01","-2.25","39261840","39261840","867","44694","1300","29796"
"2020-11-30","0","796950","796950","887","899","1330","599"
"2020-11-27","1.6","10293990","10293990","887","11444","1330","7629"
"2020-11-26","-2.68","5125615","5125615","873","5867","1310","3911"
"2020-11-25","0","192335","192335","897","215","1345","143"
"2020-11-24","1.59","841900","841900","897","950","1345","633"
"2020-11-23","0.34","4246700","4246700","883","4724","1325","3149"
"2020-11-20","-5.38","732250","732250","880","825","1320","550"
"2020-11-19","6.04","136710","136710","930","147","1395","98"
"2020-11-18","0","90515","90515","877","104","1315","69"
"2020-11-17","0.8","73610","73610","877","84","1315","56"
"2020-11-16","-1.14","884610","884610","870","1010","1305","673"
"2020-11-13","-1.46","1088910","1088910","880","1248","1320","832"
"2020-11-12","0","18976050","18976050","893","21714","1340","14476"
"2020-11-11","-0.78","35305150","35305150","893","39228","1340","26152"
"2020-11-10","-2.49","335275","335275","900","368","1350","245"
"2020-11-09","0","243200","243200","923","263","1385","175"
"2020-11-06","2.56","4085","4085","923","5","1385","3"
"2020-11-05","0","13500","13500","900","15","1350","10"
"2020-11-03","0","163390","163390","900","182","1350","121"
"2020-11-02","0","51300","51300","900","57","1350","38"
"2020-10-30","3.09","270000","270000","900","300","1350","200"
"2020-10-28","0","1564930","1564930","873","1797","1310","1198"
"2020-10-27","-0.46","3077155","3077155","873","3525","1310","2350"
"2020-10-26","-0.34","2126595","2126595","877","2430","1315","1620"
"2020-10-23","0.34","616740","616740","880","699","1320","466"
"2020-10-22","-1.13","572775","572775","877","653","1315","435"
"2020-10-21","1.6","47780","47780","887","53","1330","35"
"2020-10-20","-5.42","532620","532620","873","581","1310","387"
"2020-10-19","-0.75","2067950","2067950","923","2375","1385","1583"
"2020-10-16","7.27","1395","1395","930","2","1395","1"
"2020-10-15","-1.14","1240590","1240590","867","1425","1300","950"
"2020-10-14","0.46","289300","289300","877","330","1315","220"
"2020-10-13","-6.43","1661565","1661565","873","1899","1310","1266"
"2020-10-12","0","4899855","4899855","933","5250","1400","3500"
"2020-10-09","-3.12","32200","32200","933","35","1400","23"
"2020-10-08","0","1445","1445","963","2","1445","1"
"2020-10-07","0","2771270","2771270","963","2873","1445","1915"
"2020-10-06","-3.7","132940","132940","963","138","1445","92"
"2020-10-05","0","22500","22500","1000","23","1500","15"
"2020-10-02","0","9675500","9675500","1000","9677","1500","6451"
"2020-10-01","-1.28","112500","112500","1000","113","1500","75"
"2020-09-30","7.42","5486040","5486040","1013","5765","1520","3843"
"2020-09-29","-0.42","333750","333750","943","360","1415","240"
"2020-09-28","1.5","521035","521035","947","557","1420","371"
"2020-09-25","6.02","2519940","2519940","933","2765","1400","1843"
"2020-09-24","0.34","35640","35640","880","41","1320","27"
"2020-09-23","0","302450","302450","877","345","1315","230"
"2020-09-22","0","177525","177525","877","203","1315","135"
"2020-09-21","-2.56","9302500","9302500","877","10340","1315","6893"
"2020-09-18","3.09","198500","198500","900","225","1350","150"
"2020-09-17","-3","4476825","4476825","873","4989","1310","3326"
"2020-09-16","0","4912600","4912600","900","5460","1350","3640"
"2020-09-15","0.78","10417600","10417600","900","11574","1350","7716"
"2020-09-14","0","94980","94980","893","105","1340","70"
"2020-09-11","0","372100","372100","893","417","1340","278"
"2020-09-10","0","608360","608360","893","681","1340","454"
"2020-09-09","0","677400","677400","893","765","1340","510"
"2020-09-08","-1.87","2592900","2592900","893","2883","1340","1922"
"2020-09-07","1.11","102900","102900","910","114","1365","76"
"2020-09-04","0","1419615","1419615","900","1577","1350","1051"
"2020-09-03","3.45","22372065","22372065","900","24860","1350","16573"
"2020-09-02","-3.01","326250","326250","870","375","1305","250"
"2020-09-01","-0.33","1391490","1391490","897","1577","1345","1051"
"2020-08-31","0","4588085","4588085","900","5189","1350","3459"
"2020-08-28","0","13233040","13233040","900","14712","1350","9808"
"2020-08-27","0.78","2642170","2642170","900","2900","1350","1933"
"2020-08-26","-0.78","118760","118760","893","132","1340","88"
"2020-08-25","0","3943540","3943540","900","4433","1350","2955"
"2020-08-24","3.81","17550","17550","900","20","1350","13"
"2020-08-21","-3.67","7189435","7189435","867","8291","1300","5527"
"2020-08-20","0","2049750","2049750","900","2333","1350","1555"
"2020-08-19","-1.42","136370","136370","900","152","1350","101"
"2020-08-18","5.31","210775","210775","913","243","1370","162"
"2020-08-17","-3.67","1780150","1780150","867","2010","1300","1340"
"2020-08-14","3.81","233925","233925","900","263","1350","175"
"2020-08-13","-5.04","3511600","3511600","867","4050","1300","2700"
"2020-08-12","3.4","6850","6850","913","8","1370","5"
"2020-08-11","-2.65","1749380","1749380","883","1943","1325","1295"
"2020-08-10","0.78","3278490","3278490","907","3633","1360","2422"
"2020-08-06","-1.42","294460","294460","900","327","1350","218"
"2020-08-05","1.11","1037895","1037895","913","1130","1370","753"
"2020-08-04","-3.22","898970","898970","903","996","1355","664"
"2020-08-03","-0.43","220155","220155","933","236","1400","157"
"2020-07-30","4.11","552920","552920","937","594","1405","396"
"2020-07-29","-3.23","2917750","2917750","900","3227","1350","2151"
"2020-07-28","6.53","85262870","85262870","930","91742","1395","61161"
"2020-07-27","0.69","440985","440985","873","506","1310","337"
"2020-07-24","0.46","3281200","3281200","867","3786","1300","2524"
"2020-07-23","-2.27","3495445","3495445","863","4004","1295","2669"
"2020-07-22","0","766600","766600","883","867","1325","578"
"2020-07-21","0","548380","548380","883","630","1325","420"
"2020-07-20","-3.71","1513775","1513775","883","1733","1325","1155"
"2020-07-17","1.89","770825","770825","917","854","1375","569"
"2020-07-16","-3.54","2035605","2035605","900","2312","1350","1541"
"2020-07-15","0","558600","558600","933","599","1400","399"
"2020-07-14","-0.74","10363745","10363745","933","11090","1400","7393"
"2020-07-13","-0.32","117245","117245","940","125","1410","83"
"2020-07-10","-0.42","778820","778820","943","828","1415","552"
"2020-07-09","0","198840","198840","947","210","1420","140"
"2020-07-08","0","1683775","1683775","947","1761","1420","1174"
"2020-07-07","-2.07","309195","309195","947","323","1420","215"
"2020-07-06","0.42","543750","543750","967","563","1450","375"
"2020-07-03","-2.03","434700","434700","963","450","1445","300"
"2020-07-02","-1.4","4164815","4164815","983","4428","1475","2952"
"2020-07-01","0.71","1373905","1373905","997","1379","1495","919"
"2020-06-30","-1.98","8858475","8858475","990","8903","1485","5935"
"2020-06-29","2.75","3610320","3610320","1010","3608","1515","2405"
"2020-06-26","0.61","1670205","1670205","983","1740","1475","1160"
"2020-06-25","0","830420","830420","977","848","1465","565"
"2020-06-24","-0.61","6547485","6547485","977","6702","1465","4468"
"2020-06-23","-0.71","2680535","2680535","983","2801","1475","1867"
"2020-06-22","-0.7","253360","253360","990","255","1485","170"
"2020-06-19","2.47","1855985","1855985","997","1904","1495","1269"
"2020-06-18","-0.41","2049415","2049415","973","2099","1460","1399"
"2020-06-17","-10.94","396720","396720","977","407","1465","271"
"2020-06-16","1.57","1886440","1886440","1097","1754","1645","1169"
"2020-06-15","-1.82","2068485","2068485","1080","1910","1620","1273"
"2020-06-12","2.8","74250","74250","1100","68","1650","45"
"2020-06-11","0.28","7750860","7750860","1070","7107","1605","4738"
"2020-06-10","0","2104490","2104490","1067","1929","1600","1286"
"2020-06-09","2.6","2272840","2272840","1067","2162","1600","1441"
"2020-06-08","0.68","3268850","3268850","1040","3161","1560","2107"
"2020-06-05","0","131750","131750","1033","128","1550","85"
"2020-06-04","0.58","571360","571360","1033","554","1550","369"
"2020-06-03","1.68","3140025","3140025","1027","3060","1540","2040"
"2020-06-02","-0.3","2453525","2453525","1010","2415","1515","1610"
"2020-05-29","-1.36","13422385","13422385","1013","13023","1520","8682"
"2020-05-28","0","3749005","3749005","1027","3650","1540","2433"
"2020-05-27","1.68","2069330","2069330","1027","2027","1540","1351"
"2020-05-26","-1.27","689330","689330","1010","678","1515","452"
"2020-05-25","-0.68","38400","38400","1023","38","1535","25"
"2020-05-22","3","6964935","6964935","1030","6860","1545","4573"
"2020-05-19","0","706500","706500","1000","707","1500","471"
"2020-05-18","0","152600","152600","1000","150","1500","100"
"2020-05-15","-2.63","5068760","5068760","1000","5064","1500","3376"
"2020-05-14","0","284900","284900","1027","278","1540","185"
"2020-05-13","2.7","10202160","10202160","1027","10206","1540","6804"
"2020-05-12","-2.63","5410170","5410170","1000","5364","1500","3576"
"2020-05-11","-0.29","176300","176300","1027","171","1540","114"
"2020-05-08","3","105445","105445","1030","105","1545","70"
"2020-05-07","-2.91","103500","103500","1000","104","1500","69"
"2020-05-06","0","520410","520410","1030","519","1545","346"
"2020-05-05","-0.29","169765","169765","1030","165","1545","110"
"2020-05-04","0","8594750","8594750","1033","8318","1550","5545"
"2020-04-30","0","5432750","5432750","1033","5258","1550","3505"
"2020-04-29","-0.67","5953850","5953850","1033","5762","1550","3841"
"2020-04-28","4","1322175","1322175","1040","1311","1560","874"
"2020-04-27","2.35","30000","30000","1000","30","1500","20"
"2020-04-24","0.41","1791930","1791930","977","1848","1465","1232"
"2020-04-23","0","457575","457575","973","471","1460","314"
"2020-04-22","0.31","1071755","1071755","973","1103","1460","735"
"2020-04-21","0","5324200","5324200","970","5493","1455","3662"
"2020-04-20","-0.31","528165","528165","970","545","1455","363"
"2020-04-17","0.31","5284135","5284135","973","5451","1460","3634"
"2020-04-16","2.11","4672680","4672680","970","4835","1455","3223"
"2020-04-15","-1.04","402000","402000","950","420","1425","280"
"2020-04-14","-0.72","308160","308160","960","321","1440","214"
"2020-04-10","0.73","133250","133250","967","138","1450","92"
"2020-04-09","0.31","776200","776200","960","804","1440","536"
"2020-04-08","-1.03","476835","476835","957","494","1435","329"
"2020-04-07","0","881750","881750","967","915","1450","610"
"2020-04-06","0","204450","204450","967","212","1450","141"
"2020-04-03","-3.01","282850","282850","967","297","1450","198"
"2020-04-02","1.01","996750","996750","997","1013","1495","675"
"2020-04-01","-1.3","2329000","2329000","987","2330","1480","1553"
"2020-03-31","0","2202900","2202900","1000","2204","1500","1469"
"2020-03-30","-0.99","3099860","3099860","1000","3098","1500","2065"
"2020-03-27","1","432150","432150","1010","432","1515","288"
"2020-03-26","0","653250","653250","1000","653","1500","435"
"2020-03-25","-0.99","1774290","1774290","1000","1760","1500","1173"
"2020-03-24","-2.23","1523500","1523500","1010","1493","1515","995"
"2020-03-23","2.28","774210","774210","1033","750","1550","500"
"2020-03-20","-4.08","1550635","1550635","1010","1487","1515","991"
"2020-03-19","0.29","91820","91820","1053","87","1580","58"
"2020-03-18","4.27","3786565","3786565","1050","3669","1575","2446"
"2020-03-17","-1.95","1195000","1195000","1007","1178","1510","785"
"2020-03-16","-2.84","132025","132025","1027","128","1540","85"
"2020-03-13","2.92","16057345","16057345","1057","15660","1585","10440"
"2020-03-12","0.98","3278360","3278360","1027","3234","1540","2156"
"2020-03-11","-1.26","1899680","1899680","1017","1398","1525","932"
"2020-03-10","1.68","481990","481990","1030","468","1545","312"
"2020-03-09","-1.94","5150460","5150460","1013","5003","1520","3335"
"2020-03-06","-1.9","643370","643370","1033","623","1550","415"
"2020-03-05","-0.66","1136720","1136720","1053","1082","1580","721"
"2020-03-04","-0.66","2518750","2518750","1060","2366","1590","1577"
"2020-03-03","0","7789100","7789100","1067","7314","1600","4876"
"2020-03-02","4.61","3745780","3745780","1067","3615","1600","2410"
"2020-02-28","-0.68","686320","686320","1020","672","1530","448"
"2020-02-27","-0.58","162700","162700","1027","158","1540","105"
"2020-02-26","-1.9","1526500","1526500","1033","1478","1550","985"
"2020-02-25","3.24","2850600","2850600","1053","2759","1580","1839"
"2020-02-24","-1.26","1433560","1433560","1020","1400","1530","933"
"2020-02-21","1.57","4396670","4396670","1033","4256","1550","2837"
"2020-02-20","0.99","310676650","310676650","1017","300660","1525","200440"
"2020-02-19","-2.52","5262115","5262115","1007","5220","1510","3480"
"2020-02-18","0","8471135","8471135","1033","8210","1550","5473"
"2020-02-17","0.98","9804865","9804865","1033","9531","1550","6354"
"2020-02-14","-3.49","1302755","1302755","1023","1271","1535","847"
"2020-02-13","0.66","3630400","3630400","1060","3467","1590","2311"
"2020-02-12","0","416880","416880","1053","396","1580","264"
"2020-02-11","-2.23","7445345","7445345","1053","7050","1580","4700"
"2020-02-10","-0.55","4618900","4618900","1077","4290","1615","2860"
"2020-02-07","-0.37","4278540","4278540","1083","3942","1625","2628"
"2020-02-06","0","6885145","6885145","1087","6344","1630","4229"
"2020-02-05","1.87","59138430","59138430","1087","54594","1630","36396"
"2020-02-04","-3.61","9902650","9902650","1067","9284","1600","6189"
"2020-02-03","-0.9","6452640","6452640","1107","5925","1660","3950"
"2020-01-31","0.9","30456435","30456435","1117","27293","1675","18195"
"2020-01-30","-1.42","10064920","10064920","1107","9093","1660","6062"
"2020-01-29","0","4125515","4125515","1123","3680","1685","2453"
"2020-01-28","0.9","496545","496545","1123","446","1685","297"
"2020-01-27","-0.36","296765","296765","1113","266","1670","177"
"2020-01-24","-0.89","6055560","6055560","1117","5628","1675","3752"
"2020-01-23","2.45","3728450","3728450","1127","3255","1690","2170"
"2020-01-22","3.09","1564050","1564050","1100","1422","1650","948"
"2020-01-21","2.6","2274960","2274960","1067","2169","1600","1446"
"2020-01-20","0.68","8295370","8295370","1040","8027","1560","5351"
"2020-01-17","0","2756750","2756750","1033","2655","1550","1770"
"2020-01-16","1.57","6187095","6187095","1033","5988","1550","3992"
"2020-01-15","-0.59","1950505","1950505","1017","1911","1525","1274"
"2020-01-14","1.59","616330","616330","1023","605","1535","403"
"2020-01-13","0.4","18967455","18967455","1007","18903","1510","12602"
"2020-01-10","0.3","3686580","3686580","1003","3653","1505","2435"
"2020-01-09","-1.67","4907600","4907600","1000","4902","1500","3268"
"2020-01-08","0","1132850","1132850","1017","1115","1525","743"
"2020-01-07","-1.26","451335","451335","1017","443","1525","295"
"2020-01-06","0","1125485","1125485","1030","1092","1545","728"
"2020-01-03","-0.29","2521500","2521500","1030","2445","1545","1630"
"2020-01-02","0.29","356500","356500","1033","345","1550","230"
"2019-12-31","0","8614255","8614255","1030","8337","1545","5558"
"2019-12-30","-0.29","10723660","10723660","1030","10439","1545","6959"
"2019-12-27","2.28","12940825","12940825","1033","12564","1550","8376"
"2019-12-26","0","7505460","7505460","1010","7268","1515","4845"
"2019-12-24","0.3","4596850","4596850","1010","4574","1515","3049"
"2019-12-23","-0.3","1393175","1393175","1007","1382","1510","921"
"2019-12-20","0","3091720","3091720","1010","3060","1515","2040"
"2019-12-19","0.7","2309000","2309000","1010","2295","1515","1530"
"2019-12-18","-0.99","1263220","1263220","1003","1259","1505","839"
"2019-12-17","-0.98","2764150","2764150","1013","2747","1520","1831"
"2019-12-16","2.3","1900970","1900970","1023","1896","1535","1264"
"2019-12-13","-1.28","3892220","3892220","1000","3888","1500","2592"
"2019-12-12","-1.36","4508270","4508270","1013","4392","1520","2928"
"2019-12-11","-0.29","6474740","6474740","1027","6456","1540","4304"
"2019-12-10","2.28","40769010","40769010","1030","39431","1545","26287"
"2019-12-09","0","12502970","12502970","1007","12207","1510","8138"
"2019-12-06","-2.23","4602855","4602855","1007","4548","1510","3032"
"2019-12-05","0","2561555","2561555","1030","2489","1545","1659"
"2019-12-04","0.29","946880","946880","1030","921","1545","614"
"2019-12-03","-2.19","1519345","1519345","1027","1472","1540","981"
"2019-12-02","3.24","983375","983375","1050","944","1575","629"
"2019-11-29","-3.14","2233325","2233325","1017","2129","1525","1419"
"2019-11-28","0","2784725","2784725","1050","2664","1575","1776"
"2019-11-27","4.27","466500","466500","1050","450","1575","300"
"2019-11-25","-4.1","6606475","6606475","1007","6314","1510","4209"
"2019-11-22","-1.59","7788075","7788075","1050","7418","1575","4945"
"2019-11-21","1.62","7300950","7300950","1067","6915","1600","4610"
"2019-11-20","-1.59","18121655","18121655","1050","17027","1575","11351"
"2019-11-19","0","7200000","7200000","1067","6750","1600","4500"
"2019-11-18","0","6378900","6378900","1067","6026","1600","4017"
"2019-11-14","0","1600000","1600000","1067","1500","1600","1000"
"2019-11-13","0","1625600","1625600","1067","1524","1600","1016"
"2019-11-12","0","276800","276800","1067","260","1600","173"
"2019-11-08","0","513675","513675","1067","486","1600","324"
"2019-11-07","0","868800","868800","1067","815","1600","543"
"2019-11-06","0","1876800","1876800","1067","1760","1600","1173"
"2019-11-05","0","238630","238630","1067","227","1600","151"
"2019-11-04","0","259880","259880","1067","245","1600","163"
"2019-10-31","0","479300","479300","1067","450","1600","300"
"2019-10-30","0","823550","823550","1067","773","1600","515"
"2019-10-29","1.62","1070650","1070650","1067","1016","1600","677"
"2019-10-28","0.96","1584900","1584900","1050","1533","1575","1022"
"2019-10-25","0.68","1840200","1840200","1040","1770","1560","1180"
"2019-10-24","0","947300","947300","1033","915","1550","610"
"2019-10-23","-0.67","953600","953600","1033","923","1550","615"
"2019-10-22","0.68","1774405","1774405","1040","1707","1560","1138"
"2019-10-21","3.3","6751170","6751170","1033","6630","1550","4420"
"2019-10-18","-0.3","496850","496850","1000","495","1500","330"
"2019-10-17","-2.9","35000","35000","1003","35","1505","23"
"2019-10-16","-0.39","587140","587140","1033","567","1550","378"
"2019-10-15","0.39","664500","664500","1037","647","1555","431"
"2019-10-14","0","697500","697500","1033","675","1550","450"
"2019-10-11","3.3","1063300","1063300","1033","1029","1550","686"
"2019-10-10","-3.85","292225","292225","1000","290","1500","193"
"2019-10-09","-1.23","733340","733340","1040","696","1560","464"
"2019-10-08","-1.59","441800","441800","1053","417","1580","278"
"2019-10-07","-0.28","1832060","1832060","1070","1707","1605","1138"
"2019-10-04","0","1670470","1670470","1073","1556","1610","1037"
"2019-10-03","0","2191500","2191500","1073","2043","1610","1362"
"2019-10-02","0.56","2254100","2254100","1073","2108","1610","1405"
"2019-10-01","-2.11","3040240","3040240","1067","2838","1600","1892"
"2019-09-30","2.16","1906410","1906410","1090","1800","1635","1200"
"2019-09-27","0","2908250","2908250","1067","2726","1600","1817"
"2019-09-26","-2.38","2720300","2720300","1067","2550","1600","1700"
"2019-09-25","-0.36","1755380","1755380","1093","1599","1640","1066"
"2019-09-24","-1.44","3223890","3223890","1097","2901","1645","1934"
"2019-09-23","0","1818630","1818630","1113","1646","1670","1097"
"2019-09-20","-1.24","2113810","2113810","1113","1899","1670","1266"
"2019-09-19","-0.27","2685450","2685450","1127","2409","1690","1606"
"2019-09-18","-0.26","3229250","3229250","1130","2855","1695","1903"
"2019-09-17","0","3186800","3186800","1133","2811","1700","1874"
"2019-09-16","-1.22","1577900","1577900","1133","1395","1700","930"
"2019-09-13","0.35","2239500","2239500","1147","1973","1720","1315"
"2019-09-12","-0.61","2898020","2898020","1143","2547","1715","1698"
"2019-09-11","1.5","192800","192800","1150","168","1725","112"
"2019-09-10","1.8","271250","271250","1133","240","1700","160"
"2019-09-09","1.46","1117495","1117495","1113","1005","1670","670"
"2019-09-06","-1.44","1031630","1031630","1097","944","1645","629"
"2019-09-05","1.18","4750770","4750770","1113","4254","1670","2836"
"2019-09-04","0.64","8685580","8685580","1100","7923","1650","5282"
"2019-09-03","-0.64","939500","939500","1093","863","1640","575"
"2019-09-02","-2.91","6748300","6748300","1100","6029","1650","4019"
"2019-08-30","0","1237600","1237600","1133","1092","1700","728"
"2019-08-29","0","3008860","3008860","1133","2654","1700","1769"
"2019-08-28","0","1289900","1289900","1133","1139","1700","759"
"2019-08-27","2.35","3329710","3329710","1133","2954","1700","1969"
"2019-08-26","0","3580530","3580530","1107","3237","1660","2158"
"2019-08-23","0","1821075","1821075","1107","1643","1660","1095"
"2019-08-22","-0.54","8892325","8892325","1107","8022","1660","5348"
"2019-08-21","0","3524490","3524490","1113","3167","1670","2111"
"2019-08-20","0.27","1078960","1078960","1113","962","1670","641"
"2019-08-19","0","3417100","3417100","1110","3075","1665","2050"
"2019-08-16","-0.27","3745615","3745615","1110","3365","1665","2243"
"2019-08-14","-0.36","66800","66800","1113","60","1670","40"
"2019-08-13","1.55","3740530","3740530","1117","3383","1675","2255"
"2019-08-09","-1.17","1151100","1151100","1100","1046","1650","697"
"2019-08-08","1.18","2179700","2179700","1113","1977","1670","1318"
"2019-08-06","-1.79","142050","142050","1100","129","1650","86"
"2019-08-05","1.54","12409925","12409925","1120","11199","1680","7466"
"2019-08-02","-0.9","1167525","1167525","1103","1058","1655","705"
"2019-08-01","0","31730","31730","1113","29","1670","19"
"2019-07-31","-0.63","1080890","1080890","1113","971","1670","647"
"2019-07-30","0","1506240","1506240","1120","1347","1680","898"
"2019-07-29","1.17","707470","707470","1120","639","1680","426"
"2019-07-26","0","2645810","2645810","1107","2372","1660","1581"
"2019-07-25","0.36","414950","414950","1107","372","1660","248"
"2019-07-24","-0.9","1971940","1971940","1103","1770","1655","1180"
"2019-07-23","0","3557300","3557300","1113","3203","1670","2135"
"2019-07-22","0.91","1184110","1184110","1113","1068","1670","712"
"2019-07-19","0","1187340","1187340","1103","1071","1655","714"
"2019-07-18","0","4143980","4143980","1103","3750","1655","2500"
"2019-07-17","0.27","608950","608950","1103","552","1655","368"
"2019-07-16","0","8364075","8364075","1100","7610","1650","5073"
"2019-07-15","0","312610","312610","1100","284","1650","189"
"2019-07-12","-1.52","1602210","1602210","1100","1457","1650","971"
"2019-07-11","2.2","4730150","4730150","1117","4301","1675","2867"
"2019-07-10","-0.36","723010","723010","1093","660","1640","440"
"2019-07-09","-0.27","903710","903710","1097","824","1645","549"
"2019-07-08","0.27","2226550","2226550","1100","2051","1650","1367"
"2019-07-05","0","4994200","4994200","1097","4665","1645","3110"
"2019-07-04","-0.27","4371500","4371500","1097","4052","1645","2701"
"2019-07-03","0","74250","74250","1100","68","1650","45"
"2019-07-02","0","1467300","1467300","1100","1343","1650","895"
"2019-07-01","-1.79","83100","83100","1100","75","1650","50"
"2019-06-28","3.42","1917765","1917765","1120","1767","1680","1178"
"2019-06-27","1.5","8125","8125","1083","8","1625","5"
"2019-06-26","0","1323200","1323200","1067","1241","1600","827"
"2019-06-25","-5.32","2171545","2171545","1067","2036","1600","1357"
"2019-06-24","-0.53","2421790","2421790","1127","2279","1690","1519"
"2019-06-21","3","4352300","4352300","1133","3870","1700","2580"
"2019-06-20","0","6752300","6752300","1100","6128","1650","4085"
"2019-06-19","2.14","1133850","1133850","1100","1035","1650","690"
"2019-06-18","0.65","656500","656500","1077","600","1615","400"
"2019-06-17","0.28","935060","935060","1070","873","1605","582"
"2019-06-14","-2.11","1125150","1125150","1067","1053","1600","702"
"2019-06-13","-0.91","1200075","1200075","1090","1097","1635","731"
"2019-06-12","-2.4","1164440","1164440","1100","1041","1650","694"
"2019-06-11","-0.27","1498100","1498100","1127","1335","1690","890"
"2019-06-07","0.89","1513400","1513400","1130","1343","1695","895"
"2019-06-06","-1.15","1536750","1536750","1120","1364","1680","909"
"2019-06-05","0","6145750","6145750","1133","5423","1700","3615"
"2019-06-03","0","2069500","2069500","1133","1814","1700","1209"
"2019-05-31","6.19","5814880","5814880","1133","5607","1700","3738"
"2019-05-29","-5.83","442275","442275","1067","402","1600","268"
"2019-05-28","-5.35","744180","744180","1133","635","1700","423"
"2019-05-27","2.57","398470","398470","1197","333","1795","222"
"2019-05-24","-2.18","2050530","2050530","1167","1749","1750","1166"
"2019-05-23","-3.24","19147800","19147800","1193","16004","1790","10669"
"2019-05-22","-0.56","1938800","1938800","1233","1572","1850","1048"
"2019-05-21","-0.56","3500595","3500595","1240","2817","1860","1878"
"2019-05-20","0","5999590","5999590","1247","4854","1870","3236"
"2019-05-17","0","4158480","4158480","1247","3336","1870","2224"
"2019-05-16","-0.24","457925","457925","1247","368","1870","245"
"2019-05-15","2.71","671635","671635","1250","554","1875","369"
"2019-05-14","-1.3","2671825","2671825","1217","2168","1825","1445"
"2019-05-13","0","5200700","5200700","1233","4226","1850","2817"
"2019-05-10","0.24","1135820","1135820","1233","923","1850","615"
"2019-05-09","-1.84","6700550","6700550","1230","5360","1845","3573"
"2019-05-08","5.03","1848085","1848085","1253","1532","1880","1021"
"2019-05-07","0","1343990","1343990","1193","1128","1790","752"
"2019-05-06","-0.33","2586560","2586560","1193","2162","1790","1441"
"2019-05-03","2.57","331460","331460","1197","282","1795","188"
"2019-05-02","-1.35","12904830","12904830","1167","11060","1750","7373"
"2019-04-30","-0.84","9870240","9870240","1183","8247","1775","5498"
"2019-04-29","-0.58","2857075","2857075","1193","2382","1790","1588"
"2019-04-26","2.83","3845100","3845100","1200","3233","1800","2155"
"2019-04-25","0","2219245","2219245","1167","1883","1750","1255"
"2019-04-24","0","1485750","1485750","1167","1268","1750","845"
"2019-04-23","0","724600","724600","1167","620","1750","413"
"2019-04-19","-2.51","3193150","3193150","1167","2681","1750","1787"
"2019-04-18","-0.25","199245","199245","1197","167","1795","111"
"2019-04-17","2.83","218400","218400","1200","185","1800","123"
"2019-04-16","2.1","2305260","2305260","1167","1982","1750","1321"
"2019-04-15","-2.06","935340","935340","1143","803","1715","535"
"2019-04-12","-5.35","363715","363715","1167","296","1750","197"
"2019-04-11","-5.15","865240","865240","1233","701","1850","467"
"2019-04-10","-1.74","427650","427650","1300","347","1950","231"
"2019-04-09","-0.75","9676520","9676520","1323","7364","1985","4909"
"2019-04-08","6.38","16274770","16274770","1333","12263","2000","8175"
"2019-04-05","7.37","4280475","4280475","1253","3534","1880","2356"
"2019-04-04","6.09","5831790","5831790","1167","5072","1750","3381"
"2019-04-03","0","2094000","2094000","1100","1868","1650","1245"
"2019-04-02","0","1131150","1131150","1100","1038","1650","692"
"2019-04-01","0","3532000","3532000","1100","3218","1650","2145"
"2019-03-29","0","1402040","1402040","1100","1307","1650","871"
"2019-03-28","0","2237730","2237730","1100","2070","1650","1380"
"2019-03-27","0","2377015","2377015","1100","2216","1650","1477"
"2019-03-26","0","7241250","7241250","1100","6900","1650","4600"
"2019-03-25","-5.17","3743000","3743000","1100","3360","1650","2240"
"2019-03-22","0.87","30976790","30976790","1160","28928","1740","19285"
"2019-03-21","1.5","6062880","6062880","1150","5555","1725","3703"
"2019-03-20","-1.73","10401310","10401310","1133","9587","1700","6391"
"2019-03-19","-0.6","17589660","17589660","1153","15636","1730","10424"
"2019-03-18","2.38","187670","187670","1160","165","1740","110"
"2019-03-15","0.27","2693255","2693255","1133","2378","1700","1585"
"2019-03-14","0","554215","554215","1130","506","1695","337"
"2019-03-13","-0.26","344475","344475","1130","323","1695","215"
"2019-03-12","0","170000","170000","1133","150","1700","100"
"2019-03-11","1.16","867100","867100","1133","809","1700","539"
"2019-03-08","0","1364225","1364225","1120","1218","1680","812"
"2019-03-07","1.54","1978475","1978475","1120","1778","1680","1185"
"2019-03-06","-0.9","669500","669500","1103","606","1655","404"
"2019-03-05","-1.77","24691275","24691275","1113","21516","1670","14344"
"2019-03-04","0","589525","589525","1133","516","1700","344"
"2019-03-01","0","4902400","4902400","1133","4379","1700","2919"
"2019-02-28","-5.58","68000","68000","1133","60","1700","40"
"2019-02-27","0.25","1403000","1403000","1200","1238","1800","825"
"2019-02-26","0.59","2211505","2211505","1197","1845","1795","1230"
"2019-02-25","-0.83","3008060","3008060","1190","2624","1785","1749"
"2019-02-22","0","3014220","3014220","1200","2513","1800","1675"
"2019-02-21","0.84","5180970","5180970","1200","4356","1800","2904"
"2019-02-20","5.03","4443710","4443710","1190","3815","1785","2543"
"2019-02-19","6.89","3046900","3046900","1133","2856","1700","1904"
"2019-02-18","0.28","1431995","1431995","1060","1353","1590","902"
"2019-02-15","0","19023360","19023360","1057","19025","1585","12683"
"2019-02-14","-7.04","22667780","22667780","1057","21353","1585","14235"
"2019-02-13","0.89","2409680","2409680","1137","2145","1705","1430"
"2019-02-12","-3.43","3536295","3536295","1127","3045","1690","2030"
"2019-02-11","2.1","1243830","1243830","1167","1095","1750","730"
"2019-02-08","-0.61","331880","331880","1143","288","1715","192"
"2019-02-07","-0.26","680600","680600","1150","584","1725","389"
"2019-02-06","-2.86","2528050","2528050","1153","2160","1730","1440"
"2019-02-05","1.71","212150","212150","1187","179","1780","119"
"2019-02-04","-2.75","127530","127530","1167","110","1750","73"
"2019-02-01","0.84","2572075","2572075","1200","2145","1800","1430"
"2019-01-31","1.45","2251825","2251825","1190","1949","1785","1299"
"2019-01-30","0.86","1187090","1187090","1173","1026","1760","684"
"2019-01-29","0.87","4698525","4698525","1163","4142","1745","2761"
"2019-01-28","-1.2","1827990","1827990","1153","1568","1730","1045"
"2019-01-25","0","488250","488250","1167","419","1750","279"
"2019-01-24","1.21","490020","490020","1167","420","1750","280"
"2019-01-23","-1.2","51900","51900","1153","45","1730","30"
"2019-01-22","0.34","105000","105000","1167","90","1750","60"
"2019-01-21","2.65","1659095","1659095","1163","1466","1745","977"
"2019-01-18","0.27","27125","27125","1133","24","1700","16"
"2019-01-17","-0.26","1440750","1440750","1130","1275","1695","850"
"2019-01-16","0","289600","289600","1133","255","1700","170"
"2019-01-15","-4.23","2620000","2620000","1133","2312","1700","1541"
"2019-01-14","0.51","1027360","1027360","1183","878","1775","585"
"2019-01-11","4.44","476300","476300","1177","420","1765","280"
"2019-01-10","-0.53","1853685","1853685","1127","1637","1690","1091"
"2019-01-09","0","5786015","5786015","1133","5103","1700","3402"
"2019-01-08","-4.23","3399490","3399490","1133","2886","1700","1924"
"2019-01-07","-4.06","618250","618250","1183","518","1775","345"
"2019-01-04","4.76","1491480","1491480","1233","1241","1850","827"
"2019-01-03","-7.1","1612405","1612405","1177","1353","1765","902"
"2019-01-02","-5.94","5742800","5742800","1267","4545","1900","3030"
"2018-12-31","-0.44","6048920","6048920","1347","4494","2020","2996"
"2018-12-28","1.5","5317665","5317665","1353","3971","2030","2647"
"2018-12-27","5.21","3297285","3297285","1333","2531","2000","1687"
"2018-12-26","6.2","14417685","14417685","1267","12131","1900","8087"
"2018-12-24","2.23","14026285","14026285","1193","12018","1790","8012"
"2018-12-21","3","20422350","20422350","1167","17684","1750","11789"
"2018-12-20","-4.79","1874255","1874255","1133","1652","1700","1101"
"2018-12-19","-5.78","1694755","1694755","1190","1431","1785","954"
"2018-12-18","5.87","3350970","3350970","1263","2802","1895","1868"
"2018-12-17","-0.58","680200","680200","1193","570","1790","380"
"2018-12-14","5.91","10800","10800","1200","9","1800","6"
"2018-12-13","-5.35","4665500","4665500","1133","3936","1700","2624"
"2018-12-12","0","3599000","3599000","1197","3008","1795","2005"
"2018-12-11","0","1819525","1819525","1197","1613","1795","1075"
"2018-12-10","0.34","2951865","2951865","1197","2514","1795","1676"
"2018-12-07","3.74","4006100","4006100","1193","3705","1790","2470"
"2018-12-06","-4.17","132510","132510","1150","114","1725","76"
"2018-12-05","0.25","3657160","3657160","1200","3165","1800","2110"
"2018-12-04","-0.25","4876225","4876225","1197","4137","1795","2758"
"2018-12-03","-4.76","2947725","2947725","1200","2469","1800","1646"
"2018-11-30","-0.55","841050","841050","1260","668","1890","445"
"2018-11-29","0","388150","388150","1267","308","1900","205"
"2018-11-28","1.12","3394965","3394965","1267","2708","1900","1805"
"2018-11-27","7.37","1426880","1426880","1253","1188","1880","792"
"2018-11-26","-7.38","3365460","3365460","1167","2679","1750","1786"
"2018-11-23","-0.55","2890480","2890480","1260","2294","1890","1529"
"2018-11-22","-1.25","4051060","4051060","1267","3219","1900","2146"
"2018-11-21","0.79","5299890","5299890","1283","4220","1925","2813"
"2018-11-19","-1.09","542310","542310","1273","426","1910","284"
"2018-11-16","-2.5","1813625","1813625","1287","1464","1930","976"
"2018-11-14","7.32","1174525","1174525","1320","969","1980","646"
"2018-11-13","-0.24","116240","116240","1230","95","1845","63"
"2018-11-12","-2.68","4234840","4234840","1233","3377","1850","2251"
"2018-11-09","-1.55","4664190","4664190","1267","3594","1900","2396"
"2018-11-08","-3.23","8546345","8546345","1287","6606","1930","4404"
"2018-11-07","0","3038795","3038795","1330","2291","1995","1527"
"2018-11-06","0","1652015","1652015","1330","1241","1995","827"
"2018-11-05","0.23","4948805","4948805","1330","3713","1995","2475"
"2018-11-02","0","4098560","4098560","1327","3089","1990","2059"
"2018-10-31","2.08","5494210","5494210","1327","4199","1990","2799"
"2018-10-30","0","4591380","4591380","1300","3513","1950","2342"
"2018-10-29","-1.52","1869050","1869050","1300","1434","1950","956"
"2018-10-26","-0.98","3957650","3957650","1320","2985","1980","1990"
"2018-10-25","0","4126600","4126600","1333","3096","2000","2064"
"2018-10-24","0","1947155","1947155","1333","1463","2000","975"
"2018-10-23","0","1306110","1306110","1333","986","2000","657"
"2018-10-22","0","2137300","2137300","1333","1616","2000","1077"
"2018-10-19","0","11238050","11238050","1333","8640","2000","5760"
"2018-10-18","0","5059910","5059910","1333","3876","2000","2584"
"2018-10-17","0","2502510","2502510","1333","1881","2000","1254"
"2018-10-16","0","64163935","64163935","1333","48164","2000","32109"
"2018-10-15","0.45","4685640","4685640","1333","3515","2000","2343"
"2018-10-12","-0.45","1452880","1452880","1327","1092","1990","728"
"2018-10-11","0","4544500","4544500","1333","3414","2000","2276"
"2018-10-10","-4.79","11046590","11046590","1333","8187","2000","5458"
"2018-10-09","5.03","4124450","4124450","1400","3074","2100","2049"
"2018-10-08","0","13612100","13612100","1333","10206","2000","6804"
"2018-10-05","-2.49","5229880","5229880","1333","3911","2000","2607"
"2018-10-04","-6.82","919250","919250","1367","660","2050","440"
"2018-10-03","2.37","13744880","13744880","1467","9596","2200","6397"
"2018-10-02","-3.37","7175310","7175310","1433","4982","2150","3321"
"2018-10-01","-7.31","602100","602100","1483","404","2225","269"
"2018-09-28","0","2452800","2452800","1600","1533","2400","1022"
"2018-09-27","6.45","38245905","38245905","1600","25200","2400","16800"
"2018-09-26","7.36","4510","4510","1503","3","2255","2"
"2018-09-25","-4.57","15026755","15026755","1400","10647","2100","7098"
"2018-09-24","2.37","2112950","2112950","1467","1460","2200","973"
"2018-09-21","-2.32","113300","113300","1433","78","2150","52"
"2018-09-20","-3.3","4361135","4361135","1467","2967","2200","1978"
"2018-09-19","-0.85","366920","366920","1517","242","2275","161"
"2018-09-18","4.08","309295","309295","1530","207","2295","138"
"2018-09-17","0.2","1652150","1652150","1470","1125","2205","750"
"2018-09-14","-0.2","1267435","1267435","1467","863","2200","575"
"2018-09-13","0.2","4006065","4006065","1470","2727","2205","1818"
"2018-09-12","-6.38","2627905","2627905","1467","1778","2200","1185"
"2018-09-11","3.09","3226400","3226400","1567","2063","2350","1375"
"2018-09-10","0.46","249500","249500","1520","164","2280","109"
"2018-09-07","-5.44","1875300","1875300","1513","1226","2270","817"
"2018-09-06","-1.66","120780","120780","1600","75","2400","50"
"2018-09-05","0","7526630","7526630","1627","4841","2440","3227"
"2018-09-04","0","3544560","3544560","1627","2252","2440","1501"
"2018-09-03","-2.4","73250","73250","1627","45","2440","30"
"2018-08-31","6.86","14544470","14544470","1667","9179","2500","6119"
"2018-08-30","-2.5","1448820","1448820","1560","942","2340","628"
"2018-08-29","2.37","13111165","13111165","1600","8432","2400","5621"
"2018-08-28","0","3462735","3462735","1563","2244","2345","1496"
"2018-08-27","1.3","368140","368140","1563","239","2345","159"
"2018-08-24","0","634145","634145","1543","410","2315","273"
"2018-08-23","-3.56","439250","439250","1543","285","2315","190"
"2018-08-22","1.07","15214125","15214125","1600","9602","2400","6401"
"2018-08-20","0","603750","603750","1583","381","2375","254"
"2018-08-17","0","921700","921700","1583","582","2375","388"
"2018-08-16","-1.06","1334150","1334150","1583","837","2375","558"
"2018-08-14","0","958860","958860","1600","600","2400","400"
"2018-08-13","0","4036775","4036775","1600","2541","2400","1694"
"2018-08-10","1.46","1555325","1555325","1600","963","2400","642"
"2018-08-09","-3.25","551225","551225","1577","348","2365","232"
"2018-08-08","-0.18","5775495","5775495","1630","3612","2445","2408"
"2018-08-03","1.87","8883750","8883750","1633","5499","2450","3666"
"2018-08-02","-3.61","583400","583400","1603","362","2405","241"
"2018-08-01","0","199150","199150","1663","120","2495","80"
"2018-07-31","0.18","19251180","19251180","1663","11583","2495","7722"
"2018-07-30","2.03","10466020","10466020","1660","6429","2490","4286"
"2018-07-27","-0.18","1289695","1289695","1627","806","2440","537"
"2018-07-26","-1.98","14580","14580","1630","9","2445","6"
"2018-07-25","2.02","11005740","11005740","1663","6638","2495","4425"
"2018-07-24","1.68","2076125","2076125","1630","1290","2445","860"
"2018-07-23","-1.84","481000","481000","1603","300","2405","200"
"2018-07-20","-1.8","303800","303800","1633","186","2450","124"
"2018-07-19","-0.24","124750","124750","1663","75","2495","50"
"2018-07-18","4.19","10001500","10001500","1667","6069","2500","4046"
"2018-07-17","-4.02","1120200","1120200","1600","695","2400","463"
"2018-07-16","4.19","2445020","2445020","1667","1515","2500","1010"
"2018-07-13","0","929200","929200","1600","575","2400","383"
"2018-07-12","-4.93","788200","788200","1600","491","2400","327"
"2018-07-11","7.4","4181520","4181520","1683","2597","2525","1731"
"2018-07-10","-2.06","6869895","6869895","1567","4236","2350","2824"
"2018-07-09","-4.02","1138900","1138900","1600","711","2400","474"
"2018-07-06","-3.81","1729800","1729800","1667","1038","2500","692"
"2018-07-05","-1.92","1821250","1821250","1733","1077","2600","718"
"2018-07-04","-0.56","1537500","1537500","1767","900","2650","600"
"2018-07-03","2.72","6564930","6564930","1777","3927","2665","2618"
"2018-07-02","-3.19","256070","256070","1730","147","2595","98"
"2018-06-29","-0.33","3453300","3453300","1787","1929","2680","1286"
"2018-06-28","0","2512815","2512815","1793","1427","2690","951"
"2018-06-27","7.17","9509530","9509530","1793","5558","2690","3705"
"2018-06-26","-5.1","1418060","1418060","1673","842","2510","561"
"2018-06-25","-2.06","3125690","3125690","1763","1794","2645","1196"
"2018-06-22","2.1","4909970","4909970","1800","2880","2700","1920"
"2018-06-21","-3.82","936850","936850","1763","525","2645","350"
"2018-06-20","7.01","21942510","21942510","1833","12143","2750","8095"
"2018-06-19","-0.41","3037110","3037110","1713","1796","2570","1197"
"2018-06-18","-0.75","3309900","3309900","1720","1935","2580","1290"
"2018-06-15","0","3667150","3667150","1733","2133","2600","1422"
"2018-06-13","0.76","4216200","4216200","1733","2447","2600","1631"
"2018-06-12","-0.75","1836355","1836355","1720","1077","2580","718"
"2018-06-08","0","231400","231400","1733","134","2600","89"
"2018-06-07","0","2134500","2134500","1733","1230","2600","820"
"2018-06-06","0.35","9238700","9238700","1733","5400","2600","3600"
"2018-06-05","-0.17","3594395","3594395","1727","2135","2590","1423"
"2018-06-04","0.76","802135","802135","1730","464","2595","309"
"2018-06-01","-4.08","3074955","3074955","1717","1769","2575","1179"
"2018-05-31","3.29","2540155","2540155","1790","1454","2685","969"
"2018-05-30","3.77","7826400","7826400","1733","4500","2600","3000"
"2018-05-29","6.57","17314530","17314530","1670","10415","2505","6943"
"2018-05-28","0.45","3259580","3259580","1567","2087","2350","1391"
"2018-05-25","1.76","13455000","13455000","1560","8729","2340","5819"
"2018-05-24","0","3816560","3816560","1533","2490","2300","1660"
"2018-05-23","2.2","14040025","14040025","1533","9327","2300","6218"
"2018-05-22","7.14","1541410","1541410","1500","1095","2250","730"
"2018-05-18","-0.21","4811360","4811360","1400","3428","2100","2285"
"2018-05-17","-4.1","5854545","5854545","1403","4169","2105","2779"
"2018-05-16","4.5","3008845","3008845","1463","2093","2195","1395"
"2018-05-15","-2.1","7635585","7635585","1400","5345","2100","3563"
"2018-05-14","7.28","2961160","2961160","1430","2093","2145","1395"
"2018-05-11","0","6347370","6347370","1333","4604","2000","3069"
"2018-05-09","-6.98","3945000","3945000","1333","2889","2000","1926"
"2018-05-08","0","2020500","2020500","1433","1395","2150","930"
"2018-05-07","-1.65","8197025","8197025","1433","5711","2150","3807"
"2018-05-04","-2.67","1029300","1029300","1457","716","2185","477"
"2018-05-03","-4.47","2492575","2492575","1497","1698","2245","1132"
"2018-05-02","0","1427000","1427000","1567","930","2350","620"
"2018-04-30","6.82","425350","425350","1567","272","2350","181"
"2018-04-27","-6.38","5578370","5578370","1467","3750","2200","2500"
"2018-04-26","1.56","8219205","8219205","1567","5189","2350","3459"
"2018-04-25","0.19","2778335","2778335","1543","1784","2315","1189"
"2018-04-24","0","1438570","1438570","1540","924","2310","616"
"2018-04-23","-3.75","2854650","2854650","1540","1826","2310","1217"
"2018-04-20","0.44","1373220","1373220","1600","852","2400","568"
"2018-04-19","-0.44","5944235","5944235","1593","3711","2390","2474"
"2018-04-18","-1.84","2157810","2157810","1600","1347","2400","898"
"2018-04-17","-0.18","874510","874510","1630","548","2445","365"
"2018-04-16","0.18","2003600","2003600","1633","1233","2450","822"
"2018-04-13","-2.22","2855130","2855130","1630","1734","2445","1156"
"2018-04-12","-1.94","7961635","7961635","1667","4742","2500","3161"
"2018-04-11","-0.41","4445165","4445165","1700","2598","2550","1732"
"2018-04-10","-1.5","1072380","1072380","1707","623","2560","415"
"2018-04-09","0.17","1248250","1248250","1733","722","2600","481"
"2018-04-06","-0.17","4182260","4182260","1730","2462","2595","1641"
"2018-04-05","-5.46","4630825","4630825","1733","2582","2600","1721"
"2018-04-04","-6.81","635750","635750","1833","347","2750","231"
"2018-04-03","1.76","10966000","10966000","1967","5915","2950","3943"
"2018-03-30","-1.73","615550","615550","1933","318","2900","212"
"2018-03-29","0.36","2725745","2725745","1967","1419","2950","946"
"2018-03-28","1.55","2695830","2695830","1960","1397","2940","931"
"2018-03-27","-0.16","14879010","14879010","1930","7662","2895","5108"
"2018-03-26","-1.53","549005","549005","1933","284","2900","189"
"2018-03-23","0","4374160","4374160","1963","2292","2945","1528"
"2018-03-22","-0.2","3974450","3974450","1963","2022","2945","1348"
"2018-03-21","-1.3","2792500","2792500","1967","1403","2950","935"
"2018-03-20","-0.35","3817770","3817770","1993","1917","2990","1278"
"2018-03-19","-3.24","43669970","43669970","2000","21687","3000","14458"
"2018-03-16","4.92","17786500","17786500","2067","8924","3100","5949"
"2018-03-15","0.15","1510605","1510605","1970","761","2955","507"
"2018-03-14","-4.84","29169745","29169745","1967","14543","2950","9695"
"2018-03-13","7.27","78967805","78967805","2067","39534","3100","26356"
"2018-03-12","3.44","6257970","6257970","1927","3338","2890","2225"
"2018-03-09","-3.62","3274270","3274270","1863","1737","2795","1158"
"2018-03-08","0","9668195","9668195","1933","5130","2900","3420"
"2018-03-07","-3.69","11593900","11593900","1933","5879","2900","3919"
"2018-03-06","-7.38","37244975","37244975","2007","17573","3010","11715"
"2018-03-05","1.59","6817915","6817915","2167","3125","3250","2083"
"2018-03-02","2.7","10250750","10250750","2133","4719","3200","3146"
"2018-03-01","7.45","22223380","22223380","2077","10722","3115","7148"
"2018-02-28","3.54","5531785","5531785","1933","2846","2900","1897"
"2018-02-27","0","9457570","9457570","1867","5063","2800","3375"
"2018-02-26","0","3435200","3435200","1867","1851","2800","1234"
"2018-02-23","0","2827450","2827450","1867","1515","2800","1010"
"2018-02-22","0","10992015","10992015","1867","5921","2800","3947"
"2018-02-21","0","6655450","6655450","1867","3567","2800","2378"
"2018-02-20","0.38","9680000","9680000","1867","5186","2800","3457"
"2018-02-19","-0.53","5202050","5202050","1860","2787","2790","1858"
"2018-02-16","0.16","7104295","7104295","1870","3915","2805","2610"
"2018-02-15","4.3","92112260","92112260","1867","51624","2800","34416"
"2018-02-14","0.17","2014000","2014000","1790","1121","2685","747"
"2018-02-13","-7.41","2918425","2918425","1787","1608","2680","1072"
"2018-02-12","-1.88","7223590","7223590","1930","3666","2895","2444"
"2018-02-09","-6.64","14062345","14062345","1967","6788","2950","4525"
"2018-02-08","7.5","1239000","1239000","2107","638","3160","425"
"2018-02-07","7.52","3110800","3110800","1960","1590","2940","1060"
"2018-02-06","7.42","4895260","4895260","1823","2814","2735","1876"
"2018-02-05","0","7275175","7275175","1697","4365","2545","2910"
"2018-02-02","2.23","25450","25450","1697","15","2545","10"
"2018-02-01","-2.18","1481905","1481905","1660","885","2490","590"
"2018-01-31","1.8","5041790","5041790","1697","3018","2545","2012"
"2018-01-30","-1.77","3094240","3094240","1667","1854","2500","1236"
"2018-01-29","2.66","17370830","17370830","1697","10415","2545","6943"
"2018-01-26","-0.42","2926095","2926095","1653","1763","2480","1175"
"2018-01-25","-0.6","5723560","5723560","1660","3443","2490","2295"
"2018-01-24","0.18","7075950","7075950","1670","4241","2505","2827"
"2018-01-23","-1.94","4731480","4731480","1667","2834","2500","1889"
"2018-01-22","0","4928500","4928500","1700","2955","2550","1970"
"2018-01-19","2.6","531525","531525","1700","318","2550","212"
"2018-01-18","0.24","311250","311250","1657","188","2485","125"
"2018-01-17","-0.84","3483050","3483050","1653","2102","2480","1401"
"2018-01-16","0.85","2791980","2791980","1667","1683","2500","1122"
"2018-01-15","0.18","1386665","1386665","1653","839","2480","559"
"2018-01-12","2.93","4092015","4092015","1650","2525","2475","1683"
"2018-01-11","-3.26","7122405","7122405","1603","4358","2405","2905"
"2018-01-10","0","3658830","3658830","1657","2217","2485","1478"
"2018-01-09","-0.6","614500","614500","1657","375","2485","250"
"2018-01-08","0","1381975","1381975","1667","842","2500","561"
"2018-01-05","4.19","130000","130000","1667","78","2500","52"
"2018-01-04","0","6471400","6471400","1600","4037","2400","2691"
"2018-01-03","0","1662665","1662665","1600","1028","2400","685"
"2018-01-02","-4.02","4796150","4796150","1600","2955","2400","1970"
"2017-12-29","0","2619100","2619100","1667","1596","2500","1064"
"2017-12-28","0","3222715","3222715","1667","1971","2500","1314"
"2017-12-27","5.31","2083000","2083000","1667","1301","2500","867"
"2017-12-26","-1.06","7055950","7055950","1583","4367","2375","2911"
"2017-12-22","-1.84","2223475","2223475","1600","1394","2400","929"
"2017-12-21","0.18","341700","341700","1630","210","2445","140"
"2017-12-20","4.09","1206400","1206400","1627","765","2440","510"
"2017-12-19","-4.29","1534035","1534035","1563","995","2345","663"
"2017-12-18","4.48","1984600","1984600","1633","1245","2450","830"
"2017-12-15","4.2","2462670","2462670","1563","1629","2345","1086"
"2017-12-14","-4.03","900920","900920","1500","591","2250","394"
"2017-12-13","-2.31","5132575","5132575","1563","3291","2345","2194"
"2017-12-12","0","3961430","3961430","1600","2558","2400","1705"
"2017-12-11","-0.44","597110","597110","1600","366","2400","244"
"2017-12-08","-3.6","1066895","1066895","1607","647","2410","431"
"2017-12-07","6.86","942860","942860","1667","569","2500","379"
"2017-12-06","6.34","1498250","1498250","1560","971","2340","647"
"2017-12-05","2.37","902000","902000","1467","615","2200","410"
"2017-12-04","-2.32","2268300","2268300","1433","1559","2150","1039"
"2017-11-30","0","897600","897600","1467","612","2200","408"
"2017-11-29","-4.74","5733710","5733710","1467","3863","2200","2575"
"2017-11-28","-6.5","2830235","2830235","1540","1794","2310","1196"
"2017-11-27","2.94","2449240","2449240","1647","1538","2470","1025"
"2017-11-24","2.11","726200","726200","1600","453","2400","302"
"2017-11-23","-2.06","5060900","5060900","1567","3134","2350","2089"
"2017-11-22","4.37","4125050","4125050","1600","2549","2400","1699"
"2017-11-21","0","3989960","3989960","1533","2546","2300","1697"
"2017-11-20","6.98","3252195","3252195","1533","2130","2300","1420"
"2017-11-17","1.85","289640","289640","1433","203","2150","135"
"2017-11-16","3.68","9912180","9912180","1407","7034","2110","4689"
"2017-11-14","-7.5","1628000","1628000","1357","1200","2035","800"
"2017-11-13","-4.31","6338975","6338975","1467","4460","2200","2973"
"2017-11-10","-0.65","6063290","6063290","1533","4068","2300","2712"
"2017-11-09","-7.44","1676965","1676965","1543","1083","2315","722"
"2017-11-08","-7.39","4269050","4269050","1667","2520","2500","1680"
"2017-11-07","0","4914635","4914635","1800","2712","2700","1808"
"2017-11-06","-1.8","2251965","2251965","1800","1227","2700","818"
"2017-11-03","0.16","6060820","6060820","1833","3263","2750","2175"
"2017-11-02","-5.33","181110","181110","1830","98","2745","65"
"2017-10-31","-3.35","536050","536050","1933","270","2900","180"
"2017-10-30","-1.62","86500","86500","2000","45","3000","30"
"2017-10-27","-1.64","733600","733600","2033","360","30500","24"
"2017-10-26","0","2759000","2759000","2067","1335","31000","89"
"2017-10-25","-1.57","5795725","5795725","2067","2775","31000","185"
"2017-10-24","1.6","9080375","9080375","2100","4350","31500","290"
"2017-10-23","-0.96","31031040","31031040","2067","15015","31000","1001"
"2017-10-20","0.97","5648540","5648540","2087","2715","31300","181"
"2017-10-19","-0.96","1968300","1968300","2067","960","31000","64"
"2017-10-18","2.66","2443600","2443600","2087","1185","31300","79"
"2017-10-17","-1.64","21314990","21314990","2033","10320","30500","688"
"2017-10-16","-1.57","19494410","19494410","2067","9435","31000","629"
"2017-10-13","0","15688010","15688010","2100","7590","31500","506"
"2017-10-12","-0.94","3156000","3156000","2100","1515","31500","101"
"2017-10-11","-0.28","2299900","2299900","2120","1110","31795","74"
"2017-10-10","-1.89","33850430","33850430","2126","16350","31895","1090"
"2017-10-09","0","4333950","4333950","2167","2085","32500","139"
"2017-10-06","2.56","23990600","23990600","2167","11355","32500","757"
"2017-10-05","2.23","21623500","21623500","2113","10650","31700","710"
"2017-10-04","0","19028500","19028500","2067","9210","31000","614"
"2017-10-03","0","5465250","5465250","2067","2760","31000","184"
"2017-10-02","0","2116000","2116000","2067","1050","31000","70"
"2017-09-29","6.93","15604025","15604025","2067","7560","31000","504"
"2017-09-28","0","1740000","1740000","1933","900","29000","60"
"2017-09-27","-3.35","258900","258900","1933","135","29000","9"
"2017-09-26","7.12","5824560","5824560","2000","3105","30000","207"
"2017-09-25","-6.28","12824000","12824000","1867","6870","28000","458"
"2017-09-22","-2.02","298800","298800","1992","150","29880","10"
"2017-09-21","1.65","34767415","34767415","2033","17130","30500","1142"
"2017-09-20","0","27028690","27028690","2000","13515","30000","901"
"2017-09-19","0","18207400","18207400","2000","9105","30000","607"
"2017-09-18","0.05","10599950","10599950","2000","5295","30000","353"
"2017-09-15","-0.05","1259785","1259785","1999","630","29990","42"
"2017-09-14","0","25109975","25109975","2000","12555","30000","837"
"2017-09-13","-0.4","14086485","14086485","2000","7035","30000","469"
"2017-09-12","0","11249170","11249170","2008","5550","30115","370"
"2017-09-11","0.05","9985735","9985735","2008","4965","30115","331"
"2017-09-08","0","3827680","3827680","2007","1905","30105","127"
"2017-09-07","0","13921910","13921910","2007","6855","30105","457"
"2017-09-06","0","10560085","10560085","2007","5235","30105","349"
"2017-09-05","-1.28","12308000","12308000","2007","6060","30100","404"
"2017-09-04","-1.64","4244500","4244500","2033","2070","30500","138"
"2017-08-31","0","4189400","4189400","2067","2070","31000","138"
"2017-08-30","2.99","310000","310000","2067","150","31000","10"
"2017-08-29","0.35","15472330","15472330","2007","7620","30100","508"
"2017-08-28","0","31116260","31116260","2000","15540","30005","1036"
"2017-08-25","0","2457100","2457100","2000","1230","30000","82"
"2017-08-24","0","3660000","3660000","2000","1830","30000","122"
"2017-08-23","0","3990015","3990015","2000","1995","30000","133"
"2017-08-22","0","6570010","6570010","2000","3285","30000","219"
"2017-08-21","0","1202650","1202650","2000","600","30000","40"
"2017-08-18","0","334950","334950","2000","165","30000","11"
"2017-08-17","0","6152010","6152010","2000","3075","30000","205"
"2017-08-16","-1.62","8408500","8408500","2000","4155","30000","277"
"2017-08-14","0","10702970","10702970","2033","5250","30500","350"
"2017-08-11","-1.64","183000","183000","2033","90","30500","6"
"2017-08-10","1.67","2432000","2432000","2067","1185","31000","79"
"2017-08-09","0.99","2612750","2612750","2033","1290","30500","86"
"2017-08-08","-2.61","14570675","14570675","2013","7155","30200","477"
"2017-08-04","0","4824795","4824795","2067","2370","31000","158"
"2017-08-03","1.62","1011570","1011570","2067","495","31000","33"
"2017-08-02","0.05","518515","518515","2034","255","30505","17"
"2017-08-01","0.99","305000","305000","2033","150","30500","10"
"2017-07-31","-2.57","1426500","1426500","2013","705","30200","47"
"2017-07-28","2.63","666425","666425","2066","330","30985","22"
"2017-07-27","-2.61","368815","368815","2013","180","30200","12"
"2017-07-26","2.99","4056950","4056950","2067","1965","31000","131"
"2017-07-25","0.35","120100","120100","2007","60","30100","4"
"2017-07-24","-3.24","990000","990000","2000","495","30000","33"
"2017-07-21","3.35","1702000","1702000","2067","825","31000","55"
"2017-07-20","-3.24","10013000","10013000","2000","4995","30000","333"
"2017-07-19","0","512000","512000","2067","255","31000","17"
"2017-07-18","3.35","2288000","2288000","2067","1140","31000","76"
"2017-07-17","0","2790000","2790000","2000","1395","30000","93"
"2017-07-14","0","5160000","5160000","2000","2580","30000","172"
"2017-07-13","0","3449965","3449965","2000","1710","30000","114"
"2017-07-12","-4.76","6952800","6952800","2000","3420","30000","228"
"2017-07-11","-4.55","1527995","1527995","2100","720","31495","48"
"2017-07-10","3.43","3102620","3102620","2200","1425","33000","95"
"2017-07-07","6.35","9185830","9185830","2127","4590","31900","306"
"2017-07-06","0","1140000","1140000","2000","570","30000","38"
"2017-07-05","0","11284500","11284500","2000","5640","30000","376"
"2017-07-04","0.15","3316850","3316850","2000","1635","30000","109"
"2017-07-03","-7.5","5482680","5482680","1997","2745","29960","183"
"2017-06-30","-7.5","2753415","2753415","2159","1275","32385","85"
"2017-06-29","-1.39","15895650","15895650","2334","6720","35010","448"
"2017-06-28","0","639000","639000","2367","270","35500","18"
"2017-06-27","0","630960","630960","2367","270","35500","18"
"2017-06-23","-3.98","12433805","12433805","2367","5070","71000","169"
"2017-06-21","-0.72","36069820","36069820","2465","14550","73950","485"
"2017-06-20","-0.68","49922050","49922050","2483","19980","74500","666"
"2017-06-19","0","17249235","17249235","2500","6900","75000","230"
"2017-06-16","1.01","52462855","52462855","2500","21090","75000","703"
"2017-06-15","1.73","11324400","11324400","2475","4590","74250","153"
"2017-06-14","0.66","2781960","2781960","2433","1140","73000","38"
"2017-06-13","-2.66","2864480","2864480","2417","1170","72505","39"
"2017-06-12","2.06","11374330","11374330","2483","4680","74500","156"
"2017-06-09","2.79","35556535","35556535","2433","14520","73000","484"
"2017-06-08","0.72","31994590","31994590","2367","13530","71000","451"
"2017-06-07","-4.74","25255000","25255000","2350","10710","70500","357"
"2017-06-06","-0.28","16819820","16819820","2467","6810","74000","227"
"2017-06-02","-0.64","7454600","7454600","2474","3000","74210","100"
"2017-06-01","0.12","9475920","9475920","2490","3810","74700","127"
"2017-05-31","-0.52","8242275","8242275","2487","3300","74605","110"
"2017-05-30","0","15756580","15756580","2500","6330","75000","211"
"2017-05-29","0","16929565","16929565","2500","6810","74995","227"
"2017-05-26","0.12","9346460","9346460","2500","3750","75000","125"
"2017-05-24","1.18","17014465","17014465","2497","6810","74900","227"
"2017-05-23","-0.6","14452005","14452005","2468","5820","74050","194"
"2017-05-22","-0.68","8570140","8570140","2483","3450","74500","115"
"2017-05-19","0.12","16933945","16933945","2500","6780","74995","226"
"2017-05-18","0","16421170","16421170","2497","6570","74900","219"
"2017-05-17","0.52","8593610","8593610","2497","3450","74900","115"
"2017-05-16","0.69","4322740","4322740","2484","1740","74510","58"
"2017-05-15","-0.64","5920580","5920580","2467","2400","74000","80"
"2017-05-12","0.65","1862570","1862570","2483","750","74500","25"
"2017-05-11","0","27084435","27084435","2467","10980","74005","366"
"2017-05-10","0","10291065","10291065","2467","4170","74005","139"
"2017-05-09","-1.32","60384030","60384030","2467","24480","74000","816"
"2017-05-08","0","15741720","15741720","2500","6420","75000","214"
"2017-05-05","0","12786545","12786545","2500","5130","74995","171"
"2017-05-04","0.64","23099405","23099405","2500","9270","75000","309"
"2017-05-03","0.44","13777455","13777455","2484","5550","74505","185"
"2017-05-02","0.12","4449405","4449405","2473","1800","74200","60"
"2017-04-28","-1.2","22564865","22564865","2470","9090","74105","303"
"2017-04-27","-0.68","39519565","39519565","2500","15780","75000","526"
"2017-04-26","0.68","9015145","9015145","2517","3600","75505","120"
"2017-04-25","1.21","19806790","19806790","2500","7980","75000","266"
"2017-04-24","0","2672205","2672205","2470","1080","74105","36"
"2017-04-21","-1.2","31235500","31235500","2470","12570","74100","419"
"2017-04-20","1.34","16874895","16874895","2500","6840","75000","228"
"2017-04-19","0","12876490","12876490","2467","5220","74000","174"
"2017-04-18","-1.32","21389760","21389760","2467","8670","73995","289"
"2017-04-14","-1.96","7506365","7506365","2500","3000","75000","100"
"2017-04-13","0","40493765","40493765","2550","16050","76500","535"
"2017-04-12","1.59","23248250","23248250","2550","9240","76500","308"
"2017-04-11","0.2","6475215","6475215","2510","2580","75300","86"
"2017-04-10","0.16","6534090","6534090","2505","2610","75150","87"
"2017-04-07","0.04","37629210","37629210","2501","15090","75025","503"
"2017-04-06","1.34","8809650","8809650","2500","3540","75000","118"
"2017-04-05","0","58778500","58778500","2467","23730","74000","791"
"2017-04-04","-0.64","34836295","34836295","2467","13950","74000","465"
"2017-04-03","0.04","7133250","7133250","2483","2880","74500","96"
"2017-03-31","3.42","22389000","22389000","2482","9090","74450","303"
"2017-03-30","1.39","11193860","11193860","2400","4650","72000","155"
"2017-03-29","1.41","11865785","11865785","2367","4950","71005","165"
"2017-03-28","-6.64","14040055","14040055","2334","5880","70010","196"
"2017-03-27","-3.21","22898860","22898860","2500","9150","75000","305"
"2017-03-24","1.81","42302790","42302790","2583","16530","77500","551"
"2017-03-23","7.5","184331065","184331065","2537","75120","76120","2504"
"2017-03-22","7.47","6868570","6868570","2360","2910","70810","97"
"2017-03-21","7.49","39983090","39983090","2196","18210","65870","607"
"2017-03-20","7.53","301690900","301690900","2043","149070","61275","4969"
"2017-03-17","1.01","53265955","53265955","1900","26880","57000","896"
"2017-03-16","7.49","51621810","51621810","1881","28530","56435","951"
"2017-03-15","7.16","23943500","23943500","1750","14220","52500","474"
"2017-03-14","-0.24","25507400","25507400","1633","15480","49000","516"
"2017-03-13","0.18","2258600","2258600","1637","1380","49100","46"
"2017-03-10","0.86","3575430","3575430","1634","2190","49005","73"
"2017-03-09","-0.8","3988200","3988200","1620","2460","48600","82"
"2017-03-08","0.99","2155775","2155775","1633","1320","49000","44"
"2017-03-07","-0.98","4388910","4388910","1617","2700","48500","90"
"2017-03-06","0","1665950","1665950","1633","1020","48995","34"
"2017-03-03","-2.04","3499255","3499255","1633","2100","49000","70"
"2017-03-02","-0.24","9256835","9256835","1667","5550","50000","185"
"2017-03-01","-3.58","18284870","18284870","1671","10740","50120","358"
"2017-02-28","0.87","25874900","25874900","1733","14940","52000","498"
"2017-02-27","-0.12","11586200","11586200","1718","6750","51550","225"
"2017-02-24","7.5","10104680","10104680","1720","5970","51605","199"
"2017-02-23","0","2768025","2768025","1600","1740","48005","58"
"2017-02-22","0","1440000","1440000","1600","900","48000","30"
"2017-02-21","-3.03","4350040","4350040","1600","2700","48000","90"
"2017-02-20","0","3366050","3366050","1650","2040","49500","68"
"2017-02-17","0","8877000","8877000","1650","5340","49500","178"
"2017-02-16","-1.02","62843355","62843355","1650","38100","49500","1270"
"2017-02-15","0","1650000","1650000","1667","990","50000","33"
"2017-02-14","0","2149975","2149975","1667","1290","50000","43"
"2017-02-13","0.24","2996090","2996090","1667","1800","50000","60"
"2017-02-10","0.18","998950","998950","1663","600","49900","20"
"2017-02-09","1.65","7013800","7013800","1660","4230","49800","141"
"2017-02-08","-0.06","4902880","4902880","1633","3000","49000","100"
"2017-02-07","0.06","1730175","1730175","1634","1050","49015","35"
"2017-02-06","2.06","1760605","1760605","1633","1080","49000","36"
"2017-02-03","-2.02","2822500","2822500","1600","1740","48000","58"
"2017-02-02","0","2674820","2674820","1633","1620","49000","54"
"2017-02-01","-0.06","3675540","3675540","1633","2250","49000","75"
"2017-01-31","0.06","588020","588020","1634","360","49005","12"
"2017-01-30","0.99","1903500","1903500","1633","1170","49000","39"
"2017-01-27","1.06","48500","48500","1617","30","48500","1"
"2017-01-26","0","3211460","3211460","1600","2010","48000","67"
"2017-01-25","-3.03","19204000","19204000","1600","12000","48000","400"
"2017-01-24","0","1485500","1485500","1650","900","49500","30"
"2017-01-23","-1.02","2193565","2193565","1650","1320","49505","44"
"2017-01-20","1.03","4200000","4200000","1667","2520","50000","84"
"2017-01-19","0","1948515","1948515","1650","1170","49505","39"
"2017-01-18","0","3940760","3940760","1650","2400","49500","80"
"2017-01-17","1.04","741200","741200","1650","450","49500","15"
"2017-01-16","-0.85","10900125","10900125","1633","6660","49000","222"
"2017-01-13","0.61","2320225","2320225","1647","1410","49400","47"
"2017-01-12","0.18","638350","638350","1637","390","49100","13"
"2017-01-11","-1.98","4376815","4376815","1634","2670","49005","89"
"2017-01-10","0","1100000","1100000","1667","660","50000","22"
"2017-01-09","-3.08","1250000","1250000","1667","750","50000","25"
"2017-01-06","7.5","4224155","4224155","1720","2580","51600","86"
"2017-01-05","0","2496125","2496125","1600","1560","48000","52"
"2017-01-04","2.11","288000","288000","1600","180","48000","6"
"2017-01-03","1.1","14569950","14569950","1567","9300","47000","310"
"2017-01-02","-1.08","614500","614500","1550","390","46500","13"
"2016-12-30","-1.01","1365500","1365500","1567","870","47000","29"
"2016-12-29","0","5175000","5175000","1583","3300","47500","110"
"2016-12-28","1.02","802205","802205","1583","510","47500","17"
"2016-12-27","0","799000","799000","1567","510","47000","17"
"2016-12-23","0","2855000","2855000","1567","1860","47000","62"
"2016-12-22","0","8373000","8373000","1567","5340","47000","178"
"2016-12-21","2.22","329000","329000","1567","210","47000","7"
"2016-12-20","-2.17","873700","873700","1533","570","46000","19"
"2016-12-19","0","893000","893000","1567","570","47000","19"
"2016-12-16","-1.63","2919700","2919700","1567","1830","47000","61"
"2016-12-15","-0.44","239000","239000","1593","150","47800","5"
"2016-12-14","-2.91","1695000","1695000","1600","1050","48000","35"
"2016-12-13","7.5","1240250","1240250","1648","810","49450","27"
"2016-12-09","2.2","1036035","1036035","1533","690","46000","23"
"2016-12-08","0","1485000","1485000","1500","990","45000","33"
"2016-12-07","-2.79","4151025","4151025","1500","2760","45000","92"
"2016-12-06","-5.51","9463950","9463950","1543","6120","46300","204"
"2016-12-05","0.99","4606000","4606000","1633","2820","49000","94"
"2016-12-02","5.48","3367000","3367000","1617","2160","48500","72"
"2016-12-01","-0.52","4351000","4351000","1533","2820","46000","94"
"2016-11-30","0","4714950","4714950","1541","3060","46225","102"
"2016-11-29","7.54","1479200","1479200","1541","960","46225","32"
"2016-11-28","0","5203000","5203000","1433","3630","43000","121"
"2016-11-24","4.83","2270525","2270525","1433","1620","43000","54"
"2016-11-23","0","9717000","9717000","1367","7110","41000","237"
"2016-11-22","2.55","4688480","4688480","1367","3420","41000","114"
"2016-11-21","-4.58","522500","522500","1333","390","40000","13"
"2016-11-18","2.19","4773700","4773700","1397","3540","41900","118"
"2016-11-17","1.94","1021025","1021025","1367","750","41000","25"
"2016-11-16","-6.42","3495920","3495920","1341","2490","40215","83"
"2016-11-14","1.13","387000","387000","1433","270","43000","9"
"2016-11-11","5.67","5322680","5322680","1417","3840","42500","128"
"2016-11-10","-7.45","3378060","3378060","1341","2520","40215","84"
"2016-11-09","-7.53","894750","894750","1449","600","43475","20"
"2016-11-08","-5.03","918490","918490","1567","570","47000","19"
"2016-11-07","-1.02","1980000","1980000","1650","1200","49500","40"
"2016-11-04","5.24","10000000","10000000","1667","6000","50000","200"
"2016-11-03","-4.98","3421420","3421420","1584","2160","47510","72"
"2016-11-02","0","1633750","1633750","1667","1050","50000","35"
"2016-10-31","0","249975","249975","1667","150","49995","5"
"2016-10-27","0","2800000","2800000","1667","1680","50000","56"
"2016-10-26","0","500000","500000","1667","300","50000","10"
"2016-10-25","0","10700000","10700000","1667","6420","50000","214"
"2016-10-24","0","500000","500000","1667","300","50000","10"
"2016-10-21","0","3250000","3250000","1667","1950","50000","65"
"2016-10-20","-5.66","2552000","2552000","1667","1530","50000","51"
"2016-10-18","0","688975","688975","1767","390","53000","13"
"2016-10-17","-3.6","1229500","1229500","1767","690","53000","23"
"2016-10-13","0","4510000","4510000","1833","2460","55000","82"
"2016-10-12","0","3355000","3355000","1833","1830","55000","61"
"2016-10-11","0","2695000","2695000","1833","1470","55000","49"
"2016-10-10","0","550000","550000","1833","300","55000","10"
"2016-10-07","0","4790400","4790400","1833","2610","55000","87"
"2016-10-06","1.83","4505770","4505770","1833","2520","55000","84"
"2016-10-05","0","4579500","4579500","1800","2520","54000","84"
"2016-10-04","1.87","1890000","1890000","1800","1050","54000","35"
"2016-10-03","-1.83","1697990","1697990","1767","960","53000","32"
"2016-09-30","-0.88","10267600","10267600","1800","5700","54000","190"
"2016-09-29","4.79","1743990","1743990","1816","960","54490","32"
"2016-09-28","-4.62","3296000","3296000","1733","1890","52000","63"
"2016-09-27","-0.87","2467000","2467000","1817","1350","54500","45"
"2016-09-26","0","5115000","5115000","1833","2790","55000","93"
"2016-09-23","-6.81","7948600","7948600","1833","4170","55000","139"
"2016-09-22","-4.84","5343510","5343510","1967","2670","59000","89"
"2016-09-21","-0.77","13480000","13480000","2067","6510","62000","217"
"2016-09-20","-0.81","2815500","2815500","2083","1350","62500","45"
"2016-09-19","0.82","6552000","6552000","2100","3120","63000","104"
"2016-09-16","-2.34","2213000","2213000","2083","1050","62500","35"
"2016-09-15","0","64000","64000","2133","30","64000","1"
"2016-09-14","1.57","5071750","5071750","2133","2400","64000","80"
"2016-09-13","-2.69","2470000","2470000","2100","1170","63000","39"
"2016-09-09","0","4708460","4708460","2158","2190","64750","73"
"2016-09-08","0.98","965060","965060","2158","450","64750","15"
"2016-09-07","-0.97","3470990","3470990","2137","1620","64100","54"
"2016-09-06","-6.86","5181500","5181500","2158","2400","64750","80"
"2016-09-05","6.92","6687455","6687455","2317","3000","69500","100"
"2016-09-02","1.59","585015","585015","2167","270","65000","9"
"2016-09-01","-1.11","1216000","1216000","2133","570","64000","19"
"2016-08-31","7.47","64720","64720","2157","30","64720","1"
"2016-08-30","0","3492235","3492235","2007","1740","60205","58"
"2016-08-29","0.35","7868620","7868620","2007","3930","60200","131"
"2016-08-26","1.68","360000","360000","2000","180","60000","6"
"2016-08-25","-1.65","3039225","3039225","1967","1530","59000","51"
"2016-08-24","0","5400020","5400020","2000","2700","60000","90"
"2016-08-23","0","7260035","7260035","2000","3630","60005","121"
"2016-08-22","0","420000","420000","2000","210","60000","7"
"2016-08-19","0","900000","900000","2000","450","60000","15"
"2016-08-18","0","960000","960000","2000","480","60000","16"
"2016-08-17","-1.62","2646000","2646000","2000","1320","60000","44"
"2016-08-16","2.47","8601005","8601005","2033","4230","61000","141"
"2016-08-12","-0.8","2797090","2797090","1984","1410","59510","47"
"2016-08-11","0","7027485","7027485","2000","3540","59995","118"
"2016-08-10","0","1620000","1620000","2000","810","60000","27"
"2016-08-09","0","4200000","4200000","2000","2100","60000","70"
"2016-08-05","-0.15","4441085","4441085","2000","2220","60000","74"
"2016-08-04","0","5164630","5164630","2003","2580","60075","86"
"2016-08-03","-0.1","5347825","5347825","2003","2670","60075","89"
"2016-08-02","-1.38","5060300","5060300","2005","2520","60150","84"
"2016-08-01","0","1769000","1769000","2033","870","61000","29"
"2016-07-29","0.79","6582700","6582700","2033","3270","61000","109"
"2016-07-28","2.39","10162720","10162720","2017","5100","60500","170"
"2016-07-27","0.15","5320745","5320745","1970","2700","59110","90"
"2016-07-26","0","944000","944000","1967","480","59000","16"
"2016-07-25","0","472000","472000","1967","240","59000","8"
"2016-07-22","0","6312095","6312095","1967","3210","59000","107"
"2016-07-21","0","7021285","7021285","1967","3570","59005","119"
"2016-07-20","0","7791500","7791500","1967","3960","59000","132"
"2016-07-19","-6.33","1835000","1835000","1967","930","59000","31"
"2016-07-14","-1.55","6416500","6416500","2100","3030","63000","101"
"2016-07-13","-0.79","8271000","8271000","2133","3840","64000","128"
"2016-07-12","-0.78","22640750","22640750","2150","10530","64500","351"
"2016-07-11","-1.5","7619600","7619600","2167","3510","65000","117"
"2016-07-08","0","10362100","10362100","2200","4710","66000","157"
"2016-07-07","1.52","41057055","41057055","2200","18870","66000","629"
"2016-07-05","0","14885000","14885000","2167","6870","65000","229"
"2016-07-04","-1.5","5898030","5898030","2167","2700","65000","90"
"2016-07-01","1.52","5756630","5756630","2200","2640","65990","88"
"2016-06-30","-1.5","45225565","45225565","2167","20760","65000","692"
"2016-06-29","0","3310190","3310190","2200","1500","66005","50"
"2016-06-28","0.14","20393900","20393900","2200","9270","66000","309"
"2016-06-27","-0.14","5658500","5658500","2197","2580","65900","86"
"2016-06-24","0","39934080","39934080","2200","18180","66000","606"
"2016-06-23","0","55634875","55634875","2200","25290","66000","843"
"2016-06-22","0.78","131831675","131831675","2200","60300","66000","2010"
"2016-06-21","-0.77","3943000","3943000","2183","1800","65500","60"
"2016-06-20","0","25315310","25315310","2200","11640","65995","388"
"2016-06-17","0","36363600","36363600","2200","16530","66000","551"
"2016-06-16","1.52","30590250","30590250","2200","13920","66000","464"
"2016-06-15","0","8775000","8775000","2167","4050","65000","135"
"2016-06-14","-1.5","21901000","21901000","2167","10110","65000","337"
"2016-06-13","3.92","5976085","5976085","2200","2760","66000","92"
"2016-06-10","-0.75","9218270","9218270","2117","4320","63500","144"
"2016-06-09","0","11050000","11050000","2133","5130","64000","171"
"2016-06-08","0.76","2649685","2649685","2133","1230","63995","41"
"2016-06-07","-0.75","5830395","5830395","2117","2730","63500","91"
"2016-06-06","-1.57","4695000","4695000","2133","2190","64000","73"
"2016-06-03","-0.14","30096730","30096730","2167","13770","65000","459"
"2016-06-01","0","14252810","14252810","2170","6480","65100","216"
"2016-05-31","-3.56","4686400","4686400","2170","2130","65100","71"
"2016-05-30","-1.32","17055500","17055500","2250","7530","67500","251"
"2016-05-27","0","1028105","1028105","2280","450","68400","15"
"2016-05-26","0","1504800","1504800","2280","660","68400","22"
"2016-05-25","0.57","8588500","8588500","2280","3780","68400","126"
"2016-05-24","0","12837130","12837130","2267","5610","68000","187"
"2016-05-23","0","14756350","14756350","2267","6510","68005","217"
"2016-05-20","-1.43","4756000","4756000","2267","2070","68000","69"
"2016-05-19","-2.83","5486000","5486000","2300","2370","69000","79"
"2016-05-18","0","1566000","1566000","2367","660","71000","22"
"2016-05-17","-5.32","25308895","25308895","2367","10410","71000","347"
"2016-05-13","1.34","3508900","3508900","2500","1410","75000","47"
"2016-05-12","0","25681315","25681315","2467","10410","74015","347"
"2016-05-11","-0.64","3639695","3639695","2467","1470","74010","49"
"2016-05-10","0.65","2911600","2911600","2483","1170","74500","39"
"2016-05-09","-1.32","6110340","6110340","2467","2460","74010","82"
"2016-05-06","-0.68","21530500","21530500","2500","8490","75000","283"
"2016-05-04","2.03","5355500","5355500","2517","2130","75500","71"
"2016-05-03","-2.61","12742550","12742550","2467","5130","74000","171"
"2016-04-29","0","1669400","1669400","2533","660","76000","22"
"2016-04-28","0","4560000","4560000","2533","1800","76000","60"
"2016-04-27","1.32","1596000","1596000","2533","630","76000","21"
"2016-04-26","0","17229700","17229700","2500","6900","75000","230"
"2016-04-25","-2.61","4432000","4432000","2500","1740","75000","58"
"2016-04-22","0","4157990","4157990","2567","1620","77000","54"
"2016-04-21","0","13826250","13826250","2567","5430","77000","181"
"2016-04-20","-0.12","20791485","20791485","2567","8100","76995","270"
"2016-04-19","1.46","3467400","3467400","2570","1350","77100","45"
"2016-04-18","-1.32","2362000","2362000","2533","930","76000","31"
"2016-04-15","0","2232950","2232950","2567","870","77000","29"
"2016-04-14","0","4306000","4306000","2567","1680","77000","56"
"2016-04-13","0","1001000","1001000","2567","390","77000","13"
"2016-04-12","0","5238500","5238500","2567","2040","77000","68"
"2016-04-11","-2.51","8805000","8805000","2567","3420","77000","114"
"2016-04-08","-1.27","3580000","3580000","2633","1350","79000","45"
"2016-04-07","0","46480100","46480100","2667","17430","80000","581"
"2016-04-06","0.64","800000","800000","2667","300","80000","10"
"2016-04-05","0.65","37876170","37876170","2650","14310","79510","477"
"2016-04-04","5.32","20557000","20557000","2633","8130","79000","271"
"2016-04-01","0.68","309422800","309422800","2500","120570","75000","4019"
"2016-03-31","-4.5","7374870","7374870","2483","2850","74500","95"
"2016-03-30","-2.51","1466000","1466000","2600","570","78000","19"
"2016-03-25","0","3834985","3834985","2667","1440","80000","48"
"2016-03-24","0","9199500","9199500","2667","3450","80000","115"
"2016-03-23","-1.77","3600000","3600000","2667","1350","80000","45"
"2016-03-22","-0.07","5138750","5138750","2715","1920","81450","64"
"2016-03-21","0.63","5812155","5812155","2717","2160","81500","72"
"2016-03-18","1.24","5510130","5510130","2700","2040","81000","68"
"2016-03-17","-2.41","2021560","2021560","2667","750","80010","25"
"2016-03-16","0","11445000","11445000","2733","4170","82000","139"
"2016-03-15","0","101188040","101188040","2733","37020","82000","1234"
"2016-03-14","-0.04","19270010","19270010","2733","7050","82000","235"
"2016-03-11","0.04","6232405","6232405","2734","2280","82015","76"
"2016-03-10","0","30144000","30144000","2733","11010","82000","367"
"2016-03-09","0.59","37140000","37140000","2733","13590","82000","453"
"2016-03-08","-0.59","8359000","8359000","2717","3060","81500","102"
"2016-03-07","0","186958480","186958480","2733","68400","82000","2280"
"2016-03-04","1.22","6665325","6665325","2733","2460","82000","82"
"2016-03-03","0.48","111905960","111905960","2700","41460","81000","1382"
"2016-03-02","0.75","3379800","3379800","2687","1260","80600","42"
"2016-03-01","-1.22","1447300","1447300","2667","540","80000","18"
"2016-02-29","0.48","42201300","42201300","2700","15450","81000","515"
"2016-02-26","0","14095050","14095050","2687","5250","80600","175"
"2016-02-25","6.75","2299505","2299505","2687","900","80600","30"
"2016-02-24","0","4077000","4077000","2517","1620","75500","54"
"2016-02-23","0.68","13967835","13967835","2517","5550","75500","185"
"2016-02-22","0","9375030","9375030","2500","3750","75000","125"
"2016-02-19","0","63825000","63825000","2500","25530","75000","851"
"2016-02-18","3.43","10263000","10263000","2500","4110","75000","137"
"2016-02-17","0.71","6952530","6952530","2417","2880","72500","96"
"2016-02-16","2.87","47082000","47082000","2400","19860","72000","662"
"2016-02-15","-3.48","16761540","16761540","2333","7170","70000","239"
"2016-02-12","-2.03","106521165","106521165","2417","45390","72500","1513"
"2016-02-11","1.23","39274720","39274720","2467","15930","74005","531"
"2016-02-10","1.54","803000","803000","2437","330","73100","11"
"2016-02-09","0.71","5256020","5256020","2400","2190","72000","73"
"2016-02-08","1.4","3127500","3127500","2383","1320","71500","44"
"2016-02-05","0.73","26640000","26640000","2350","11340","70500","378"
"2016-02-04","1.43","23277000","23277000","2333","9990","70000","333"
"2016-02-03","-1.41","1104000","1104000","2300","480","69000","16"
"2016-02-02","2.91","6855000","6855000","2333","2940","70000","98"
"2016-02-01","0","27132000","27132000","2267","11970","68000","399"
"2016-01-29","0","14053800","14053800","2267","6180","68000","206"
"2016-01-27","0.09","6800000","6800000","2267","3000","68000","100"
"2016-01-26","-0.09","13665880","13665880","2265","6030","67950","201"
"2016-01-25","0","3396300","3396300","2267","1500","67995","50"
"2016-01-22","-0.7","4692025","4692025","2267","2070","68000","69"
"2016-01-21","-2.14","1929960","1929960","2283","840","68500","28"
"2016-01-20","0","2100000","2100000","2333","900","70000","30"
"2016-01-19","0","490000","490000","2333","210","70000","7"
"2016-01-18","0","1327000","1327000","2333","570","70000","19"
"2016-01-15","5.23","6139300","6139300","2333","2700","70000","90"
"2016-01-14","0","25663000","25663000","2217","11580","66500","386"
"2016-01-13","-3.48","8859490","8859490","2217","3990","66500","133"
"2016-01-12","-1.54","8995700","8995700","2297","3930","68900","131"
"2016-01-11","0","5110000","5110000","2333","2190","70000","73"
"2016-01-08","-1.44","3930800","3930800","2333","1680","70000","56"
"2016-01-06","-4.05","2140000","2140000","2367","900","71000","30"
"2016-01-04","-6.3","1850000","1850000","2467","750","74000","25"
"2015-12-31","6.73","13016350","13016350","2633","5160","79000","172"
"2015-12-30","5.74","7171400","7171400","2467","2970","74000","99"
"2015-12-29","7.36","20449760","20449760","2333","9120","70000","304"
"2015-12-28","-6.86","2752800","2752800","2173","1260","65200","42"
"2015-12-23","4.48","8876000","8876000","2333","3810","70000","127"
"2015-12-22","0","10458000","10458000","2233","4710","67000","157"
"2015-12-21","0","7632000","7632000","2233","3420","67000","114"
"2015-12-18","2.29","41743500","41743500","2233","19080","67000","636"
"2015-12-17","-2.24","3668000","3668000","2183","1680","65500","56"
"2015-12-16","0","12675000","12675000","2233","5670","67000","189"
"2015-12-15","-1.5","14100000","14100000","2233","6300","67000","210"
"2015-12-14","-0.74","3401725","3401725","2267","1500","68005","50"
"2015-12-11","0.04","4834060","4834060","2284","2130","68505","71"
"2015-12-10","-4.88","4323260","4323260","2283","1890","68500","63"
"2015-12-09","5.87","5414000","5414000","2400","2310","72000","77"
"2015-12-08","-5.54","1428000","1428000","2267","630","68000","21"
"2015-12-07","5.12","12011020","12011020","2400","5280","72000","176"
"2015-12-04","0.71","3743890","3743890","2283","1650","68500","55"
"2015-12-03","-0.7","14014850","14014850","2267","6180","68000","206"
"2015-12-02","0.71","6874500","6874500","2283","3030","68500","101"
"2015-12-01","0","88604000","88604000","2267","39090","68000","1303"
"2015-11-30","0","4855585","4855585","2267","2130","68010","71"
"2015-11-27","-2.83","4760600","4760600","2267","2100","68010","70"
"2015-11-26","2.91","12129395","12129395","2333","5340","69995","178"
"2015-11-25","0","10233100","10233100","2267","4530","68000","151"
"2015-11-24","0","13543125","13543125","2267","6000","68000","200"
"2015-11-23","2.26","23952700","23952700","2267","10770","68000","359"
"2015-11-20","0","8498450","8498450","2217","3840","66500","128"
"2015-11-19","-6.34","7282500","7282500","2217","3300","66500","110"
"2015-11-18","0","13916000","13916000","2367","5880","71000","196"
"2015-11-17","-5.32","6950000","6950000","2367","2820","71000","94"
"2015-11-16","0","14999000","14999000","2500","6000","74995","200"
"2015-11-13","0","41174990","41174990","2500","16470","75000","549"
"2015-11-12","-3.21","17169000","17169000","2500","6810","75000","227"
"2015-11-11","0","36629500","36629500","2583","14340","77500","478"
"2015-11-10","-3.15","3929375","3929375","2583","1500","77500","50"
"2015-11-09","0","800000","800000","2667","300","80000","10"
"2015-11-05","-1.95","3840000","3840000","2667","1440","80000","48"
"2015-11-04","0.74","6178965","6178965","2720","2280","81600","76"
"2015-11-03","-0.88","16767250","16767250","2700","6150","81000","205"
"2015-11-02","0.04","8850685","8850685","2724","3240","81705","108"
"2015-10-30","-0.07","36852750","36852750","2723","13530","81700","451"
"2015-10-29","-0.29","2046240","2046240","2725","750","81750","25"
"2015-10-28","-3.53","7461060","7461060","2733","2730","82000","91"
"2015-10-27","4.04","36285500","36285500","2833","13230","85000","441"
"2015-10-26","0","1717300","1717300","2723","630","81700","21"
"2015-10-23","-0.07","1715700","1715700","2723","630","81700","21"
"2015-10-22","0","211751750","211751750","2725","77700","81750","2590"
"2015-10-21","0","36026475","36026475","2725","12570","81750","419"
"2015-10-20","-0.11","1145710","1145710","2725","420","81755","14"
"2015-10-19","0.04","49091000","49091000","2728","18000","81850","600"
"2015-10-16","-0.22","144251860","144251860","2727","52770","81810","1759"
"2015-10-15","0","14670450","14670450","2733","5370","82000","179"
"2015-10-14","0","50543050","50543050","2733","18510","82000","617"
"2015-10-13","0.59","4907130","4907130","2733","1800","82000","60"
"2015-10-12","-0.55","3423110","3423110","2717","1260","81505","42"
"2015-10-09","-0.04","48855400","48855400","2732","17970","81950","599"
"2015-10-08","0","206244800","206244800","2733","75450","82000","2515"
"2015-10-07","0","15087100","15087100","2733","5520","82000","184"
"2015-10-06","0","102336000","102336000","2733","37440","82000","1248"
"2015-10-05","-0.04","88457990","88457990","2733","32370","82000","1079"
"2015-10-02","1.26","10906010","10906010","2734","3990","82005","133"
"2015-10-01","0","211984060","211984060","2700","79440","81000","2648"
"2015-09-30","0","8927830","8927830","2700","3300","81000","110"
"2015-09-29","0","13115000","13115000","2700","4860","81000","162"
"2015-09-28","1.24","15557050","15557050","2700","5790","81000","193"
"2015-09-25","-1.22","800000","800000","2667","300","80000","10"
"2015-09-23","-1.21","810000","810000","2700","300","81000","10"
"2015-09-22","-2.39","1653000","1653000","2733","600","82000","20"
"2015-09-21","-1.16","12919000","12919000","2800","4560","84000","152"
"2015-09-18","0","255000","255000","2833","90","85000","3"
"2015-09-17","1.18","3684000","3684000","2833","1290","85000","43"
"2015-09-16","0","3369625","3369625","2800","1200","84005","40"
"2015-09-15","-2.34","16313325","16313325","2800","5760","84000","192"
"2015-09-14","1.06","12320400","12320400","2867","4320","86000","144"
"2015-09-11","-0.46","5028925","5028925","2837","1770","85100","59"
"2015-09-10","1.79","1706000","1706000","2850","600","85500","20"
"2015-09-09","-1.75","1259985","1259985","2800","450","84000","15"
"2015-09-08","1.17","12505600","12505600","2850","4410","85500","147"
"2015-09-07","-1.16","6359500","6359500","2817","2250","84505","75"
"2015-09-04","1.79","46631875","46631875","2850","16530","85500","551"
"2015-09-03","-0.6","5218125","5218125","2800","1860","84000","62"
"2015-09-02","0.61","14682400","14682400","2817","5190","84500","173"
"2015-09-01","-1.16","163669205","163669205","2800","57780","84005","1926"
"2015-08-31","0.57","3556020","3556020","2833","1260","85000","42"
"2015-08-28","0.61","42842600","42842600","2817","15300","84500","510"
"2015-08-27","0.57","5670000","5670000","2800","2040","84000","68"
"2015-08-26","0.61","11610075","11610075","2784","4110","83510","137"
"2015-08-25","0","7293565","7293565","2767","2640","83000","88"
"2015-08-24","0.62","27160500","27160500","2767","9840","83000","328"
"2015-08-21","-2.93","4125000","4125000","2750","1500","82500","50"
"2015-08-20","0","85000","85000","2833","30","85000","1"
"2015-08-19","4.93","27143205","27143205","2833","9690","85000","323"
"2015-08-18","-1.21","810050","810050","2700","300","81005","10"
"2015-08-17","-1.62","17533750","17533750","2733","6240","82000","208"
"2015-08-14","2.02","61904750","61904750","2778","22200","83350","740"
"2015-08-13","3.38","14727330","14727330","2723","5430","81700","181"
"2015-08-12","0.04","8948625","8948625","2634","3420","79005","114"
"2015-08-11","-2.48","42446000","42446000","2633","15570","79000","519"
"2015-08-10","5.18","23510010","23510010","2700","8940","81000","298"
"2015-08-06","0","2479565","2479565","2567","960","77000","32"
"2015-08-05","-5.76","58906425","58906425","2567","21840","77005","728"
"2015-08-04","7.5","24447715","24447715","2724","9450","81710","315"
"2015-08-03","-0.63","2964130","2964130","2534","1170","76010","39"
"2015-07-31","0.63","4779565","4779565","2550","1890","76500","63"
"2015-07-30","0","10564780","10564780","2534","4170","76005","139"
"2015-07-29","-0.63","15363020","15363020","2534","6060","76005","202"
"2015-07-28","0.63","3119960","3119960","2550","1230","76500","41"
"2015-07-27","0","89001980","89001980","2534","35130","76005","1171"
"2015-07-24","0.04","13759650","13759650","2534","5430","76010","181"
"2015-07-23","0","71744260","71744260","2533","28320","76000","944"
"2015-07-22","0","58596760","58596760","2533","23100","76000","770"
"2015-07-21","0","6612015","6612015","2533","2610","76000","87"
"2015-07-20","1.32","51364000","51364000","2533","20550","76000","685"
"2015-07-16","1.34","6480000","6480000","2500","2610","75000","87"
"2015-07-15","-1.32","19982000","19982000","2467","8100","74000","270"
"2015-07-13","1.34","54384000","54384000","2500","21840","75000","728"
"2015-07-10","4.22","22670365","22670365","2467","9210","74000","307"
"2015-07-08","-4.05","26582005","26582005","2367","10860","71000","362"
"2015-07-07","5.7","17390000","17390000","2467","7050","74000","235"
"2015-07-06","0","14834725","14834725","2334","6090","70025","203"
"2015-07-03","0.04","1900030","1900030","2334","810","70005","27"
"2015-07-02","0","7350000","7350000","2333","3150","70000","105"
"2015-07-01","-5.93","1678200","1678200","2333","720","70000","24"
"2015-06-30","7.5","953965","953965","2480","390","74395","13"
"2015-06-29","0.3","4875290","4875290","2307","2100","69205","70"
"2015-06-26","1.46","33872800","33872800","2300","15030","69000","501"
"2015-06-25","1.48","12019500","12019500","2267","5340","68000","178"
"2015-06-24","-0.18","8108130","8108130","2234","3630","67005","121"
"2015-06-23","0.22","12665750","12665750","2238","5670","67150","189"
"2015-06-22","0","5035000","5035000","2233","2250","67000","75"
"2015-06-19","0","26801500","26801500","2233","12000","67000","400"
"2015-06-18","0.72","26962060","26962060","2233","12150","67000","405"
"2015-06-17","-0.72","399015","399015","2217","180","66505","6"
"2015-06-16","-0.62","20842200","20842200","2233","9330","67000","311"
"2015-06-15","0.63","2952000","2952000","2247","1320","67400","44"
"2015-06-12","0","3819000","3819000","2233","1710","67000","57"
"2015-06-11","0","2534000","2534000","2233","1140","67000","38"
"2015-06-10","0","10292125","10292125","2233","4620","67000","154"
"2015-06-09","1.5","8551000","8551000","2233","3900","67000","130"
"2015-06-08","0","11019630","11019630","2200","5010","66000","167"
"2015-06-05","1.52","2394000","2394000","2200","1080","66000","36"
"2015-06-04","0","325050","325050","2167","150","65010","5"
"2015-06-03","0","3510350","3510350","2167","1620","65015","54"
"2015-06-02","-3.69","1892060","1892060","2167","870","65010","29"
"2015-06-01","3.83","35497800","35497800","2250","15810","67500","527"
"2015-05-29","-2.96","34877135","34877135","2167","16080","65015","536"
"2015-05-28","1.5","18414500","18414500","2233","8310","67000","277"
"2015-05-27","1.24","7998015","7998015","2200","3690","66005","123"
"2015-05-26","0.28","64018000","64018000","2173","28890","65200","963"
"2015-05-22","0","7354000","7354000","2167","3360","65000","112"
"2015-05-21","0","11775900","11775900","2167","5430","65000","181"
"2015-05-20","0","1300000","1300000","2167","600","65000","20"
"2015-05-19","0","4387000","4387000","2167","2040","65000","68"
"2015-05-18","-2.26","26019405","26019405","2167","11820","65000","394"
"2015-05-15","1.56","2379530","2379530","2217","1080","66500","36"
"2015-05-13","0.74","17968000","17968000","2183","8280","65500","276"
"2015-05-12","0","10995000","10995000","2167","5040","65000","168"
"2015-05-11","-1.5","11897500","11897500","2167","5490","65000","183"
"2015-05-08","-1.48","1452000","1452000","2200","660","66000","22"
"2015-05-07","3.05","23689500","23689500","2233","11010","67000","367"
"2015-05-06","-0.91","32278800","32278800","2167","14880","65000","496"
"2015-05-05","0.92","9307640","9307640","2187","4260","65600","142"
"2015-05-04","1.59","2274950","2274950","2167","1050","65000","35"
"2015-04-30","-0.79","2918005","2918005","2133","1350","64000","45"
"2015-04-29","0.61","3994000","3994000","2150","1860","64500","62"
"2015-04-28","3.39","1767820","1767820","2137","840","64100","28"
"2015-04-27","0","5332780","5332780","2067","2580","62005","86"
"2015-04-24","0","35345210","35345210","2067","17100","62010","570"
"2015-04-23","0","4278000","4278000","2067","2070","62000","69"
"2015-04-22","1.62","7102000","7102000","2067","3480","62000","116"
"2015-04-21","-1.6","3750160","3750160","2034","1830","61005","61"
"2015-04-20","1.67","370000","370000","2067","180","62000","6"
"2015-04-17","1.65","1444000","1444000","2033","720","61000","24"
"2015-04-16","0","3240000","3240000","2000","1620","60000","54"
"2015-04-15","-3.24","3091190","3091190","2000","1560","60000","52"
"2015-04-14","3.35","24595345","24595345","2067","12900","61995","430"
"2015-04-13","-7.32","2820000","2820000","2000","1410","60000","47"
"2015-04-10","-7.5","1489250","1489250","2158","690","64750","23"
"2015-04-09","-6.68","4620000","4620000","2333","1980","70000","66"
"2015-04-08","0","10275145","10275145","2500","4110","75005","137"
"2015-04-07","0.68","52903525","52903525","2500","21180","75005","706"
"2015-04-03","0.65","23357100","23357100","2483","9450","74500","315"
"2015-04-02","0","148000","148000","2467","60","74000","2"
"2015-04-01","0","10114140","10114140","2467","4110","74000","137"
"2015-03-31","0","12136000","12136000","2467","4920","74000","164"
"2015-03-30","1.36","10548300","10548300","2467","4320","74000","144"
"2015-03-27","0","6923860","6923860","2434","2820","73005","94"
"2015-03-26","-1.34","8541030","8541030","2434","3510","73005","117"
"2015-03-25","0","371000","371000","2467","150","74000","5"
"2015-03-24","1.4","5855500","5855500","2467","2400","74000","80"
"2015-03-23","-0.69","47865250","47865250","2433","19590","73000","653"
"2015-03-20","0","8636000","8636000","2450","3540","73500","118"
"2015-03-19","1.37","952500","952500","2450","390","73500","13"
"2015-03-18","-3.32","6742940","6742940","2417","2790","72505","93"
"2015-03-17","2.75","10202000","10202000","2500","4170","75000","139"
"2015-03-16","-0.69","6090525","6090525","2433","2490","73000","83"
"2015-03-13","-2","8849000","8849000","2450","3600","73500","120"
"2015-03-12","0","27597915","27597915","2500","11040","75000","368"
"2015-03-11","0","14477050","14477050","2500","5820","75000","194"
"2015-03-10","7.11","22445045","22445045","2500","9090","75000","303"
"2015-03-09","1.48","31981250","31981250","2334","13470","70005","449"
"2015-03-06","0","8830645","8830645","2300","3810","69010","127"
"2015-03-04","1.46","5096010","5096010","2300","2220","69000","74"
"2015-03-03","3.05","17490000","17490000","2267","7800","68000","260"
"2015-03-02","0","4623140","4623140","2200","2100","66005","70"
"2015-02-27","0","3762000","3762000","2200","1710","66000","57"
"2015-02-26","-2.96","18106320","18106320","2200","8220","66000","274"
"2015-02-25","4.33","4960050","4960050","2267","2220","68000","74"
"2015-02-24","0","977240","977240","2173","450","65200","15"
"2015-02-23","-1.54","38859020","38859020","2173","17700","65200","590"
"2015-02-20","-0.45","9945800","9945800","2207","4500","66200","150"
"2015-02-19","-0.72","8689670","8689670","2217","3930","66500","131"
"2015-02-18","0.72","8202800","8202800","2233","3690","67000","123"
"2015-02-17","-2.21","2974100","2974100","2217","1320","66500","44"
"2015-02-16","0","5434000","5434000","2267","2400","68000","80"
"2015-02-13","2.26","7466500","7466500","2267","3360","68000","112"
"2015-02-12","0.77","4688025","4688025","2217","2130","66500","71"
"2015-02-11","-1.48","13920010","13920010","2200","6360","66000","212"
"2015-02-10","4.49","19009315","19009315","2233","8670","67000","289"
"2015-02-06","-1.38","7271085","7271085","2137","3360","64105","112"
"2015-02-05","-2.96","3349220","3349220","2167","1530","65010","51"
"2015-02-04","3.05","11119000","11119000","2233","5040","66990","168"
"2015-02-03","3.19","126542980","126542980","2167","59550","65005","1985"
"2015-02-02","-3.09","7641925","7641925","2100","3600","63005","120"
"2015-01-30","3.19","24980765","24980765","2167","11670","65000","389"
"2015-01-29","5","326370760","326370760","2100","154350","62995","5145"
"2015-01-28","3.47","27816020","27816020","2000","14010","60000","467"
"2015-01-27","-1.73","7105535","7105535","1933","3660","58000","122"
"2015-01-26","-1.65","16175480","16175480","1967","8340","58995","278"
"2015-01-23","0","13980000","13980000","2000","6990","60000","233"
"2015-01-22","0","9359825","9359825","2000","4680","60000","156"
"2015-01-21","0","28859635","28859635","2000","14430","60000","481"
"2015-01-20","0","2217980","2217980","2000","1110","60000","37"
"2015-01-19","0","10320000","10320000","2000","5160","60000","172"
"2015-01-16","0","28590700","28590700","2000","14400","60000","480"
"2015-01-15","-4.76","65521000","65521000","2000","32760","60000","1092"
"2015-01-14","3.3","59309500","59309500","2100","29460","63000","982"
"2015-01-13","-1.79","12177500","12177500","2033","5970","61000","199"
"2015-01-12","-4.48","2734300","2734300","2070","1320","62100","44"
"2015-01-09","4.84","28335875","28335875","2167","13350","65000","445"
"2015-01-08","-4.61","171367620","171367620","2067","82920","62000","2764"
"2015-01-07","0","78658000","78658000","2167","38190","65000","1273"
"2015-01-06","-2.26","14905545","14905545","2167","6900","65000","230"
"2015-01-05","-1.34","9820945","9820945","2217","4410","66495","147"
"2015-01-02","4.51","4246200","4246200","2247","1890","67400","63"
"2014-12-31","1.56","99594200","99594200","2150","45390","64500","1513"
"2014-12-30","2.42","5028350","5028350","2117","2400","63505","80"
"2014-12-29","1.67","38417830","38417830","2067","17760","62000","592"
"2014-12-26","0.79","106136505","106136505","2033","51360","61000","1712"
"2014-12-24","-0.79","52455060","52455060","2017","25920","60500","864"
"2014-12-23","6.11","202005315","202005315","2033","99690","60995","3323"
"2014-12-22","7.52","56314770","56314770","1916","29400","57480","980"
"2014-12-19","7.48","132186505","132186505","1782","74520","53470","2484"
"2014-12-18","7.45","280434685","280434685","1658","169140","49740","5638"
"2014-12-17","7.53","25358700","25358700","1543","16440","46275","548"
"2014-12-16","7.49","86100","86100","1435","60","43050","2"
"2014-12-15","7.49","120150","120150","1335","90","40050","3"
"2014-12-12","7.44","74520","74520","1242","60","37260","2"
"2014-12-11","7.53","173325","173325","1156","150","34665","5"
"2014-12-10","","1451250","1451250","1075","1350","32250","45"
