"Date","Variation","Valeur","Volume Devise Total","Cours Ajuste","Volume Ajuste Total","Cours Normal","Volume Normal Total"
"2026-09-09","0.45","46403075","46403075","8990","5170","8990","5170"
"2026-09-08","0.56","39824535","39824535","8950","4476","8950","4476"
"2026-09-07","0.23","22603700","22603700","8900","2539","8900","2539"
"2026-09-04","-0.78","26658015","26658015","8880","3001","8880","3001"
"2026-09-03","-0.44","76192010","76192010","8950","8608","8950","8608"
"2026-09-02","-0.11","35550320","35550320","8990","3948","8990","3948"
"2026-09-01","2.27","25259170","25259170","9000","2829","9000","2829"
"2026-08-31","-1.12","476677225","476677225","8800","54708","8800","54708"
"2026-08-28","-2.09","59739690","59739690","8900","6645","8900","6645"
"2026-08-27","5.7","127160025","127160025","9090","13901","9090","13901"
"2026-08-26","7.5","108775020","108775020","8600","12899","8600","12899"
"2026-08-24","5.26","80912700","80912700","8000","10184","8000","10184"
"2026-08-21","1.33","12461425","12461425","7600","1636","7600","1636"
"2026-08-20","2.74","148906925","148906925","7500","20341","7500","20341"
"2026-08-19","-0.68","44068960","44068960","7300","6006","7300","6006"
"2026-08-18","0.68","22750710","22750710","7350","3117","7350","3117"
"2026-08-17","2.82","77394950","77394950","7300","10704","7300","10704"
"2026-08-14","0","83547060","83547060","7100","11763","7100","11763"
"2026-08-13","0","21403305","21403305","7100","3002","7100","3002"
"2026-08-12","-3.4","61949040","61949040","7100","8538","7100","8538"
"2026-08-11","0.34","40440500","40440500","7350","5517","7350","5517"
"2026-08-10","1.31","81461670","81461670","7325","11199","7325","11199"
"2026-08-06","0.42","106860730","106860730","7230","14488","7230","14488"
"2026-08-05","0","34553160","34553160","7200","4831","7200","4831"
"2026-08-04","0","22656635","22656635","7200","3170","7200","3170"
"2026-08-03","1.41","28122710","28122710","7200","3920","7200","3920"
"2026-07-31","0","46181035","46181035","7100","6458","7100","6458"
"2026-07-30","0","25721260","25721260","7100","3635","7100","3635"
"2026-07-29","-0.63","17856050","17856050","7100","2516","7100","2516"
"2026-07-28","3.55","10067725","10067725","7145","1419","7145","1419"
"2026-07-27","-3.5","40186165","40186165","6900","5675","6900","5675"
"2026-07-24","0","53863205","53863205","7150","7557","7150","7557"
"2026-07-23","-0.69","19378780","19378780","7150","2690","7150","2690"
"2026-07-22","0","21915590","21915590","7200","3081","7200","3081"
"2026-07-21","3.6","70120230","70120230","7200","10015","7200","10015"
"2026-07-20","-3.47","13967635","13967635","6950","1991","6950","1991"
"2026-07-17","-0.76","25147290","25147290","7200","3467","7200","3467"
"2026-07-16","6.3","23515545","23515545","7255","3208","7255","3208"
"2026-07-15","7.48","66734165","66734165","6825","10110","6825","10110"
"2026-07-14","4.1","15123605","15123605","6350","2437","6350","2437"
"2026-07-13","0.83","20890865","20890865","6100","3438","6100","3438"
"2026-07-10","1.34","16589400","16589400","6050","2767","6050","2767"
"2026-07-09","0","30921405","30921405","5970","5175","5970","5175"
"2026-07-08","0.42","26316435","26316435","5970","4420","5970","4420"
"2026-07-07","-0.92","49951130","49951130","5945","8387","5945","8387"
"2026-07-06","0.93","13751185","13751185","6000","2296","6000","2296"
"2026-07-03","0.08","20227660","20227660","5945","3395","5945","3395"
"2026-07-02","0.68","29670530","29670530","5940","5034","5940","5034"
"2026-07-01","0.85","175159150","175159150","5900","30402","5900","30402"
"2026-06-30","2.63","39859360","39859360","5850","6849","5850","6849"
"2026-06-29","0.09","54201370","54201370","5700","9520","5700","9520"
"2026-06-26","1.7","61109715","61109715","5695","10840","5695","10840"
"2026-06-25","0","31848115","31848115","5600","5688","5600","5688"
"2026-06-24","0.63","10520620","10520620","5600","1881","5600","1881"
"2026-06-23","-0.54","13954315","13954315","5565","2498","5565","2498"
"2026-06-22","0.72","40852715","40852715","5595","7292","5595","7292"
"2026-06-19","2.97","34612315","34612315","5555","6348","5555","6348"
"2026-06-18","0.28","11880930","11880930","5395","2204","5395","2204"
"2026-06-17","1.51","19442910","19442910","5380","3649","5380","3649"
"2026-06-16","-1.85","27940595","27940595","5300","5240","5300","5240"
"2026-06-15","-3.31","33042190","33042190","5400","6075","5400","6075"
"2026-06-12","0.63","49606935","49606935","5585","8937","5585","8937"
"2026-06-11","0","19128410","19128410","5550","3449","5550","3449"
"2026-06-10","-0.8","27403105","27403105","5550","4943","5550","4943"
"2026-06-09","0.81","28907430","28907430","5595","5173","5595","5173"
"2026-06-08","-0.72","17335820","17335820","5550","3124","5550","3124"
"2026-06-05","0","19288930","19288930","5590","3452","5590","3452"
"2026-06-04","0.18","7510080","7510080","5590","1350","5590","1350"
"2026-06-03","-0.18","121365425","121365425","5580","21910","5580","21910"
"2026-06-02","0.09","29700875","29700875","5590","5313","5590","5313"
"2026-06-01","-0.27","18299465","18299465","5585","3269","5585","3269"
"2026-05-29","0","6418610","6418610","5600","1147","5600","1147"
"2026-05-28","1.82","11179515","11179515","5600","2004","5600","2004"
"2026-05-26","1.1","7969995","7969995","5500","1460","5500","1460"
"2026-05-22","0.46","63241705","63241705","5440","11708","5440","11708"
"2026-05-21","0","26995725","26995725","5415","4997","5415","4997"
"2026-05-20","0.28","12145445","12145445","5415","2248","5415","2248"
"2026-05-19","0","17433180","17433180","5400","3227","5400","3227"
"2026-05-18","0","8979280","8979280","5400","1662","5400","1662"
"2026-05-15","-0.09","9231335","9231335","5400","1708","5400","1708"
"2026-05-13","-0.09","13169135","13169135","5405","2437","5405","2437"
"2026-05-12","0","28188865","28188865","5410","5219","5410","5219"
"2026-05-11","0.19","19478735","19478735","5410","3605","5410","3605"
"2026-05-08","0","7651480","7651480","5400","1414","5400","1414"
"2026-05-07","-0.09","24918430","24918430","5400","4613","5400","4613"
"2026-05-06","-0.09","26528630","26528630","5405","4911","5405","4911"
"2026-05-05","-0.92","18963920","18963920","5410","3505","5410","3505"
"2026-05-04","-3.36","155117010","155117010","5460","28603","5460","28603"
"2026-04-30","2.73","10222270","10222270","5650","1822","5650","1822"
"2026-04-29","0.92","54524840","54524840","5500","9804","5500","9804"
"2026-04-28","0","37104505","37104505","5450","6825","5450","6825"
"2026-04-27","0.93","109270155","109270155","5450","20173","5450","20173"
"2026-04-24","0","30174155","30174155","5400","5585","5400","5585"
"2026-04-23","-0.37","67165665","67165665","5400","12474","5400","12474"
"2026-04-22","-3.73","88771995","88771995","5420","16869","5420","16869"
"2026-04-21","-0.27","48298895","48298895","5630","8642","5630","8642"
"2026-04-20","0.27","44592055","44592055","5645","8009","5645","8009"
"2026-04-17","0","21414480","21414480","5630","3817","5630","3817"
"2026-04-16","0","48306595","48306595","5630","8558","5630","8558"
"2026-04-15","-0.27","15479130","15479130","5630","2763","5630","2763"
"2026-04-14","-0.62","18312490","18312490","5645","3266","5645","3266"
"2026-04-13","0","23579865","23579865","5680","4150","5680","4150"
"2026-04-10","-0.09","15959380","15959380","5680","2812","5680","2812"
"2026-04-09","0.18","15941785","15941785","5685","2807","5685","2807"
"2026-04-08","0.44","27324055","27324055","5675","4833","5675","4833"
"2026-04-07","1.07","33716900","33716900","5650","6018","5650","6018"
"2026-04-03","-0.18","6384150","6384150","5590","1145","5590","1145"
"2026-04-02","0.9","17234430","17234430","5600","3100","5600","3100"
"2026-04-01","0.18","16580360","16580360","5550","2988","5550","2988"
"2026-03-31","-0.18","30512925","30512925","5540","5524","5540","5524"
"2026-03-30","0.73","17731635","17731635","5550","3199","5550","3199"
"2026-03-27","1.19","61931970","61931970","5510","11273","5510","11273"
"2026-03-26","0","12229075","12229075","5445","2246","5445","2246"
"2026-03-25","0.55","42428960","42428960","5445","7832","5445","7832"
"2026-03-24","0.28","16937570","16937570","5415","3122","5415","3122"
"2026-03-23","0.09","26558075","26558075","5400","4920","5400","4920"
"2026-03-19","-0.46","18220790","18220790","5395","3377","5395","3377"
"2026-03-18","2.26","17431675","17431675","5420","3233","5420","3233"
"2026-03-17","0.19","59929390","59929390","5300","11293","5300","11293"
"2026-03-13","1.73","28632785","28632785","5290","5474","5290","5474"
"2026-03-12","3.9","68048010","68048010","5200","13311","5200","13311"
"2026-03-11","-3.75","88422405","88422405","5005","17348","5005","17348"
"2026-03-10","2.56","140267090","140267090","5200","27033","5200","27033"
"2026-03-09","7.42","48903320","48903320","5070","9704","5070","9704"
"2026-03-06","1.4","23749810","23749810","4720","5043","4720","5043"
"2026-03-05","-0.96","25709575","25709575","4655","5547","4655","5547"
"2026-03-04","-0.53","25894150","25894150","4700","5512","4700","5512"
"2026-03-03","0.53","16008720","16008720","4725","3382","4725","3382"
"2026-03-02","-1.78","32627480","32627480","4700","6866","4700","6866"
"2026-02-27","-0.1","6353915","6353915","4785","1327","4785","1327"
"2026-02-26","1.91","27592665","27592665","4790","5822","4790","5822"
"2026-02-25","0.86","27336680","27336680","4700","5825","4700","5825"
"2026-02-24","0.76","7023595","7023595","4660","1513","4660","1513"
"2026-02-23","-0.54","13726565","13726565","4625","2967","4625","2967"
"2026-02-20","-0.11","9418425","9418425","4650","2023","4650","2023"
"2026-02-19","-0.96","33474765","33474765","4655","7164","4655","7164"
"2026-02-18","3.07","40254005","40254005","4700","8753","4700","8753"
"2026-02-17","0.22","6055075","6055075","4560","1327","4560","1327"
"2026-02-16","0","9557675","9557675","4550","2102","4550","2102"
"2026-02-13","0.44","6189350","6189350","4550","1357","4550","1357"
"2026-02-12","1.34","15643850","15643850","4530","3477","4530","3477"
"2026-02-11","-2.72","14838315","14838315","4470","3263","4470","3263"
"2026-02-10","-1.18","18120695","18120695","4595","3933","4595","3933"
"2026-02-09","0","52798195","52798195","4650","11369","4650","11369"
"2026-02-06","-1.9","30143240","30143240","4650","6408","4650","6408"
"2026-02-05","1.28","6737805","6737805","4740","1418","4740","1418"
"2026-02-04","-0.32","10519475","10519475","4680","2240","4680","2240"
"2026-02-03","-2.09","17437120","17437120","4695","3689","4695","3689"
"2026-02-02","3.9","33863620","33863620","4795","7225","4795","7225"
"2026-01-30","-5.82","33446895","33446895","4615","7230","4615","7230"
"2026-01-29","3.27","40742810","40742810","4900","8476","4900","8476"
"2026-01-28","2.15","55149790","55149790","4745","11743","4745","11743"
"2026-01-27","-0.96","13353375","13353375","4645","2887","4645","2887"
"2026-01-26","2.07","11606645","11606645","4690","2522","4690","2522"
"2026-01-23","2.11","9877930","9877930","4595","2177","4595","2177"
"2026-01-22","2.51","14908095","14908095","4500","3388","4500","3388"
"2026-01-21","0.92","24389070","24389070","4390","5550","4390","5550"
"2026-01-20","1.64","24722200","24722200","4350","5703","4350","5703"
"2026-01-19","-0.12","12969530","12969530","4280","3069","4280","3069"
"2026-01-16","-0.12","3277820","3277820","4285","767","4285","767"
"2026-01-15","3.5","3828750","3828750","4290","909","4290","909"
"2026-01-14","-3.49","10776985","10776985","4145","2573","4145","2573"
"2026-01-13","3.49","16154540","16154540","4295","3801","4295","3801"
"2026-01-12","1.22","11914360","11914360","4150","2906","4150","2906"
"2026-01-09","2.5","25228215","25228215","4100","6133","4100","6133"
"2026-01-08","0.5","25029855","25029855","4000","6272","4000","6272"
"2026-01-07","0.13","2855920","2855920","3980","725","3980","725"
"2026-01-06","-0.13","5115555","5115555","3975","1287","3975","1287"
"2026-01-05","1.02","4169135","4169135","3980","1060","3980","1060"
"2026-01-02","5.07","1722290","1722290","3940","439","3940","439"
"2025-12-31","-0.27","17770965","17770965","3750","4727","3750","4727"
"2025-12-30","0.27","5246555","5246555","3760","1365","3760","1365"
"2025-12-29","-6.02","16111945","16111945","3750","4348","3750","4348"
"2025-12-26","4.86","90886275","90886275","3990","24274","3990","24274"
"2025-12-24","-3.55","5625890","5625890","3805","1435","3805","1435"
"2025-12-23","3.68","7256710","7256710","3945","1897","3945","1897"
"2025-12-22","-4.64","15167880","15167880","3805","3964","3805","3964"
"2025-12-19","-0.25","5981030","5981030","3990","1498","3990","1498"
"2025-12-18","0","3626885","3626885","4000","907","4000","907"
"2025-12-17","0","6342345","6342345","4000","1586","4000","1586"
"2025-12-16","0","7409555","7409555","4000","1856","4000","1856"
"2025-12-15","-0.37","10354240","10354240","4000","2589","4000","2589"
"2025-12-12","-0.74","4519830","4519830","4015","1124","4015","1124"
"2025-12-11","1.13","4392440","4392440","4045","1096","4045","1096"
"2025-12-10","0","14832960","14832960","4000","3722","4000","3722"
"2025-12-09","0.13","17049215","17049215","4000","4263","4000","4263"
"2025-12-08","0.13","2951565","2951565","3995","739","3995","739"
"2025-12-05","0.13","6808205","6808205","3990","1707","3990","1707"
"2025-12-04","-0.13","2585510","2585510","3985","648","3985","648"
"2025-12-03","0","5404380","5404380","3990","1354","3990","1354"
"2025-12-02","0","8383745","8383745","3990","2050","3990","2050"
"2025-12-01","3.91","23996830","23996830","3990","6212","3990","6212"
"2025-11-28","0.52","3208865","3208865","3840","839","3840","839"
"2025-11-27","0","2695530","2695530","3820","706","3820","706"
"2025-11-26","0","14158870","14158870","3820","3711","3820","3711"
"2025-11-25","1.33","8445080","8445080","3820","2220","3820","2220"
"2025-11-24","-0.4","6354150","6354150","3770","1687","3770","1687"
"2025-11-21","0.13","10738135","10738135","3785","2844","3785","2844"
"2025-11-20","2.72","7631015","7631015","3780","2040","3780","2040"
"2025-11-19","2.22","6845430","6845430","3680","1873","3680","1873"
"2025-11-18","0.14","10947925","10947925","3600","3054","3600","3054"
"2025-11-17","2.42","20873875","20873875","3595","5923","3595","5923"
"2025-11-14","-1.82","20544210","20544210","3510","5841","3510","5841"
"2025-11-13","0.7","20484050","20484050","3575","5813","3575","5813"
"2025-11-12","0.14","14835675","14835675","3550","4188","3550","4188"
"2025-11-11","1.58","19536295","19536295","3545","5567","3545","5567"
"2025-11-10","0.87","8728550","8728550","3490","2502","3490","2502"
"2025-11-07","0.29","15877125","15877125","3460","4586","3460","4586"
"2025-11-06","0","41861250","41861250","3450","12129","3450","12129"
"2025-11-05","0","12851765","12851765","3450","3721","3450","3721"
"2025-11-04","-1.29","7532035","7532035","3450","2171","3450","2171"
"2025-11-03","-0.14","42805315","42805315","3495","12440","3495","12440"
"2025-10-31","-4.76","31103290","31103290","3500","8833","3500","8833"
"2025-10-30","-0.68","12894515","12894515","3675","3498","3675","3498"
"2025-10-29","-0.54","4443605","4443605","3700","1197","3700","1197"
"2025-10-28","1.78","15020340","15020340","3720","4079","3720","4079"
"2025-10-27","-3.31","59190230","59190230","3655","16356","3655","16356"
"2025-10-24","0.8","21939425","21939425","3780","5906","3780","5906"
"2025-10-23","-1.32","12001315","12001315","3750","3183","3750","3183"
"2025-10-22","0","5418625","5418625","3800","1426","3800","1426"
"2025-10-21","-0.13","45490055","45490055","3800","11968","3800","11968"
"2025-10-20","-1.17","6591945","6591945","3805","1725","3805","1725"
"2025-10-17","1.05","5686605","5686605","3850","1484","3850","1484"
"2025-10-16","0.13","8683090","8683090","3810","2260","3810","2260"
"2025-10-15","-2.06","4657260","4657260","3805","1209","3805","1209"
"2025-10-14","0","27503495","27503495","3885","7058","3885","7058"
"2025-10-13","-0.13","6365110","6365110","3885","1640","3885","1640"
"2025-10-10","0","11956360","11956360","3890","3071","3890","3071"
"2025-10-09","0","6315835","6315835","3890","1668","3890","1668"
"2025-10-08","-0.26","13132780","13132780","3890","3199","3890","3199"
"2025-10-07","-1.27","7785670","7785670","3900","1981","3900","1981"
"2025-10-06","1.94","42303060","42303060","3950","10827","3950","10827"
"2025-10-03","-0.51","5085075","5085075","3875","1317","3875","1317"
"2025-10-02","-0.64","11269255","11269255","3895","2925","3895","2925"
"2025-10-01","-1.51","4801890","4801890","3920","1226","3920","1226"
"2025-09-30","0.51","4632890","4632890","3980","1185","3980","1185"
"2025-09-29","-1","7925460","7925460","3960","1997","3960","1997"
"2025-09-26","4.85","9035880","9035880","4000","2338","4000","2338"
"2025-09-25","3.67","11047380","11047380","3815","2985","3815","2985"
"2025-09-24","-4.91","93555325","93555325","3680","24924","3680","24924"
"2025-09-23","-7.42","55048155","55048155","3870","14102","3870","14102"
"2025-09-22","-0.24","41305830","41305830","4180","9880","4180","9880"
"2025-09-19","-0.24","26067270","26067270","4190","6273","4190","6273"
"2025-09-18","1.2","1454180","1454180","4200","349","4200","349"
"2025-09-17","0.12","38730740","38730740","4150","9376","4150","9376"
"2025-09-16","0.24","9684635","9684635","4145","2337","4145","2337"
"2025-09-15","2.1","8307180","8307180","4135","2015","4135","2015"
"2025-09-12","-1.22","8715035","8715035","4050","2153","4050","2153"
"2025-09-11","2.24","3319305","3319305","4100","822","4100","822"
"2025-09-10","0.63","13551270","13551270","4010","3426","4010","3426"
"2025-09-09","0.89","11846290","11846290","3985","2989","3985","2989"
"2025-09-08","0","21189450","21189450","3950","5338","3950","5338"
"2025-09-05","1.02","1518970","1518970","3950","388","3950","388"
"2025-09-03","0.13","13177525","13177525","3910","3387","3910","3387"
"2025-09-02","0.13","7917185","7917185","3905","2039","3905","2039"
"2025-09-01","3.72","8276595","8276595","3900","2153","3900","2153"
"2025-08-29","-1.05","6312380","6312380","3760","1668","3760","1668"
"2025-08-28","-0.65","2195765","2195765","3800","579","3800","579"
"2025-08-27","1.86","11988825","11988825","3825","3136","3825","3136"
"2025-08-26","-1.96","36612690","36612690","3755","9739","3755","9739"
"2025-08-25","2.41","1820015","1820015","3830","486","3830","486"
"2025-08-22","1.22","11037385","11037385","3740","2984","3740","2984"
"2025-08-21","0.27","11427935","11427935","3695","3109","3695","3109"
"2025-08-20","1.66","12812900","12812900","3685","3527","3685","3527"
"2025-08-19","0","24372850","24372850","3625","6724","3625","6724"
"2025-08-18","0.69","1993775","1993775","3625","549","3625","549"
"2025-08-14","1.27","10126360","10126360","3600","2843","3600","2843"
"2025-08-13","0.28","7348135","7348135","3555","2068","3555","2068"
"2025-08-12","0.71","7306445","7306445","3545","2063","3545","2063"
"2025-08-11","0","26396975","26396975","3520","7488","3520","7488"
"2025-08-08","-0.85","8352110","8352110","3520","2355","3520","2355"
"2025-08-06","0","1182970","1182970","3550","333","3550","333"
"2025-08-05","-0.84","1234750","1234750","3550","346","3550","346"
"2025-08-04","0.28","67856810","67856810","3580","19381","3580","19381"
"2025-08-01","-0.56","93193050","93193050","3570","26812","3570","26812"
"2025-07-31","0.56","4661920","4661920","3590","1309","3590","1309"
"2025-07-30","0.14","4630690","4630690","3570","1298","3570","1298"
"2025-07-29","0.42","23757815","23757815","3565","6694","3565","6694"
"2025-07-28","-0.42","17971165","17971165","3550","5131","3550","5131"
"2025-07-25","0","16958175","16958175","3565","4909","3565","4909"
"2025-07-24","-0.14","7506670","7506670","3565","2130","3565","2130"
"2025-07-23","2.44","7361900","7361900","3570","2052","3570","2052"
"2025-07-22","0.29","6267350","6267350","3485","1810","3485","1810"
"2025-07-21","-0.43","9282890","9282890","3475","2659","3475","2659"
"2025-07-18","-0.14","2351635","2351635","3490","673","3490","673"
"2025-07-17","0","4770875","4770875","3495","1365","3495","1365"
"2025-07-16","0","7758785","7758785","3495","2219","3495","2219"
"2025-07-15","0.58","15544565","15544565","3495","4453","3495","4453"
"2025-07-14","0","14190700","14190700","3475","4083","3475","4083"
"2025-07-11","-0.71","12124680","12124680","3475","3468","3475","3468"
"2025-07-10","0.57","3632500","3632500","3500","1038","3500","1038"
"2025-07-09","1.75","33246980","33246980","3480","9698","3480","9698"
"2025-07-08","0.59","3957055","3957055","3420","1156","3420","1156"
"2025-07-07","-2.86","5490850","5490850","3400","1590","3400","1590"
"2025-07-04","0","23909850","23909850","3500","6853","3500","6853"
"2025-07-03","2.19","3631055","3631055","3500","1041","3500","1041"
"2025-07-02","-2.14","9561705","9561705","3425","2752","3425","2752"
"2025-07-01","0","22601845","22601845","3500","6460","3500","6460"
"2025-06-30","-2.23","9589285","9589285","3500","2696","3500","2696"
"2025-06-27","-0.42","2228245","2228245","3580","624","3580","624"
"2025-06-26","-0.14","30731490","30731490","3595","8896","3595","8896"
"2025-06-25","1.41","3575835","3575835","3600","992","3600","992"
"2025-06-24","-5.33","63251285","63251285","3550","17697","3550","17697"
"2025-06-23","2.74","5606395","5606395","3750","1536","3750","1536"
"2025-06-20","0","3121025","3121025","3650","856","3650","856"
"2025-06-19","0","15519125","15519125","3650","4283","3650","4283"
"2025-06-18","0","3770450","3770450","3650","1033","3650","1033"
"2025-06-17","-3.69","5353550","5353550","3650","1460","3650","1460"
"2025-06-16","4.12","21196045","21196045","3790","5613","3790","5613"
"2025-06-13","-4.21","48436320","48436320","3640","12822","3640","12822"
"2025-06-12","0.26","6611590","6611590","3800","1735","3800","1735"
"2025-06-11","-0.26","9914650","9914650","3790","2613","3790","2613"
"2025-06-10","1.74","26051545","26051545","3800","6982","3800","6982"
"2025-06-05","0","1110615","1110615","3735","297","3735","297"
"2025-06-04","2.89","22732595","22732595","3735","6213","3735","6213"
"2025-06-03","2.25","3044790","3044790","3630","850","3630","850"
"2025-06-02","-1.93","10595020","10595020","3550","2958","3550","2958"
"2025-05-30","0.56","4537500","4537500","3620","1258","3620","1258"
"2025-05-28","1.55","9913380","9913380","3600","2804","3600","2804"
"2025-05-27","1.29","11704445","11704445","3545","3340","3545","3340"
"2025-05-26","-2.91","12564795","12564795","3500","3516","3500","3516"
"2025-05-23","-1.1","2005775","2005775","3605","555","3605","555"
"2025-05-22","1.39","6073185","6073185","3645","1687","3645","1687"
"2025-05-21","-0.14","6140775","6140775","3595","1746","3595","1746"
"2025-05-20","0.28","4208500","4208500","3600","1174","3600","1174"
"2025-05-19","2.87","21881110","21881110","3590","6272","3590","6272"
"2025-05-16","0","2386130","2386130","3490","685","3490","685"
"2025-05-15","3.25","5538375","5538375","3490","1602","3490","1602"
"2025-05-14","-3.29","19598395","19598395","3380","5783","3380","5783"
"2025-05-13","3.86","38121495","38121495","3495","11230","3495","11230"
"2025-05-12","4.18","15093695","15093695","3365","4601","3365","4601"
"2025-05-09","0.16","17456395","17456395","3230","5421","3230","5421"
"2025-05-08","-0.77","19129425","19129425","3225","5902","3225","5902"
"2025-05-07","-3.7","10847905","10847905","3250","3301","3250","3301"
"2025-05-06","3.85","10387235","10387235","3375","3156","3375","3156"
"2025-05-05","1.25","41139260","41139260","3250","12803","3250","12803"
"2025-05-02","-1.23","22904225","22904225","3210","7142","3210","7142"
"2025-04-30","-7.28","22837215","22837215","3250","7037","3250","7037"
"2025-04-29","-2.64","13952435","13952435","3505","3935","3505","3935"
"2025-04-28","-1.1","7944740","7944740","3600","2196","3600","2196"
"2025-04-25","-1.62","8858045","8858045","3640","2460","3640","2460"
"2025-04-24","-3.27","12526915","12526915","3700","3334","3700","3334"
"2025-04-23","-1.8","5244945","5244945","3825","1366","3825","1366"
"2025-04-22","-2.5","3346705","3346705","3895","862","3895","862"
"2025-04-18","-0.62","1748980","1748980","3995","439","3995","439"
"2025-04-17","-6.73","5439455","5439455","4020","1369","4020","1369"
"2025-04-16","0.58","71314100","71314100","4310","16666","4310","16666"
"2025-04-15","-0.23","22495580","22495580","4285","5295","4285","5295"
"2025-04-14","-0.12","28798415","28798415","4295","6812","4295","6812"
"2025-04-11","-0.23","6497470","6497470","4300","1509","4300","1509"
"2025-04-10","0","148227385","148227385","4310","34487","4310","34487"
"2025-04-09","0.35","98318150","98318150","4310","22878","4310","22878"
"2025-04-08","2.14","11489890","11489890","4295","2710","4295","2710"
"2025-04-07","0.36","46857470","46857470","4205","11160","4205","11160"
"2025-04-04","-0.24","35607615","35607615","4190","8503","4190","8503"
"2025-04-03","-0.83","10739890","10739890","4200","2557","4200","2557"
"2025-04-02","0.83","10330945","10330945","4235","2447","4235","2447"
"2025-04-01","-1.06","46853540","46853540","4200","11285","4200","11285"
"2025-03-28","-0.12","102841035","102841035","4245","24422","4245","24422"
"2025-03-26","0","34177645","34177645","4250","8040","4250","8040"
"2025-03-25","-0.93","52227265","52227265","4250","12303","4250","12303"
"2025-03-24","-0.23","21099245","21099245","4290","4938","4290","4938"
"2025-03-21","-0.46","16380420","16380420","4300","3797","4300","3797"
"2025-03-20","0.47","33173360","33173360","4320","7686","4320","7686"
"2025-03-19","-0.58","24849060","24849060","4300","5781","4300","5781"
"2025-03-18","0.35","8327885","8327885","4325","1931","4325","1931"
"2025-03-17","-0.92","18868925","18868925","4310","4380","4310","4380"
"2025-03-14","0.93","83899720","83899720","4350","19409","4350","19409"
"2025-03-13","-0.12","23374675","23374675","4310","5425","4310","5425"
"2025-03-12","0","12412155","12412155","4315","2874","4315","2874"
"2025-03-11","1.53","67947150","67947150","4315","15668","4315","15668"
"2025-03-10","0.95","29232395","29232395","4250","6889","4250","6889"
"2025-03-07","0.24","18521260","18521260","4210","4393","4210","4393"
"2025-03-06","3.45","175124190","175124190","4200","41933","4200","41933"
"2025-03-05","7.41","43543500","43543500","4060","10725","4060","10725"
"2025-03-04","7.39","26340780","26340780","3780","6971","3780","6971"
"2025-03-03","2.03","54910120","54910120","3520","15679","3520","15679"
"2025-02-28","0.58","1687650","1687650","3450","490","3450","490"
"2025-02-27","-0.72","2641360","2641360","3430","765","3430","765"
"2025-02-26","0.29","1929050","1929050","3455","559","3455","559"
"2025-02-25","-2.27","42918220","42918220","3445","12658","3445","12658"
"2025-02-24","0.86","18648760","18648760","3525","5339","3525","5339"
"2025-02-21","0","9647965","9647965","3495","2757","3495","2757"
"2025-02-20","0.72","34065020","34065020","3495","9949","3495","9949"
"2025-02-19","-0.57","7173320","7173320","3470","2106","3470","2106"
"2025-02-18","0.43","12284765","12284765","3490","3530","3490","3530"
"2025-02-17","2.21","4052510","4052510","3475","1187","3475","1187"
"2025-02-14","0","13246965","13246965","3400","3891","3400","3891"
"2025-02-13","0.59","10378600","10378600","3400","3235","3400","3235"
"2025-02-12","1.2","5934815","5934815","3380","1781","3380","1781"
"2025-02-11","-1.04","8350420","8350420","3340","2516","3340","2516"
"2025-02-10","-0.44","15175325","15175325","3375","4475","3375","4475"
"2025-02-07","1.19","7756555","7756555","3390","2342","3390","2342"
"2025-02-06","1.52","6452090","6452090","3350","1944","3350","1944"
"2025-02-05","3.13","645260","645260","3300","198","3300","198"
"2025-02-04","0.16","2878320","2878320","3200","900","3200","900"
"2025-02-03","0.47","987010","987010","3195","310","3195","310"
"2025-01-31","0.16","11452310","11452310","3180","3626","3180","3626"
"2025-01-30","0.79","4234295","4234295","3175","1339","3175","1339"
"2025-01-29","4.13","1340810","1340810","3150","430","3150","430"
"2025-01-28","-5.02","1725935","1725935","3025","560","3025","560"
"2025-01-27","5.81","584645","584645","3185","190","3185","190"
"2025-01-24","0.33","1102825","1102825","3010","362","3010","362"
"2025-01-23","0","2674900","2674900","3000","889","3000","889"
"2025-01-22","0","803175","803175","3000","269","3000","269"
"2025-01-21","0","6478750","6478750","3000","2038","3000","2038"
"2025-01-20","-1.15","8893225","8893225","3000","2933","3000","2933"
"2025-01-17","0","3330080","3330080","3035","1100","3035","1100"
"2025-01-16","0","4493070","4493070","3035","1482","3035","1482"
"2025-01-15","0","1811220","1811220","3035","600","3035","600"
"2025-01-14","0","5548125","5548125","3035","1860","3035","1860"
"2025-01-13","0","10024690","10024690","3035","3305","3035","3305"
"2025-01-10","0.33","3309445","3309445","3035","1093","3035","1093"
"2025-01-09","0.83","1811970","1811970","3025","609","3025","609"
"2025-01-08","-0.17","1536780","1536780","3000","518","3000","518"
"2025-01-07","0","5064285","5064285","3005","1688","3005","1688"
"2025-01-06","-0.66","14034045","14034045","3005","4819","3005","4819"
"2025-01-03","-0.33","4887450","4887450","3025","1624","3025","1624"
"2025-01-02","0","2216865","2216865","3035","736","3035","736"
"2024-12-31","0","2546520","2546520","3035","843","3035","843"
"2024-12-30","0","3240820","3240820","3035","1065","3035","1065"
"2024-12-27","-0.33","2454210","2454210","3035","811","3035","811"
"2024-12-26","-1.77","15800470","15800470","3045","5261","3045","5261"
"2024-12-24","3.68","9886150","9886150","3100","3250","3100","3250"
"2024-12-23","0","14350440","14350440","2990","4874","2990","4874"
"2024-12-20","-0.17","4555865","4555865","2990","1542","2990","1542"
"2024-12-19","0.5","12777755","12777755","2995","4292","2995","4292"
"2024-12-18","1.02","12637935","12637935","2980","4253","2980","4253"
"2024-12-17","-1.01","3271300","3271300","2950","1107","2950","1107"
"2024-12-16","-0.33","18197005","18197005","2980","6217","2980","6217"
"2024-12-13","0","19722090","19722090","2990","6776","2990","6776"
"2024-12-12","-0.17","1818460","1818460","2990","608","2990","608"
"2024-12-11","1.35","5577110","5577110","2995","1887","2995","1887"
"2024-12-10","-1.5","4399760","4399760","2955","1471","2955","1471"
"2024-12-09","3.09","2639680","2639680","3000","903","3000","903"
"2024-12-06","0","3307870","3307870","2910","1124","2910","1124"
"2024-12-05","-1.36","8877945","8877945","2910","3005","2910","3005"
"2024-12-04","-1.67","38457595","38457595","2950","13074","2950","13074"
"2024-12-03","-5.66","3808620","3808620","3000","1226","3000","1226"
"2024-12-02","0","1963715","1963715","3180","616","3180","616"
"2024-11-29","2.75","2742730","2742730","3180","877","3180","877"
"2024-11-28","3.51","1919920","1919920","3095","640","3095","640"
"2024-11-27","1.36","1121250","1121250","2990","375","2990","375"
"2024-11-26","0","11358075","11358075","2950","3841","2950","3841"
"2024-11-25","-1.5","18168340","18168340","2950","6129","2950","6129"
"2024-11-22","0.67","8881850","8881850","2995","2983","2995","2983"
"2024-11-21","-0.83","12874835","12874835","2975","4304","2975","4304"
"2024-11-20","0","3997355","3997355","3000","1337","3000","1337"
"2024-11-19","0","13506850","13506850","3000","4498","3000","4498"
"2024-11-18","1.35","38906125","38906125","3000","12983","3000","12983"
"2024-11-14","-1.33","19816405","19816405","2960","6624","2960","6624"
"2024-11-13","-6.1","68770700","68770700","3000","22918","3000","22918"
"2024-11-12","-0.16","18590400","18590400","3195","6148","3195","6148"
"2024-11-11","-0.31","5527110","5527110","3200","1721","3200","1721"
"2024-11-08","-2.73","2178570","2178570","3210","666","3210","666"
"2024-11-07","-0.15","2796665","2796665","3300","846","3300","846"
"2024-11-06","0.15","1049290","1049290","3305","316","3305","316"
"2024-11-05","-1.49","1715695","1715695","3300","520","3300","520"
"2024-11-04","-1.18","3044350","3044350","3350","905","3350","905"
"2024-10-31","-0.29","926850","926850","3390","273","3390","273"
"2024-10-30","0.29","705840","705840","3400","208","3400","208"
"2024-10-29","0.15","514780","514780","3390","152","3390","152"
"2024-10-28","0.3","4301995","4301995","3385","1269","3385","1269"
"2024-10-25","-3.57","30688920","30688920","3375","8991","3375","8991"
"2024-10-24","0","7260270","7260270","3500","2080","3500","2080"
"2024-10-23","0","3387975","3387975","3500","968","3500","968"
"2024-10-22","0","4080850","4080850","3500","1166","3500","1166"
"2024-10-21","0","11503510","11503510","3500","3287","3500","3287"
"2024-10-18","0.57","5436595","5436595","3500","1559","3500","1559"
"2024-10-17","-0.57","1970430","1970430","3480","564","3480","564"
"2024-10-16","0","3056445","3056445","3500","876","3500","876"
"2024-10-15","0","3263860","3263860","3500","923","3500","923"
"2024-10-14","2.34","26312310","26312310","3500","7573","3500","7573"
"2024-10-11","-2.15","4353310","4353310","3420","1261","3420","1261"
"2024-10-10","2.19","6283015","6283015","3495","1796","3495","1796"
"2024-10-09","0","5366115","5366115","3420","1561","3420","1561"
"2024-10-08","-2.29","3661140","3661140","3420","1062","3420","1062"
"2024-10-07","0","7778050","7778050","3500","2242","3500","2242"
"2024-10-04","0","49156295","49156295","3500","14227","3500","14227"
"2024-10-03","0","8338440","8338440","3500","2377","3500","2377"
"2024-10-02","-6.54","9827135","9827135","3500","2800","3500","2800"
"2024-10-01","1.22","15563975","15563975","3745","4316","3745","4316"
"2024-09-30","4.23","1209270","1209270","3700","327","3700","327"
"2024-09-27","1.57","8246900","8246900","3550","2348","3550","2348"
"2024-09-26","-0.14","14427175","14427175","3495","4210","3495","4210"
"2024-09-25","0","4995075","4995075","3500","1430","3500","1430"
"2024-09-24","1.45","22114560","22114560","3500","6405","3500","6405"
"2024-09-23","-4.17","8369685","8369685","3450","2379","3450","2379"
"2024-09-20","-1.23","3179100","3179100","3600","889","3600","889"
"2024-09-19","-0.82","12356460","12356460","3645","3589","3645","3589"
"2024-09-18","-0.68","6390870","6390870","3675","1819","3675","1819"
"2024-09-17","-2.37","3500105","3500105","3700","930","3700","930"
"2024-09-16","-0.13","5671535","5671535","3790","1497","3790","1497"
"2024-09-13","-2.57","4999885","4999885","3795","1322","3795","1322"
"2024-09-12","2.5","17886155","17886155","3895","4634","3895","4634"
"2024-09-11","0","9105840","9105840","3800","2411","3800","2411"
"2024-09-10","0","4319100","4319100","3800","1137","3800","1137"
"2024-09-09","-2.56","5225845","5225845","3800","1347","3800","1347"
"2024-09-06","-1.27","22729480","22729480","3900","6015","3900","6015"
"2024-09-05","-3.54","10219295","10219295","3950","2541","3950","2541"
"2024-09-04","0","17032695","17032695","4095","4164","4095","4164"
"2024-09-03","-1.92","12452725","12452725","4095","3047","4095","3047"
"2024-09-02","4.38","10229520","10229520","4175","2523","4175","2523"
"2024-08-30","2.56","19647590","19647590","4000","4973","4000","4973"
"2024-08-29","6.7","13974170","13974170","3900","3636","3900","3636"
"2024-08-28","7.5","12446520","12446520","3655","3406","3655","3406"
"2024-08-27","-1.31","16390350","16390350","3400","4820","6800","2410"
"2024-08-26","0.88","38365405","38365405","3445","11226","6890","5613"
"2024-08-23","1.94","12724175","12724175","3415","3762","6830","1881"
"2024-08-22","1.36","13199090","13199090","3350","4010","6700","2005"
"2024-08-21","-3.08","3868710","3868710","3305","1152","6610","576"
"2024-08-20","-0.15","9636155","9636155","3410","2838","6820","1419"
"2024-08-19","1.94","16521870","16521870","3415","4888","6830","2444"
"2024-08-16","0","45374480","45374480","3350","13562","6700","6781"
"2024-08-14","-1.47","4732900","4732900","3350","1402","6700","701"
"2024-08-13","4.45","84180790","84180790","3400","25398","6800","12699"
"2024-08-12","0.15","49703930","49703930","3255","15288","6510","7644"
"2024-08-09","-0.09","42938775","42938775","3250","13208","6500","6604"
"2024-08-08","-1.27","43670235","43670235","3253","13396","6505","6698"
"2024-08-06","1.38","9395295","9395295","3295","2852","6590","1426"
"2024-08-05","-1.52","30043875","30043875","3250","9108","6500","4554"
"2024-08-02","0.76","74489450","74489450","3300","22608","6600","11304"
"2024-08-01","0.77","30789285","30789285","3275","9502","6550","4751"
"2024-07-31","1.56","7759500","7759500","3250","2410","6500","1205"
"2024-07-30","0","12571085","12571085","3200","3914","6400","1957"
"2024-07-29","0","6341170","6341170","3200","1992","6400","996"
"2024-07-26","-0.25","17263930","17263930","3200","5388","6400","2694"
"2024-07-25","0.25","5556140","5556140","3208","1724","6415","862"
"2024-07-24","-0.78","5372115","5372115","3200","1668","6400","834"
"2024-07-23","0","1932865","1932865","3225","604","6450","302"
"2024-07-22","0.06","6375755","6375755","3225","1982","6450","991"
"2024-07-19","-2.33","28701655","28701655","3223","8880","6445","4440"
"2024-07-18","0","1820700","1820700","3300","552","6600","276"
"2024-07-17","0.06","6060510","6060510","3300","1838","6600","919"
"2024-07-16","-0.06","5194925","5194925","3298","1576","6595","788"
"2024-07-15","-1.49","13764300","13764300","3300","4138","6600","2069"
"2024-07-12","-0.74","1832470","1832470","3350","546","6700","273"
"2024-07-11","1.96","825350","825350","3375","246","6750","123"
"2024-07-10","-3.02","3258080","3258080","3310","972","6620","486"
"2024-07-09","0","1714725","1714725","3413","502","6825","251"
"2024-07-08","3.11","2258110","2258110","3413","662","6825","331"
"2024-07-05","-3.02","17640750","17640750","3310","5288","6620","2644"
"2024-07-04","1.19","3902085","3902085","3413","1148","6825","574"
"2024-07-03","0.69","1745870","1745870","3373","520","6745","260"
"2024-07-02","-1.47","1027000","1027000","3350","306","6700","153"
"2024-07-01","1.49","1058000","1058000","3400","314","6800","157"
"2024-06-28","-1.47","7031200","7031200","3350","2092","6700","1046"
"2024-06-27","-0.29","578000","578000","3400","170","6800","85"
"2024-06-26","4.92","9361440","9361440","3410","2760","6820","1380"
"2024-06-25","0","10222510","10222510","3250","3152","6500","1576"
"2024-06-24","1.56","2811500","2811500","3250","868","6500","434"
"2024-06-21","-2.44","3348830","3348830","3200","1040","6400","520"
"2024-06-20","0.92","6033250","6033250","3280","1844","6560","922"
"2024-06-19","0.31","137377630","137377630","3250","42270","6500","21135"
"2024-06-18","-0.31","6576050","6576050","3240","2024","6480","1012"
"2024-06-14","0.06","2911800","2911800","3250","896","6500","448"
"2024-06-13","0","77395720","77395720","3248","24340","6495","12170"
"2024-06-12","0","3515730","3515730","3248","1088","6495","544"
"2024-06-11","-0.92","2956840","2956840","3248","910","6495","455"
"2024-06-10","0","10436180","10436180","3278","3184","6555","1592"
"2024-06-07","0","39415495","39415495","3278","12088","6555","6044"
"2024-06-06","0","3161195","3161195","3278","964","6555","482"
"2024-06-05","0","6920665","6920665","3278","2114","6555","1057"
"2024-06-04","0","7363825","7363825","3278","2246","6555","1123"
"2024-06-03","0.71","9903270","9903270","3278","3024","6555","1512"
"2024-05-31","0.06","22712900","22712900","3255","6976","6510","3488"
"2024-05-30","0.15","14279870","14279870","3253","4390","6505","2195"
"2024-05-29","-0.06","1453765","1453765","3248","448","6495","224"
"2024-05-28","0","5284475","5284475","3250","1632","6500","816"
"2024-05-27","2.2","15270605","15270605","3250","4716","6500","2358"
"2024-05-24","0.06","2402480","2402480","3180","754","6360","377"
"2024-05-23","-1.4","16926005","16926005","3178","5306","6355","2653"
"2024-05-22","0","1886245","1886245","3223","586","6445","293"
"2024-05-21","1.1","1163760","1163760","3223","362","6445","181"
"2024-05-17","0.47","5034895","5034895","3188","1586","6375","793"
"2024-05-16","1.86","3362905","3362905","3173","1062","6345","531"
"2024-05-15","-2.66","4612780","4612780","3115","1470","6230","735"
"2024-05-14","-1.17","6965075","6965075","3200","2178","6400","1089"
"2024-05-13","-0.37","12286035","12286035","3238","3834","6475","1917"
"2024-05-10","-0.76","7695360","7695360","3250","2398","6500","1199"
"2024-05-08","-0.61","3789535","3789535","3275","1164","6550","582"
"2024-05-07","-0.09","3299065","3299065","3295","1014","6590","507"
"2024-05-06","-0.81","4952870","4952870","3298","1514","6595","757"
"2024-05-03","2.31","2246890","2246890","3325","690","6650","345"
"2024-05-02","-10.96","4059355","4059355","3250","1300","6500","650"
"2024-04-30","0.05","13419435","13419435","3650","3690","7300","1845"
"2024-04-29","-0.05","2239925","2239925","3648","614","7295","307"
"2024-04-26","0","7745300","7745300","3650","2122","7300","1061"
"2024-04-25","2.73","11498230","11498230","3650","3222","7300","1611"
"2024-04-24","0.14","10260880","10260880","3553","2850","7105","1425"
"2024-04-23","-1.44","12217960","12217960","3548","3432","7095","1716"
"2024-04-22","0","9457850","9457850","3600","2626","7200","1313"
"2024-04-19","-1.23","574085","574085","3600","158","7200","79"
"2024-04-18","2.53","7156910","7156910","3645","2010","7290","1005"
"2024-04-17","0.14","7140445","7140445","3555","2010","7110","1005"
"2024-04-16","0","2663225","2663225","3550","750","7100","375"
"2024-04-15","0.06","34200185","34200185","3550","9634","7100","4817"
"2024-04-12","0","3431480","3431480","3548","968","7095","484"
"2024-04-11","0.71","5005185","5005185","3548","1420","7095","710"
"2024-04-09","0.09","4294875","4294875","3523","1226","7045","613"
"2024-04-08","0","1993445","1993445","3520","566","7040","283"
"2024-04-05","-0.09","408055","408055","3520","116","7040","58"
"2024-04-04","0","653465","653465","3523","186","7045","93"
"2024-04-03","-0.76","4947645","4947645","3523","1420","7045","710"
"2024-04-02","0","3524040","3524040","3550","1014","7100","507"
"2024-03-29","-0.7","5839650","5839650","3550","1712","7100","856"
"2024-03-28","0","2230500","2230500","3575","624","7150","312"
"2024-03-27","0","3321550","3321550","3575","930","7150","465"
"2024-03-26","0","5422630","5422630","3575","1548","7150","774"
"2024-03-25","-1.92","8437980","8437980","3575","2344","7150","1172"
"2024-03-22","0","19258380","19258380","3645","5344","7290","2672"
"2024-03-21","-0.08","3668135","3668135","3645","1028","7290","514"
"2024-03-20","-0.05","4939755","4939755","3648","1356","7295","678"
"2024-03-19","0","40286670","40286670","3650","11182","7300","5591"
"2024-03-18","1.39","12312780","12312780","3650","3416","7300","1708"
"2024-03-15","-1.37","5543360","5543360","3600","1534","7200","767"
"2024-03-14","1.39","19451000","19451000","3650","5404","7300","2702"
"2024-03-13","0.14","22743170","22743170","3600","6368","7200","3184"
"2024-03-12","1.99","8455500","8455500","3595","2398","7190","1199"
"2024-03-11","-2.03","4396360","4396360","3525","872","7050","436"
"2024-03-08","2.8","6883775","6883775","3598","1960","7195","980"
"2024-03-07","3.09","12114010","12114010","3500","3532","7000","1766"
"2024-03-06","-0.15","2429585","2429585","3395","720","6790","360"
"2024-03-05","1.95","3223200","3223200","3400","948","6800","474"
"2024-03-04","0.3","1086690","1086690","3335","326","6670","163"
"2024-03-01","-0.6","2008660","2008660","3325","600","6650","300"
"2024-02-29","0.6","439220","439220","3345","132","6690","66"
"2024-02-28","0.06","788510","788510","3325","238","6650","119"
"2024-02-27","-0.06","3119945","3119945","3323","942","6645","471"
"2024-02-26","0","2465770","2465770","3325","742","6650","371"
"2024-02-23","0","9236850","9236850","3325","2778","6650","1389"
"2024-02-22","0.76","1062050","1062050","3325","322","6650","161"
"2024-02-21","-0.75","547800","547800","3300","166","6600","83"
"2024-02-20","0.76","1016150","1016150","3325","308","6650","154"
"2024-02-19","-1.29","693400","693400","3300","210","6600","105"
"2024-02-16","-0.06","1570975","1570975","3343","470","6685","235"
"2024-02-15","0.06","200700","200700","3345","60","6690","30"
"2024-02-14","1","7002510","7002510","3343","2120","6685","1060"
"2024-02-13","0","3498630","3498630","3310","1070","6620","535"
"2024-02-09","0","1946450","1946450","3310","590","6620","295"
"2024-02-08","0","2130560","2130560","3310","644","6620","322"
"2024-02-07","-0.45","3224455","3224455","3310","976","6620","488"
"2024-02-06","-0.54","1125310","1125310","3325","338","6650","169"
"2024-02-05","-0.15","3826025","3826025","3343","1150","6685","575"
"2024-02-02","0","1954265","1954265","3348","584","6695","292"
"2024-02-01","-1.38","4379665","4379665","3348","1324","6695","662"
"2024-01-31","-0.88","1814400","1814400","3395","544","6790","272"
"2024-01-30","-0.67","1408450","1408450","3425","410","6850","205"
"2024-01-29","-0.06","5159270","5159270","3448","1536","6895","768"
"2024-01-26","0","2646395","2646395","3450","768","6900","384"
"2024-01-25","0","2070000","2070000","3450","600","6900","300"
"2024-01-24","0","960350","960350","3450","280","6900","140"
"2024-01-23","-1.15","4179930","4179930","3450","1202","6900","601"
"2024-01-22","-0.29","475530","475530","3490","136","6980","68"
"2024-01-19","0","175380","175380","3500","50","7000","25"
"2024-01-18","-2.72","1528070","1528070","3500","442","7000","221"
"2024-01-17","0","294995","294995","3598","82","7195","41"
"2024-01-16","2.86","752100","752100","3598","210","7195","105"
"2024-01-15","-2.83","1630005","1630005","3498","468","6995","234"
"2024-01-12","-0.5","626520","626520","3600","174","7200","87"
"2024-01-11","5.02","9264640","9264640","3618","2630","7235","1315"
"2024-01-10","1.32","2332830","2332830","3445","682","6890","341"
"2024-01-09","-0.67","2862480","2862480","3400","848","6800","424"
"2024-01-08","-0.06","711300","711300","3423","208","6845","104"
"2024-01-05","0.74","3608150","3608150","3425","1076","6850","538"
"2024-01-04","-1.45","3406515","3406515","3400","1002","6800","501"
"2024-01-03","-0.52","4188860","4188860","3450","1214","6900","607"
"2024-01-02","-0.63","513860","513860","3468","148","6935","74"
"2023-12-29","1.16","41560","41560","3490","12","6980","6"
"2023-12-28","1.47","12975740","12975740","3450","3858","6900","1929"
"2023-12-27","0","22189045","22189045","3400","6778","6800","3389"
"2023-12-26","0.5","1416550","1416550","3400","418","6800","209"
"2023-12-22","1.74","4653295","4653295","3383","1374","6765","687"
"2023-12-21","-2.21","44923375","44923375","3325","13368","6650","6684"
"2023-12-20","0","7872815","7872815","3400","2316","6800","1158"
"2023-12-19","-0.67","1326000","1326000","3400","390","6800","195"
"2023-12-18","-0.06","7160180","7160180","3423","2104","6845","1052"
"2023-12-15","-0.72","4591350","4591350","3425","1342","6850","671"
"2023-12-14","0","4768995","4768995","3450","1388","6900","694"
"2023-12-13","0","3194295","3194295","3450","936","6900","468"
"2023-12-12","0","5491200","5491200","3450","1614","6900","807"
"2023-12-11","-4.78","9080540","9080540","3450","2672","6900","1336"
"2023-12-08","3.51","6261770","6261770","3623","1762","7245","881"
"2023-12-07","-3.13","4360750","4360750","3500","1260","7000","630"
"2023-12-06","-0.33","941400","941400","3613","274","7225","137"
"2023-12-05","3.57","5228825","5228825","3625","1526","7250","763"
"2023-12-04","1.74","1906910","1906910","3500","566","7000","283"
"2023-12-01","5.85","2657860","2657860","3440","786","6880","393"
"2023-11-30","0","7028550","7028550","3250","2164","6500","1082"
"2023-11-29","0","13019500","13019500","3250","4006","6500","2003"
"2023-11-28","-7.09","35269600","35269600","3250","10828","6500","5414"
"2023-11-27","-4.63","4885785","4885785","3498","1428","6995","714"
"2023-11-24","0","9557975","9557975","3668","2738","7335","1369"
"2023-11-23","-2.13","154195","154195","3668","42","7335","21"
"2023-11-22","-0.05","4953970","4953970","3748","1402","7495","701"
"2023-11-21","6.38","1778870","1778870","3750","492","7500","246"
"2023-11-20","0.77","10619100","10619100","3525","3034","7050","1517"
"2023-11-17","0","6075410","6075410","3498","1798","6995","899"
"2023-11-16","-0.06","765995","765995","3498","230","6995","115"
"2023-11-14","3","13774420","13774420","3500","4178","7000","2089"
"2023-11-13","-3.74","7387320","7387320","3398","2212","6795","1106"
"2023-11-10","0","6212185","6212185","3530","1834","7060","917"
"2023-11-09","-0.28","1626140","1626140","3530","488","7060","244"
"2023-11-08","-0.28","1403400","1403400","3540","396","7080","198"
"2023-11-07","-0.5","1084360","1084360","3550","304","7100","152"
"2023-11-06","-0.2","1770940","1770940","3568","514","7135","257"
"2023-11-03","6.24","2126160","2126160","3575","626","7150","313"
"2023-11-02","-0.15","1195420","1195420","3365","358","6730","179"
"2023-10-31","0","1335180","1335180","3370","396","6740","198"
"2023-10-30","-0.15","1736085","1736085","3370","546","6740","273"
"2023-10-27","-0.74","1140000","1140000","3375","340","6750","170"
"2023-10-26","0","74290","74290","3400","22","6800","11"
"2023-10-25","4.94","634985","634985","3400","190","6800","95"
"2023-10-24","1.31","2658680","2658680","3240","838","6480","419"
"2023-10-23","3.16","4997480","4997480","3198","1608","6395","804"
"2023-10-20","-4.26","11800045","11800045","3100","3800","6200","1900"
"2023-10-19","-0.06","1177670","1177670","3238","366","6475","183"
"2023-10-18","0","2889760","2889760","3240","894","6480","447"
"2023-10-17","0.06","10781760","10781760","3240","3328","6480","1664"
"2023-10-16","0","2856885","2856885","3238","882","6475","441"
"2023-10-13","-0.37","5140485","5140485","3238","1640","6475","820"
"2023-10-12","-3.65","11252735","11252735","3250","3418","6500","1709"
"2023-10-11","-3.57","2330900","2330900","3373","704","6745","352"
"2023-10-10","0","2126295","2126295","3498","616","6995","308"
"2023-10-09","1.69","2042420","2042420","3498","592","6995","296"
"2023-10-06","-0.09","165290","165290","3440","50","6880","25"
"2023-10-05","5.84","1582200","1582200","3443","472","6885","236"
"2023-10-04","0.09","3567800","3567800","3253","1046","6505","523"
"2023-10-03","-0.25","8055240","8055240","3250","2476","6500","1238"
"2023-10-02","0","3547525","3547525","3258","1086","6515","543"
"2023-09-29","-5.15","3840500","3840500","3258","1158","6515","579"
"2023-09-28","-0.15","1765540","1765540","3435","516","6870","258"
"2023-09-26","-0.15","2203760","2203760","3440","640","6880","320"
"2023-09-25","-0.09","2102660","2102660","3445","640","6890","320"
"2023-09-22","-0.58","1448190","1448190","3448","420","6895","210"
"2023-09-21","-0.14","277400","277400","3468","80","6935","40"
"2023-09-20","0","1557880","1557880","3473","452","6945","226"
"2023-09-19","2.3","7045890","7045890","3473","2054","6945","1027"
"2023-09-18","0.15","794050","794050","3395","234","6790","117"
"2023-09-15","4.15","983145","983145","3390","292","6780","146"
"2023-09-14","1.31","5712790","5712790","3255","1754","6510","877"
"2023-09-13","-2.49","9149445","9149445","3213","2796","6425","1398"
"2023-09-12","-0.15","15216510","15216510","3295","4628","6590","2314"
"2023-09-11","-1.49","6819890","6819890","3300","2096","6600","1048"
"2023-09-08","0","164500","164500","3350","50","6700","25"
"2023-09-07","-3.54","12784100","12784100","3350","3926","6700","1963"
"2023-09-06","-0.06","6079025","6079025","3473","1858","6945","929"
"2023-09-05","-0.43","305150","305150","3475","92","6950","46"
"2023-09-04","0","1544205","1544205","3490","460","6980","230"
"2023-09-01","6.47","15826585","15826585","3490","4776","6980","2388"
"2023-08-31","-0.67","532435","532435","3278","162","6555","81"
"2023-08-30","1.54","4381100","4381100","3300","1348","6600","674"
"2023-08-29","0","2079200","2079200","3250","640","6500","320"
"2023-08-28","0.15","14964225","14964225","3250","4650","6500","2325"
"2023-08-25","0","694430","694430","3245","214","6490","107"
"2023-08-24","0.62","5904740","5904740","3245","1822","6490","911"
"2023-08-23","0","2368250","2368250","3225","730","6450","365"
"2023-08-22","0","2649295","2649295","3225","820","6450","410"
"2023-08-21","0","9893875","9893875","3225","3112","6450","1556"
"2023-08-18","0.78","5984500","5984500","3225","1862","6450","931"
"2023-08-17","0","2420600","2420600","3200","758","6400","379"
"2023-08-16","-1.54","1760875","1760875","3200","560","6400","280"
"2023-08-14","1.56","17878900","17878900","3250","5668","6500","2834"
"2023-08-11","0","5480200","5480200","3200","1712","6400","856"
"2023-08-10","-2.97","5116455","5116455","3200","1608","6400","804"
"2023-08-09","-0.81","629570","629570","3298","204","6595","102"
"2023-08-08","-1.48","5086650","5086650","3325","1602","6650","801"
"2023-08-04","5.37","2313670","2313670","3375","732","6750","366"
"2023-08-03","0.09","5297205","5297205","3203","1656","6405","828"
"2023-08-02","-0.09","436000","436000","3200","140","6400","70"
"2023-08-01","3.32","3390720","3390720","3203","1096","6405","548"
"2023-07-31","0.88","4364960","4364960","3100","1420","6200","710"
"2023-07-28","0.82","302125","302125","3073","98","6145","49"
"2023-07-27","-0.07","6218245","6218245","3048","2040","6095","1020"
"2023-07-25","0.07","1407400","1407400","3050","462","6100","231"
"2023-07-24","0.93","9996130","9996130","3048","3328","6095","1664"
"2023-07-21","-2.58","8925945","8925945","3020","2930","6040","1465"
"2023-07-20","1.64","1213350","1213350","3100","396","6200","198"
"2023-07-19","0","1675900","1675900","3050","550","6100","275"
"2023-07-18","1.5","4931555","4931555","3050","1626","6100","813"
"2023-07-17","0.07","1705620","1705620","3005","568","6010","284"
"2023-07-14","-0.17","1574370","1574370","3003","524","6005","262"
"2023-07-13","0","649690","649690","3008","216","6015","108"
"2023-07-12","-0.17","1197260","1197260","3008","396","6015","198"
"2023-07-11","0.33","175220","175220","3013","58","6025","29"
"2023-07-10","-1.48","1243075","1243075","3003","414","6005","207"
"2023-07-07","0.76","2382555","2382555","3048","790","6095","395"
"2023-07-06","-0.82","5221000","5221000","3025","1740","6050","870"
"2023-07-05","0","7295950","7295950","3050","2414","6100","1207"
"2023-07-04","1.5","318420","318420","3050","104","6100","52"
"2023-07-03","0.17","1430355","1430355","3005","476","6010","238"
"2023-06-30","-2.76","11365905","11365905","3000","3674","6000","1837"
"2023-06-29","2.73","4427440","4427440","3085","1474","6170","737"
"2023-06-27","0.1","8192660","8192660","3003","2714","6005","1357"
"2023-06-26","0","14775080","14775080","3000","4996","6000","2498"
"2023-06-23","-2.85","17952500","17952500","3000","5984","6000","2992"
"2023-06-22","5.03","20287255","20287255","3088","6760","6175","3380"
"2023-06-21","0","4072450","4072450","2940","1388","5880","694"
"2023-06-20","0","10313705","10313705","2940","3508","5880","1754"
"2023-06-19","0","9312965","9312965","2940","3168","5880","1584"
"2023-06-16","-0.34","3998400","3998400","2940","1412","5880","706"
"2023-06-15","-0.51","1618545","1618545","2950","576","5900","288"
"2023-06-14","4.22","14216470","14216470","2965","4898","5930","2449"
"2023-06-13","0.18","20297295","20297295","2845","7142","5690","3571"
"2023-06-12","-0.35","877120","877120","2840","308","5680","154"
"2023-06-09","1.79","10851370","10851370","2850","3874","5700","1937"
"2023-06-08","-0.88","4962140","4962140","2800","1778","5600","889"
"2023-06-07","0.07","5454835","5454835","2825","1966","5650","983"
"2023-06-06","1.73","10902190","10902190","2823","3916","5645","1958"
"2023-06-05","-0.54","837675","837675","2775","304","5550","152"
"2023-06-02","1.53","11525550","11525550","2790","4190","5580","2095"
"2023-06-01","0","10274270","10274270","2748","3794","5495","1897"
"2023-05-31","0","109900","109900","2748","40","5495","20"
"2023-05-30","-0.07","424975","424975","2748","156","5495","78"
"2023-05-26","2.8","706630","706630","2750","260","5500","130"
"2023-05-25","0.94","13133100","13133100","2675","4910","5350","2455"
"2023-05-24","0","3444950","3444950","2650","1300","5300","650"
"2023-05-23","0","5016350","5016350","2650","1894","5300","947"
"2023-05-22","-0.38","5932725","5932725","2650","2238","5300","1119"
"2023-05-19","0","1900030","1900030","2660","714","5320","357"
"2023-05-17","0","31401270","31401270","2660","12022","5320","6011"
"2023-05-16","-0.56","42332470","42332470","2660","15914","5320","7957"
"2023-05-15","0","31809625","31809625","2675","12140","5350","6070"
"2023-05-12","0.94","43438985","43438985","2675","16530","5350","8265"
"2023-05-11","0.08","18468820","18468820","2650","6970","5300","3485"
"2023-05-10","-5.02","1433570","1433570","2648","538","5295","269"
"2023-05-09","-0.43","5942595","5942595","2788","2194","5575","1097"
"2023-05-08","0","39233000","39233000","2800","14396","5600","7198"
"2023-05-05","0","6774125","6774125","2800","2424","5600","1212"
"2023-05-04","0","3729995","3729995","2800","1348","5600","674"
"2023-05-03","-3.45","1692110","1692110","2800","626","5600","313"
"2023-05-02","0","20560220","20560220","2900","7160","5800","3580"
"2023-04-28","1.75","12690850","12690850","2900","4398","5800","2199"
"2023-04-27","0","16692700","16692700","2850","5864","5700","2932"
"2023-04-26","0","3029920","3029920","2850","1074","5700","537"
"2023-04-25","0","10046740","10046740","2850","3524","5700","1762"
"2023-04-24","-1.72","7286875","7286875","2850","2554","5700","1277"
"2023-04-20","1.75","40600","40600","2900","14","5800","7"
"2023-04-19","0.07","5892900","5892900","2850","2070","5700","1035"
"2023-04-17","1.71","800765","800765","2848","286","5695","143"
"2023-04-14","1.34","227845","227845","2800","82","5600","41"
"2023-04-13","-1.32","1330350","1330350","2763","480","5525","240"
"2023-04-12","-1.51","2755520","2755520","2800","992","5600","496"
"2023-04-11","3.38","1960435","1960435","2843","698","5685","349"
"2023-04-07","-1.79","1802300","1802300","2750","644","5500","322"
"2023-04-06","0","1393635","1393635","2800","502","5600","251"
"2023-04-05","0","711200","711200","2800","254","5600","127"
"2023-04-04","-1.51","1680300","1680300","2800","598","5600","299"
"2023-04-03","-0.18","990880","990880","2843","348","5685","174"
"2023-03-31","0.18","1084910","1084910","2848","382","5695","191"
"2023-03-30","1.35","16929430","16929430","2843","6032","5685","3016"
"2023-03-29","0","5492530","5492530","2805","1958","5610","979"
"2023-03-28","-1.58","3516705","3516705","2805","1238","5610","619"
"2023-03-27","0","455700","455700","2850","160","5700","80"
"2023-03-24","0","74100","74100","2850","26","5700","13"
"2023-03-23","1.79","9435285","9435285","2850","3378","5700","1689"
"2023-03-22","-1.75","5554500","5554500","2800","1990","5600","995"
"2023-03-21","-0.35","3087315","3087315","2850","1084","5700","542"
"2023-03-20","-0.1","5314795","5314795","2860","1858","5720","929"
"2023-03-17","-1.95","5214825","5214825","2863","1810","5725","905"
"2023-03-16","-0.1","1497120","1497120","2920","516","5840","258"
"2023-03-15","-0.17","19229825","19229825","2923","6550","5845","3275"
"2023-03-14","-2.24","11950755","11950755","2928","4098","5855","2049"
"2023-03-13","-0.1","724515","724515","2995","242","5990","121"
"2023-03-10","0.17","2878975","2878975","2998","962","5995","481"
"2023-03-09","6.32","183052560","183052560","2993","61944","5985","30972"
"2023-03-08","0","522785","522785","2815","186","5630","93"
"2023-03-07","-0.35","12826560","12826560","2815","4574","5630","2287"
"2023-03-06","0.89","11354305","11354305","2825","4058","5650","2029"
"2023-03-03","-1.06","1152585","1152585","2800","424","5600","212"
"2023-03-02","-0.11","955520","955520","2830","340","5660","170"
"2023-03-01","0.71","878075","878075","2833","312","5665","156"
"2023-02-28","-0.42","1211335","1211335","2813","446","5625","223"
"2023-02-27","6.48","5553725","5553725","2825","2054","5650","1027"
"2023-02-24","2.04","43390650","43390650","2653","16550","5305","8275"
"2023-02-23","-1.89","868850","868850","2600","334","5200","167"
"2023-02-22","0","11896850","11896850","2650","4570","5300","2285"
"2023-02-21","0","3167015","3167015","2650","1252","5300","626"
"2023-02-20","-0.93","10298400","10298400","2650","3982","5300","1991"
"2023-02-17","0","344300","344300","2675","130","5350","65"
"2023-02-16","2.69","5592900","5592900","2675","2120","5350","1060"
"2023-02-15","-3.52","7580800","7580800","2605","2892","5210","1446"
"2023-02-14","-5.03","608460","608460","2700","230","5400","115"
"2023-02-13","-0.25","3247710","3247710","2843","1220","5685","610"
"2023-02-10","-1.55","484100","484100","2850","180","5700","90"
"2023-02-09","0","63690","63690","2895","22","5790","11"
"2023-02-08","5.27","17309600","17309600","2895","6404","5790","3202"
"2023-02-07","0","2414200","2414200","2750","894","5500","447"
"2023-02-06","1.85","425700","425700","2750","166","5500","83"
"2023-02-03","2.35","1220400","1220400","2700","452","5400","226"
"2023-02-02","-1.38","1194830","1194830","2638","448","5275","224"
"2023-02-01","3.88","348125","348125","2675","132","5350","66"
"2023-01-31","0","11006630","11006630","2575","4244","5150","2122"
"2023-01-30","-0.96","8770520","8770520","2575","3406","5150","1703"
"2023-01-27","0","6016300","6016300","2600","2314","5200","1157"
"2023-01-26","0","3707695","3707695","2600","1456","5200","728"
"2023-01-25","0","218400","218400","2600","84","5200","42"
"2023-01-24","-0.76","1095910","1095910","2600","422","5200","211"
"2023-01-23","-1.13","1226100","1226100","2620","472","5240","236"
"2023-01-20","0","4481200","4481200","2650","1698","5300","849"
"2023-01-19","0","788400","788400","2650","306","5300","153"
"2023-01-18","3.72","47700","47700","2650","18","5300","9"
"2023-01-17","-3.58","104100","104100","2555","40","5110","20"
"2023-01-13","-0.93","461100","461100","2650","174","5300","87"
"2023-01-12","5.94","1921800","1921800","2675","750","5350","375"
"2023-01-11","-0.98","228825","228825","2525","90","5050","45"
"2023-01-10","0","2124225","2124225","2550","834","5100","417"
"2023-01-09","1.47","2215200","2215200","2550","876","5100","438"
"2023-01-06","0.32","261830","261830","2513","104","5025","52"
"2023-01-05","0.2","579125","579125","2505","220","5010","110"
"2023-01-04","-0.12","626035","626035","2500","250","5000","125"
"2023-01-03","0.12","1347675","1347675","2503","540","5005","270"
"2023-01-02","-3.85","296800","296800","2500","118","5000","59"
"2022-12-30","-1.81","2422945","2422945","2600","944","5200","472"
"2022-12-29","0","219740","219740","2648","86","5295","43"
"2022-12-28","3.84","6388305","6388305","2648","2496","5295","1248"
"2022-12-27","-1.85","334440","334440","2550","132","5100","66"
"2022-12-23","0","630875","630875","2598","250","5195","125"
"2022-12-22","0.12","5773230","5773230","2598","2244","5195","1122"
"2022-12-21","0","2647405","2647405","2595","1028","5190","514"
"2022-12-20","-0.12","299600","299600","2595","116","5190","58"
"2022-12-19","0","1045315","1045315","2598","414","5195","207"
"2022-12-16","0","528055","528055","2598","208","5195","104"
"2022-12-15","0","15585","15585","2598","6","5195","3"
"2022-12-14","0","405160","405160","2598","156","5195","78"
"2022-12-13","0","16572840","16572840","2598","6678","5195","3339"
"2022-12-12","0","186545","186545","2598","72","5195","36"
"2022-12-09","1.88","854490","854490","2598","340","5195","170"
"2022-12-08","-1.85","253725","253725","2550","100","5100","50"
"2022-12-07","0.97","2948270","2948270","2598","1156","5195","578"
"2022-12-06","-0.96","7550080","7550080","2573","3016","5145","1508"
"2022-12-05","-0.08","8047280","8047280","2598","3216","5195","1608"
"2022-12-02","0","458000","458000","2600","180","5200","90"
"2022-12-01","0","218400","218400","2600","84","5200","42"
"2022-11-29","-0.95","21031000","21031000","2600","8112","5200","4056"
"2022-11-28","-0.76","5615750","5615750","2625","2126","5250","1063"
"2022-11-25","0","327980","327980","2645","124","5290","62"
"2022-11-24","0.76","1692400","1692400","2645","640","5290","320"
"2022-11-23","0.85","2437525","2437525","2625","944","5250","472"
"2022-11-22","0","422555","422555","2603","162","5205","81"
"2022-11-21","-1.77","29463275","29463275","2603","11284","5205","5642"
"2022-11-18","0","4066160","4066160","2650","1538","5300","769"
"2022-11-17","0","667800","667800","2650","252","5300","126"
"2022-11-16","0","3420500","3420500","2650","1290","5300","645"
"2022-11-14","0","291500","291500","2650","110","5300","55"
"2022-11-11","-0.93","154660","154660","2650","58","5300","29"
"2022-11-10","0","960500","960500","2675","360","5350","180"
"2022-11-09","0.94","7990600","7990600","2675","3042","5350","1521"
"2022-11-08","-0.93","668200","668200","2650","250","5300","125"
"2022-11-07","2.88","5228300","5228300","2675","1994","5350","997"
"2022-11-04","-2.8","3436150","3436150","2600","1318","5200","659"
"2022-11-03","0","631300","631300","2675","236","5350","118"
"2022-11-02","-0.93","2218500","2218500","2675","828","5350","414"
"2022-10-31","0.93","604800","604800","2700","224","5400","112"
"2022-10-28","0","355350","355350","2675","132","5350","66"
"2022-10-27","-6.14","88408950","88408950","2675","32494","5350","16247"
"2022-10-26","6.54","3313500","3313500","2850","1248","5700","624"
"2022-10-25","1.9","24714450","24714450","2675","9444","5350","4722"
"2022-10-24","0","10022250","10022250","2625","3818","5250","1909"
"2022-10-21","0","784800","784800","2625","300","5250","150"
"2022-10-20","-0.94","492150","492150","2625","188","5250","94"
"2022-10-19","0","2381080","2381080","2650","900","5300","450"
"2022-10-18","-0.93","33991625","33991625","2650","12816","5300","6408"
"2022-10-17","-4.4","649270","649270","2675","242","5350","121"
"2022-10-14","0","542825","542825","2798","194","5595","97"
"2022-10-13","4.6","1113405","1113405","2798","398","5595","199"
"2022-10-12","0","454750","454750","2675","170","5350","85"
"2022-10-11","0.83","701150","701150","2675","262","5350","131"
"2022-10-10","-6.09","3247875","3247875","2653","1150","5305","575"
"2022-10-07","6.6","7758595","7758595","2825","2852","5650","1426"
"2022-10-06","0.95","28059700","28059700","2650","10588","5300","5294"
"2022-10-05","-0.94","11231105","11231105","2625","4250","5250","2125"
"2022-10-04","3.92","9714900","9714900","2650","3666","5300","1833"
"2022-10-03","0","8834300","8834300","2550","3374","5100","1687"
"2022-09-30","-3.7","14459200","14459200","2550","5586","5100","2793"
"2022-09-29","0.11","2615225","2615225","2648","980","5295","490"
"2022-09-28","0","12611395","12611395","2645","4764","5290","2382"
"2022-09-27","-0.19","22153115","22153115","2645","8360","5290","4180"
"2022-09-26","0","10197140","10197140","2650","3848","5300","1924"
"2022-09-23","-0.93","1203100","1203100","2650","454","5300","227"
"2022-09-22","0","640350","640350","2675","242","5350","121"
"2022-09-21","2.18","948400","948400","2675","360","5350","180"
"2022-09-20","-2.13","2073400","2073400","2618","788","5235","394"
"2022-09-19","-4.29","679725","679725","2675","256","5350","128"
"2022-09-16","7.5","20037030","20037030","2795","7250","5590","3625"
"2022-09-15","-2.07","4337800","4337800","2600","1668","5200","834"
"2022-09-14","-1.67","1933310","1933310","2655","718","5310","359"
"2022-09-13","0.07","1799820","1799820","2700","666","5400","333"
"2022-09-12","0","3411800","3411800","2698","1266","5395","633"
"2022-09-09","0","639970","639970","2698","238","5395","119"
"2022-09-08","3.77","427925","427925","2698","160","5395","80"
"2022-09-07","1.96","1382290","1382290","2600","524","5200","262"
"2022-09-06","-6.42","3876500","3876500","2550","1456","5100","728"
"2022-09-05","0","3649620","3649620","2725","1402","5450","701"
"2022-09-02","0","847825","847825","2725","312","5450","156"
"2022-09-01","0","801275","801275","2725","294","5450","147"
"2022-08-31","0","11445100","11445100","2725","4200","5450","2100"
"2022-08-30","-0.91","37424125","37424125","2725","13732","5450","6866"
"2022-08-29","-1.79","859350","859350","2750","312","5500","156"
"2022-08-26","0","599200","599200","2800","214","5600","107"
"2022-08-25","1.82","4472145","4472145","2800","1602","5600","801"
"2022-08-24","0","3059600","3059600","2750","1112","5500","556"
"2022-08-23","-1.79","13108500","13108500","2750","4712","5500","2356"
"2022-08-22","0.9","563800","563800","2800","202","5600","101"
"2022-08-19","0.73","293580","293580","2775","108","5550","54"
"2022-08-18","0.18","1424700","1424700","2755","516","5510","258"
"2022-08-17","0","1441000","1441000","2750","524","5500","262"
"2022-08-16","-4.28","291510","291510","2750","106","5500","53"
"2022-08-12","0","86175","86175","2873","30","5745","15"
"2022-08-11","0.81","2031610","2031610","2873","710","5745","355"
"2022-08-10","0","304610","304610","2850","108","5700","54"
"2022-08-09","0","7349570","7349570","2850","2614","5700","1307"
"2022-08-05","0","1037490","1037490","2850","364","5700","182"
"2022-08-04","0","1362470","1362470","2850","478","5700","239"
"2022-08-03","0","1785400","1785400","2850","622","5700","311"
"2022-08-02","-0.87","515510","515510","2850","180","5700","90"
"2022-08-01","0.88","155250","155250","2875","54","5750","27"
"2022-07-29","0","1812745","1812745","2850","640","5700","320"
"2022-07-28","1.68","179455","179455","2850","64","5700","32"
"2022-07-27","-2.5","2552575","2552575","2803","910","5605","455"
"2022-07-26","-0.86","854250","854250","2875","296","5750","148"
"2022-07-22","0","1844300","1844300","2900","636","5800","318"
"2022-07-21","0","5800","5800","2900","2","5800","1"
"2022-07-20","0","811540","811540","2900","280","5800","140"
"2022-07-19","0","2146000","2146000","2900","740","5800","370"
"2022-07-18","0","3257100","3257100","2900","1126","5800","563"
"2022-07-15","0","3473500","3473500","2900","1200","5800","600"
"2022-07-14","-0.68","1548600","1548600","2900","534","5800","267"
"2022-07-13","0","408920","408920","2920","144","5840","72"
"2022-07-12","-0.17","467285","467285","2920","160","5840","80"
"2022-07-11","4.28","335280","335280","2925","116","5850","58"
"2022-07-08","-1.58","7508340","7508340","2805","2660","5610","1330"
"2022-07-07","-2.56","376500","376500","2850","130","5700","65"
"2022-07-06","5.41","7088850","7088850","2925","2540","5850","1270"
"2022-07-05","0","1668400","1668400","2775","608","5550","304"
"2022-07-04","-0.89","8991000","8991000","2775","3240","5550","1620"
"2022-07-01","5.54","1701875","1701875","2800","628","5600","314"
"2022-06-30","0.11","546415","546415","2653","206","5305","103"
"2022-06-29","-1.85","53000","53000","2650","20","5300","10"
"2022-06-28","0","43310700","43310700","2700","16040","5400","8020"
"2022-06-27","0","17685450","17685450","2700","6552","5400","3276"
"2022-06-24","1.89","1654100","1654100","2700","624","5400","312"
"2022-06-23","-2.32","257400","257400","2650","96","5300","48"
"2022-06-22","0","217000","217000","2713","80","5425","40"
"2022-06-21","0","24939875","24939875","2713","9418","5425","4709"
"2022-06-20","2.38","10398850","10398850","2713","3886","5425","1943"
"2022-06-17","0","13696700","13696700","2650","5168","5300","2584"
"2022-06-16","0","2634100","2634100","2650","994","5300","497"
"2022-06-15","0","4149450","4149450","2650","1566","5300","783"
"2022-06-14","-1.85","4368000","4368000","2650","1636","5300","818"
"2022-06-13","-0.92","1806600","1806600","2700","670","5400","335"
"2022-06-10","0.07","1405100","1405100","2725","516","5450","258"
"2022-06-09","-0.07","21383525","21383525","2723","7848","5445","3924"
"2022-06-08","0","877450","877450","2725","322","5450","161"
"2022-06-07","-0.73","1788920","1788920","2725","656","5450","328"
"2022-06-03","-0.18","2210670","2210670","2745","806","5490","403"
"2022-06-02","0","852500","852500","2750","310","5500","155"
"2022-06-01","3.66","10398400","10398400","2750","3998","5500","1999"
"2022-05-31","2.04","338745","338745","2653","130","5305","65"
"2022-05-30","0","4664260","4664260","2600","1794","5200","897"
"2022-05-27","0.97","2782775","2782775","2600","1080","5200","540"
"2022-05-25","-1.08","42190620","42190620","2575","16230","5150","8115"
"2022-05-24","-4.65","3521975","3521975","2603","1344","5205","672"
"2022-05-23","0","274130","274130","2730","100","5460","50"
"2022-05-20","-0.73","338800","338800","2730","124","5460","62"
"2022-05-19","-1.43","1589500","1589500","2750","578","5500","289"
"2022-05-18","1.45","223200","223200","2790","80","5580","40"
"2022-05-17","0","435650","435650","2750","158","5500","79"
"2022-05-16","-1.61","2096300","2096300","2750","754","5500","377"
"2022-05-13","-0.11","89490","89490","2795","32","5590","16"
"2022-05-12","0","72735","72735","2798","26","5595","13"
"2022-05-11","1.75","194875","194875","2798","70","5595","35"
"2022-05-10","-1.79","1168470","1168470","2750","418","5500","209"
"2022-05-09","0","2778700","2778700","2800","992","5600","496"
"2022-05-06","0","5096195","5096195","2800","1820","5600","910"
"2022-05-05","-4.27","587000","587000","2800","210","5600","105"
"2022-05-04","-0.85","1510950","1510950","2925","532","5850","266"
"2022-05-03","0","147535400","147535400","2950","50012","5900","25006"
"2022-04-29","-1.67","32891995","32891995","2950","11308","5900","5654"
"2022-04-27","0","15031500","15031500","3000","5012","6000","2506"
"2022-04-26","-3.94","3960960","3960960","3000","1320","6000","660"
"2022-04-25","-0.06","698195","698195","3123","224","6245","112"
"2022-04-22","2.46","1227125","1227125","3125","406","6250","203"
"2022-04-21","0","6100","6100","3050","2","6100","1"
"2022-04-20","-2.09","3184200","3184200","3050","1044","6100","522"
"2022-04-19","-1.11","2373000","2373000","3115","760","6230","380"
"2022-04-15","5","31500","31500","3150","10","6300","5"
"2022-04-14","1.69","7577525","7577525","3000","2464","6000","1232"
"2022-04-13","0","5739330","5739330","2950","1946","5900","973"
"2022-04-12","0","1734575","1734575","2950","588","5900","294"
"2022-04-11","0.07","3852705","3852705","2950","1310","5900","655"
"2022-04-08","-0.07","1905425","1905425","2948","646","5895","323"
"2022-04-07","-1.67","5504400","5504400","2950","1864","5900","932"
"2022-04-06","0","11955500","11955500","3000","3986","6000","1993"
"2022-04-05","0","21325500","21325500","3000","7112","6000","3556"
"2022-04-04","0","6006005","6006005","3000","2030","6000","1015"
"2022-04-01","1.69","3552000","3552000","3000","1184","6000","592"
"2022-03-31","-3.28","5878000","5878000","2950","1952","5900","976"
"2022-03-30","0","13458380","13458380","3050","4396","6100","2198"
"2022-03-29","0.23","1421300","1421300","3050","466","6100","233"
"2022-03-28","-1.84","1040435","1040435","3043","342","6085","171"
"2022-03-25","0","2534880","2534880","3100","818","6200","409"
"2022-03-24","0.06","663305","663305","3100","214","6200","107"
"2022-03-23","0","1065540","1065540","3098","344","6195","172"
"2022-03-22","0","4317900","4317900","3098","1394","6195","697"
"2022-03-21","-0.06","1573530","1573530","3098","508","6195","254"
"2022-03-18","-3.13","3543595","3543595","3100","1146","6200","573"
"2022-03-17","0.69","773900","773900","3200","242","6400","121"
"2022-03-16","-2","1652590","1652590","3178","516","6355","258"
"2022-03-15","4.44","3327360","3327360","3243","1034","6485","517"
"2022-03-14","-5.85","1287170","1287170","3105","404","6210","202"
"2022-03-11","7.25","1265950","1265950","3298","420","6595","210"
"2022-03-10","-0.49","123000","123000","3075","40","6150","20"
"2022-03-09","-0.32","3259325","3259325","3090","1056","6180","528"
"2022-03-08","0.32","236155","236155","3100","74","6200","37"
"2022-03-07","-6.36","720360","720360","3090","234","6180","117"
"2022-03-04","0","569520","569520","3300","174","6600","87"
"2022-03-03","6.45","3042760","3042760","3300","948","6600","474"
"2022-03-01","0","6473525","6473525","3100","2154","6200","1077"
"2022-02-28","0","990710","990710","3100","326","6200","163"
"2022-02-25","0.71","1892280","1892280","3100","612","6200","306"
"2022-02-24","-0.71","19326700","19326700","3078","6280","6155","3140"
"2022-02-23","0","1903400","1903400","3100","614","6200","307"
"2022-02-22","0","725170","725170","3100","234","6200","117"
"2022-02-21","3.23","37200","37200","3100","12","6200","6"
"2022-02-18","-3.13","1887155","1887155","3003","610","6005","305"
"2022-02-17","5.08","181000","181000","3100","60","6200","30"
"2022-02-16","-0.77","384300","384300","2950","130","5900","65"
"2022-02-15","0","13800795","13800795","2973","4640","5945","2320"
"2022-02-14","0","24969775","24969775","2973","8400","5945","4200"
"2022-02-11","-2.68","4484200","4484200","2973","1488","5945","744"
"2022-02-10","0.16","208310","208310","3055","68","6110","34"
"2022-02-09","-0.65","766300","766300","3050","252","6100","126"
"2022-02-08","0","4914495","4914495","3070","1600","6140","800"
"2022-02-04","-0.1","1780260","1780260","3070","580","6140","290"
"2022-02-03","2.33","1905625","1905625","3073","620","6145","310"
"2022-02-02","-3.22","1620250","1620250","3003","538","6005","269"
"2022-02-01","4.3","613805","613805","3103","202","6205","101"
"2022-01-31","-0.6","2853965","2853965","2975","960","5950","480"
"2022-01-28","-0.07","3689750","3689750","2993","1232","5985","616"
"2022-01-27","-0.17","2615970","2615970","2995","872","5990","436"
"2022-01-26","-1.64","1014475","1014475","3000","338","6000","169"
"2022-01-25","-2.02","3410025","3410025","3050","1118","6100","559"
"2022-01-24","-4.22","5013195","5013195","3113","1610","6225","805"
"2022-01-21","0","682500","682500","3250","210","6500","105"
"2022-01-20","4.5","11914420","11914420","3250","3782","6500","1891"
"2022-01-19","0","19466020","19466020","3110","6182","6220","3091"
"2022-01-18","0.32","6325700","6325700","3110","2034","6220","1017"
"2022-01-17","-4.62","7387775","7387775","3100","2318","6200","1159"
"2022-01-14","0","248790","248790","3250","80","6500","40"
"2022-01-13","0","2350500","2350500","3250","724","6500","362"
"2022-01-12","-1.52","1405165","1405165","3250","446","6500","223"
"2022-01-11","-0.75","422400","422400","3300","128","6600","64"
"2022-01-10","7.15","558600","558600","3325","168","6650","84"
"2022-01-07","0","62050","62050","3103","20","6205","10"
"2022-01-06","0.1","1087435","1087435","3103","350","6205","175"
"2022-01-05","-0.8","427800","427800","3100","138","6200","69"
"2022-01-04","0.81","868900","868900","3125","278","6250","139"
"2022-01-03","0","2351500","2351500","3100","770","6200","385"
"2021-12-31","-1.59","930000","930000","3100","300","6200","150"
"2021-12-30","0","16039800","16039800","3150","5092","6300","2546"
"2021-12-29","-2.33","8089200","8089200","3150","2568","6300","1284"
"2021-12-28","2.38","9468550","9468550","3225","2940","6450","1470"
"2021-12-27","1.61","17166785","17166785","3150","5452","6300","2726"
"2021-12-24","-3.13","310000","310000","3100","100","6200","50"
"2021-12-23","0","6530400","6530400","3200","2072","6400","1036"
"2021-12-22","1.59","2068000","2068000","3200","650","6400","325"
"2021-12-21","0.64","3802465","3802465","3150","1224","6300","612"
"2021-12-20","0","2452080","2452080","3130","780","6260","390"
"2021-12-17","0","469300","469300","3130","150","6260","75"
"2021-12-16","-0.63","3072320","3072320","3130","982","6260","491"
"2021-12-15","0.64","4586000","4586000","3150","1466","6300","733"
"2021-12-14","1.36","5762550","5762550","3130","1844","6260","922"
"2021-12-13","-0.39","6225875","6225875","3088","2010","6175","1005"
"2021-12-10","0","11358500","11358500","3100","3664","6200","1832"
"2021-12-09","1.54","4978600","4978600","3100","1606","6200","803"
"2021-12-08","-1.45","2353995","2353995","3053","762","6105","381"
"2021-12-07","3.16","5281680","5281680","3098","1732","6195","866"
"2021-12-06","-0.07","7432090","7432090","3003","2474","6005","1237"
"2021-12-03","0.17","2079960","2079960","3005","692","6010","346"
"2021-12-02","0","4688830","4688830","3000","1582","6000","791"
"2021-12-01","1.76","559490","559490","3000","188","6000","94"
"2021-11-30","0.1","226245","226245","2948","76","5895","38"
"2021-11-29","0","1285910","1285910","2945","438","5890","219"
"2021-11-26","-6.51","1271000","1271000","2945","420","5890","210"
"2021-11-25","6.96","12312650","12312650","3150","4100","6300","2050"
"2021-11-24","0.68","18222170","18222170","2945","6282","5890","3141"
"2021-11-23","0","10373200","10373200","2925","3558","5850","1779"
"2021-11-22","0.86","42715000","42715000","2925","14614","5850","7307"
"2021-11-19","3.28","315365","315365","2900","112","5800","56"
"2021-11-18","0","628880","628880","2808","224","5615","112"
"2021-11-17","0","4759370","4759370","2808","1688","5615","844"
"2021-11-16","-0.07","3062695","3062695","2808","1090","5615","545"
"2021-11-12","0.07","1571810","1571810","2810","560","5620","280"
"2021-11-11","0.18","956035","956035","2808","340","5615","170"
"2021-11-10","0.11","1848535","1848535","2803","660","5605","330"
"2021-11-09","-3.45","862450","862450","2800","308","5600","154"
"2021-11-08","0","6916000","6916000","2900","2452","5800","1226"
"2021-11-05","0","58000","58000","2900","20","5800","10"
"2021-11-04","3.94","1112430","1112430","2900","396","5800","198"
"2021-11-03","-0.36","3307360","3307360","2790","1186","5580","593"
"2021-10-29","1.82","1292585","1292585","2800","472","5600","236"
"2021-10-28","5.77","8290060","8290060","2750","3168","5500","1584"
"2021-10-27","0","5076500","5076500","2600","1950","5200","975"
"2021-10-26","-1.7","2570100","2570100","2600","988","5200","494"
"2021-10-25","-0.11","5143120","5143120","2645","1946","5290","973"
"2021-10-22","-1.93","516300","516300","2648","192","5295","96"
"2021-10-21","-1.64","322400","322400","2700","122","5400","61"
"2021-10-20","0","3442690","3442690","2745","1324","5490","662"
"2021-10-19","-0.18","2242415","2242415","2745","862","5490","431"
"2021-10-15","0","550000","550000","2750","200","5500","100"
"2021-10-14","-0.9","3923975","3923975","2750","1420","5500","710"
"2021-10-13","0","690230","690230","2775","250","5550","125"
"2021-10-12","-0.89","436650","436650","2775","158","5550","79"
"2021-10-11","0","1489600","1489600","2800","532","5600","266"
"2021-10-08","0","560000","560000","2800","200","5600","100"
"2021-10-07","0.9","5066850","5066850","2800","1810","5600","905"
"2021-10-06","-0.89","2840540","2840540","2775","1014","5550","507"
"2021-10-05","0","2241305","2241305","2800","800","5600","400"
"2021-10-04","-0.88","252000","252000","2800","90","5600","45"
"2021-10-01","2.73","1941670","1941670","2825","698","5650","349"
"2021-09-30","-5.01","414650","414650","2750","148","5500","74"
"2021-09-29","-0.1","486675","486675","2895","168","5790","84"
"2021-09-28","-0.07","424310","424310","2898","146","5795","73"
"2021-09-27","-1.69","1387335","1387335","2900","476","5800","238"
"2021-09-24","0.17","2343780","2343780","2950","794","5900","397"
"2021-09-23","7.48","738340","738340","2945","268","5890","134"
"2021-09-22","7.45","2490580","2490580","2740","960","5480","480"
"2021-09-21","0","1494300","1494300","2550","586","5100","293"
"2021-09-20","0","11406900","11406900","2550","4476","5100","2238"
"2021-09-17","2","6340100","6340100","2550","2540","5100","1270"
"2021-09-16","3.09","8062440","8062440","2500","3324","5000","1662"
"2021-09-15","0.21","28955305","28955305","2425","11950","4850","5975"
"2021-09-14","-0.21","449770","449770","2420","186","4840","93"
"2021-09-13","0","436500","436500","2425","180","4850","90"
"2021-09-10","0.08","2846950","2846950","2425","1174","4850","587"
"2021-09-09","-0.08","2143250","2143250","2423","884","4845","442"
"2021-09-08","0.08","8371450","8371450","2425","3454","4850","1727"
"2021-09-07","-0.08","19052590","19052590","2423","7858","4845","3929"
"2021-09-06","0","1024350","1024350","2425","426","4850","213"
"2021-09-03","2.11","1248130","1248130","2425","522","4850","261"
"2021-09-02","-0.54","6575415","6575415","2375","2764","4750","1382"
"2021-09-01","1.49","176715","176715","2388","74","4775","37"
"2021-08-31","-1.88","2288200","2288200","2353","960","4705","480"
"2021-08-30","2.04","2387245","2387245","2398","1006","4795","503"
"2021-08-27","0.09","1085320","1085320","2350","462","4700","231"
"2021-08-26","0.99","4606420","4606420","2348","1972","4695","986"
"2021-08-25","-1.69","8683285","8683285","2325","3690","4650","1845"
"2021-08-24","0.64","7093370","7093370","2365","3048","4730","1524"
"2021-08-23","1.08","6120685","6120685","2350","2624","4700","1312"
"2021-08-20","0","5294230","5294230","2325","2270","4650","1135"
"2021-08-19","0","1957575","1957575","2325","834","4650","417"
"2021-08-18","6.99","989565","989565","2325","456","4650","228"
"2021-08-17","3.97","918285","918285","2173","436","4345","218"
"2021-08-16","1.95","2462400","2462400","2090","1182","4180","591"
"2021-08-13","0.59","4013700","4013700","2050","2004","4100","1002"
"2021-08-12","0","13070850","13070850","2038","6440","4075","3220"
"2021-08-11","1.75","201800","201800","2038","100","4075","50"
"2021-08-10","-2.29","688860","688860","2003","344","4005","172"
"2021-08-09","0","303400","303400","2050","148","4100","74"
"2021-08-06","0","4100","4100","2050","2","4100","1"
"2021-08-05","-1.2","574000","574000","2050","280","4100","140"
"2021-08-04","3.75","667900","667900","2075","332","4150","166"
"2021-08-03","-0.4","7205225","7205225","2000","3600","4000","1800"
"2021-08-02","0.25","5510480","5510480","2008","2748","4015","1374"
"2021-07-29","0.15","6440050","6440050","2003","3220","4005","1610"
"2021-07-28","0","3600000","3600000","2000","1800","4000","900"
"2021-07-27","0","6292825","6292825","2000","3150","4000","1575"
"2021-07-26","0","1172000","1172000","2000","586","4000","293"
"2021-07-23","2.56","293600","293600","2000","148","4000","74"
"2021-07-22","-2.5","1093860","1093860","1950","554","3900","277"
"2021-07-21","0","919950","919950","2000","460","4000","230"
"2021-07-16","-4.21","207725","207725","2000","104","4000","52"
"2021-07-15","4.5","1043750","1043750","2088","500","4175","250"
"2021-07-13","1.16","822430","822430","1998","420","3995","210"
"2021-07-12","0","371300","371300","1975","188","3950","94"
"2021-07-09","-1.25","483200","483200","1975","244","3950","122"
"2021-07-08","1.27","400000","400000","2000","200","4000","100"
"2021-07-07","1.28","74600","74600","1975","38","3950","19"
"2021-07-06","0","390025","390025","1950","200","3900","100"
"2021-07-05","1.14","374610","374610","1950","194","3900","97"
"2021-07-02","-3.6","81180","81180","1928","42","3855","21"
"2021-07-01","0","4000","4000","2000","2","4000","1"
"2021-06-30","0","400855","400855","2000","208","4000","104"
"2021-06-29","2.56","652875","652875","2000","336","4000","168"
"2021-06-28","0","228600","228600","1950","118","3900","59"
"2021-06-25","1.3","467300","467300","1950","240","3900","120"
"2021-06-24","0","38500","38500","1925","20","3850","10"
"2021-06-23","0","866250","866250","1925","450","3850","225"
"2021-06-22","1.32","12401400","12401400","1925","6446","3850","3223"
"2021-06-21","-1.3","3766390","3766390","1900","1964","3800","982"
"2021-06-18","0","396535","396535","1925","206","3850","103"
"2021-06-17","0.79","788150","788150","1925","410","3850","205"
"2021-06-16","0","5501480","5501480","1910","2878","3820","1439"
"2021-06-15","-0.78","873260","873260","1910","454","3820","227"
"2021-06-14","0","1081200","1081200","1925","560","3850","280"
"2021-06-11","0.79","527910","527910","1925","276","3850","138"
"2021-06-10","0.53","1698700","1698700","1910","890","3820","445"
"2021-06-09","0","722000","722000","1900","380","3800","190"
"2021-06-08","0.11","8911225","8911225","1900","4698","3800","2349"
"2021-06-07","-0.63","4213340","4213340","1898","2218","3795","1109"
"2021-06-04","0.53","206060","206060","1910","108","3820","54"
"2021-06-03","0.11","968400","968400","1900","510","3800","255"
"2021-06-02","-0.11","614950","614950","1898","324","3795","162"
"2021-06-01","1.99","4062270","4062270","1900","2174","3800","1087"
"2021-05-31","0","1414350","1414350","1863","762","3725","381"
"2021-05-28","0","148775","148775","1863","80","3725","40"
"2021-05-27","-0.64","413750","413750","1863","222","3725","111"
"2021-05-26","0.11","3358730","3358730","1875","1794","3750","897"
"2021-05-25","0","543395","543395","1873","290","3745","145"
"2021-05-21","1.24","31044315","31044315","1873","16778","3745","8389"
"2021-05-20","-1.33","7866050","7866050","1850","4248","3700","2124"
"2021-05-18","1.35","371850","371850","1875","200","3750","100"
"2021-05-17","0","59200","59200","1850","32","3700","16"
"2021-05-14","-1.23","1094425","1094425","1850","590","3700","295"
"2021-05-11","0","12817690","12817690","1873","6858","3745","3429"
"2021-05-10","0","341865","341865","1873","182","3745","91"
"2021-05-07","1.24","89880","89880","1873","48","3745","24"
"2021-05-06","-1.33","26674190","26674190","1850","14088","3700","7044"
"2021-05-05","7.14","744750","744750","1875","402","3750","201"
"2021-05-04","-6.67","2589300","2589300","1750","1406","3500","703"
"2021-04-30","6.23","635500","635500","1875","344","3750","172"
"2021-04-29","-9.49","141200","141200","1765","80","3530","40"
"2021-04-28","1.83","548660","548660","1950","284","3900","142"
"2021-04-27","-1.79","1799740","1799740","1915","928","3830","464"
"2021-04-26","0","451750","451750","1950","232","3900","116"
"2021-04-23","0","1053000","1053000","1950","540","3900","270"
"2021-04-22","0","659100","659100","1950","338","3900","169"
"2021-04-21","-0.26","4258800","4258800","1950","2184","3900","1092"
"2021-04-20","0","5424425","5424425","1955","2774","3910","1387"
"2021-04-19","0","58650","58650","1955","30","3910","15"
"2021-04-16","-2.01","1418080","1418080","1955","736","3910","368"
"2021-04-15","4.72","263730","263730","1995","134","3990","67"
"2021-04-14","-4.65","609600","609600","1905","320","3810","160"
"2021-04-13","2.46","2823940","2823940","1998","1426","3995","713"
"2021-04-12","0","3513900","3513900","1950","1802","3900","901"
"2021-04-09","0","7227250","7227250","1950","3752","3900","1876"
"2021-04-08","1.3","4040975","4040975","1950","2080","3900","1040"
"2021-04-07","0","223300","223300","1925","116","3850","58"
"2021-04-06","1.32","3850","3850","1925","2","3850","1"
"2021-04-01","0","627000","627000","1900","330","3800","165"
"2021-03-31","0","304000","304000","1900","160","3800","80"
"2021-03-30","0","5734200","5734200","1900","3018","3800","1509"
"2021-03-29","0","890000","890000","1900","470","3800","235"
"2021-03-26","0.11","4346525","4346525","1900","2290","3800","1145"
"2021-03-25","1.23","2110270","2110270","1898","1112","3795","556"
"2021-03-24","-1.21","7350035","7350035","1875","3920","3750","1960"
"2021-03-22","-0.11","1326135","1326135","1898","706","3795","353"
"2021-03-19","0.11","1383400","1383400","1900","736","3800","368"
"2021-03-18","1.77","191055","191055","1898","102","3795","51"
"2021-03-16","0","1257010","1257010","1865","34","3730","17"
"2021-03-15","-1.84","2578035","2578035","1865","1364","3730","682"
"2021-03-12","0","2559955","2559955","1900","1364","3800","682"
"2021-03-11","1.88","2127740","2127740","1900","1122","3800","561"
"2021-03-10","-0.53","111781900","111781900","1865","59932","3730","29966"
"2021-03-09","2.01","266550","266550","1875","144","3750","72"
"2021-03-05","1.66","1291875","1291875","1838","700","3675","350"
"2021-03-04","0.17","642530","642530","1808","356","3615","178"
"2021-03-03","-3.73","442720","442720","1805","240","3610","120"
"2021-03-02","-2.6","41442250","41442250","1875","21950","3750","10975"
"2021-03-01","1.32","81235500","81235500","1925","43000","3850","21500"
"2021-02-26","1.88","405850","405850","1900","214","3800","107"
"2021-02-25","0","156660","156660","1865","84","3730","42"
"2021-02-24","0","529170","529170","1865","284","3730","142"
"2021-02-23","-1.84","727920","727920","1865","384","3730","192"
"2021-02-22","0","2838000","2838000","1900","1494","3800","747"
"2021-02-19","0","500800","500800","1900","268","3800","134"
"2021-02-18","2.7","32896380","32896380","1900","17772","3800","8886"
"2021-02-17","0.11","45376610","45376610","1850","24208","3700","12104"
"2021-02-16","-2.74","391670","391670","1848","212","3695","106"
"2021-02-15","0","57000","57000","1900","30","3800","15"
"2021-02-12","0","223800","223800","1900","120","3800","60"
"2021-02-11","-1.3","239400","239400","1900","126","3800","63"
"2021-02-10","-0.52","663450","663450","1925","348","3850","174"
"2021-02-09","-0.51","472700","472700","1935","244","3870","122"
"2021-02-08","2.37","240925","240925","1945","124","3890","62"
"2021-02-05","0","433200","433200","1900","228","3800","114"
"2021-02-04","2.7","517000","517000","1900","280","3800","140"
"2021-02-03","0.27","1088610","1088610","1850","590","3700","295"
"2021-02-02","1.1","428940","428940","1845","232","3690","116"
"2021-02-01","-1.08","3709750","3709750","1825","2030","3650","1015"
"2021-01-29","1.1","1147590","1147590","1845","622","3690","311"
"2021-01-28","0","2628000","2628000","1825","1440","3650","720"
"2021-01-27","0","1218900","1218900","1825","668","3650","334"
"2021-01-26","0.27","76450","76450","1825","42","3650","21"
"2021-01-25","0","1393520","1393520","1820","774","3640","387"
"2021-01-22","1.11","3819680","3819680","1820","2122","3640","1061"
"2021-01-21","0","821000","821000","1800","456","3600","228"
"2021-01-19","0","6336000","6336000","1800","3520","3600","1760"
"2021-01-18","1.41","1016300","1016300","1800","566","3600","283"
"2021-01-15","-1.39","107000","107000","1775","60","3550","30"
"2021-01-14","0","18837500","18837500","1800","10502","3600","5251"
"2021-01-13","0","5609725","5609725","1800","3132","3600","1566"
"2021-01-11","1.41","1323825","1323825","1800","740","3600","370"
"2021-01-08","0","7178100","7178100","1775","4044","3550","2022"
"2021-01-07","1.43","3300145","3300145","1775","1862","3550","931"
"2021-01-05","0","6160050","6160050","1750","3520","3500","1760"
"2021-01-04","-6.67","2796550","2796550","1750","1598","3500","799"
"2020-12-31","4.17","24195530","24195530","1875","13060","3750","6530"
"2020-12-30","1.12","8769460","8769460","1800","4926","3600","2463"
"2020-12-29","0","11324630","11324630","1780","6364","3560","3182"
"2020-12-28","0","19444220","19444220","1780","10924","3560","5462"
"2020-12-24","0","5592760","5592760","1780","3142","3560","1571"
"2020-12-23","0.28","12922030","12922030","1780","7262","3560","3631"
"2020-12-22","2.9","19814250","19814250","1775","11322","3550","5661"
"2020-12-21","2.68","693450","693450","1725","404","3450","202"
"2020-12-18","-2.61","746120","746120","1680","436","3360","218"
"2020-12-17","1.47","340500","340500","1725","200","3450","100"
"2020-12-16","1.31","3144750","3144750","1700","1850","3400","925"
"2020-12-15","0.18","5549400","5549400","1678","3272","3355","1636"
"2020-12-14","-1.47","1192600","1192600","1675","712","3350","356"
"2020-12-11","1.49","169900","169900","1700","100","3400","50"
"2020-12-10","0","66280","66280","1675","40","3350","20"
"2020-12-09","1.33","700280","700280","1675","418","3350","209"
"2020-12-08","-2.76","6845830","6845830","1653","4138","3305","2069"
"2020-12-07","1.19","19321350","19321350","1700","11504","3400","5752"
"2020-12-04","-2.61","34526100","34526100","1680","20578","3360","10289"
"2020-12-03","-1.43","132250","132250","1725","76","3450","38"
"2020-12-02","2.94","163750","163750","1750","94","3500","47"
"2020-12-01","3.03","35153800","35153800","1700","20974","3400","10487"
"2020-11-30","-2.94","14434250","14434250","1650","9020","3300","4510"
"2020-11-27","6.25","8299600","8299600","1700","5186","3400","2593"
"2020-11-26","0","6134400","6134400","1600","3834","3200","1917"
"2020-11-25","0","8911120","8911120","1600","5570","3200","2785"
"2020-11-24","-4.48","15747200","15747200","1600","9842","3200","4921"
"2020-11-23","4.69","13539980","13539980","1675","8464","3350","4232"
"2020-11-20","-1.54","18648850","18648850","1600","11306","3200","5653"
"2020-11-19","0","79239240","79239240","1625","48794","3250","24397"
"2020-11-18","0","11734250","11734250","1625","7230","3250","3615"
"2020-11-17","1.56","4569700","4569700","1625","2860","3250","1430"
"2020-11-16","-1.54","8675600","8675600","1600","5410","3200","2705"
"2020-11-13","0","3316830","3316830","1625","2080","3250","1040"
"2020-11-12","1.06","59286315","59286315","1625","37136","3250","18568"
"2020-11-11","-4","37843005","37843005","1608","23500","3215","11750"
"2020-11-10","0.72","4015775","4015775","1675","2398","3350","1199"
"2020-11-09","0.79","199300","199300","1663","120","3325","60"
"2020-11-06","1.54","3485000","3485000","1650","2100","3300","1050"
"2020-11-05","-1.52","3486125","3486125","1625","2120","3250","1060"
"2020-11-04","2.17","336600","336600","1650","204","3300","102"
"2020-11-03","0.44","902940","902940","1615","560","3230","280"
"2020-11-02","0.19","35365","35365","1608","22","3215","11"
"2020-10-30","0","256800","256800","1605","160","3210","80"
"2020-10-28","0.12","404460","404460","1605","252","3210","126"
"2020-10-27","0","378355","378355","1603","236","3205","118"
"2020-10-26","0","1571950","1571950","1603","980","3205","490"
"2020-10-23","-0.43","157140","157140","1603","98","3205","49"
"2020-10-22","-2.42","2140320","2140320","1610","1304","3220","652"
"2020-10-21","0","6801300","6801300","1650","4122","3300","2061"
"2020-10-20","2.48","3609590","3609590","1650","2242","3300","1121"
"2020-10-19","0.44","80500","80500","1610","50","3220","25"
"2020-10-16","0","1086780","1086780","1603","678","3205","339"
"2020-10-15","-0.74","13178160","13178160","1603","8228","3205","4114"
"2020-10-14","0","87195","87195","1615","54","3230","27"
"2020-10-13","0.62","103360","103360","1615","64","3230","32"
"2020-10-12","0.31","2995850","2995850","1605","1872","3210","936"
"2020-10-09","0","89600","89600","1600","56","3200","28"
"2020-10-08","0","451200","451200","1600","282","3200","141"
"2020-10-07","-1.54","5209600","5209600","1600","3206","3200","1603"
"2020-10-05","1.56","2083800","2083800","1625","1300","3250","650"
"2020-10-02","0","3586000","3586000","1600","2208","3200","1104"
"2020-10-01","0","147200","147200","1600","92","3200","46"
"2020-09-30","0","1195120","1195120","1600","750","3200","375"
"2020-09-29","0.63","2581300","2581300","1600","1590","3200","795"
"2020-09-28","-5.07","92220","92220","1590","58","3180","29"
"2020-09-25","3.2","1640200","1640200","1675","1024","3350","512"
"2020-09-24","1.25","87615","87615","1623","54","3245","27"
"2020-09-23","-1.35","177400","177400","1603","110","3205","55"
"2020-09-22","1.56","995100","995100","1625","616","3250","308"
"2020-09-21","-3.03","1109350","1109350","1600","688","3200","344"
"2020-09-18","3.58","368000","368000","1650","230","3300","115"
"2020-09-17","-0.44","14213910","14213910","1593","8900","3185","4450"
"2020-09-16","0","259200","259200","1600","162","3200","81"
"2020-09-15","0","2197545","2197545","1600","1374","3200","687"
"2020-09-14","0","710150","710150","1600","444","3200","222"
"2020-09-11","0","1164705","1164705","1600","728","3200","364"
"2020-09-10","0.31","2287260","2287260","1600","1430","3200","715"
"2020-09-09","-1.12","5552425","5552425","1595","3470","3190","1735"
"2020-09-08","-3.7","3294850","3294850","1613","2052","3225","1026"
"2020-09-07","-1.47","238790","238790","1675","146","3350","73"
"2020-09-04","0","170000","170000","1700","100","3400","50"
"2020-09-03","4.62","797000","797000","1700","490","3400","245"
"2020-09-02","0","385000","385000","1625","238","3250","119"
"2020-09-01","0","55605800","55605800","1625","34224","3250","17112"
"2020-08-31","-1.52","1530150","1530150","1625","934","3250","467"
"2020-08-28","-1.49","165400","165400","1650","100","3300","50"
"2020-08-27","4.69","204350","204350","1675","122","3350","61"
"2020-08-26","0","3916550","3916550","1600","2446","3200","1223"
"2020-08-25","0","1072000","1072000","1600","670","3200","335"
"2020-08-24","0.31","3081270","3081270","1600","1926","3200","963"
"2020-08-21","-0.31","4211350","4211350","1595","2636","3190","1318"
"2020-08-20","0","1964310","1964310","1600","1228","3200","614"
"2020-08-19","0","3497600","3497600","1600","2186","3200","1093"
"2020-08-18","0.31","931350","931350","1600","582","3200","291"
"2020-08-17","0","698610","698610","1595","438","3190","219"
"2020-08-14","0.31","1580475","1580475","1595","994","3190","497"
"2020-08-13","-0.63","671800","671800","1590","420","3180","210"
"2020-08-12","0.44","2859165","2859165","1600","1790","3200","895"
"2020-08-11","-0.13","63700","63700","1593","40","3185","20"
"2020-08-10","-0.31","916135","916135","1595","574","3190","287"
"2020-08-06","-2.91","2052735","2052735","1600","1282","3200","641"
"2020-08-05","3","1173100","1173100","1648","732","3295","366"
"2020-08-04","0.76","1100800","1100800","1600","688","3200","344"
"2020-08-03","-0.75","2142925","2142925","1588","1350","3175","675"
"2020-07-30","0.76","2243200","2243200","1600","1402","3200","701"
"2020-07-29","0","5432425","5432425","1588","3422","3175","1711"
"2020-07-28","-0.13","4781470","4781470","1588","3008","3175","1504"
"2020-07-27","0.13","1568060","1568060","1590","984","3180","492"
"2020-07-24","-0.75","1124495","1124495","1588","708","3175","354"
"2020-07-23","-1.11","362100","362100","1600","228","3200","114"
"2020-07-22","1.13","2388490","2388490","1618","1490","3235","745"
"2020-07-21","-2.62","1623760","1623760","1600","1012","3200","506"
"2020-07-20","-0.42","6659405","6659405","1643","4054","3285","2027"
"2020-07-17","-0.9","3620600","3620600","1650","2200","3300","1100"
"2020-07-16","0","699300","699300","1665","420","3330","210"
"2020-07-15","-0.6","1520000","1520000","1665","910","3330","455"
"2020-07-14","-0.3","3347800","3347800","1675","1980","3350","990"
"2020-07-13","0.3","168000","168000","1680","100","3360","50"
"2020-07-10","2.13","1004100","1004100","1675","600","3350","300"
"2020-07-09","-0.61","1579510","1579510","1640","962","3280","481"
"2020-07-08","-1.49","363130","363130","1650","220","3300","110"
"2020-07-07","1.52","13400","13400","1675","8","3350","4"
"2020-07-06","0","161700","161700","1650","98","3300","49"
"2020-07-03","0","1328750","1328750","1650","804","3300","402"
"2020-07-02","-2.94","1322160","1322160","1650","800","3300","400"
"2020-07-01","-1.45","1807000","1807000","1700","1060","3400","530"
"2020-06-30","-0.17","3615470","3615470","1725","2090","3450","1045"
"2020-06-29","0.17","1216160","1216160","1728","704","3455","352"
"2020-06-26","-4.17","1077225","1077225","1725","616","3450","308"
"2020-06-25","-5.26","2179155","2179155","1800","1164","3600","582"
"2020-06-24","1.33","269755","269755","1900","142","3800","71"
"2020-06-23","0","3421650","3421650","1875","1760","3750","880"
"2020-06-22","0","4048200","4048200","1875","2054","3750","1027"
"2020-06-19","0","19608750","19608750","1875","10458","3750","5229"
"2020-06-18","0","6724400","6724400","1875","3462","3750","1731"
"2020-06-17","7.27","12974050","12974050","1875","6978","3750","3489"
"2020-06-16","0.17","13770160","13770160","1748","7880","3495","3940"
"2020-06-15","-0.17","948820","948820","1745","546","3490","273"
"2020-06-12","0","14223850","14223850","1748","8134","3495","4067"
"2020-06-11","1.33","7962430","7962430","1748","4590","3495","2295"
"2020-06-10","1.17","1024195","1024195","1725","594","3450","297"
"2020-06-09","0.89","299600","299600","1705","176","3410","88"
"2020-06-08","1.32","1335100","1335100","1690","790","3380","395"
"2020-06-05","0.91","434550","434550","1668","260","3335","130"
"2020-06-04","0.18","271010","271010","1653","164","3305","82"
"2020-06-03","1.54","4827900","4827900","1650","2926","3300","1463"
"2020-06-02","1.56","1380445","1380445","1625","862","3250","431"
"2020-05-29","0","1293500","1293500","1600","810","3200","405"
"2020-05-28","3.23","9986845","9986845","1600","6386","3200","3193"
"2020-05-27","0","2434420","2434420","1550","1572","3100","786"
"2020-05-26","0","2200955","2200955","1550","1420","3100","710"
"2020-05-25","-1.59","130850","130850","1550","84","3100","42"
"2020-05-22","0.45","987120","987120","1575","628","3150","314"
"2020-05-19","1.16","357090","357090","1568","228","3135","114"
"2020-05-18","-3.13","36156085","36156085","1550","23326","3100","11663"
"2020-05-15","1.91","3547090","3547090","1600","2224","3200","1112"
"2020-05-14","-1.88","477280","477280","1570","304","3140","152"
"2020-05-13","0","1554950","1554950","1600","1016","3200","508"
"2020-05-12","0","1630000","1630000","1600","1036","3200","518"
"2020-05-11","0","70400","70400","1600","44","3200","22"
"2020-05-08","4.92","10038390","10038390","1600","6374","3200","3187"
"2020-05-07","-4.98","1205100","1205100","1525","786","3050","393"
"2020-05-06","-2.61","3558980","3558980","1605","2216","3210","1108"
"2020-05-05","-0.12","1198100","1198100","1648","746","3295","373"
"2020-05-04","-1.79","6167100","6167100","1650","3632","3300","1816"
"2020-04-30","1.82","2907100","2907100","1680","1750","3360","875"
"2020-04-29","-9.49","259415","259415","1650","154","3300","77"
"2020-04-28","-0.82","852055","852055","1823","466","3645","233"
"2020-04-27","-0.65","293250","293250","1838","160","3675","80"
"2020-04-24","2.78","10748700","10748700","1850","5970","3700","2985"
"2020-04-23","0","1861200","1861200","1800","1034","3600","517"
"2020-04-22","1.12","862700","862700","1800","480","3600","240"
"2020-04-21","0","3245740","3245740","1780","1836","3560","918"
"2020-04-20","-1.82","6262885","6262885","1780","3518","3560","1759"
"2020-04-17","1.97","4662260","4662260","1813","2596","3625","1298"
"2020-04-16","0","2667000","2667000","1778","1500","3555","750"
"2020-04-15","0","1024340","1024340","1778","576","3555","288"
"2020-04-14","0.28","2358475","2358475","1778","1330","3555","665"
"2020-04-10","-0.28","18335675","18335675","1773","10330","3545","5165"
"2020-04-09","4.28","7110","7110","1778","4","3555","2"
"2020-04-08","0.12","1073650","1073650","1705","630","3410","315"
"2020-04-07","0","558420","558420","1703","328","3405","164"
"2020-04-06","0","163440","163440","1703","96","3405","48"
"2020-04-03","0","282695","282695","1703","166","3405","83"
"2020-04-01","-0.29","6810","6810","1703","4","3405","2"
"2020-03-31","-3.77","665855","665855","1708","382","3415","191"
"2020-03-30","-1.39","4799140","4799140","1775","2700","3550","1350"
"2020-03-27","0","108000","108000","1800","60","3600","30"
"2020-03-26","1.24","1521920","1521920","1800","850","3600","425"
"2020-03-25","1.6","2841070","2841070","1778","1602","3555","801"
"2020-03-24","-1.69","8488000","8488000","1750","4850","3500","2425"
"2020-03-23","0","1339255","1339255","1780","752","3560","376"
"2020-03-20","0","224330","224330","1780","126","3560","63"
"2020-03-19","0.28","6004290","6004290","1780","3368","3560","1684"
"2020-03-18","-0.28","366505","366505","1775","206","3550","103"
"2020-03-17","-2.47","3514950","3514950","1780","1954","3560","977"
"2020-03-16","1.39","9106265","9106265","1825","5036","3650","2518"
"2020-03-13","-1.37","670640","670640","1800","372","3600","186"
"2020-03-12","-1.35","2713350","2713350","1825","1476","3650","738"
"2020-03-11","2.78","1475900","1475900","1850","798","3700","399"
"2020-03-10","-0.17","5494200","5494200","1800","3052","3600","1526"
"2020-03-09","0.17","108150","108150","1803","60","3605","30"
"2020-03-06","-2.7","765900","765900","1800","418","3600","209"
"2020-03-05","0","299700","299700","1850","162","3700","81"
"2020-03-04","0","950900","950900","1850","514","3700","257"
"2020-03-03","-0.27","937000","937000","1850","506","3700","253"
"2020-03-02","0.27","222600","222600","1855","120","3710","60"
"2020-02-28","2.78","385300","385300","1850","208","3700","104"
"2020-02-27","1.24","57600","57600","1800","32","3600","16"
"2020-02-26","-4.41","860310","860310","1778","484","3555","242"
"2020-02-25","5.98","10656840","10656840","1860","6042","3720","3021"
"2020-02-24","-1.29","1426005","1426005","1755","802","3510","401"
"2020-02-21","-4.41","10995","10995","1778","6","3555","3"
"2020-02-20","6.29","1039590","1039590","1860","574","3720","287"
"2020-02-19","0","217000","217000","1750","124","3500","62"
"2020-02-18","1.45","5296970","5296970","1750","3050","3500","1525"
"2020-02-17","1.47","619900","619900","1725","364","3450","182"
"2020-02-14","-4.23","6705750","6705750","1700","3942","3400","1971"
"2020-02-13","-1.66","2752910","2752910","1775","1530","3550","765"
"2020-02-12","0.28","3614790","3614790","1805","1952","3610","976"
"2020-02-11","-3.23","18473095","18473095","1800","9952","3600","4976"
"2020-02-10","0","11119230","11119230","1860","5978","3720","2989"
"2020-02-07","-0.27","678240","678240","1860","364","3720","182"
"2020-02-06","0","8425955","8425955","1865","4518","3730","2259"
"2020-02-05","0.27","867540","867540","1865","464","3730","232"
"2020-02-04","-2.11","9443180","9443180","1860","5072","3720","2536"
"2020-02-03","-1.3","3649685","3649685","1900","1900","3800","950"
"2020-01-31","-1.28","1724400","1724400","1925","886","3850","443"
"2020-01-30","0","10032705","10032705","1950","5148","3900","2574"
"2020-01-29","4.56","3060690","3060690","1950","1596","3900","798"
"2020-01-27","0.27","2277295","2277295","1865","1220","3730","610"
"2020-01-24","0.11","10062765","10062765","1860","5390","3720","2695"
"2020-01-23","0.27","1157700","1157700","1858","620","3715","310"
"2020-01-22","-0.91","277875","277875","1853","150","3705","75"
"2020-01-21","0.11","1286320","1286320","1870","688","3740","344"
"2020-01-20","-0.27","2144510","2144510","1868","1156","3735","578"
"2020-01-17","0","417190","417190","1873","224","3745","112"
"2020-01-16","2.35","514090","514090","1873","278","3745","139"
"2020-01-15","1.67","363540","363540","1830","198","3660","99"
"2020-01-14","2.39","1558950","1558950","1800","870","3600","435"
"2020-01-13","0.29","2898390","2898390","1758","1654","3515","827"
"2020-01-10","-5.24","748270","748270","1753","420","3505","210"
"2020-01-09","1.93","6546350","6546350","1850","3540","3700","1770"
"2020-01-08","2.25","2727345","2727345","1815","1498","3630","749"
"2020-01-07","-5.33","1465525","1465525","1775","802","3550","401"
"2020-01-06","4.17","1795515","1795515","1875","1018","3750","509"
"2020-01-03","-2.6","5568550","5568550","1800","3092","3600","1546"
"2020-01-02","-2.48","1770300","1770300","1848","958","3695","479"
"2019-12-31","2.54","8202195","8202195","1895","4346","3790","2173"
"2019-12-30","-7.37","2002940","2002940","1848","1028","3695","514"
"2019-12-27","2.31","7468390","7468390","1995","3870","3990","1935"
"2019-12-26","2.9","32928940","32928940","1950","17344","3900","8672"
"2019-12-24","-0.26","265300","265300","1895","140","3790","70"
"2019-12-23","0","3807540","3807540","1900","2004","3800","1002"
"2019-12-20","-1.3","2598810","2598810","1900","1390","3800","695"
"2019-12-19","6.94","19513925","19513925","1925","10932","3850","5466"
"2019-12-18","4.35","840100","840100","1800","480","3600","240"
"2019-12-17","0","9965240","9965240","1725","5720","3450","2860"
"2019-12-16","1.47","1053495","1053495","1725","608","3450","304"
"2019-12-13","-2.86","1338000","1338000","1700","776","3400","388"
"2019-12-12","0","10500","10500","1750","6","3500","3"
"2019-12-11","0","764550","764550","1750","436","3500","218"
"2019-12-10","0","2786450","2786450","1750","1592","3500","796"
"2019-12-09","-1.41","64156210","64156210","1750","36612","3500","18306"
"2019-12-06","1.43","569000","569000","1775","324","3550","162"
"2019-12-05","0","3394900","3394900","1750","1974","3500","987"
"2019-12-04","3.55","1807000","1807000","1750","1004","3500","502"
"2019-12-03","2.42","961790","961790","1690","582","3380","291"
"2019-12-02","3.13","2642900","2642900","1650","1604","3300","802"
"2019-11-29","3.23","18915","18915","1600","12","3200","6"
"2019-11-28","1.97","412750","412750","1550","270","3100","135"
"2019-11-27","0.13","1295850","1295850","1520","850","3040","425"
"2019-11-26","0.33","3128200","3128200","1518","2076","3035","1038"
"2019-11-25","-2.26","1423490","1423490","1513","948","3025","474"
"2019-11-22","-1.4","2086425","2086425","1548","1330","3095","665"
"2019-11-21","-4.56","527820","527820","1570","330","3140","165"
"2019-11-20","2.81","1829620","1829620","1645","1120","3290","560"
"2019-11-19","-3.21","4163310","4163310","1600","2558","3200","1279"
"2019-11-18","-2.07","18463300","18463300","1653","11156","3305","5578"
"2019-11-14","-3.27","619200","619200","1688","368","3375","184"
"2019-11-13","-3.06","2378450","2378450","1745","1360","3490","680"
"2019-11-12","0","4319515","4319515","1800","2400","3600","1200"
"2019-11-11","2.68","288000","288000","1800","160","3600","80"
"2019-11-08","-2.61","882690","882690","1753","504","3505","252"
"2019-11-07","0","10856800","10856800","1800","6024","3600","3012"
"2019-11-06","0","756000","756000","1800","420","3600","210"
"2019-11-05","0","1044000","1044000","1800","580","3600","290"
"2019-11-04","-1.37","956750","956750","1800","530","3600","265"
"2019-10-31","1.39","730000","730000","1825","400","3650","200"
"2019-10-30","0","682150","682150","1800","378","3600","189"
"2019-10-28","0","5562000","5562000","1800","3090","3600","1545"
"2019-10-25","-1.37","4506390","4506390","1800","2500","3600","1250"
"2019-10-24","0.27","620250","620250","1825","340","3650","170"
"2019-10-22","0","532440","532440","1820","292","3640","146"
"2019-10-21","0","1043975","1043975","1820","580","3640","290"
"2019-10-18","-0.27","448145","448145","1820","246","3640","123"
"2019-10-17","2.82","51100","51100","1825","28","3650","14"
"2019-10-16","0","273350","273350","1775","154","3550","77"
"2019-10-15","0","283400","283400","1775","160","3550","80"
"2019-10-14","0.11","613750","613750","1775","346","3550","173"
"2019-10-11","0.17","2980675","2980675","1773","1680","3545","840"
"2019-10-10","0.97","317100","317100","1770","180","3540","90"
"2019-10-09","-1.24","410085","410085","1753","234","3505","117"
"2019-10-08","0","387990","387990","1775","220","3550","110"
"2019-10-07","-4.05","3232450","3232450","1775","1802","3550","901"
"2019-10-04","2.61","5544300","5544300","1850","3080","3700","1540"
"2019-10-03","0.17","155015","155015","1803","86","3605","43"
"2019-10-02","-0.17","522115","522115","1800","290","3600","145"
"2019-10-01","-2.54","446680","446680","1803","248","3605","124"
"2019-09-30","2.78","911190","911190","1850","506","3700","253"
"2019-09-27","-2.7","1319260","1319260","1800","732","3600","366"
"2019-09-26","0","1258000","1258000","1850","680","3700","340"
"2019-09-25","0","4538020","4538020","1850","2506","3700","1253"
"2019-09-24","0","185000","185000","1850","100","3700","50"
"2019-09-23","0","203500","203500","1850","110","3700","55"
"2019-09-20","2.61","478250","478250","1850","260","3700","130"
"2019-09-19","0.17","36050","36050","1803","20","3605","10"
"2019-09-18","0","1697145","1697145","1800","942","3600","471"
"2019-09-17","-2.7","7628400","7628400","1800","4238","3600","2119"
"2019-09-16","0.11","1232060","1232060","1850","672","3700","336"
"2019-09-13","1.26","11085","11085","1848","6","3695","3"
"2019-09-12","-1.35","1650405","1650405","1825","904","3650","452"
"2019-09-11","0","2037865","2037865","1850","1108","3700","554"
"2019-09-10","-1.07","6442745","6442745","1850","3482","3700","1741"
"2019-09-09","-1.32","2278100","2278100","1870","1220","3740","610"
"2019-09-06","-0.52","665000","665000","1895","350","3790","175"
"2019-09-05","2.97","9275235","9275235","1905","4880","3810","2440"
"2019-09-04","0","24380545","24380545","1850","13008","3700","6504"
"2019-09-03","0","7145300","7145300","1850","3820","3700","1910"
"2019-09-02","-2.63","7126850","7126850","1850","3802","3700","1901"
"2019-08-30","0","11635325","11635325","1900","6124","3800","3062"
"2019-08-29","3.26","17519320","17519320","1900","9228","3800","4614"
"2019-08-28","0","412160","412160","1840","224","3680","112"
"2019-08-27","-0.43","513440","513440","1840","276","3680","138"
"2019-08-26","1.26","280940","280940","1848","152","3695","76"
"2019-08-23","-2.14","2713580","2713580","1825","1480","3650","740"
"2019-08-22","0.81","1767160","1767160","1865","956","3730","478"
"2019-08-21","1.37","12837650","12837650","1850","6942","3700","3471"
"2019-08-20","0","584000","584000","1825","320","3650","160"
"2019-08-19","0","955200","955200","1825","526","3650","263"
"2019-08-16","-1.35","4288015","4288015","1825","2320","3650","1160"
"2019-08-14","2.78","3085135","3085135","1850","1672","3700","836"
"2019-08-13","-2.6","626900","626900","1800","348","3600","174"
"2019-08-09","-0.11","2370900","2370900","1848","1286","3695","643"
"2019-08-08","-1.07","4297700","4297700","1850","2312","3700","1156"
"2019-08-06","-0.27","6375520","6375520","1870","3444","3740","1722"
"2019-08-05","-1.83","10863925","10863925","1875","5792","3750","2896"
"2019-08-02","0.26","4265560","4265560","1910","2260","3820","1130"
"2019-08-01","-0.42","530745","530745","1905","278","3810","139"
"2019-07-31","0.42","468810","468810","1913","246","3825","123"
"2019-07-30","-0.94","1119075","1119075","1905","586","3810","293"
"2019-07-29","-0.1","619045","619045","1923","322","3845","161"
"2019-07-26","0","1927025","1927025","1925","1002","3850","501"
"2019-07-25","1.32","1763450","1763450","1925","916","3850","458"
"2019-07-24","-1.3","950000","950000","1900","500","3800","250"
"2019-07-23","2.5","7231645","7231645","1925","3846","3850","1923"
"2019-07-22","-1.16","150200","150200","1878","80","3755","40"
"2019-07-19","-0.16","760000","760000","1900","400","3800","200"
"2019-07-18","0.16","19025","19025","1903","10","3805","5"
"2019-07-17","0","909550","909550","1900","474","3800","237"
"2019-07-16","0","993000","993000","1900","520","3800","260"
"2019-07-15","-2.56","865500","865500","1900","450","3800","225"
"2019-07-12","0","935975","935975","1950","480","3900","240"
"2019-07-11","0","1053000","1053000","1950","540","3900","270"
"2019-07-10","0","132600","132600","1950","68","3900","34"
"2019-07-09","0","296400","296400","1950","152","3900","76"
"2019-07-08","-2.5","688900","688900","1950","350","3900","175"
"2019-07-05","0.1","5468000","5468000","2000","2734","4000","1367"
"2019-07-04","0","1328685","1328685","1998","666","3995","333"
"2019-07-03","2.46","1132600","1132600","1998","574","3995","287"
"2019-07-02","-1.27","6403800","6403800","1950","3284","3900","1642"
"2019-07-01","0","39500","39500","1975","20","3950","10"
"2019-06-28","1.28","604850","604850","1975","306","3950","153"
"2019-06-27","0","195000","195000","1950","100","3900","50"
"2019-06-26","4","428050","428050","1950","222","3900","111"
"2019-06-25","-6.25","82500","82500","1875","44","3750","22"
"2019-06-24","0","5957400","5957400","2000","3104","4000","1552"
"2019-06-21","0","51000","51000","2000","26","4000","13"
"2019-06-20","0","478000","478000","2000","244","4000","122"
"2019-06-19","0","1611800","1611800","2000","806","4000","403"
"2019-06-18","2.56","3353300","3353300","2000","1678","4000","839"
"2019-06-17","0","4502600","4502600","1950","2290","3900","1145"
"2019-06-14","0","7873950","7873950","1950","4000","3900","2000"
"2019-06-13","-2.5","2869400","2869400","1950","1510","3900","755"
"2019-06-12","6.67","9084050","9084050","2000","4660","4000","2330"
"2019-06-11","0","4203750","4203750","1875","2242","3750","1121"
"2019-06-07","0.91","3862300","3862300","1875","2060","3750","1030"
"2019-06-06","-0.11","4508145","4508145","1858","2424","3715","1212"
"2019-06-05","-0.69","724595","724595","1860","390","3720","195"
"2019-06-03","-0.11","1357350","1357350","1873","724","3745","362"
"2019-05-31","0","451400","451400","1875","240","3750","120"
"2019-05-29","0","3724355","3724355","1875","1990","3750","995"
"2019-05-28","0.11","5956900","5956900","1875","3198","3750","1599"
"2019-05-27","-0.11","322215","322215","1873","174","3745","87"
"2019-05-24","0","10923580","10923580","1875","5858","3750","2929"
"2019-05-23","-1.32","598200","598200","1875","316","3750","158"
"2019-05-22","0","21616700","21616700","1900","11688","3800","5844"
"2019-05-21","-3.8","988610","988610","1900","510","3800","255"
"2019-05-20","-3.66","1213950","1213950","1975","610","3950","305"
"2019-05-17","-2.38","287000","287000","2050","140","4100","70"
"2019-05-16","-1.18","1335600","1335600","2100","636","4200","318"
"2019-05-15","1.19","33750","33750","2125","16","4250","8"
"2019-05-14","-2.33","319200","319200","2100","152","4200","76"
"2019-05-13","-1.15","382750","382750","2150","178","4300","89"
"2019-05-10","-1.14","3059350","3059350","2175","1402","4350","701"
"2019-05-09","0","774150","774150","2200","348","4400","174"
"2019-05-08","0","4333975","4333975","2200","1968","4400","984"
"2019-05-07","-2.22","766800","766800","2200","344","4400","172"
"2019-05-06","0.67","3351820","3351820","2250","1502","4500","751"
"2019-05-03","-0.67","3104925","3104925","2235","1378","4470","689"
"2019-05-02","-2.81","1350000","1350000","2250","600","4500","300"
"2019-04-30","6.44","66150","66150","2315","30","4630","15"
"2019-04-29","-13","2446040","2446040","2175","1072","4350","536"
"2019-04-26","-1.96","5595600","5595600","2500","2198","5000","1099"
"2019-04-25","0","14078000","14078000","2550","5488","5100","2744"
"2019-04-24","-1.47","2541750","2541750","2550","990","5100","495"
"2019-04-23","-0.46","3105425","3105425","2588","1198","5175","599"
"2019-04-19","1.96","3562450","3562450","2600","1374","5200","687"
"2019-04-18","0","21897910","21897910","2550","8450","5100","4225"
"2019-04-17","0","9111385","9111385","2550","3588","5100","1794"
"2019-04-16","2","5121060","5121060","2550","2022","5100","1011"
"2019-04-15","4.17","17986820","17986820","2500","7064","5000","3532"
"2019-04-12","1.05","1871400","1871400","2400","786","4800","393"
"2019-04-11","1.06","7270000","7270000","2375","3064","4750","1532"
"2019-04-10","0","5871300","5871300","2350","2496","4700","1248"
"2019-04-09","6.58","4817500","4817500","2350","2130","4700","1065"
"2019-04-08","-1.34","11868450","11868450","2205","5418","4410","2709"
"2019-04-05","0","1359820","1359820","2235","632","4470","316"
"2019-04-04","0","49170","49170","2235","22","4470","11"
"2019-04-03","0","357750","357750","2235","166","4470","83"
"2019-04-02","7.45","14605015","14605015","2235","7016","4470","3508"
"2019-04-01","-5.37","1193780","1193780","2080","576","4160","288"
"2019-03-29","0","3332725","3332725","2198","1566","4395","783"
"2019-03-28","-6.39","3124340","3124340","2198","1418","4395","709"
"2019-03-27","-4.16","2160270","2160270","2348","944","4695","472"
"2019-03-25","-1.01","196000","196000","2450","80","4900","40"
"2019-03-22","-1","4667065","4667065","2475","1900","4950","950"
"2019-03-21","3.39","47329620","47329620","2500","19004","5000","9502"
"2019-03-20","7.47","23485420","23485420","2418","10594","4835","5297"
"2019-03-19","3.69","13783925","13783925","2250","6274","4500","3137"
"2019-03-18","-5.24","11267760","11267760","2170","5298","4340","2649"
"2019-03-15","0","15102575","15102575","2290","6730","4580","3365"
"2019-03-14","-3.58","18715270","18715270","2290","8280","4580","4140"
"2019-03-13","-1.04","2931600","2931600","2375","1234","4750","617"
"2019-03-12","-1.03","1248500","1248500","2400","520","4800","260"
"2019-03-11","0","460750","460750","2425","190","4850","95"
"2019-03-08","-1.02","2620085","2620085","2425","1080","4850","540"
"2019-03-07","-0.93","191100","191100","2450","78","4900","39"
"2019-03-06","-1.08","1967955","1967955","2473","792","4945","396"
"2019-03-05","0","4019105","4019105","2500","1610","5000","805"
"2019-03-04","-0.12","95050","95050","2500","38","5000","19"
"2019-03-01","-5.55","2525870","2525870","2503","1012","5005","506"
"2019-02-28","0","2531045","2531045","2650","1014","5300","507"
"2019-02-27","6.3","8029860","8029860","2650","3222","5300","1611"
"2019-02-26","-0.28","649925","649925","2493","260","4985","130"
"2019-02-25","0.08","2949550","2949550","2500","1180","5000","590"
"2019-02-22","-6.79","5654290","5654290","2498","2148","4995","1074"
"2019-02-21","7.29","12969635","12969635","2680","5112","5360","2556"
"2019-02-20","7.44","8266145","8266145","2498","3430","4995","1715"
"2019-02-19","1.09","2039225","2039225","2325","890","4650","445"
"2019-02-18","2.22","6886300","6886300","2300","3038","4600","1519"
"2019-02-15","-3.02","3577690","3577690","2250","1590","4500","795"
"2019-02-14","0.87","2263030","2263030","2320","1026","4640","513"
"2019-02-13","4.55","11998750","11998750","2300","5288","4600","2644"
"2019-02-12","0.46","10505290","10505290","2200","4778","4400","2389"
"2019-02-11","-0.23","3071020","3071020","2190","1398","4380","699"
"2019-02-08","0","1270340","1270340","2195","610","4390","305"
"2019-02-07","2.09","7674190","7674190","2195","3498","4390","1749"
"2019-02-06","-2.27","711750","711750","2150","328","4300","164"
"2019-02-05","-2.14","134980","134980","2200","62","4400","31"
"2019-02-04","-0.09","193285","193285","2248","86","4495","43"
"2019-02-01","0","225000","225000","2250","100","4500","50"
"2019-01-31","4.65","563850","563850","2250","260","4500","130"
"2019-01-30","2.48","3953900","3953900","2150","1882","4300","941"
"2019-01-29","2.34","527260","527260","2098","252","4195","126"
"2019-01-28","2.5","382775","382775","2050","188","4100","94"
"2019-01-25","-1.38","180000","180000","2000","90","4000","45"
"2019-01-24","-1.07","1865610","1865610","2028","932","4055","466"
"2019-01-23","-1.2","1345000","1345000","2050","662","4100","331"
"2019-01-22","-2.35","157700","157700","2075","76","4150","38"
"2019-01-21","6.25","5013910","5013910","2125","2364","4250","1182"
"2019-01-18","2.56","4846795","4846795","2000","2480","4000","1240"
"2019-01-17","-7.05","5595300","5595300","1950","2866","3900","1433"
"2019-01-16","0.72","2704765","2704765","2098","1318","4195","659"
"2019-01-15","-2.89","7894555","7894555","2083","3790","4165","1895"
"2019-01-14","-4.67","2319645","2319645","2145","1110","4290","555"
"2019-01-11","-4.17","705000","705000","2250","312","4500","156"
"2019-01-10","-0.84","103350","103350","2348","44","4695","22"
"2019-01-09","-2.15","284200","284200","2368","120","4735","60"
"2019-01-08","0.83","879200","879200","2420","366","4840","183"
"2019-01-07","-3.92","1670715","1670715","2400","692","4800","346"
"2019-01-04","-3.92","374810","374810","2498","154","4995","77"
"2019-01-03","0.78","4751700","4751700","2600","1842","5200","921"
"2019-01-02","-0.77","8668800","8668800","2580","3360","5160","1680"
"2018-12-31","-3.53","7280000","7280000","2600","2800","5200","1400"
"2018-12-28","0.26","5488780","5488780","2695","2044","5390","1022"
"2018-12-27","7.52","9359575","9359575","2688","3624","5375","1812"
"2018-12-26","7.3","19754000","19754000","2500","8152","5000","4076"
"2018-12-24","7.47","3795595","3795595","2330","1690","4660","845"
"2018-12-21","7.43","10669610","10669610","2168","5218","4335","2609"
"2018-12-20","7.45","9536350","9536350","2018","4756","4035","2378"
"2018-12-19","4.33","17623565","17623565","1878","9506","3755","4753"
"2018-12-18","2.86","360000","360000","1800","200","3600","100"
"2018-12-17","5.11","4349930","4349930","1750","2488","3500","1244"
"2018-12-14","7.42","4883560","4883560","1665","3064","3330","1532"
"2018-12-13","3.47","4322260","4322260","1550","2806","3100","1403"
"2018-12-12","0.54","2682580","2682580","1498","1798","2995","899"
"2018-12-11","2.76","54788660","54788660","1490","36768","2980","18384"
"2018-12-10","3.35","4690550","4690550","1450","3296","2900","1648"
"2018-12-07","0.21","7191980","7191980","1403","5128","2805","2564"
"2018-12-06","0","10753840","10753840","1400","7668","2800","3834"
"2018-12-05","1.97","2384200","2384200","1400","1716","2800","858"
"2018-12-04","-1.93","2271220","2271220","1373","1652","2745","826"
"2018-12-03","-5.08","952100","952100","1400","680","2800","340"
"2018-11-30","-1.34","1480550","1480550","1475","1054","2950","527"
"2018-11-29","-3.55","1123630","1123630","1495","754","2990","377"
"2018-11-28","3.33","786900","786900","1550","522","3100","261"
"2018-11-27","0","1681000","1681000","1500","1122","3000","561"
"2018-11-26","-3.1","2016320","2016320","1500","1338","3000","669"
"2018-11-23","-3.25","2566610","2566610","1548","1696","3095","848"
"2018-11-22","-5.6","4853270","4853270","1600","3024","3200","1512"
"2018-11-21","4.31","2294900","2294900","1695","1400","3390","700"
"2018-11-19","-1.81","951100","951100","1625","596","3250","298"
"2018-11-16","-2.65","3395220","3395220","1655","2052","3310","1026"
"2018-11-14","6.25","1279895","1279895","1700","786","3400","393"
"2018-11-13","-5.88","317580","317580","1600","198","3200","99"
"2018-11-12","-2.86","14734200","14734200","1700","8712","3400","4356"
"2018-11-09","0","3199000","3199000","1750","1828","3500","914"
"2018-11-08","-1.41","4340000","4340000","1750","2480","3500","1240"
"2018-11-07","0","1327350","1327350","1775","754","3550","377"
"2018-11-06","-1.39","18318800","18318800","1775","10318","3550","5159"
"2018-11-05","-2.7","5011100","5011100","1800","2782","3600","1391"
"2018-11-02","-2.12","1631410","1631410","1850","928","3700","464"
"2018-10-31","-0.16","4516530","4516530","1890","2402","3780","1201"
"2018-10-30","-0.11","2048400","2048400","1893","1080","3785","540"
"2018-10-29","-1.04","825875","825875","1895","440","3790","220"
"2018-10-26","1.97","708550","708550","1915","370","3830","185"
"2018-10-25","-6.1","1821600","1821600","1878","948","3755","474"
"2018-10-24","2.56","44773130","44773130","2000","23404","4000","11702"
"2018-10-23","0","546000","546000","1950","280","3900","140"
"2018-10-22","0","534750","534750","1950","270","3900","135"
"2018-10-19","-2.5","9778400","9778400","1950","4950","3900","2475"
"2018-10-18","1.52","4797550","4797550","2000","2410","4000","1205"
"2018-10-17","2.34","550300","550300","1970","284","3940","142"
"2018-10-16","-2.53","44194975","44194975","1925","22410","3850","11205"
"2018-10-15","1.28","2903100","2903100","1975","1550","3950","775"
"2018-10-12","5.41","96500","96500","1950","50","3900","25"
"2018-10-11","-7.5","5479310","5479310","1850","2880","3700","1440"
"2018-10-10","2.56","5766635","5766635","2000","2960","4000","1480"
"2018-10-09","-1.91","72878900","72878900","1950","36966","3900","18483"
"2018-10-08","1.95","1124000","1124000","1988","580","3975","290"
"2018-10-05","-2.5","5218750","5218750","1950","2662","3900","1331"
"2018-10-04","-4.67","156000","156000","2000","78","4000","39"
"2018-10-03","-0.47","2476955","2476955","2098","1186","4195","593"
"2018-10-02","-4.18","95659450","95659450","2108","44762","4215","22381"
"2018-10-01","4.76","111500","111500","2200","50","4400","25"
"2018-09-28","5","11895575","11895575","2100","6000","4200","3000"
"2018-09-27","-4.08","3476800","3476800","2000","1750","4000","875"
"2018-09-26","-0.24","1250255","1250255","2085","600","4170","300"
"2018-09-25","-0.14","753465","753465","2090","368","4180","184"
"2018-09-24","2.2","83700","83700","2093","40","4185","20"
"2018-09-21","-4.21","818285","818285","2048","408","4095","204"
"2018-09-20","4.29","41525","41525","2138","20","4275","10"
"2018-09-19","5.13","9572475","9572475","2050","4786","4100","2393"
"2018-09-18","-2.65","10566740","10566740","1950","5416","3900","2708"
"2018-09-17","-6.84","1136135","1136135","2003","562","4005","281"
"2018-09-14","-2.27","541800","541800","2150","252","4300","126"
"2018-09-13","-2.22","201900","201900","2200","90","4400","45"
"2018-09-12","0.31","289500","289500","2250","130","4500","65"
"2018-09-11","-0.31","1372105","1372105","2243","622","4485","311"
"2018-09-10","-2.09","1341000","1341000","2250","596","4500","298"
"2018-09-07","0","252725","252725","2298","110","4595","55"
"2018-09-06","0","965275","965275","2298","420","4595","210"
"2018-09-05","-2.21","18828275","18828275","2298","8098","4595","4049"
"2018-09-04","0.21","6838460","6838460","2350","2994","4700","1497"
"2018-09-03","-2.29","877150","877150","2345","386","4690","193"
"2018-08-31","2.13","8246765","8246765","2400","3464","4800","1732"
"2018-08-30","-1.67","2001775","2001775","2350","868","4700","434"
"2018-08-29","-0.33","11397495","11397495","2390","4844","4780","2422"
"2018-08-28","2.04","3410145","3410145","2398","1444","4795","722"
"2018-08-27","2.04","1829825","1829825","2350","782","4700","391"
"2018-08-24","-3.96","461125","461125","2303","198","4605","99"
"2018-08-23","-0.08","1430835","1430835","2398","612","4795","306"
"2018-08-22","-1.96","174183445","174183445","2400","72574","4800","36287"
"2018-08-17","-0.08","186870","186870","2448","76","4895","38"
"2018-08-16","-1.92","269500","269500","2450","110","4900","55"
"2018-08-14","0","994985","994985","2498","406","4995","203"
"2018-08-13","1.96","11118550","11118550","2498","4586","4995","2293"
"2018-08-10","0","294000","294000","2450","120","4900","60"
"2018-08-09","0","7350600","7350600","2450","2974","4900","1487"
"2018-08-08","-5.77","8694600","8694600","2450","3520","4900","1760"
"2018-08-03","4.08","4174720","4174720","2600","1698","5200","849"
"2018-08-02","1.96","1842385","1842385","2498","750","4995","375"
"2018-08-01","0","4007100","4007100","2450","1636","4900","818"
"2018-07-31","0","2696710","2696710","2450","1108","4900","554"
"2018-07-30","0","867300","867300","2450","354","4900","177"
"2018-07-27","0.08","1692560","1692560","2450","692","4900","346"
"2018-07-26","-0.08","1776620","1776620","2448","728","4895","364"
"2018-07-25","0.08","4905970","4905970","2450","2006","4900","1003"
"2018-07-24","0.95","736445","736445","2448","302","4895","151"
"2018-07-23","-0.82","6735230","6735230","2425","2750","4850","1375"
"2018-07-20","0","9059600","9059600","2445","3734","4890","1867"
"2018-07-19","0.08","262440","262440","2445","108","4890","54"
"2018-07-18","-0.2","581490","581490","2443","238","4885","119"
"2018-07-17","0.12","1917820","1917820","2448","786","4895","393"
"2018-07-16","0.7","3584565","3584565","2445","1476","4890","738"
"2018-07-13","-0.61","3940780","3940780","2428","1622","4855","811"
"2018-07-12","-0.08","9848295","9848295","2443","4020","4885","2010"
"2018-07-11","0","1526585","1526585","2445","626","4890","313"
"2018-07-10","0.08","924890","924890","2445","380","4890","190"
"2018-07-09","0.74","12622000","12622000","2443","5220","4885","2610"
"2018-07-06","1.34","8178190","8178190","2425","3420","4850","1710"
"2018-07-05","-0.21","4826665","4826665","2393","2028","4785","1014"
"2018-07-04","-0.08","3779400","3779400","2398","1580","4795","790"
"2018-07-03","0","739175","739175","2400","308","4800","154"
"2018-07-02","-1.84","1219100","1219100","2400","504","4800","252"
"2018-06-29","0","12102575","12102575","2445","5096","4890","2548"
"2018-06-28","5.16","26943800","26943800","2445","11444","4890","5722"
"2018-06-27","-5.02","10925040","10925040","2325","4594","4650","2297"
"2018-06-26","-0.08","4431965","4431965","2448","1844","4895","922"
"2018-06-25","0","3513960","3513960","2450","1426","4900","713"
"2018-06-22","2.08","24076300","24076300","2450","9878","4900","4939"
"2018-06-21","1.05","24463700","24463700","2400","10264","4800","5132"
"2018-06-20","0","10362445","10362445","2375","4374","4750","2187"
"2018-06-19","0","8041460","8041460","2375","3414","4750","1707"
"2018-06-18","0","2562970","2562970","2375","1088","4750","544"
"2018-06-15","0","11788560","11788560","2375","4994","4750","2497"
"2018-06-13","1.15","16245890","16245890","2375","6914","4750","3457"
"2018-06-12","0","2347000","2347000","2348","1000","4695","500"
"2018-06-08","0.13","28520845","28520845","2348","12150","4695","6075"
"2018-06-07","-0.21","2612330","2612330","2345","1114","4690","557"
"2018-06-06","0.21","53334495","53334495","2350","22728","4700","11364"
"2018-06-05","-0.13","746535","746535","2345","318","4690","159"
"2018-06-04","0","6424905","6424905","2348","2736","4695","1368"
"2018-06-01","0.43","670060","670060","2348","286","4695","143"
"2018-05-31","-2.18","2276870","2276870","2338","992","4675","496"
"2018-05-30","1.7","5204780","5204780","2390","2192","4780","1096"
"2018-05-29","0.51","19790760","19790760","2350","8396","4700","4198"
"2018-05-28","0","7804670","7804670","2338","3574","4675","1787"
"2018-05-25","-0.51","50615185","50615185","2338","23244","4675","11622"
"2018-05-24","-1.05","32396900","32396900","2350","14704","4700","7352"
"2018-05-23","-0.96","5722240","5722240","2375","2548","4750","1274"
"2018-05-22","-0.08","3640795","3640795","2398","1618","4795","809"
"2018-05-18","0.08","7669150","7669150","2400","3368","4800","1684"
"2018-05-17","-0.08","1706900","1706900","2398","756","4795","378"
"2018-05-16","0","8186415","8186415","2400","3638","4800","1819"
"2018-05-15","-3.92","808925","808925","2400","332","4800","166"
"2018-05-14","-3.85","16505055","16505055","2498","6640","4995","3320"
"2018-05-11","3.92","5173055","5173055","2598","2060","5195","1030"
"2018-05-09","-7.41","6754000","6754000","2500","2594","5000","1297"
"2018-05-08","-1.82","642825","642825","2700","238","5400","119"
"2018-05-07","-1.72","4175610","4175610","2750","1562","5500","781"
"2018-05-04","-3.18","3064650","3064650","2798","1116","5595","558"
"2018-05-03","-0.28","252500","252500","2890","90","5780","45"
"2018-05-02","-6.52","579150","579150","2898","200","5795","100"
"2018-04-30","7.08","2089400","2089400","3100","674","6200","337"
"2018-04-27","5.27","12876940","12876940","2895","4724","5790","2362"
"2018-04-26","-5.11","8169350","8169350","2750","2932","5500","1466"
"2018-04-24","-0.92","3140100","3140100","2898","1134","5795","567"
"2018-04-23","0","1163600","1163600","2925","422","5850","211"
"2018-04-20","0.86","8494050","8494050","2925","2952","5850","1476"
"2018-04-19","0","14674935","14674935","2900","5336","5800","2668"
"2018-04-18","-1.29","6453380","6453380","2900","2308","5800","1154"
"2018-04-17","5.95","5717330","5717330","2938","2068","5875","1034"
"2018-04-16","-7.41","4052095","4052095","2773","1418","5545","709"
"2018-04-13","-0.17","1253490","1253490","2995","418","5990","209"
"2018-04-12","0.07","1907070","1907070","3000","636","6000","318"
"2018-04-11","-5.43","6297730","6297730","2998","2100","5995","1050"
"2018-04-10","3.93","7557190","7557190","3170","2492","6340","1246"
"2018-04-09","-2.34","15489760","15489760","3050","5080","6100","2540"
"2018-04-06","-0.86","7565265","7565265","3123","2426","6245","1213"
"2018-04-05","-3.08","22983525","22983525","3150","7302","6300","3651"
"2018-04-04","-1.37","5856040","5856040","3250","1846","6500","923"
"2018-04-03","-4.49","23450425","23450425","3295","7110","6590","3555"
"2018-03-30","4.61","28788630","28788630","3450","9058","6900","4529"
"2018-03-29","-1.49","8719920","8719920","3298","2690","6595","1345"
"2018-03-28","3.56","24285870","24285870","3348","8052","6695","4026"
"2018-03-27","-2.03","3077150","3077150","3233","966","6465","483"
"2018-03-26","4.93","5880460","5880460","3300","1874","6600","937"
"2018-03-23","-1.72","1231430","1231430","3145","398","6290","199"
"2018-03-22","-5.74","9680180","9680180","3200","3070","6400","1535"
"2018-03-21","-0.15","3102720","3102720","3395","950","6790","475"
"2018-03-20","-1.39","34129435","34129435","3400","10602","6800","5301"
"2018-03-19","0.09","1309550","1309550","3448","382","6895","191"
"2018-03-16","-1.37","19634540","19634540","3445","5834","6890","2917"
"2018-03-15","-0.06","4309665","4309665","3493","1254","6985","627"
"2018-03-14","2.79","29079075","29079075","3495","8496","6990","4248"
"2018-03-13","-2.72","9621375","9621375","3400","2822","6800","1411"
"2018-03-12","-0.09","1957135","1957135","3495","560","6990","280"
"2018-03-09","-0.06","1045880","1045880","3498","300","6995","150"
"2018-03-08","0","1994000","1994000","3500","570","7000","285"
"2018-03-07","-0.71","9283375","9283375","3500","2636","7000","1318"
"2018-03-06","0","8183785","8183785","3525","2338","7050","1169"
"2018-03-05","-0.7","15974630","15974630","3525","4552","7050","2276"
"2018-03-02","0","10445890","10445890","3550","2954","7100","1477"
"2018-03-01","0.14","9223530","9223530","3550","2624","7100","1312"
"2018-02-28","1.2","2335810","2335810","3545","664","7090","332"
"2018-02-27","-1.32","19568505","19568505","3503","5524","7005","2762"
"2018-02-26","0","4500560","4500560","3550","1268","7100","634"
"2018-02-23","1.43","816850","816850","3550","232","7100","116"
"2018-02-22","0","11391500","11391500","3500","3260","7000","1630"
"2018-02-21","0.06","7684855","7684855","3500","2196","7000","1098"
"2018-02-20","-0.06","2516395","2516395","3498","720","6995","360"
"2018-02-19","0","25164950","25164950","3500","7190","7000","3595"
"2018-02-16","0","23817050","23817050","3500","6808","7000","3404"
"2018-02-15","0","6132000","6132000","3500","1752","7000","876"
"2018-02-14","0","10764525","10764525","3500","3076","7000","1538"
"2018-02-13","0","7496150","7496150","3500","2142","7000","1071"
"2018-02-12","0","222100","222100","3500","64","7000","32"
"2018-02-09","1.51","9659935","9659935","3500","2792","7000","1396"
"2018-02-08","2.77","16371220","16371220","3448","4820","6895","2410"
"2018-02-07","0","1642700","1642700","3355","486","6710","243"
"2018-02-06","0.06","9623840","9623840","3355","2810","6710","1405"
"2018-02-05","1.61","8593085","8593085","3353","2576","6705","1288"
"2018-02-02","0","18627400","18627400","3300","5708","6600","2854"
"2018-02-01","1.54","76878775","76878775","3300","23464","6600","11732"
"2018-01-31","-1.52","5014325","5014325","3250","1544","6500","772"
"2018-01-30","1.54","26300090","26300090","3300","8036","6600","4018"
"2018-01-29","-1.52","17535820","17535820","3250","5354","6500","2677"
"2018-01-26","-0.69","1024000","1024000","3300","312","6600","156"
"2018-01-25","0","3542875","3542875","3323","1074","6645","537"
"2018-01-24","2.25","17505725","17505725","3323","5392","6645","2696"
"2018-01-23","-2.93","1286765","1286765","3250","394","6500","197"
"2018-01-22","-2.82","4017985","4017985","3348","1200","6695","600"
"2018-01-19","-0.14","2632140","2632140","3445","764","6890","382"
"2018-01-18","-0.29","4241500","4241500","3450","1226","6900","613"
"2018-01-17","0.2","4827885","4827885","3460","1412","6920","706"
"2018-01-16","-1.34","1805050","1805050","3453","516","6905","258"
"2018-01-15","0","9333000","9333000","3500","2672","7000","1336"
"2018-01-12","-1.41","5023715","5023715","3500","1440","7000","720"
"2018-01-11","0","4748400","4748400","3550","1354","7100","677"
"2018-01-10","1.43","852000","852000","3550","240","7100","120"
"2018-01-09","0","6412280","6412280","3500","1824","7000","912"
"2018-01-08","-0.09","32137030","32137030","3500","9060","7000","4530"
"2018-01-05","0.09","3263450","3263450","3503","916","7005","458"
"2018-01-04","-1.96","4006330","4006330","3500","1138","7000","569"
"2018-01-03","0.56","20232460","20232460","3570","5678","7140","2839"
"2018-01-02","-0.7","7068650","7068650","3550","1990","7100","995"
"2017-12-29","0","6208000","6208000","3575","1740","7150","870"
"2017-12-28","0","16285920","16285920","3575","4576","7150","2288"
"2017-12-27","0","21461530","21461530","3575","6008","7150","3004"
"2017-12-26","-0.69","6604430","6604430","3575","1870","7150","935"
"2017-12-22","0","1924000","1924000","3600","540","7200","270"
"2017-12-21","2.86","3708245","3708245","3600","1058","7200","529"
"2017-12-20","-2.72","1511400","1511400","3500","432","7000","216"
"2017-12-19","-1.37","8864555","8864555","3598","2516","7195","1258"
"2017-12-18","0.08","3251225","3251225","3648","898","7295","449"
"2017-12-15","-1.43","1584230","1584230","3645","430","7290","215"
"2017-12-14","-0.72","12425320","12425320","3698","3346","7395","1673"
"2017-12-13","-0.53","3788000","3788000","3725","1026","7450","513"
"2017-12-12","0","11788780","11788780","3745","3154","7490","1577"
"2017-12-11","0","1614765","1614765","3745","436","7490","218"
"2017-12-08","3.94","9189140","9189140","3745","2604","7490","1302"
"2017-12-07","-3.79","7407780","7407780","3603","2036","7205","1018"
"2017-12-06","-0.13","5894270","5894270","3745","1574","7490","787"
"2017-12-05","0","5260550","5260550","3750","1406","7500","703"
"2017-12-04","-3.85","22409975","22409975","3750","5972","7500","2986"
"2017-11-30","0","678600","678600","3900","174","7800","87"
"2017-11-29","5.41","7153400","7153400","3900","1908","7800","954"
"2017-11-28","-1.33","4589620","4589620","3700","1224","7400","612"
"2017-11-27","0","667500","667500","3750","178","7500","89"
"2017-11-24","4.17","7639400","7639400","3750","2100","7500","1050"
"2017-11-23","1.41","8253085","8253085","3600","2336","7200","1168"
"2017-11-22","5.09","17552465","17552465","3550","5044","7100","2522"
"2017-11-21","0.09","8533345","8533345","3378","2522","6755","1261"
"2017-11-20","5.63","12233360","12233360","3375","3766","6750","1883"
"2017-11-17","0","6469760","6469760","3195","2044","6390","1022"
"2017-11-16","6.5","2087980","2087980","3195","674","6390","337"
"2017-11-14","-3.01","8453730","8453730","3000","2778","6000","1389"
"2017-11-13","-3.64","2714840","2714840","3093","874","6185","437"
"2017-11-10","-3.46","192650","192650","3210","60","6420","30"
"2017-11-09","-4.81","10175525","10175525","3325","3020","6650","1510"
"2017-11-08","-0.14","6639530","6639530","3493","1934","6985","967"
"2017-11-07","-1.46","13891680","13891680","3498","3974","6995","1987"
"2017-11-06","-1.39","2295310","2295310","3550","642","7100","321"
"2017-11-03","-3.95","2058100","2058100","3600","564","7200","282"
"2017-11-02","0.13","4596025","4596025","3748","1228","7495","614"
"2017-10-31","6.49","1463470","1463470","3743","404","7485","202"
"2017-10-30","-7.45","8033250","8033250","3515","2228","7030","1114"
"2017-10-27","-0.05","2913570","2913570","3798","772","7595","386"
"2017-10-26","-2.31","24513170","24513170","3800","6472","7600","3236"
"2017-10-25","-1.52","1959415","1959415","3890","502","7780","251"
"2017-10-24","6.9","142100","142100","3950","38","7900","19"
"2017-10-23","-1.2","665040","665040","3695","180","73890","9"
"2017-10-20","-0.27","2966730","2966730","3740","800","74790","40"
"2017-10-19","0","1199985","1199985","3750","320","74995","16"
"2017-10-18","-1.19","2042370","2042370","3750","540","75000","27"
"2017-10-17","-0.78","3024625","3024625","3795","820","75900","41"
"2017-10-16","-0.65","19074080","19074080","3825","4980","76500","249"
"2017-10-13","0","1370905","1370905","3850","360","76990","18"
"2017-10-12","0.13","21388850","21388850","3850","5860","76990","293"
"2017-10-11","-0.52","2080915","2080915","3845","560","76900","28"
"2017-10-10","0","771800","771800","3865","200","77300","10"
"2017-10-09","-0.9","461800","461800","3865","120","77300","6"
"2017-10-05","0","6450075","6450075","3900","1720","77995","86"
"2017-10-04","-1.27","5639960","5639960","3900","1460","78000","73"
"2017-10-03","0","31784995","31784995","3950","8160","79000","408"
"2017-10-02","0","32271500","32271500","3950","8180","79000","409"
"2017-09-29","0.64","50779480","50779480","3950","12900","79000","645"
"2017-09-28","0","4236855","4236855","3925","1120","78495","56"
"2017-09-26","0.64","1909980","1909980","3925","500","78495","25"
"2017-09-25","0","22245930","22245930","3900","5780","78000","289"
"2017-09-22","2.63","11582400","11582400","3900","3080","77995","154"
"2017-09-21","2.7","16168010","16168010","3800","4360","76000","218"
"2017-09-20","-2.63","27825900","27825900","3700","7520","74000","376"
"2017-09-19","0","11515575","11515575","3800","3100","76000","155"
"2017-09-18","0","8588290","8588290","3800","2320","76000","116"
"2017-09-15","2.7","2250975","2250975","3800","600","76000","30"
"2017-09-14","-3.77","94111870","94111870","3700","25360","74005","1268"
"2017-09-13","-0.08","4501900","4501900","3845","1200","76900","60"
"2017-09-12","-1.33","41639300","41639300","3848","10780","76950","539"
"2017-09-11","0","30359550","30359550","3900","7840","78000","392"
"2017-09-08","-0.51","1326795","1326795","3900","340","78000","17"
"2017-09-07","-0.13","3202380","3202380","3920","820","78400","41"
"2017-09-06","0","20864025","20864025","3925","5360","78500","268"
"2017-09-05","-0.63","1250000","1250000","3925","320","78500","16"
"2017-09-04","0","18469535","18469535","3950","4700","79000","235"
"2017-08-31","0","12086000","12086000","3950","3060","79000","153"
"2017-08-30","0","37790660","37790660","3950","9900","79000","495"
"2017-08-25","0.43","1496125","1496125","3950","380","79000","19"
"2017-08-24","0","5336450","5336450","3933","1360","78650","68"
"2017-08-23","-1.01","393250","393250","3933","100","78650","5"
"2017-08-22","0.97","397250","397250","3973","100","79450","5"
"2017-08-21","-1.01","1578800","1578800","3935","400","78700","20"
"2017-08-18","0","3921475","3921475","3975","1000","79500","50"
"2017-08-17","0.13","6008705","6008705","3975","1540","79500","77"
"2017-08-16","1.79","4954600","4954600","3970","1260","79400","63"
"2017-08-11","-1.27","1685945","1685945","3900","440","78000","22"
"2017-08-10","0","7282925","7282925","3950","1920","78995","96"
"2017-08-09","1.28","4470790","4470790","3950","1140","79000","57"
"2017-08-08","-2.5","1974500","1974500","3900","500","78000","25"
"2017-08-04","2.56","6009010","6009010","4000","1580","80000","79"
"2017-08-03","-2.5","6206000","6206000","3900","1580","78000","79"
"2017-08-02","-4.76","6800000","6800000","4000","1700","80000","85"
"2017-08-01","-1.18","1284000","1284000","4200","320","84000","16"
"2017-07-31","6.52","15326890","15326890","4250","3940","84995","197"
"2017-07-28","2.31","1436255","1436255","3990","360","79790","18"
"2017-07-27","0","5075995","5075995","3900","1320","77995","66"
"2017-07-26","0","3574035","3574035","3900","920","78000","46"
"2017-07-25","-2.5","12425400","12425400","3900","3140","78000","157"
"2017-07-24","0","46495205","46495205","4000","11760","79995","588"
"2017-07-21","1.27","10824000","10824000","4000","2740","80000","137"
"2017-07-20","-5.95","793000","793000","3950","200","79000","10"
"2017-07-19","-1.18","1080000","1080000","4200","260","84000","13"
"2017-07-18","0","5354975","5354975","4250","1260","85000","63"
"2017-07-17","-3.41","5896975","5896975","4250","1380","85000","69"
"2017-07-14","-2.22","1594000","1594000","4400","360","88000","18"
"2017-07-13","2.27","1800000","1800000","4500","400","90000","20"
"2017-07-12","-4.86","15826000","15826000","4400","3540","88000","177"
"2017-07-11","-0.54","4392785","4392785","4625","960","92495","48"
"2017-07-10","-1.48","930000","930000","4650","200","93000","10"
"2017-07-07","0.96","1496900","1496900","4720","320","94400","16"
"2017-07-06","5.2","2764375","2764375","4675","620","93500","31"
"2017-07-05","-6.44","2712120","2712120","4444","580","88875","29"
"2017-07-04","0","5795250","5795250","4750","1220","95000","61"
"2017-07-03","-4.85","95005","95005","4750","20","95005","1"
"2017-06-30","-0.06","2214070","2214070","4992","460","99845","23"
"2017-06-29","-0.08","3298385","3298385","4995","660","99900","33"
"2017-06-28","-0.02","299965","299965","4999","60","99980","3"
"2017-06-27","6.27","1750990","1750990","5000","360","100000","18"
"2017-06-23","-5.9","9053545","9053545","4705","1880","188185","47"
"2017-06-21","-3.85","29717470","29717470","5000","5840","200000","146"
"2017-06-20","-1.01","23703935","23703935","5200","4520","208000","113"
"2017-06-19","-4.92","21072225","21072225","5253","4000","210120","100"
"2017-06-16","0.45","3972000","3972000","5525","720","221000","18"
"2017-06-15","-0.45","220000","220000","5500","40","220000","1"
"2017-06-14","0","8363000","8363000","5525","1520","221000","38"
"2017-06-13","-3.91","2210000","2210000","5525","400","221000","10"
"2017-06-12","6.98","7574900","7574900","5750","1320","230000","33"
"2017-06-09","7.5","34177350","34177350","5375","6600","215000","165"
"2017-06-08","0.5","46400000","46400000","5000","9280","200000","232"
"2017-06-07","-0.5","18784940","18784940","4975","3760","199000","94"
"2017-06-06","0","35394920","35394920","5000","7080","200000","177"
"2017-06-02","0","4597005","4597005","5000","920","200000","23"
"2017-06-01","0","34078965","34078965","5000","6840","200000","171"
"2017-05-31","0","44793980","44793980","5000","8960","200000","224"
"2017-05-30","0","21033235","21033235","5000","4120","200000","103"
"2017-05-29","0","28177670","28177670","5000","5640","199995","141"
"2017-05-26","0","23398995","23398995","5000","4680","200000","117"
"2017-05-24","1.01","10400000","10400000","5000","2080","200000","52"
"2017-05-23","-1","21786145","21786145","4950","4360","198000","109"
"2017-05-22","0","19399840","19399840","5000","3880","200000","97"
"2017-05-19","0","33399975","33399975","5000","6680","199995","167"
"2017-05-18","0","38800000","38800000","5000","7760","200000","194"
"2017-05-17","0","20198985","20198985","5000","4040","200000","101"
"2017-05-16","0","36599980","36599980","5000","7320","200000","183"
"2017-05-15","0","33800000","33800000","5000","6760","200000","169"
"2017-05-12","0.04","17599750","17599750","5000","3520","200000","88"
"2017-05-11","-0.04","21594795","21594795","4998","4320","199900","108"
"2017-05-10","0","3800000","3800000","5000","760","200000","19"
"2017-05-09","0","18600000","18600000","5000","3720","200000","93"
"2017-05-08","0","17800045","17800045","5000","3560","200000","89"
"2017-05-05","0.12","11999860","11999860","5000","2400","200000","60"
"2017-05-04","-0.12","6192250","6192250","4994","1240","199750","31"
"2017-05-03","0","87800000","87800000","5000","17560","200000","439"
"2017-05-02","-1.96","3035010","3035010","5000","600","200000","15"
"2017-04-28","0","2855965","2855965","5100","560","203995","14"
"2017-04-27","-0.49","15101000","15101000","5100","2960","204000","74"
"2017-04-26","0","48696970","48696970","5125","9560","205000","239"
"2017-04-25","0","8371315","8371315","5125","1640","205000","41"
"2017-04-24","0","23524715","23524715","5125","4600","205005","115"
"2017-04-21","0.49","17445290","17445290","5125","3480","205000","87"
"2017-04-20","2","30220620","30220620","5100","6040","204000","151"
"2017-04-19","-0.79","40563150","40563150","5000","8080","200000","202"
"2017-04-18","-1.66","10587650","10587650","5040","2080","201600","52"
"2017-04-14","0","14350000","14350000","5125","2800","205000","70"
"2017-04-13","0","9179995","9179995","5125","1800","205000","45"
"2017-04-12","0","11069975","11069975","5125","2160","205000","54"
"2017-04-11","2.5","15939995","15939995","5125","3120","205000","78"
"2017-04-10","-2.44","38510525","38510525","5000","7520","200000","188"
"2017-04-07","-2.38","87119105","87119105","5125","16960","205000","424"
"2017-04-06","2.38","10499965","10499965","5250","2000","210000","50"
"2017-04-05","0.06","9430760","9430760","5128","1840","205100","46"
"2017-04-04","0","5740180","5740180","5125","1120","205015","28"
"2017-04-03","0","34000210","34000210","5125","6680","205000","167"
"2017-03-31","2.5","51835225","51835225","5125","10160","205000","254"
"2017-03-30","0","22567555","22567555","5000","4480","200000","112"
"2017-03-29","3.09","7588000","7588000","5000","1520","200000","38"
"2017-03-28","-1.52","28129185","28129185","4850","5640","194005","141"
"2017-03-27","-0.97","28113075","28113075","4925","5640","197000","141"
"2017-03-24","0.08","32952230","32952230","4973","6720","198900","168"
"2017-03-23","-0.62","28148715","28148715","4969","5640","198745","141"
"2017-03-22","0.62","26137410","26137410","5000","5240","199995","131"
"2017-03-21","0","51087360","51087360","4969","10280","198750","257"
"2017-03-20","0","71977600","71977600","4969","14560","198750","364"
"2017-03-17","0","75919350","75919350","4969","15280","198745","382"
"2017-03-16","7.51","93805185","93805185","4969","18880","198740","472"
"2017-03-15","7.49","234427840","234427840","4622","50720","184880","1268"
"2017-03-14","7.5","168545300","168545300","4300","39200","171985","980"
"2017-03-13","0","5759675","5759675","4000","1440","159990","36"
"2017-03-10","0","14719855","14719855","4000","3680","160000","92"
"2017-03-09","-5.88","4480000","4480000","4000","1120","160000","28"
"2017-03-08","0","4249770","4249770","4250","1000","169990","25"
"2017-03-07","-5.03","3590000","3590000","4250","840","170000","21"
"2017-03-06","-1.93","5568860","5568860","4475","1240","178990","31"
"2017-03-03","7.36","339212000","339212000","4563","74600","182500","1865"
"2017-03-02","-7.1","19555000","19555000","4250","4600","170000","115"
"2017-03-01","-2.66","12378770","12378770","4575","2720","182995","68"
"2017-02-28","-0.51","405968805","405968805","4700","92480","188000","2312"
"2017-02-27","7.51","15682020","15682020","4724","3320","188940","83"
"2017-02-24","7.49","30758000","30758000","4394","7000","175760","175"
"2017-02-23","5.14","5450500","5450500","4088","1360","163500","34"
"2017-02-22","0.34","3284850","3284850","3888","840","155500","21"
"2017-02-21","2.65","1077005","1077005","3875","280","155000","7"
"2017-02-20","-5.63","906030","906030","3775","240","151005","6"
"2017-02-17","0","30720000","30720000","4000","7680","160000","192"
"2017-02-16","6.67","23997820","23997820","4000","6280","160000","157"
"2017-02-15","0.67","182630925","182630925","3750","48800","150010","1220"
"2017-02-14","0","47192980","47192980","3725","12640","149000","316"
"2017-02-13","0","84334000","84334000","3725","22640","149000","566"
"2017-02-10","-0.67","10770280","10770280","3725","2960","149000","74"
"2017-02-09","3.45","151870010","151870010","3750","40560","150000","1014"
"2017-02-08","0","5220165","5220165","3625","1440","145005","36"
"2017-02-07","0","7112210","7112210","3625","1960","145005","49"
"2017-02-06","0.69","4350175","4350175","3625","1200","145005","30"
"2017-02-03","0","1152000","1152000","3600","320","144000","8"
"2017-02-02","0.33","12237760","12237760","3600","3360","144000","84"
"2017-02-01","0.36","4148120","4148120","3588","1160","143500","29"
"2017-01-31","2.14","2719265","2719265","3575","760","143005","19"
"2017-01-30","-3.37","1720030","1720030","3500","480","140015","12"
"2017-01-27","3.49","14584855","14584855","3622","4160","144880","104"
"2017-01-26","0","28140000","28140000","3500","8040","140000","201"
"2017-01-25","-1.41","1680080","1680080","3500","480","140000","12"
"2017-01-24","0","2130000","2130000","3550","600","142000","15"
"2017-01-23","-2.07","6116000","6116000","3550","1720","142000","43"
"2017-01-20","0","1566800","1566800","3625","440","145000","11"
"2017-01-19","1.4","8863300","8863300","3625","2480","145000","62"
"2017-01-18","0.7","6277060","6277060","3575","1760","143000","44"
"2017-01-17","-0.7","22302845","22302845","3550","6240","142000","156"
"2017-01-16","0.7","8151000","8151000","3575","2280","143000","57"
"2017-01-13","0","568030","568030","3550","160","142010","4"
"2017-01-12","0","284010","284010","3550","80","142005","2"
"2017-01-11","0","568005","568005","3550","160","142000","4"
"2017-01-10","0","852000","852000","3550","240","142000","6"
"2017-01-09","0","6817430","6817430","3550","1920","142000","48"
"2017-01-06","1.43","6376050","6376050","3550","1800","142015","45"
"2017-01-05","0","3500000","3500000","3500","1000","140000","25"
"2017-01-04","0.72","2520000","2520000","3500","720","140000","18"
"2017-01-03","-0.71","556000","556000","3475","160","139000","4"
"2017-01-02","0.34","108753300","108753300","3500","31080","140000","777"
"2016-12-30","0.37","47732000","47732000","3488","13720","139500","343"
"2016-12-29","-0.69","1389950","1389950","3475","400","138995","10"
"2016-12-28","-0.03","835755","835755","3499","240","139950","6"
"2016-12-27","-0.71","21403990","21403990","3500","6120","140000","153"
"2016-12-23","0.71","174295200","174295200","3525","50520","141000","1263"
"2016-12-22","0","7140000","7140000","3500","2040","140000","51"
"2016-12-21","1.45","327380000","327380000","3500","93520","140000","2338"
"2016-12-20","-2.13","2760000","2760000","3450","800","138000","20"
"2016-12-19","-2.76","24270000","24270000","3525","6880","141000","172"
"2016-12-16","5.84","71259700","71259700","3625","20360","145000","509"
"2016-12-15","-1.1","5178000","5178000","3425","1520","137000","38"
"2016-12-14","1.85","3460000","3460000","3463","1000","138500","25"
"2016-12-13","-1.45","3291625","3291625","3400","960","136015","24"
"2016-12-09","0","3445000","3445000","3450","1000","138000","25"
"2016-12-08","2.22","138000","138000","3450","40","138000","1"
"2016-12-07","-1.14","65835330","65835330","3375","19120","135015","478"
"2016-12-06","1.16","4929300","4929300","3414","1440","136550","36"
"2016-12-05","-2.54","540010","540010","3375","160","135000","4"
"2016-12-02","-0.35","4202500","4202500","3463","1240","138500","31"
"2016-12-01","2.96","2891747000","2891747000","3475","832240","139000","20806"
"2016-11-30","0","20754655","20754655","3375","6200","135000","155"
"2016-11-29","0","3212000","3212000","3375","960","135000","24"
"2016-11-28","-0.74","16223000","16223000","3375","4800","135000","120"
"2016-11-25","0.74","18360000","18360000","3400","5400","136000","135"
"2016-11-24","0.75","30237000","30237000","3375","8960","135000","224"
"2016-11-23","1.12","4152500","4152500","3350","1240","134000","31"
"2016-11-22","-1.87","26728000","26728000","3313","7960","132500","199"
"2016-11-21","-2.14","2055295","2055295","3376","600","135030","15"
"2016-11-18","1.47","549000","549000","3450","160","138000","4"
"2016-11-17","-1.45","9759020","9759020","3400","2840","136000","71"
"2016-11-16","0","9281855","9281855","3450","2720","137990","68"
"2016-11-11","0","276000","276000","3450","80","138000","2"
"2016-11-10","0","1638000","1638000","3450","480","138000","12"
"2016-11-09","0","273000","273000","3450","80","138000","2"
"2016-11-08","1.47","3088827360","3088827360","3450","888960","138000","22224"
"2016-11-07","-1.45","2720000","2720000","3400","800","136000","20"
"2016-11-04","0","27866750","27866750","3450","8080","138000","202"
"2016-10-27","0","552000","552000","3450","160","138000","4"
"2016-10-26","6.15","10748045","10748045","3450","3280","138000","82"
"2016-10-25","-5.8","1300000","1300000","3250","400","130000","10"
"2016-10-20","0","152766000","152766000","3450","44280","138000","1107"
"2016-10-19","0","9380000","9380000","3450","2720","138000","68"
"2016-10-18","0","966000","966000","3450","280","138000","7"
"2016-10-17","0","50922000","50922000","3450","14760","138000","369"
"2016-10-14","-0.03","51060595","51060595","3450","14800","138000","370"
"2016-10-13","0.03","8420125","8420125","3451","2440","138035","61"
"2016-10-12","0","1242135","1242135","3450","360","138015","9"
"2016-10-11","-1.43","16561200","16561200","3450","4800","138010","120"
"2016-10-10","1.45","8518055","8518055","3500","2440","140000","61"
"2016-10-07","0","966025","966025","3450","280","138005","7"
"2016-10-06","0","2070035","2070035","3450","600","138000","15"
"2016-10-05","0","6220000","6220000","3450","1800","138000","45"
"2016-10-04","0","8694250","8694250","3450","2520","138000","63"
"2016-10-03","0","1110000","1110000","3450","320","138000","8"
"2016-09-30","-1.43","2898000","2898000","3450","840","138000","21"
"2016-09-29","0","3636000","3636000","3500","1040","140000","26"
"2016-09-28","-1.41","14296000","14296000","3500","4080","140000","102"
"2016-09-27","1.43","6658000","6658000","3550","1880","142000","47"
"2016-09-26","0","16380000","16380000","3500","4680","140000","117"
"2016-09-23","-0.71","5895300","5895300","3500","1680","140000","42"
"2016-09-22","-0.37","9913500","9913500","3525","2800","141000","70"
"2016-09-21","-1.72","10052900","10052900","3538","2840","141500","71"
"2016-09-19","0.7","4326020","4326020","3600","1200","144000","30"
"2016-09-16","0","2422390","2422390","3575","680","143000","17"
"2016-09-15","0.7","4131000","4131000","3575","1160","143000","29"
"2016-09-14","0.34","3120075","3120075","3550","880","142000","22"
"2016-09-13","-1.03","14155000","14155000","3538","4000","141500","100"
"2016-09-09","0","715000","715000","3575","200","143000","5"
"2016-09-08","-0.36","1144030","1144030","3575","320","143000","8"
"2016-09-07","-4.32","1434990","1434990","3588","400","143500","10"
"2016-09-06","0","5999550","5999550","3750","1600","150000","40"
"2016-09-05","6.75","3000000","3000000","3750","800","150000","20"
"2016-09-02","0.37","1124040","1124040","3513","320","140505","8"
"2016-09-01","-1.63","203655455","203655455","3500","57840","140000","1446"
"2016-08-31","0","4126700","4126700","3558","1160","142300","29"
"2016-08-30","0","9959125","9959125","3558","2800","142300","70"
"2016-08-29","0.85","6545550","6545550","3558","1840","142300","46"
"2016-08-26","0.06","11994320","11994320","3528","3400","141115","85"
"2016-08-25","0.03","1269125","1269125","3526","360","141040","9"
"2016-08-24","-0.09","42311750","42311750","3525","12000","141000","300"
"2016-08-23","0.09","1975430","1975430","3528","560","141105","14"
"2016-08-19","0","1128025","1128025","3525","320","141000","8"
"2016-08-18","0.71","563020","563020","3525","160","141000","4"
"2016-08-16","0","140015","140015","3500","40","140015","1"
"2016-08-12","0","4913205","4913205","3500","1400","140015","35"
"2016-08-11","0","3780150","3780150","3500","1080","140000","27"
"2016-08-10","0","7840210","7840210","3500","2240","140000","56"
"2016-08-09","0","24455165","24455165","3500","6960","140010","174"
"2016-08-05","1.45","15380100","15380100","3500","4400","140000","110"
"2016-08-04","0","966035","966035","3450","280","138005","7"
"2016-08-03","0","966000","966000","3450","280","138000","7"
"2016-08-02","0.73","2618420","2618420","3450","760","138000","19"
"2016-08-01","-0.72","825030","825030","3425","240","137010","6"
"2016-07-29","0.73","3310000","3310000","3450","960","138000","24"
"2016-07-28","-0.09","137005","137005","3425","40","137005","1"
"2016-07-27","-2.06","6581040","6581040","3428","1920","137105","48"
"2016-07-26","2.19","2237005","2237005","3500","640","140000","16"
"2016-07-25","0","3836000","3836000","3425","1120","137000","28"
"2016-07-22","0","4383990","4383990","3425","1280","137000","32"
"2016-07-21","0.74","14765500","14765500","3425","4320","137000","108"
"2016-07-20","0","6382045","6382045","3400","1880","136000","47"
"2016-07-19","-0.73","5440000","5440000","3400","1600","136000","40"
"2016-07-18","0.74","137000","137000","3425","40","137000","1"
"2016-07-15","0.74","2720000","2720000","3400","800","136000","20"
"2016-07-14","0","11603000","11603000","3375","3400","135000","85"
"2016-07-13","0","810020","810020","3375","240","135005","6"
"2016-07-12","-0.74","19743000","19743000","3375","5840","135000","146"
"2016-07-11","-2.16","13577500","13577500","3400","3960","136000","99"
"2016-07-08","0.35","7399500","7399500","3475","2120","139000","53"
"2016-07-07","0.38","12277995","12277995","3463","3520","138500","88"
"2016-07-05","-1.43","9626480","9626480","3450","2760","138010","69"
"2016-07-04","-0.14","9002500","9002500","3500","2560","140005","64"
"2016-07-01","0.14","3375775","3375775","3505","960","140205","24"
"2016-06-30","-1.49","16667200","16667200","3500","4760","140000","119"
"2016-06-29","-1.99","1142600","1142600","3553","320","142100","8"
"2016-06-28","-3.64","435000","435000","3625","120","145000","3"
"2016-06-27","7.49","15000490","15000490","3762","4280","150490","107"
"2016-06-24","0","22259950","22259950","3500","6360","139995","159"
"2016-06-23","2.94","3160120","3160120","3500","920","140000","23"
"2016-06-22","0.74","7344080","7344080","3400","2160","136000","54"
"2016-06-21","-2.71","345251930","345251930","3375","101320","135000","2533"
"2016-06-20","-7.49","495643425","495643425","3469","139000","138755","3475"
"2016-06-17","2.74","1647040","1647040","3750","440","150005","11"
"2016-06-16","0.69","728815","728815","3650","200","146000","5"
"2016-06-15","0","1019040","1019040","3625","280","145010","7"
"2016-06-14","0","18124975","18124975","3625","5000","145000","125"
"2016-06-13","5.65","11706000","11706000","3625","3360","145000","84"
"2016-06-10","0.09","1921570","1921570","3431","560","137255","14"
"2016-06-09","0.09","2056475","2056475","3428","600","137105","15"
"2016-06-08","-0.72","2055000","2055000","3425","600","137000","15"
"2016-06-06","1.47","6440000","6440000","3450","1880","138000","47"
"2016-06-03","0","3944000","3944000","3400","1160","136000","29"
"2016-06-02","0","210787500","210787500","3400","62000","136000","1550"
"2016-06-01","0.35","10200000","10200000","3400","3000","136000","75"
"2016-05-31","-0.35","1495500","1495500","3388","440","135500","11"
"2016-05-30","0","1901500","1901500","3400","560","136000","14"
"2016-05-27","0","5848000","5848000","3400","1720","136000","43"
"2016-05-26","0","16592000","16592000","3400","4880","136000","122"
"2016-05-25","0","7480000","7480000","3400","2200","136000","55"
"2016-05-24","0.35","45151975","45151975","3400","13280","136000","332"
"2016-05-23","0.39","23669500","23669500","3388","7000","135500","175"
"2016-05-20","-6.9","45135460","45135460","3375","13280","135000","332"
"2016-05-19","6.62","237354000","237354000","3625","69800","145000","1745"
"2016-05-18","0","148055000","148055000","3400","43840","136000","1096"
"2016-05-17","0.74","53624600","53624600","3400","15840","136000","396"
"2016-05-13","0","10303330","10303330","3375","3040","135010","76"
"2016-05-12","-3.57","24327000","24327000","3375","7160","135000","179"
"2016-05-11","-0.71","140947100","140947100","3500","41400","140000","1035"
"2016-05-10","0","2391000","2391000","3525","680","141000","17"
"2016-05-09","0.71","564000","564000","3525","160","141000","4"
"2016-05-06","4.48","205274000","205274000","3500","61240","140000","1531"
"2016-05-04","2.67","536000","536000","3350","160","134000","4"
"2016-05-03","-1.12","42860000","42860000","3263","13040","130500","326"
"2016-04-29","0.76","16009000","16009000","3300","4880","132000","122"
"2016-04-28","0.43","1051000","1051000","3275","320","131000","8"
"2016-04-27","-0.43","18184800","18184800","3261","5560","130425","139"
"2016-04-26","-2.96","36095135","36095135","3275","10960","131000","274"
"2016-04-25","0","675000","675000","3375","200","135000","5"
"2016-04-22","-1.46","4860100","4860100","3375","1440","135000","36"
"2016-04-21","0","1779000","1779000","3425","520","137000","13"
"2016-04-20","-2.11","65542700","65542700","3425","19040","137000","476"
"2016-04-19","-0.74","1959300","1959300","3499","560","139950","14"
"2016-04-18","0","282000","282000","3525","80","141000","2"
"2016-04-15","-1.4","10153175","10153175","3525","2880","141000","72"
"2016-04-14","-1.38","22674010","22674010","3575","6440","143000","161"
"2016-04-13","-0.82","10440000","10440000","3625","2880","145000","72"
"2016-04-12","-0.22","438615","438615","3655","120","146205","3"
"2016-04-11","-5.42","4553100","4553100","3663","1240","146500","31"
"2016-04-08","-0.05","5579500","5579500","3873","1440","154900","36"
"2016-04-07","6.9","278634425","278634425","3875","76280","155000","1907"
"2016-04-05","0","3625010","3625010","3625","1000","145010","25"
"2016-04-04","1.31","45722475","45722475","3625","12600","145000","315"
"2016-04-01","-3.95","315313000","315313000","3578","88120","143100","2203"
"2016-03-31","0","894000","894000","3725","240","149000","6"
"2016-03-25","2.76","1902000","1902000","3725","520","149000","13"
"2016-03-24","0","3045000","3045000","3625","840","145000","21"
"2016-03-23","0.19","5800000","5800000","3625","1600","145000","40"
"2016-03-22","-0.19","15217200","15217200","3618","4200","144700","105"
"2016-03-21","0","146897300","146897300","3625","42640","145000","1066"
"2016-03-18","0.69","1884935","1884935","3625","520","144995","13"
"2016-03-17","2.86","45742000","45742000","3600","12760","144000","319"
"2016-03-16","-3.45","520486215","520486215","3500","144560","140000","3614"
"2016-03-15","-0.08","5915200","5915200","3625","1640","145000","41"
"2016-03-14","0.08","55852485","55852485","3628","15320","145100","383"
"2016-03-11","0","156590770","156590770","3625","42920","144995","1073"
"2016-03-10","-0.68","95446000","95446000","3625","26160","145000","654"
"2016-03-09","0","10982850","10982850","3650","3000","146000","75"
"2016-03-08","0.61","186493990","186493990","3650","51440","146000","1286"
"2016-03-07","7.5","361469200","361469200","3628","101640","145125","2541"
"2016-03-03","6.13","175915470","175915470","3375","54960","135000","1374"
"2016-03-02","0.16","889890","889890","3180","280","127200","7"
"2016-03-01","-0.78","135139000","135139000","3175","42560","127000","1064"
"2016-02-29","0.79","8041640","8041640","3200","2520","128000","63"
"2016-02-26","1.6","5838210","5838210","3175","1840","127000","46"
"2016-02-25","-1.57","27883300","27883300","3125","8920","125000","223"
"2016-02-24","0","2159145","2159145","3175","680","127005","17"
"2016-02-23","0","117726285","117726285","3175","37000","127000","925"
"2016-02-22","0","66401025","66401025","3175","20520","127000","513"
"2016-02-19","0.13","5461000","5461000","3175","1720","127000","43"
"2016-02-18","3.97","4401250","4401250","3171","1400","126850","35"
"2016-02-17","-3.82","58580000","58580000","3050","19200","122000","480"
"2016-02-16","5.7","10114250","10114250","3171","3360","126850","84"
"2016-02-15","0.74","109063410","109063410","3000","36480","120000","912"
"2016-02-12","-0.73","56625600","56625600","2978","18880","119100","472"
"2016-02-11","0.84","1200000","1200000","3000","400","120000","10"
"2016-02-10","0","476000","476000","2975","160","119000","4"
"2016-02-09","0","1547000","1547000","2975","520","119000","13"
"2016-02-08","-0.83","2024000","2024000","2975","680","119000","17"
"2016-02-05","0","13079000","13079000","3000","4360","120000","109"
"2016-02-04","0","13440000","13440000","3000","4480","120000","112"
"2016-02-03","0","5759480","5759480","3000","1920","120000","48"
"2016-02-02","0","13439900","13439900","3000","4480","119990","112"
"2016-02-01","0.84","38759950","38759950","3000","12920","120000","323"
"2016-01-29","-0.83","1190000","1190000","2975","400","119000","10"
"2016-01-28","0.84","4560000","4560000","3000","1520","120000","38"
"2016-01-27","0","39332000","39332000","2975","13120","119000","328"
"2016-01-26","0.81","3570000","3570000","2975","1200","119000","30"
"2016-01-25","-1.07","3326300","3326300","2951","1120","118050","28"
"2016-01-22","0.27","2386100","2386100","2983","800","119305","20"
"2016-01-21","0","6783000","6783000","2975","2280","119000","57"
"2016-01-20","0","2856020","2856020","2975","960","119000","24"
"2016-01-19","-0.83","5099090","5099090","2975","1720","119000","43"
"2016-01-18","0","2130000","2130000","3000","720","120000","18"
"2016-01-15","0.84","960000","960000","3000","320","120000","8"
"2016-01-14","0.17","19516000","19516000","2975","6560","119000","164"
"2016-01-13","0.07","6425200","6425200","2970","2160","118800","54"
"2016-01-12","0.61","34312200","34312200","2968","11440","118700","286"
"2016-01-11","0","1180050","1180050","2950","400","118005","10"
"2016-01-08","0","2380100","2380100","2950","800","118010","20"
"2016-01-07","-1.67","6726050","6726050","2950","2280","118000","57"
"2016-01-06","1.69","22248015","22248015","3000","7440","120000","186"
"2016-01-05","-1.67","24822000","24822000","2950","8280","118000","207"
"2015-12-31","1.69","179998000","179998000","3000","60280","120000","1507"
"2015-12-30","-1.67","2476000","2476000","2950","840","118000","21"
"2015-12-29","4.35","22192800","22192800","3000","7640","120000","191"
"2015-12-28","-0.1","751142200","751142200","2875","261040","115000","6526"
"2015-12-23","-0.35","230200","230200","2878","80","115100","2"
"2015-12-22","0","3464990","3464990","2888","1200","115500","30"
"2015-12-18","0","577500","577500","2888","200","115500","5"
"2015-12-17","-0.41","46200000","46200000","2888","16000","115500","400"
"2015-12-15","0.42","15311985","15311985","2900","5280","115995","132"
"2015-12-14","-0.41","2887500","2887500","2888","1000","115500","25"
"2015-12-11","0.69","29115205","29115205","2900","10040","116000","251"
"2015-12-10","-0.69","1152050","1152050","2880","400","115205","10"
"2015-12-09","0","6032000","6032000","2900","2080","116000","52"
"2015-12-08","0.69","6148000","6148000","2900","2120","116000","53"
"2015-12-07","0","691230","691230","2880","240","115205","6"
"2015-12-04","0","115210","115210","2880","40","115210","1"
"2015-12-03","-0.69","1497700","1497700","2880","520","115210","13"
"2015-12-02","0.76","9395000","9395000","2900","3240","116000","81"
"2015-12-01","-0.76","115100","115100","2878","40","115100","1"
"2015-11-27","0","462020","462020","2900","160","116000","4"
"2015-11-26","0","24589000","24589000","2900","8480","116000","212"
"2015-11-25","0","3578200","3578200","2900","1240","116000","31"
"2015-11-24","0","812000","812000","2900","280","116000","7"
"2015-11-23","0","6031990","6031990","2900","2080","116000","52"
"2015-11-20","0","1276000","1276000","2900","440","116000","11"
"2015-11-19","0","580000","580000","2900","200","116000","5"
"2015-11-18","0","580000","580000","2900","200","116000","5"
"2015-11-17","0.87","4960500","4960500","2900","1720","116000","43"
"2015-11-16","-0.86","12307000","12307000","2875","4280","115000","107"
"2015-11-13","-1.79","3595005","3595005","2900","1240","116000","31"
"2015-11-11","2.71","1858650","1858650","2953","640","118100","16"
"2015-11-10","0","805000","805000","2875","280","115000","7"
"2015-11-09","0.88","19091970","19091970","2875","6640","115000","166"
"2015-11-06","-3.39","3630035","3630035","2850","1240","114005","31"
"2015-11-05","-0.1","2596000","2596000","2950","880","118000","22"
"2015-11-04","-0.67","179200350","179200350","2953","60240","118100","1506"
"2015-11-03","0.78","356700","356700","2973","120","118900","3"
"2015-11-02","0","710020","710020","2950","240","118005","6"
"2015-10-30","-0.84","37362000","37362000","2950","12560","118000","314"
"2015-10-29","0","7735000","7735000","2975","2600","119000","65"
"2015-10-27","0","5950000","5950000","2975","2000","119000","50"
"2015-10-26","0","6907655","6907655","2975","2320","119005","58"
"2015-10-22","0","8687005","8687005","2975","2920","119000","73"
"2015-10-21","0","1190000","1190000","2975","400","119000","10"
"2015-10-20","0","4998000","4998000","2975","1680","119000","42"
"2015-10-19","0","12971000","12971000","2975","4360","119000","109"
"2015-10-16","-0.83","2856000","2856000","2975","960","119000","24"
"2015-10-15","0.84","107781000","107781000","3000","35960","120000","899"
"2015-10-14","0","119000","119000","2975","40","119000","1"
"2015-10-13","0","60452000","60452000","2975","20320","119000","508"
"2015-10-12","-0.83","194212990","194212990","2975","65280","119000","1632"
"2015-10-09","0.84","71953200","71953200","3000","24640","120000","616"
"2015-10-08","-0.83","219993000","219993000","2975","73880","119000","1847"
"2015-10-07","0","148440000","148440000","3000","49480","120000","1237"
"2015-10-06","0.57","2276325","2276325","3000","760","120000","19"
"2015-10-05","5.93","12500500","12500500","2983","4200","119325","105"
"2015-10-02","-4.15","23949900","23949900","2816","8480","112650","212"
"2015-10-01","5.87","940000","940000","2938","320","117500","8"
"2015-09-30","-2.6","449900","449900","2775","160","111000","4"
"2015-09-28","7.51","7409665","7409665","2849","2640","113950","66"
"2015-09-23","1.42","424000","424000","2650","160","106000","4"
"2015-09-22","-0.46","11181500","11181500","2613","4280","104500","107"
"2015-09-21","-1.87","525000","525000","2625","200","105000","5"
"2015-09-18","-0.11","5098000","5098000","2675","1920","107000","48"
"2015-09-17","-6.85","14878600","14878600","2678","5320","107100","133"
"2015-09-16","0","9775000","9775000","2875","3400","115000","85"
"2015-09-15","0","460690000","460690000","2875","160240","115000","4006"
"2015-09-14","6.48","582577650","582577650","2875","202760","115000","5069"
"2015-09-11","0.93","3882605","3882605","2700","1440","108000","36"
"2015-09-10","0","2032600","2032600","2675","760","107000","19"
"2015-09-09","0.41","161936200","161936200","2675","59400","107000","1485"
"2015-09-08","-0.41","7457420","7457420","2664","2800","106550","70"
"2015-09-07","0.45","1070000","1070000","2675","400","107000","10"
"2015-09-04","0.49","5644615","5644615","2663","2120","106505","53"
"2015-09-03","-3.64","1272120","1272120","2650","480","106010","12"
"2015-09-02","0","10450000","10450000","2750","3800","110000","95"
"2015-09-01","6.18","990000","990000","2750","360","110000","9"
"2015-08-31","0.08","1760085","1760085","2590","680","103605","17"
"2015-08-28","0","207090225","207090225","2588","80000","103505","2000"
"2015-08-27","0.78","1750600","1750600","2588","680","103500","17"
"2015-08-26","0.2","102700","102700","2568","40","102700","1"
"2015-08-25","0","3382500","3382500","2563","1320","102500","33"
"2015-08-24","0","3271000","3271000","2563","1280","102500","32"
"2015-08-21","0","2558800","2558800","2563","1000","102500","25"
"2015-08-20","0","1332500","1332500","2563","520","102500","13"
"2015-08-19","2.52","206038600","206038600","2563","80200","102500","2005"
"2015-08-18","0","100000","100000","2500","40","100000","1"
"2015-08-17","-2.46","2600000","2600000","2500","1040","100000","26"
"2015-08-14","0.51","5418295","5418295","2563","2120","102500","53"
"2015-08-13","0","2040000","2040000","2550","800","102000","20"
"2015-08-12","-0.51","23589000","23589000","2550","9200","102000","230"
"2015-08-11","5.04","10250000","10250000","2563","4000","102500","100"
"2015-08-10","0","2147200","2147200","2440","880","97600","22"
"2015-08-06","0","4294700","4294700","2440","1760","97600","44"
"2015-08-05","0.62","194600","194600","2440","80","97600","2"
"2015-08-04","0","19886000","19886000","2425","8200","97005","205"
"2015-08-03","0","3492000","3492000","2425","1440","97000","36"
"2015-07-31","0","12473500","12473500","2425","5120","97000","128"
"2015-07-30","0","68288735","68288735","2425","28160","97005","704"
"2015-07-29","0","67032165","67032165","2425","27640","97000","691"
"2015-07-28","0","586000","586000","2425","240","97000","6"
"2015-07-27","0","38077000","38077000","2425","15640","97000","391"
"2015-07-24","1.04","485000","485000","2425","200","97000","5"
"2015-07-23","-1.03","34783000","34783000","2400","14400","96000","360"
"2015-07-22","0.87","86173100","86173100","2425","35840","97000","896"
"2015-07-20","0.17","1452350","1452350","2404","600","96150","15"
"2015-07-16","0","1344000","1344000","2400","560","96000","14"
"2015-07-15","0","123083790","123083790","2400","51280","96000","1282"
"2015-07-13","-2.04","7168220","7168220","2400","2960","96010","74"
"2015-07-10","1.74","3104610","3104610","2450","1280","98005","32"
"2015-07-09","0.33","963000","963000","2408","400","96300","10"
"2015-07-08","0","4992000","4992000","2400","2080","96000","52"
"2015-07-07","0","137088000","137088000","2400","57120","96000","1428"
"2015-07-03","-1.03","192877500","192877500","2400","80360","96000","2009"
"2015-07-01","1.04","388000","388000","2425","160","97000","4"
"2015-06-30","-0.21","192020","192020","2400","80","96010","2"
"2015-06-29","0.21","384800","384800","2405","160","96200","4"
"2015-06-26","-1.03","96000000","96000000","2400","40000","96000","1000"
"2015-06-25","0","25608000","25608000","2425","10560","97000","264"
"2015-06-24","1.04","32445750","32445750","2425","13440","97000","336"
"2015-06-23","0","19201000","19201000","2400","8000","96005","200"
"2015-06-22","-1.03","11232025","11232025","2400","4680","96000","117"
"2015-06-19","-1.14","9700000","9700000","2425","4000","97000","100"
"2015-06-18","1.15","14022300","14022300","2453","5760","98100","144"
"2015-06-17","-1.02","10185000","10185000","2425","4200","97000","105"
"2015-06-16","2.08","98000","98000","2450","40","98000","1"
"2015-06-12","0","13440000","13440000","2400","5600","96000","140"
"2015-06-11","-0.54","10752000","10752000","2400","4480","96000","112"
"2015-06-10","1.6","6718800","6718800","2413","2800","96500","70"
"2015-06-09","-1.04","285000","285000","2375","120","95000","3"
"2015-06-08","0","48192000","48192000","2400","20080","96000","502"
"2015-06-05","0","2400000","2400000","2400","1000","96000","25"
"2015-06-04","0","4800000","4800000","2400","2000","96000","50"
"2015-06-03","0","4896000","4896000","2400","2040","96000","51"
"2015-06-02","-0.54","2400000","2400000","2400","1000","96000","25"
"2015-06-01","2.12","33846600","33846600","2413","14040","96500","351"
"2015-05-29","-0.51","189020","189020","2363","80","94510","2"
"2015-05-28","1.06","3325000","3325000","2375","1400","95000","35"
"2015-05-26","1.08","232273000","232273000","2350","97920","94000","2448"
"2015-05-22","-1.06","372000","372000","2325","160","93000","4"
"2015-05-21","1.38","5140025","5140025","2350","2200","94000","55"
"2015-05-20","-0.3","1857000","1857000","2318","800","92700","20"
"2015-05-19","0.48","6974990","6974990","2325","3000","93000","75"
"2015-05-18","0.04","1665550","1665550","2314","720","92550","18"
"2015-05-15","0.57","92500","92500","2313","40","92500","1"
"2015-05-13","0","4143000","4143000","2300","1800","92000","45"
"2015-05-12","0","5612000","5612000","2300","2440","92000","61"
"2015-05-11","6.98","728000","728000","2300","320","92000","8"
"2015-05-08","7.5","86005","86005","2150","40","86005","1"
"2015-05-07","-6.5","800050","800050","2000","400","80005","10"
"2015-05-05","-7.52","612825","612825","2139","280","85565","7"
"2015-05-04","-7.48","849000","849000","2313","360","92500","9"
"2015-04-29","-1.96","500000","500000","2500","200","100000","5"
"2015-04-28","0.71","408000","408000","2550","160","102000","4"
"2015-04-24","-2.16","152390000","152390000","2532","60200","101260","1505"
"2015-04-21","-0.08","5175000","5175000","2588","2000","103500","50"
"2015-04-20","0","14266800","14266800","2590","5520","103600","138"
"2015-04-17","0","5180000","5180000","2590","2000","103600","50"
"2015-04-16","0","26204200","26204200","2590","10120","103600","253"
"2015-04-15","5.71","27034005","27034005","2590","10440","103600","261"
"2015-04-13","0","8036335","8036335","2450","3280","98005","82"
"2015-04-10","0","4116160","4116160","2450","1680","98000","42"
"2015-04-09","-0.12","1764005","1764005","2450","720","98005","18"
"2015-04-08","-4.74","196200","196200","2453","80","98100","2"
"2015-04-07","-3.2","103000","103000","2575","40","103000","1"
"2015-04-03","6.91","113045600","113045600","2660","42520","106400","1063"
"2015-04-02","0.53","199010","199010","2488","80","99505","2"
"2015-04-01","0","198000","198000","2475","80","99000","2"
"2015-03-27","0","792000","792000","2475","320","99000","8"
"2015-03-25","0","1188000","1188000","2475","480","99000","12"
"2015-03-24","0","8340000","8340000","2475","3400","99000","85"
"2015-03-23","1.02","7846400","7846400","2475","3200","99000","80"
"2015-03-20","-1.61","2842000","2842000","2450","1160","98000","29"
"2015-03-18","1.63","19920000","19920000","2490","8000","99600","200"
"2015-03-16","0","3430025","3430025","2450","1400","98000","35"
"2015-03-13","0.91","10299580","10299580","2450","4200","98000","105"
"2015-03-11","0.12","582300","582300","2428","240","97100","6"
"2015-03-09","1.04","33174000","33174000","2425","13680","97000","342"
"2015-03-05","-1.03","288000","288000","2400","120","96000","3"
"2015-03-04","2.11","156455000","156455000","2425","64520","97000","1613"
"2015-03-03","0","475000","475000","2375","200","95000","5"
"2015-03-02","0","3515000","3515000","2375","1480","95000","37"
"2015-02-27","-1.08","1533000","1533000","2375","640","95000","16"
"2015-02-26","0.04","12830600","12830600","2401","5320","96025","133"
"2015-02-25","0","384000","384000","2400","160","96000","4"
"2015-02-24","0","480000","480000","2400","200","96000","5"
"2015-02-23","1.05","96000","96000","2400","40","96000","1"
"2015-02-20","0","1045000","1045000","2375","440","95000","11"
"2015-02-19","-1.04","3895000","3895000","2375","1640","95000","41"
"2015-02-18","1.05","1056000","1056000","2400","440","96000","11"
"2015-02-16","1.06","9785000","9785000","2375","4120","95000","103"
"2015-02-12","-1.05","284000","284000","2350","120","94000","3"
"2015-02-11","-1.04","670000","670000","2375","280","95000","7"
"2015-02-10","1.05","41837040","41837040","2400","17440","96000","436"
"2015-02-06","0","26681030","26681030","2375","11120","95000","278"
"2015-02-05","1.06","28500000","28500000","2375","12000","95000","300"
"2015-02-03","2.17","84925500","84925500","2350","35800","94000","895"
"2015-02-02","-3.16","460050","460050","2300","200","92010","5"
"2015-01-30","3.26","15558000","15558000","2375","6720","95000","168"
"2015-01-29","1.1","3312000","3312000","2300","1440","92000","36"
"2015-01-28","-1.09","26827085","26827085","2275","11680","91000","292"
"2015-01-27","0","4231800","4231800","2300","1840","92000","46"
"2015-01-26","2.22","2555960","2555960","2300","1120","91995","28"
"2015-01-23","0","270015","270015","2250","120","90005","3"
"2015-01-21","0","9719930","9719930","2250","4320","90000","108"
"2015-01-20","-2.17","4230000","4230000","2250","1880","90000","47"
"2015-01-19","2.22","57960000","57960000","2300","25200","92000","630"
"2015-01-15","0","1890000","1890000","2250","840","90000","21"
"2015-01-14","-2.17","2070075","2070075","2250","920","90000","23"
"2015-01-13","2.22","10024000","10024000","2300","4360","92000","109"
"2015-01-09","0","180000","180000","2250","80","90000","2"
"2015-01-08","0","3420000","3420000","2250","1520","90000","38"
"2015-01-07","-1.1","1710000","1710000","2250","760","90000","19"
"2015-01-06","0","29918000","29918000","2275","13040","91000","326"
"2015-01-05","1.11","72583000","72583000","2275","31920","91000","798"
"2015-01-02","0","4230000","4230000","2250","1880","90000","47"
"2014-12-31","0","14113325","14113325","2250","6280","90000","157"
"2014-12-30","2.83","3757900","3757900","2250","1680","89995","42"
"2014-12-29","-0.23","700000","700000","2188","320","87500","8"
"2014-12-26","-2.53","18153900","18153900","2193","8280","87700","207"
"2014-12-23","3.45","179990","179990","2250","80","89995","2"
"2014-12-22","0","40380200","40380200","2175","18000","87005","450"
"2014-12-19","0","348020","348020","2175","160","87005","4"
"2014-12-18","0.55","8271015","8271015","2175","3680","87005","92"
"2014-12-16","-3.87","12005500","12005500","2163","5520","86500","138"
"2014-12-15","0","2340000","2340000","2250","1040","90000","26"
"2014-12-12","-1.1","5871000","5871000","2250","2600","90000","65"
"2014-12-11","1.11","9743000","9743000","2275","4280","91000","107"
"2014-12-10","0","5310000","5310000","2250","2360","90000","59"
"2014-12-09","0","1710000","1710000","2250","760","90000","19"
"2014-12-08","-1.1","32776000","32776000","2250","14520","90000","363"
"2014-12-05","1.11","4547000","4547000","2275","2000","91000","50"
"2014-12-04","0","1621000","1621000","2250","720","90000","18"
"2014-12-03","0","5310000","5310000","2250","2360","90000","59"
"2014-12-02","0","1080000","1080000","2250","480","90000","12"
"2014-12-01","0","54450000","54450000","2250","24200","90000","605"
"2014-11-27","-1.1","20160000","20160000","2250","8960","90000","224"
"2014-11-19","1.11","1820000","1820000","2275","800","91000","20"
"2014-11-18","0","90000","90000","2250","40","90000","1"
"2014-11-12","0","2880000","2880000","2250","1280","90000","32"
"2014-11-11","0","270000","270000","2250","120","90000","3"
"2014-11-10","-1.1","4608000","4608000","2250","2040","90000","51"
"2014-11-07","1.11","11193000","11193000","2275","4920","91000","123"
"2014-11-06","5.24","1080000","1080000","2250","480","90000","12"
"2014-11-05","0","855000","855000","2138","400","85500","10"
"2014-11-04","-6.02","684000","684000","2138","320","85500","8"
"2014-10-31","0","908500","908500","2275","400","91000","10"
"2014-10-30","0","5187000","5187000","2275","2280","91000","57"
"2014-10-29","0","5187000","5187000","2275","2280","91000","57"
"2014-10-28","6.41","5551000","5551000","2275","2440","91000","61"
"2014-10-23","-6.02","1026000","1026000","2138","480","85500","12"
"2014-10-21","0","20748000","20748000","2275","9120","91000","228"
"2014-10-17","-3.19","35496700","35496700","2275","15600","91000","390"
"2014-10-15","0","751960","751960","2350","320","93995","8"
"2014-10-14","0","752000","752000","2350","320","94000","8"
"2014-10-10","0","188000","188000","2350","80","94000","2"
"2014-10-09","0","2068000","2068000","2350","880","94000","22"
"2014-10-08","3.3","4606000","4606000","2350","1960","94000","49"
"2014-10-07","0","1445000","1445000","2275","640","91000","16"
"2014-10-03","0","91000","91000","2275","40","91000","1"
"2014-10-02","-4.21","4459000","4459000","2275","1960","91000","49"
"2014-09-30","-0.46","29447300","29447300","2375","12400","95000","310"
"2014-09-24","4.19","5148000","5148000","2386","2157","99000","52"
"2014-09-22","-4.98","162887100","162887100","2290","70858","95000","1708"
"2014-09-19","1.9","4133000","4133000","2410","1701","100000","41"
"2014-09-18","-1.87","1570000","1570000","2365","664","98125","16"
"2014-09-17","0.5","1884000","1884000","2410","788","100000","19"
"2014-09-16","4.72","49260995","49260995","2398","21282","99500","513"
"2014-09-15","-4.98","27931990","27931990","2290","11823","95005","285"
"2014-09-12","-2.74","431832035","431832035","2410","179052","100000","4316"
"2014-09-11","2.82","130725600","130725600","2478","52770","102800","1272"
"2014-09-10","5.24","300000","300000","2410","124","100000","3"
"2014-09-09","0","190000","190000","2290","83","95000","2"
"2014-09-08","0","2850000","2850000","2290","1245","95000","30"
"2014-09-03","3.25","653000","653000","2290","290","95000","7"
"2014-09-02","2.26","26117800","26117800","2218","11948","92000","288"
"2014-09-01","3.43","1890000","1890000","2169","871","90000","21"
"2014-08-29","-3.32","348050","348050","2097","166","87005","4"
"2014-08-26","5.24","900000","900000","2169","415","90000","10"
"2014-08-21","0.1","1026020","1026020","2061","498","85500","12"
"2014-08-20","0","85400","85400","2059","41","85400","1"
"2014-08-19","0.24","3238490","3238490","2059","1576","85405","38"
"2014-08-14","0","426100","426100","2054","207","85220","5"
"2014-08-13","0","85210","85210","2054","41","85210","1"
"2014-08-12","0","3408800","3408800","2054","1659","85220","40"
"2014-08-11","0","852150","852150","2054","415","85215","10"
"2014-08-08","-0.1","1023060","1023060","2054","498","85210","12"
"2014-08-06","0.1","341220","341220","2056","166","85305","4"
"2014-08-05","0.15","60836370","60836370","2054","29621","85205","714"
"2014-08-04","0.1","46168400","46168400","2051","22402","85100","540"
"2014-08-01","-1.16","170000000","170000000","2049","82971","85000","2000"
"2014-07-31","3.6","105866185","105866185","2073","51567","86000","1243"
"2014-07-30","1.21","9960600","9960600","2001","4978","83005","120"
"2014-07-29","0","30674085","30674085","1977","15391","82000","371"
"2014-07-25","-1.2","1644030","1644030","1977","830","82005","20"
"2014-07-23","0","14004130","14004130","2001","7011","83000","169"
"2014-07-22","0","9949540","9949540","2001","4978","82995","120"
"2014-07-21","0","4140500","4140500","2001","2074","83000","50"
"2014-07-16","0","1161930","1161930","2001","581","82995","14"
"2014-07-15","-0.6","1410965","1410965","2001","705","82995","17"
"2014-07-14","-1.76","2532000","2532000","2013","1245","83500","30"
"2014-07-11","1.19","170000","170000","2049","83","85000","2"
"2014-07-10","0","3370000","3370000","2025","1659","84000","40"
"2014-07-09","0","924000","924000","2025","456","84000","11"
"2014-07-08","0","840000","840000","2025","415","84000","10"
"2014-07-07","0","1260000","1260000","2025","622","84000","15"
"2014-07-04","-1.17","4200000","4200000","2025","2074","84000","50"
"2014-07-03","0","1020000","1020000","2049","498","85000","12"
"2014-07-02","0","1275000","1275000","2049","622","85000","15"
"2014-07-01","0","23630000","23630000","2049","11533","85000","278"
"2014-06-30","0","8584935","8584935","2049","4190","85000","101"
"2014-06-27","0","2290000","2290000","2049","1120","85000","27"
"2014-06-26","0","850000","850000","2049","415","85000","10"
"2014-06-25","0","99535000","99535000","2049","48580","85000","1171"
"2014-06-24","0","850000","850000","2049","415","85000","10"
"2014-06-23","0","7563990","7563990","2049","3692","85000","89"
"2014-06-20","0.59","9688000","9688000","2049","4729","85000","114"
"2014-06-19","0.59","845000","845000","2037","415","84500","10"
"2014-06-18","1.2","168010","168010","2025","83","84005","2"
"2014-06-16","0","2324000","2324000","2001","1162","83000","28"
"2014-06-13","0","994500","994500","2001","498","83000","12"
"2014-06-12","0","2067500","2067500","2001","1037","83000","25"
"2014-06-11","0","19003000","19003000","2001","9500","83000","229"
"2014-06-10","0","8729000","8729000","2001","4315","83000","104"
"2014-06-05","-3.47","4150000","4150000","2001","2074","83000","50"
"2014-06-04","-1.14","518500","518500","2073","249","86000","6"
"2014-06-03","0","2523000","2523000","2097","1203","87000","29"
"2014-06-02","-0.57","1131000","1131000","2097","539","87000","13"
"2014-05-28","0","4374945","4374945","2109","2074","87500","50"
"2014-05-26","0","520000","520000","2109","249","87500","6"
"2014-05-23","0.57","1400000","1400000","2109","664","87500","16"
"2014-05-22","0.58","1302500","1302500","2097","622","87000","15"
"2014-05-21","0.58","5895900","5895900","2085","2863","86500","69"
"2014-05-20","0","5762000","5762000","2073","2780","86000","67"
"2014-05-19","1.17","10475000","10475000","2073","5103","86000","123"
"2014-05-16","0","1190040","1190040","2049","581","85010","14"
"2014-05-15","0","1360050","1360050","2049","664","85005","16"
"2014-05-14","0","2210025","2210025","2049","1079","85000","26"
"2014-05-13","0","7889050","7889050","2049","3817","85000","92"
"2014-05-09","0","63750000","63750000","2049","31114","85000","750"
"2014-05-08","2.3","678105","678105","2049","332","85000","8"
"2014-05-07","-5.79","5743720","5743720","2003","2863","83105","69"
"2014-05-06","-7.16","9172800","9172800","2126","4232","88200","102"
"2014-04-30","0","9500000","9500000","2290","4149","95000","100"
"2014-04-29","0","1615000","1615000","2290","705","95000","17"
"2014-04-28","-3.05","855000","855000","2290","373","95000","9"
"2014-04-24","0","1777000","1777000","2362","747","98000","18"
"2014-04-23","-0.51","1470000","1470000","2362","622","98000","15"
"2014-04-18","0","295500","295500","2374","124","98500","3"
"2014-04-17","0","689500","689500","2374","290","98500","7"
"2014-04-16","0","591000","591000","2374","249","98500","6"
"2014-04-15","0","10539500","10539500","2374","4439","98500","107"
"2014-04-14","0","4925000","4925000","2374","2074","98500","50"
"2014-04-10","0","12722000","12722000","2374","5352","98505","129"
"2014-04-04","3.67","777500","777500","2374","332","98500","8"
"2014-04-03","1.06","95000","95000","2290","41","95000","1"
"2014-04-02","0","282000","282000","2266","124","94000","3"
"2014-04-01","1.52","282000","282000","2266","124","94000","3"
"2014-03-31","0.09","1480500","1480500","2232","664","92600","16"
"2014-03-27","0","185000","185000","2230","83","92500","2"
"2014-03-26","0.04","925000","925000","2230","415","92500","10"
"2014-03-25","7.53","5767025","5767025","2229","2614","92465","63"
"2014-03-24","-3.89","351030","351030","2073","166","86015","4"
"2014-03-21","0","9218500","9218500","2157","4273","89500","103"
"2014-03-20","-1.95","4385500","4385500","2157","2033","89500","49"
"2014-03-17","7.32","91250","91250","2200","41","91250","1"
"2014-03-14","0","85055","85055","2050","41","85055","1"
"2014-03-12","0.05","680440","680440","2050","332","85055","8"
"2014-03-10","-6.91","85020","85020","2049","41","85020","1"
"2014-03-07","7.42","437660","437660","2201","207","91300","5"
"2014-03-05","0","170040","170040","2049","83","85020","2"
"2014-02-24","0","170040","170040","2049","83","85020","2"
"2014-02-20","0","255000","255000","2049","124","85000","3"
"2014-02-19","0","765000","765000","2049","373","85000","9"
"2014-02-18","2.3","44370110","44370110","2049","21656","85000","522"
"2014-02-13","0.6","2491725","2491725","2003","1245","83100","30"
"2014-02-11","-0.5","165210","165210","1991","83","82605","2"
"2014-02-07","0","10799915","10799915","2001","5435","83000","131"
"2014-02-06","0","83000","83000","2001","41","83000","1"
"2014-02-05","1.11","332000","332000","2001","166","83000","4"
"2014-02-03","0.1","656840","656840","1979","332","82105","8"
"2014-01-31","1.23","820000","820000","1977","415","82000","10"
"2014-01-28","-1.21","1786205","1786205","1953","913","81005","22"
"2014-01-27","0","820200","820200","1977","415","82020","10"
"2014-01-24","1.23","2542075","2542075","1977","1286","82015","31"
"2014-01-23","-0.61","4131510","4131510","1953","2116","81010","51"
"2014-01-22","0.61","2273000","2273000","1965","1162","81500","28"
"2014-01-21","0","648050","648050","1953","332","81005","8"
"2014-01-20","0","243015","243015","1953","124","81005","3"
"2014-01-17","0.05","2430150","2430150","1953","1245","81005","30"
"2014-01-15","-0.26","1620010","1620010","1952","830","81000","20"
"2014-01-08","0","5278000","5278000","1957","2697","81200","65"
"2014-01-06","0.26","243600","243600","1957","124","81200","3"
"2013-12-31","-4.73","1709000","1709000","1952","871","81000","21"
"2013-12-30","3.64","935000","935000","2049","456","85000","11"
"2013-12-27","1.28","656000","656000","1977","332","82000","8"
"2013-12-24","-0.66","243000","243000","1952","124","81000","3"
"2013-12-23","0","2608000","2608000","1965","1328","81500","32"
"2013-12-20","0","1874500","1874500","1965","954","81500","23"
"2013-12-19","0.61","407500","407500","1965","207","81500","5"
"2013-12-18","0","247010","247010","1953","124","81005","3"
"2013-12-17","-3.56","162010","162010","1953","83","81010","2"
"2013-12-13","2.43","168000","168000","2025","83","84000","2"
"2013-12-12","0","410025","410025","1977","207","82005","5"
"2013-12-11","1.23","24600000","24600000","1977","12446","82000","300"
"2013-12-10","-1.21","1620040","1620040","1953","830","81005","20"
"2013-12-09","-0.1","902000","902000","1977","456","82000","11"
"2013-12-06","0","7060600","7060600","1979","3568","82100","86"
"2013-12-04","0.1","1149400","1149400","1979","581","82100","14"
"2013-12-03","0","3394640","3394640","1977","1701","82005","41"
"2013-12-02","0","1257060","1257060","1977","622","82010","15"
"2013-11-29","0","82000","82000","1977","41","82000","1"
"2013-11-27","2.38","246000","246000","1977","124","82000","3"
"2013-11-26","0","1762200","1762200","1931","913","80100","22"
"2013-11-22","0.16","11534305","11534305","1931","5974","80100","144"
"2013-11-21","0","880025","880025","1928","456","80005","11"
"2013-11-20","-2.48","400010","400010","1928","207","80000","5"
"2013-11-18","2.54","11475500","11475500","1977","5808","82000","140"
"2013-11-14","2.39","1498100","1498100","1928","788","80000","19"
"2013-11-12","0","4842200","4842200","1883","2572","78100","62"
"2013-11-11","-2.33","14104000","14104000","1883","7467","78100","180"
"2013-11-08","0","960000","960000","1928","498","80000","12"
"2013-11-07","3.21","560000","560000","1928","290","80000","7"
"2013-11-04","0","930000","930000","1868","498","77500","12"
"2013-10-30","-0.16","3415000","3415000","1868","1825","77500","44"
"2013-10-29","0.16","776000","776000","1871","415","77600","10"
"2013-10-28","0.65","935090","935090","1868","498","77510","12"
"2013-10-25","0","3720200","3720200","1856","1991","77005","48"
"2013-10-23","0.65","154000","154000","1856","83","77000","2"
"2013-10-21","0","2907500","2907500","1844","1576","76500","38"
"2013-10-17","5.49","76500","76500","1844","41","76500","1"
"2013-10-16","-1.35","5947500","5947500","1748","3360","72500","81"
"2013-10-14","2.78","4687850","4687850","1772","2697","73500","65"
"2013-10-11","0","500535","500535","1724","290","71505","7"
"2013-10-10","0.7","572075","572075","1724","332","71505","8"
"2013-10-08","0","284020","284020","1712","166","71005","4"
"2013-10-07","0","213045","213045","1712","124","71015","3"
"2013-10-04","0","142010","142010","1712","83","71005","2"
"2013-10-02","1.3","1562080","1562080","1712","913","71005","22"
"2013-10-01","-1.23","17713850","17713850","1690","10454","70100","252"
"2013-09-30","1.42","710000","710000","1711","415","71000","10"
"2013-09-27","0","280000","280000","1687","166","70000","4"
"2013-09-26","0","1260000","1260000","1687","747","70000","18"
"2013-09-25","0","2310000","2310000","1687","1369","70000","33"
"2013-09-24","0","4900000","4900000","1687","2904","70000","70"
"2013-09-23","0","2870000","2870000","1687","1701","70000","41"
"2013-09-20","0","140000","140000","1687","83","70000","2"
"2013-09-18","0","560000","560000","1687","332","70000","8"
"2013-09-17","0","10010000","10010000","1687","5932","70000","143"
"2013-09-13","0","4900000","4900000","1687","2904","70000","70"
"2013-09-11","0","4270000","4270000","1687","2531","70000","61"
"2013-09-05","0","3500000","3500000","1687","2074","70000","50"
"2013-09-04","0","1680000","1680000","1687","996","70000","24"
"2013-09-03","-2.09","1330000","1330000","1687","788","70000","19"
"2013-09-02","-0.06","715000","715000","1723","415","71500","10"
"2013-08-30","0","2574180","2574180","1724","1493","71505","36"
"2013-08-29","0.06","2002140","2002140","1724","1162","71505","28"
"2013-08-28","0","357500","357500","1723","207","71500","5"
"2013-08-22","-0.06","715000","715000","1723","415","71500","10"
"2013-08-20","0.06","6864480","6864480","1724","3983","71505","96"
"2013-08-19","-0.06","1930500","1930500","1723","1120","71500","27"
"2013-08-16","0","500535","500535","1724","290","71505","7"
"2013-08-13","0","429030","429030","1724","249","71505","6"
"2013-08-09","0.06","2145150","2145150","1724","1245","71505","30"
"2013-08-06","0","20592000","20592000","1723","11948","71500","288"
"2013-08-05","0","1215500","1215500","1723","705","71500","17"
"2013-08-02","-1.94","3932500","3932500","1723","2282","71500","55"
"2013-08-01","1.97","5175900","5175900","1757","2945","72900","71"
"2013-07-31","0","3003000","3003000","1723","1742","71500","42"
"2013-07-30","0","572000","572000","1723","332","71500","8"
"2013-07-25","0","2860000","2860000","1723","1659","71500","40"
"2013-07-23","0.64","1787500","1787500","1723","1037","71500","25"
"2013-07-19","0.06","568040","568040","1712","332","71005","8"
"2013-07-17","0","10650000","10650000","1711","6223","71000","150"
"2013-07-15","0.71","1917000","1917000","1711","1120","71000","27"
"2013-07-11","0","11562000","11562000","1699","6804","70500","164"
"2013-07-09","0.71","3243000","3243000","1699","1908","70500","46"
"2013-07-08","4.46","700000","700000","1687","415","70000","10"
"2013-07-05","0.5","2010000","2010000","1615","1245","67000","30"
"2013-07-04","0.19","2132800","2132800","1607","1328","66650","32"
"2013-07-03","0","133100","133100","1604","83","66550","2"
"2013-07-01","0","2395800","2395800","1604","1493","66550","36"
"2013-06-28","0.82","19898450","19898450","1604","12404","66550","299"
"2013-06-27","0.76","3960000","3960000","1591","2489","66000","60"
"2013-06-26","0.45","3013000","3013000","1579","1908","65500","46"
"2013-06-25","0","130400","130400","1572","83","65200","2"
"2013-06-24","3.69","9454000","9454000","1572","6015","65200","145"
"2013-06-21","-7.5","3145000","3145000","1516","2074","62900","50"
"2013-06-20","-1.97","8296000","8296000","1639","5061","68000","122"
"2013-06-19","-7.52","2705625","2705625","1672","1618","69375","39"
"2013-06-18","0","9075000","9075000","1808","5020","75000","121"
"2013-06-17","4.15","6075000","6075000","1808","3360","75000","81"
"2013-06-14","1.46","4032000","4032000","1736","2323","72000","56"
"2013-06-13","-1.72","7100000","7100000","1711","4149","71000","100"
"2013-06-12","7.47","722400","722400","1741","415","90300","8"
"2013-06-10","4.99","1260000","1260000","1620","778","84000","15"
"2013-06-07","6.71","3600000","3600000","1543","2334","80000","45"
"2013-06-06","-6.29","5775000","5775000","1446","3993","75000","77"
"2013-06-05","-1.22","880000","880000","1543","570","80000","11"
"2013-06-04","5.19","1863000","1863000","1562","1193","81000","23"
"2013-05-31","0","12705000","12705000","1485","8556","77000","165"
"2013-05-29","-5.89","770000","770000","1485","519","77000","10"
"2013-05-28","0","1227150","1227150","1578","778","81810","15"
"2013-05-27","7.49","654480","654480","1578","415","81810","8"
"2013-05-24","0.27","1902625","1902625","1468","1296","76105","25"
"2013-05-21","7.57","986635","986635","1464","674","75895","13"
"2013-05-17","0.81","706000","706000","1361","519","70600","10"
"2013-05-15","0","7280000","7280000","1350","5393","70000","104"
"2013-05-13","0","43820000","43820000","1350","32463","70000","626"
"2013-04-25","0","210000","210000","1350","156","70000","3"
"2013-04-24","2.35","1050000","1050000","1350","778","70000","15"
"2013-04-19","-14.52","1573200","1573200","1319","1193","68400","23"
"2013-04-18","0","1680000","1680000","1543","1089","80000","21"
"2013-04-15","0","1040000","1040000","1543","674","80000","13"
"2013-04-12","6.71","2720000","2720000","1543","1763","80000","34"
"2013-04-10","-6.29","675000","675000","1446","467","75000","9"
"2013-04-08","0","3200000","3200000","1543","2074","80000","40"
"2013-04-05","6.71","104720000","104720000","1543","67881","80000","1309"
"2013-04-04","0","975000","975000","1446","674","75000","13"
"2013-04-02","0","6300000","6300000","1446","4356","75000","84"
"2013-03-29","0","4275000","4275000","1446","2956","75000","57"
"2013-03-28","7.11","5025000","5025000","1446","3474","75000","67"
"2013-03-27","4.9","10220000","10220000","1350","7571","70000","146"
"2013-03-25","7.52","6674500","6674500","1287","5186","66745","100"
"2013-03-22","7.45","16205490","16205490","1197","13535","62090","261"
"2013-03-21","7.43","4216845","4216845","1114","3786","57765","73"
"2013-03-20","7.46","4680600","4680600","1037","4512","53800","87"
"2013-03-19","-6.94","15565550","15565550","965","16128","50050","311"
"2013-03-18","7.57","430000","430000","1037","415","53750","8"
"2013-03-15","4.1","600000","600000","964","622","50000","12"
"2013-03-14","6.68","1440000","1440000","926","1556","48000","30"
"2013-03-12","0.7","1800000","1800000","868","2074","45000","40"
"2013-03-06","0.23","1922100","1922100","862","2230","44700","43"
"2013-02-27","0","446000","446000","860","519","44600","10"
"2013-02-22","0","89200","89200","860","104","44600","2"
"2013-02-19","0","1204200","1204200","860","1400","44600","27"
"2013-02-15","0.23","758200","758200","860","882","44600","17"
"2013-02-12","0.47","712000","712000","858","830","44500","16"
"2013-02-05","0","1284700","1284700","854","1504","44300","29"
"2013-02-04","-6.97","886000","886000","854","1037","44300","20"
"2013-01-30","7.49","380800","380800","918","415","47600","8"
"2013-01-28","0","974600","974600","854","1141","44300","22"
"2013-01-22","0","354400","354400","854","415","44300","8"
"2013-01-21","0","221500","221500","854","259","44300","5"
"2013-01-18","-0.47","11252200","11252200","854","13172","44300","254"
"2013-01-17","0.7","1068000","1068000","858","1245","44500","24"
"2013-01-11","0","486255","486255","852","570","44205","11"
"2013-01-08","0","884000","884000","852","1037","44200","20"
"2013-01-04","0.47","1900600","1900600","852","2230","44200","43"
"2012-12-28","0","8536000","8536000","848","10060","44000","194"
"2012-12-27","0","88000","88000","848","104","44000","2"
"2012-12-26","0","264000","264000","848","311","44000","6"
"2012-12-21","0","2244000","2244000","848","2645","44000","51"
"2012-12-20","0","44000","44000","848","52","44000","1"
"2012-12-19","0","176000","176000","848","207","44000","4"
"2012-12-18","-7.02","1980000","1980000","848","2334","44000","45"
"2012-12-17","7.55","1419000","1419000","912","1556","47300","30"
"2012-12-11","0","176000","176000","848","207","44000","4"
"2012-12-10","0","2200000","2200000","848","2593","44000","50"
"2012-12-06","0","308000","308000","848","363","44000","7"
"2012-12-05","0","220000","220000","848","259","44000","5"
"2012-12-03","0","440000","440000","848","519","44000","10"
"2012-11-30","0","1100000","1100000","848","1296","44000","25"
"2012-11-28","-0.12","1804000","1804000","848","2126","44000","41"
"2012-11-26","0","1452165","1452165","849","1711","44005","33"
"2012-11-22","0","264030","264030","849","311","44005","6"
"2012-11-20","0","132015","132015","849","156","44005","3"
"2012-11-16","0.12","1980225","1980225","849","2334","44005","45"
"2012-11-14","0","836000","836000","848","985","44000","19"
"2012-11-13","0","220000","220000","848","259","44000","5"
"2012-11-08","0","528000","528000","848","622","44000","12"
"2012-11-07","0","2816000","2816000","848","3319","44000","64"
"2012-11-05","0","1936000","1936000","848","2282","44000","44"
"2012-10-31","0","836000","836000","848","985","44000","19"
"2012-10-25","0","1672000","1672000","848","1971","44000","38"
"2012-10-23","0","352000","352000","848","415","44000","8"
"2012-10-22","0","1760000","1760000","848","2074","44000","40"
"2012-10-19","0","660000","660000","848","778","44000","15"
"2012-10-17","0","1056000","1056000","848","1245","44000","24"
"2012-10-15","0","9636000","9636000","848","11357","44000","219"
"2012-10-10","0","220000","220000","848","259","44000","5"
"2012-10-08","0","5588000","5588000","848","6586","44000","127"
"2012-10-04","0","1452000","1452000","848","1711","44000","33"
"2012-10-01","0","44000","44000","848","52","44000","1"
"2012-09-27","0","880000","880000","848","1037","44000","20"
"2012-09-25","0","880000","880000","848","1037","44000","20"
"2012-09-20","0","2200000","2200000","848","2593","44000","50"
"2012-09-19","0","2728000","2728000","848","3215","44000","62"
"2012-09-17","0","2068000","2068000","848","2437","44000","47"
"2012-09-11","0","3652000","3652000","848","4304","44000","83"
"2012-09-10","0","5588000","5588000","848","6586","44000","127"
"2012-09-05","0","836000","836000","848","985","44000","19"
"2012-09-04","0","1056000","1056000","848","1245","44000","24"
"2012-09-03","0","1628000","1628000","848","1919","44000","37"
"2012-08-30","0","4180000","4180000","848","4926","44000","95"
"2012-08-29","0","1628000","1628000","848","1919","44000","37"
"2012-08-24","0","2596000","2596000","848","3060","44000","59"
"2012-08-17","7.34","924000","924000","848","1089","44000","21"
"2012-08-16","7.48","409550","409550","790","519","40955","10"
"2012-08-13","0.27","304800","304800","735","415","38100","8"
"2012-08-03","1.38","380000","380000","733","519","38000","10"
"2012-07-30","0","75000","75000","723","104","37500","2"
"2012-07-27","0","375000","375000","723","519","37500","10"
"2012-07-25","0","975000","975000","723","1348","37500","26"
"2012-07-24","0","150000","150000","723","207","37500","4"
"2012-07-23","1.26","600000","600000","723","830","37500","16"
"2012-07-20","0","111015","111015","714","156","37005","3"
"2012-07-19","0","1221165","1221165","714","1711","37005","33"
"2012-07-17","0.14","1665225","1665225","714","2334","37005","45"
"2012-07-10","0","74000","74000","713","104","37000","2"
"2012-07-09","0","259000","259000","713","363","37000","7"
"2012-07-02","-0.14","962000","962000","713","1348","37000","26"
"2012-06-28","0.14","481065","481065","714","674","37005","13"
"2012-06-25","0","296000","296000","713","415","37000","8"
"2012-06-19","-0.56","777000","777000","713","1089","37000","21"
"2012-06-18","0.42","372000","372000","717","519","37200","10"
"2012-06-14","0.14","6365720","6365720","714","8919","37010","172"
"2012-06-12","0","148000","148000","713","207","37000","4"
"2012-06-11","0.14","407000","407000","713","570","37000","11"
"2012-06-07","0.85","922500","922500","712","1296","36900","25"
"2012-06-05","0","109800","109800","706","156","36600","3"
"2012-06-04","0","732000","732000","706","1037","36600","20"
"2012-06-01","0","219600","219600","706","311","36600","6"
"2012-05-31","1","329400","329400","706","467","36600","9"
"2012-05-23","0","1051250","1051250","699","1504","36250","29"
"2012-05-22","0.29","1087500","1087500","699","1556","36250","30"
"2012-05-21","0","7405625","7405625","697","10631","36125","205"
"2012-05-18","0","722400","722400","697","1037","36120","20"
"2012-05-16","0.14","577920","577920","697","830","36120","16"
"2012-05-15","0","1805750","1805750","696","2593","36115","50"
"2012-05-11","0","1552300","1552300","696","2230","36100","43"
"2012-05-10","0","1588400","1588400","696","2282","36100","44"
"2012-05-09","0.29","794200","794200","696","1141","36100","22"
"2012-05-07","2.81","2232000","2232000","694","3215","36000","62"
"2012-05-03","-2.74","11305000","11305000","675","16750","35000","323"
"2012-05-02","0","2376000","2376000","694","3423","36000","66"
"2012-04-30","0","1260000","1260000","694","1815","36000","35"
"2012-04-25","0","180050","180050","694","259","36010","5"
"2012-04-24","0","900250","900250","694","1296","36010","25"
"2012-04-17","0","108000","108000","694","156","36000","3"
"2012-04-16","0","1656000","1656000","694","2385","36000","46"
"2012-04-11","0","252000","252000","694","363","36000","7"
"2012-04-06","0","144000","144000","694","207","36000","4"
"2012-04-02","0","72000","72000","694","104","36000","2"
"2012-03-30","0","180000","180000","694","259","36000","5"
"2012-03-28","0","468000","468000","694","674","36000","13"
"2012-03-27","0","396000","396000","694","570","36000","11"
"2012-03-26","0","1404390","1404390","694","2022","36010","39"
"2012-03-22","0","216000","216000","694","311","36000","6"
"2012-03-21","0","216000","216000","694","311","36000","6"
"2012-03-20","0","1080000","1080000","694","1556","36000","30"
"2012-03-15","0","2844790","2844790","694","4097","36010","79"
"2012-03-14","0","1476000","1476000","694","2126","36000","41"
"2012-03-08","0","4356000","4356000","694","6275","36000","121"
"2012-03-07","1.02","324000","324000","694","467","36000","9"
"2012-03-01","1.78","427200","427200","687","622","35600","12"
"2012-02-29","0","210000","210000","675","311","35000","6"
"2012-02-28","0.3","2905000","2905000","675","4304","35000","83"
"2012-02-23","0","1536480","1536480","673","2282","34920","44"
"2012-02-22","0","1012535","1012535","673","1504","34915","29"
"2012-02-21","0.3","1745750","1745750","673","2593","34915","50"
"2012-02-20","-0.59","16878000","16878000","671","25151","34800","485"
"2012-02-17","0","560000","560000","675","830","35000","16"
"2012-02-15","0","875000","875000","675","1296","35000","25"
"2012-02-10","0","3605000","3605000","675","5341","35000","103"
"2012-02-09","0","70000","70000","675","104","35000","2"
"2012-02-08","0","3115000","3115000","675","4615","35000","89"
"2012-02-06","0","980000","980000","675","1452","35000","28"
"2012-02-02","0","7490000","7490000","675","11097","35000","214"
"2012-02-01","0","105000","105000","675","156","35000","3"
"2012-01-31","0","1015000","1015000","675","1504","35000","29"
"2012-01-26","0","350000","350000","675","519","35000","10"
"2012-01-25","0","280000","280000","675","415","35000","8"
"2012-01-24","0","350000","350000","675","519","35000","10"
"2012-01-23","6.13","420000","420000","675","622","35000","12"
"2012-01-12","0","69795000","69795000","636","109678","33000","2115"
"2012-01-11","0.32","2112000","2112000","636","3319","33000","64"
"2012-01-06","2.76","658000","658000","634","1037","32900","20"
"2012-01-05","-2.99","1888000","1888000","617","3060","32000","59"
"2012-01-04","0","1485000","1485000","636","2334","33000","45"
"2012-01-03","0.47","1550765","1550765","636","2437","32995","47"
"2011-12-29","0","2132000","2132000","633","3371","32800","65"
"2011-12-28","-0.16","11480000","11480000","633","18150","32800","350"
"2011-12-27","2.76","1645000","1645000","634","2593","32900","50"
"2011-12-23","0","3104000","3104000","617","5030","32000","97"
"2011-12-22","-2.53","1184000","1184000","617","1919","32000","37"
"2011-12-21","2.59","1213600","1213600","633","1919","32800","37"
"2011-12-20","3.18","320000","320000","617","519","32000","10"
"2011-12-16","-3.08","13950000","13950000","598","23336","31000","450"
"2011-12-15","0","1824000","1824000","617","2956","32000","57"
"2011-12-14","0","9120000","9120000","617","14779","32000","285"
"2011-12-13","0.65","3424000","3424000","617","5549","32000","107"
"2011-12-12","-0.65","1240200","1240200","613","2022","31800","39"
"2011-12-07","0","18592000","18592000","617","30129","32000","581"
"2011-12-06","0","5824000","5824000","617","9438","32000","182"
"2011-12-01","0","480000","480000","617","778","32000","15"
"2011-11-30","0","1120000","1120000","617","1815","32000","35"
"2011-11-28","0","160000","160000","617","259","32000","5"
"2011-11-24","-2.99","3744000","3744000","617","6067","32000","117"
"2011-11-23","3.08","2475000","2475000","636","3889","33000","75"
"2011-11-22","0","14112000","14112000","617","22869","32000","441"
"2011-11-11","-1.44","640000","640000","617","1037","32000","20"
"2011-10-18","-0.16","389400","389400","626","622","32450","12"
"2011-10-17","-0.32","260000","260000","627","415","32500","8"
"2011-10-11","0","3946415","3946415","629","6275","32615","121"
"2011-10-06","0","297000","297000","629","473","33000","9"
"2011-10-03","0","165000","165000","629","263","33000","5"
"2011-09-29","0","891000","891000","629","1418","33000","27"
"2011-09-28","0","66000","66000","629","105","33000","2"
"2011-09-27","0","165000","165000","629","263","33000","5"
"2011-09-26","0","1155000","1155000","629","1838","33000","35"
"2011-09-23","0","165000","165000","629","263","33000","5"
"2011-09-22","0","990000","990000","629","1575","33000","30"
"2011-09-19","0","462000","462000","629","735","33000","14"
"2011-09-16","0","396000","396000","629","630","33000","12"
"2011-09-15","0","561000","561000","629","893","33000","17"
"2011-09-14","0","66000","66000","629","105","33000","2"
"2011-09-13","0","4554000","4554000","629","7245","33000","138"
"2011-09-12","0","33000","33000","629","53","33000","1"
"2011-09-08","0","3465000","3465000","629","5513","33000","105"
"2011-09-05","0","1749000","1749000","629","2783","33000","53"
"2011-09-02","0","12606000","12606000","629","20056","33000","382"
"2011-08-31","0","99000","99000","629","158","33000","3"
"2011-08-29","0","3465000","3465000","629","5513","33000","105"
"2011-08-26","0","1485000","1485000","629","2363","33000","45"
"2011-08-25","0","1485000","1485000","629","2363","33000","45"
"2011-08-24","0","693000","693000","629","1103","33000","21"
"2011-08-23","0","330000","330000","629","525","33000","10"
"2011-08-19","0","396000","396000","629","630","33000","12"
"2011-08-18","0","2277000","2277000","629","3623","33000","69"
"2011-08-17","0","891000","891000","629","1418","33000","27"
"2011-08-16","0","3069000","3069000","629","4883","33000","93"
"2011-08-12","0","2046000","2046000","629","3255","33000","62"
"2011-08-11","0","7590000","7590000","629","12076","33000","230"
"2011-08-10","0","3300000","3300000","629","5250","33000","100"
"2011-08-09","3.28","297000","297000","629","473","33000","9"
"2011-08-05","0","320000","320000","609","525","32000","10"
"2011-08-04","0","384000","384000","609","630","32000","12"
"2011-08-03","0","2944000","2944000","609","4830","32000","92"
"2011-08-02","0","128000","128000","609","210","32000","4"
"2011-07-29","-6.02","896000","896000","609","1470","32000","28"
"2011-07-25","6.4","1700000","1700000","648","2625","34000","50"
"2011-07-20","0","3200000","3200000","609","5250","32000","100"
"2011-07-18","3.22","1568000","1568000","609","2573","32000","49"
"2011-07-14","0","4433000","4433000","590","7508","31000","143"
"2011-07-13","0","5611000","5611000","590","9503","31000","181"
"2011-07-07","-3.12","341000","341000","590","578","31000","11"
"2011-06-30","0","1216000","1216000","609","1995","32000","38"
"2011-06-23","0","192000","192000","609","315","32000","6"
"2011-06-22","0","3104000","3104000","609","5093","32000","97"
"2011-06-21","3.22","11200000","11200000","609","18376","32000","350"
"2011-06-20","0","310000","310000","590","525","31000","10"
"2011-06-17","-1.5","2914000","2914000","590","4935","31000","94"
"2011-06-15","1.53","1848000","1848000","599","3087","33000","56"
"2011-06-14","0","455000","455000","590","772","32500","14"
"2011-06-08","1.72","487500","487500","590","827","32500","15"
"2011-06-03","0","1024000","1024000","580","1764","32000","32"
"2011-06-01","0","320000","320000","580","551","32000","10"
"2011-05-31","0","160000","160000","580","276","32000","5"
"2011-05-26","0","1152000","1152000","580","1985","32000","36"
"2011-05-25","-0.17","9536000","9536000","580","16428","32000","298"
"2011-05-23","0","1088170","1088170","581","1874","32005","34"
"2011-05-20","0","1248195","1248195","581","2150","32005","39"
"2011-05-19","0","608190","608190","581","1047","32010","19"
"2011-05-18","-1.53","2720425","2720425","581","4686","32005","85"
"2011-05-17","0","1040000","1040000","590","1764","32500","32"
"2011-05-13","1.72","4875000","4875000","590","8269","32500","150"
"2011-05-12","3.2","7680000","7680000","580","13231","32000","240"
"2011-05-11","-3.1","6200000","6200000","562","11026","31000","200"
"2011-05-10","3.2","480000","480000","580","827","32000","15"
"2011-05-09","-0.71","713000","713000","562","1268","31000","23"
"2011-05-06","-2.41","312000","312000","566","551","31200","10"
"2011-05-05","0","320000","320000","580","551","32000","10"
"2011-05-03","-0.17","9440000","9440000","580","16263","32000","295"
"2011-04-29","0","2467850","2467850","581","4245","32050","77"
"2011-04-28","-1.53","18845400","18845400","581","32416","32050","588"
"2011-04-15","1.37","487500","487500","590","827","32500","15"
"2011-04-13","0.17","256800","256800","582","441","32100","8"
"2011-04-11","0.17","13988370","13988370","581","24091","32010","437"
"2011-04-06","0","96000","96000","580","165","32000","3"
"2011-04-01","0","13856000","13856000","580","23871","32000","433"
"2011-03-29","0","32000","32000","580","55","32000","1"
"2011-03-24","0","160000","160000","580","276","32000","5"
"2011-03-23","0","1536000","1536000","580","2646","32000","48"
"2011-03-21","0","352000","352000","580","606","32000","11"
"2011-03-15","0","3872000","3872000","580","6671","32000","121"
"2011-03-14","-6","4000000","4000000","580","6891","32000","125"
"2011-03-11","0","136000","136000","617","221","34000","4"
"2011-03-10","-2.83","3672000","3672000","617","5954","34000","108"
"2011-03-08","0","35000","35000","635","55","35000","1"
"2011-03-07","11.01","10605000","10605000","635","16704","35000","303"
"2011-03-02","1.06","94530","94530","572","165","31510","3"
"2011-02-11","0","811200","811200","566","1433","31200","26"
"2011-02-10","0.71","3556800","3556800","566","6285","31200","114"
"2011-02-08","0","7037000","7037000","562","12514","31000","227"
"2011-02-07","-0.18","9021000","9021000","562","16042","31000","291"
"2011-02-04","-0.18","1395450","1395450","563","2481","31010","45"
"2011-02-03","0.18","2394700","2394700","564","4245","31100","77"
"2011-02-02","0.18","651210","651210","563","1158","31010","21"
"2011-01-31","-0.18","14384000","14384000","562","25580","31000","464"
"2011-01-28","0","93030","93030","563","165","31010","3"
"2011-01-26","0.18","2449790","2449790","563","4355","31010","79"
"2011-01-25","-0.53","10664000","10664000","562","18964","31000","344"
"2011-01-24","0.18","9781100","9781100","565","17310","31150","314"
"2011-01-20","0","590900","590900","564","1047","31100","19"
"2011-01-19","0.36","808600","808600","564","1433","31100","26"
"2011-01-18","0","1705000","1705000","562","3032","31000","55"
"2011-01-17","0","2449000","2449000","562","4355","31000","79"
"2011-01-14","3.31","7037000","7037000","562","12514","31000","227"
"2011-01-13","0","11310000","11310000","544","20784","30000","377"
"2011-01-12","0.55","2999000","2999000","544","5513","29990","100"
"2011-01-11","-0.18","17135000","17135000","541","31699","29800","575"
"2011-01-10","0.18","239200","239200","542","441","29900","8"
"2011-01-07","1.12","20055400","20055400","541","37102","29800","673"
"2011-01-06","-1.65","23836000","23836000","535","44544","29500","808"
"2011-01-05","0","73140000","73140000","544","134404","30000","2438"
"2011-01-04","5.02","28980000","28980000","544","53254","30000","966"
"2011-01-03","","8141025","8141025","518","15712","28565","285"
