"Date","Variation","Valeur","Volume Devise Total","Cours Ajuste","Volume Ajuste Total","Cours Normal","Volume Normal Total"
"2026-09-09","1.44","83371150","83371150","7400","11202","7400","11202"
"2026-09-08","3.04","84225725","84225725","7295","11349","7295","11349"
"2026-09-07","5.67","41195765","41195765","7080","5960","7080","5960"
"2026-09-04","0","27740645","27740645","6700","4114","6700","4114"
"2026-09-03","3.08","69348880","69348880","6700","10540","6700","10540"
"2026-09-02","-1.52","69560725","69560725","6500","10590","6500","10590"
"2026-09-01","-1.35","31696615","31696615","6600","4756","6600","4756"
"2026-08-31","-0.15","41275960","41275960","6690","6193","6690","6193"
"2026-08-28","0.3","30398365","30398365","6700","4528","6700","4528"
"2026-08-27","-4.16","35237600","35237600","6680","5178","6680","5178"
"2026-08-26","0","55887260","55887260","6970","8023","6970","8023"
"2026-08-24","1.01","61246355","61246355","6970","8790","6970","8790"
"2026-08-21","-4.03","57231120","57231120","6900","8175","6900","8175"
"2026-08-20","5.19","64670520","64670520","7190","9091","7190","9091"
"2026-08-19","7.47","22155130","22155130","6835","3246","6835","3246"
"2026-08-18","7.43","20029865","20029865","6360","3259","6360","3259"
"2026-08-17","7.34","23506980","23506980","5920","4023","5920","4023"
"2026-08-14","1.19","9043535","9043535","5515","1628","5515","1628"
"2026-08-13","0","24892950","24892950","5450","4466","5450","4466"
"2026-08-12","2.64","19651035","19651035","5450","3653","5450","3653"
"2026-08-11","3.11","18392160","18392160","5310","3526","5310","3526"
"2026-08-10","2.59","15993215","15993215","5150","3137","5150","3137"
"2026-08-06","0.4","11002295","11002295","5020","2192","5020","2192"
"2026-08-05","0.1","10248675","10248675","5000","2045","5000","2045"
"2026-08-04","-0.1","26441585","26441585","4995","5299","4995","5299"
"2026-08-03","0","32421490","32421490","5000","6428","5000","6428"
"2026-07-31","0","29968225","29968225","5000","5873","5000","5873"
"2026-07-30","-3.85","47107570","47107570","5000","9344","5000","9344"
"2026-07-29","-3.26","33911605","33911605","5200","6487","5200","6487"
"2026-07-28","3.37","19292510","19292510","5375","3683","5375","3683"
"2026-07-27","-1.89","20268245","20268245","5200","3835","5200","3835"
"2026-07-24","-1.67","14056295","14056295","5300","2616","5300","2616"
"2026-07-23","3.65","14612000","14612000","5390","2779","5390","2779"
"2026-07-22","0.19","36100000","36100000","5200","6946","5200","6946"
"2026-07-21","0","8372480","8372480","5190","1624","5190","1624"
"2026-07-20","-0.1","15286420","15286420","5190","2966","5190","2966"
"2026-07-17","5.91","13110580","13110580","5195","2614","5195","2614"
"2026-07-16","-5.49","18406150","18406150","4905","3681","4905","3681"
"2026-07-15","-0.19","21032365","21032365","5190","4123","5190","4123"
"2026-07-14","-2.35","35073695","35073695","5200","6728","5200","6728"
"2026-07-13","-0.28","22294920","22294920","5325","4181","5325","4181"
"2026-07-10","0.28","17904755","17904755","5340","3361","5340","3361"
"2026-07-09","0.47","21405115","21405115","5325","4051","5325","4051"
"2026-07-08","-3.37","30953350","30953350","5300","5695","5300","5695"
"2026-07-07","0","24094575","24094575","5485","4385","5485","4385"
"2026-07-06","3.49","22609885","22609885","5485","4205","5485","4205"
"2026-07-03","0","26098270","26098270","5300","4872","5300","4872"
"2026-07-02","0","35687280","35687280","5300","6747","5300","6747"
"2026-07-01","-0.28","42923840","42923840","5300","7945","5300","7945"
"2026-06-30","0.28","17547580","17547580","5315","3311","5315","3311"
"2026-06-29","1.92","31402360","31402360","5300","6018","5300","6018"
"2026-06-26","0.19","10624460","10624460","5200","2043","5200","2043"
"2026-06-25","1.76","27346850","27346850","5190","5366","5190","5366"
"2026-06-24","2.1","18086305","18086305","5100","3599","5100","3599"
"2026-06-23","0","19613060","19613060","4995","3924","4995","3924"
"2026-06-22","0","23514105","23514105","4995","4709","4995","4709"
"2026-06-19","0","13335840","13335840","4995","2672","4995","2672"
"2026-06-18","5.05","57128665","57128665","4995","11545","4995","11545"
"2026-06-17","-4.8","53659690","53659690","4755","11099","4755","11099"
"2026-06-16","0","56174820","56174820","4995","11408","4995","11408"
"2026-06-15","0","22044310","22044310","4995","4417","4995","4417"
"2026-06-12","-0.1","33479090","33479090","4995","6701","4995","6701"
"2026-06-11","1.01","38753340","38753340","5000","7862","5000","7862"
"2026-06-10","-1.98","42247870","42247870","4950","8510","4950","8510"
"2026-06-09","-0.88","62706925","62706925","5050","12402","5050","12402"
"2026-06-08","-4.23","85002175","85002175","5095","16722","5095","16722"
"2026-06-05","7.47","32674690","32674690","5320","6263","5320","6263"
"2026-06-04","3.13","68877690","68877690","4950","14034","4950","14034"
"2026-06-03","6.31","48786895","48786895","4800","10070","4800","10070"
"2026-06-02","7.5","42292345","42292345","4515","9555","4515","9555"
"2026-06-01","1.2","23220395","23220395","4200","5588","4200","5588"
"2026-05-29","2.34","32213920","32213920","4150","7849","4150","7849"
"2026-05-28","1.12","80979390","80979390","4055","20238","4055","20238"
"2026-05-26","-0.74","49510740","49510740","4010","12278","4010","12278"
"2026-05-22","7.45","116951840","116951840","4040","28967","4040","28967"
"2026-05-21","7.43","43610400","43610400","3760","11638","3760","11638"
"2026-05-20","4.32","12362360","12362360","3500","3627","3500","3627"
"2026-05-19","0.75","11263820","11263820","3355","3344","3355","3344"
"2026-05-18","1.22","33714015","33714015","3330","10180","3330","10180"
"2026-05-15","-0.3","14774465","14774465","3290","4480","3290","4480"
"2026-05-13","0.15","14082095","14082095","3300","4285","3300","4285"
"2026-05-12","2.97","14584590","14584590","3295","4424","3295","4424"
"2026-05-11","-3.9","8517090","8517090","3200","2648","3200","2648"
"2026-05-08","-0.45","21741355","21741355","3330","6545","3330","6545"
"2026-05-07","4.53","7228920","7228920","3345","2258","3345","2258"
"2026-05-06","6.31","74917615","74917615","3200","24862","3200","24862"
"2026-05-05","-5.49","40505300","40505300","3010","13197","3010","13197"
"2026-05-04","-2","77948145","77948145","3185","24243","3185","24243"
"2026-04-30","0","7759760","7759760","3250","2349","3250","2349"
"2026-04-29","2.2","13737170","13737170","3250","4228","3250","4228"
"2026-04-28","6","13734495","13734495","3180","4326","3180","4326"
"2026-04-27","0","8487050","8487050","3000","2792","3000","2792"
"2026-04-24","-5.21","24147550","24147550","3000","7978","3000","7978"
"2026-04-23","2.1","6063095","6063095","3165","1955","3165","1955"
"2026-04-22","1.47","12616750","12616750","3100","4151","3100","4151"
"2026-04-21","0.16","8607720","8607720","3055","2779","3055","2779"
"2026-04-20","-1.61","6609775","6609775","3050","2117","3050","2117"
"2026-04-17","0","8849070","8849070","3100","2843","3100","2843"
"2026-04-16","-1.27","2418575","2418575","3100","775","3100","775"
"2026-04-15","0.16","5475120","5475120","3140","1757","3140","1757"
"2026-04-14","-0.48","14842175","14842175","3135","4873","3135","4873"
"2026-04-13","-1.41","11249360","11249360","3150","3550","3150","3550"
"2026-04-10","-1.54","4706895","4706895","3195","1468","3195","1468"
"2026-04-09","-3.13","13522585","13522585","3245","4132","3245","4132"
"2026-04-08","0","5241525","5241525","3350","1565","3350","1565"
"2026-04-07","-1.47","8312370","8312370","3350","2469","3350","2469"
"2026-04-03","0","2164480","2164480","3400","637","3400","637"
"2026-04-02","0","4735805","4735805","3400","1403","3400","1403"
"2026-04-01","0","4132205","4132205","3400","1219","3400","1219"
"2026-03-31","3.03","15288070","15288070","3400","4494","3400","4494"
"2026-03-30","0.3","19292325","19292325","3300","5865","3300","5865"
"2026-03-27","0","2670120","2670120","3290","816","3290","816"
"2026-03-26","2.81","8705195","8705195","3290","2715","3290","2715"
"2026-03-25","-4.33","14387280","14387280","3200","4398","3200","4398"
"2026-03-24","0.15","33482820","33482820","3345","10021","3345","10021"
"2026-03-23","1.21","118321125","118321125","3340","35503","3340","35503"
"2026-03-19","3.13","17510405","17510405","3300","5328","3300","5328"
"2026-03-18","-3.03","8593430","8593430","3200","2661","3200","2661"
"2026-03-17","0","16950295","16950295","3300","5236","3300","5236"
"2026-03-13","-1.2","20163550","20163550","3300","6196","3300","6196"
"2026-03-12","2.77","46751870","46751870","3340","14161","3340","14161"
"2026-03-11","-1.52","39194085","39194085","3250","12005","3250","12005"
"2026-03-10","-0.75","13684905","13684905","3300","4167","3300","4167"
"2026-03-09","-0.45","23944815","23944815","3325","7241","3325","7241"
"2026-03-06","-0.89","24113670","24113670","3340","7250","3340","7250"
"2026-03-05","-0.59","16642870","16642870","3370","4958","3370","4958"
"2026-03-04","-0.73","19499745","19499745","3390","5771","3390","5771"
"2026-03-03","-0.44","34039520","34039520","3415","9923","3415","9923"
"2026-03-02","7.36","17634930","17634930","3430","5326","3430","5326"
"2026-02-27","3.06","9753595","9753595","3195","3097","3195","3097"
"2026-02-26","5.08","17972745","17972745","3100","5973","3100","5973"
"2026-02-25","0.34","84420415","84420415","2950","28696","2950","28696"
"2026-02-24","-0.34","15930540","15930540","2940","5519","2940","5519"
"2026-02-23","0.34","23883485","23883485","2950","8102","2950","8102"
"2026-02-20","3.34","17139300","17139300","2940","5829","2940","5829"
"2026-02-19","1.61","21588680","21588680","2845","7563","2845","7563"
"2026-02-18","1.08","8509180","8509180","2800","3055","2800","3055"
"2026-02-17","2.59","7767795","7767795","2770","2857","2770","2857"
"2026-02-16","0.37","11790475","11790475","2700","4375","2700","4375"
"2026-02-13","1.51","15458410","15458410","2690","5765","2690","5765"
"2026-02-12","-1.85","94491020","94491020","2650","35488","2650","35488"
"2026-02-11","0.37","21877140","21877140","2700","8144","2700","8144"
"2026-02-10","0","27280870","27280870","2690","10256","2690","10256"
"2026-02-09","0","20726390","20726390","2690","7698","2690","7698"
"2026-02-06","1.51","41129015","41129015","2690","15471","2690","15471"
"2026-02-05","0.38","8549105","8549105","2650","3171","2650","3171"
"2026-02-04","-1.86","25287415","25287415","2640","9539","2640","9539"
"2026-02-03","0.56","10284690","10284690","2690","3830","2690","3830"
"2026-02-02","-0.37","10368245","10368245","2675","3861","2675","3861"
"2026-01-30","1.32","6838620","6838620","2685","2548","2685","2548"
"2026-01-29","-1.67","15456700","15456700","2650","5777","2650","5777"
"2026-01-28","1.7","9767375","9767375","2695","3666","2695","3666"
"2026-01-27","-1.85","9673235","9673235","2650","3623","2650","3623"
"2026-01-26","-0.18","20537040","20537040","2700","7670","2700","7670"
"2026-01-23","-0.55","15871125","15871125","2705","5857","2705","5857"
"2026-01-22","0.74","13735435","13735435","2720","5074","2720","5074"
"2026-01-21","1.5","16571080","16571080","2700","6068","2700","6068"
"2026-01-20","1.33","6571545","6571545","2660","2477","2660","2477"
"2026-01-19","1.35","8439875","8439875","2625","3239","2625","3239"
"2026-01-16","0","25159320","25159320","2590","9684","2590","9684"
"2026-01-15","1.57","8057635","8057635","2590","3123","2590","3123"
"2026-01-14","2","9582245","9582245","2550","3756","2550","3756"
"2026-01-13","0.4","17319535","17319535","2500","6935","2500","6935"
"2026-01-12","3.75","31067615","31067615","2490","12674","2490","12674"
"2026-01-09","-0.41","5347995","5347995","2400","2217","2400","2217"
"2026-01-08","0.21","6579200","6579200","2410","2734","2410","2734"
"2026-01-07","1.26","14070215","14070215","2405","5891","2405","5891"
"2026-01-06","0","7713960","7713960","2375","3279","2375","3279"
"2026-01-05","-1.04","8135410","8135410","2375","3426","2375","3426"
"2026-01-02","1.69","14154730","14154730","2400","5847","2400","5847"
"2025-12-31","4.66","64925375","64925375","2360","29489","2360","29489"
"2025-12-30","-1.96","142799470","142799470","2255","62809","2255","62809"
"2025-12-29","0","51965410","51965410","2300","22632","2300","22632"
"2025-12-26","0","68856885","68856885","2300","29933","2300","29933"
"2025-12-24","-1.92","62150725","62150725","2300","27021","2300","27021"
"2025-12-23","-4.09","18660505","18660505","2345","7820","2345","7820"
"2025-12-22","-1.41","39940870","39940870","2445","17081","2445","17081"
"2025-12-19","-0.8","5972455","5972455","2480","2400","2480","2400"
"2025-12-18","1.21","4517505","4517505","2500","1820","2500","1820"
"2025-12-17","-1","6182590","6182590","2470","2497","2470","2497"
"2025-12-16","0","13740000","13740000","2495","5748","2495","5748"
"2025-12-15","-0.2","44847775","44847775","2495","18947","2495","18947"
"2025-12-12","0","21518905","21518905","2500","8608","2500","8608"
"2025-12-11","0","34024960","34024960","2500","13610","2500","13610"
"2025-12-10","0","28105725","28105725","2500","11244","2500","11244"
"2025-12-09","0","3376620","3376620","2500","1353","2500","1353"
"2025-12-08","0","7668875","7668875","2500","3073","2500","3073"
"2025-12-05","0","3741125","3741125","2500","1481","2500","1481"
"2025-12-04","0","12920845","12920845","2500","5173","2500","5173"
"2025-12-03","0","4685465","4685465","2500","1898","2500","1898"
"2025-12-02","0","6719410","6719410","2500","2689","2500","2689"
"2025-12-01","0","3882145","3882145","2500","1555","2500","1555"
"2025-11-28","0","6434285","6434285","2500","2578","2500","2578"
"2025-11-27","0","17342250","17342250","2500","6937","2500","6937"
"2025-11-26","0","3997250","3997250","2500","1600","2500","1600"
"2025-11-25","-4.58","47521125","47521125","2500","18195","2500","18195"
"2025-11-24","-0.38","2335500","2335500","2620","891","2620","891"
"2025-11-21","-0.38","8756980","8756980","2630","3473","2630","3473"
"2025-11-20","0","3398465","3398465","2640","1323","2640","1323"
"2025-11-19","1.54","2615665","2615665","2640","996","2640","996"
"2025-11-18","-0.38","4091460","4091460","2600","1576","2600","1576"
"2025-11-17","3.78","4297620","4297620","2610","1689","2610","1689"
"2025-11-14","-3.27","7550035","7550035","2515","2934","2515","2934"
"2025-11-13","0","12097055","12097055","2600","4647","2600","4647"
"2025-11-12","-0.38","6162965","6162965","2600","2371","2600","2371"
"2025-11-11","-0.19","5707570","5707570","2610","2190","2610","2190"
"2025-11-10","0","9003570","9003570","2615","3446","2615","3446"
"2025-11-07","-0.19","14066825","14066825","2615","5390","2615","5390"
"2025-11-06","0","4904225","4904225","2620","1871","2620","1871"
"2025-11-05","1.55","7420575","7420575","2620","2850","2620","2850"
"2025-11-04","0","11041700","11041700","2580","4271","2580","4271"
"2025-11-03","-0.39","17364805","17364805","2580","6790","2580","6790"
"2025-10-31","2.37","11354480","11354480","2590","4395","2590","4395"
"2025-10-30","1.2","2403770","2403770","2530","949","2530","949"
"2025-10-29","-0.2","28896865","28896865","2500","11512","2500","11512"
"2025-10-28","-1.38","10385765","10385765","2505","4111","2505","4111"
"2025-10-27","1.6","3469040","3469040","2540","1381","2540","1381"
"2025-10-24","0","7780685","7780685","2500","3129","2500","3129"
"2025-10-23","0.4","6404675","6404675","2500","2599","2500","2599"
"2025-10-22","0","7794765","7794765","2490","3163","2490","3163"
"2025-10-21","2.89","5658465","5658465","2490","2288","2490","2288"
"2025-10-20","4.54","9840885","9840885","2420","4250","2420","4250"
"2025-10-17","-2.11","8379655","8379655","2315","3532","2315","3532"
"2025-10-16","-3.47","12067740","12067740","2365","5010","2365","5010"
"2025-10-15","2.94","18200200","18200200","2450","7432","2450","7432"
"2025-10-14","-6.3","95784920","95784920","2380","40119","2380","40119"
"2025-10-13","1.8","4167000","4167000","2540","1650","2540","1650"
"2025-10-10","2.04","10592750","10592750","2495","4241","2495","4241"
"2025-10-09","1.88","4925785","4925785","2445","2038","2445","2038"
"2025-10-08","1.69","10363590","10363590","2400","4332","2400","4332"
"2025-10-07","0.43","5061790","5061790","2360","2151","2360","2151"
"2025-10-06","0","4954640","4954640","2350","2113","2350","2113"
"2025-10-03","0","3260925","3260925","2350","1392","2350","1392"
"2025-10-02","1.95","9422935","9422935","2350","4079","2350","4079"
"2025-10-01","0","3228260","3228260","2305","1386","2305","1386"
"2025-09-30","0.44","6058540","6058540","2305","2632","2305","2632"
"2025-09-29","0","11048325","11048325","2295","4911","2295","4911"
"2025-09-26","-0.22","3566140","3566140","2295","1551","2295","1551"
"2025-09-25","-2.54","10795110","10795110","2300","4684","2300","4684"
"2025-09-24","0","6662640","6662640","2360","2833","2360","2833"
"2025-09-23","-1.05","3821520","3821520","2360","1612","2360","1612"
"2025-09-22","0","12673955","12673955","2385","5616","2385","5616"
"2025-09-19","-0.42","7028810","7028810","2385","2934","2385","2934"
"2025-09-18","0","4473310","4473310","2395","1868","2395","1868"
"2025-09-17","0","7596740","7596740","2395","3189","2395","3189"
"2025-09-16","0","4169705","4169705","2395","1748","2395","1748"
"2025-09-15","0.84","3547095","3547095","2395","1487","2395","1487"
"2025-09-12","1.06","6122335","6122335","2375","2599","2375","2599"
"2025-09-11","1.51","3797255","3797255","2350","1627","2350","1627"
"2025-09-10","0.65","4515555","4515555","2315","1953","2315","1953"
"2025-09-09","2.45","9341315","9341315","2300","4141","2300","4141"
"2025-09-08","0.45","7002950","7002950","2245","3136","2245","3136"
"2025-09-05","0","5617190","5617190","2235","2515","2235","2515"
"2025-09-03","0.22","4649020","4649020","2235","2084","2235","2084"
"2025-09-02","0.45","3570220","3570220","2230","1604","2230","1604"
"2025-09-01","-0.67","5951505","5951505","2220","2661","2220","2661"
"2025-08-29","1.13","2111965","2111965","2235","945","2235","945"
"2025-08-28","-0.23","6697835","6697835","2210","3041","2210","3041"
"2025-08-27","0.23","5093165","5093165","2215","2303","2215","2303"
"2025-08-26","4.74","7242460","7242460","2210","3343","2210","3343"
"2025-08-25","-1.17","21442115","21442115","2110","10109","2110","10109"
"2025-08-22","-0.7","8979725","8979725","2135","4183","2135","4183"
"2025-08-21","1.9","12041905","12041905","2150","5604","2150","5604"
"2025-08-20","-1.86","17292405","17292405","2110","8081","2110","8081"
"2025-08-19","0.23","7983590","7983590","2150","3714","2150","3714"
"2025-08-18","-0.23","14880820","14880820","2145","6954","2145","6954"
"2025-08-14","0","11997180","11997180","2150","5570","2150","5570"
"2025-08-13","0","7298550","7298550","2150","3430","2150","3430"
"2025-08-12","0","11198750","11198750","2150","5210","2150","5210"
"2025-08-11","0","10287625","10287625","2150","4774","2150","4774"
"2025-08-08","-2.27","51134420","51134420","2150","23670","2150","23670"
"2025-08-06","2.33","7263630","7263630","2200","3297","2200","3297"
"2025-08-05","-2.71","16276385","16276385","2150","7403","2150","7403"
"2025-08-04","-3.91","9206155","9206155","2210","4154","2210","4154"
"2025-08-01","0","16456050","16456050","2300","7241","2300","7241"
"2025-07-31","2.22","5426140","5426140","2300","2390","2300","2390"
"2025-07-30","-5.06","11618900","11618900","2250","5118","2250","5118"
"2025-07-29","-1.25","1566460","1566460","2370","660","2370","660"
"2025-07-28","0","6270535","6270535","2400","2614","2400","2614"
"2025-07-25","-1.23","5646970","5646970","2400","2342","2400","2342"
"2025-07-24","-0.82","5461070","5461070","2430","2205","2430","2205"
"2025-07-23","-1.61","5388690","5388690","2450","2189","2450","2189"
"2025-07-22","-0.2","3691435","3691435","2490","1489","2490","1489"
"2025-07-21","3.31","1967875","1967875","2495","810","2495","810"
"2025-07-18","7.33","9433485","9433485","2415","3914","2415","3914"
"2025-07-17","-6.25","37603165","37603165","2250","16438","2250","16438"
"2025-07-16","-4","7338805","7338805","2400","3015","2400","3015"
"2025-07-15","0","2603445","2603445","2500","1045","2500","1045"
"2025-07-14","-0.4","5035065","5035065","2500","2014","2500","2014"
"2025-07-11","0.4","3374865","3374865","2510","1360","2510","1360"
"2025-07-10","0","1316180","1316180","2500","531","2500","531"
"2025-07-09","0","1195465","1195465","2500","477","2500","477"
"2025-07-08","-0.99","2449530","2449530","2500","975","2500","975"
"2025-07-07","0.2","5734075","5734075","2525","2277","2525","2277"
"2025-07-04","0.2","2785605","2785605","2520","1107","2520","1107"
"2025-07-03","-0.4","5313340","5313340","2515","2106","2515","2106"
"2025-07-02","0","15616660","15616660","2525","6185","2525","6185"
"2025-07-01","-0.98","10884455","10884455","2525","4306","2525","4306"
"2025-06-30","0","9427045","9427045","2550","3719","2550","3719"
"2025-06-27","-1.73","4937380","4937380","2550","1921","2550","1921"
"2025-06-26","-0.19","35967765","35967765","2595","13995","2595","13995"
"2025-06-25","4","4886025","4886025","2600","1897","2600","1897"
"2025-06-24","0.81","7464520","7464520","2500","3086","2500","3086"
"2025-06-23","0.81","24862605","24862605","2480","10264","2480","10264"
"2025-06-20","0.2","7134415","7134415","2460","2906","2460","2906"
"2025-06-19","0","7274800","7274800","2455","2993","2455","2993"
"2025-06-18","0","4388420","4388420","2455","1790","2455","1790"
"2025-06-17","2.29","2604230","2604230","2455","1076","2455","1076"
"2025-06-16","0.21","4318900","4318900","2400","1804","2400","1804"
"2025-06-13","0.21","4525450","4525450","2395","1892","2395","1892"
"2025-06-12","0","3624910","3624910","2390","1517","2390","1517"
"2025-06-11","-0.62","7263820","7263820","2390","3031","2390","3031"
"2025-06-10","0","13316155","13316155","2405","5536","2405","5536"
"2025-06-05","0.63","1697865","1697865","2405","705","2405","705"
"2025-06-04","-2.05","4653250","4653250","2390","1933","2390","1933"
"2025-06-03","1.88","9191920","9191920","2440","3837","2440","3837"
"2025-06-02","4.13","1462665","1462665","2395","614","2395","614"
"2025-05-30","3.6","4171800","4171800","2300","1797","2300","1797"
"2025-05-28","-7.11","22904240","22904240","2220","10106","2220","10106"
"2025-05-27","1.7","4583400","4583400","2390","1953","2390","1953"
"2025-05-26","-1.67","1960960","1960960","2350","829","2350","829"
"2025-05-23","5.75","4102430","4102430","2390","1790","2390","1790"
"2025-05-22","0.44","3352045","3352045","2260","1461","2260","1461"
"2025-05-21","-1.75","3071205","3071205","2250","1343","2250","1343"
"2025-05-20","0.22","2361160","2361160","2290","1040","2290","1040"
"2025-05-19","-0.22","3682545","3682545","2285","1608","2285","1608"
"2025-05-16","-0.43","6056010","6056010","2290","2638","2290","2638"
"2025-05-15","0.44","19829125","19829125","2300","9165","2300","9165"
"2025-05-14","0","4292955","4292955","2290","1869","2290","1869"
"2025-05-13","1.78","11360665","11360665","2290","5096","2290","5096"
"2025-05-12","-0.22","5079780","5079780","2250","2272","2250","2272"
"2025-05-09","1.12","5300970","5300970","2255","2397","2255","2397"
"2025-05-08","-2.62","42817665","42817665","2230","19359","2230","19359"
"2025-05-07","-1.51","5764050","5764050","2290","2568","2290","2568"
"2025-05-06","-0.64","1928480","1928480","2325","831","2325","831"
"2025-05-05","0.21","4297465","4297465","2340","1889","2340","1889"
"2025-05-02","-2.3","14471610","14471610","2335","6412","2335","6412"
"2025-04-30","1.49","353970","353970","2390","148","2390","148"
"2025-04-29","-1.88","7479945","7479945","2355","3119","2355","3119"
"2025-04-28","-1.03","7761010","7761010","2400","3219","2400","3219"
"2025-04-25","-1.02","1465825","1465825","2425","602","2425","602"
"2025-04-24","2.3","2648170","2648170","2450","1098","2450","1098"
"2025-04-23","-3.23","9607470","9607470","2395","4000","2395","4000"
"2025-04-22","3.13","18112070","18112070","2475","7515","2475","7515"
"2025-04-18","-1.84","6982100","6982100","2400","2892","2400","2892"
"2025-04-17","6.07","2276945","2276945","2445","958","2445","958"
"2025-04-16","-7.43","4241985","4241985","2305","1740","2305","1740"
"2025-04-15","3.75","2658705","2658705","2490","1094","2490","1094"
"2025-04-14","-3.42","7891970","7891970","2400","3289","2400","3289"
"2025-04-11","0","3632030","3632030","2485","1465","2485","1465"
"2025-04-10","-0.2","3240135","3240135","2485","1304","2485","1304"
"2025-04-09","-4.96","2939625","2939625","2490","1177","2490","1177"
"2025-04-08","-0.19","8530860","8530860","2620","3376","2620","3376"
"2025-04-07","0","2669395","2669395","2625","1031","2625","1031"
"2025-04-04","-2.78","1817005","1817005","2625","686","2625","686"
"2025-04-03","-0.37","3125185","3125185","2700","1155","2700","1155"
"2025-04-02","5.04","6414570","6414570","2710","2472","2710","2472"
"2025-04-01","-0.77","4113220","4113220","2580","1588","2580","1588"
"2025-03-28","0.39","68849480","68849480","2600","26686","2600","26686"
"2025-03-26","0","4449720","4449720","2590","1715","2590","1715"
"2025-03-25","0","2238660","2238660","2590","832","2590","832"
"2025-03-24","-7.5","12153420","12153420","2590","4632","2590","4632"
"2025-03-21","0.18","20153810","20153810","2800","7451","2800","7451"
"2025-03-20","-0.18","15854305","15854305","2795","5820","2795","5820"
"2025-03-19","0","20085015","20085015","2800","7383","2800","7383"
"2025-03-18","1.82","6168130","6168130","2800","2218","2800","2218"
"2025-03-17","0","4682215","4682215","2750","1714","2750","1714"
"2025-03-14","3.19","23516515","23516515","2750","8753","2750","8753"
"2025-03-13","2.11","5237300","5237300","2665","1997","2665","1997"
"2025-03-12","-2.25","5152135","5152135","2610","1964","2610","1964"
"2025-03-11","4.09","17940980","17940980","2670","6936","2670","6936"
"2025-03-10","2.6","3897630","3897630","2565","1554","2565","1554"
"2025-03-07","1.01","4170035","4170035","2500","1687","2500","1687"
"2025-03-06","1.02","5719350","5719350","2475","2332","2475","2332"
"2025-03-05","0","1981330","1981330","2450","807","2450","807"
"2025-03-04","0","3111305","3111305","2450","1278","2450","1278"
"2025-03-03","2.94","2977140","2977140","2450","1250","2450","1250"
"2025-02-28","0","1853250","1853250","2380","785","2380","785"
"2025-02-27","6.97","4572540","4572540","2380","1990","2380","1990"
"2025-02-26","-0.22","7124450","7124450","2225","3196","2225","3196"
"2025-02-25","0.22","6342615","6342615","2230","2845","2230","2845"
"2025-02-24","0","3738450","3738450","2225","1694","2225","1694"
"2025-02-21","-0.22","5939775","5939775","2225","2675","2225","2675"
"2025-02-20","-0.22","2983520","2983520","2230","1338","2230","1338"
"2025-02-19","0","4166205","4166205","2235","1887","2235","1887"
"2025-02-18","-0.22","5987555","5987555","2235","2704","2235","2704"
"2025-02-17","1.82","2562125","2562125","2240","1158","2240","1158"
"2025-02-14","-4.35","3635050","3635050","2200","1605","2200","1605"
"2025-02-13","0","2885385","2885385","2300","1255","2300","1255"
"2025-02-12","4.55","1002900","1002900","2300","442","2300","442"
"2025-02-11","0","32086650","32086650","2200","15550","2200","15550"
"2025-02-10","0","8825425","8825425","2200","4007","2200","4007"
"2025-02-07","0","12250340","12250340","2200","5561","2200","5561"
"2025-02-06","0","13135785","13135785","2200","5970","2200","5970"
"2025-02-05","0.92","4515835","4515835","2200","2070","2200","2070"
"2025-02-04","0","10550840","10550840","2180","4813","2180","4813"
"2025-02-03","0","4825910","4825910","2180","2226","2180","2226"
"2025-01-31","0","6371690","6371690","2180","2954","2180","2954"
"2025-01-30","0","5939090","5939090","2180","2731","2180","2731"
"2025-01-29","0","4726775","4726775","2180","2173","2180","2173"
"2025-01-28","-0.23","9581585","9581585","2180","4498","2180","4498"
"2025-01-27","3.8","4127660","4127660","2185","1889","2185","1889"
"2025-01-24","-3.88","7722015","7722015","2105","3558","2105","3558"
"2025-01-23","0.92","2174135","2174135","2190","999","2190","999"
"2025-01-22","-0.69","4868665","4868665","2170","2233","2170","2233"
"2025-01-21","0.23","5336150","5336150","2185","2443","2185","2443"
"2025-01-20","-0.23","2277345","2277345","2180","1043","2180","1043"
"2025-01-17","0","3142210","3142210","2185","1436","2185","1436"
"2025-01-16","0","2623420","2623420","2185","1216","2185","1216"
"2025-01-15","-0.23","13346505","13346505","2185","6237","2185","6237"
"2025-01-14","0.23","6386490","6386490","2190","2918","2190","2918"
"2025-01-13","0.46","1314055","1314055","2185","603","2185","603"
"2025-01-10","0","1576090","1576090","2175","727","2175","727"
"2025-01-09","-0.23","3581620","3581620","2175","1688","2175","1688"
"2025-01-08","-0.46","4277335","4277335","2180","1998","2180","1998"
"2025-01-07","0","11102645","11102645","2190","5163","2190","5163"
"2025-01-06","0","2844525","2844525","2190","1330","2190","1330"
"2025-01-03","-0.45","2192560","2192560","2190","997","2190","997"
"2025-01-02","0.23","349710","349710","2200","159","2200","159"
"2024-12-31","0.23","782645","782645","2195","357","2195","357"
"2024-12-30","-0.23","1260730","1260730","2190","576","2190","576"
"2024-12-27","0.69","4936295","4936295","2195","2382","2195","2382"
"2024-12-26","0","5212180","5212180","2180","2433","2180","2433"
"2024-12-24","-0.68","1188775","1188775","2180","544","2180","544"
"2024-12-23","-0.68","1753340","1753340","2195","806","2195","806"
"2024-12-20","-1.78","5932285","5932285","2210","2743","2210","2743"
"2024-12-19","2.27","10188510","10188510","2250","4692","2250","4692"
"2024-12-18","1.85","956175","956175","2200","432","2200","432"
"2024-12-17","0.7","4029975","4029975","2160","1877","2160","1877"
"2024-12-16","-1.83","3764800","3764800","2145","1727","2145","1727"
"2024-12-13","0","18221710","18221710","2185","8430","2185","8430"
"2024-12-12","0","2443400","2443400","2185","1124","2185","1124"
"2024-12-11","1.63","5747120","5747120","2185","2668","2185","2668"
"2024-12-10","-3.59","4336385","4336385","2150","1975","2150","1975"
"2024-12-09","3.96","4664350","4664350","2230","2158","2230","2158"
"2024-12-06","1.9","16494250","16494250","2145","7707","2145","7707"
"2024-12-05","-1.64","11337290","11337290","2105","5358","2105","5358"
"2024-12-04","0.47","4385045","4385045","2140","2054","2140","2054"
"2024-12-03","-0.47","5434210","5434210","2130","2544","2130","2544"
"2024-12-02","-0.47","4073210","4073210","2140","1896","2140","1896"
"2024-11-29","0.23","2863565","2863565","2150","1331","2150","1331"
"2024-11-28","-0.23","4284660","4284660","2145","1991","2145","1991"
"2024-11-27","2.38","2000835","2000835","2150","942","2150","942"
"2024-11-26","-4.11","8084900","8084900","2100","3824","2100","3824"
"2024-11-25","1.86","5785750","5785750","2190","2675","2190","2675"
"2024-11-22","1.9","1792520","1792520","2150","834","2150","834"
"2024-11-21","-3.87","2908605","2908605","2110","1342","2110","1342"
"2024-11-20","-0.23","1760825","1760825","2195","808","2195","808"
"2024-11-19","0","14980015","14980015","2200","6812","2200","6812"
"2024-11-18","-2.22","6766450","6766450","2200","3026","2200","3026"
"2024-11-14","0","1068800","1068800","2250","475","2250","475"
"2024-11-13","2.27","1997730","1997730","2250","896","2250","896"
"2024-11-12","2.09","9964270","9964270","2200","4615","2200","4615"
"2024-11-11","-7.31","10651360","10651360","2155","4874","2155","4874"
"2024-11-08","3.1","4775580","4775580","2325","2182","2325","2182"
"2024-11-07","7.38","20680345","20680345","2255","9991","2255","9991"
"2024-11-06","0","7048360","7048360","2100","3383","2100","3383"
"2024-11-05","-3.67","21685210","21685210","2100","10607","2100","10607"
"2024-11-04","-7.43","13508605","13508605","2180","6162","2180","6162"
"2024-10-31","-7.47","8683550","8683550","2355","3662","2355","3662"
"2024-10-30","7.16","11677255","11677255","2545","4846","2545","4846"
"2024-10-29","1.06","51623590","51623590","2375","21996","2375","21996"
"2024-10-28","0.86","18209070","18209070","2350","7766","2350","7766"
"2024-10-25","0","14184405","14184405","2330","6158","2330","6158"
"2024-10-24","0.65","693905200","693905200","2330","301681","2330","301681"
"2024-10-23","0.22","7706065","7706065","2315","3343","2315","3343"
"2024-10-22","-1.28","2262480","2262480","2310","970","2310","970"
"2024-10-21","-0.21","12678495","12678495","2340","5507","2340","5507"
"2024-10-18","0","1499680","1499680","2345","640","2345","640"
"2024-10-17","0","4803250","4803250","2345","2049","2345","2049"
"2024-10-16","-0.64","4612960","4612960","2345","1996","2345","1996"
"2024-10-15","2.39","9716715","9716715","2360","4149","2360","4149"
"2024-10-14","-0.22","130970470","130970470","2305","56089","2305","56089"
"2024-10-11","-1.49","10128680","10128680","2310","4312","2310","4312"
"2024-10-10","-0.64","6541830","6541830","2345","2805","2345","2805"
"2024-10-09","0.85","10702370","10702370","2360","4541","2360","4541"
"2024-10-08","-0.43","1470240","1470240","2340","628","2340","628"
"2024-10-07","2.17","2339300","2339300","2350","1000","2350","1000"
"2024-10-04","-3.16","5279735","5279735","2300","2260","2300","2260"
"2024-10-03","7.22","12962115","12962115","2375","5646","2375","5646"
"2024-10-02","0.68","3177570","3177570","2215","1430","2215","1430"
"2024-10-01","0.23","26703100","26703100","2200","12166","2200","12166"
"2024-09-30","0","14117950","14117950","2195","6423","2195","6423"
"2024-09-27","0","29273425","29273425","2195","13309","2195","13309"
"2024-09-26","0","1903890","1903890","2195","867","2195","867"
"2024-09-25","0","8575830","8575830","2195","3913","2195","3913"
"2024-09-24","0","7062110","7062110","2195","3218","2195","3218"
"2024-09-23","-0.45","3910410","3910410","2195","1781","2195","1781"
"2024-09-20","0","6797740","6797740","2205","3053","2205","3053"
"2024-09-19","1.85","10295390","10295390","2205","4680","2205","4680"
"2024-09-18","1.17","75877215","75877215","2165","35012","2165","35012"
"2024-09-17","-0.47","4317060","4317060","2140","2008","2140","2008"
"2024-09-16","0","469630","469630","2150","218","2150","218"
"2024-09-13","1.18","11729100","11729100","2150","5473","2150","5473"
"2024-09-12","-0.23","1082405","1082405","2125","507","2125","507"
"2024-09-11","0.24","22627480","22627480","2130","10696","2130","10696"
"2024-09-10","0","2433515","2433515","2125","1149","2125","1149"
"2024-09-09","1.19","1993735","1993735","2125","940","2125","940"
"2024-09-06","1.45","7325390","7325390","2100","3518","2100","3518"
"2024-09-05","0","3990050","3990050","2070","1929","2070","1929"
"2024-09-04","0.98","4219300","4219300","2070","2043","2070","2043"
"2024-09-03","0","5543775","5543775","2050","2696","2050","2696"
"2024-09-02","0.99","2806010","2806010","2050","1373","2050","1373"
"2024-08-30","-0.98","6188795","6188795","2030","3047","2030","3047"
"2024-08-29","-0.24","6167730","6167730","2050","3008","2050","3008"
"2024-08-28","-0.72","3627250","3627250","2055","1762","2055","1762"
"2024-08-27","0","3338790","3338790","2070","1615","2070","1615"
"2024-08-26","0","4143350","4143350","2070","2006","2070","2006"
"2024-08-23","1.47","5857230","5857230","2070","2858","2070","2858"
"2024-08-22","2","6873445","6873445","2040","3422","2040","3422"
"2024-08-21","0.25","6797395","6797395","2000","3399","2000","3399"
"2024-08-20","0","32695065","32695065","1995","16440","1995","16440"
"2024-08-19","0","2953940","2953940","1995","1484","1995","1484"
"2024-08-16","0.25","77467985","77467985","1995","38990","1995","38990"
"2024-08-14","-0.25","5899155","5899155","1990","2964","1990","2964"
"2024-08-13","0.25","17017580","17017580","1995","8557","1995","8557"
"2024-08-12","0.25","8310480","8310480","1990","4190","1990","4190"
"2024-08-09","-0.25","3319610","3319610","1985","1672","1985","1672"
"2024-08-08","2.31","14509575","14509575","1990","7437","1990","7437"
"2024-08-06","0","3960625","3960625","1945","2039","1945","2039"
"2024-08-05","1.83","5444050","5444050","1945","2797","1945","2797"
"2024-08-02","0.53","10416660","10416660","1910","5468","1910","5468"
"2024-08-01","0","6021490","6021490","1900","3163","1900","3163"
"2024-07-31","-1.55","24806375","24806375","1900","13046","1900","13046"
"2024-07-30","0.52","12881130","12881130","1930","6712","1930","6712"
"2024-07-29","-2.78","5754715","5754715","1920","2987","1920","2987"
"2024-07-26","-4.82","4182475","4182475","1975","2110","1975","2110"
"2024-07-25","1.47","3905865","3905865","2075","1893","2075","1893"
"2024-07-24","1.24","11496555","11496555","2045","5697","2045","5697"
"2024-07-23","0.5","9917130","9917130","2020","4921","2020","4921"
"2024-07-22","0.5","11505450","11505450","2010","5787","2010","5787"
"2024-07-19","0.5","36522570","36522570","2000","18706","2000","18706"
"2024-07-18","-1","4088860","4088860","1990","2050","1990","2050"
"2024-07-17","0","32676460","32676460","2010","16325","2010","16325"
"2024-07-16","-0.5","69767815","69767815","2010","36324","2010","36324"
"2024-07-15","1.25","15045560","15045560","2020","7525","2020","7525"
"2024-07-12","-0.25","17634065","17634065","1995","8923","1995","8923"
"2024-07-11","1.01","7796770","7796770","2000","3906","2000","3906"
"2024-07-10","-1","67840650","67840650","1980","34401","1980","34401"
"2024-07-09","0.25","5057475","5057475","2000","2537","2000","2537"
"2024-07-08","-0.25","12558470","12558470","1995","6239","1995","6239"
"2024-07-05","1.52","4525375","4525375","2000","2270","2000","2270"
"2024-07-04","-1.5","10540200","10540200","1970","5345","1970","5345"
"2024-07-03","0","4307910","4307910","2000","2166","2000","2166"
"2024-07-02","0.25","2780780","2780780","2000","1394","2000","1394"
"2024-07-01","1.27","20262190","20262190","1995","10276","1995","10276"
"2024-06-28","-1.25","55171310","55171310","1970","27981","1970","27981"
"2024-06-27","-1.72","12366045","12366045","1995","6195","1995","6195"
"2024-06-26","-1.22","4465005","4465005","2030","2210","2030","2210"
"2024-06-25","2.75","15160520","15160520","2055","7528","2055","7528"
"2024-06-24","1.27","5708900","5708900","2000","2864","2000","2864"
"2024-06-21","1.28","21957600","21957600","1975","11333","1975","11333"
"2024-06-20","-1.52","13768790","13768790","1950","7092","1950","7092"
"2024-06-19","4.21","10225015","10225015","1980","5207","1980","5207"
"2024-06-18","-0.52","4943345","4943345","1900","2597","1900","2597"
"2024-06-14","-0.26","5253970","5253970","1910","2761","1910","2761"
"2024-06-13","0","2391845","2391845","1915","1250","1915","1250"
"2024-06-12","0.79","8927980","8927980","1915","4701","1915","4701"
"2024-06-11","0.26","3541035","3541035","1900","1864","1900","1864"
"2024-06-10","0","8756160","8756160","1895","4660","1895","4660"
"2024-06-07","0","2447560","2447560","1895","1294","1895","1294"
"2024-06-06","0","12357000","12357000","1895","6552","1895","6552"
"2024-06-05","0.53","10417575","10417575","1895","5523","1895","5523"
"2024-06-04","0","5659370","5659370","1885","3007","1885","3007"
"2024-06-03","0.27","5051990","5051990","1885","2693","1885","2693"
"2024-05-31","0","25172870","25172870","1880","13538","1880","13538"
"2024-05-30","0","6445890","6445890","1880","3453","1880","3453"
"2024-05-29","-0.27","8882320","8882320","1880","4720","1880","4720"
"2024-05-28","1.89","8555530","8555530","1885","4549","1885","4549"
"2024-05-27","-1.86","37570440","37570440","1850","20277","1850","20277"
"2024-05-24","-0.53","5303365","5303365","1885","2809","1885","2809"
"2024-05-23","4.99","9457810","9457810","1895","5156","1895","5156"
"2024-05-22","1.4","11670170","11670170","1805","6509","1805","6509"
"2024-05-21","0.28","17056540","17056540","1780","9526","1780","9526"
"2024-05-17","2.01","7549290","7549290","1775","4277","1775","4277"
"2024-05-16","0","5201350","5201350","1740","2986","1740","2986"
"2024-05-15","2.96","12617000","12617000","1740","7411","1740","7411"
"2024-05-14","-0.59","39496030","39496030","1690","23236","1690","23236"
"2024-05-13","-4.49","22065910","22065910","1700","12896","1700","12896"
"2024-05-10","-0.56","55668905","55668905","1780","32491","1780","32491"
"2024-05-08","0.56","36816580","36816580","1790","21109","1790","21109"
"2024-05-07","2.3","7428700","7428700","1780","4232","1780","4232"
"2024-05-06","2.96","7130090","7130090","1740","4108","1740","4108"
"2024-05-03","3.68","67825030","67825030","1690","41262","1690","41262"
"2024-05-02","7.24","59624440","59624440","1630","36932","1630","36932"
"2024-04-30","-0.65","18570720","18570720","1520","12198","1520","12198"
"2024-04-29","-1.92","6833060","6833060","1530","4453","1530","4453"
"2024-04-26","1.96","9902275","9902275","1560","6488","1560","6488"
"2024-04-25","0","9448510","9448510","1530","6172","1530","6172"
"2024-04-24","-3.47","11120265","11120265","1530","7116","1530","7116"
"2024-04-23","2.92","7492290","7492290","1585","4847","1585","4847"
"2024-04-22","-3.14","82930095","82930095","1540","53628","1540","53628"
"2024-04-19","0.32","10992860","10992860","1590","7032","1590","7032"
"2024-04-18","3.26","7088365","7088365","1585","4613","1585","4613"
"2024-04-17","-0.32","4381440","4381440","1535","2847","1535","2847"
"2024-04-16","-0.32","2698830","2698830","1540","1744","1540","1744"
"2024-04-15","-0.64","5282485","5282485","1545","3408","1545","3408"
"2024-04-12","0","14442095","14442095","1555","9274","1555","9274"
"2024-04-11","-0.32","32626525","32626525","1555","20926","1555","20926"
"2024-04-09","-0.95","7581155","7581155","1560","4828","1560","4828"
"2024-04-08","-0.32","8130870","8130870","1575","5151","1575","5151"
"2024-04-05","-1.25","18193035","18193035","1580","11434","1580","11434"
"2024-04-04","-3.03","7124095","7124095","1600","4450","1600","4450"
"2024-04-03","0","4423425","4423425","1650","2710","1650","2710"
"2024-04-02","-1.2","1729635","1729635","1650","1055","1650","1055"
"2024-03-29","-0.3","379845","379845","1670","227","1670","227"
"2024-03-28","1.52","5805030","5805030","1675","3618","1675","3618"
"2024-03-27","-1.79","37742555","37742555","1650","23442","1650","23442"
"2024-03-26","-0.59","6087670","6087670","1680","3801","1680","3801"
"2024-03-25","5.63","4494770","4494770","1690","2698","1690","2698"
"2024-03-22","0","10264210","10264210","1600","6381","1600","6381"
"2024-03-21","0","7744830","7744830","1600","4785","1600","4785"
"2024-03-20","-3.03","67345320","67345320","1600","42010","1600","42010"
"2024-03-19","-2.65","7415100","7415100","1650","4494","1650","4494"
"2024-03-18","2.73","2279100","2279100","1695","1381","1695","1381"
"2024-03-15","-2.65","6195955","6195955","1650","3749","1650","3749"
"2024-03-14","3.35","237300","237300","1695","140","1695","140"
"2024-03-13","-0.3","23383610","23383610","1640","14214","1640","14214"
"2024-03-12","-6.53","27386255","27386255","1645","16681","1645","16681"
"2024-03-11","-1.12","3980180","3980180","1760","461","1760","461"
"2024-03-08","0","27435455","27435455","1780","15587","1780","15587"
"2024-03-07","3.19","2344445","2344445","1780","1358","1780","1358"
"2024-03-06","0.58","663590","663590","1725","386","1725","386"
"2024-03-05","0","4010140","4010140","1715","2350","1715","2350"
"2024-03-04","0","2446405","2446405","1715","1375","1715","1375"
"2024-03-01","-3.38","2891095","2891095","1715","1686","1715","1686"
"2024-02-29","-0.28","2355130","2355130","1775","1333","1775","1333"
"2024-02-28","-0.56","1138485","1138485","1780","638","1780","638"
"2024-02-27","1.42","502610","502610","1790","282","1790","282"
"2024-02-26","0","3204990","3204990","1765","1816","1765","1816"
"2024-02-23","-1.67","4403525","4403525","1765","2455","1765","2455"
"2024-02-22","-0.28","4111975","4111975","1795","2292","1795","2292"
"2024-02-21","5.88","6615380","6615380","1800","3840","1800","3840"
"2024-02-20","0","863475","863475","1700","512","1700","512"
"2024-02-19","6.25","3054785","3054785","1700","1801","1700","1801"
"2024-02-16","0","6699000","6699000","1600","4187","1600","4187"
"2024-02-15","-3.03","4013750","4013750","1600","2566","1600","2566"
"2024-02-14","-2.65","7190555","7190555","1650","4366","1650","4366"
"2024-02-13","0.3","3009545","3009545","1695","1862","1695","1862"
"2024-02-09","2.42","2778175","2778175","1690","1668","1690","1668"
"2024-02-08","1.54","3608830","3608830","1650","2238","1650","2238"
"2024-02-07","-1.52","6199675","6199675","1625","3809","1625","3809"
"2024-02-06","1.54","3279100","3279100","1650","1988","1650","1988"
"2024-02-05","-2.99","7964225","7964225","1625","4821","1625","4821"
"2024-02-02","0","5319800","5319800","1675","3176","1675","3176"
"2024-02-01","-0.3","7740795","7740795","1675","4612","1675","4612"
"2024-01-31","-0.59","3247065","3247065","1680","1933","1680","1933"
"2024-01-30","0.6","1371540","1371540","1690","812","1690","812"
"2024-01-29","-0.59","1954575","1954575","1680","1164","1680","1164"
"2024-01-26","-0.29","2645540","2645540","1690","1564","1690","1564"
"2024-01-25","0","10616830","10616830","1695","6258","1695","6258"
"2024-01-24","0","5376085","5376085","1695","3176","1695","3176"
"2024-01-23","0","2322000","2322000","1695","1370","1695","1370"
"2024-01-22","0","1122405","1122405","1695","664","1695","664"
"2024-01-19","1.19","4543310","4543310","1695","2694","1695","2694"
"2024-01-18","-0.89","774040","774040","1675","460","1675","460"
"2024-01-17","-0.29","4788260","4788260","1690","2891","1690","2891"
"2024-01-16","0.3","1230275","1230275","1695","726","1695","726"
"2024-01-15","-0.29","1800475","1800475","1690","1071","1690","1071"
"2024-01-12","0","5494910","5494910","1695","3245","1695","3245"
"2024-01-11","-0.29","10300005","10300005","1695","6242","1695","6242"
"2024-01-10","0","6193895","6193895","1700","3649","1700","3649"
"2024-01-09","0","4442950","4442950","1700","2614","1700","2614"
"2024-01-08","0.29","6387200","6387200","1700","3758","1700","3758"
"2024-01-05","0","1780085","1780085","1695","1053","1695","1053"
"2024-01-04","0.89","4204305","4204305","1695","2524","1695","2524"
"2024-01-03","-1.18","72819265","72819265","1680","43688","1680","43688"
"2024-01-02","0","21414900","21414900","1700","12597","1700","12597"
"2023-12-29","-5.03","16142870","16142870","1700","9514","1700","9514"
"2023-12-28","-0.56","2365455","2365455","1790","1317","1790","1317"
"2023-12-27","0.56","3336285","3336285","1800","1869","1800","1869"
"2023-12-26","-0.56","3151585","3151585","1790","1725","1790","1725"
"2023-12-22","0","1637025","1637025","1800","910","1800","910"
"2023-12-21","0","8451000","8451000","1800","4696","1800","4696"
"2023-12-20","0.28","8476975","8476975","1800","4715","1800","4715"
"2023-12-19","-0.28","3993855","3993855","1795","2240","1795","2240"
"2023-12-18","-4.76","5801555","5801555","1800","3146","1800","3146"
"2023-12-15","-0.53","14331845","14331845","1890","7770","1890","7770"
"2023-12-14","0","1297140","1297140","1900","683","1900","683"
"2023-12-13","0","3952000","3952000","1900","2080","1900","2080"
"2023-12-12","0","1473405","1473405","1900","775","1900","775"
"2023-12-11","0","2690550","2690550","1900","1412","1900","1412"
"2023-12-08","2.98","6339705","6339705","1900","3393","1900","3393"
"2023-12-07","0","5272775","5272775","1845","2841","1845","2841"
"2023-12-06","1.93","3165170","3165170","1845","1716","1845","1716"
"2023-12-05","-2.16","3819285","3819285","1810","2088","1810","2088"
"2023-12-04","-2.63","15545355","15545355","1850","8219","1850","8219"
"2023-12-01","0","999400","999400","1900","526","1900","526"
"2023-11-30","0","573800","573800","1900","302","1900","302"
"2023-11-29","0","2613600","2613600","1900","1376","1900","1376"
"2023-11-28","-5","5666370","5666370","1900","2982","1900","2982"
"2023-11-27","0.76","7452995","7452995","2000","3749","2000","3749"
"2023-11-24","0","1278570","1278570","1985","667","1985","667"
"2023-11-23","-0.25","5164375","5164375","1985","2771","1985","2771"
"2023-11-22","-0.5","105905175","105905175","1990","54116","1990","54116"
"2023-11-21","0.5","891560","891560","2000","453","2000","453"
"2023-11-20","-0.5","510590","510590","1990","261","1990","261"
"2023-11-17","5.26","743825","743825","2000","376","2000","376"
"2023-11-16","-5","1999230","1999230","1900","1030","1900","1030"
"2023-11-14","0.25","1221520","1221520","2000","636","2000","636"
"2023-11-13","0","7322135","7322135","1995","3760","1995","3760"
"2023-11-10","-0.25","2078580","2078580","1995","1042","1995","1042"
"2023-11-09","0.5","3742845","3742845","2000","1880","2000","1880"
"2023-11-08","0","956300","956300","1990","480","1990","480"
"2023-11-07","0.25","4998015","4998015","1990","2584","1990","2584"
"2023-11-06","-0.5","17666715","17666715","1985","9142","1985","9142"
"2023-11-03","2.05","1706745","1706745","1995","875","1995","875"
"2023-11-02","-2.25","2204115","2204115","1955","1125","1955","1125"
"2023-10-31","0.25","4497790","4497790","2000","2250","2000","2250"
"2023-10-30","-2.44","5304545","5304545","1995","2649","1995","2649"
"2023-10-27","0","712655","712655","2045","349","2045","349"
"2023-10-26","1.74","399560","399560","2045","196","2045","196"
"2023-10-25","-1.95","746750","746750","2010","366","2010","366"
"2023-10-24","0","2273550","2273550","2050","1131","2050","1131"
"2023-10-23","0.49","1423160","1423160","2050","697","2050","697"
"2023-10-20","0","14660025","14660025","2040","7152","2040","7152"
"2023-10-19","-1.92","365220","365220","2040","177","2040","177"
"2023-10-18","-1.65","792240","792240","2080","379","2080","379"
"2023-10-17","1.68","999510","999510","2115","479","2115","479"
"2023-10-16","0","2292375","2292375","2080","1106","2080","1106"
"2023-10-13","0","465320","465320","2080","224","2080","224"
"2023-10-12","-0.95","857865","857865","2080","410","2080","410"
"2023-10-11","-0.71","25579130","25579130","2100","12186","2100","12186"
"2023-10-10","-0.24","21153350","21153350","2115","10001","2115","10001"
"2023-10-09","-0.47","344095","344095","2120","164","2120","164"
"2023-10-06","1.67","4005540","4005540","2130","1918","2130","1918"
"2023-10-05","0","1935470","1935470","2095","920","2095","920"
"2023-10-04","-0.24","1215830","1215830","2095","593","2095","593"
"2023-10-03","1.69","327250","327250","2100","158","2100","158"
"2023-10-02","3.25","210430","210430","2065","102","2065","102"
"2023-09-29","-2.91","1124725","1124725","2000","560","2000","560"
"2023-09-28","3","4265615","4265615","2060","2083","2060","2083"
"2023-09-26","0","2022535","2022535","2000","1011","2000","1011"
"2023-09-25","1.01","1459550","1459550","2000","730","2000","730"
"2023-09-22","0","1721435","1721435","1980","872","1980","872"
"2023-09-21","-1","4019510","4019510","1980","2033","1980","2033"
"2023-09-20","-2.91","12439890","12439890","2000","6203","2000","6203"
"2023-09-19","0","2714980","2714980","2060","1318","2060","1318"
"2023-09-18","0","2968930","2968930","2060","1443","2060","1443"
"2023-09-15","0","1687880","1687880","2060","823","2060","823"
"2023-09-14","-0.24","2214240","2214240","2060","1075","2060","1075"
"2023-09-13","0.24","5200085","5200085","2065","2597","2065","2597"
"2023-09-12","0.24","7427430","7427430","2060","3690","2060","3690"
"2023-09-11","-0.48","181230","181230","2055","88","2055","88"
"2023-09-08","0.24","2235310","2235310","2065","1115","2065","1115"
"2023-09-07","-0.24","2655010","2655010","2060","1326","2060","1326"
"2023-09-06","3.25","2016535","2016535","2065","1006","2065","1006"
"2023-09-05","0","3101420","3101420","2000","1572","2000","1572"
"2023-09-04","0","1361250","1361250","2000","681","2000","681"
"2023-09-01","5.26","19799695","19799695","2000","10514","2000","10514"
"2023-08-31","-4.52","20551000","20551000","1900","10728","1900","10728"
"2023-08-30","0","11620225","11620225","1990","6087","1990","6087"
"2023-08-29","0","5592300","5592300","1990","2840","1990","2840"
"2023-08-28","-4.78","31136655","31136655","1990","15606","1990","15606"
"2023-08-25","-0.24","1192410","1192410","2090","568","2090","568"
"2023-08-24","-0.24","8686130","8686130","2095","4184","2095","4184"
"2023-08-23","0.72","32154515","32154515","2100","14654","2100","14654"
"2023-08-22","-0.48","2132935","2132935","2085","1020","2085","1020"
"2023-08-21","0.24","3998125","3998125","2095","1905","2095","1905"
"2023-08-18","4.5","5427925","5427925","2090","2701","2090","2701"
"2023-08-17","-4.76","48148070","48148070","2000","24010","2000","24010"
"2023-08-16","0","4140735","4140735","2100","2027","2100","2027"
"2023-08-14","2.44","1048240","1048240","2100","509","2100","509"
"2023-08-11","-2.38","1459700","1459700","2050","707","2050","707"
"2023-08-10","0","202085590","202085590","2100","101032","2100","101032"
"2023-08-09","5","3245925","3245925","2100","1596","2100","1596"
"2023-08-08","-6.54","16069630","16069630","2000","8023","2000","8023"
"2023-08-04","-1.83","3453885","3453885","2140","1662","2140","1662"
"2023-08-03","-0.68","1418890","1418890","2180","690","2180","690"
"2023-08-02","-0.23","788640","788640","2195","360","2195","360"
"2023-08-01","0","4457375","4457375","2200","2038","2200","2038"
"2023-07-31","-0.45","757240","757240","2200","344","2200","344"
"2023-07-28","-0.67","1505795","1505795","2210","679","2210","679"
"2023-07-27","-0.89","1478370","1478370","2225","663","2225","663"
"2023-07-26","0.22","4819715","4819715","2245","2166","2245","2166"
"2023-07-25","2.28","10243410","10243410","2240","4678","2240","4678"
"2023-07-24","-0.45","4943495","4943495","2190","2249","2190","2249"
"2023-07-21","0.23","31697885","31697885","2200","15158","2200","15158"
"2023-07-20","-0.23","3413310","3413310","2195","1545","2195","1545"
"2023-07-19","0","9493520","9493520","2200","4311","2200","4311"
"2023-07-18","-2.65","11999645","11999645","2200","5422","2200","5422"
"2023-07-17","1.35","2367880","2367880","2260","1052","2260","1052"
"2023-07-14","0","3338040","3338040","2230","1498","2230","1498"
"2023-07-13","1.59","5829190","5829190","2230","2647","2230","2647"
"2023-07-12","-0.23","6892160","6892160","2195","3338","2195","3338"
"2023-07-11","0","7727950","7727950","2200","3514","2200","3514"
"2023-07-10","0","1380550","1380550","2200","629","2200","629"
"2023-07-07","2.33","7635930","7635930","2200","3633","2200","3633"
"2023-07-06","2.38","4734500","4734500","2150","2252","2150","2252"
"2023-07-05","0","14405950","14405950","2100","7106","2100","7106"
"2023-07-04","0","1625400","1625400","2100","774","2100","774"
"2023-07-03","0","9014750","9014750","2100","4485","2100","4485"
"2023-06-30","0","228900","228900","2100","109","2100","109"
"2023-06-29","0","672780","672780","2100","321","2100","321"
"2023-06-27","2.69","12693140","12693140","2100","6090","2100","6090"
"2023-06-26","2.25","1846780","1846780","2045","924","2045","924"
"2023-06-23","-3.85","3137760","3137760","2000","1563","2000","1563"
"2023-06-22","0","3850240","3850240","2080","1853","2080","1853"
"2023-06-21","0","1682950","1682950","2080","810","2080","810"
"2023-06-20","0","1003570","1003570","2080","489","2080","489"
"2023-06-19","0","1874330","1874330","2080","927","2080","927"
"2023-06-16","0","205920","205920","2080","99","2080","99"
"2023-06-15","-0.95","3884910","3884910","2080","1863","2080","1863"
"2023-06-14","0.96","4244050","4244050","2100","2040","2100","2040"
"2023-06-13","-0.95","6654050","6654050","2080","3390","2080","3390"
"2023-06-12","0","1361980","1361980","2100","651","2100","651"
"2023-06-09","2.44","1067580","1067580","2100","513","2100","513"
"2023-06-08","-2.38","1047250","1047250","2050","510","2050","510"
"2023-06-07","2.94","1309150","1309150","2100","624","2100","624"
"2023-06-06","-0.49","1865305","1865305","2040","912","2040","912"
"2023-06-05","0.24","1217895","1217895","2050","596","2050","596"
"2023-06-02","0","546520","546520","2045","268","2045","268"
"2023-06-01","-0.24","530010","530010","2045","261","2045","261"
"2023-05-31","0.24","153750","153750","2050","75","2050","75"
"2023-05-30","0","1065700","1065700","2045","530","2045","530"
"2023-05-26","1.24","485380","485380","2045","239","2045","239"
"2023-05-25","0.25","1117675","1117675","2020","555","2020","555"
"2023-05-24","0.5","334530","334530","2015","167","2015","167"
"2023-05-23","-4.07","1479380","1479380","2005","733","2005","733"
"2023-05-22","-0.24","8715150","8715150","2090","4245","2090","4245"
"2023-05-19","-0.24","786640","786640","2095","375","2095","375"
"2023-05-17","-0.47","783650","783650","2100","372","2100","372"
"2023-05-16","0.48","2575330","2575330","2110","1224","2110","1224"
"2023-05-15","0","390600","390600","2100","186","2100","186"
"2023-05-12","2.44","1271620","1271620","2100","647","2100","647"
"2023-05-11","0","1079100","1079100","2050","527","2050","527"
"2023-05-10","-2.38","1243385","1243385","2050","608","2050","608"
"2023-05-09","0","1085700","1085700","2100","517","2100","517"
"2023-05-08","2.94","3594925","3594925","2100","1741","2100","1741"
"2023-05-05","0","3549950","3549950","2040","1774","2040","1774"
"2023-05-04","4.88","3997890","3997890","2040","2097","2040","2097"
"2023-05-03","-4.66","991905","991905","1945","497","1945","497"
"2023-05-02","-0.49","1567150","1567150","2040","779","2040","779"
"2023-04-28","0","862465","862465","2050","428","2050","428"
"2023-04-27","-2.38","2252220","2252220","2050","1105","2050","1105"
"2023-04-26","0","2327040","2327040","2100","1108","2100","1108"
"2023-04-25","0","3185800","3185800","2100","1519","2100","1519"
"2023-04-24","0","946715","946715","2100","451","2100","451"
"2023-04-20","0","1037110","1037110","2100","494","2100","494"
"2023-04-19","0.24","1555800","1555800","2100","743","2100","743"
"2023-04-17","0.24","842190","842190","2095","402","2095","402"
"2023-04-14","0","478610","478610","2090","229","2090","229"
"2023-04-13","0","472340","472340","2090","226","2090","226"
"2023-04-12","0","3113020","3113020","2090","1483","2090","1483"
"2023-04-11","1.95","96380","96380","2090","46","2090","46"
"2023-04-07","-2.38","1232750","1232750","2050","605","2050","605"
"2023-04-06","-0.47","691180","691180","2100","329","2100","329"
"2023-04-05","-0.47","928970","928970","2110","441","2110","441"
"2023-04-04","0.95","1565990","1565990","2120","762","2120","762"
"2023-04-03","-0.94","616035","616035","2100","292","2100","292"
"2023-03-31","1.44","12749000","12749000","2120","6070","2120","6070"
"2023-03-30","-0.48","4180505","4180505","2090","2088","2090","2088"
"2023-03-29","0","1230600","1230600","2100","586","2100","586"
"2023-03-28","-1.18","1305725","1305725","2100","633","2100","633"
"2023-03-27","0","1303900","1303900","2125","625","2125","625"
"2023-03-24","-0.47","877450","877450","2125","419","2125","419"
"2023-03-23","0","11181235","11181235","2135","5311","2135","5311"
"2023-03-22","-0.23","104315","104315","2135","50","2135","50"
"2023-03-21","0","2392880","2392880","2140","1130","2140","1130"
"2023-03-20","0","1886865","1886865","2140","891","2140","891"
"2023-03-17","-0.23","824555","824555","2140","386","2140","386"
"2023-03-16","2.14","4407375","4407375","2145","2095","2145","2095"
"2023-03-15","-6.87","12860150","12860150","2100","5986","2100","5986"
"2023-03-14","-2.38","1410130","1410130","2255","610","2255","610"
"2023-03-13","-1.07","1358275","1358275","2310","597","2310","597"
"2023-03-10","3.78","3933985","3933985","2335","1767","2335","1767"
"2023-03-09","7.14","48181700","48181700","2250","22755","2250","22755"
"2023-03-08","2.44","8312070","8312070","2100","4011","2100","4011"
"2023-03-07","5.13","159150","159150","2050","79","2050","79"
"2023-03-06","0","20122010","20122010","1950","10211","1950","10211"
"2023-03-03","-2.5","1935185","1935185","1950","977","1950","977"
"2023-03-02","0.5","10387620","10387620","2000","5202","2000","5202"
"2023-03-01","0.25","206960","206960","1990","104","1990","104"
"2023-02-28","0","15114325","15114325","1985","7556","1985","7556"
"2023-02-27","0.25","1618665","1618665","1985","812","1985","812"
"2023-02-24","-0.5","3885490","3885490","1980","1955","1980","1955"
"2023-02-23","2.05","341270","341270","1990","173","1990","173"
"2023-02-22","-1.76","4690885","4690885","1950","2365","1950","2365"
"2023-02-21","-0.25","4526710","4526710","1985","2278","1985","2278"
"2023-02-20","-0.5","4398520","4398520","1990","2207","1990","2207"
"2023-02-17","0","1108525","1108525","2000","557","2000","557"
"2023-02-16","0","11300000","11300000","2000","5650","2000","5650"
"2023-02-15","0","761600","761600","2000","384","2000","384"
"2023-02-14","0","13574170","13574170","2000","6977","2000","6977"
"2023-02-13","1.01","4561370","4561370","2000","2299","2000","2299"
"2023-02-10","-1","8341600","8341600","1980","4210","1980","4210"
"2023-02-09","1.01","7150700","7150700","2000","3678","2000","3678"
"2023-02-08","0","2767060","2767060","1980","1410","1980","1410"
"2023-02-07","4.21","2967100","2967100","1980","1561","1980","1561"
"2023-02-06","-5.71","9400600","9400600","1900","4902","1900","4902"
"2023-02-03","0","267980","267980","2015","133","2015","133"
"2023-02-02","1.77","1634350","1634350","2015","815","2015","815"
"2023-02-01","0","1449470","1449470","1980","727","1980","727"
"2023-01-31","0","784080","784080","1980","396","1980","396"
"2023-01-30","0","5629065","5629065","1980","2843","1980","2843"
"2023-01-27","0","21555440","21555440","1980","10887","1980","10887"
"2023-01-26","0.25","17535980","17535980","1980","8863","1980","8863"
"2023-01-25","-0.25","11957305","11957305","1975","6075","1975","6075"
"2023-01-24","-0.25","142870","142870","1980","72","1980","72"
"2023-01-23","0","1752195","1752195","1985","887","1985","887"
"2023-01-20","0.25","18396395","18396395","1985","9299","1985","9299"
"2023-01-19","0","5464240","5464240","1980","2763","1980","2763"
"2023-01-18","0.51","1288795","1288795","1980","659","1980","659"
"2023-01-17","-0.51","541000","541000","1970","272","1970","272"
"2023-01-16","0","1089300","1089300","1980","549","1980","549"
"2023-01-13","-1","2112000","2112000","1980","1059","1980","1059"
"2023-01-12","-1.48","1786215","1786215","2000","885","2000","885"
"2023-01-11","6.84","2580870","2580870","2030","1336","2030","1336"
"2023-01-10","0","2922200","2922200","1900","1538","1900","1538"
"2023-01-09","-4.28","1141900","1141900","1900","601","1900","601"
"2023-01-06","0","2772745","2772745","1985","1407","1985","1407"
"2023-01-05","1.79","1009055","1009055","1985","517","1985","517"
"2023-01-04","4.84","286850","286850","1950","148","1950","148"
"2023-01-03","-6.53","2977350","2977350","1860","1528","1860","1528"
"2023-01-02","0","669895","669895","1990","338","1990","338"
"2022-12-30","-0.25","1138580","1138580","1990","580","1990","580"
"2022-12-29","0.76","4492650","4492650","1995","2287","1995","2287"
"2022-12-28","-0.75","24693140","24693140","1980","12381","1980","12381"
"2022-12-27","-0.25","1083280","1083280","1995","548","1995","548"
"2022-12-23","0","1460000","1460000","2000","730","2000","730"
"2022-12-22","0","718750","718750","2000","360","2000","360"
"2022-12-21","0","432500","432500","2000","220","2000","220"
"2022-12-20","3.09","152011775","152011775","2000","79985","2000","79985"
"2022-12-19","0.26","3584830","3584830","1940","1851","1940","1851"
"2022-12-16","0.26","566970","566970","1935","294","1935","294"
"2022-12-15","-0.52","434870","434870","1930","225","1930","225"
"2022-12-14","0.26","1255775","1255775","1940","660","1940","660"
"2022-12-13","-0.26","1439405","1439405","1935","742","1935","742"
"2022-12-12","0","4313220","4313220","1940","2266","1940","2266"
"2022-12-09","0","1494380","1494380","1940","771","1940","771"
"2022-12-08","4.86","824500","824500","1940","425","1940","425"
"2022-12-07","2.78","3412000","3412000","1850","1885","1850","1885"
"2022-12-06","0","5121000","5121000","1800","2845","1800","2845"
"2022-12-05","4.96","1558650","1558650","1800","881","1800","881"
"2022-12-02","-7.3","2061500","2061500","1715","1100","1715","1100"
"2022-12-01","-7.5","1298240","1298240","1850","683","1850","683"
"2022-11-30","-2.44","1914775","1914775","2000","954","2000","954"
"2022-11-29","2.5","1423900","1423900","2050","698","2050","698"
"2022-11-28","-4.76","1457300","1457300","2000","720","2000","720"
"2022-11-25","0","3324550","3324550","2100","1570","2100","1570"
"2022-11-24","2.44","2386900","2386900","2100","1139","2100","1139"
"2022-11-23","-4.21","4539530","4539530","2050","2195","2050","2195"
"2022-11-22","0","66340","66340","2140","31","2140","31"
"2022-11-21","0","2624990","2624990","2140","1249","2140","1249"
"2022-11-18","1.9","4936640","4936640","2140","2351","2140","2351"
"2022-11-17","1.94","100980","100980","2100","49","2100","49"
"2022-11-16","-1.9","1383470","1383470","2060","663","2060","663"
"2022-11-14","-1.87","262500","262500","2100","125","2100","125"
"2022-11-11","0","2140440","2140440","2140","1011","2140","1011"
"2022-11-10","0","3468420","3468420","2140","1711","2140","1711"
"2022-11-09","-1.83","9358680","9358680","2140","4355","2140","4355"
"2022-11-08","1.4","712385","712385","2180","327","2180","327"
"2022-11-07","-2.05","7978410","7978410","2150","3703","2150","3703"
"2022-11-04","-0.23","1233945","1233945","2195","562","2195","562"
"2022-11-03","0.23","770000","770000","2200","350","2200","350"
"2022-11-02","2.09","628100","628100","2195","290","2195","290"
"2022-10-31","0.23","7789450","7789450","2150","3623","2150","3623"
"2022-10-28","0","875200","875200","2145","408","2145","408"
"2022-10-27","0","248820","248820","2145","116","2145","116"
"2022-10-26","0","393200","393200","2145","183","2145","183"
"2022-10-25","2.14","206200","206200","2145","96","2145","96"
"2022-10-24","-2.1","2200365","2200365","2100","1035","2100","1035"
"2022-10-21","0","3021370","3021370","2145","1437","2145","1437"
"2022-10-20","0","353355","353355","2145","167","2145","167"
"2022-10-19","0","708325","708325","2145","333","2145","333"
"2022-10-18","4.13","1594950","1594950","2145","791","2145","791"
"2022-10-17","-1.9","187400","187400","2060","91","2060","91"
"2022-10-14","5","370695","370695","2100","183","2100","183"
"2022-10-13","-1.23","2133275","2133275","2000","1019","2000","1019"
"2022-10-12","0.75","48213635","48213635","2025","22688","2025","22688"
"2022-10-11","-6.29","32665145","32665145","2010","16292","2010","16292"
"2022-10-10","-2.5","637400","637400","2145","291","2145","291"
"2022-10-07","4.76","16396045","16396045","2200","7814","2200","7814"
"2022-10-06","5","392010","392010","2100","191","2100","191"
"2022-10-05","-0.5","13893200","13893200","2000","6931","2000","6931"
"2022-10-04","-1.71","4498405","4498405","2010","2226","2010","2226"
"2022-10-03","-7.05","3499395","3499395","2045","1706","2045","1706"
"2022-09-30","-1.79","2835480","2835480","2200","1270","2200","1270"
"2022-09-29","-0.22","3920900","3920900","2240","1791","2240","1791"
"2022-09-28","0","1153900","1153900","2245","520","2245","520"
"2022-09-27","0","220010","220010","2245","98","2245","98"
"2022-09-26","0","2963635","2963635","2245","1357","2245","1357"
"2022-09-23","0","2570325","2570325","2245","1165","2245","1165"
"2022-09-22","0","5212865","5212865","2245","2372","2245","2372"
"2022-09-21","-0.22","548740","548740","2245","244","2245","244"
"2022-09-20","0.22","431650","431650","2250","193","2250","193"
"2022-09-19","0","613670","613670","2245","273","2245","273"
"2022-09-16","-0.22","1082365","1082365","2245","482","2245","482"
"2022-09-15","2.27","27471735","27471735","2250","12734","2250","12734"
"2022-09-14","0","7821305","7821305","2200","3567","2200","3567"
"2022-09-13","1.15","1248400","1248400","2200","568","2200","568"
"2022-09-12","1.87","572955","572955","2175","269","2175","269"
"2022-09-09","-2.95","716310","716310","2135","334","2135","334"
"2022-09-08","2.8","313345","313345","2200","146","2200","146"
"2022-09-07","-4.25","1047130","1047130","2140","488","2140","488"
"2022-09-06","3.95","6158010","6158010","2235","2862","2235","2862"
"2022-09-05","0.47","915290","915290","2150","424","2150","424"
"2022-09-02","-0.47","1763000","1763000","2140","821","2140","821"
"2022-09-01","-4.23","1312465","1312465","2150","593","2150","593"
"2022-08-31","0","2867485","2867485","2245","1307","2245","1307"
"2022-08-30","2.05","11649405","11649405","2245","5295","2245","5295"
"2022-08-29","3.04","29007635","29007635","2200","13537","2200","13537"
"2022-08-26","6.75","5987875","5987875","2135","2978","2135","2978"
"2022-08-25","-6.76","4189450","4189450","2000","2085","2000","2085"
"2022-08-24","0","2433035","2433035","2145","1202","2145","1202"
"2022-08-23","-2.28","3054700","3054700","2145","1496","2145","1496"
"2022-08-22","2.09","4719565","4719565","2195","2228","2195","2228"
"2022-08-19","-1.83","4011980","4011980","2150","1955","2150","1955"
"2022-08-18","0","409635","409635","2190","194","2190","194"
"2022-08-17","-0.23","467655","467655","2190","224","2190","224"
"2022-08-16","-0.23","3131800","3131800","2195","1491","2195","1491"
"2022-08-12","0","7264090","7264090","2200","3359","2200","3359"
"2022-08-11","0","821900","821900","2200","377","2200","377"
"2022-08-10","0","2348560","2348560","2200","1092","2200","1092"
"2022-08-09","-0.23","1156700","1156700","2200","527","2200","527"
"2022-08-05","-0.23","3407340","3407340","2205","1545","2205","1545"
"2022-08-04","-3.91","886810","886810","2210","401","2210","401"
"2022-08-03","0","1084150","1084150","2300","478","2300","478"
"2022-08-02","0","832540","832540","2300","362","2300","362"
"2022-08-01","0","11272500","11272500","2300","5189","2300","5189"
"2022-07-29","0","3735440","3735440","2300","1663","2300","1663"
"2022-07-28","-0.22","52920","52920","2300","23","2300","23"
"2022-07-27","0","1602955","1602955","2305","702","2305","702"
"2022-07-26","3.36","12060640","12060640","2305","5554","2305","5554"
"2022-07-25","0","5003685","5003685","2230","2244","2230","2244"
"2022-07-22","-3.04","1658825","1658825","2230","736","2230","736"
"2022-07-21","0.22","771250","771250","2300","335","2300","335"
"2022-07-20","0","2638840","2638840","2295","1152","2295","1152"
"2022-07-19","0","3514170","3514170","2295","1535","2295","1535"
"2022-07-18","0","843030","843030","2295","368","2295","368"
"2022-07-15","-4.38","3788100","3788100","2295","1645","2295","1645"
"2022-07-14","4.58","7405260","7405260","2400","3161","2400","3161"
"2022-07-13","-4.18","2159330","2159330","2295","937","2295","937"
"2022-07-12","-0.21","1203445","1203445","2395","503","2395","503"
"2022-07-11","0","4010500","4010500","2400","1690","2400","1690"
"2022-07-08","1.48","2333600","2333600","2400","984","2400","984"
"2022-07-07","-3.07","5248880","5248880","2365","2214","2365","2214"
"2022-07-06","-0.41","4996100","4996100","2440","2041","2440","2041"
"2022-07-05","0.41","1216125","1216125","2450","511","2450","511"
"2022-07-04","1.67","2335285","2335285","2440","963","2440","963"
"2022-07-01","0","497040","497040","2400","209","2400","209"
"2022-06-30","2.13","45309500","45309500","2400","18903","2400","18903"
"2022-06-29","-2.08","2293605","2293605","2350","947","2350","947"
"2022-06-28","0","189600","189600","2400","79","2400","79"
"2022-06-27","4.35","680200","680200","2400","285","2400","285"
"2022-06-24","-2.13","2249250","2249250","2300","975","2300","975"
"2022-06-23","0","8841530","8841530","2350","3818","2350","3818"
"2022-06-22","0","1207900","1207900","2350","514","2350","514"
"2022-06-21","0","603690","603690","2350","259","2350","259"
"2022-06-20","0","14100080","14100080","2350","6013","2350","6013"
"2022-06-17","0.86","448250","448250","2350","191","2350","191"
"2022-06-16","1.3","11126210","11126210","2330","4837","2330","4837"
"2022-06-15","-2.13","16747150","16747150","2300","7166","2300","7166"
"2022-06-14","0","3162555","3162555","2350","1349","2350","1349"
"2022-06-13","0","190350","190350","2350","81","2350","81"
"2022-06-10","2.17","14204880","14204880","2350","6176","2350","6176"
"2022-06-09","0.22","9924820","9924820","2300","4147","2300","4147"
"2022-06-08","-0.22","1263875","1263875","2295","555","2295","555"
"2022-06-07","0.22","392480","392480","2300","171","2300","171"
"2022-06-03","-0.22","52825","52825","2295","23","2295","23"
"2022-06-02","0.44","829730","829730","2300","361","2300","361"
"2022-06-01","-0.22","2263175","2263175","2290","1002","2290","1002"
"2022-05-31","0","2973195","2973195","2295","1384","2295","1384"
"2022-05-30","0","8343670","8343670","2295","3636","2295","3636"
"2022-05-27","0","3816960","3816960","2295","1663","2295","1663"
"2022-05-25","2.23","2879920","2879920","2295","1255","2295","1255"
"2022-05-24","7.16","1664325","1664325","2245","768","2245","768"
"2022-05-23","-3.01","1672200","1672200","2095","779","2095","779"
"2022-05-20","2.86","129330","129330","2160","58","2160","58"
"2022-05-19","-6.67","1415050","1415050","2100","638","2100","638"
"2022-05-18","4.17","6114510","6114510","2250","2892","2250","2892"
"2022-05-17","-4","4477920","4477920","2160","2032","2160","2032"
"2022-05-16","-2.17","1607795","1607795","2250","713","2250","713"
"2022-05-13","6.98","2060250","2060250","2300","951","2300","951"
"2022-05-12","2.38","394230","394230","2150","186","2150","186"
"2022-05-11","0","4015200","4015200","2100","1912","2100","1912"
"2022-05-10","0.24","7412920","7412920","2100","3535","2100","3535"
"2022-05-09","-0.24","1388615","1388615","2095","675","2095","675"
"2022-05-06","0","6625400","6625400","2100","3240","2100","3240"
"2022-05-05","-0.71","10160505","10160505","2100","5036","2100","5036"
"2022-05-04","-7.44","2445750","2445750","2115","1134","2115","1134"
"2022-05-03","-7.49","8643815","8643815","2285","3759","2285","3759"
"2022-04-29","-0.2","567025","567025","2470","234","2470","234"
"2022-04-27","2.91","10416920","10416920","2475","4337","2475","4337"
"2022-04-26","-2.43","8125820","8125820","2405","3375","2405","3375"
"2022-04-25","4.89","1299830","1299830","2465","540","2465","540"
"2022-04-22","1.73","13135025","13135025","2350","5610","2350","5610"
"2022-04-21","0","2495000","2495000","2310","1064","2310","1064"
"2022-04-20","-1.91","5402820","5402820","2310","2302","2310","2302"
"2022-04-19","0","4908995","4908995","2355","2084","2355","2084"
"2022-04-15","0","792015","792015","2355","331","2355","331"
"2022-04-14","-4.85","28794130","28794130","2355","11605","2355","11605"
"2022-04-13","5.32","606175","606175","2475","246","2475","246"
"2022-04-12","1.73","994690","994690","2350","427","2350","427"
"2022-04-11","-4.15","6164390","6164390","2310","2668","2310","2668"
"2022-04-08","0","2685270","2685270","2410","1120","2410","1120"
"2022-04-07","-3.41","4680405","4680405","2410","1945","2410","1945"
"2022-04-06","1.84","4222365","4222365","2495","1696","2495","1696"
"2022-04-05","0","7384270","7384270","2450","3015","2450","3015"
"2022-04-04","-1.8","1856255","1856255","2450","751","2450","751"
"2022-04-01","0","1422935","1422935","2495","571","2495","571"
"2022-03-31","6.17","15589825","15589825","2495","6964","2495","6964"
"2022-03-30","1.08","2245875","2245875","2350","970","2350","970"
"2022-03-29","5.92","32830620","32830620","2325","14921","2325","14921"
"2022-03-28","0.23","617655","617655","2195","282","2195","282"
"2022-03-25","0","6748435","6748435","2190","3082","2190","3082"
"2022-03-24","0","18060050","18060050","2190","8283","2190","8283"
"2022-03-23","0.23","1103490","1103490","2190","504","2190","504"
"2022-03-22","0","69845565","69845565","2185","32038","2185","32038"
"2022-03-21","0","3360955","3360955","2185","1542","2185","1542"
"2022-03-18","0.23","4269710","4269710","2185","1953","2185","1953"
"2022-03-17","0.93","4597405","4597405","2180","2115","2180","2115"
"2022-03-16","0.23","6266160","6266160","2160","2901","2160","2901"
"2022-03-15","0.23","16184165","16184165","2155","7496","2155","7496"
"2022-03-14","-0.69","393480","393480","2150","183","2150","183"
"2022-03-11","-0.92","2993615","2993615","2165","1379","2165","1379"
"2022-03-10","-0.68","83024450","83024450","2185","37958","2185","37958"
"2022-03-09","0","11489485","11489485","2200","5234","2200","5234"
"2022-03-08","0","11430225","11430225","2200","5218","2200","5218"
"2022-03-07","0","6072450","6072450","2200","2795","2200","2795"
"2022-03-04","-0.45","38251240","38251240","2200","17150","2200","17150"
"2022-03-03","0.45","7583860","7583860","2210","3451","2210","3451"
"2022-03-02","0","4568090","4568090","2200","2099","2200","2099"
"2022-03-01","2.33","19415645","19415645","2200","8814","2200","8814"
"2022-02-28","2.38","5747920","5747920","2150","2697","2150","2697"
"2022-02-25","0","20418440","20418440","2100","9724","2100","9724"
"2022-02-24","0.48","9640290","9640290","2100","4591","2100","4591"
"2022-02-23","-0.24","8773320","8773320","2090","4192","2090","4192"
"2022-02-22","-0.24","6509305","6509305","2095","3102","2095","3102"
"2022-02-21","0","18140400","18140400","2100","8646","2100","8646"
"2022-02-18","0.24","20537215","20537215","2100","9892","2100","9892"
"2022-02-17","0","5212430","5212430","2095","2466","2095","2466"
"2022-02-16","-0.24","2100495","2100495","2095","1009","2095","1009"
"2022-02-15","0","3025100","3025100","2100","1406","2100","1406"
"2022-02-14","0","8966800","8966800","2100","4270","2100","4270"
"2022-02-11","0","7848450","7848450","2100","3734","2100","3734"
"2022-02-10","-2.33","6053475","6053475","2100","2847","2100","2847"
"2022-02-09","2.63","5516010","5516010","2150","2554","2150","2554"
"2022-02-08","0","10218390","10218390","2095","4844","2095","4844"
"2022-02-07","0.24","5138990","5138990","2095","2453","2095","2453"
"2022-02-04","-0.48","3664065","3664065","2090","1757","2090","1757"
"2022-02-03","1.45","10612785","10612785","2100","5065","2100","5065"
"2022-02-02","0.49","2433380","2433380","2070","1181","2070","1181"
"2022-02-01","-4.63","936195","936195","2060","449","2060","449"
"2022-01-31","7.46","7053005","7053005","2160","3310","2160","3310"
"2022-01-28","0.75","8861730","8861730","2010","4425","2010","4425"
"2022-01-27","2.05","5700815","5700815","1995","2891","1995","2891"
"2022-01-26","0","71229130","71229130","1955","36436","1955","36436"
"2022-01-25","2.89","10168560","10168560","1955","5196","1955","5196"
"2022-01-24","0","5629820","5629820","1900","2914","1900","2914"
"2022-01-21","-2.56","7052050","7052050","1900","3694","1900","3694"
"2022-01-20","-2.5","7792615","7792615","1950","3923","1950","3923"
"2022-01-19","2.04","14985165","14985165","2000","7512","2000","7512"
"2022-01-18","-1.51","1775060","1775060","1960","906","1960","906"
"2022-01-17","2.05","6720015","6720015","1990","3455","1990","3455"
"2022-01-14","0.78","1778190","1778190","1950","909","1950","909"
"2022-01-13","7.5","935915","935915","1935","495","1935","495"
"2022-01-12","-5.26","14397670","14397670","1800","7595","1800","7595"
"2022-01-11","0.26","337675","337675","1900","178","1900","178"
"2022-01-10","0","2768000","2768000","1895","1460","1895","1460"
"2022-01-07","-0.26","1805450","1805450","1895","975","1895","975"
"2022-01-06","0","2650400","2650400","1900","1395","1900","1395"
"2022-01-05","0","953800","953800","1900","502","1900","502"
"2022-01-04","-2.56","535050","535050","1900","281","1900","281"
"2022-01-03","2.9","1848860","1848860","1950","953","1950","953"
"2021-12-31","-1.56","21289515","21289515","1895","11210","1895","11210"
"2021-12-30","1.32","6533425","6533425","1925","3435","1925","3435"
"2021-12-29","1.06","1417165","1417165","1900","756","1900","756"
"2021-12-28","-1.05","7558275","7558275","1880","3989","1880","3989"
"2021-12-27","1.06","9831815","9831815","1900","5270","1900","5270"
"2021-12-24","0","973000","973000","1880","521","1880","521"
"2021-12-23","1.62","3103310","3103310","1880","1674","1880","1674"
"2021-12-22","2.78","4805050","4805050","1850","2634","1850","2634"
"2021-12-21","0","4364000","4364000","1800","2421","1800","2421"
"2021-12-20","-2.7","8005855","8005855","1800","4368","1800","4368"
"2021-12-17","-2.12","1529910","1529910","1850","816","1850","816"
"2021-12-16","1.61","947850","947850","1890","507","1890","507"
"2021-12-15","0","602470","602470","1860","323","1860","323"
"2021-12-14","0.54","1042725","1042725","1860","569","1860","569"
"2021-12-13","-2.63","49601855","49601855","1850","27719","1850","27719"
"2021-12-10","1.88","1414250","1414250","1900","753","1900","753"
"2021-12-09","0.81","2436605","2436605","1865","1309","1865","1309"
"2021-12-08","-2.63","7768380","7768380","1850","4169","1850","4169"
"2021-12-07","-2.31","1565450","1565450","1900","816","1900","816"
"2021-12-06","1.04","40866270","40866270","1945","21224","1945","21224"
"2021-12-03","-1.53","2269125","2269125","1925","1165","1925","1165"
"2021-12-02","-1.51","790480","790480","1955","398","1955","398"
"2021-12-01","-0.5","1991825","1991825","1985","1003","1985","1003"
"2021-11-30","2.31","5701265","5701265","1995","2898","1995","2898"
"2021-11-29","5.98","10798845","10798845","1950","5696","1950","5696"
"2021-11-26","0","926640","926640","1840","505","1840","505"
"2021-11-25","-0.54","2896565","2896565","1840","1588","1840","1588"
"2021-11-24","-2.37","2201920","2201920","1850","1174","1850","1174"
"2021-11-23","2.99","3609920","3609920","1895","1959","1895","1959"
"2021-11-22","0","7695040","7695040","1840","4142","1840","4142"
"2021-11-19","-7.07","4755470","4755470","1840","2458","1840","2458"
"2021-11-18","-0.75","754775","754775","1980","380","1980","380"
"2021-11-17","0.76","13580980","13580980","1995","6824","1995","6824"
"2021-11-16","0.76","1129990","1129990","1980","574","1980","574"
"2021-11-12","-0.25","3714885","3714885","1965","1890","1965","1890"
"2021-11-11","0","7181495","7181495","1970","3638","1970","3638"
"2021-11-10","0.25","1401700","1401700","1970","707","1970","707"
"2021-11-09","-1.75","653350","653350","1965","330","1965","330"
"2021-11-08","0.76","25205290","25205290","2000","12641","2000","12641"
"2021-11-05","-0.5","30630325","30630325","1985","15415","1985","15415"
"2021-11-04","0","10282300","10282300","1995","5152","1995","5152"
"2021-11-03","1.53","5050120","5050120","1995","2530","1995","2530"
"2021-10-29","-1.75","3478730","3478730","1965","1726","1965","1726"
"2021-10-28","0","4850225","4850225","2000","2424","2000","2424"
"2021-10-27","0","20533380","20533380","2000","10280","2000","10280"
"2021-10-26","2.04","390775","390775","2000","196","2000","196"
"2021-10-25","-1.75","11285665","11285665","1960","5743","1960","5743"
"2021-10-22","0","8273435","8273435","1995","4147","1995","4147"
"2021-10-21","-0.25","7631465","7631465","1995","3817","1995","3817"
"2021-10-20","0","9141750","9141750","2000","4571","2000","4571"
"2021-10-19","1.78","5618925","5618925","2000","2903","2000","2903"
"2021-10-15","-1.01","2476385","2476385","1965","1251","1965","1251"
"2021-10-14","-0.75","2893780","2893780","1985","1449","1985","1449"
"2021-10-13","0.25","7091095","7091095","2000","3547","2000","3547"
"2021-10-12","-0.25","3588090","3588090","1995","1786","1995","1786"
"2021-10-11","0","4795770","4795770","2000","2369","2000","2369"
"2021-10-08","0.25","3395620","3395620","2000","1738","2000","1738"
"2021-10-07","-0.25","2816920","2816920","1995","1411","1995","1411"
"2021-10-06","1.52","80150","80150","2000","40","2000","40"
"2021-10-05","-0.51","1855605","1855605","1970","940","1970","940"
"2021-10-04","-1","35424820","35424820","1980","18100","1980","18100"
"2021-10-01","0","11608100","11608100","2000","5804","2000","5804"
"2021-09-30","0.25","8801545","8801545","2000","4553","2000","4553"
"2021-09-29","0","4370370","4370370","1995","2187","1995","2187"
"2021-09-28","-0.25","12509540","12509540","1995","6255","1995","6255"
"2021-09-27","0","58956600","58956600","2000","29490","2000","29490"
"2021-09-24","0","14330135","14330135","2000","7192","2000","7192"
"2021-09-23","0.25","28824000","28824000","2000","14415","2000","14415"
"2021-09-22","0","48628925","48628925","1995","24315","1995","24315"
"2021-09-21","-0.25","18506310","18506310","1995","9257","1995","9257"
"2021-09-20","0","6230250","6230250","2000","3126","2000","3126"
"2021-09-17","-0.25","9152590","9152590","2000","4585","2000","4585"
"2021-09-16","0.25","13242015","13242015","2005","6620","2005","6620"
"2021-09-15","0.5","4369960","4369960","2000","2181","2000","2181"
"2021-09-14","0.51","3696920","3696920","1990","1849","1990","1849"
"2021-09-13","-1","47934415","47934415","1980","24126","1980","24126"
"2021-09-10","0","1703185","1703185","2000","850","2000","850"
"2021-09-09","-1.23","2847945","2847945","2000","1415","2000","1415"
"2021-09-08","0.25","1190550","1190550","2025","588","2025","588"
"2021-09-07","-0.25","9128555","9128555","2020","4513","2020","4513"
"2021-09-06","1","18684965","18684965","2025","9235","2025","9235"
"2021-09-03","-1.96","1217510","1217510","2005","598","2005","598"
"2021-09-02","2.25","895000","895000","2045","445","2045","445"
"2021-09-01","0","1088095","1088095","2000","540","2000","540"
"2021-08-31","0","1335110","1335110","2000","667","2000","667"
"2021-08-30","1.78","2155930","2155930","2000","1072","2000","1072"
"2021-08-27","-5.3","4438480","4438480","1965","2186","1965","2186"
"2021-08-26","-0.95","2151160","2151160","2075","1034","2075","1034"
"2021-08-25","-0.24","10829025","10829025","2095","5398","2095","5398"
"2021-08-24","-3","11092375","11092375","2100","5221","2100","5221"
"2021-08-23","-6.48","4050120","4050120","2165","1870","2165","1870"
"2021-08-20","6.93","7681150","7681150","2315","3581","2315","3581"
"2021-08-19","7.18","9002860","9002860","2165","4447","2165","4447"
"2021-08-18","7.45","5703040","5703040","2020","2842","2020","2842"
"2021-08-17","7.43","7149630","7149630","1880","4081","1880","4081"
"2021-08-16","-2.23","8211390","8211390","1750","4677","1750","4677"
"2021-08-13","0.85","3395050","3395050","1790","1929","1790","1929"
"2021-08-12","0.28","1565300","1565300","1775","882","1775","882"
"2021-08-11","-0.28","1142125","1142125","1770","644","1770","644"
"2021-08-10","4.41","13960910","13960910","1775","8151","1775","8151"
"2021-08-09","0","10225500","10225500","1700","6015","1700","6015"
"2021-08-06","0","10220400","10220400","1700","6012","1700","6012"
"2021-08-05","0","3192600","3192600","1700","1878","1700","1878"
"2021-08-04","3.03","3031250","3031250","1700","1833","1700","1833"
"2021-08-03","-2.94","4187750","4187750","1650","2532","1650","2532"
"2021-08-02","0","425095","425095","1700","250","1700","250"
"2021-07-30","0","1765385","1765385","1700","1039","1700","1039"
"2021-07-29","0","1315660","1315660","1700","774","1700","774"
"2021-07-28","0","790500","790500","1700","465","1700","465"
"2021-07-27","0.29","9555290","9555290","1700","5682","1700","5682"
"2021-07-26","1.5","8012255","8012255","1695","4710","1695","4710"
"2021-07-23","-0.6","2290570","2290570","1670","1389","1670","1389"
"2021-07-22","3.7","11975005","11975005","1680","7127","1680","7127"
"2021-07-21","0","1290280","1290280","1620","795","1620","795"
"2021-07-19","-1.82","5209800","5209800","1620","3150","1620","3150"
"2021-07-16","0","2008675","2008675","1650","1216","1650","1216"
"2021-07-15","0.61","7221930","7221930","1650","4486","1650","4486"
"2021-07-14","5.47","7904800","7904800","1640","4820","1640","4820"
"2021-07-13","7.24","85500","85500","1555","55","1555","55"
"2021-07-12","-9.38","402794650","402794650","1450","277759","1450","277759"
"2021-07-09","-3.03","5336325","5336325","1600","3261","1600","3261"
"2021-07-08","0","10500720","10500720","1650","6364","1650","6364"
"2021-07-07","-1.79","38649255","38649255","1650","23451","1650","23451"
"2021-07-06","-4","21099515","21099515","1680","12533","1680","12533"
"2021-07-05","-0.28","2275580","2275580","1750","1324","1750","1324"
"2021-07-02","-1.96","7245660","7245660","1755","4129","1755","4129"
"2021-07-01","0","3411530","3411530","1790","1905","1790","1905"
"2021-06-30","0","2766050","2766050","1790","1545","1790","1545"
"2021-06-29","2.29","25082350","25082350","1790","14305","1790","14305"
"2021-06-28","0.29","3229380","3229380","1750","1847","1750","1847"
"2021-06-25","-0.29","2483665","2483665","1745","1423","1745","1423"
"2021-06-24","0.29","5392310","5392310","1750","3084","1750","3084"
"2021-06-23","0","10385790","10385790","1745","5959","1745","5959"
"2021-06-22","0","933585","933585","1745","537","1745","537"
"2021-06-21","2.65","7263140","7263140","1745","4288","1745","4288"
"2021-06-18","0","6173025","6173025","1700","3642","1700","3642"
"2021-06-17","0","2232460","2232460","1700","1315","1700","1315"
"2021-06-16","0.89","17256555","17256555","1700","10261","1700","10261"
"2021-06-15","-0.3","2306200","2306200","1685","1368","1685","1368"
"2021-06-14","-0.59","377665","377665","1690","225","1690","225"
"2021-06-11","0","3290800","3290800","1700","2024","1700","2024"
"2021-06-10","-2.58","3521250","3521250","1700","2104","1700","2104"
"2021-06-09","2.65","3187400","3187400","1745","1845","1745","1845"
"2021-06-08","4.29","3078550","3078550","1700","1858","1700","1858"
"2021-06-07","0.31","30245545","30245545","1630","18549","1630","18549"
"2021-06-04","-0.91","1124180","1124180","1625","700","1625","700"
"2021-06-03","-0.61","142690","142690","1640","87","1640","87"
"2021-06-02","-1.2","377850","377850","1650","229","1650","229"
"2021-06-01","-0.6","1102110","1102110","1670","659","1670","659"
"2021-05-31","5","6802450","6802450","1680","4278","1680","4278"
"2021-05-28","0","1648000","1648000","1600","1030","1600","1030"
"2021-05-27","0.95","1851960","1851960","1600","1167","1600","1167"
"2021-05-26","0","1793550","1793550","1585","1130","1585","1130"
"2021-05-25","0","881730","881730","1585","556","1585","556"
"2021-05-21","0","1370550","1370550","1585","865","1585","865"
"2021-05-20","7.09","6525700","6525700","1585","4458","1585","4458"
"2021-05-19","-7.5","1473220","1473220","1480","992","1480","992"
"2021-05-18","6.67","1589500","1589500","1600","1060","1600","1060"
"2021-05-17","0","1012660","1012660","1500","678","1500","678"
"2021-05-14","0","2986275","2986275","1500","1994","1500","1994"
"2021-05-11","0","2116825","2116825","1500","1412","1500","1412"
"2021-05-10","0","1071000","1071000","1500","714","1500","714"
"2021-05-07","0","1456050","1456050","1500","983","1500","983"
"2021-05-06","-1.64","1023820","1023820","1500","689","1500","689"
"2021-05-05","-7.29","2722540","2722540","1525","1720","1525","1720"
"2021-05-04","3.13","932900","932900","1645","580","1645","580"
"2021-05-03","-5.62","1157285","1157285","1595","736","1595","736"
"2021-04-30","7.3","19643100","19643100","1690","13017","1690","13017"
"2021-04-29","-7.35","14913550","14913550","1575","9404","1575","9404"
"2021-04-28","0","1466435","1466435","1700","871","1700","871"
"2021-04-27","5.26","3350215","3350215","1700","2001","1700","2001"
"2021-04-26","0.94","1672375","1672375","1615","1045","1615","1045"
"2021-04-23","2.89","1983200","1983200","1600","1317","1600","1317"
"2021-04-22","7.24","5236380","5236380","1555","3440","1555","3440"
"2021-04-21","0","599810","599810","1450","415","1450","415"
"2021-04-20","2.11","17491085","17491085","1450","12930","1450","12930"
"2021-04-19","2.9","2910905","2910905","1420","2012","1420","2012"
"2021-04-16","-3.83","665120","665120","1380","469","1380","469"
"2021-04-15","-1.03","4395025","4395025","1435","3095","1435","3095"
"2021-04-14","0","3836700","3836700","1450","2701","1450","2701"
"2021-04-13","5.45","236420845","236420845","1450","171183","1450","171183"
"2021-04-12","-7.09","57413725","57413725","1375","41745","1375","41745"
"2021-04-09","5.71","10459610","10459610","1480","7171","1480","7171"
"2021-04-08","0","2090460","2090460","1400","1496","1400","1496"
"2021-04-07","0","3820195","3820195","1400","2734","1400","2734"
"2021-04-06","0.36","3655400","3655400","1400","2611","1400","2611"
"2021-04-02","-0.36","1953000","1953000","1395","1400","1395","1400"
"2021-04-01","3.7","390225","390225","1400","279","1400","279"
"2021-03-31","-3.57","1065605","1065605","1350","790","1350","790"
"2021-03-30","0","4267320","4267320","1400","3069","1400","3069"
"2021-03-29","0","406000","406000","1400","290","1400","290"
"2021-03-26","-4.11","1501605","1501605","1400","1043","1400","1043"
"2021-03-25","-1.68","2483580","2483580","1460","1666","1460","1666"
"2021-03-24","1.71","4553875","4553875","1485","3076","1485","3076"
"2021-03-23","0.34","1214160","1214160","1460","834","1460","834"
"2021-03-22","-1.69","1305865","1305865","1455","888","1455","888"
"2021-03-19","0","1620600","1620600","1480","1095","1480","1095"
"2021-03-18","-0.34","603840","603840","1480","408","1480","408"
"2021-03-17","-0.67","239820","239820","1485","161","1485","161"
"2021-03-16","0","392685","392685","1495","263","1495","263"
"2021-03-15","-0.33","778405","778405","1495","530","1495","530"
"2021-03-12","0","464200","464200","1500","310","1500","310"
"2021-03-11","3.09","4575625","4575625","1500","3147","1500","3147"
"2021-03-10","0","215775","215775","1455","145","1455","145"
"2021-03-09","-2.68","246025","246025","1455","165","1455","165"
"2021-03-08","0","2192470","2192470","1495","1462","1495","1462"
"2021-03-05","-0.33","1466785","1466785","1495","983","1495","983"
"2021-03-04","0","2860350","2860350","1500","1914","1500","1914"
"2021-03-03","6.38","1202150","1202150","1500","831","1500","831"
"2021-03-02","-2.76","1531545","1531545","1410","1089","1410","1089"
"2021-03-01","3.57","1616280","1616280","1450","1120","1450","1120"
"2021-02-26","3.7","210000","210000","1400","150","1400","150"
"2021-02-25","-3.57","2069900","2069900","1350","1525","1350","1525"
"2021-02-24","0","368200","368200","1400","263","1400","263"
"2021-02-23","0","596800","596800","1400","426","1400","426"
"2021-02-22","-2.78","2478090","2478090","1400","1769","1400","1769"
"2021-02-19","1.41","363250","363250","1440","255","1440","255"
"2021-02-18","1.43","66100","66100","1420","47","1420","47"
"2021-02-17","0","940800","940800","1400","672","1400","672"
"2021-02-16","0","106400","106400","1400","76","1400","76"
"2021-02-15","0","1287290","1287290","1400","923","1400","923"
"2021-02-12","-3.45","477250","477250","1400","340","1400","340"
"2021-02-11","3.57","576610","576610","1450","412","1450","412"
"2021-02-10","0","156800","156800","1400","112","1400","112"
"2021-02-09","-6.04","1440975","1440975","1400","1015","1400","1015"
"2021-02-08","1.02","270425","270425","1490","183","1490","183"
"2021-02-05","-0.34","478520","478520","1475","324","1475","324"
"2021-02-04","0","305985","305985","1480","207","1480","207"
"2021-02-03","0.34","879600","879600","1480","596","1480","596"
"2021-02-02","-1.34","204725","204725","1475","141","1475","141"
"2021-02-01","3.1","443580","443580","1495","314","1495","314"
"2021-01-29","-2.68","2356640","2356640","1450","1589","1450","1589"
"2021-01-28","2.76","459930","459930","1490","317","1490","317"
"2021-01-27","3.57","2315825","2315825","1450","1649","1450","1649"
"2021-01-26","1.08","14000","14000","1400","10","1400","10"
"2021-01-25","2.21","2376365","2376365","1385","1721","1385","1721"
"2021-01-22","0","406500","406500","1355","300","1355","300"
"2021-01-20","0.37","398825","398825","1355","290","1355","290"
"2021-01-19","-2.17","705030","705030","1350","514","1350","514"
"2021-01-18","0","144975","144975","1380","105","1380","105"
"2021-01-15","1.47","474120","474120","1380","348","1380","348"
"2021-01-14","1.12","591450","591450","1360","435","1360","435"
"2021-01-13","3.46","532825","532825","1345","394","1345","394"
"2021-01-12","-3.7","6099095","6099095","1300","4681","1300","4681"
"2021-01-11","3.85","4809460","4809460","1350","3563","1350","3563"
"2021-01-08","-3.35","1622750","1622750","1300","1246","1300","1246"
"2021-01-07","-2.18","3693760","3693760","1345","2735","1345","2735"
"2021-01-06","-0.72","1777725","1777725","1375","1318","1375","1318"
"2021-01-05","-4.48","633160","633160","1385","454","1385","454"
"2021-01-04","-3.33","23950","23950","1450","16","1450","16"
"2020-12-31","0.33","4452900","4452900","1500","2980","1500","2980"
"2020-12-30","7.17","35465570","35465570","1495","25097","1495","25097"
"2020-12-29","7.31","138838335","138838335","1395","103425","1395","103425"
"2020-12-28","-3.35","281780","281780","1300","212","1300","212"
"2020-12-24","0","512975","512975","1345","385","1345","385"
"2020-12-23","0.37","21855640","21855640","1345","16251","1345","16251"
"2020-12-22","0","61590","61590","1340","46","1340","46"
"2020-12-21","-0.37","154100","154100","1340","115","1340","115"
"2020-12-18","0.75","10220160","10220160","1345","7689","1345","7689"
"2020-12-17","-2.55","66950","66950","1335","50","1335","50"
"2020-12-16","3.79","59020075","59020075","1370","43135","1370","43135"
"2020-12-15","-3.65","498090","498090","1320","377","1320","377"
"2020-12-14","0","191800","191800","1370","140","1370","140"
"2020-12-11","5.38","624200","624200","1370","480","1370","480"
"2020-12-10","-5.11","14300","14300","1300","11","1300","11"
"2020-12-09","1.48","4127635","4127635","1370","3071","1370","3071"
"2020-12-08","-1.1","474825","474825","1350","350","1350","350"
"2020-12-07","0","739830","739830","1365","542","1365","542"
"2020-12-04","-2.5","88725","88725","1365","65","1365","65"
"2020-12-03","2.56","3979570","3979570","1400","2921","1400","2921"
"2020-12-02","5","27357910","27357910","1365","20269","1365","20269"
"2020-12-01","-5.11","274580","274580","1300","206","1300","206"
"2020-11-30","-1.79","575400","575400","1370","420","1370","420"
"2020-11-27","7.31","29777750","29777750","1395","21922","1395","21922"
"2020-11-26","-3.7","33250","33250","1300","25","1300","25"
"2020-11-25","3.85","4298870","4298870","1350","3183","1350","3183"
"2020-11-24","1.17","6116320","6116320","1300","5100","1300","5100"
"2020-11-23","-7.22","192000","192000","1285","148","1285","148"
"2020-11-20","-0.72","166200","166200","1385","120","1385","120"
"2020-11-19","3.33","1806175","1806175","1395","1330","1395","1330"
"2020-11-18","0.75","680020","680020","1350","505","1350","505"
"2020-11-17","7.2","259660","259660","1340","200","1340","200"
"2020-11-16","3.73","8750","8750","1250","7","1250","7"
"2020-11-13","-7.31","7361380","7361380","1205","5910","1205","5910"
"2020-11-12","0","220965","220965","1300","173","1300","173"
"2020-11-11","-7.47","1037400","1037400","1300","798","1300","798"
"2020-11-10","-6.02","3377845","3377845","1405","2408","1405","2408"
"2020-11-09","7.17","7062180","7062180","1495","5220","1495","5220"
"2020-11-06","4.1","4254140","4254140","1395","3200","1395","3200"
"2020-11-05","7.2","445890","445890","1340","350","1340","350"
"2020-11-04","0","803630","803630","1250","639","1250","639"
"2020-11-03","0.4","12500","12500","1250","10","1250","10"
"2020-11-02","3.75","1754930","1754930","1245","1456","1245","1456"
"2020-10-30","6.67","9102595","9102595","1200","8269","1200","8269"
"2020-10-28","0.9","990840","990840","1125","892","1125","892"
"2020-10-27","7.21","3521695","3521695","1115","3351","1115","3351"
"2020-10-26","-7.14","962080","962080","1040","925","1040","925"
"2020-10-23","0","690950","690950","1120","620","1120","620"
"2020-10-22","1.82","11960820","11960820","1120","11303","1120","11303"
"2020-10-21","-1.79","3525500","3525500","1100","3205","1100","3205"
"2020-10-20","-0.44","12255","12255","1120","11","1120","11"
"2020-10-19","0","4084600","4084600","1125","3740","1125","3740"
"2020-10-16","3.21","710750","710750","1125","650","1125","650"
"2020-10-15","-0.91","614690","614690","1090","601","1090","601"
"2020-10-14","4.76","275000","275000","1100","250","1100","250"
"2020-10-13","-4.55","2969400","2969400","1050","2828","1050","2828"
"2020-10-12","4.76","33000","33000","1100","30","1100","30"
"2020-10-09","0","1273950","1273950","1050","1215","1050","1215"
"2020-10-08","-0.47","2151790","2151790","1050","2045","1050","2045"
"2020-10-07","0.48","2619990","2619990","1055","2417","1055","2417"
"2020-10-06","0.48","205330","205330","1050","196","1050","196"
"2020-10-05","-0.95","7810600","7810600","1045","7434","1045","7434"
"2020-10-02","-4.52","3575965","3575965","1055","3246","1055","3246"
"2020-10-01","-1.78","204425","204425","1105","185","1105","185"
"2020-09-30","2.27","3837795","3837795","1125","3428","1125","3428"
"2020-09-29","0.92","448950","448950","1100","410","1100","410"
"2020-09-28","-1.8","119900","119900","1090","110","1090","110"
"2020-09-25","5.71","8114470","8114470","1110","7962","1110","7962"
"2020-09-24","-3.67","848300","848300","1050","804","1050","804"
"2020-09-23","-0.91","649885","649885","1090","596","1090","596"
"2020-09-22","0","1198135","1198135","1100","1126","1100","1126"
"2020-09-21","-0.9","839600","839600","1100","762","1100","762"
"2020-09-18","0","326060","326060","1110","299","1110","299"
"2020-09-17","1.37","1392430","1392430","1110","1279","1110","1279"
"2020-09-16","0.46","2501475","2501475","1095","2276","1095","2276"
"2020-09-15","0","816275","816275","1090","758","1090","758"
"2020-09-14","-0.91","865010","865010","1090","788","1090","788"
"2020-09-11","0","155125","155125","1100","141","1100","141"
"2020-09-10","0","198000","198000","1100","180","1100","180"
"2020-09-09","2.33","454460","454460","1100","419","1100","419"
"2020-09-08","-5.7","1627955","1627955","1075","1509","1075","1509"
"2020-09-07","-5","958420","958420","1140","838","1140","838"
"2020-09-04","6.67","12000","12000","1200","10","1200","10"
"2020-09-03","0","2136585","2136585","1125","1900","1125","1900"
"2020-09-02","-2.6","1074210","1074210","1125","948","1125","948"
"2020-09-01","-7.23","185300","185300","1155","160","1155","160"
"2020-08-31","6.41","10856380","10856380","1245","9490","1245","9490"
"2020-08-28","4.93","3918950","3918950","1170","3529","1170","3529"
"2020-08-27","-7.08","908625","908625","1115","773","1115","773"
"2020-08-26","6.67","6953350","6953350","1200","6239","1200","6239"
"2020-08-25","2.27","117500","117500","1125","104","1125","104"
"2020-08-24","-1.35","971520","971520","1100","881","1100","881"
"2020-08-21","-0.45","1439815","1439815","1115","1291","1115","1291"
"2020-08-20","0","151200","151200","1120","135","1120","135"
"2020-08-19","0","811300","811300","1120","724","1120","724"
"2020-08-18","0","821770","821770","1120","706","1120","706"
"2020-08-17","6.67","5600","5600","1120","5","1120","5"
"2020-08-14","-6.25","1829470","1829470","1050","1681","1050","1681"
"2020-08-13","0","1469440","1469440","1120","1312","1120","1312"
"2020-08-12","-5.08","870980","870980","1120","787","1120","787"
"2020-08-11","-0.84","158260","158260","1180","133","1180","133"
"2020-08-10","-0.42","309500","309500","1190","260","1190","260"
"2020-08-06","-0.42","571870","571870","1195","478","1195","478"
"2020-08-05","0","1138600","1138600","1200","943","1200","943"
"2020-08-04","-0.83","509865","509865","1200","430","1200","430"
"2020-08-03","-5.1","325570","325570","1210","261","1210","261"
"2020-07-30","-0.39","1301310","1301310","1275","1021","1275","1021"
"2020-07-29","0","1129915","1129915","1280","890","1280","890"
"2020-07-28","4.92","7374885","7374885","1280","6125","1280","6125"
"2020-07-27","-5.06","128315","128315","1220","102","1220","102"
"2020-07-24","0","308255","308255","1285","243","1285","243"
"2020-07-23","0.39","878230","878230","1285","682","1285","682"
"2020-07-22","-0.39","106855","106855","1280","83","1280","83"
"2020-07-21","-0.39","3215875","3215875","1285","2511","1285","2511"
"2020-07-20","0","402440","402440","1290","313","1290","313"
"2020-07-17","7.05","101910","101910","1290","79","1290","79"
"2020-07-16","0.42","1877390","1877390","1205","1558","1205","1558"
"2020-07-15","0","533000","533000","1200","433","1200","433"
"2020-07-14","0","420000","420000","1200","350","1200","350"
"2020-07-13","0.42","480000","480000","1200","400","1200","400"
"2020-07-10","-6.27","2191125","2191125","1195","1763","1195","1763"
"2020-07-09","-1.16","184875","184875","1275","145","1275","145"
"2020-07-08","1.18","113520","113520","1290","88","1290","88"
"2020-07-07","0","21675","21675","1275","17","1275","17"
"2020-07-06","0","7290000","7290000","1275","5856","1275","5856"
"2020-07-03","2.82","2476550","2476550","1275","1945","1275","1945"
"2020-07-02","0","52087880","52087880","1240","42087","1240","42087"
"2020-07-01","0","552800","552800","1240","450","1240","450"
"2020-06-30","-0.8","4523775","4523775","1240","3760","1240","3760"
"2020-06-29","0","756065","756065","1250","606","1250","606"
"2020-06-26","4.17","31250","31250","1250","25","1250","25"
"2020-06-25","-1.64","4164110","4164110","1200","3470","1200","3470"
"2020-06-24","-0.41","675880","675880","1220","552","1220","552"
"2020-06-23","-0.41","4125975","4125975","1225","3570","1225","3570"
"2020-06-22","0","17263050","17263050","1230","14035","1230","14035"
"2020-06-19","-0.4","1652115","1652115","1230","1358","1230","1358"
"2020-06-18","-4.63","2034770","2034770","1235","1640","1235","1640"
"2020-06-17","0","1658625","1658625","1295","1305","1295","1305"
"2020-06-16","-0.38","372120","372120","1295","288","1295","288"
"2020-06-15","4","938600","938600","1300","722","1300","722"
"2020-06-12","0.4","70000","70000","1250","56","1250","56"
"2020-06-11","0","7943510","7943510","1245","6623","1245","6623"
"2020-06-09","0","2276885","2276885","1245","1912","1245","1912"
"2020-06-05","4.62","6979595","6979595","1245","5782","1245","5782"
"2020-06-04","3.03","595000","595000","1190","500","1190","500"
"2020-06-03","0","4173075","4173075","1155","3581","1155","3581"
"2020-06-02","-7.23","287420","287420","1155","243","1155","243"
"2020-05-29","4.18","727080","727080","1245","584","1245","584"
"2020-05-28","0","3316560","3316560","1195","2748","1195","2748"
"2020-05-27","0","2839170","2839170","1195","2378","1195","2378"
"2020-05-26","0","37080","37080","1195","31","1195","31"
"2020-05-25","0","387625","387625","1195","327","1195","327"
"2020-05-22","-7.36","1672655","1672655","1195","1358","1195","1358"
"2020-05-19","0","206400","206400","1290","160","1290","160"
"2020-05-18","7.5","1465425","1465425","1290","1234","1290","1234"
"2020-05-15","-6.98","3705775","3705775","1200","3080","1200","3080"
"2020-05-14","3.2","631405","631405","1290","500","1290","500"
"2020-05-13","0","6558500","6558500","1250","5408","1250","5408"
"2020-05-12","0","2111250","2111250","1250","1689","1250","1689"
"2020-05-11","0","413900","413900","1250","352","1250","352"
"2020-05-08","-3.85","1199025","1199025","1250","986","1250","986"
"2020-05-07","7.44","65000","65000","1300","50","1300","50"
"2020-05-06","7.08","121000","121000","1210","100","1210","100"
"2020-05-05","7.11","169500","169500","1130","150","1130","150"
"2020-05-04","0","31650","31650","1055","30","1055","30"
"2020-04-29","-3.65","1307070","1307070","1055","1210","1055","1210"
"2020-04-28","1.39","46190","46190","1095","42","1095","42"
"2020-04-27","2.37","15120","15120","1080","14","1080","14"
"2020-04-24","0","103410","103410","1055","98","1055","98"
"2020-04-23","-7.46","791250","791250","1055","750","1055","750"
"2020-04-22","2.7","2735815","2735815","1140","2481","1140","2481"
"2020-04-21","0","353070","353070","1110","318","1110","318"
"2020-04-20","-1.77","581170","581170","1110","521","1110","521"
"2020-04-17","-2.59","5841720","5841720","1130","5047","1130","5047"
"2020-04-16","0.87","756150","756150","1160","652","1160","652"
"2020-04-15","-4.17","86250","86250","1150","75","1150","75"
"2020-04-14","-4","291600","291600","1200","240","1200","240"
"2020-04-10","0","83750","83750","1250","67","1250","67"
"2020-04-09","-3.85","573000","573000","1250","458","1250","458"
"2020-04-08","-3.7","544600","544600","1300","412","1300","412"
"2020-04-07","3.85","465250","465250","1350","363","1350","363"
"2020-04-06","-3.35","403000","403000","1300","310","1300","310"
"2020-04-03","-0.37","817300","817300","1345","610","1345","610"
"2020-04-02","4.25","327500","327500","1350","250","1350","250"
"2020-04-01","0","157605","157605","1295","123","1295","123"
"2020-03-31","-0.38","1002500","1002500","1295","772","1295","772"
"2020-03-30","0","18200","18200","1300","14","1300","14"
"2020-03-27","-3.7","131300","131300","1300","101","1300","101"
"2020-03-26","4.25","13500","13500","1350","10","1350","10"
"2020-03-25","-0.38","1755745","1755745","1295","1350","1295","1350"
"2020-03-24","-2.62","1442800","1442800","1300","1100","1300","1100"
"2020-03-23","-1.11","60115","60115","1335","45","1335","45"
"2020-03-20","2.66","13500","13500","1350","10","1350","10"
"2020-03-19","-2.59","66100","66100","1315","50","1315","50"
"2020-03-18","0","461200","461200","1350","342","1350","342"
"2020-03-17","2.66","530800","530800","1350","408","1350","408"
"2020-03-16","0","131650","131650","1315","100","1315","100"
"2020-03-13","0.38","785175","785175","1315","605","1315","605"
"2020-03-12","-2.96","707500","707500","1310","530","1310","530"
"2020-03-11","0","525935","525935","1350","392","1350","392"
"2020-03-10","0.37","589950","589950","1350","437","1350","437"
"2020-03-09","-0.37","1133215","1133215","1345","838","1345","838"
"2020-03-06","3.85","12363210","12363210","1350","9158","1350","9158"
"2020-03-05","-3.7","2747640","2747640","1300","2044","1300","2044"
"2020-03-04","-4.26","892215","892215","1350","659","1350","659"
"2020-03-03","0","59220","59220","1410","42","1410","42"
"2020-03-02","1.08","1542650","1542650","1410","1105","1410","1105"
"2020-02-28","7.31","129835","129835","1395","96","1395","96"
"2020-02-27","0.39","1689480","1689480","1300","1298","1300","1298"
"2020-02-26","0","64750","64750","1295","50","1295","50"
"2020-02-25","0","654150","654150","1295","505","1295","505"
"2020-02-24","0.39","742400","742400","1295","573","1295","573"
"2020-02-21","7.5","2562820","2562820","1290","2152","1290","2152"
"2020-02-20","0","1929600","1929600","1200","1728","1200","1728"
"2020-02-19","-2.44","2280400","2280400","1200","1907","1200","1907"
"2020-02-18","-0.4","393310","393310","1230","319","1230","319"
"2020-02-17","-1.98","377940","377940","1235","304","1235","304"
"2020-02-14","0","705850","705850","1260","558","1260","558"
"2020-02-13","0","9056880","9056880","1260","7203","1260","7203"
"2020-02-12","0.8","410870","410870","1260","327","1260","327"
"2020-02-11","-3.85","1454325","1454325","1250","1163","1250","1163"
"2020-02-10","-3.35","5279710","5279710","1300","4049","1300","4049"
"2020-02-07","0","295900","295900","1345","220","1345","220"
"2020-02-06","-0.37","109210","109210","1345","81","1345","81"
"2020-02-05","3.85","27000","27000","1350","20","1350","20"
"2020-02-04","-3.7","1962850","1962850","1300","1471","1300","1471"
"2020-02-03","-3.23","11136710","11136710","1350","8240","1350","8240"
"2020-01-31","0","118575","118575","1395","85","1395","85"
"2020-01-30","0","379425","379425","1395","275","1395","275"
"2020-01-29","7.31","306665","306665","1395","226","1395","226"
"2020-01-28","-3.35","33187975","33187975","1300","26113","1300","26113"
"2020-01-27","3.46","2485945","2485945","1345","1862","1345","1862"
"2020-01-24","-2.62","9332740","9332740","1300","7071","1300","7071"
"2020-01-23","1.91","2566810","2566810","1335","1946","1335","1946"
"2020-01-22","-3.32","346915","346915","1310","263","1310","263"
"2020-01-21","-0.37","33950","33950","1355","25","1355","25"
"2020-01-20","4.62","2202280","2202280","1360","1613","1360","1613"
"2020-01-17","-4.41","1257705","1257705","1300","966","1300","966"
"2020-01-16","0.37","1886220","1886220","1360","1386","1360","1386"
"2020-01-15","-0.37","127420","127420","1355","94","1355","94"
"2020-01-14","0","3245110","3245110","1360","2391","1360","2391"
"2020-01-13","0.37","4059600","4059600","1360","2985","1360","2985"
"2020-01-10","0","1242735","1242735","1355","918","1355","918"
"2020-01-09","-0.37","284625","284625","1355","210","1355","210"
"2020-01-08","0.74","150100","150100","1360","110","1360","110"
"2020-01-07","-1.1","1668355","1668355","1350","1233","1350","1233"
"2020-01-06","-5.86","11259430","11259430","1365","8238","1365","8238"
"2020-01-03","-3.33","58800","58800","1450","40","1450","40"
"2020-01-02","-6.25","294000","294000","1500","196","1500","196"
"2019-12-31","5.96","507837250","507837250","1600","317491","1600","317491"
"2019-12-30","-5.63","19112100","19112100","1510","12660","1510","12660"
"2019-12-27","6.67","26559610","26559610","1600","16836","1600","16836"
"2019-12-24","3.81","20213320","20213320","1500","13827","1500","13827"
"2019-12-23","7.04","1558780","1558780","1445","1136","1445","1136"
"2019-12-20","-5.59","1386280","1386280","1350","981","1350","981"
"2019-12-19","5.93","1780400","1780400","1430","1285","1430","1285"
"2019-12-18","0","29700","29700","1350","22","1350","22"
"2019-12-17","3.85","1130595","1130595","1350","833","1350","833"
"2019-12-16","0","462800","462800","1300","356","1300","356"
"2019-12-13","-4.41","268720","268720","1300","202","1300","202"
"2019-12-12","7.09","566255","566255","1360","434","1360","434"
"2019-12-11","0","38100","38100","1270","30","1270","30"
"2019-12-10","-3.79","740400","740400","1270","570","1270","570"
"2019-12-09","3.94","297220","297220","1320","226","1320","226"
"2019-12-06","0.4","2601160","2601160","1270","2057","1270","2057"
"2019-12-05","0","2148000","2148000","1265","1700","1265","1700"
"2019-12-04","0.4","720650","720650","1265","570","1265","570"
"2019-12-03","-0.4","2882505","2882505","1260","2281","1260","2281"
"2019-12-02","-5.95","908175","908175","1265","666","1265","666"
"2019-11-29","6.75","1472525","1472525","1345","1133","1345","1133"
"2019-11-28","-0.79","3784510","3784510","1260","2988","1260","2988"
"2019-11-26","0.4","293300","293300","1270","227","1270","227"
"2019-11-25","-2.69","37950","37950","1265","30","1265","30"
"2019-11-22","0","1723580","1723580","1300","1326","1300","1326"
"2019-11-21","4.42","19500","19500","1300","15","1300","15"
"2019-11-20","-2.35","7530685","7530685","1245","6012","1245","6012"
"2019-11-19","1.59","162980","162980","1275","128","1275","128"
"2019-11-18","0.4","1495045","1495045","1255","1195","1255","1195"
"2019-11-13","-3.85","158500","158500","1250","124","1250","124"
"2019-11-12","4","1414300","1414300","1300","1100","1300","1100"
"2019-11-11","4.17","2246810","2246810","1250","1852","1250","1852"
"2019-11-08","-0.41","466975","466975","1200","389","1200","389"
"2019-11-07","0","357840","357840","1205","298","1205","298"
"2019-11-06","0.42","717310","717310","1205","597","1205","597"
"2019-11-05","0","144500","144500","1200","120","1200","120"
"2019-11-04","0","10468680","10468680","1200","8725","1200","8725"
"2019-10-30","-0.41","1592355","1592355","1200","1326","1200","1326"
"2019-10-29","-1.63","1609590","1609590","1205","1334","1205","1334"
"2019-10-28","0","1746850","1746850","1225","1426","1225","1426"
"2019-10-25","-2","382500","382500","1225","312","1225","312"
"2019-10-24","4.17","5160920","5160920","1250","4260","1250","4260"
"2019-10-23","0","288000","288000","1200","240","1200","240"
"2019-10-22","0.84","4470375","4470375","1200","3742","1200","3742"
"2019-10-21","-0.83","1777860","1777860","1190","1494","1190","1494"
"2019-10-18","0.84","53800","53800","1200","45","1200","45"
"2019-10-17","0","1155020","1155020","1190","970","1190","970"
"2019-10-16","-0.83","687200","687200","1190","573","1190","573"
"2019-10-15","0","76700","76700","1200","64","1200","64"
"2019-10-14","0.84","327800","327800","1200","274","1200","274"
"2019-10-11","0","452350","452350","1190","380","1190","380"
"2019-10-10","0","714000","714000","1190","600","1190","600"
"2019-10-09","0","1618400","1618400","1190","1352","1190","1352"
"2019-10-08","-0.83","207680","207680","1190","174","1190","174"
"2019-10-07","-3.23","1826430","1826430","1200","1522","1200","1522"
"2019-10-04","0","40920","40920","1240","33","1240","33"
"2019-10-03","-0.8","234045","234045","1240","186","1240","186"
"2019-10-02","-2.34","1426425","1426425","1250","1120","1250","1120"
"2019-10-01","0.39","666030","666030","1280","521","1280","521"
"2019-09-30","7.14","382500","382500","1275","300","1275","300"
"2019-09-27","7.21","59500","59500","1190","50","1190","50"
"2019-09-26","-1.77","3410445","3410445","1110","3045","1110","3045"
"2019-09-25","0","378550","378550","1130","335","1130","335"
"2019-09-24","0","1130000","1130000","1130","1000","1130","1000"
"2019-09-23","-7.38","423350","423350","1130","360","1130","360"
"2019-09-20","-5.43","885430","885430","1220","704","1220","704"
"2019-09-19","0.39","11310680","11310680","1290","9088","1290","9088"
"2019-09-18","-1.15","1062300","1062300","1285","819","1285","819"
"2019-09-17","0.78","410900","410900","1300","318","1300","318"
"2019-09-16","-4.09","1693280","1693280","1290","1303","1290","1303"
"2019-09-13","0","122395","122395","1345","91","1345","91"
"2019-09-12","0.37","366620","366620","1345","272","1345","272"
"2019-09-11","1.52","1227940","1227940","1340","939","1340","939"
"2019-09-10","0","513900","513900","1320","389","1320","389"
"2019-09-09","-1.86","979305","979305","1320","740","1320","740"
"2019-09-06","-0.37","295245","295245","1345","219","1345","219"
"2019-09-05","-1.1","372270","372270","1350","274","1350","274"
"2019-09-04","0","215420","215420","1365","158","1365","158"
"2019-09-03","0","95550","95550","1365","70","1365","70"
"2019-09-02","1.87","781540","781540","1365","579","1365","579"
"2019-08-30","-0.74","20100","20100","1340","15","1340","15"
"2019-08-29","-1.46","730000","730000","1350","539","1350","539"
"2019-08-28","-1.44","282705","282705","1370","206","1370","206"
"2019-08-27","0.36","2131975","2131975","1390","1530","1390","1530"
"2019-08-26","-1.07","55725","55725","1385","40","1385","40"
"2019-08-23","0.72","105000","105000","1400","75","1400","75"
"2019-08-22","6.92","159850","159850","1390","115","1390","115"
"2019-08-21","-7.14","4392445","4392445","1300","3355","1300","3355"
"2019-08-20","0","613015","613015","1400","432","1400","432"
"2019-08-19","-1.75","169125","169125","1400","120","1400","120"
"2019-08-16","5.56","229675","229675","1425","163","1425","163"
"2019-08-14","-3.57","1894000","1894000","1350","1400","1350","1400"
"2019-08-13","3.7","1495450","1495450","1400","1068","1400","1068"
"2019-08-09","-3.57","4259000","4259000","1350","3150","1350","3150"
"2019-08-08","3.7","61140","61140","1400","44","1400","44"
"2019-08-06","-3.57","672315","672315","1350","498","1350","498"
"2019-08-05","-1.41","1720225","1720225","1400","1230","1400","1230"
"2019-08-02","-2.07","1675190","1675190","1420","1118","1420","1118"
"2019-08-01","7.41","171710","171710","1450","121","1450","121"
"2019-07-31","-3.57","7620780","7620780","1350","5582","1350","5582"
"2019-07-30","1.82","237025","237025","1400","170","1400","170"
"2019-07-29","-1.79","274050","274050","1375","198","1375","198"
"2019-07-26","0.36","19550","19550","1400","14","1400","14"
"2019-07-25","7.31","6975","6975","1395","5","1395","5"
"2019-07-24","1.96","65000","65000","1300","50","1300","50"
"2019-07-23","0","63750","63750","1275","50","1275","50"
"2019-07-22","-1.92","919500","919500","1275","719","1275","719"
"2019-07-19","4.84","108780","108780","1300","87","1300","87"
"2019-07-18","0","521360","521360","1240","422","1240","422"
"2019-07-17","0.81","839115","839115","1240","669","1240","669"
"2019-07-16","0","952000","952000","1230","772","1230","772"
"2019-07-15","-2.77","560415","560415","1230","451","1230","451"
"2019-07-12","2.85","278300","278300","1265","220","1265","220"
"2019-07-11","-1.6","739295","739295","1230","592","1230","592"
"2019-07-10","-1.19","1434900","1434900","1250","1146","1250","1146"
"2019-07-09","-2.69","551465","551465","1265","427","1265","427"
"2019-07-08","1.17","365300","365300","1300","281","1300","281"
"2019-07-05","-1.91","732590","732590","1285","569","1285","569"
"2019-07-04","0.77","1871430","1871430","1310","1434","1310","1434"
"2019-07-03","-2.26","186340","186340","1300","143","1300","143"
"2019-07-02","-5","67690","67690","1330","49","1330","49"
"2019-07-01","3.7","35000","35000","1400","25","1400","25"
"2019-06-28","1.12","3379005","3379005","1350","2528","1350","2528"
"2019-06-27","2.69","23750","23750","1335","18","1335","18"
"2019-06-26","0","49805","49805","1300","38","1300","38"
"2019-06-25","1.56","582600","582600","1300","452","1300","452"
"2019-06-24","-1.54","269950","269950","1280","210","1280","210"
"2019-06-21","0","276800","276800","1300","215","1300","215"
"2019-06-20","1.17","768930","768930","1300","598","1300","598"
"2019-06-19","0","395705","395705","1285","307","1285","307"
"2019-06-18","0","1874110","1874110","1285","1458","1285","1458"
"2019-06-17","0","749930","749930","1285","583","1285","583"
"2019-06-14","-0.77","730025","730025","1285","565","1285","565"
"2019-06-13","0.39","4692010","4692010","1295","3642","1295","3642"
"2019-06-12","-1.9","1130455","1130455","1290","865","1290","865"
"2019-06-11","-2.23","1305880","1305880","1315","996","1315","996"
"2019-06-07","-0.37","458395","458395","1345","349","1345","349"
"2019-06-06","-3.57","500800","500800","1350","368","1350","368"
"2019-06-05","0","61600","61600","1400","44","1400","44"
"2019-06-03","-3.45","88380","88380","1400","63","1400","63"
"2019-05-31","3.57","12910200","12910200","1450","8814","1450","8814"
"2019-05-29","0","1410755","1410755","1400","1009","1400","1009"
"2019-05-28","1.45","224000","224000","1400","160","1400","160"
"2019-05-27","-3.5","827760","827760","1380","602","1380","602"
"2019-05-24","3.25","512305","512305","1430","385","1430","385"
"2019-05-23","6.54","14707705","14707705","1385","11331","1385","11331"
"2019-05-22","1.17","25621895","25621895","1300","19718","1300","19718"
"2019-05-21","-0.77","223105","223105","1285","173","1285","173"
"2019-05-20","0.39","403880","403880","1295","313","1295","313"
"2019-05-17","-0.39","838595","838595","1290","651","1290","651"
"2019-05-16","0","193365","193365","1295","149","1295","149"
"2019-05-15","-0.38","782705","782705","1295","609","1295","609"
"2019-05-14","0","1020900","1020900","1300","787","1300","787"
"2019-05-13","-5.11","926575","926575","1300","702","1300","702"
"2019-05-10","-0.36","175360","175360","1370","128","1370","128"
"2019-05-09","-1.08","1584295","1584295","1375","1160","1375","1160"
"2019-05-08","-2.11","3608760","3608760","1390","2584","1390","2584"
"2019-05-07","2.16","4832180","4832180","1420","3458","1420","3458"
"2019-05-06","-0.36","1800370","1800370","1390","1301","1390","1301"
"2019-05-03","-2.45","1758630","1758630","1395","1282","1395","1282"
"2019-05-02","5.93","498680","498680","1430","348","1430","348"
"2019-04-30","7.14","6627150","6627150","1350","4909","1350","4909"
"2019-04-29","-2.33","342395","342395","1260","267","1260","267"
"2019-04-26","0","754650","754650","1290","585","1290","585"
"2019-04-25","-0.77","104490","104490","1290","81","1290","81"
"2019-04-24","0","7875850","7875850","1300","6065","1300","6065"
"2019-04-23","4.42","2329960","2329960","1300","1864","1300","1864"
"2019-04-19","3.75","420140","420140","1245","349","1245","349"
"2019-04-18","-3.61","791250","791250","1200","651","1200","651"
"2019-04-17","-0.4","9586660","9586660","1245","7700","1245","7700"
"2019-04-16","0","1817000","1817000","1250","1460","1250","1460"
"2019-04-15","0","200000","200000","1250","160","1250","160"
"2019-04-12","4.6","1455910","1455910","1250","1193","1250","1193"
"2019-04-11","0","414060","414060","1195","348","1195","348"
"2019-04-10","0","643465","643465","1195","537","1195","537"
"2019-04-09","-0.42","1664185","1664185","1195","1427","1195","1427"
"2019-04-08","-2.44","1204200","1204200","1200","996","1200","996"
"2019-04-04","-1.2","269940","269940","1230","218","1230","218"
"2019-04-03","1.22","393330","393330","1245","319","1245","319"
"2019-04-02","0","525570","525570","1230","426","1230","426"
"2019-04-01","-1.2","118985","118985","1230","97","1230","97"
"2019-03-29","7.33","6548445","6548445","1245","5524","1245","5524"
"2019-03-28","-3.33","8309090","8309090","1160","6953","1160","6953"
"2019-03-27","0.42","280450","280450","1200","234","1200","234"
"2019-03-26","3.02","1269260","1269260","1195","1085","1195","1085"
"2019-03-25","-3.33","1577975","1577975","1160","1366","1160","1366"
"2019-03-22","0","846550","846550","1200","706","1200","706"
"2019-03-21","0","1445805","1445805","1200","1242","1200","1242"
"2019-03-20","0","567500","567500","1200","475","1200","475"
"2019-03-19","-1.64","2614515","2614515","1200","2216","1200","2216"
"2019-03-18","-2.4","1155840","1155840","1220","951","1220","951"
"2019-03-15","-3.1","615900","615900","1250","493","1250","493"
"2019-03-14","3.2","1868085","1868085","1290","1494","1290","1494"
"2019-03-13","0.4","859175","859175","1250","720","1250","720"
"2019-03-12","5.51","189755","189755","1245","154","1245","154"
"2019-03-11","0.43","691720","691720","1180","559","1180","559"
"2019-03-08","-0.42","347380","347380","1175","291","1175","291"
"2019-03-07","0","4250150","4250150","1180","3645","1180","3645"
"2019-03-06","-5.6","4025060","4025060","1180","3437","1180","3437"
"2019-03-05","-3.1","597605","597605","1250","496","1250","496"
"2019-03-04","0.39","589855","589855","1290","462","1290","462"
"2019-03-01","-0.77","582425","582425","1285","449","1285","449"
"2019-02-28","-0.38","671115","671115","1295","522","1295","522"
"2019-02-27","0","447375","447375","1300","345","1300","345"
"2019-02-26","-3.35","110500","110500","1300","85","1300","85"
"2019-02-25","3.46","241500","241500","1345","180","1345","180"
"2019-02-22","0","429000","429000","1300","330","1300","330"
"2019-02-21","-3.35","208000","208000","1300","160","1300","160"
"2019-02-20","3.46","730280","730280","1345","550","1345","550"
"2019-02-19","-3.7","910825","910825","1300","691","1300","691"
"2019-02-18","6.72","1502780","1502780","1350","1114","1350","1114"
"2019-02-15","7.2","34900","34900","1265","28","1265","28"
"2019-02-14","0","674960","674960","1180","572","1180","572"
"2019-02-13","0","183840","183840","1180","156","1180","156"
"2019-02-12","0","1117640","1117640","1180","948","1180","948"
"2019-02-11","-1.67","1805545","1805545","1180","1532","1180","1532"
"2019-02-08","0","11917815","11917815","1200","9905","1200","9905"
"2019-02-07","3","143900","143900","1200","120","1200","120"
"2019-02-06","-0.85","660955","660955","1165","567","1165","567"
"2019-02-05","-2.08","1523275","1523275","1175","1313","1175","1313"
"2019-02-04","1.27","353010","353010","1200","295","1200","295"
"2019-02-01","-1.25","613115","613115","1185","495","1185","495"
"2019-01-31","0","160450","160450","1200","129","1200","129"
"2019-01-30","0.84","99600","99600","1200","83","1200","83"
"2019-01-29","0.85","592260","592260","1190","504","1190","504"
"2019-01-28","-1.67","1930885","1930885","1180","1629","1180","1629"
"2019-01-25","0","769000","769000","1200","643","1200","643"
"2019-01-24","0","311600","311600","1200","260","1200","260"
"2019-01-23","-4","1282950","1282950","1200","1044","1200","1044"
"2019-01-22","0","471250","471250","1250","377","1250","377"
"2019-01-21","0","359200","359200","1250","288","1250","288"
"2019-01-18","0","4302000","4302000","1250","3638","1250","3638"
"2019-01-17","-1.96","275000","275000","1250","222","1250","222"
"2019-01-16","6.25","57375","57375","1275","45","1275","45"
"2019-01-15","-4","268440","268440","1200","229","1200","229"
"2019-01-14","0","12500","12500","1250","10","1250","10"
"2019-01-11","0","4427535","4427535","1250","3793","1250","3793"
"2019-01-10","-3.47","314335","314335","1250","251","1250","251"
"2019-01-09","-0.38","680775","680775","1295","525","1295","525"
"2019-01-08","-3.7","7895050","7895050","1300","6069","1300","6069"
"2019-01-07","-2.17","228120","228120","1350","167","1350","167"
"2019-01-04","2.22","175880","175880","1380","127","1380","127"
"2019-01-03","-5.26","750300","750300","1350","555","1350","555"
"2019-01-02","-1.38","870275","870275","1425","619","1425","619"
"2018-12-31","-1.7","476975","476975","1445","330","1445","330"
"2018-12-28","1.73","5057050","5057050","1470","3500","1470","3500"
"2018-12-27","3.21","4585100","4585100","1445","3286","1445","3286"
"2018-12-26","5.66","2646450","2646450","1400","1976","1400","1976"
"2018-12-24","7.29","644125","644125","1325","515","1325","515"
"2018-12-21","7.39","1829440","1829440","1235","1531","1235","1531"
"2018-12-20","0","1360940","1360940","1150","1183","1150","1183"
"2018-12-19","-3.77","1453380","1453380","1150","1259","1150","1259"
"2018-12-18","1.27","4846050","4846050","1195","4080","1195","4080"
"2018-12-17","-7.45","4741785","4741785","1180","4017","1180","4017"
"2018-12-14","-1.92","2686355","2686355","1275","2059","1275","2059"
"2018-12-13","-6.47","2641700","2641700","1300","2002","1300","2002"
"2018-12-12","1.09","72467325","72467325","1390","55812","1390","55812"
"2018-12-11","-3.51","267300","267300","1375","192","1375","192"
"2018-12-10","-1.72","2047550","2047550","1425","1520","1425","1520"
"2018-12-07","1.75","111650","111650","1450","77","1450","77"
"2018-12-06","0","753955","753955","1425","522","1425","522"
"2018-12-05","1.79","183250","183250","1425","130","1425","130"
"2018-12-04","-6.67","418100","418100","1400","282","1400","282"
"2018-12-03","-2.91","229860","229860","1500","152","1500","152"
"2018-11-30","3","434130","434130","1545","287","1545","287"
"2018-11-29","-3.23","10627525","10627525","1500","6893","1500","6893"
"2018-11-28","0","1117650","1117650","1550","738","1550","738"
"2018-11-27","6.9","679435","679435","1550","461","1550","461"
"2018-11-26","0","454050","454050","1450","313","1450","313"
"2018-11-23","3.57","277910","277910","1450","193","1450","193"
"2018-11-22","-4.76","233780","233780","1400","163","1400","163"
"2018-11-21","-2","494005","494005","1470","330","1470","330"
"2018-11-19","-3.23","388225","388225","1500","258","1500","258"
"2018-11-16","0.32","584115","584115","1550","377","1550","377"
"2018-11-14","-0.32","90450","90450","1545","60","1545","60"
"2018-11-13","3.33","28717885","28717885","1550","18451","1550","18451"
"2018-11-12","0","4196550","4196550","1500","2794","1500","2794"
"2018-11-09","-0.99","853095","853095","1500","567","1500","567"
"2018-11-08","1","2395305","2395305","1515","1617","1515","1617"
"2018-11-07","7.14","2797700","2797700","1500","1928","1500","1928"
"2018-11-06","4.48","479550","479550","1400","352","1400","352"
"2018-11-05","2.29","2382315","2382315","1340","1806","1340","1806"
"2018-11-02","0.77","12588550","12588550","1310","9681","1310","9681"
"2018-10-31","-0.76","2619750","2619750","1300","2015","1300","2015"
"2018-10-30","0.77","48050900","48050900","1310","36972","1310","36972"
"2018-10-29","0","388700","388700","1300","299","1300","299"
"2018-10-26","-1.14","166830","166830","1300","131","1300","131"
"2018-10-25","-0.75","660385","660385","1315","505","1315","505"
"2018-10-24","0","218175","218175","1325","165","1325","165"
"2018-10-23","1.92","200850","200850","1325","153","1325","153"
"2018-10-22","-2.26","589540","589540","1300","453","1300","453"
"2018-10-19","-1.12","1713865","1713865","1330","1299","1330","1299"
"2018-10-18","0.37","2839910","2839910","1345","2112","1345","2112"
"2018-10-17","2.29","677850","677850","1340","507","1340","507"
"2018-10-16","-6.43","1903725","1903725","1310","1428","1310","1428"
"2018-10-15","4.87","490500","490500","1400","370","1400","370"
"2018-10-12","1.91","825975","825975","1335","616","1335","616"
"2018-10-11","-7.42","4686450","4686450","1310","3570","1310","3570"
"2018-10-10","1.8","4394100","4394100","1415","3282","1415","3282"
"2018-10-09","-4.14","3121970","3121970","1390","2223","1390","2223"
"2018-10-08","-3.33","838250","838250","1450","575","1450","575"
"2018-10-05","-0.66","2706340","2706340","1500","1802","1500","1802"
"2018-10-04","-0.33","2865530","2865530","1510","1898","1510","1898"
"2018-10-03","0","750015","750015","1515","491","1515","491"
"2018-10-02","-2.88","1828370","1828370","1515","1198","1515","1198"
"2018-10-01","0.65","700635","700635","1560","448","1560","448"
"2018-09-28","0","403150","403150","1550","260","1550","260"
"2018-09-27","-3.13","570250","570250","1550","360","1550","360"
"2018-09-26","-5.04","1490045","1490045","1600","887","1600","887"
"2018-09-25","-0.3","897805","897805","1685","568","1685","568"
"2018-09-24","0","6458100","6458100","1690","3801","1690","3801"
"2018-09-21","2.42","2697430","2697430","1690","1597","1690","1597"
"2018-09-20","2.48","726100","726100","1650","449","1650","449"
"2018-09-19","0.63","273700","273700","1610","170","1610","170"
"2018-09-18","1.27","1694490","1694490","1600","1041","1600","1041"
"2018-09-17","0","1011000","1011000","1580","640","1580","640"
"2018-09-14","-1.25","1541110","1541110","1580","957","1580","957"
"2018-09-13","0.31","17832150","17832150","1600","11145","1600","11145"
"2018-09-12","-0.62","3231900","3231900","1595","2020","1595","2020"
"2018-09-11","-1.83","1089110","1089110","1605","678","1605","678"
"2018-09-10","-0.61","243685","243685","1635","151","1635","151"
"2018-09-07","0","92120","92120","1645","56","1645","56"
"2018-09-06","4.11","22948445","22948445","1645","14333","1645","14333"
"2018-09-05","1.28","24799835","24799835","1580","15706","1580","15706"
"2018-09-04","-5.17","499115","499115","1560","314","1560","314"
"2018-09-03","1.54","544630","544630","1645","338","1645","338"
"2018-08-31","-4.71","1299550","1299550","1620","789","1620","789"
"2018-08-30","0","4119750","4119750","1700","2433","1700","2433"
"2018-08-29","5.59","3785800","3785800","1700","2295","1700","2295"
"2018-08-28","0.63","809850","809850","1610","505","1610","505"
"2018-08-27","0.31","84876650","84876650","1600","52889","1600","52889"
"2018-08-24","0","565940","565940","1595","354","1595","354"
"2018-08-23","5.98","8046850","8046850","1595","5045","1595","5045"
"2018-08-22","0","5239285","5239285","1505","3472","1505","3472"
"2018-08-20","-5.64","13027910","13027910","1505","8178","1505","8178"
"2018-08-17","6.33","10047840","10047840","1595","6640","1595","6640"
"2018-08-16","-3.23","2454300","2454300","1500","1595","1500","1595"
"2018-08-14","0","1678650","1678650","1550","1083","1550","1083"
"2018-08-13","0","4109600","4109600","1550","2652","1550","2652"
"2018-08-10","3.33","886250","886250","1550","575","1550","575"
"2018-08-09","-3.23","3170905","3170905","1500","2081","1500","2081"
"2018-08-08","3.33","1452000","1452000","1550","920","1550","920"
"2018-08-03","-5.96","1160650","1160650","1500","755","1500","755"
"2018-08-02","0","7028300","7028300","1595","4592","1595","4592"
"2018-08-01","7.05","1443700","1443700","1595","910","1595","910"
"2018-07-31","0","1770070","1770070","1490","1185","1490","1185"
"2018-07-30","-3.56","5320005","5320005","1490","3532","1490","3532"
"2018-07-27","3","601460","601460","1545","392","1545","392"
"2018-07-26","-5.96","658750","658750","1500","432","1500","432"
"2018-07-25","-0.31","917405","917405","1595","574","1595","574"
"2018-07-24","-0.62","1012000","1012000","1600","629","1600","629"
"2018-07-23","-2.42","642070","642070","1610","392","1610","392"
"2018-07-20","0","7957890","7957890","1650","4838","1650","4838"
"2018-07-19","0","1152650","1152650","1650","683","1650","683"
"2018-07-18","-2.94","485800","485800","1650","292","1650","292"
"2018-07-17","0","628075","628075","1700","365","1700","365"
"2018-07-16","0","511750","511750","1700","299","1700","299"
"2018-07-13","-0.87","8588050","8588050","1700","4891","1700","4891"
"2018-07-12","-2","399760","399760","1715","227","1715","227"
"2018-07-11","-0.57","4456155","4456155","1750","2543","1750","2543"
"2018-07-10","0.57","959750","959750","1760","545","1760","545"
"2018-07-09","-2.23","4397240","4397240","1750","2455","1750","2455"
"2018-07-06","-0.28","2368810","2368810","1790","1323","1790","1323"
"2018-07-05","0.28","1492840","1492840","1795","835","1795","835"
"2018-07-04","0","2050570","2050570","1790","1153","1790","1153"
"2018-07-03","-0.28","1544945","1544945","1790","863","1790","863"
"2018-07-02","0","55950940","55950940","1795","31280","1795","31280"
"2018-06-29","0","768045","768045","1795","432","1795","432"
"2018-06-28","5.59","2415835","2415835","1795","1413","1795","1413"
"2018-06-27","0","619300","619300","1700","364","1700","364"
"2018-06-26","0.29","2107075","2107075","1700","1245","1700","1245"
"2018-06-25","-0.29","148920","148920","1695","88","1695","88"
"2018-06-22","0.59","1341180","1341180","1700","792","1700","792"
"2018-06-21","0.6","447600","447600","1690","266","1690","266"
"2018-06-20","0","2305940","2305940","1680","1371","1680","1371"
"2018-06-19","0","1174245","1174245","1680","699","1680","699"
"2018-06-18","-0.59","2407400","2407400","1680","1432","1680","1432"
"2018-06-15","0.6","1610680","1610680","1690","955","1690","955"
"2018-06-13","-0.59","3316090","3316090","1680","1998","1680","1998"
"2018-06-12","4.97","1133040","1133040","1690","675","1690","675"
"2018-06-08","7.33","4232235","4232235","1610","2760","1610","2760"
"2018-06-07","1.69","1748590","1748590","1500","1181","1500","1181"
"2018-06-06","7.27","4277425","4277425","1475","3119","1475","3119"
"2018-06-05","5.77","1685120","1685120","1375","1242","1375","1242"
"2018-06-04","0","11153680","11153680","1300","8587","1300","8587"
"2018-06-01","0.39","2434900","2434900","1300","1873","1300","1873"
"2018-05-31","-0.38","3203245","3203245","1295","2446","1295","2446"
"2018-05-30","-7.14","10525220","10525220","1300","7711","1300","7711"
"2018-05-29","-6.67","523550","523550","1400","372","1400","372"
"2018-05-28","3.45","4489600","4489600","1500","3139","1500","3139"
"2018-05-25","-3.33","474150","474150","1450","327","1450","327"
"2018-05-24","0.33","1408810","1408810","1500","941","1500","941"
"2018-05-23","-0.33","843255","843255","1495","564","1495","564"
"2018-05-22","1.35","1781160","1781160","1500","1191","1500","1191"
"2018-05-18","5.71","2304015","2304015","1480","1595","1480","1595"
"2018-05-17","0","3723890","3723890","1400","2660","1400","2660"
"2018-05-16","-6.67","1486415","1486415","1400","1019","1400","1019"
"2018-05-15","0","2808195","2808195","1500","1864","1500","1864"
"2018-05-14","1.35","1289550","1289550","1500","845","1500","845"
"2018-05-11","-7.5","928600","928600","1480","607","1480","607"
"2018-05-09","-5.6","1886290","1886290","1600","1157","1600","1157"
"2018-05-08","4.63","144075","144075","1695","85","1695","85"
"2018-05-07","-7.43","807870","807870","1620","484","1620","484"
"2018-05-04","-2.78","1192805","1192805","1750","665","1750","665"
"2018-05-03","-2.7","1863150","1863150","1800","1016","1800","1016"
"2018-05-02","-7.04","1713830","1713830","1850","906","1850","906"
"2018-04-30","4.74","497500","497500","1990","250","1990","250"
"2018-04-27","-4.52","4612845","4612845","1900","2349","1900","2349"
"2018-04-26","-0.25","7644885","7644885","1990","3965","1990","3965"
"2018-04-25","0","1826325","1826325","1995","912","1995","912"
"2018-04-24","-0.25","3808385","3808385","1995","1903","1995","1903"
"2018-04-23","0","842230","842230","2000","422","2000","422"
"2018-04-20","-1.96","858470","858470","2000","425","2000","425"
"2018-04-19","-0.24","745325","745325","2040","373","2040","373"
"2018-04-18","-2.62","17776150","17776150","2045","8579","2045","8579"
"2018-04-17","0","1022700","1022700","2100","507","2100","507"
"2018-04-16","-2.33","39900","39900","2100","19","2100","19"
"2018-04-13","0","6499500","6499500","2150","3171","2150","3171"
"2018-04-12","0.47","2273050","2273050","2150","1068","2150","1068"
"2018-04-11","7.27","1957895","1957895","2140","945","2140","945"
"2018-04-10","-2.68","896800","896800","1995","438","1995","438"
"2018-04-09","2.5","1942900","1942900","2050","918","2050","918"
"2018-04-06","-1.72","9925675","9925675","2000","4958","2000","4958"
"2018-04-05","-7.5","1676400","1676400","2035","810","2035","810"
"2018-04-04","0","2066935","2066935","2200","908","2200","908"
"2018-04-03","5.26","5367400","5367400","2200","2655","2200","2655"
"2018-03-30","4.5","1299720","1299720","2090","647","2090","647"
"2018-03-29","0.25","2751855","2751855","2000","1361","2000","1361"
"2018-03-28","0","1506870","1506870","1995","756","1995","756"
"2018-03-27","-0.25","1360075","1360075","1995","672","1995","672"
"2018-03-26","-4.76","1734000","1734000","2000","867","2000","867"
"2018-03-23","5.26","1169700","1169700","2100","584","2100","584"
"2018-03-22","2.31","167480800","167480800","1995","85195","1995","85195"
"2018-03-21","-1.76","2504750","2504750","1950","1301","1950","1301"
"2018-03-20","-0.5","20803695","20803695","1985","10604","1985","10604"
"2018-03-19","-0.25","23172500","23172500","1995","12003","1995","12003"
"2018-03-16","0.5","6402500","6402500","2000","3200","2000","3200"
"2018-03-15","3.11","45265550","45265550","1990","22674","1990","22674"
"2018-03-14","1.58","49267065","49267065","1930","25560","1930","25560"
"2018-03-13","-2.31","3980275","3980275","1900","2094","1900","2094"
"2018-03-12","2.37","4001570","4001570","1945","2065","1945","2065"
"2018-03-09","-2.56","7984585","7984585","1900","4173","1900","4173"
"2018-03-08","0","3812700","3812700","1950","1981","1950","1981"
"2018-03-07","-0.26","2829475","2829475","1950","1448","1950","1448"
"2018-03-06","0","2860660","2860660","1955","1458","1955","1458"
"2018-03-05","-1.51","9597420","9597420","1955","4829","1955","4829"
"2018-03-02","0","695005","695005","1985","350","1985","350"
"2018-03-01","0","1803875","1803875","1985","907","1985","907"
"2018-02-28","-0.25","2312260","2312260","1985","1164","1985","1164"
"2018-02-27","0","2448500","2448500","1990","1228","1990","1228"
"2018-02-26","-0.5","766110","766110","1990","389","1990","389"
"2018-02-23","0.5","4323200","4323200","2000","2171","2000","2171"
"2018-02-22","-0.5","1243250","1243250","1990","639","1990","639"
"2018-02-21","0.5","2738775","2738775","2000","1397","2000","1397"
"2018-02-20","2.05","2965760","2965760","1990","1496","1990","1496"
"2018-02-19","-2.01","1431000","1431000","1950","730","1950","730"
"2018-02-16","0.51","3849995","3849995","1990","1934","1990","1934"
"2018-02-15","-0.5","1236680","1236680","1980","626","1980","626"
"2018-02-14","1.53","1285920","1285920","1990","645","1990","645"
"2018-02-13","0.51","318100","318100","1960","160","1960","160"
"2018-02-12","0","664620","664620","1950","338","1950","338"
"2018-02-09","0","1317350","1317350","1950","676","1950","676"
"2018-02-08","-2.5","879340","879340","1950","447","1950","447"
"2018-02-07","0","1290835","1290835","2000","648","2000","648"
"2018-02-06","5.26","5321440","5321440","2000","2672","2000","2672"
"2018-02-05","0","2939200","2939200","1900","1541","1900","1541"
"2018-02-02","5.56","794498030","794498030","1900","441342","1900","441342"
"2018-02-01","0","1965365","1965365","1800","1092","1800","1092"
"2018-01-31","-4.76","2570020","2570020","1800","1389","1800","1389"
"2018-01-30","-3.08","2069410","2069410","1890","1078","1890","1078"
"2018-01-29","-2.5","1667705","1667705","1950","854","1950","854"
"2018-01-26","5.26","46808470","46808470","2000","24812","2000","24812"
"2018-01-25","0","4088300","4088300","1900","2113","1900","2113"
"2018-01-24","2.7","15874230","15874230","1900","8370","1900","8370"
"2018-01-23","-7.5","6140520","6140520","1850","3144","1850","3144"
"2018-01-22","0.76","9961000","9961000","2000","4983","2000","4983"
"2018-01-19","0","1305330","1305330","1985","658","1985","658"
"2018-01-18","0.25","1767400","1767400","1985","889","1985","889"
"2018-01-17","-0.25","4836280","4836280","1980","2438","1980","2438"
"2018-01-16","0.25","1059950","1059950","1985","534","1985","534"
"2018-01-15","0","895360","895360","1980","455","1980","455"
"2018-01-12","-0.5","2989810","2989810","1980","1499","1980","1499"
"2018-01-11","-0.25","2540900","2540900","1990","1271","1990","1271"
"2018-01-10","0","7668010","7668010","1995","3840","1995","3840"
"2018-01-09","0.5","495250","495250","1995","248","1995","248"
"2018-01-08","-0.75","2266055","2266055","1985","1135","1985","1135"
"2018-01-05","0","3781100","3781100","2000","1866","2000","1866"
"2018-01-04","0.5","2645500","2645500","2000","1283","2000","1283"
"2018-01-03","-5.01","15456540","15456540","1990","7379","1990","7379"
"2018-01-02","-0.24","852745","852745","2095","416","2095","416"
"2017-12-29","0","22685650","22685650","2100","10990","2100","10990"
"2017-12-28","-6.67","2260800","2260800","2100","1061","2100","1061"
"2017-12-27","7.14","1467725","1467725","2250","705","2250","705"
"2017-12-26","-1.41","1013440","1013440","2100","479","2100","479"
"2017-12-22","7.3","46633080","46633080","2130","24836","2130","24836"
"2017-12-21","0","3956800","3956800","1985","1918","1985","1918"
"2017-12-20","-5.48","1524565","1524565","1985","767","1985","767"
"2017-12-19","5.79","20348960","20348960","2100","10195","2100","10195"
"2017-12-18","-0.25","417200","417200","1985","210","1985","210"
"2017-12-15","5.01","2925555","2925555","1990","1608","1990","1608"
"2017-12-14","-5.25","2681415","2681415","1895","1365","1895","1365"
"2017-12-13","2.83","12800745","12800745","2000","6679","2000","6679"
"2017-12-12","-2.75","4299180","4299180","1945","2271","1945","2271"
"2017-12-11","5.54","3011050","3011050","2000","1608","2000","1608"
"2017-12-08","2.43","5963315","5963315","1895","3240","1895","3240"
"2017-12-07","-6.8","1061360","1061360","1850","553","1850","553"
"2017-12-06","7.3","3162055","3162055","1985","1704","1985","1704"
"2017-12-05","-2.63","2484550","2484550","1850","1269","1850","1269"
"2017-12-04","-4.76","533500","533500","1900","277","1900","277"
"2017-11-30","0","3121730","3121730","1995","1564","1995","1564"
"2017-11-29","0","1556625","1556625","1995","780","1995","780"
"2017-11-28","0","7105550","7105550","1995","3610","1995","3610"
"2017-11-27","2.31","1081900","1081900","1995","542","1995","542"
"2017-11-24","-2.5","4783670","4783670","1950","2486","1950","2486"
"2017-11-23","0.25","64370000","64370000","2000","32185","2000","32185"
"2017-11-22","-0.25","1989705","1989705","1995","994","1995","994"
"2017-11-21","0","2403400","2403400","2000","1195","2000","1195"
"2017-11-20","-4.76","1059565","1059565","2000","522","2000","522"
"2017-11-17","-2.1","3015700","3015700","2100","1490","2100","1490"
"2017-11-16","2.14","2200650","2200650","2145","1031","2145","1031"
"2017-11-14","-2.1","1372785","1372785","2100","653","2100","653"
"2017-11-13","-7.34","2364905","2364905","2145","1080","2145","1080"
"2017-11-10","-7.4","2967885","2967885","2315","1201","2315","1201"
"2017-11-09","0","2736595","2736595","2500","1116","2500","1116"
"2017-11-08","0","3283075","3283075","2500","1379","2500","1379"
"2017-11-07","-3.47","11454720","11454720","2500","4572","2500","4572"
"2017-11-06","-7.33","2452215","2452215","2590","923","2590","923"
"2017-11-03","-6.83","2402390","2402390","2795","849","2795","849"
"2017-11-02","0.5","14796395","14796395","3000","5037","3000","5037"
"2017-10-31","7.37","1428445","1428445","2985","491","2985","491"
"2017-10-30","-0.54","842685","842685","2780","302","2780","302"
"2017-10-27","-2.61","5946750","5946750","2795","2162","2795","2162"
"2017-10-26","-7.42","3726755","3726755","2870","1281","2870","1281"
"2017-10-25","3.68","20902835","20902835","3100","7005","3100","7005"
"2017-10-24","3.1","5903135","5903135","2990","1999","2990","1999"
"2017-10-23","-5.07","3496840","3496840","2900","1168","2900","1168"
"2017-10-20","-1.93","230582570","230582570","3055","74031","3055","74031"
"2017-10-19","7.41","31150","31150","3115","10","3115","10"
"2017-10-18","7.41","12853255","12853255","2900","4660","57995","233"
"2017-10-17","0.19","8118500","8118500","2700","2980","54000","149"
"2017-10-16","-2","646800","646800","2695","240","53900","12"
"2017-10-13","-1.79","28432460","28432460","2750","10340","55000","517"
"2017-10-12","1.78","4383000","4383000","2800","1600","56000","80"
"2017-10-11","-4.31","59505325","59505325","2751","21640","55010","1082"
"2017-10-10","-0.86","287500","287500","2875","100","57500","5"
"2017-10-09","0","111645","111645","2900","40","57995","2"
"2017-10-06","0","1179200","1179200","2900","420","58000","21"
"2017-10-05","5.45","4948450","4948450","2900","1720","58000","86"
"2017-10-04","0","3858900","3858900","2750","1400","55000","70"
"2017-10-03","-3.51","165000","165000","2750","60","55000","3"
"2017-10-02","-1.55","5838000","5838000","2850","2020","57000","101"
"2017-09-29","1.58","4586200","4586200","2895","1600","57900","80"
"2017-09-28","0.28","4332000","4332000","2850","1520","57000","76"
"2017-09-26","-2","397880","397880","2842","140","56840","7"
"2017-09-22","0","5631605","5631605","2900","1940","57995","97"
"2017-09-21","-0.85","928000","928000","2900","320","58000","16"
"2017-09-20","2.63","8776550","8776550","2925","3060","58500","153"
"2017-09-19","-4.84","1216950","1216950","2850","420","57000","21"
"2017-09-18","0","299500","299500","2995","100","59900","5"
"2017-09-15","-0.17","1201400","1201400","2995","420","59900","21"
"2017-09-14","3.45","2033600","2033600","3000","700","60000","35"
"2017-09-13","1.75","4912000","4912000","2900","1720","58000","86"
"2017-09-12","-5","2907215","2907215","2850","1020","57000","51"
"2017-09-11","0","120000","120000","3000","40","60000","2"
"2017-09-08","4.71","1625300","1625300","3000","560","60000","28"
"2017-09-07","-4.5","1844100","1844100","2865","640","57300","32"
"2017-09-06","0","60000","60000","3000","20","60000","1"
"2017-09-05","4.71","780000","780000","3000","260","60000","13"
"2017-09-04","-6.83","946200","946200","2865","320","57300","16"
"2017-08-31","0","61490","61490","3075","20","61490","1"
"2017-08-30","0","3013380","3013380","3075","1040","61495","52"
"2017-08-29","0","9286660","9286660","3075","3020","61490","151"
"2017-08-28","-0.81","369000","369000","3075","120","61500","6"
"2017-08-25","0","3665900","3665900","3100","1260","62000","63"
"2017-08-23","3.33","186000","186000","3100","60","62000","3"
"2017-08-22","5.26","60000","60000","3000","20","60000","1"
"2017-08-21","-5","11965800","11965800","2850","4160","57000","208"
"2017-08-18","0","7824500","7824500","3000","2620","60000","131"
"2017-08-17","-0.83","23340445","23340445","3000","7780","60000","389"
"2017-08-16","0.83","7882640","7882640","3025","2560","60500","128"
"2017-08-14","-3.19","5748575","5748575","3000","1900","60000","95"
"2017-08-11","-7.49","48775475","48775475","3099","15340","61975","767"
"2017-08-10","-3.6","333280","333280","3350","100","67000","5"
"2017-08-09","1.02","12213600","12213600","3475","3560","69500","178"
"2017-08-08","1.93","3978440","3978440","3440","1180","68800","59"
"2017-08-04","-0.74","1654995","1654995","3375","520","67495","26"
"2017-08-03","-1.16","4378700","4378700","3400","1320","68000","66"
"2017-08-02","0","22022900","22022900","3440","6440","68800","322"
"2017-08-01","0","35455475","35455475","3440","10320","68795","516"
"2017-07-31","0","14222530","14222530","3440","4200","68800","210"
"2017-07-28","0","8555000","8555000","3440","2500","68800","125"
"2017-07-26","4.24","35230900","35230900","3440","10560","68800","528"
"2017-07-25","1.54","13096800","13096800","3300","4040","66000","202"
"2017-07-24","4.84","5734000","5734000","3250","1840","65000","92"
"2017-07-21","0","2568090","2568090","3100","840","62000","42"
"2017-07-20","-6.99","1236550","1236550","3100","400","62000","20"
"2017-07-19","7.52","9188500","9188500","3333","3120","66650","156"
"2017-07-18","6.9","1104015","1104015","3100","360","62000","18"
"2017-07-17","-6.45","1044000","1044000","2900","360","58000","18"
"2017-07-14","-1.59","6314050","6314050","3100","2120","62000","106"
"2017-07-13","0.16","809640","809640","3150","260","63000","13"
"2017-07-12","-7.5","192700","192700","3145","60","62900","3"
"2017-07-11","1.49","4318770","4318770","3400","1300","68000","65"
"2017-07-07","-4.29","335000","335000","3350","100","67000","5"
"2017-07-05","2.94","5674150","5674150","3500","1700","70000","85"
"2017-07-04","0","1915000","1915000","3400","600","68000","30"
"2017-06-30","0.03","18133025","18133025","3400","5640","68000","282"
"2017-06-29","-0.03","2422385","2422385","3399","760","67985","38"
"2017-06-28","6.25","17869695","17869695","3400","5260","67995","263"
"2017-06-27","0","2944000","2944000","3200","920","64000","46"
"2017-06-23","0","2556000","2556000","3200","840","64000","42"
"2017-06-21","-0.78","6656500","6656500","3200","2080","64005","104"
"2017-06-20","7.5","1240575","1240575","3225","420","64500","21"
"2017-06-19","-6.25","28566000","28566000","3000","8920","60000","446"
"2017-06-16","-1.17","640000","640000","3200","200","64000","10"
"2017-06-15","-7.49","53821250","53821250","3238","16600","64750","830"
"2017-06-14","1.74","41052000","41052000","3500","11740","70000","587"
"2017-06-13","7.5","43119000","43119000","3440","13160","68800","658"
"2017-06-12","0","2560000","2560000","3200","800","64000","40"
"2017-06-09","-5.88","16559000","16559000","3200","5180","64000","259"
"2017-06-08","-6.21","476000","476000","3400","140","68000","7"
"2017-06-07","7.25","96475000","96475000","3625","27920","72500","1396"
"2017-06-06","5.63","6864200","6864200","3380","2060","67600","103"
"2017-06-02","0","17215775","17215775","3200","5380","64000","269"
"2017-06-01","-6.98","9507375","9507375","3200","2960","64000","148"
"2017-05-31","1.59","5006475","5006475","3440","1480","68800","74"
"2017-05-30","7.49","9354950","9354950","3386","2920","67725","146"
"2017-05-29","-1.56","6987075","6987075","3150","2200","63000","110"
"2017-05-26","-6.98","7484660","7484660","3200","2260","64000","113"
"2017-05-24","5.85","5684000","5684000","3440","1680","68800","84"
"2017-05-23","3.17","6163400","6163400","3250","1880","65000","94"
"2017-05-22","-7.35","45007375","45007375","3150","13680","63000","684"
"2017-05-19","6.25","31577000","31577000","3400","9740","68000","487"
"2017-05-18","-6.98","1608035","1608035","3200","500","64005","25"
"2017-05-17","7.47","7760100","7760100","3440","2400","68800","120"
"2017-05-16","-6.95","64010","64010","3201","20","64010","1"
"2017-05-12","7.5","7689740","7689740","3440","2400","68800","120"
"2017-05-11","0","1344015","1344015","3200","420","64000","21"
"2017-05-10","0","1353000","1353000","3200","420","64000","21"
"2017-05-09","0","3714025","3714025","3200","1160","64000","58"
"2017-05-08","-0.78","5588000","5588000","3200","1740","64000","87"
"2017-05-05","-0.77","4865500","4865500","3225","1480","64500","74"
"2017-05-04","-7.14","3724000","3724000","3250","1140","65000","57"
"2017-05-03","-2.64","24279950","24279950","3500","7160","70000","358"
"2017-05-02","2.89","18690760","18690760","3595","5340","71900","267"
"2017-04-28","7.51","2096250","2096250","3494","600","69875","30"
"2017-04-27","0","995000","995000","3250","300","65000","15"
"2017-04-26","0","12358200","12358200","3250","3800","65000","190"
"2017-04-25","0","16637230","16637230","3250","4980","64995","249"
"2017-04-24","-2.99","7835000","7835000","3250","2400","65000","120"
"2017-04-21","3.08","3015000","3015000","3350","900","67000","45"
"2017-04-20","-2.99","5749045","5749045","3250","1720","65005","86"
"2017-04-19","-1.47","18519000","18519000","3350","5460","67000","273"
"2017-04-18","-2.86","21304055","21304055","3400","6240","68000","312"
"2017-04-13","-2.78","2745000","2745000","3500","780","70000","39"
"2017-04-12","4.35","1728000","1728000","3600","480","72000","24"
"2017-04-11","1.47","4094225","4094225","3450","1200","69000","60"
"2017-04-10","-4.23","2179000","2179000","3400","640","68000","32"
"2017-04-07","4.41","967900","967900","3550","280","71000","14"
"2017-04-06","-4.23","1771125","1771125","3400","520","68005","26"
"2017-04-05","-1.39","1286000","1286000","3550","360","71000","18"
"2017-04-04","-2.7","2088000","2088000","3600","580","72000","29"
"2017-03-31","0","11263950","11263950","3700","3100","74000","155"
"2017-03-30","5.71","4226000","4226000","3700","1220","74000","61"
"2017-03-29","1.45","13554350","13554350","3500","4100","70000","205"
"2017-03-28","6.15","3977000","3977000","3450","1220","69000","61"
"2017-03-27","0","11635000","11635000","3250","3580","65000","179"
"2017-03-24","0","6565005","6565005","3250","2020","65000","101"
"2017-03-23","0.78","120120000","120120000","3250","36960","65000","1848"
"2017-03-22","-3.73","205560500","205560500","3225","63340","64500","3167"
"2017-03-21","0","3465000","3465000","3350","1060","67000","53"
"2017-03-20","-1.47","335000","335000","3350","100","67000","5"
"2017-03-17","3.03","465000","465000","3400","140","68000","7"
"2017-03-16","1.54","660000","660000","3300","200","66000","10"
"2017-03-15","-1.52","7025000","7025000","3250","2140","65000","107"
"2017-03-14","-1.35","2586200","2586200","3300","780","66000","39"
"2017-03-13","-0.15","20160190","20160190","3345","6200","66900","310"
"2017-03-10","3.08","3384000","3384000","3350","1040","67000","52"
"2017-03-09","-0.76","124486100","124486100","3250","38300","65000","1915"
"2017-03-08","-2.24","4985500","4985500","3275","1520","65500","76"
"2017-03-07","0","7896000","7896000","3350","2360","67000","118"
"2017-03-06","0","3970000","3970000","3350","1200","67000","60"
"2017-03-03","0","21256150","21256150","3350","6440","67000","322"
"2017-03-02","0","6099480","6099480","3350","1800","66995","90"
"2017-03-01","-4.29","2967010","2967010","3350","880","67000","44"
"2017-02-28","2.94","12430025","12430025","3500","3640","70000","182"
"2017-02-27","0","10913420","10913420","3400","3320","68000","166"
"2017-02-24","0","2014050","2014050","3400","600","68000","30"
"2017-02-23","1.49","1023935","1023935","3400","300","67995","15"
"2017-02-22","-4.29","47663765","47663765","3350","14140","67000","707"
"2017-02-21","0","271534825","271534825","3500","81200","70000","4060"
"2017-02-20","4.48","5785100","5785100","3500","1700","70000","85"
"2017-02-17","0","6072000","6072000","3350","1840","67000","92"
"2017-02-16","-2.19","1008000","1008000","3350","300","67000","15"
"2017-02-15","0.74","2205500","2205500","3425","660","68500","33"
"2017-02-14","0","6976065","6976065","3400","2040","68000","102"
"2017-02-13","-2.86","1904190","1904190","3400","560","68005","28"
"2017-02-10","2.94","41329980","41329980","3500","12160","70000","608"
"2017-02-09","0.03","5357020","5357020","3400","1580","67995","79"
"2017-02-08","-1.48","11314930","11314930","3399","3440","67985","172"
"2017-02-07","0","886985","886985","3450","260","68995","13"
"2017-02-06","1.47","4446000","4446000","3450","1300","69000","65"
"2017-02-03","4.62","5791380","5791380","3400","1780","68000","89"
"2017-02-02","0","3718700","3718700","3250","1120","65005","56"
"2017-02-01","0","166715500","166715500","3250","51240","65000","2562"
"2017-01-31","0","1105000","1105000","3250","340","65000","17"
"2017-01-30","-2.99","4041000","4041000","3250","1220","65000","61"
"2017-01-27","-0.59","5688000","5688000","3350","1760","67000","88"
"2017-01-26","-1.75","741280","741280","3370","220","67400","11"
"2017-01-25","-2","1506590","1506590","3430","440","68590","22"
"2017-01-24","1.6","5264000","5264000","3500","1520","70000","76"
"2017-01-23","-0.14","3656300","3656300","3445","1060","68900","53"
"2017-01-20","-1.43","2070000","2070000","3450","600","69000","30"
"2017-01-19","0","904960","904960","3500","260","69995","13"
"2017-01-18","0","15960000","15960000","3500","4560","70000","228"
"2017-01-17","-1.41","15918000","15918000","3500","4500","70000","225"
"2017-01-13","-4.05","11381945","11381945","3550","3200","71000","160"
"2017-01-12","1.37","2419000","2419000","3700","660","74000","33"
"2017-01-11","-1.35","802950","802950","3650","220","73000","11"
"2017-01-09","1.37","1972000","1972000","3700","540","74000","27"
"2017-01-06","-2.67","502000","502000","3650","140","73000","7"
"2017-01-05","0","1875000","1875000","3750","500","75000","25"
"2017-01-04","7.14","5885265","5885265","3750","1640","75000","82"
"2017-01-03","-6.04","2274050","2274050","3500","640","70005","32"
"2016-12-30","0","17363950","17363950","3725","4660","74500","233"
"2016-12-29","0","595500","595500","3725","160","74500","8"
"2016-12-28","0","745000","745000","3725","200","74500","10"
"2016-12-27","6.43","112248425","112248425","3725","30140","74500","1507"
"2016-12-23","-5.41","3500250","3500250","3500","1000","70005","50"
"2016-12-22","-1.33","2151000","2151000","3700","580","74000","29"
"2016-12-21","0","6450000","6450000","3750","1720","75000","86"
"2016-12-20","-0.66","5325010","5325010","3750","1480","75000","74"
"2016-12-15","0.67","517500","517500","3775","140","75500","7"
"2016-12-14","1.35","8604000","8604000","3750","2340","75000","117"
"2016-12-13","-1.67","4488000","4488000","3700","1280","74000","64"
"2016-12-09","7.51","1246550","1246550","3763","340","75255","17"
"2016-12-08","-6.91","980010","980010","3500","280","70005","14"
"2016-12-07","7.43","586000","586000","3760","160","75200","8"
"2016-12-06","-6.67","2279890","2279890","3500","620","70000","31"
"2016-12-05","-0.66","525000","525000","3750","140","75000","7"
"2016-12-02","0.67","223278500","223278500","3775","60340","75500","3017"
"2016-12-01","0","6075000","6075000","3750","1620","75000","81"
"2016-11-30","0","8325000","8325000","3750","2220","75000","111"
"2016-11-29","3.59","8663800","8663800","3750","2360","75000","118"
"2016-11-28","0.56","3695690","3695690","3620","1040","72400","52"
"2016-11-25","0","71990","71990","3600","20","71990","1"
"2016-11-24","-1.37","9720900","9720900","3600","2700","72000","135"
"2016-11-23","7.32","4111120","4111120","3650","1140","73000","57"
"2016-11-22","0.86","3082515","3082515","3401","900","68010","45"
"2016-11-21","0","67440","67440","3372","20","67440","1"
"2016-11-18","-7.49","1281360","1281360","3372","380","67440","19"
"2016-11-17","-0.14","1458000","1458000","3645","400","72900","20"
"2016-11-16","4.29","4700730","4700730","3650","1300","72995","65"
"2016-11-14","-4.11","2247000","2247000","3500","640","70000","32"
"2016-11-11","2.82","7797000","7797000","3650","2140","73000","107"
"2016-11-10","0","1820985","1820985","3550","500","71000","25"
"2016-11-09","0","3067050","3067050","3550","860","71005","43"
"2016-11-08","-5.33","7889000","7889000","3550","2180","71000","109"
"2016-11-07","0","1537000","1537000","3750","420","75000","21"
"2016-11-04","-0.66","10524185","10524185","3750","2880","75000","144"
"2016-11-03","0","75500","75500","3775","20","75500","1"
"2016-11-02","3.42","6082350","6082350","3775","1660","75500","83"
"2016-10-31","-2.67","2774000","2774000","3650","760","73000","38"
"2016-10-28","2.74","13023125","13023125","3750","3500","75000","175"
"2016-10-27","0","4971000","4971000","3650","1360","73000","68"
"2016-10-26","0","2342227000","2342227000","3650","641700","73000","32085"
"2016-10-25","0","9373000","9373000","3650","2560","73000","128"
"2016-10-24","0","876000","876000","3650","240","73000","12"
"2016-10-21","-1.35","1168000","1168000","3650","320","73000","16"
"2016-10-20","2.78","8831000","8831000","3700","2400","74000","120"
"2016-10-19","-1.37","13392000","13392000","3600","3720","72000","186"
"2016-10-18","-1.35","2546955","2546955","3650","700","73000","35"
"2016-10-17","1.37","25574015","25574015","3700","6980","74000","349"
"2016-10-14","-2.67","2789000","2789000","3650","760","73000","38"
"2016-10-13","-0.66","896000","896000","3750","240","75000","12"
"2016-10-12","0","454250","454250","3775","120","75500","6"
"2016-10-11","0","40452500","40452500","3775","10740","75500","537"
"2016-10-10","0.67","3907290","3907290","3775","1040","75500","52"
"2016-10-07","0","5262230","5262230","3750","1400","75005","70"
"2016-10-06","2.74","3300020","3300020","3750","880","75005","44"
"2016-10-05","-2.67","13880000","13880000","3650","3800","73000","190"
"2016-10-04","0.81","28036370","28036370","3750","7480","75000","374"
"2016-10-03","-0.77","963200","963200","3720","260","74400","13"
"2016-09-30","2.71","12421880","12421880","3749","3400","74980","170"
"2016-09-29","-2.67","11484000","11484000","3650","3120","73000","156"
"2016-09-28","0","9791660","9791660","3750","2640","75000","132"
"2016-09-27","0.67","5505650","5505650","3750","1480","75000","74"
"2016-09-26","1.36","2807350","2807350","3725","760","74500","38"
"2016-09-23","-2","955500","955500","3675","260","73500","13"
"2016-09-22","0","7575000","7575000","3750","2020","75000","101"
"2016-09-21","-0.21","27544700","27544700","3750","7360","75000","368"
"2016-09-20","0","75150","75150","3758","20","75150","1"
"2016-09-19","0","6913850","6913850","3758","1840","75150","92"
"2016-09-16","5.09","448900","448900","3758","120","75150","6"
"2016-09-15","1.42","429060","429060","3576","120","71510","6"
"2016-09-14","0.74","987140","987140","3526","280","70510","14"
"2016-09-13","-6.87","362070500","362070500","3500","102020","70000","5101"
"2016-09-09","0.19","3381750","3381750","3758","900","75150","45"
"2016-09-08","0.03","1802090","1802090","3751","480","75015","24"
"2016-09-07","0","6235175","6235175","3750","1660","75005","83"
"2016-09-06","1.35","2684000","2684000","3750","720","75000","36"
"2016-09-05","-1.33","6523000","6523000","3700","1740","74000","87"
"2016-09-02","0","2852650","2852650","3750","760","75005","38"
"2016-09-01","2.18","7481350","7481350","3750","2000","75000","100"
"2016-08-31","-0.27","10878670","10878670","3670","2960","73400","148"
"2016-08-30","0.05","13377900","13377900","3680","3640","73600","182"
"2016-08-29","0","8165500","8165500","3678","2220","73550","111"
"2016-08-26","-1.92","8640200","8640200","3678","2320","73550","116"
"2016-08-25","1.35","5447000","5447000","3750","1460","75000","73"
"2016-08-24","-1.33","297000","297000","3700","80","74000","4"
"2016-08-23","2.74","4313015","4313015","3750","1180","75000","59"
"2016-08-22","0","292000","292000","3650","80","73000","4"
"2016-08-19","0","1833000","1833000","3650","500","73000","25"
"2016-08-18","0","12109395","12109395","3650","3280","73000","164"
"2016-08-17","0","2555000","2555000","3650","700","73000","35"
"2016-08-16","0","1826800","1826800","3650","500","73000","25"
"2016-08-12","0.69","2249000","2249000","3650","620","73000","31"
"2016-08-11","0","8917510","8917510","3625","2460","72500","123"
"2016-08-10","-3.2","1479970","1479970","3625","400","72500","20"
"2016-08-09","-0.13","2321400","2321400","3745","620","74900","31"
"2016-08-05","0","599975","599975","3750","160","74995","8"
"2016-08-04","0","375000","375000","3750","100","75000","5"
"2016-08-03","0","4350000","4350000","3750","1160","75000","58"
"2016-08-02","-3.85","7913000","7913000","3750","2040","75000","102"
"2016-08-01","4","4254600","4254600","3900","1160","78000","58"
"2016-07-29","7.14","10271000","10271000","3750","2740","75000","137"
"2016-07-28","-1.55","19417525","19417525","3500","5440","70005","272"
"2016-07-27","-1.11","142200","142200","3555","40","71100","2"
"2016-07-26","-0.14","2502200","2502200","3595","700","71900","35"
"2016-07-25","0","72000","72000","3600","20","72000","1"
"2016-07-22","0.7","443944000","443944000","3600","124180","72000","6209"
"2016-07-21","2.14","54618300","54618300","3575","15280","71500","764"
"2016-07-20","-0.14","840010","840010","3500","240","70005","12"
"2016-07-19","-0.57","2392500","2392500","3505","680","70100","34"
"2016-07-18","0.71","1339600","1339600","3525","380","70500","19"
"2016-07-15","0","15469975","15469975","3500","4420","70000","221"
"2016-07-14","0","21140000","21140000","3500","6040","70000","302"
"2016-07-13","-4.76","7076000","7076000","3500","2020","70000","101"
"2016-07-12","0","11940060","11940060","3675","3240","73500","162"
"2016-07-11","0","47152500","47152500","3675","12800","73500","640"
"2016-07-08","0","15734700","15734700","3675","4260","73500","213"
"2016-07-07","-4.67","17244635","17244635","3675","4580","73505","229"
"2016-07-05","-1.15","385500","385500","3855","100","77100","5"
"2016-07-04","0","14664005","14664005","3900","3760","78000","188"
"2016-07-01","-3.11","3655260","3655260","3900","940","78000","47"
"2016-06-30","4.41","3117000","3117000","4025","780","80500","39"
"2016-06-29","0","238380000","238380000","3855","61520","77100","3076"
"2016-06-28","1.45","6145000","6145000","3855","1600","77100","80"
"2016-06-27","-1.94","1624500","1624500","3800","420","76000","21"
"2016-06-24","-3.1","2545000","2545000","3875","660","77500","33"
"2016-06-22","5.79","21278560","21278560","3999","5380","79980","269"
"2016-06-21","-5.5","1459985","1459985","3780","380","75600","19"
"2016-06-20","-2.44","5760000","5760000","4000","1440","80000","72"
"2016-06-17","-2.38","984000","984000","4100","240","82000","12"
"2016-06-16","-1.18","11177000","11177000","4200","2660","84000","133"
"2016-06-15","0","2720000","2720000","4250","640","85000","32"
"2016-06-14","0","2858065","2858065","4250","680","85000","34"
"2016-06-13","1.07","5495280","5495280","4250","1300","85000","65"
"2016-06-10","0.12","84100","84100","4205","20","84100","1"
"2016-06-09","0","1680030","1680030","4200","400","84005","20"
"2016-06-08","0","34515000","34515000","4200","8220","84000","411"
"2016-06-07","0","1092005","1092005","4200","260","84000","13"
"2016-06-06","0","1680000","1680000","4200","400","84000","20"
"2016-06-03","-1.18","6913500","6913500","4200","1640","84000","82"
"2016-06-02","2.41","14785000","14785000","4250","3500","85000","175"
"2016-06-01","0","5322000","5322000","4150","1280","83000","64"
"2016-05-31","-2.35","11702710","11702710","4150","2800","83000","140"
"2016-05-30","-3.41","4165000","4165000","4250","980","85000","49"
"2016-05-27","1.15","16868520","16868520","4400","3860","88000","193"
"2016-05-26","-0.87","55948325","55948325","4350","12500","87000","625"
"2016-05-25","-2.12","11646250","11646250","4388","2640","87750","132"
"2016-05-24","1.89","15101550","15101550","4483","3420","89655","171"
"2016-05-23","-1.12","1848000","1848000","4400","420","88000","21"
"2016-05-20","0","8881000","8881000","4450","1980","89000","99"
"2016-05-19","2.3","9040955","9040955","4450","2060","89000","103"
"2016-05-18","-1.14","11942000","11942000","4350","2720","87000","136"
"2016-05-17","0","13464000","13464000","4400","3060","88000","153"
"2016-05-13","0","20593310","20593310","4400","4680","88000","234"
"2016-05-12","0","4409680","4409680","4400","1000","88005","50"
"2016-05-11","-0.56","2024045","2024045","4400","460","88005","23"
"2016-05-10","-1.67","63686825","63686825","4425","14140","88500","707"
"2016-05-09","0.38","652652100","652652100","4500","145520","90000","7276"
"2016-05-06","-4.62","51862120","51862120","4483","11400","89655","570"
"2016-05-04","3.87","26791425","26791425","4700","5700","94005","285"
"2016-05-03","-6.6","4417475","4417475","4525","980","90500","49"
"2016-04-29","4.19","15749270","15749270","4845","3360","96890","168"
"2016-04-28","0","143438560","143438560","4650","30780","93000","1539"
"2016-04-27","-4.62","2530485","2530485","4650","520","93005","26"
"2016-04-26","-1.02","126562000","126562000","4875","25700","97500","1285"
"2016-04-25","0.14","299286050","299286050","4925","60820","98500","3041"
"2016-04-22","7.5","125045525","125045525","4918","26780","98360","1339"
"2016-04-21","0","54509510","54509510","4575","11860","91500","593"
"2016-04-20","-0.54","31432500","31432500","4575","6840","91500","342"
"2016-04-19","0","1012000","1012000","4600","220","92000","11"
"2016-04-18","1.1","1645000","1645000","4600","360","92000","18"
"2016-04-15","-2.67","4903500","4903500","4550","1060","91000","53"
"2016-04-14","3.77","320770715","320770715","4675","70720","93500","3536"
"2016-04-13","0.67","4501000","4501000","4505","1000","90100","50"
"2016-04-12","1.13","199180925","199180925","4475","44660","89500","2233"
"2016-04-11","0.57","41317600","41317600","4425","9360","88500","468"
"2016-04-08","1.15","617370005","617370005","4400","141760","88000","7088"
"2016-04-07","0","17310000","17310000","4350","3980","87000","199"
"2016-04-06","0","20617020","20617020","4350","4740","87000","237"
"2016-04-05","0.58","10906795","10906795","4350","2520","87000","126"
"2016-04-04","-0.57","13000285","13000285","4325","3000","86500","150"
"2016-04-01","-1.14","4374100","4374100","4350","1000","86995","50"
"2016-03-31","1.15","7027975","7027975","4400","1600","88000","80"
"2016-03-30","0","742032900","742032900","4350","168840","87000","8442"
"2016-03-29","-1.14","9457000","9457000","4350","2180","87000","109"
"2016-03-25","2.33","6322010","6322010","4400","1440","88000","72"
"2016-03-24","0","62875000","62875000","4300","14840","86000","742"
"2016-03-23","0","12782365","12782365","4300","3000","86000","150"
"2016-03-22","-2.6","3493030","3493030","4300","800","86000","40"
"2016-03-21","0","182768100","182768100","4415","41400","88290","2070"
"2016-03-18","0","10062600","10062600","4415","2280","88300","114"
"2016-03-17","2.67","16207260","16207260","4415","3680","88300","184"
"2016-03-16","1.18","111170940","111170940","4300","25360","86000","1268"
"2016-03-15","2.91","3400200","3400200","4250","800","85005","40"
"2016-03-14","0.12","1404100","1404100","4130","340","82600","17"
"2016-03-11","0.59","11464500","11464500","4125","2780","82500","139"
"2016-03-10","-0.58","338062940","338062940","4101","82440","82010","4122"
"2016-03-09","0","508744830","508744830","4125","124080","82495","6204"
"2016-03-08","3.18","8218500","8218500","4125","2020","82500","101"
"2016-03-07","1.22","4601500","4601500","3998","1160","79950","58"
"2016-03-04","-3.66","4749000","4749000","3950","1200","79000","60"
"2016-03-03","2.5","324495","324495","4100","80","82000","4"
"2016-03-02","0","9120000","9120000","4000","2280","80000","114"
"2016-03-01","-1.23","1848000","1848000","4000","460","80000","23"
"2016-02-29","3.85","22919950","22919950","4050","5740","81000","287"
"2016-02-26","-1.27","7026095","7026095","3900","1800","78005","90"
"2016-02-25","3.95","7521500","7521500","3950","1920","79000","96"
"2016-02-24","-4.4","11090375","11090375","3800","2820","76005","141"
"2016-02-23","-0.63","1545000","1545000","3975","400","79500","20"
"2016-02-22","0","4080000","4080000","4000","1020","80000","51"
"2016-02-19","0","41279960","41279960","4000","10320","80000","516"
"2016-02-18","-0.62","1528585","1528585","4000","380","80000","19"
"2016-02-17","-0.1","14641000","14641000","4025","3640","80500","182"
"2016-02-16","7.3","91836200","91836200","4029","24020","80570","1201"
"2016-02-15","-1.83","4169200","4169200","3755","1100","75100","55"
"2016-02-12","0.63","4513485","4513485","3825","1180","76495","59"
"2016-02-11","0.03","5118615","5118615","3801","1340","76010","67"
"2016-02-10","1.33","2718005","2718005","3800","720","76000","36"
"2016-02-09","-0.66","375190","375190","3750","100","74995","5"
"2016-02-08","0","16272005","16272005","3775","4300","75500","215"
"2016-02-05","-1.31","19179525","19179525","3775","5020","75500","251"
"2016-02-04","1.86","6470400","6470400","3825","1700","76500","85"
"2016-02-03","-0.53","8340050","8340050","3755","2220","75100","111"
"2016-02-02","-1.95","4160000","4160000","3775","1100","75500","55"
"2016-02-01","3.36","14540720","14540720","3850","3880","77000","194"
"2016-01-29","0","4247480","4247480","3725","1140","74500","57"
"2016-01-28","-0.61","4889500","4889500","3725","1320","74500","66"
"2016-01-27","2.68","10867680","10867680","3748","3080","74950","154"
"2016-01-26","4.29","4760000","4760000","3650","1320","73000","66"
"2016-01-25","1.45","32738000","32738000","3500","9420","70000","471"
"2016-01-22","-1.43","690000","690000","3450","200","69000","10"
"2016-01-21","4.48","28735000","28735000","3500","8460","70000","423"
"2016-01-20","-1.47","22768000","22768000","3350","6700","67000","335"
"2016-01-19","0","40993455","40993455","3400","12060","68000","603"
"2016-01-18","0","10268000","10268000","3400","3020","68000","151"
"2016-01-15","0","78676000","78676000","3400","23140","68000","1157"
"2016-01-14","0","10876650","10876650","3400","3200","68000","160"
"2016-01-13","-0.73","60074875","60074875","3400","17640","68000","882"
"2016-01-12","0","8688500","8688500","3425","2540","68500","127"
"2016-01-11","0","25135500","25135500","3425","7340","68500","367"
"2016-01-08","0","124604000","124604000","3425","36420","68500","1821"
"2016-01-07","-0.72","13421520","13421520","3425","3920","68500","196"
"2016-01-06","0.15","49402600","49402600","3450","14480","69000","724"
"2016-01-05","-0.86","2411795","2411795","3445","700","68900","35"
"2016-01-04","-0.71","8589900","8589900","3475","2460","69500","123"
"2015-12-31","0","42079435","42079435","3500","12200","69995","610"
"2015-12-30","0.89","22852010","22852010","3500","6540","70000","327"
"2015-12-29","-7.49","9008995","9008995","3469","2580","69375","129"
"2015-12-28","7.14","38166700","38166700","3750","10980","75000","549"
"2015-12-23","-0.71","110431745","110431745","3500","32720","70000","1636"
"2015-12-22","2.17","50651500","50651500","3525","14660","70500","733"
"2015-12-21","-0.72","5502000","5502000","3450","1600","69000","80"
"2015-12-18","0.72","2084500","2084500","3475","600","69500","30"
"2015-12-17","0","13524000","13524000","3450","3920","69000","196"
"2015-12-16","-0.58","172125050","172125050","3450","51180","69000","2559"
"2015-12-15","1.08","9924200","9924200","3470","2860","69400","143"
"2015-12-14","-1.91","15174150","15174150","3433","4420","68650","221"
"2015-12-11","0","209985","209985","3500","60","69995","3"
"2015-12-10","-1.41","140000","140000","3500","40","70000","2"
"2015-12-09","-1.39","1065000","1065000","3550","300","71000","15"
"2015-12-08","0","1080000","1080000","3600","300","72000","15"
"2015-12-07","0","23234465","23234465","3600","6480","72000","324"
"2015-12-04","1.41","3883010","3883010","3600","1080","72000","54"
"2015-12-03","-1.39","16854080","16854080","3550","4720","71000","236"
"2015-12-02","0","1584010","1584010","3600","440","72005","22"
"2015-12-01","-5.21","19721700","19721700","3600","5260","72000","263"
"2015-11-30","0.61","5256300","5256300","3798","1400","75950","70"
"2015-11-27","-0.61","2497290","2497290","3775","660","75500","33"
"2015-11-26","0","83316635","83316635","3798","21940","75950","1097"
"2015-11-25","-0.05","10938300","10938300","3798","2880","75950","144"
"2015-11-24","-0.99","911960","911960","3800","240","75995","12"
"2015-11-23","0","921000","921000","3838","240","76750","12"
"2015-11-20","2.35","41146270","41146270","3838","11040","76750","552"
"2015-11-19","0","2032200","2032200","3750","540","75000","27"
"2015-11-18","-2.47","5403800","5403800","3750","1440","75000","72"
"2015-11-17","-0.13","3844935","3844935","3845","1000","76895","50"
"2015-11-16","-1.28","2252925","2252925","3850","580","77000","29"
"2015-11-12","-0.13","2888440","2888440","3900","740","77995","37"
"2015-11-11","-0.03","12030000","12030000","3905","3080","78100","154"
"2015-11-10","0","14997570","14997570","3906","3840","78110","192"
"2015-11-09","-0.1","9685600","9685600","3906","2480","78110","124"
"2015-11-06","0.26","7352200","7352200","3910","1880","78200","94"
"2015-11-05","-2.21","2048030","2048030","3900","520","78005","26"
"2015-11-04","-0.3","48887250","48887250","3988","12260","79750","613"
"2015-11-03","-5.88","2100970","2100970","4000","520","80000","26"
"2015-11-02","-1.73","3507030","3507030","4250","860","85000","43"
"2015-10-30","0.12","84176000","84176000","4325","19460","86500","973"
"2015-10-29","-4","1054810","1054810","4320","240","86405","12"
"2015-10-28","5.63","7110000","7110000","4500","1580","90000","79"
"2015-10-27","0.21","3876025","3876025","4260","900","85205","45"
"2015-10-26","0.02","4931865","4931865","4251","1160","85020","58"
"2015-10-23","-5.56","5519375","5519375","4250","1300","85000","65"
"2015-10-22","0.87","180000","180000","4500","40","90000","2"
"2015-10-21","6.85","669924240","669924240","4461","160220","89225","8011"
"2015-10-20","0","3861725","3861725","4175","920","83500","46"
"2015-10-19","0","14350900","14350900","4175","3440","83500","172"
"2015-10-16","0","1251000","1251000","4175","300","83500","15"
"2015-10-15","1.83","144193500","144193500","4175","34680","83500","1734"
"2015-10-14","1.86","34500000","34500000","4100","8420","82000","421"
"2015-10-13","-0.62","3725500","3725500","4025","920","80500","46"
"2015-10-12","-0.61","965000","965000","4050","240","81000","12"
"2015-10-09","-0.61","603100000","603100000","4075","148000","81500","7400"
"2015-10-08","1.23","232941250","232941250","4100","57160","82000","2858"
"2015-10-07","0","207927000","207927000","4050","51340","81000","2567"
"2015-10-06","-0.61","243000","243000","4050","60","81000","3"
"2015-10-05","-0.61","12331750","12331750","4075","3020","81500","151"
"2015-10-02","0.61","19667500","19667500","4100","4800","82000","240"
"2015-10-01","0","4075000","4075000","4075","1000","81500","50"
"2015-09-30","0.62","7413000","7413000","4075","1820","81500","91"
"2015-09-29","0","5186700","5186700","4050","1280","81000","64"
"2015-09-28","0","7290035","7290035","4050","1800","81000","90"
"2015-09-25","0","729000","729000","4050","180","81000","9"
"2015-09-23","0","2840075","2840075","4050","700","81000","35"
"2015-09-22","-0.12","7229805","7229805","4050","1780","81005","89"
"2015-09-21","-1.1","730300","730300","4055","180","81100","9"
"2015-09-18","1.23","244010","244010","4100","60","82000","3"
"2015-09-17","-3.57","4306870","4306870","4050","1060","81005","53"
"2015-09-16","-1.18","924000","924000","4200","220","84000","11"
"2015-09-14","3.63","202720800","202720800","4250","50040","85000","2502"
"2015-09-11","-1.77","168971900","168971900","4101","41200","82015","2060"
"2015-09-10","1.83","912130","912130","4175","220","83500","11"
"2015-09-09","-2.38","15592640","15592640","4100","3800","82005","190"
"2015-09-08","-0.59","1446543110","1446543110","4200","344260","84005","17213"
"2015-09-07","1.68","12792925","12792925","4225","3040","84500","152"
"2015-09-04","0.12","127422000","127422000","4155","30680","83100","1534"
"2015-09-03","-1.19","5977000","5977000","4150","1440","83000","72"
"2015-09-02","0","168000","168000","4200","40","84000","2"
"2015-09-01","3.07","121746900","121746900","4200","30060","84000","1503"
"2015-08-31","0.62","10045000","10045000","4075","2480","81500","124"
"2015-08-28","0","82382110","82382110","4050","20340","81000","1017"
"2015-08-27","-1.22","17965725","17965725","4050","4400","81000","220"
"2015-08-26","0","10809000","10809000","4100","2640","82000","132"
"2015-08-25","0","3362000","3362000","4100","820","82000","41"
"2015-08-24","2.47","2621000","2621000","4100","640","82000","32"
"2015-08-21","-4.17","2566450","2566450","4001","640","80015","32"
"2015-08-20","3.09","221858000","221858000","4175","53140","83500","2657"
"2015-08-19","-2.41","10813000","10813000","4050","2660","81000","133"
"2015-08-18","2.47","57559140","57559140","4150","14180","83000","709"
"2015-08-17","0","11898000","11898000","4050","2940","81000","147"
"2015-08-14","-2.41","2675000","2675000","4050","660","81000","33"
"2015-08-13","3.75","2403125","2403125","4150","600","83000","30"
"2015-08-12","1.27","5004600","5004600","4000","1260","80005","63"
"2015-08-11","-1.25","47004150","47004150","3950","11760","79000","588"
"2015-08-10","0.63","2787000","2787000","4000","700","80000","35"
"2015-08-06","-0.63","2214000","2214000","3975","560","79500","28"
"2015-08-05","0","240000","240000","4000","60","80000","3"
"2015-08-04","1.27","719100","719100","4000","180","80000","9"
"2015-08-03","-0.13","4092500","4092500","3950","1040","79000","52"
"2015-07-31","-3.96","398100","398100","3955","100","79100","5"
"2015-07-30","-1.15","1318565","1318565","4118","320","82350","16"
"2015-07-29","5.47","3299890","3299890","4166","820","83315","41"
"2015-07-28","0","7396980","7396980","3950","1860","79000","93"
"2015-07-27","-0.63","2450000","2450000","3950","620","79000","31"
"2015-07-24","1.92","1826000","1826000","3975","460","79500","23"
"2015-07-23","-0.64","7927000","7927000","3900","2020","78000","101"
"2015-07-22","1.29","3207945","3207945","3925","820","78500","41"
"2015-07-21","1.31","1390040","1390040","3875","360","77505","18"
"2015-07-20","0","5024500","5024500","3825","1320","76500","66"
"2015-07-16","-0.13","78788630","78788630","3825","20600","76500","1030"
"2015-07-15","0.79","1915000","1915000","3830","500","76600","25"
"2015-07-13","0","4866705","4866705","3800","1280","76000","64"
"2015-07-10","0","12176155","12176155","3800","3220","76005","161"
"2015-07-09","-0.65","1596000","1596000","3800","420","76000","21"
"2015-07-08","2","611000","611000","3825","160","76500","8"
"2015-07-06","0","1875000","1875000","3750","500","75000","25"
"2015-07-03","-3.85","4575000","4575000","3750","1220","75000","61"
"2015-07-02","5.41","78000","78000","3900","20","78000","1"
"2015-07-01","-1.33","34142025","34142025","3700","9120","74000","456"
"2015-06-30","0","3900025","3900025","3750","1040","75005","52"
"2015-06-29","1.35","1120000","1120000","3750","300","75000","15"
"2015-06-26","1.37","3455330","3455330","3700","940","74000","47"
"2015-06-25","7.2","175200000","175200000","3650","48000","73000","2400"
"2015-06-24","-2.71","29080730","29080730","3405","8540","68105","427"
"2015-06-23","-3.45","2592500","2592500","3500","740","70000","37"
"2015-06-22","3.57","209395000","209395000","3625","58180","72500","2909"
"2015-06-19","0","350000","350000","3500","100","70000","5"
"2015-06-18","-6.99","7420000","7420000","3500","2120","70000","106"
"2015-06-17","7.51","2210250","2210250","3763","620","75250","31"
"2015-06-16","0","3422020","3422020","3500","980","70000","49"
"2015-06-15","0","2100000","2100000","3500","600","70000","30"
"2015-06-12","-4.11","356000","356000","3500","100","70000","5"
"2015-06-11","-7.01","52663620","52663620","3650","13440","73000","672"
"2015-06-10","-1.26","54008000","54008000","3925","13760","78500","688"
"2015-06-09","6","4729500","4729500","3975","1260","79500","63"
"2015-06-08","7.14","3125000","3125000","3750","860","75000","43"
"2015-06-05","1.6","6620590","6620590","3500","1900","70000","95"
"2015-06-04","0","6412300","6412300","3445","1860","68900","93"
"2015-06-03","-0.14","7992400","7992400","3445","2320","68900","116"
"2015-06-02","-1.43","1035000","1035000","3450","300","69000","15"
"2015-06-01","1.45","2018000","2018000","3500","580","70000","29"
"2015-05-29","2.99","1035000","1035000","3450","300","69000","15"
"2015-05-28","-4.29","669005","669005","3350","200","67000","10"
"2015-05-27","6.06","6495520","6495520","3500","1920","69995","96"
"2015-05-26","0","2111840","2111840","3300","640","65995","32"
"2015-05-22","4.76","1052940","1052940","3300","320","65995","16"
"2015-05-21","0","26830000","26830000","3150","8520","63000","426"
"2015-05-20","0","1386020","1386020","3150","440","63005","22"
"2015-05-19","-1.56","78860120","78860120","3150","25040","63005","1252"
"2015-05-18","-1.54","36761000","36761000","3200","11480","64000","574"
"2015-05-15","0","130000","130000","3250","40","65000","2"
"2015-05-13","4","37545000","37545000","3250","11660","65000","583"
"2015-05-11","-2.34","13743500","13743500","3125","4400","62500","220"
"2015-05-08","6.67","6272000","6272000","3200","2120","64000","106"
"2015-05-06","1.69","1846000","1846000","3000","620","60000","31"
"2015-05-05","0","2360000","2360000","2950","800","59000","40"
"2015-05-04","-3.28","950000","950000","2950","320","59000","16"
"2015-04-30","0","182000","182000","3050","60","61000","3"
"2015-04-29","0","610000","610000","3050","200","61000","10"
"2015-04-28","-5.37","3919000","3919000","3050","1280","61000","64"
"2015-04-27","0","1224150","1224150","3223","380","64450","19"
"2015-04-24","-0.52","1289000","1289000","3223","400","64450","20"
"2015-04-23","-0.15","706400","706400","3240","220","64800","11"
"2015-04-22","0","1100400","1100400","3245","340","64900","17"
"2015-04-21","-1.67","2174800","2174800","3245","660","64900","33"
"2015-04-20","0","1596465","1596465","3300","480","66000","24"
"2015-04-17","1.54","2883700","2883700","3300","880","66000","44"
"2015-04-16","-1.52","2030920","2030920","3250","620","65000","31"
"2015-04-15","-2.94","462000","462000","3300","140","66000","7"
"2015-04-14","0","204000","204000","3400","60","68000","3"
"2015-04-13","0","3398995","3398995","3400","1000","68005","50"
"2015-04-09","-5.56","2985445","2985445","3400","880","68005","44"
"2015-04-08","2.86","1123390","1123390","3600","320","71995","16"
"2015-04-07","0","6080995","6080995","3500","1740","70000","87"
"2015-04-03","0","2519830","2519830","3500","720","70000","36"
"2015-04-01","0","3779975","3779975","3500","1080","70000","54"
"2015-03-31","-6.04","140000","140000","3500","40","70000","2"
"2015-03-27","0","744900","744900","3725","200","74500","10"
"2015-03-25","-0.67","2112400","2112400","3725","560","74500","28"
"2015-03-24","0","523490","523490","3750","140","74990","7"
"2015-03-23","0","5883700","5883700","3750","1560","75000","78"
"2015-03-20","7.14","8292700","8292700","3750","2260","75000","113"
"2015-03-19","-6.67","498000","498000","3500","140","70000","7"
"2015-03-18","0","375000","375000","3750","100","75000","5"
"2015-03-17","7.14","11249930","11249930","3750","3000","75000","150"
"2015-03-16","0","5250000","5250000","3500","1500","70000","75"
"2015-03-13","0","4376485","4376485","3500","1280","70000","64"
"2015-03-12","0","1750000","1750000","3500","500","70000","25"
"2015-03-11","-6.67","3675000","3675000","3500","1040","70000","52"
"2015-03-10","0","449950","449950","3750","120","75000","6"
"2015-03-09","7.14","1275000","1275000","3750","340","75000","17"
"2015-03-06","0","1400000","1400000","3500","400","70000","20"
"2015-03-05","-6.67","24448815","24448815","3500","6900","70000","345"
"2015-03-04","0","75000","75000","3750","20","75000","1"
"2015-03-03","3.45","7175065","7175065","3750","2020","75000","101"
"2015-03-02","0","2392500","2392500","3625","660","72500","33"
"2015-02-27","0.55","2525000","2525000","3625","700","72500","35"
"2015-02-25","0.08","1346700","1346700","3605","380","72100","19"
"2015-02-24","7.49","6033105","6033105","3602","1720","72045","86"
"2015-02-23","-5.61","67445920","67445920","3351","20120","67020","1006"
"2015-02-20","0","213000","213000","3550","60","71000","3"
"2015-02-19","0","5751000","5751000","3550","1620","71000","81"
"2015-02-18","2.9","5108000","5108000","3550","1460","71000","73"
"2015-02-16","-0.72","4151000","4151000","3450","1220","69000","61"
"2015-02-13","-1","417000","417000","3475","120","69500","6"
"2015-02-12","7.08","4071890","4071890","3510","1160","70205","58"
"2015-02-11","0.09","14579100","14579100","3278","4440","65560","222"
"2015-02-10","-0.76","4943000","4943000","3275","1440","65500","72"
"2015-02-06","-1.49","66000","66000","3300","20","66000","1"
"2015-02-05","-4.56","670000","670000","3350","200","67000","10"
"2015-02-04","1.74","2003410","2003410","3510","580","70205","29"
"2015-02-03","6.15","8737160","8737160","3450","2680","69000","134"
"2015-02-02","0","5725100","5725100","3250","1760","65000","88"
"2015-01-30","-5.8","1509125","1509125","3250","460","65000","23"
"2015-01-29","-1.6","68995","68995","3450","20","68995","1"
"2015-01-28","-7.49","911495","911495","3506","260","70115","13"
"2015-01-27","-0.26","227385","227385","3790","60","75795","3"
"2015-01-23","0","3344000","3344000","3800","880","76000","44"
"2015-01-22","4.83","304000","304000","3800","80","76000","4"
"2015-01-21","5.07","3770000","3770000","3625","1060","72500","53"
"2015-01-19","-1.43","1175000","1175000","3450","340","69000","17"
"2015-01-15","0","7209500","7209500","3500","2060","69995","103"
"2015-01-14","-0.28","10078840","10078840","3500","2880","70000","144"
"2015-01-13","-7.51","70205","70205","3510","20","70205","1"
"2015-01-07","7.51","39468070","39468070","3795","12020","75895","601"
"2015-01-06","-7.49","11507800","11507800","3530","3260","70600","163"
"2015-01-05","0","992160","992160","3816","260","76320","13"
"2015-01-02","-7.49","76320","76320","3816","20","76320","1"
"2014-12-31","-1.2","352601960","352601960","4125","85580","82500","4279"
"2014-12-30","-1.76","215481280","215481280","4175","53060","83500","2653"
"2014-12-29","-1.73","68173000","68173000","4250","16040","85000","802"
"2014-12-26","1.76","33821875","33821875","4325","7880","86500","394"
"2014-12-24","5.59","9400000","9400000","4250","2220","85000","111"
"2014-12-23","4.55","15897500","15897500","4025","3960","80500","198"
"2014-12-22","-4.35","69056070","69056070","3850","17700","77000","885"
"2014-12-18","0","51278435","51278435","4025","12760","80500","638"
"2014-12-17","7.33","26974000","26974000","4025","7060","80500","353"
"2014-12-16","0","22350000","22350000","3750","6200","75000","310"
"2014-12-15","0","375000","375000","3750","100","75000","5"
"2014-12-12","1.35","22395000","22395000","3750","6200","75000","310"
"2014-12-11","-1.33","666000","666000","3700","180","74000","9"
"2014-12-10","4.17","13625000","13625000","3750","3840","75000","192"
"2014-12-09","0","9933000","9933000","3600","2760","72000","138"
"2014-12-08","1.41","5955500","5955500","3600","1660","72000","83"
"2014-12-05","0.71","12759500","12759500","3550","3600","71000","180"
"2014-12-04","1.29","28197500","28197500","3525","8100","70500","405"
"2014-12-03","0.35","11663300","11663300","3480","3360","69600","168"
"2014-12-02","-0.2","32208800","32208800","3468","9240","69350","462"
"2014-11-28","-0.52","14275500","14275500","3475","4200","69500","210"
"2014-11-26","4.89","9782200","9782200","3493","2840","69850","142"
"2014-11-25","-0.6","11085355","11085355","3330","3400","66595","170"
"2014-11-24","0.6","667990","667990","3350","200","67000","10"
"2014-11-21","1.22","6724500","6724500","3330","2020","66595","101"
"2014-11-20","1.23","10456340","10456340","3290","3180","65800","159"
"2014-11-19","3.17","5460000","5460000","3250","1680","65000","84"
"2014-11-18","1.61","881000","881000","3150","280","63000","14"
"2014-11-17","1.14","12365915","12365915","3100","4020","62000","201"
"2014-11-14","2.17","18306200","18306200","3065","6100","61300","305"
"2014-11-12","3.45","8245000","8245000","3000","2820","60000","141"
"2014-11-11","-3.49","640100","640100","2900","220","58000","11"
"2014-11-10","-0.66","3063100","3063100","3005","1020","60100","51"
"2014-11-07","-0.82","837400","837400","3025","280","60500","14"
"2014-11-05","0","305000","305000","3050","100","61000","5"
"2014-11-04","7.02","964000","964000","3050","320","61000","16"
"2014-11-03","0","57000","57000","2850","20","57000","1"
"2014-10-31","0","114000","114000","2850","40","57000","2"
"2014-10-30","-7.32","399000","399000","2850","140","57000","7"
"2014-10-29","2.5","796500","796500","3075","260","61500","13"
"2014-10-28","-2.06","23049205","23049205","3000","7600","60000","380"
"2014-10-27","0","183795","183795","3063","60","61265","3"
"2014-10-24","7.47","17483185","17483185","3063","5740","61265","287"
"2014-10-23","1.79","39155570","39155570","2850","14020","56995","701"
"2014-10-22","6.67","37121000","37121000","2800","14140","56000","707"
"2014-10-21","-0.94","26657500","26657500","2625","10060","52500","503"
"2014-10-20","0","20571390","20571390","2650","7760","53000","388"
"2014-10-17","-3.64","8077020","8077020","2650","2940","53005","147"
"2014-10-15","-0.9","52724955","52724955","2750","19000","55005","950"
"2014-10-14","-5.93","555000","555000","2775","200","55500","10"
"2014-10-10","7.27","1290500","1290500","2950","460","59000","23"
"2014-10-09","-0.9","8720985","8720985","2750","3160","55005","158"
"2014-10-08","0","3552000","3552000","2775","1280","55500","64"
"2014-10-07","0.91","333000","333000","2775","120","55500","6"
"2014-10-06","0","2420000","2420000","2750","880","55000","44"
"2014-10-03","-0.9","1320020","1320020","2750","480","55000","24"
"2014-10-02","-1.25","613500","613500","2775","220","55500","11"
"2014-10-01","6.04","8514400","8514400","2810","3100","56200","155"
"2014-09-30","1.92","1605000","1605000","2650","600","53000","30"
"2014-09-29","0.39","2651800","2651800","2600","1020","52000","51"
"2014-09-26","-5.99","296244925","296244925","2590","113720","51800","5686"
"2014-09-25","-5","88511020","88511020","2755","32060","55100","1603"
"2014-09-24","3.57","405990","405990","2900","140","58000","7"
"2014-09-23","1.82","2296200","2296200","2800","820","56000","41"
"2014-09-22","-0.18","3247060","3247060","2750","1180","55000","59"
"2014-09-19","0.07","275525","275525","2755","100","55105","5"
"2014-09-17","-1.68","715715","715715","2753","260","55055","13"
"2014-09-16","0","9272100","9272100","2800","3340","56000","167"
"2014-09-15","1.08","560000","560000","2800","200","56000","10"
"2014-09-12","0.36","11282410","11282410","2770","4080","55400","204"
"2014-09-11","0.36","4038965","4038965","2760","1460","55205","73"
"2014-09-10","-1.79","5170125","5170125","2750","1880","55005","94"
"2014-09-09","1.82","13830000","13830000","2800","5020","56000","251"
"2014-09-08","-0.18","2592030","2592030","2750","940","55000","47"
"2014-09-05","-1.61","2640715","2640715","2755","960","55100","48"
"2014-09-04","1.82","4426000","4426000","2800","1580","56000","79"
"2014-09-03","-6.78","11949180","11949180","2750","4320","55005","216"
"2014-09-02","7.27","589950","589950","2950","200","58995","10"
"2014-09-01","0","1045000","1045000","2750","380","55000","19"
"2014-08-28","3.77","3732240","3732240","2750","1360","55000","68"
"2014-08-27","-0.08","4452360","4452360","2650","1680","53000","84"
"2014-08-26","-3.56","1986400","1986400","2652","760","53040","38"
"2014-08-25","1.33","44192925","44192925","2750","16100","55000","805"
"2014-08-22","0","271425","271425","2714","100","54285","5"
"2014-08-21","0","2008545","2008545","2714","740","54285","37"
"2014-08-20","0","2225685","2225685","2714","820","54285","41"
"2014-08-19","7.49","4885650","4885650","2714","1800","54285","90"
"2014-08-18","-2.88","16662500","16662500","2525","6420","50500","321"
"2014-08-14","0","2392280","2392280","2600","920","52005","46"
"2014-08-13","0","18536045","18536045","2600","7140","52005","357"
"2014-08-12","1.96","13765905","13765905","2600","5340","52000","267"
"2014-08-08","2","52235000","52235000","2550","20860","51000","1043"
"2014-08-06","5.26","530000","530000","2500","220","50000","11"
"2014-08-05","0","855040","855040","2375","360","47505","18"
"2014-08-04","-0.04","3099850","3099850","2375","1300","47500","65"
"2014-08-01","-4.96","712580","712580","2376","300","47510","15"
"2014-07-31","6.38","500000","500000","2500","200","50000","10"
"2014-07-30","-1.05","568010","568010","2350","240","47000","12"
"2014-07-29","0","1699500","1699500","2375","720","47500","36"
"2014-07-25","0","2651310","2651310","2375","1120","47500","56"
"2014-07-22","0","15035500","15035500","2375","6340","47500","317"
"2014-07-18","0.08","1120148500","1120148500","2375","471640","47500","23582"
"2014-07-17","-0.08","183660400","183660400","2373","77320","47450","3866"
"2014-07-14","0","2517500","2517500","2375","1060","47500","53"
"2014-07-11","-1.04","110470000","110470000","2375","46500","47500","2325"
"2014-07-10","0","1635205","1635205","2400","680","48005","34"
"2014-07-09","0","192020","192020","2400","80","48005","4"
"2014-07-08","-4","96010","96010","2400","40","48005","2"
"2014-07-07","4.17","10798000","10798000","2500","4400","50000","220"
"2014-07-04","0.29","336000","336000","2400","140","48000","7"
"2014-07-03","0.55","382800","382800","2393","160","47850","8"
"2014-07-02","0.17","95200","95200","2380","40","47600","2"
"2014-07-01","0","1567840","1567840","2376","660","47515","33"
"2014-06-30","0.04","4846030","4846030","2376","2040","47510","102"
"2014-06-27","0","1187625","1187625","2375","500","47505","25"
"2014-06-26","0","1900000","1900000","2375","800","47500","40"
"2014-06-25","0","2042500","2042500","2375","860","47500","43"
"2014-06-24","0","47500","47500","2375","20","47500","1"
"2014-06-23","1.02","1045000","1045000","2375","440","47500","22"
"2014-06-20","-0.51","1615525","1615525","2351","680","47025","34"
"2014-06-19","2.74","421500","421500","2363","180","47250","9"
"2014-06-18","2.22","2299000","2299000","2300","1000","46000","50"
"2014-06-17","3.45","5445040","5445040","2250","2420","45000","121"
"2014-06-16","-3.33","655040","655040","2175","300","43505","15"
"2014-06-13","4.65","225000","225000","2250","100","45000","5"
"2014-06-12","-4.44","1965500","1965500","2150","880","43000","44"
"2014-06-11","0","2700000","2700000","2250","1200","45000","60"
"2014-06-10","0","3195000","3195000","2250","1420","45000","71"
"2014-06-06","0","90100","90100","2250","40","45000","2"
"2014-06-05","0","2250135","2250135","2250","1000","45000","50"
"2014-06-04","-0.22","135015","135015","2250","60","45005","3"
"2014-06-03","0.22","45100","45100","2255","20","45100","1"
"2014-06-02","0","1035000","1035000","2250","460","45000","23"
"2014-05-30","1.35","2111070","2111070","2250","940","45000","47"
"2014-05-28","-0.22","99634620","99634620","2220","44780","44400","2239"
"2014-05-27","1.14","444980","444980","2225","200","44500","10"
"2014-05-26","-1.12","442475","442475","2200","200","44000","10"
"2014-05-23","1.14","5073000","5073000","2225","2280","44500","114"
"2014-05-22","0","11785000","11785000","2200","5300","44000","265"
"2014-05-21","-1.12","15259475","15259475","2200","6860","44000","343"
"2014-05-20","0","712000","712000","2225","320","44500","16"
"2014-05-19","0","934500","934500","2225","420","44500","21"
"2014-05-16","0","800920","800920","2225","360","44495","18"
"2014-05-15","0","222500","222500","2225","100","44500","5"
"2014-05-14","0","445000","445000","2225","200","44500","10"
"2014-05-13","5.95","267000","267000","2225","120","44500","6"
"2014-05-12","-4.55","2310000","2310000","2100","1100","42000","55"
"2014-05-09","4.76","638000","638000","2200","300","44000","15"
"2014-05-08","-4.59","1926000","1926000","2100","880","42000","44"
"2014-05-07","0.05","880045","880045","2201","400","44015","20"
"2014-05-06","-1.12","5756275","5756275","2200","2600","44005","130"
"2014-05-05","6.92","2002150","2002150","2225","900","44500","45"
"2014-05-02","-7.51","24563250","24563250","2081","10920","41625","546"
"2014-04-30","0","2610000","2610000","2250","1160","45000","58"
"2014-04-29","0","9494000","9494000","2250","4220","45000","211"
"2014-04-28","0","2834950","2834950","2250","1260","45000","63"
"2014-04-25","0","57088005","57088005","2250","25620","45000","1281"
"2014-04-24","0","945010","945010","2250","420","45000","21"
"2014-04-23","0","315000","315000","2250","140","45000","7"
"2014-04-22","0","5858500","5858500","2250","2600","45000","130"
"2014-04-18","-4.26","19397000","19397000","2250","8520","45000","426"
"2014-04-17","-2.08","705000","705000","2350","300","47000","15"
"2014-04-16","0","6349015","6349015","2400","2680","48000","134"
"2014-04-15","1.05","1536000","1536000","2400","640","48000","32"
"2014-04-14","-1.04","2726530","2726530","2375","1140","47500","57"
"2014-04-11","2.13","1200000","1200000","2400","500","48000","25"
"2014-04-10","1.51","24311000","24311000","2350","10500","47000","525"
"2014-04-09","-7.21","36909770","36909770","2315","15520","46300","776"
"2014-04-08","-0.16","1347165","1347165","2495","540","49895","27"
"2014-04-07","0","7896840","7896840","2499","3160","49980","158"
"2014-04-04","0","1549380","1549380","2499","620","49980","31"
"2014-04-03","-0.04","103019900","103019900","2499","41220","49980","2061"
"2014-04-02","4.17","350000","350000","2500","140","50000","7"
"2014-04-01","3.23","475500","475500","2400","200","48000","10"
"2014-03-31","1.09","46500","46500","2325","20","46500","1"
"2014-03-28","0","184000","184000","2300","80","46000","4"
"2014-03-27","-4.17","853935","853935","2300","360","46000","18"
"2014-03-26","5.49","336000","336000","2400","140","48000","7"
"2014-03-24","1.11","5460600","5460600","2275","2400","45505","120"
"2014-03-21","0","1350000","1350000","2250","600","45000","30"
"2014-03-20","0","677500","677500","2250","300","45000","15"
"2014-03-19","-6.25","3480135","3480135","2250","1500","45000","75"
"2014-03-18","-4","4511980","4511980","2400","1880","47995","94"
"2014-03-17","0","50000","50000","2500","20","50000","1"
"2014-03-14","0","350000","350000","2500","140","50000","7"
"2014-03-13","0","82590000","82590000","2500","34380","50000","1719"
"2014-03-11","4.17","49450000","49450000","2500","19780","50000","989"
"2014-03-10","-4","4705960","4705960","2400","1940","48000","97"
"2014-03-07","0","4272000","4272000","2500","1760","50000","88"
"2014-03-06","2.04","2461000","2461000","2500","1000","50000","50"
"2014-03-05","-2","2731480","2731480","2450","1100","49000","55"
"2014-03-04","-0.99","11104270","11104270","2500","4440","49990","222"
"2014-03-03","0","1659700","1659700","2525","660","50500","33"
"2014-02-28","0.8","8365000","8365000","2525","3340","50500","167"
"2014-02-27","0.2","1202150","1202150","2505","480","50100","24"
"2014-02-26","0","2989050","2989050","2500","1160","50000","58"
"2014-02-25","-0.99","1150000","1150000","2500","460","50000","23"
"2014-02-24","1","150500","150500","2525","60","50500","3"
"2014-02-21","-1.96","3799495","3799495","2500","1500","50000","75"
"2014-02-20","-1.92","6629990","6629990","2550","2600","50990","130"
"2014-02-19","0","1196000","1196000","2600","460","52000","23"
"2014-02-18","-0.95","6817500","6817500","2600","2620","52000","131"
"2014-02-17","-0.94","7385000","7385000","2625","2800","52500","140"
"2014-02-14","-5.36","4136000","4136000","2650","1520","53000","76"
"2014-02-13","1.82","828000","828000","2800","300","56000","15"
"2014-02-12","0","3245000","3245000","2750","1180","55000","59"
"2014-02-11","-1.79","3795000","3795000","2750","1380","55000","69"
"2014-02-10","1.82","1109840","1109840","2800","400","56000","20"
"2014-02-07","0","1430000","1430000","2750","520","55000","26"
"2014-02-06","0","1980005","1980005","2750","720","55000","36"
"2014-02-05","3.77","2120220","2120220","2750","780","55000","39"
"2014-02-04","-3.64","318000","318000","2650","120","53000","6"
"2014-02-03","4.76","589000","589000","2750","220","55000","11"
"2014-01-29","2.74","4010600","4010600","2625","1560","52500","78"
"2014-01-28","-2.67","360525","360525","2555","140","51105","7"
"2014-01-24","0.96","2205155","2205155","2625","840","52500","42"
"2014-01-23","0","676000","676000","2600","260","52000","13"
"2014-01-22","-0.95","1815000","1815000","2600","700","52000","35"
"2014-01-21","5","2365500","2365500","2625","920","52500","46"
"2014-01-20","-1.96","1817000","1817000","2500","720","50000","36"
"2014-01-17","0.39","663000","663000","2550","260","51000","13"
"2014-01-16","1.6","4397450","4397450","2540","1740","50800","87"
"2014-01-15","-4.32","1656600","1656600","2500","660","50000","33"
"2014-01-14","-4.98","156750","156750","2613","60","52250","3"
"2014-01-09","-2.41","550000","550000","2750","200","55000","10"
"2014-01-08","-5.28","231680","231680","2818","80","56350","4"
"2014-01-07","-0.83","774480","774480","2975","260","59495","13"
"2014-01-06","0","3180000","3180000","3000","1060","60000","53"
"2014-01-03","0","360000","360000","3000","120","60000","6"
"2014-01-02","-3.23","9036000","9036000","3000","3000","60000","150"
"2013-12-31","-6.06","111375750","111375750","3100","36300","62000","1815"
"2013-12-30","1.54","149890000","149890000","3300","48600","66000","2430"
"2013-12-27","-4.41","101670000","101670000","3250","30360","65000","1518"
"2013-12-26","-2.86","4352000","4352000","3400","1280","68000","64"
"2013-12-24","4.48","31752240","31752240","3500","9300","70000","465"
"2013-12-23","4.69","6350000","6350000","3350","1900","67000","95"
"2013-12-20","0","1408000","1408000","3200","440","64000","22"
"2013-12-19","-0.37","3200000","3200000","3200","1000","64000","50"
"2013-12-18","2","8285670","8285670","3212","2580","64230","129"
"2013-12-17","0","2267224975","2267224975","3149","720040","62975","36002"
"2013-12-16","0","18508015","18508015","3149","5900","62975","295"
"2013-12-13","7.51","4607900","4607900","3149","1520","62975","76"
"2013-12-12","7.49","6312840","6312840","2929","2160","58585","108"
"2013-12-11","3.93","38341600","38341600","2725","13940","54500","697"
"2013-12-10","-1.98","262150","262150","2622","100","52430","5"
"2013-12-09","0.07","24598960","24598960","2675","9200","53500","460"
"2013-12-05","2.81","1069000","1069000","2673","400","53450","20"
"2013-12-04","4","5511000","5511000","2600","2140","52000","107"
"2013-12-03","0","3500000","3500000","2500","1400","50000","70"
"2013-12-02","3.09","46528500","46528500","2500","19060","50000","953"
"2013-11-29","1.04","921500","921500","2425","380","48500","19"
"2013-11-27","0","26593985","26593985","2400","11080","48000","554"
"2013-11-26","0","240000","240000","2400","100","48000","5"
"2013-11-25","0","907056000","907056000","2400","377940","48000","18897"
"2013-11-22","0","48000","48000","2400","20","48000","1"
"2013-11-21","1.01","240000","240000","2400","100","48000","5"
"2013-11-20","0.04","475100","475100","2376","200","47510","10"
"2013-11-19","1.06","931250","931250","2375","380","47500","19"
"2013-11-18","4.44","4768600","4768600","2350","2080","47000","104"
"2013-11-14","-2.39","4505300","4505300","2250","2000","45000","100"
"2013-11-13","-5.92","92200","92200","2305","40","46100","2"
"2013-11-12","0","5292000","5292000","2450","2160","49000","108"
"2013-11-11","6.52","99233000","99233000","2450","40540","49000","2027"
"2013-11-08","1.1","2512000","2512000","2300","1100","46000","55"
"2013-11-07","0","273000","273000","2275","120","45500","6"
"2013-11-06","0","4546365","4546365","2275","1980","45500","99"
"2013-11-05","1.11","1985000","1985000","2275","880","45500","44"
"2013-11-04","-2.17","27366700","27366700","2250","12160","45000","608"
"2013-10-31","0","10074390","10074390","2300","4380","46000","219"
"2013-10-30","2.18","184000","184000","2300","80","46000","4"
"2013-10-29","0","7562520","7562520","2251","3360","45015","168"
"2013-10-28","0.04","1440905","1440905","2251","640","45015","32"
"2013-10-25","0","14445000","14445000","2250","6420","45000","321"
"2013-10-24","-3.23","43023580","43023580","2250","19120","45000","956"
"2013-10-23","0","1314500","1314500","2325","560","46500","28"
"2013-10-22","-7","12460000","12460000","2325","5340","46500","267"
"2013-10-21","-1.96","1149770","1149770","2500","460","49990","23"
"2013-10-18","4.08","867000","867000","2550","340","51000","17"
"2013-10-17","4.26","3829750","3829750","2450","1620","49000","81"
"2013-10-16","-2.08","908935","908935","2350","380","47005","19"
"2013-10-14","-0.87","1075625","1075625","2400","440","48000","22"
"2013-10-11","7.46","1642200","1642200","2421","680","48425","34"
"2013-10-10","-2.04","3726150","3726150","2253","1640","45050","82"
"2013-10-09","-7","46000","46000","2300","20","46000","1"
"2013-10-07","7.52","3278670","3278670","2473","1340","49450","67"
"2013-10-04","1.1","920000","920000","2300","400","46000","20"
"2013-10-03","-0.04","182020","182020","2275","80","45505","4"
"2013-10-02","-1.04","2646440","2646440","2276","1160","45510","58"
"2013-10-01","1.1","1183625","1183625","2300","520","46000","26"
"2013-09-30","-0.04","2232750","2232750","2275","980","45505","49"
"2013-09-27","0.04","600035","600035","2276","260","45510","13"
"2013-09-26","-0.04","919010","919010","2275","400","45505","20"
"2013-09-25","0.04","4095900","4095900","2276","1800","45510","90"
"2013-09-24","0","1026060","1026060","2275","440","45505","22"
"2013-09-23","-5.21","91010","91010","2275","40","45505","2"
"2013-09-20","6.67","515525","515525","2400","220","48000","11"
"2013-09-19","0","16560000","16560000","2250","7360","45000","368"
"2013-09-18","0","20581000","20581000","2250","9100","45000","455"
"2013-09-17","-1.32","23193130","23193130","2250","10200","45000","510"
"2013-09-16","0.22","11890500","11890500","2280","5220","45600","261"
"2013-09-11","0","773500","773500","2275","340","45500","17"
"2013-09-10","0","5187000","5187000","2275","2280","45500","114"
"2013-09-09","0","3139500","3139500","2275","1380","45500","69"
"2013-09-05","0","1365000","1365000","2275","600","45500","30"
"2013-09-04","0","4049500","4049500","2275","1780","45500","89"
"2013-09-03","-5.21","2684500","2684500","2275","1180","45500","59"
"2013-08-30","0","624000","624000","2400","260","48000","13"
"2013-08-29","0","864090","864090","2400","360","48005","18"
"2013-08-28","6.67","1824000","1824000","2400","760","48000","38"
"2013-08-27","0","1710000","1710000","2250","760","45000","38"
"2013-08-26","-0.57","7380000","7380000","2250","3280","45000","164"
"2013-08-23","0.22","2172000","2172000","2263","960","45250","48"
"2013-08-20","0.31","1851150","1851150","2258","820","45150","41"
"2013-08-19","0.04","1080240","1080240","2251","480","45010","24"
"2013-08-16","0","9001000","9001000","2250","4000","45005","200"
"2013-08-14","0","2610290","2610290","2250","1160","45005","58"
"2013-08-12","0","4725000","4725000","2250","2100","45000","105"
"2013-08-06","0","4050000","4050000","2250","1800","45000","90"
"2013-08-02","-6.25","3375000","3375000","2250","1500","45000","75"
"2013-08-01","0","1296000","1296000","2400","540","48000","27"
"2013-07-31","0.33","960100","960100","2400","400","48005","20"
"2013-07-30","0","287010","287010","2392","120","47835","6"
"2013-07-29","7.51","6792570","6792570","2392","2840","47835","142"
"2013-07-26","0","4717000","4717000","2225","2120","44500","106"
"2013-07-25","0","222500","222500","2225","100","44500","5"
"2013-07-24","0","3916000","3916000","2225","1760","44500","88"
"2013-07-23","0","1023500","1023500","2225","460","44500","23"
"2013-07-22","1.69","534000","534000","2225","240","44500","12"
"2013-07-19","0","2319280","2319280","2188","1060","43760","53"
"2013-07-18","4.19","1050000","1050000","2188","480","43750","24"
"2013-07-17","0","798000","798000","2100","380","42000","19"
"2013-07-16","-2.33","7728000","7728000","2100","3680","42000","184"
"2013-07-15","3.61","989000","989000","2150","460","43000","23"
"2013-07-12","-5.68","664000","664000","2075","320","41500","16"
"2013-07-11","7.32","4532000","4532000","2200","2060","44000","103"
"2013-07-10","0","410000","410000","2050","200","41000","10"
"2013-07-09","2.5","410000","410000","2050","200","41000","10"
"2013-07-04","1.27","2320000","2320000","2000","1160","40000","58"
"2013-07-02","0","632000","632000","1975","320","39500","16"
"2013-07-01","0","592500","592500","1975","300","39500","15"
"2013-06-28","-1.25","632000","632000","1975","320","39500","16"
"2013-06-27","0","2360295","2360295","2000","1180","40005","59"
"2013-06-26","-6.98","1600000","1600000","2000","800","40000","40"
"2013-06-25","2.58","1462000","1462000","2150","680","43000","34"
"2013-06-24","7.49","586950","586950","2096","280","41925","14"
"2013-06-20","0","2964380","2964380","1950","1520","39005","76"
"2013-06-18","0","1599205","1599205","1950","820","39005","41"
"2013-06-17","0","6513000","6513000","1950","3340","39000","167"
"2013-06-14","0","3939000","3939000","1950","2020","39000","101"
"2013-06-13","0","15600000","15600000","1950","8000","39000","400"
"2013-06-12","0","19500000","19500000","1950","10000","39000","500"
"2013-06-11","0","25818000","25818000","1950","13240","39000","662"
"2013-06-10","0","1989000","1989000","1950","1020","39000","51"
"2013-06-07","5.41","819000","819000","1950","420","39000","21"
"2013-06-06","-7.5","1702230","1702230","1850","920","37005","46"
"2013-06-05","0","160020","160020","2000","80","40005","4"
"2013-06-04","-4.76","680085","680085","2000","340","40005","17"
"2013-06-03","-4.55","4830000","4830000","2100","2300","42000","115"
"2013-05-31","-2.22","616000","616000","2200","280","44000","14"
"2013-05-29","0","5040000","5040000","2250","2240","45000","112"
"2013-05-28","0","10215000","10215000","2250","4540","45000","227"
"2013-05-27","4.65","1215000","1215000","2250","540","45000","27"
"2013-05-24","0","2150000","2150000","2150","1000","43000","50"
"2013-05-23","0","6966000","6966000","2150","3240","43000","162"
"2013-05-22","0","44376000","44376000","2150","20640","43000","1032"
"2013-05-21","0","3913000","3913000","2150","1820","43000","91"
"2013-05-16","0","989000","989000","2150","460","43000","23"
"2013-05-15","0","3354000","3354000","2150","1560","43000","78"
"2013-05-14","7.07","903000","903000","2150","420","43000","21"
"2013-05-07","0.4","1043900","1043900","2008","520","40150","26"
"2013-05-06","0","3280410","3280410","2000","1640","40005","82"
"2013-05-02","-4.76","1560000","1560000","2000","780","40000","39"
"2013-04-30","0","588000","588000","2100","280","42000","14"
"2013-04-29","5.74","1260000","1260000","2100","600","42000","30"
"2013-04-26","-0.7","2144340","2144340","1986","1080","39710","54"
"2013-04-25","0","1600000","1600000","2000","800","40000","40"
"2013-04-24","1.27","640000","640000","2000","320","40000","16"
"2013-04-17","1.28","1659210","1659210","1975","840","39505","42"
"2013-04-15","-2.5","6396000","6396000","1950","3280","39000","164"
"2013-04-12","0","5240000","5240000","2000","2620","40000","131"
"2013-04-11","0","560000","560000","2000","280","40000","14"
"2013-04-10","0","40000","40000","2000","20","40000","1"
"2013-04-08","0","42920000","42920000","2000","21460","40000","1073"
"2013-04-05","-6.98","6840000","6840000","2000","3420","40000","171"
"2013-04-03","-4.44","3999000","3999000","2150","1860","43000","93"
"2013-04-02","4.65","4185000","4185000","2250","1860","45000","93"
"2013-03-29","0","20210000","20210000","2150","9400","43000","470"
"2013-03-28","7.23","24166000","24166000","2150","11240","43000","562"
"2013-03-27","0.25","3208400","3208400","2005","1600","40105","80"
"2013-03-26","-5.88","1760000","1760000","2000","880","40000","44"
"2013-03-25","0","1785000","1785000","2125","840","42500","42"
"2013-03-22","0","212500","212500","2125","100","42500","5"
"2013-03-21","-5.56","2975000","2975000","2125","1400","42500","70"
"2013-03-20","7.14","66060000","66060000","2250","29360","45000","1468"
"2013-03-18","0","1512180","1512180","2100","720","42005","36"
"2013-03-15","0","4704000","4704000","2100","2240","42000","112"
"2013-03-14","0","4116000","4116000","2100","1960","42000","98"
"2013-03-13","0","9198000","9198000","2100","4380","42000","219"
"2013-03-12","0","6384000","6384000","2100","3040","42000","152"
"2013-03-11","-6.67","798000","798000","2100","380","42000","19"
"2013-03-07","0","1125000","1125000","2250","500","45000","25"
"2013-03-06","4.65","360000","360000","2250","160","45000","8"
"2013-03-05","2.38","11567000","11567000","2150","5380","43000","269"
"2013-03-04","5","924000","924000","2100","440","42000","22"
"2013-03-01","0","600000","600000","2000","300","40000","15"
"2013-02-28","-4.76","4080000","4080000","2000","2040","40000","102"
"2013-02-26","0","10374000","10374000","2100","4940","42000","247"
"2013-02-25","3.7","588000","588000","2100","280","42000","14"
"2013-02-21","-5.81","1012500","1012500","2025","500","40500","25"
"2013-02-20","0","645000","645000","2150","300","43000","15"
"2013-02-19","7.5","3655000","3655000","2150","1700","43000","85"
"2013-02-18","0","520000","520000","2000","260","40000","13"
"2013-02-15","0","9961245","9961245","2000","4980","40005","249"
"2013-02-14","0","320000","320000","2000","160","40000","8"
"2013-02-12","-4.76","1240000","1240000","2000","620","40000","31"
"2013-02-11","0","4452000","4452000","2100","2120","42000","106"
"2013-02-07","3.7","1176000","1176000","2100","560","42000","28"
"2013-02-05","1.25","17658000","17658000","2025","8720","40500","436"
"2013-02-04","0","4000000","4000000","2000","2000","40000","100"
"2013-02-01","0","160000","160000","2000","80","40000","4"
"2013-01-31","0","1000000","1000000","2000","500","40000","25"
"2013-01-30","5.26","4240000","4240000","2000","2120","40000","106"
"2013-01-29","-2.56","39107145","39107145","1900","20580","38005","1029"
"2013-01-28","0","5889000","5889000","1950","3020","39000","151"
"2013-01-23","0","14235000","14235000","1950","7300","39000","365"
"2013-01-22","0","6006000","6006000","1950","3080","39000","154"
"2013-01-21","0","7020000","7020000","1950","3600","39000","180"
"2013-01-18","0","1248000","1248000","1950","640","39000","32"
"2013-01-17","5.41","2418000","2418000","1950","1240","39000","62"
"2013-01-16","3.93","4773000","4773000","1850","2580","37000","129"
"2013-01-15","-5.82","4307600","4307600","1780","2420","35600","121"
"2013-01-14","-3.03","831600","831600","1890","440","37800","22"
"2013-01-11","-0.05","935520","935520","1949","480","38980","24"
"2013-01-10","0","4290000","4290000","1950","2200","39000","110"
"2013-01-09","0","7956000","7956000","1950","4080","39000","204"
"2013-01-08","0","2691000","2691000","1950","1380","39000","69"
"2013-01-07","0.36","3666000","3666000","1950","1880","39000","94"
"2013-01-04","0","777000","777000","1943","400","38850","20"
"2013-01-03","-7.48","2214450","2214450","1943","1140","38850","57"
"2012-12-31","5.79","13230000","13230000","2100","6300","42000","315"
"2012-12-28","7.3","19453000","19453000","1985","9800","39700","490"
"2012-12-27","0","10101000","10101000","1850","5460","37000","273"
"2012-12-26","0","12395000","12395000","1850","6700","37000","335"
"2012-12-24","0","924875","924875","1850","500","36995","25"
"2012-12-21","0","4033000","4033000","1850","2180","37000","109"
"2012-12-19","0","1406000","1406000","1850","760","37000","38"
"2012-12-18","0","740000","740000","1850","400","37000","20"
"2012-12-17","4.23","2553000","2553000","1850","1380","37000","69"
"2012-12-14","0","4579500","4579500","1775","2580","35500","129"
"2012-12-13","0","639000","639000","1775","360","35500","18"
"2012-12-12","-4.57","3834000","3834000","1775","2160","35500","108"
"2012-12-11","0.54","5989200","5989200","1860","3220","37200","161"
"2012-12-10","0","37000","37000","1850","20","37000","1"
"2012-12-07","-1.65","777000","777000","1850","420","37000","21"
"2012-12-06","5.97","1204000","1204000","1881","640","37625","32"
"2012-12-05","0","22258500","22258500","1775","12540","35500","627"
"2012-12-04","-5.64","1917000","1917000","1775","1080","35500","54"
"2012-12-03","-0.11","10948875","10948875","1881","5820","37625","291"
"2012-11-30","0.05","4743900","4743900","1883","2520","37650","126"
"2012-11-29","0","5569240","5569240","1882","2960","37630","148"
"2012-11-28","0.05","6547620","6547620","1882","3480","37630","174"
"2012-11-27","0","7336875","7336875","1881","3900","37625","195"
"2012-11-26","0","3950625","3950625","1881","2100","37625","105"
"2012-11-23","0","188125","188125","1881","100","37625","5"
"2012-11-22","0","4251625","4251625","1881","2260","37625","113"
"2012-11-21","0","9744875","9744875","1881","5180","37625","259"
"2012-11-20","7.49","1392125","1392125","1881","740","37625","37"
"2012-11-19","0","8400000","8400000","1750","4800","35000","240"
"2012-11-16","0","595000","595000","1750","340","35000","17"
"2012-11-14","2.94","1400000","1400000","1750","800","35000","40"
"2012-11-13","3.03","1700000","1700000","1700","1000","34000","50"
"2012-11-09","-4.18","1386210","1386210","1650","840","33005","42"
"2012-11-08","7.49","860750","860750","1722","500","34430","25"
"2012-11-07","0.13","2562400","2562400","1602","1600","32030","80"
"2012-11-06","0","640100","640100","1600","400","32005","20"
"2012-11-05","0","1376000","1376000","1600","860","32000","43"
"2012-10-31","0","896000","896000","1600","560","32000","28"
"2012-10-30","0","20480000","20480000","1600","12800","32000","640"
"2012-10-29","0","22400000","22400000","1600","14000","32000","700"
"2012-10-25","6.67","40384000","40384000","1600","25240","32000","1262"
"2012-10-24","-6.25","900000","900000","1500","600","30000","30"
"2012-10-23","0.31","6336000","6336000","1600","3960","32000","198"
"2012-10-22","-0.31","7081800","7081800","1595","4440","31900","222"
"2012-10-19","0","4480000","4480000","1600","2800","32000","140"
"2012-10-18","0","3616000","3616000","1600","2260","32000","113"
"2012-10-17","0","17376000","17376000","1600","10860","32000","543"
"2012-10-15","0.31","25984000","25984000","1600","16240","32000","812"
"2012-10-12","6.26","6858500","6858500","1595","4300","31900","215"
"2012-10-11","0","1860620","1860620","1501","1240","30010","62"
"2012-10-10","0","630210","630210","1501","420","30010","21"
"2012-10-09","0.07","450150","450150","1501","300","30010","15"
"2012-10-08","-6.25","510085","510085","1500","340","30005","17"
"2012-10-05","0","22816000","22816000","1600","14260","32000","713"
"2012-10-04","0","16000000","16000000","1600","10000","32000","500"
"2012-10-03","0","20384000","20384000","1600","12740","32000","637"
"2012-10-01","0","1216000","1216000","1600","760","32000","38"
"2012-09-28","-0.62","1568000","1568000","1600","980","32000","49"
"2012-09-27","0.63","2350600","2350600","1610","1460","32200","73"
"2012-09-26","-0.62","3328000","3328000","1600","2080","32000","104"
"2012-09-25","7.33","1610000","1610000","1610","1000","32200","50"
"2012-09-24","0.13","4800000","4800000","1500","3200","30000","160"
"2012-09-21","0","5962040","5962040","1498","3980","29960","199"
"2012-09-19","0","12101820","12101820","1498","8080","29955","404"
"2012-09-18","-0.13","6858550","6858550","1498","4580","29950","229"
"2012-09-17","0","2250000","2250000","1500","1500","30000","75"
"2012-09-14","7.3","659780","659780","1500","440","29990","22"
"2012-09-13","7.54","2795000","2795000","1398","2000","27950","100"
"2012-09-12","4","1144000","1144000","1300","880","26000","44"
"2012-09-11","-5.73","3925000","3925000","1250","3140","25000","157"
"2012-09-10","-1.78","3737910","3737910","1326","2820","26510","141"
"2012-09-07","1.89","2079000","2079000","1350","1540","27000","77"
"2012-09-06","-1.49","2040885","2040885","1325","1540","26505","77"
"2012-09-05","-0.37","1291200","1291200","1345","960","26900","48"
"2012-09-04","0","2403000","2403000","1350","1780","27000","89"
"2012-09-03","3.85","2376000","2376000","1350","1760","27000","88"
"2012-08-31","3.59","676000","676000","1300","520","26000","26"
"2012-08-30","0.4","5522000","5522000","1255","4400","25100","220"
"2012-08-29","0","325065","325065","1250","260","25005","13"
"2012-08-28","0","975195","975195","1250","780","25005","39"
"2012-08-27","0","1500000","1500000","1250","1200","25000","60"
"2012-08-24","-1.96","625125","625125","1250","500","25005","25"
"2012-08-23","2","204000","204000","1275","160","25500","8"
"2012-08-22","-1.19","275000","275000","1250","220","25000","11"
"2012-08-21","0","3036600","3036600","1265","2400","25305","120"
"2012-08-17","0","177100","177100","1265","140","25300","7"
"2012-08-16","1.2","227700","227700","1265","180","25300","9"
"2012-08-14","0","675000","675000","1250","540","25000","27"
"2012-08-13","-1.19","1250000","1250000","1250","1000","25000","50"
"2012-08-10","0","253000","253000","1265","200","25300","10"
"2012-08-08","0","3795000","3795000","1265","3000","25300","150"
"2012-08-03","0.16","1138500","1138500","1265","900","25300","45"
"2012-08-02","0.96","1186750","1186750","1263","940","25250","47"
"2012-08-01","0","7631100","7631100","1251","6100","25020","305"
"2012-07-31","0.08","1751050","1751050","1251","1400","25015","70"
"2012-07-30","0","3975000","3975000","1250","3180","25000","159"
"2012-07-27","0","1525000","1525000","1250","1220","25000","61"
"2012-07-26","-0.08","1425000","1425000","1250","1140","25000","57"
"2012-07-25","0","1225490","1225490","1251","980","25010","49"
"2012-07-24","0","375225","375225","1251","300","25015","15"
"2012-07-23","-2.19","1550930","1550930","1251","1240","25015","62"
"2012-07-19","2.24","434775","434775","1279","340","25575","17"
"2012-07-18","0","375150","375150","1251","300","25010","15"
"2012-07-17","0.08","9428770","9428770","1251","7540","25010","377"
"2012-07-16","2.46","825000","825000","1250","660","25000","33"
"2012-07-13","-0.41","854000","854000","1220","700","24400","35"
"2012-07-12","0","980000","980000","1225","800","24500","40"
"2012-07-11","-2","563500","563500","1225","460","24500","23"
"2012-07-10","6.38","1075000","1075000","1250","860","25000","43"
"2012-07-09","-2.08","1410000","1410000","1175","1200","23500","60"
"2012-07-06","2.13","600000","600000","1200","500","24000","25"
"2012-07-05","0","1198500","1198500","1175","1020","23500","51"
"2012-07-04","0","376000","376000","1175","320","23500","16"
"2012-07-02","0","1598000","1598000","1175","1360","23500","68"
"2012-06-29","-1.67","540500","540500","1175","460","23500","23"
"2012-06-28","-0.42","2342200","2342200","1195","1960","23900","98"
"2012-06-27","0","912000","912000","1200","760","24000","38"
"2012-06-25","-1.88","360000","360000","1200","300","24000","15"
"2012-06-22","0","2591700","2591700","1223","2120","24450","106"
"2012-06-21","1.83","4890000","4890000","1223","4000","24450","200"
"2012-06-20","-1.96","1032430","1032430","1201","860","24010","43"
"2012-06-18","6.52","220500","220500","1225","180","24500","9"
"2012-06-15","1.86","1380000","1380000","1150","1200","23000","60"
"2012-06-14","7.52","225750","225750","1129","200","22575","10"
"2012-06-13","5","7749000","7749000","1050","7380","21000","369"
"2012-06-12","0","800200","800200","1000","800","20005","40"
"2012-06-11","0","720180","720180","1000","720","20005","36"
"2012-06-08","5.26","400000","400000","1000","400","20000","20"
"2012-06-07","-5","285000","285000","950","300","19000","15"
"2012-06-06","0","900000","900000","1000","900","20000","45"
"2012-06-05","0","100000","100000","1000","100","20000","5"
"2012-06-04","-2.44","1380000","1380000","1000","1380","20000","69"
"2012-06-01","-2.38","533000","533000","1025","520","20500","26"
"2012-05-30","-4.55","483000","483000","1050","460","21000","23"
"2012-05-25","0","8822000","8822000","1100","8020","22000","401"
"2012-05-24","-0.27","5346000","5346000","1100","4860","22000","243"
"2012-05-23","0","2028600","2028600","1103","1840","22050","92"
"2012-05-22","-0.18","1499400","1499400","1103","1360","22050","68"
"2012-05-21","0.45","221000","221000","1105","200","22100","10"
"2012-05-18","-0.09","5434000","5434000","1100","4940","22000","247"
"2012-05-16","0.09","198090","198090","1101","180","22010","9"
"2012-05-15","0","1144000","1144000","1100","1040","22000","52"
"2012-05-14","0","3036000","3036000","1100","2760","22000","138"
"2012-05-11","0.46","440000","440000","1100","400","22000","20"
"2012-05-10","-0.45","438000","438000","1095","400","21900","20"
"2012-05-09","-0.45","286000","286000","1100","260","22000","13"
"2012-05-08","5.24","287300","287300","1105","260","22100","13"
"2012-05-07","-4.55","693000","693000","1050","660","21000","33"
"2012-05-04","0","3586000","3586000","1100","3260","22000","163"
"2012-05-03","0","990000","990000","1100","900","22000","45"
"2012-05-02","0","12386000","12386000","1100","11260","22000","563"
"2012-04-30","4.76","7942000","7942000","1100","7220","22000","361"
"2012-04-27","-2.33","903000","903000","1050","860","21000","43"
"2012-04-26","2.38","430000","430000","1075","400","21500","20"
"2012-04-25","0","2100000","2100000","1050","2000","21000","100"
"2012-04-24","0","4431000","4431000","1050","4220","21000","211"
"2012-04-23","0","2709000","2709000","1050","2580","21000","129"
"2012-04-20","2.34","2015040","2015040","1050","1920","20990","96"
"2012-04-17","0.1","1046010","1046010","1026","1020","20510","51"
"2012-04-16","0","287070","287070","1025","280","20505","14"
"2012-04-13","0","20500","20500","1025","20","20500","1"
"2012-04-12","0","3034000","3034000","1025","2960","20500","148"
"2012-04-11","2.5","1845000","1845000","1025","1800","20500","90"
"2012-04-10","0","2139465","2139465","1000","2140","19995","107"
"2012-04-06","0","1719570","1719570","1000","1720","19995","86"
"2012-04-05","-2.44","1340000","1340000","1000","1340","20000","67"
"2012-04-04","-2.38","307500","307500","1025","300","20500","15"
"2012-04-03","0","6781385","6781385","1050","6460","20995","323"
"2012-04-02","-7","3717000","3717000","1050","3540","21000","177"
"2012-03-29","7.52","857850","857850","1129","760","22575","38"
"2012-03-28","-0.1","1785000","1785000","1050","1700","21000","85"
"2012-03-27","0","294140","294140","1051","280","21010","14"
"2012-03-26","0","1869890","1869890","1051","1780","21010","89"
"2012-03-23","0.1","2374130","2374130","1051","2260","21010","113"
"2012-03-22","-2.33","504000","504000","1050","480","21000","24"
"2012-03-21","0","5805000","5805000","1075","5400","21500","270"
"2012-03-20","0","8471000","8471000","1075","7880","21500","394"
"2012-03-19","0","1354500","1354500","1075","1260","21500","63"
"2012-03-16","2.38","12900000","12900000","1075","12000","21500","600"
"2012-03-15","0","2037000","2037000","1050","1940","21000","97"
"2012-03-14","-6.67","3129000","3129000","1050","2980","21000","149"
"2012-03-13","-5.86","33525000","33525000","1125","29800","22500","1490"
"2012-03-12","-0.33","1744700","1744700","1195","1460","23900","73"
"2012-03-09","0","2350530","2350530","1199","1960","23985","98"
"2012-03-08","-4.08","743535","743535","1199","620","23985","31"
"2012-03-07","4.17","749700","749700","1250","600","24990","30"
"2012-03-06","-4","936000","936000","1200","780","24000","39"
"2012-03-05","0.4","1249500","1249500","1250","1000","24990","50"
"2012-03-02","-0.4","2415300","2415300","1245","1940","24900","97"
"2012-03-01","0","1724310","1724310","1250","1380","24990","69"
"2012-02-29","4.17","1775000","1775000","1250","1420","25000","71"
"2012-02-28","0","5208000","5208000","1200","4340","24000","217"
"2012-02-27","-7.19","15432000","15432000","1200","12860","24000","643"
"2012-02-24","6.95","5997200","5997200","1293","4640","25850","232"
"2012-02-21","7.47","1692950","1692950","1209","1400","24185","70"
"2012-02-20","2.09","2565000","2565000","1125","2280","22500","114"
"2012-02-17","7.51","3437460","3437460","1102","3120","22035","156"
"2012-02-16","2.5","2070500","2070500","1025","2020","20500","101"
"2012-02-15","0","499875","499875","1000","500","19995","25"
"2012-02-14","0","440000","440000","1000","440","20000","22"
"2012-02-10","-2.44","1820000","1820000","1000","1820","20000","91"
"2012-02-09","0","1004500","1004500","1025","980","20500","49"
"2012-02-08","0","410000","410000","1025","400","20500","20"
"2012-02-07","0","738000","738000","1025","720","20500","36"
"2012-02-06","-2.29","2480500","2480500","1025","2420","20500","121"
"2012-02-03","-0.1","1049000","1049000","1049","1000","20980","50"
"2012-02-02","3.96","1407000","1407000","1050","1340","21000","67"
"2012-02-01","5.87","525200","525200","1010","520","20200","26"
"2012-01-30","-6.93","934920","934920","954","980","19080","49"
"2012-01-27","2.5","717500","717500","1025","700","20500","35"
"2012-01-23","2.25","1200000","1200000","1000","1200","20000","60"
"2012-01-20","2.41","586500","586500","978","600","19550","30"
"2012-01-18","-4.5","974100","974100","955","1020","19100","51"
"2012-01-16","4.93","2560000","2560000","1000","2560","20000","128"
"2012-01-13","15.52","1906500","1906500","953","2000","19065","100"
"2012-01-11","-12.33","3118500","3118500","825","3780","16500","189"
"2012-01-06","0","188100","188100","941","200","18810","10"
"2012-01-05","7.54","1561230","1561230","941","1660","18810","83"
"2012-01-04","2.94","927500","927500","875","1060","17500","53"
"2012-01-03","0","425000","425000","850","500","17000","25"
"2012-01-02","2.41","136000","136000","850","160","17000","8"
"2011-12-30","0","249000","249000","830","300","16600","15"
"2011-12-28","-2.35","1892400","1892400","830","2280","16600","114"
"2011-12-23","3.03","510000","510000","850","600","17000","30"
"2011-12-21","0","495000","495000","825","600","16500","30"
"2011-12-20","-2.94","577500","577500","825","700","16500","35"
"2011-12-19","3.03","1699500","1699500","850","2000","16995","100"
"2011-12-16","-2.94","495000","495000","825","600","16500","30"
"2011-12-15","3.03","221000","221000","850","260","17000","13"
"2011-12-14","3.13","5544000","5544000","825","6720","16500","336"
"2011-12-13","0","512000","512000","800","640","16000","32"
"2011-12-08","-5.88","256000","256000","800","320","16000","16"
"2011-12-07","0","680000","680000","850","800","17000","40"
"2011-12-06","3.03","357000","357000","850","420","17000","21"
"2011-12-05","0","379500","379500","825","460","16500","23"
"2011-12-02","0","16500","16500","825","20","16500","1"
"2011-12-01","-2.94","214500","214500","825","260","16500","13"
"2011-11-30","0","884000","884000","850","1040","17000","52"
"2011-11-29","0","986000","986000","850","1160","17000","58"
"2011-11-28","3.03","612000","612000","850","720","17000","36"
"2011-11-25","0","1980000","1980000","825","2400","16500","120"
"2011-11-24","0","1782000","1782000","825","2160","16500","108"
"2011-11-23","-0.36","1006805","1006805","825","1220","16505","61"
"2011-11-22","0","579250","579250","828","700","16550","35"
"2011-11-21","-2.59","1605350","1605350","828","1940","16550","97"
"2011-11-18","0","1819000","1819000","850","2140","17000","107"
"2011-11-17","2.66","1989000","1989000","850","2340","17000","117"
"2011-11-16","-2.59","496500","496500","828","600","16550","30"
"2011-11-14","0","1734000","1734000","850","2040","17000","102"
"2011-11-10","2.66","170000","170000","850","200","17000","10"
"2011-11-09","-2.59","215150","215150","828","260","16550","13"
"2011-11-04","0","170000","170000","850","200","17000","10"
"2011-10-31","0","3842000","3842000","850","4520","17000","226"
"2011-10-28","0","1734000","1734000","850","2040","17000","102"
"2011-10-27","2.41","1020000","1020000","850","1200","17000","60"
"2011-10-25","0.61","2755600","2755600","830","3320","16600","166"
"2011-10-21","0","2475000","2475000","825","3000","16500","150"
"2011-10-20","0","2557500","2557500","825","3100","16500","155"
"2011-10-19","0","32990","32990","825","40","16495","2"
"2011-10-17","0","32990","32990","825","40","16495","2"
"2011-10-14","3.13","280415","280415","825","340","16495","17"
"2011-10-13","2.56","464000","464000","800","580","16000","29"
"2011-10-12","0","218400","218400","780","280","15600","14"
"2011-10-11","0","780000","780000","780","1000","15600","50"
"2011-10-10","-5.45","624000","624000","780","800","15600","40"
"2011-10-07","2.48","3415500","3415500","825","4140","16500","207"
"2011-10-06","0.63","322100","322100","805","400","16105","20"
"2011-10-05","0","2175320","2175320","800","2720","15995","136"
"2011-10-04","0","271915","271915","800","340","15995","17"
"2011-10-03","1.27","943705","943705","800","1180","15995","59"
"2011-09-28","0","237000","237000","790","300","15800","15"
"2011-09-27","4.64","158000","158000","790","200","15800","10"
"2011-09-23","0.67","120800","120800","755","160","15100","8"
"2011-09-22","-6.25","1155000","1155000","750","1540","15000","77"
"2011-09-21","3.23","320000","320000","800","400","16000","20"
"2011-09-20","2.65","7409000","7409000","775","9560","15500","478"
"2011-09-19","-2.58","528500","528500","755","700","15100","35"
"2011-09-16","3.33","2046000","2046000","775","2640","15500","132"
"2011-09-15","0.67","270000","270000","750","360","15000","18"
"2011-09-14","0","149000","149000","745","200","14900","10"
"2011-09-13","-0.27","26075000","26075000","745","35000","14900","1750"
"2011-09-09","-0.4","1942850","1942850","747","2600","14945","130"
"2011-09-07","0","735000","735000","750","980","15000","49"
"2011-09-02","0","225000","225000","750","300","15000","15"
"2011-09-01","0","2160000","2160000","750","2880","15000","144"
"2011-08-31","-3.23","2655000","2655000","750","3540","15000","177"
"2011-08-29","-3.13","434000","434000","775","560","15500","28"
"2011-08-26","0","239925","239925","800","300","15995","15"
"2011-08-25","3.23","1488000","1488000","800","1860","16000","93"
"2011-08-24","3.33","186000","186000","775","240","15500","12"
"2011-08-19","0","360000","360000","750","480","15000","24"
"2011-08-18","-3.23","1500000","1500000","750","2000","15000","100"
"2011-08-17","-3.13","1782500","1782500","775","2300","15500","115"
"2011-08-16","0","8528000","8528000","800","10660","16000","533"
"2011-08-12","-3.03","3440000","3440000","800","4300","16000","215"
"2011-08-10","3.13","6781500","6781500","825","8220","16500","411"
"2011-08-09","0","256000","256000","800","320","16000","16"
"2011-08-04","0","2480000","2480000","800","3100","16000","155"
"2011-08-03","0","384000","384000","800","480","16000","24"
"2011-08-02","0","1680000","1680000","800","2100","16000","105"
"2011-08-01","0","1120000","1120000","800","1400","16000","70"
"2011-07-29","3.23","20832000","20832000","800","26040","16000","1302"
"2011-07-28","0","232500","232500","775","300","15500","15"
"2011-07-27","6.6","4495000","4495000","775","5800","15500","290"
"2011-07-25","0.28","711970","711970","727","980","14530","49"
"2011-07-22","0","2769500","2769500","725","3820","14500","191"
"2011-07-21","3.57","130500","130500","725","180","14500","9"
"2011-07-19","-0.71","812000","812000","700","1160","14000","58"
"2011-07-18","0","141000","141000","705","200","14100","10"
"2011-07-15","0.57","423000","423000","705","600","14100","30"
"2011-07-14","0.14","1008720","1008720","701","1440","14010","72"
"2011-07-13","0","490000","490000","700","700","14000","35"
"2011-07-12","-3.45","3906000","3906000","700","5580","14000","279"
"2011-07-11","3.57","2885500","2885500","725","3980","14500","199"
"2011-07-08","-6.04","420000","420000","700","600","14000","30"
"2011-07-07","-6.88","566200","566200","745","760","14900","38"
"2011-07-04","-0.62","800000","800000","800","1000","16000","50"
"2011-07-01","-0.62","193200","193200","805","240","16100","12"
"2011-06-29","0","2089800","2089800","810","2580","16200","129"
"2011-06-28","0.25","648000","648000","810","800","16200","40"
"2011-06-27","-0.25","3456100","3456100","808","4280","16150","214"
"2011-06-24","0","5994000","5994000","810","7400","16200","370"
"2011-06-23","0","1539000","1539000","810","1900","16200","95"
"2011-06-22","0","810000","810000","810","1000","16200","50"
"2011-06-21","0","842400","842400","810","1040","16200","52"
"2011-06-20","0","4746600","4746600","810","5860","16200","293"
"2011-06-17","0.87","761400","761400","810","940","16200","47"
"2011-06-16","0.38","963000","963000","803","1200","16050","60"
"2011-06-15","-1.84","6624000","6624000","800","8280","16000","414"
"2011-06-14","-1.21","407500","407500","815","500","16300","25"
"2011-06-10","0","1650000","1650000","825","2000","16500","100"
"2011-06-09","0","16186500","16186500","825","19620","16500","981"
"2011-06-08","-2.94","1270500","1270500","825","1540","16500","77"
"2011-06-07","0","3570000","3570000","850","4200","17000","210"
"2011-06-06","0","2499000","2499000","850","2940","17000","147"
"2011-06-03","0","1870000","1870000","850","2200","17000","110"
"2011-06-01","0","425000","425000","850","500","17000","25"
"2011-05-31","-5.03","2669000","2669000","850","3140","17000","157"
"2011-05-27","-0.78","1288800","1288800","895","1440","17900","72"
"2011-05-26","15.49","829840","829840","902","920","18040","46"
"2011-05-24","0.77","515295","515295","781","660","15615","33"
"2011-05-23","0","279000","279000","775","360","15500","18"
"2011-05-20","2.92","10586500","10586500","775","13660","15500","683"
"2011-05-19","0","1204000","1204000","753","1600","15050","80"
"2011-05-17","7.57","301000","301000","753","400","15050","20"
"2011-05-16","0","56000","56000","700","80","14000","4"
"2011-05-12","0","714000","714000","700","1020","14000","51"
"2011-05-11","0","196000","196000","700","280","14000","14"
"2011-05-10","0","420000","420000","700","600","14000","30"
"2011-05-06","3.7","140000","140000","700","200","14000","10"
"2011-04-27","-6.9","108000","108000","675","160","13500","8"
"2011-04-14","0","145000","145000","725","200","14500","10"
"2011-03-14","0","145000","145000","725","200","14500","10"
"2011-03-09","2.84","145000","145000","725","200","14500","10"
"2011-02-11","-2.08","846000","846000","705","1200","14100","60"
"2011-02-10","-0.69","748800","748800","720","1040","14400","52"
"2011-02-08","-0.68","3333850","3333850","725","4600","14495","230"
"2011-02-07","0","1679000","1679000","730","2300","14600","115"
"2011-02-04","0","146000","146000","730","200","14600","10"
"2011-02-03","0.69","1562200","1562200","730","2140","14600","107"
"2011-02-01","0","319110","319110","725","440","14505","22"
"2011-01-28","0","333500","333500","725","460","14500","23"
"2011-01-27","0","507500","507500","725","700","14500","35"
"2011-01-26","0","3407500","3407500","725","4700","14500","235"
"2011-01-25","0","1073000","1073000","725","1480","14500","74"
"2011-01-24","0","3407500","3407500","725","4700","14500","235"
"2011-01-21","1.68","145000","145000","725","200","14500","10"
"2011-01-20","0","28500","28500","713","40","14250","2"
"2011-01-19","0","16872000","16872000","713","23680","14250","1184"
"2011-01-18","0.42","3690750","3690750","713","5180","14250","259"
"2011-01-17","0.71","3677800","3677800","710","5180","14200","259"
"2011-01-14","0","2749500","2749500","705","3900","14100","195"
"2011-01-13","0.71","2340600","2340600","705","3320","14100","166"
"2011-01-12","0","11704000","11704000","700","16720","14000","836"
"2011-01-11","0","18480000","18480000","700","26400","14000","1320"
"2011-01-10","0","15470000","15470000","700","22100","14000","1105"
"2011-01-07","0","19334000","19334000","700","27620","14000","1381"
"2011-01-06","0","12362000","12362000","700","17660","14000","883"
"2011-01-05","0","1652000","1652000","700","2360","14000","118"
"2011-01-04","0","8638000","8638000","700","12340","14000","617"
"2011-01-03","0","154000","154000","700","220","14000","11"
"2010-12-31","0","182000","182000","700","260","14000","13"
"2010-12-30","0","798000","798000","700","1140","14000","57"
"2010-12-29","-0.71","9352000","9352000","700","13360","14000","668"
"2010-12-28","0.71","1551000","1551000","705","2200","14100","110"
"2010-12-27","-0.71","8288000","8288000","700","11840","14000","592"
"2010-12-24","0","408900","408900","705","580","14100","29"
"2010-12-23","0","11618400","11618400","705","16480","14100","824"
"2010-12-22","0.71","5217000","5217000","705","7400","14100","370"
"2010-12-21","0","2801000","2801000","700","4000","14005","200"
"2010-12-20","0","280000","280000","700","400","14000","20"
"2010-12-16","0","3640000","3640000","700","5200","14000","260"
"2010-12-15","0","41006000","41006000","700","58580","14000","2929"
"2010-12-14","0","64484000","64484000","700","92120","14000","4606"
"2010-12-13","0","42014000","42014000","700","60020","14000","3001"
"2010-12-10","0","1512000","1512000","700","2160","14000","108"
"2010-12-09","0","756000","756000","700","1080","14000","54"
"2010-12-08","-3.45","8358000","8358000","700","11940","14000","597"
"2010-12-07","0","609210","609210","725","840","14505","42"
"2010-12-06","3.57","116000","116000","725","160","14500","8"
"2010-12-02","0","5054000","5054000","700","7220","14000","361"
"2010-11-30","0","30100000","30100000","700","43000","14000","2150"
"2010-11-29","-3.45","18046000","18046000","700","25780","14000","1289"
"2010-11-26","0","6525000","6525000","725","9000","14500","450"
"2010-11-25","0","17327500","17327500","725","23900","14500","1195"
"2010-11-24","3.57","122887500","122887500","725","169500","14500","8475"
"2010-11-23","0","28028000","28028000","700","40040","14000","2002"
"2010-11-22","-6.67","6174000","6174000","700","8820","14000","441"
"2010-11-19","-3.23","4515000","4515000","750","6020","15000","301"
"2010-11-18","0","542500","542500","775","700","15500","35"
"2010-11-17","-3.13","155000","155000","775","200","15500","10"
"2010-11-12","0","21760000","21760000","800","27200","16000","1360"
"2010-11-11","0","672000","672000","800","840","16000","42"
"2010-11-10","0","208000","208000","800","260","16000","13"
"2010-11-09","0","1200000","1200000","800","1500","16000","75"
"2010-11-08","0.63","751765","751765","800","940","15995","47"
"2010-11-05","-0.63","159000","159000","795","200","15900","10"
"2010-11-03","0","879725","879725","800","1100","15995","55"
"2010-10-28","-3.03","1279600","1279600","800","1600","15995","80"
"2010-10-27","0","280500","280500","825","340","16500","17"
"2010-10-26","3.13","165000","165000","825","200","16500","10"
"2010-10-25","-0.62","704000","704000","800","880","16000","44"
"2010-10-22","-2.42","161000","161000","805","200","16100","10"
"2010-10-21","0","99000","99000","825","120","16500","6"
"2010-10-20","3.13","528000","528000","825","640","16500","32"
"2010-10-19","0","240000","240000","800","300","16000","15"
"2010-10-18","3.9","624000","624000","800","780","16000","39"
"2010-10-15","0","2941400","2941400","770","3820","15400","191"
"2010-10-14","0","2372370","2372370","770","3080","15405","154"
"2010-10-11","0.26","1015740","1015740","770","1320","15390","66"
"2010-10-08","-4","307000","307000","768","400","15350","20"
"2010-10-07","4.58","736000","736000","800","920","16000","46"
"2010-10-04","0","351900","351900","765","460","15300","23"
"2010-10-01","-3.16","367200","367200","765","480","15300","24"
"2010-09-30","-0.63","394875","394875","790","500","15795","25"
"2010-09-29","-0.63","524700","524700","795","660","15900","33"
"2010-09-28","1.27","768000","768000","800","960","16000","48"
"2010-09-24","-4.24","1263200","1263200","790","1600","15790","80"
"2010-09-23","3.13","495000","495000","825","600","16500","30"
"2010-09-22","0","144000","144000","800","180","16000","9"
"2010-09-21","4.85","240000","240000","800","300","16000","15"
"2010-09-20","0","76250","76250","763","100","15250","5"
"2010-09-17","0","640500","640500","763","840","15250","42"
"2010-09-16","0","838750","838750","763","1100","15250","55"
"2010-09-15","0","2058750","2058750","763","2700","15250","135"
"2010-09-14","0.39","152500","152500","763","200","15250","10"
"2010-09-13","0.66","136800","136800","760","180","15200","9"
"2010-09-09","-4.43","16610000","16610000","755","22000","15100","1100"
"2010-09-08","0","17463740","17463740","790","22120","15790","1106"
"2010-09-07","0","2384290","2384290","790","3020","15790","151"
"2010-09-03","0.64","236850","236850","790","300","15790","15"
"2010-09-02","-0.63","721740","721740","785","920","15690","46"
"2010-09-01","0","678970","678970","790","860","15790","43"
"2010-08-31","0.64","710550","710550","790","900","15790","45"
"2010-08-30","0","78450","78450","785","100","15690","5"
"2010-08-27","-1.75","156900","156900","785","200","15690","10"
"2010-08-26","6.53","2443410","2443410","799","3060","15970","153"
"2010-08-23","-5.06","1320000","1320000","750","1760","15000","88"
"2010-08-19","0","426330","426330","790","540","15790","27"
"2010-08-18","0","947400","947400","790","1200","15790","60"
"2010-08-17","0","2115860","2115860","790","2680","15790","134"
"2010-08-16","0","31580","31580","790","40","15790","2"
"2010-08-13","0","2226390","2226390","790","2820","15790","141"
"2010-08-12","0","1579000","1579000","790","2000","15790","100"
"2010-08-11","1.28","221060","221060","790","280","15790","14"
"2010-08-10","0","78000","78000","780","100","15600","5"
"2010-08-09","-1.27","530400","530400","780","680","15600","34"
"2010-08-06","0","268600","268600","790","340","15800","17"
"2010-08-05","0","410800","410800","790","520","15800","26"
"2010-08-04","0","869000","869000","790","1100","15800","55"
"2010-08-03","0","695200","695200","790","880","15800","44"
"2010-08-02","0","1200800","1200800","790","1520","15800","76"
"2010-07-30","0","3191600","3191600","790","4040","15800","202"
"2010-07-29","0","6035600","6035600","790","7640","15800","382"
"2010-07-28","0","711000","711000","790","900","15800","45"
"2010-07-27","5.33","66065360","66065360","790","83680","15790","4184"
"2010-07-26","-0.4","3075000","3075000","750","4100","15000","205"
"2010-07-23","0.4","1294300","1294300","753","1720","15050","86"
"2010-07-22","-3.23","2655000","2655000","750","3540","15000","177"
"2010-07-21","0","728500","728500","775","940","15500","47"
"2010-07-20","-3.13","1674000","1674000","775","2160","15500","108"
"2010-07-19","3.23","143955","143955","800","180","15995","9"
"2010-07-16","-6.06","310000","310000","775","400","15500","20"
"2010-07-09","3.13","1072500","1072500","825","1300","16500","65"
"2010-07-08","-3.61","43520000","43520000","800","54400","16000","2720"
"2010-07-06","0.61","1294800","1294800","830","1560","16600","78"
"2010-07-05","3.13","1567500","1567500","825","1900","16500","95"
"2010-07-02","0","1120000","1120000","800","1400","16000","70"
"2010-07-01","6.67","1072000","1072000","800","1340","16000","67"
"2010-06-29","0","750000","750000","750","1000","15000","50"
"2010-06-28","-11.76","210000","210000","750","280","15000","14"
"2010-06-25","6.25","204000","204000","850","240","17000","12"
"2010-06-23","-5.88","3777180","3777180","800","4720","16005","236"
"2010-06-21","-2.86","1682010","1682010","850","1980","16990","99"
"2010-06-18","4.17","2432500","2432500","875","2780","17500","139"
"2010-06-17","6.6","1512000","1512000","840","1800","16800","90"
"2010-06-16","0","1874250","1874250","788","2380","15750","119"
"2010-06-15","0","1512000","1512000","788","1920","15750","96"
"2010-06-14","-0.25","17844750","17844750","788","22660","15750","1133"
"2010-06-08","8.97","1026350","1026350","790","1300","15790","65"
"2010-06-03","0","4944500","4944500","725","6820","14500","341"
"2010-06-02","0.69","44384500","44384500","725","61220","14500","3061"
"2010-06-01","-0.28","1209600","1209600","720","1680","14400","84"
"2010-05-31","-0.41","15730605","15730605","722","21780","14445","1089"
"2010-05-28","0","3828000","3828000","725","5280","14500","264"
"2010-05-27","0","25085000","25085000","725","34600","14500","1730"
"2010-05-26","-3.33","3088500","3088500","725","4260","14500","213"
"2010-05-25","0","3045000","3045000","750","4060","15000","203"
"2010-05-21","3.45","2205000","2205000","750","2940","15000","147"
"2010-05-20","-3.33","681500","681500","725","940","14500","47"
"2010-05-18","0","2280000","2280000","750","3040","15000","152"
"2010-05-17","0","2160000","2160000","750","2880","15000","144"
"2010-05-14","-0.92","1500000","1500000","750","2000","15000","100"
"2010-05-12","0","151400","151400","757","200","15140","10"
"2010-05-11","0","3769860","3769860","757","4980","15140","249"
"2010-05-10","0.93","1241890","1241890","757","1640","15145","82"
"2010-05-07","-0.66","1710000","1710000","750","2280","15000","114"
"2010-05-06","0","1162700","1162700","755","1540","15100","77"
"2010-05-05","-0.4","4545100","4545100","755","6020","15100","301"
"2010-05-04","0","712050","712050","758","940","15150","47"
"2010-05-03","0","4984350","4984350","758","6580","15150","329"
"2010-04-30","0","16225650","16225650","758","21420","15150","1071"
"2010-04-29","0.4","2272500","2272500","758","3000","15150","150"
"2010-04-28","0","8003000","8003000","755","10600","15100","530"
"2010-04-27","0","3895800","3895800","755","5160","15100","258"
"2010-04-26","0","135900","135900","755","180","15100","9"
"2010-04-23","0.67","20687000","20687000","755","27400","15100","1370"
"2010-04-22","0","35265000","35265000","750","47020","15000","2351"
"2010-04-21","0","9015000","9015000","750","12020","15000","601"
"2010-04-20","0","27759250","27759250","750","37000","15005","1850"
"2010-04-19","3.45","9735000","9735000","750","12980","15000","649"
"2010-04-15","0","22040000","22040000","725","30400","14500","1520"
"2010-04-14","0","29000000","29000000","725","40000","14500","2000"
"2010-04-13","3.13","43500000","43500000","725","60000","14500","3000"
"2010-04-12","0","21097500","21097500","703","30000","14065","1500"
"2010-04-09","0","8163050","8163050","703","11620","14050","581"
"2010-04-07","0","5184450","5184450","703","7380","14050","369"
"2010-04-06","0","8317600","8317600","703","11840","14050","592"
"2010-04-02","0","3484400","3484400","703","4960","14050","248"
"2010-04-01","0","393540","393540","703","560","14055","28"
"2010-03-31","0.43","4453850","4453850","703","6340","14050","317"
"2010-03-29","0","756000","756000","700","1080","14000","54"
"2010-03-26","0","1582000","1582000","700","2260","14000","113"
"2010-03-24","0","350000","350000","700","500","14000","25"
"2010-03-23","0","2310000","2310000","700","3300","14000","165"
"2010-03-22","0","182000","182000","700","260","14000","13"
"2010-03-19","0","15092000","15092000","700","21560","14000","1078"
"2010-03-18","0","1638000","1638000","700","2340","14000","117"
"2010-03-17","0","98000","98000","700","140","14000","7"
"2010-03-16","0","280000","280000","700","400","14000","20"
"2010-03-12","0","14000000","14000000","700","20000","14000","1000"
"2010-03-11","-6.67","1203570","1203570","700","1720","13995","86"
"2010-03-10","-0.66","150000","150000","750","200","15000","10"
"2010-03-09","0","332200","332200","755","440","15100","22"
"2010-03-08","0","181200","181200","755","240","15100","12"
"2010-03-05","-5.63","453000","453000","755","600","15100","30"
"2010-02-25","0","496000","496000","800","620","16000","31"
"2010-02-24","4.44","1664000","1664000","800","2080","16000","104"
"2010-02-23","0","107240","107240","766","140","15320","7"
"2010-02-17","7.13","306400","306400","766","400","15320","20"
"2010-02-16","0","14300","14300","715","20","14300","1"
"2010-02-11","0.28","143000","143000","715","200","14300","10"
"2010-02-09","0","71275","71275","713","100","14255","5"
"2010-02-08","0","14255","14255","713","20","14255","1"
"2010-02-05","-4.93","299355","299355","713","420","14255","21"
"2010-02-04","0","90000","90000","750","120","15000","6"
"2010-02-03","0","555000","555000","750","740","15000","37"
"2010-02-01","0","210000","210000","750","280","15000","14"
"2010-01-28","-6.25","4080000","4080000","750","5440","15000","272"
"2010-01-27","0","160000","160000","800","200","16000","10"
"2010-01-26","-0.74","784000","784000","800","980","16000","49"
"2010-01-25","7.47","645000","645000","806","800","16125","40"
"2010-01-21","0.67","1665000","1665000","750","2220","15000","111"
"2010-01-20","4.49","1400600","1400600","745","1880","14900","94"
"2010-01-19","7.54","342120","342120","713","480","14255","24"
"2010-01-14","-5.29","7017185","7017185","663","10580","13265","529"
"2010-01-13","5.58","42936660","42936660","700","61360","13995","3068"
"2010-01-12","-7.53","15135365","15135365","663","22820","13265","1141"
"2010-01-11","0","4158600","4158600","717","5800","14340","290"
"2010-01-08","-7.48","6166200","6166200","717","8600","14340","430"
"2010-01-07","0","1271000","1271000","775","1640","15500","82"
"2010-01-06","-2.52","7750000","7750000","775","10000","15500","500"
"2010-01-05","-0.63","572400","572400","795","720","15900","36"
"2010-01-04","-3.03","128000","128000","800","160","16000","8"
"2009-12-31","0","1517080","1517080","825","1840","16490","92"
"2009-12-28","0","593820","593820","825","720","16495","36"
"2009-12-23","-2.94","495000","495000","825","600","16500","30"
"2009-12-17","-0.35","425000","425000","850","500","17000","25"
"2009-12-15","-2.51","238700","238700","853","280","17050","14"
"2009-12-11","0","489860","489860","875","560","17495","28"
"2009-12-09","0","2870000","2870000","875","3280","17500","164"
"2009-12-04","0","175000","175000","875","200","17500","10"
"2009-12-01","0","980000","980000","875","1120","17500","56"
"2009-11-30","0","262500","262500","875","300","17500","15"
"2009-11-26","-1.46","1102500","1102500","875","1260","17500","63"
"2009-11-25","0","408250","408250","888","460","17750","23"
"2009-11-20","1.49","710000","710000","888","800","17750","40"
"2009-11-18","1.74","2975000","2975000","875","3400","17500","170"
"2009-11-17","0","963200","963200","860","1120","17200","56"
"2009-11-16","0","154800","154800","860","180","17200","9"
"2009-11-13","-1.71","189200","189200","860","220","17200","11"
"2009-11-09","2.94","175000","175000","875","200","17500","10"
"2009-11-06","-0.58","1615000","1615000","850","1900","17000","95"
"2009-11-05","0","222300","222300","855","260","17100","13"
"2009-11-03","0.59","239400","239400","855","280","17100","14"
"2009-11-02","0","102000","102000","850","120","17000","6"
"2009-10-30","0","153000","153000","850","180","17000","9"
"2009-10-28","0","612000","612000","850","720","17000","36"
"2009-10-27","0","187055","187055","850","220","17005","11"
"2009-10-26","0","170050","170050","850","200","17005","10"
"2009-10-22","0","1241000","1241000","850","1460","17000","73"
"2009-10-20","0","187055","187055","850","220","17005","11"
"2009-10-19","0","153045","153045","850","180","17005","9"
"2009-10-16","-2.86","1700500","1700500","850","2000","17005","100"
"2009-10-15","0","700000","700000","875","800","17500","40"
"2009-10-13","2.94","367500","367500","875","420","17500","21"
"2009-10-08","0","17000","17000","850","20","17000","1"
"2009-10-07","-2.86","1020000","1020000","850","1200","17000","60"
"2009-10-06","0","2553540","2553540","875","2920","17490","146"
"2009-10-01","0","525150","525150","875","600","17505","30"
"2009-09-30","0","157500","157500","875","180","17500","9"
"2009-09-29","0","367500","367500","875","420","17500","21"
"2009-09-28","0","245000","245000","875","280","17500","14"
"2009-09-25","1.04","245000","245000","875","280","17500","14"
"2009-09-24","0.7","3203275","3203275","866","3700","17315","185"
"2009-09-21","1.18","1083600","1083600","860","1260","17200","63"
"2009-09-18","0","68000","68000","850","80","17000","4"
"2009-09-16","0.35","357000","357000","850","420","17000","21"
"2009-09-15","4.31","440440","440440","847","520","16940","26"
"2009-09-14","0.12","162400","162400","812","200","16240","10"
"2009-09-11","0","876150","876150","811","1080","16225","54"
"2009-09-10","0.12","227080","227080","811","280","16220","14"
"2009-09-08","0","713020","713020","810","880","16205","44"
"2009-09-07","0","275400","275400","810","340","16200","17"
"2009-09-03","0","6482000","6482000","810","8000","16205","400"
"2009-09-02","0.62","550970","550970","810","680","16205","34"
"2009-08-27","0.63","322100","322100","805","400","16105","20"
"2009-08-26","0","880000","880000","800","1100","16000","55"
"2009-08-25","6.24","1280000","1280000","800","1600","16000","80"
"2009-08-20","0","331100","331100","753","440","15050","22"
"2009-08-19","-2.84","406350","406350","753","540","15050","27"
"2009-08-14","3.33","403000","403000","775","520","15500","26"
"2009-08-12","0","615000","615000","750","820","15000","41"
"2009-08-11","0","1020000","1020000","750","1360","15000","68"
"2009-08-10","0","1500000","1500000","750","2000","15000","100"
"2009-08-06","0","360000","360000","750","480","15000","24"
"2009-08-05","0","7950000","7950000","750","10600","15000","530"
"2009-08-04","0","1065000","1065000","750","1420","15000","71"
"2009-08-03","0","2970000","2970000","750","3960","15000","198"
"2009-07-31","0","105000","105000","750","140","15000","7"
"2009-07-30","-3.23","750000","750000","750","1000","15000","50"
"2009-07-29","0","124000","124000","775","160","15500","8"
"2009-07-28","0","1550000","1550000","775","2000","15500","100"
"2009-07-27","-3.13","899000","899000","775","1160","15500","58"
"2009-07-24","3.23","928000","928000","800","1160","16000","58"
"2009-07-23","0","387500","387500","775","500","15500","25"
"2009-07-22","3.33","1038500","1038500","775","1340","15500","67"
"2009-07-20","7.14","615000","615000","750","820","15000","41"
"2009-07-17","0","154000","154000","700","220","14000","11"
"2009-07-16","0","574000","574000","700","820","14000","41"
"2009-07-15","-3.45","1260000","1260000","700","1800","14000","90"
"2009-07-14","-3.97","754000","754000","725","1040","14500","52"
"2009-07-13","0","196300","196300","755","260","15100","13"
"2009-07-10","-5.39","1132500","1132500","755","1500","15100","75"
"2009-07-09","-6.12","303050","303050","798","380","15950","19"
"2009-07-03","0","187000","187000","850","220","17000","11"
"2009-07-01","0","3944000","3944000","850","4640","17000","232"
"2009-06-30","0","340000","340000","850","400","17000","20"
"2009-06-29","0","136000","136000","850","160","17000","8"
"2009-06-26","0","1785000","1785000","850","2100","17000","105"
"2009-06-25","0","850000","850000","850","1000","17000","50"
"2009-06-24","3.03","2975000","2975000","850","3500","17000","175"
"2009-06-22","-2.94","1155000","1155000","825","1400","16500","70"
"2009-06-19","0","3689000","3689000","850","4340","17000","217"
"2009-06-15","0","170000","170000","850","200","17000","10"
"2009-06-12","0","2787180","2787180","850","3280","16995","164"
"2009-06-11","0","85000","85000","850","100","17000","5"
"2009-06-10","-1.16","986000","986000","850","1160","17000","58"
"2009-06-09","0","17200","17200","860","20","17200","1"
"2009-06-08","0","602000","602000","860","700","17200","35"
"2009-06-03","7.5","172000","172000","860","200","17200","10"
"2009-05-27","0","256000","256000","800","320","16000","16"
"2009-05-26","5.96","480000","480000","800","600","16000","30"
"2009-05-25","-5.63","951300","951300","755","1260","15100","63"
"2009-05-20","0","576000","576000","800","720","16000","36"
"2009-05-18","-3.03","752000","752000","800","940","16000","47"
"2009-05-15","0","1815000","1815000","825","2200","16500","110"
"2009-05-14","0","214500","214500","825","260","16500","13"
"2009-05-11","0","247425","247425","825","300","16495","15"
"2009-05-08","0","577500","577500","825","700","16500","35"
"2009-05-07","0","165000","165000","825","200","16500","10"
"2009-05-05","0","528000","528000","825","640","16500","32"
"2009-05-04","-2.94","709500","709500","825","860","16500","43"
"2009-04-30","0","169900","169900","850","200","16990","10"
"2009-04-29","-0.35","1615000","1615000","850","1900","17000","95"
"2009-04-24","0.35","341000","341000","853","400","17050","20"
"2009-04-21","0","578000","578000","850","680","17000","34"
"2009-04-20","0","459000","459000","850","540","17000","27"
"2009-04-15","0","1105000","1105000","850","1300","17000","65"
"2009-04-14","-5.56","1105000","1105000","850","1300","17000","65"
"2009-04-09","0","180000","180000","900","200","18000","10"
"2009-04-08","-2.7","810000","810000","900","900","18000","45"
"2009-04-07","0","961740","961740","925","1040","18495","52"
"2009-04-06","-7.5","462500","462500","925","500","18500","25"
"2009-04-03","0","180000","180000","1000","180","20000","9"
"2009-04-02","0","260000","260000","1000","260","20000","13"
"2009-04-01","0","320000","320000","1000","320","20000","16"
"2009-03-27","0","60000","60000","1000","60","20000","3"
"2009-03-23","0","20000","20000","1000","20","20000","1"
"2009-03-18","0","60000","60000","1000","60","20000","3"
"2009-03-17","0","1020000","1020000","1000","1020","20000","51"
"2009-03-16","0","40000","40000","1000","40","20000","2"
"2009-03-06","0","820000","820000","1000","820","20000","41"
"2009-03-04","0","200050","200050","1000","200","20005","10"
"2009-03-03","0","820205","820205","1000","820","20005","41"
"2009-02-26","0","300075","300075","1000","300","20005","15"
"2009-02-25","0","1100000","1100000","1000","1100","20000","55"
"2009-02-24","0","1100000","1100000","1000","1100","20000","55"
"2009-02-23","0","7180000","7180000","1000","7180","20000","359"
"2009-02-20","0","360000","360000","1000","360","20000","18"
"2009-02-17","-0.5","2660000","2660000","1000","2660","20000","133"
"2009-02-16","0.5","301575","301575","1005","300","20105","15"
"2009-02-12","0","500000","500000","1000","500","20000","25"
"2009-02-11","0.1","7340000","7340000","1000","7340","20000","367"
"2009-02-10","0","4116910","4116910","999","4120","19985","206"
"2009-02-06","-0.1","1998500","1998500","999","2000","19985","100"
"2009-02-05","0","999750","999750","1000","1000","19995","50"
"2009-02-04","-0.5","1420000","1420000","1000","1420","20000","71"
"2009-02-03","0","562800","562800","1005","560","20100","28"
"2009-02-02","0.5","1527600","1527600","1005","1520","20100","76"
"2009-01-27","-0.1","200050","200050","1000","200","20005","10"
"2009-01-26","0","380190","380190","1001","380","20010","19"
"2009-01-22","0.1","300150","300150","1001","300","20010","15"
"2009-01-21","0","900225","900225","1000","900","20005","45"
"2009-01-19","-1.48","1400350","1400350","1000","1400","20005","70"
"2009-01-16","0","2720200","2720200","1015","2680","20300","134"
"2009-01-15","1.5","1157100","1157100","1015","1140","20300","57"
"2009-01-14","0","4321080","4321080","1000","4320","20005","216"
"2009-01-13","-1.48","360090","360090","1000","360","20005","18"
"2009-01-07","-3.33","507500","507500","1015","500","20300","25"
"2009-01-06","0","1049750","1049750","1050","1000","20995","50"
"2009-01-05","-3.76","314925","314925","1050","300","20995","15"
"2008-12-31","7.49","1243455","1243455","1091","1140","21815","57"
"2008-12-30","0","5905845","5905845","1015","5820","20295","291"
"2008-12-26","-0.98","182655","182655","1015","180","20295","9"
"2008-12-24","2.5","656000","656000","1025","640","20500","32"
"2008-12-22","0","2060000","2060000","1000","2060","20000","103"
"2008-12-18","0","580145","580145","1000","580","20005","29"
"2008-12-16","0","1240000","1240000","1000","1240","20000","62"
"2008-12-15","-2.44","1800000","1800000","1000","1800","20000","90"
"2008-12-12","0","328000","328000","1025","320","20500","16"
"2008-12-11","0","410000","410000","1025","400","20500","20"
"2008-12-10","0","61500","61500","1025","60","20500","3"
"2008-12-03","0","512500","512500","1025","500","20500","25"
"2008-12-01","-1.44","2562500","2562500","1025","2500","20500","125"
"2008-11-28","0","1165080","1165080","1040","1120","20805","56"
"2008-11-27","0","582540","582540","1040","560","20805","28"
"2008-11-26","0","977600","977600","1040","940","20800","47"
"2008-11-24","0.48","728000","728000","1040","700","20800","35"
"2008-11-21","8.83","2567420","2567420","1035","2480","20705","124"
"2008-11-19","1.71","532420","532420","951","560","19015","28"
"2008-11-18","0","411400","411400","935","440","18700","22"
"2008-11-17","0","598400","598400","935","640","18700","32"
"2008-11-13","0.54","374000","374000","935","400","18700","20"
"2008-11-12","0","334800","334800","930","360","18600","18"
"2008-11-11","0","1301650","1301650","930","1400","18595","70"
"2008-11-10","0","185900","185900","930","200","18590","10"
"2008-11-07","0","725400","725400","930","780","18600","39"
"2008-11-06","0.54","1283400","1283400","930","1380","18600","69"
"2008-11-05","0","518140","518140","925","560","18505","28"
"2008-11-04","-7.5","2183000","2183000","925","2360","18500","118"
"2008-10-30","0","460000","460000","1000","460","20000","23"
"2008-10-29","-1.48","600000","600000","1000","600","20000","30"
"2008-10-28","0","345100","345100","1015","340","20300","17"
"2008-10-27","-0.49","243600","243600","1015","240","20300","12"
"2008-10-24","0","20395","20395","1020","20","20395","1"
"2008-10-23","-0.49","917775","917775","1020","900","20395","45"
"2008-10-22","-2.38","553500","553500","1025","540","20500","27"
"2008-10-21","0","209950","209950","1050","200","20995","10"
"2008-10-17","-3.4","1008000","1008000","1050","960","21000","48"
"2008-10-15","3.03","195705","195705","1087","180","21745","9"
"2008-10-14","0","211000","211000","1055","200","21100","10"
"2008-10-13","-2.94","422000","422000","1055","400","21100","20"
"2008-10-10","0","739160","739160","1087","680","21740","34"
"2008-10-09","-7.49","239140","239140","1087","220","21740","11"
"2008-10-08","0","235000","235000","1175","200","23500","10"
"2008-10-07","0","329000","329000","1175","280","23500","14"
"2008-10-06","-1.92","3313500","3313500","1175","2820","23500","141"
"2008-10-01","-0.17","814300","814300","1198","680","23950","34"
"2008-09-26","0","648000","648000","1200","540","24000","27"
"2008-09-25","-4","1344000","1344000","1200","1120","24000","56"
"2008-09-24","-0.79","500000","500000","1250","400","25000","20"
"2008-09-23","-1.79","2394000","2394000","1260","1900","25200","95"
"2008-09-22","0","487540","487540","1283","380","25660","19"
"2008-09-19","0","2642980","2642980","1283","2060","25660","103"
"2008-09-18","-0.08","2976560","2976560","1283","2320","25660","116"
"2008-09-17","0.08","3542460","3542460","1284","2760","25670","138"
"2008-09-16","0","4542705","4542705","1283","3540","25665","177"
"2008-09-15","0","8775720","8775720","1283","6840","25660","342"
"2008-09-12","0","1744200","1744200","1283","1360","25650","68"
"2008-09-11","0","4950450","4950450","1283","3860","25650","193"
"2008-09-10","7.54","2795850","2795850","1283","2180","25650","109"
"2008-09-09","7.48","596625","596625","1193","500","23865","25"
"2008-09-08","0.91","4373400","4373400","1110","3940","22200","197"
"2008-09-05","0","2310000","2310000","1100","2100","22000","105"
"2008-09-04","0","2904000","2904000","1100","2640","22000","132"
"2008-09-03","0","6490000","6490000","1100","5900","22000","295"
"2008-09-02","0","550125","550125","1100","500","22005","25"
"2008-09-01","0.09","9944000","9944000","1100","9040","22000","452"
"2008-08-29","-0.09","879400","879400","1099","800","21985","40"
"2008-08-28","-0.45","1870000","1870000","1100","1700","22000","85"
"2008-08-27","0","442000","442000","1105","400","22100","20"
"2008-08-26","5.24","817700","817700","1105","740","22100","37"
"2008-08-22","0","903215","903215","1050","860","21005","43"
"2008-08-21","0","3171000","3171000","1050","3020","21000","151"
"2008-08-20","0","1428000","1428000","1050","1360","21000","68"
"2008-08-19","0","3003000","3003000","1050","2860","21000","143"
"2008-08-18","0","2100000","2100000","1050","2000","21000","100"
"2008-08-14","2.44","2520000","2520000","1050","2400","21000","120"
"2008-08-13","-4.65","307500","307500","1025","300","20500","15"
"2008-08-12","7.5","172000","172000","1075","160","21500","8"
"2008-08-11","0","400000","400000","1000","400","20000","20"
"2008-08-08","2.46","700000","700000","1000","700","20000","35"
"2008-08-06","0.1","195100","195100","976","200","19510","10"
"2008-08-05","0","624160","624160","975","640","19505","32"
"2008-08-04","0","39010","39010","975","40","19505","2"
"2008-08-01","0","3491395","3491395","975","3580","19505","179"
"2008-07-30","0","1287330","1287330","975","1320","19505","66"
"2008-07-29","0","2437500","2437500","975","2500","19500","125"
"2008-07-25","2.63","585000","585000","975","600","19500","30"
"2008-07-23","1.6","6118000","6118000","950","6440","19000","322"
"2008-07-21","0","748200","748200","935","800","18705","40"
"2008-07-16","0","1402500","1402500","935","1500","18700","75"
"2008-07-15","0","3683900","3683900","935","3940","18700","197"
"2008-07-14","0","486330","486330","935","520","18705","26"
"2008-07-10","0","280500","280500","935","300","18700","15"
"2008-07-08","0","56100","56100","935","60","18700","3"
"2008-07-07","0","878900","878900","935","940","18700","47"
"2008-07-04","0","785400","785400","935","840","18700","42"
"2008-07-02","0","187000","187000","935","200","18700","10"
"2008-07-01","0","411400","411400","935","440","18700","22"
"2008-06-30","1.63","542300","542300","935","580","18700","29"
"2008-06-27","-1.6","220800","220800","920","240","18400","12"
"2008-06-26","0.54","11220000","11220000","935","12000","18700","600"
"2008-06-25","-2.11","260400","260400","930","280","18600","14"
"2008-06-24","0","1197000","1197000","950","1260","19000","63"
"2008-06-23","0","1197000","1197000","950","1260","19000","63"
"2008-06-20","0","2223000","2223000","950","2340","19000","117"
"2008-06-19","2.7","3439000","3439000","950","3620","19000","181"
"2008-06-18","-2.63","999000","999000","925","1080","18500","54"
"2008-06-16","0","798000","798000","950","840","19000","42"
"2008-06-13","0","1045000","1045000","950","1100","19000","55"
"2008-06-12","2.15","513000","513000","950","540","19000","27"
"2008-06-09","0.54","372100","372100","930","400","18605","20"
"2008-06-06","0.43","1887000","1887000","925","2040","18500","102"
"2008-06-05","0","736400","736400","921","800","18410","40"
"2008-06-04","0.11","1951460","1951460","921","2120","18410","106"
"2008-05-30","-0.54","901845","901845","920","980","18405","49"
"2008-05-29","0.54","1868500","1868500","925","2020","18500","101"
"2008-05-28","0","36810","36810","920","40","18405","2"
"2008-05-27","-0.54","883440","883440","920","960","18405","48"
"2008-05-26","0","55500","55500","925","60","18500","3"
"2008-05-23","0","3330000","3330000","925","3600","18500","180"
"2008-05-22","0","92500","92500","925","100","18500","5"
"2008-05-21","0","499500","499500","925","540","18500","27"
"2008-05-20","0","277500","277500","925","300","18500","15"
"2008-05-19","0","666000","666000","925","720","18500","36"
"2008-05-16","0","3977500","3977500","925","4300","18500","215"
"2008-05-15","0","2534500","2534500","925","2740","18500","137"
"2008-05-14","0","499500","499500","925","540","18500","27"
"2008-05-13","2.21","555000","555000","925","600","18500","30"
"2008-05-09","0.56","162900","162900","905","180","18100","9"
"2008-05-07","0","4284000","4284000","900","4760","18000","238"
"2008-05-06","-2.7","252000","252000","900","280","18000","14"
"2008-05-05","0","444000","444000","925","480","18500","24"
"2008-05-02","5.71","148000","148000","925","160","18500","8"
"2008-04-30","2.94","1172500","1172500","875","1340","17500","67"
"2008-04-29","-2.86","3111000","3111000","850","3660","17000","183"
"2008-04-28","0","350000","350000","875","400","17500","20"
"2008-04-24","0","1925000","1925000","875","2200","17500","110"
"2008-04-23","0","262500","262500","875","300","17500","15"
"2008-04-22","-5.41","1487500","1487500","875","1700","17500","85"
"2008-04-21","0","203500","203500","925","220","18500","11"
"2008-04-17","0","3237500","3237500","925","3500","18500","175"
"2008-04-15","0","7307500","7307500","925","7900","18500","395"
"2008-04-14","-0.54","6993000","6993000","925","7560","18500","378"
"2008-04-11","0","2325625","2325625","930","2500","18605","125"
"2008-04-10","0","55800","55800","930","60","18600","3"
"2008-04-09","3.33","6770400","6770400","930","7280","18600","364"
"2008-04-08","-0.55","3672000","3672000","900","4080","18000","204"
"2008-04-07","0","524900","524900","905","580","18100","29"
"2008-04-04","1.69","14516200","14516200","905","16040","18100","802"
"2008-04-03","-1.11","1157000","1157000","890","1300","17800","65"
"2008-04-02","0","324000","324000","900","360","18000","18"
"2008-04-01","2.86","1080000","1080000","900","1200","18000","60"
"2008-03-31","2.94","717500","717500","875","820","17500","41"
"2008-03-28","0","238000","238000","850","280","17000","14"
"2008-03-27","1.8","782230","782230","850","920","17005","46"
"2008-03-26","0","16700","16700","835","20","16700","1"
"2008-03-25","0","868400","868400","835","1040","16700","52"
"2008-03-21","1.21","283900","283900","835","340","16700","17"
"2008-03-19","0","2095500","2095500","825","2540","16500","127"
"2008-03-18","0","1386000","1386000","825","1680","16500","84"
"2008-03-17","-1.2","1534500","1534500","825","1860","16500","93"
"2008-03-13","0","1636600","1636600","835","1960","16700","98"
"2008-03-12","0","935200","935200","835","1120","16700","56"
"2008-03-11","0","317300","317300","835","380","16700","19"
"2008-03-10","0","1285900","1285900","835","1540","16700","77"
"2008-03-06","-0.6","467600","467600","835","560","16700","28"
"2008-03-05","5","235200","235200","840","280","16800","14"
"2008-03-04","0","4432000","4432000","800","5540","16000","277"
"2008-03-03","-5.88","2128000","2128000","800","2660","16000","133"
"2008-02-27","3.03","2584000","2584000","850","3040","17000","152"
"2008-02-26","-2.94","429000","429000","825","520","16500","26"
"2008-02-25","6.25","1088000","1088000","850","1280","17000","64"
"2008-02-22","2.56","704000","704000","800","880","16000","44"
"2008-02-20","0.52","1404000","1404000","780","1800","15600","90"
"2008-02-19","0","930600","930600","776","1200","15510","60"
"2008-02-18","3.47","341220","341220","776","440","15510","22"
"2008-02-11","4.9","1815000","1815000","750","2420","15000","121"
"2008-02-08","0.7","300195","300195","715","420","14295","21"
"2008-02-07","1.28","1718200","1718200","710","2420","14200","121"
"2008-02-04","0.14","210150","210150","701","300","14010","15"
"2008-02-01","0.29","462165","462165","700","660","14005","33"
"2008-01-29","0.72","209250","209250","698","300","13950","15"
"2008-01-24","0.73","692500","692500","693","1000","13850","50"
"2008-01-21","0","742500","742500","688","1080","13750","54"
"2008-01-18","1.78","660000","660000","688","960","13750","48"
"2008-01-17","0.15","486540","486540","676","720","13515","36"
"2008-01-15","3.85","135000","135000","675","200","13500","10"
"2008-01-11","0","143000","143000","650","220","13000","11"
"2008-01-10","0","1261000","1261000","650","1940","13000","97"
"2008-01-09","0","702000","702000","650","1080","13000","54"
"2008-01-08","0","728000","728000","650","1120","13000","56"
"2008-01-07","-3.7","3354000","3354000","650","5160","13000","258"
"2008-01-04","0","445335","445335","675","660","13495","33"
"2008-01-03","0","121500","121500","675","180","13500","9"
"2008-01-02","0","1579500","1579500","675","2340","13500","117"
"2007-12-28","0","1377000","1377000","675","2040","13500","102"
"2007-12-27","0","1039500","1039500","675","1540","13500","77"
"2007-12-26","0","121500","121500","675","180","13500","9"
"2007-12-24","0","486000","486000","675","720","13500","36"
"2007-12-21","-2.32","1971000","1971000","675","2920","13500","146"
"2007-12-17","0","897650","897650","691","1300","13810","65"
"2007-12-14","0","1381500","1381500","691","2000","13815","100"
"2007-12-11","0.14","746010","746010","691","1080","13815","54"
"2007-12-06","0","828300","828300","690","1200","13805","60"
"2007-12-03","0","2014800","2014800","690","2920","13800","146"
"2007-11-30","0.29","276000","276000","690","400","13800","20"
"2007-11-28","0","385140","385140","688","560","13755","28"
"2007-11-27","0","453915","453915","688","660","13755","33"
"2007-11-26","0.29","4950000","4950000","688","7200","13750","360"
"2007-11-23","0","41145","41145","686","60","13715","3"
"2007-11-22","0.15","1234350","1234350","686","1800","13715","90"
"2007-11-21","1.33","1562370","1562370","685","2280","13705","114"
"2007-11-16","-3.43","4056000","4056000","676","6000","13520","300"
"2007-11-14","3.7","504000","504000","700","720","14000","36"
"2007-11-13","0","4900500","4900500","675","7260","13500","363"
"2007-11-12","3.85","337500","337500","675","500","13500","25"
"2007-11-07","0","156000","156000","650","240","13000","12"
"2007-11-06","-3.7","364000","364000","650","560","13000","28"
"2007-11-05","0","1539000","1539000","675","2280","13500","114"
"2007-10-30","0","81000","81000","675","120","13500","6"
"2007-10-25","0","2065500","2065500","675","3060","13500","153"
"2007-10-24","0","1930500","1930500","675","2860","13500","143"
"2007-10-23","0","378140","378140","675","560","13505","28"
"2007-10-22","0","243090","243090","675","360","13505","18"
"2007-10-19","0","553500","553500","675","820","13500","41"
"2007-10-18","0","405000","405000","675","600","13500","30"
"2007-10-17","0","270000","270000","675","400","13500","20"
"2007-10-16","0","1917000","1917000","675","2840","13500","142"
"2007-10-15","-4.26","270000","270000","675","400","13500","20"
"2007-10-08","-2.76","846000","846000","705","1200","14100","60"
"2007-10-04","0","464000","464000","725","640","14500","32"
"2007-10-03","-2.68","145000","145000","725","200","14500","10"
"2007-10-02","-5.22","298000","298000","745","400","14900","20"
"2007-09-27","0","15710","15710","786","20","15710","1"
"2007-09-25","0","1649550","1649550","786","2100","15710","105"
"2007-09-24","0","1649550","1649550","786","2100","15710","105"
"2007-09-21","0.13","3063450","3063450","786","3900","15710","195"
"2007-09-20","0.26","266900","266900","785","340","15700","17"
"2007-09-19","0.9","2113425","2113425","783","2700","15655","135"
"2007-09-18","0","2235600","2235600","776","2880","15525","144"
"2007-09-17","0","2282175","2282175","776","2940","15525","147"
"2007-09-14","0.13","2825550","2825550","776","3640","15525","182"
"2007-09-13","0","1116000","1116000","775","1440","15500","72"
"2007-09-12","0","1937500","1937500","775","2500","15500","125"
"2007-09-11","0","697500","697500","775","900","15500","45"
"2007-09-10","0","449500","449500","775","580","15500","29"
"2007-09-07","3.33","18925500","18925500","775","24420","15500","1221"
"2007-09-06","0","11070000","11070000","750","14760","15000","738"
"2007-09-05","0","795000","795000","750","1060","15000","53"
"2007-09-04","5.63","945000","945000","750","1260","15000","63"
"2007-09-03","0","397600","397600","710","560","14200","28"
"2007-08-31","1.43","4529800","4529800","710","6380","14200","319"
"2007-08-30","5.26","756000","756000","700","1080","14000","54"
"2007-08-28","2.31","399000","399000","665","600","13300","30"
"2007-08-24","4","182000","182000","650","280","13000","14"
"2007-08-22","0","562725","562725","625","900","12505","45"
"2007-08-20","0","100000","100000","625","160","12500","8"
"2007-08-17","4.17","325000","325000","625","520","12500","26"
"2007-08-16","0","120000","120000","600","200","12000","10"
"2007-08-14","-0.17","2316000","2316000","600","3860","12000","193"
"2007-08-13","0","720600","720600","601","1200","12010","60"
"2007-08-10","0.17","120100","120100","601","200","12010","10"
"2007-08-09","0","1356000","1356000","600","2260","12000","113"
"2007-08-08","0","1092000","1092000","600","1820","12000","91"
"2007-08-03","-4","1728000","1728000","600","2880","12000","144"
"2007-08-02","0.16","199840","199840","625","320","12490","16"
"2007-08-01","-0.16","274670","274670","624","440","12485","22"
"2007-07-31","0","249900","249900","625","400","12495","20"
"2007-07-27","0","312500","312500","625","500","12500","25"
"2007-07-26","0","50000","50000","625","80","12500","4"
"2007-07-25","0","25000","25000","625","40","12500","2"
"2007-07-24","0","275000","275000","625","440","12500","22"
"2007-07-23","0","337500","337500","625","540","12500","27"
"2007-07-19","0","2362500","2362500","625","3780","12500","189"
"2007-07-17","0","262500","262500","625","420","12500","21"
"2007-07-16","0","1037500","1037500","625","1660","12500","83"
"2007-07-12","0","837500","837500","625","1340","12500","67"
"2007-07-11","0","937500","937500","625","1500","12500","75"
"2007-07-09","0","500000","500000","625","800","12500","40"
"2007-07-06","0","250000","250000","625","400","12500","20"
"2007-07-05","0","1187500","1187500","625","1900","12500","95"
"2007-07-04","0","250000","250000","625","400","12500","20"
"2007-07-02","0","625000","625000","625","1000","12500","50"
"2007-06-29","0","1000000","1000000","625","1600","12500","80"
"2007-06-28","4.17","175000","175000","625","280","12500","14"
"2007-06-27","0","551770","551770","600","920","11995","46"
"2007-06-26","-4","816000","816000","600","1360","12000","68"
"2007-06-25","4.17","124950","124950","625","200","12495","10"
"2007-06-22","-0.5","792000","792000","600","1320","12000","66"
"2007-06-21","0.5","313300","313300","603","520","12050","26"
"2007-06-20","0","144060","144060","600","240","12005","12"
"2007-06-18","0","12005","12005","600","20","12005","1"
"2007-06-13","0","552230","552230","600","920","12005","46"
"2007-06-12","0","420000","420000","600","700","12000","35"
"2007-06-06","0","300000","300000","600","500","12000","25"
"2007-06-01","0","360000","360000","600","600","12000","30"
"2007-05-31","0","300000","300000","600","500","12000","25"
"2007-05-30","0","239900","239900","600","400","11995","20"
"2007-05-29","-0.83","179925","179925","600","300","11995","15"
"2007-05-25","0.83","1040600","1040600","605","1720","12100","86"
"2007-05-24","3.45","4908000","4908000","600","8180","12000","409"
"2007-05-23","0.87","127655","127655","580","220","11605","11"
"2007-05-22","0","805000","805000","575","1400","11500","70"
"2007-05-21","5.5","1748000","1748000","575","3040","11500","152"
"2007-05-18","0.74","229005","229005","545","420","10905","21"
"2007-05-04","0","108100","108100","541","200","10810","10"
"2007-05-02","0.19","767510","767510","541","1420","10810","71"
"2007-04-30","-0.18","453600","453600","540","840","10800","42"
"2007-04-26","0","10810","10810","541","20","10810","1"
"2007-04-25","0.19","302680","302680","541","560","10810","28"
"2007-04-19","0","108050","108050","540","200","10805","10"
"2007-04-18","0","54000","54000","540","100","10800","5"
"2007-04-17","0","918000","918000","540","1700","10800","85"
"2007-04-13","0","216100","216100","540","400","10805","20"
"2007-04-04","5.68","86400","86400","540","160","10800","8"
"2007-03-29","0","61260","61260","511","120","10210","6"
"2007-03-28","0","1031210","1031210","511","2020","10210","101"
"2007-03-26","0","122580","122580","511","240","10215","12"
"2007-03-21","0","1042440","1042440","511","2040","10220","102"
"2007-03-20","0","286020","286020","511","560","10215","28"
"2007-03-19","0","1593540","1593540","511","3120","10215","156"
"2007-03-16","0","919350","919350","511","1800","10215","90"
"2007-03-15","0","102150","102150","511","200","10215","10"
"2007-03-14","0.2","429030","429030","511","840","10215","42"
"2007-03-09","0","2857400","2857400","510","5600","10205","280"
"2007-03-08","0","949065","949065","510","1860","10205","93"
"2007-03-07","0","30615","30615","510","60","10205","3"
"2007-03-06","0","2592070","2592070","510","5080","10205","254"
"2007-02-27","2","214200","214200","510","420","10200","21"
"2007-02-26","-4.76","90000","90000","500","180","10000","9"
"2007-02-23","5","84000","84000","525","160","10500","8"
"2007-02-21","0","2520000","2520000","500","5040","10000","252"
"2007-02-20","4.17","100000","100000","500","200","10000","10"
"2007-02-19","0.42","268800","268800","480","560","9600","28"
"2007-02-16","0","57300","57300","478","120","9550","6"
"2007-02-15","0.63","85950","85950","478","180","9550","9"
"2007-02-13","0","893000","893000","475","1880","9500","94"
"2007-02-09","0","541500","541500","475","1140","9500","57"
"2007-02-07","0","247000","247000","475","520","9500","26"
"2007-02-05","0","9495","9495","475","20","9495","1"
"2007-02-02","0","256365","256365","475","540","9495","27"
"2007-02-01","0","104445","104445","475","220","9495","11"
"2007-01-30","0","370305","370305","475","780","9495","39"
"2007-01-26","0","104500","104500","475","220","9500","11"
"2007-01-25","0","9500","9500","475","20","9500","1"
"2007-01-23","0","9500","9500","475","20","9500","1"
"2007-01-22","0","1054500","1054500","475","2220","9500","111"
"2007-01-18","0","3648000","3648000","475","7680","9500","384"
"2007-01-17","0","171000","171000","475","360","9500","18"
"2007-01-16","0","636500","636500","475","1340","9500","67"
"2007-01-12","0","2945000","2945000","475","6200","9500","310"
"2007-01-11","0","418000","418000","475","880","9500","44"
"2007-01-09","0","19000","19000","475","40","9500","2"
"2007-01-08","0","95000","95000","475","200","9500","10"
"2006-12-29","0","47500","47500","475","100","9500","5"
"2006-12-26","0","275500","275500","475","580","9500","29"
"2006-12-21","0","2727935","2727935","475","5740","9505","287"
"2006-12-19","0","66535","66535","475","140","9505","7"
"2006-12-14","0","85545","85545","475","180","9505","9"
"2006-12-08","0","190000","190000","475","400","9500","20"
"2006-12-07","0","19000","19000","475","40","9500","2"
"2006-12-04","0","570000","570000","475","1200","9500","60"
"2006-12-01","0","47500","47500","475","100","9500","5"
"2006-11-30","0.64","332500","332500","475","700","9500","35"
"2006-11-24","-0.21","113280","113280","472","240","9440","12"
"2006-11-23","-0.42","283500","283500","473","600","9450","30"
"2006-11-20","0","816570","816570","475","1720","9495","86"
"2006-11-17","0","380000","380000","475","800","9500","40"
"2006-11-14","-5","266000","266000","475","560","9500","28"
"2006-11-10","0","10000","10000","500","20","10000","1"
"2006-11-08","4.17","570000","570000","500","1140","10000","57"
"2006-11-07","1.48","5378800","5378800","480","11200","9605","560"
"2006-11-06","-0.42","453600","453600","473","960","9450","48"
"2006-11-03","-5","1463000","1463000","475","3080","9500","154"
"2006-11-02","0","559720","559720","500","1120","9995","56"
"2006-10-27","0","179910","179910","500","360","9995","18"
"2006-10-25","0","69965","69965","500","140","9995","7"
"2006-10-20","0","69965","69965","500","140","9995","7"
"2006-10-18","0","1049475","1049475","500","2100","9995","105"
"2006-10-12","-1.96","780000","780000","500","1560","10000","78"
"2006-10-10","0","326400","326400","510","640","10200","32"
"2006-10-09","-0.97","418200","418200","510","820","10200","41"
"2006-10-03","0","103000","103000","515","200","10300","10"
"2006-09-28","0","51500","51500","515","100","10300","5"
"2006-09-21","0","597400","597400","515","1160","10300","58"
"2006-09-20","0","154500","154500","515","300","10300","15"
"2006-09-19","0","51500","51500","515","100","10300","5"
"2006-09-15","0","123600","123600","515","240","10300","12"
"2006-09-14","0","236900","236900","515","460","10300","23"
"2006-09-12","0","51500","51500","515","100","10300","5"
"2006-09-11","0","1596500","1596500","515","3100","10300","155"
"2006-09-08","0","10300","10300","515","20","10300","1"
"2006-09-07","0","103000","103000","515","200","10300","10"
"2006-09-06","0","412000","412000","515","800","10300","40"
"2006-09-05","0","10300","10300","515","20","10300","1"
"2006-08-31","0","113300","113300","515","220","10300","11"
"2006-08-30","0","278100","278100","515","540","10300","27"
"2006-08-28","1.98","103000","103000","515","200","10300","10"
"2006-08-25","0","565600","565600","505","1120","10100","56"
"2006-08-24","-0.98","1161500","1161500","505","2300","10100","115"
"2006-08-23","0","71400","71400","510","140","10200","7"
"2006-08-22","0","193800","193800","510","380","10200","19"
"2006-08-18","0","193800","193800","510","380","10200","19"
"2006-08-17","0","81600","81600","510","160","10200","8"
"2006-08-11","0","1142400","1142400","510","2240","10200","112"
"2006-08-10","0","632400","632400","510","1240","10200","62"
"2006-08-03","-1.92","132600","132600","510","260","10200","13"
"2006-08-01","0","208000","208000","520","400","10400","20"
"2006-07-31","1.96","260000","260000","520","500","10400","25"
"2006-07-28","0","193800","193800","510","380","10200","19"
"2006-07-25","0","30600","30600","510","60","10200","3"
"2006-07-24","-4.32","102000","102000","510","200","10200","10"
"2006-07-18","0","319500","319500","533","600","10650","30"
"2006-07-13","0","1011750","1011750","533","1900","10650","95"
"2006-07-12","0","21300","21300","533","40","10650","2"
"2006-07-11","0","10650","10650","533","20","10650","1"
"2006-07-06","0","266250","266250","533","500","10650","25"
"2006-07-05","0","10650","10650","533","20","10650","1"
"2006-06-30","0","149100","149100","533","280","10650","14"
"2006-06-28","0","42600","42600","533","80","10650","4"
"2006-06-27","0.57","106500","106500","533","200","10650","10"
"2006-06-22","-0.19","84840","84840","530","160","10605","8"
"2006-06-20","0","297080","297080","531","560","10610","28"
"2006-06-15","0","148540","148540","531","280","10610","14"
"2006-06-01","0.57","297080","297080","531","560","10610","28"
"2006-05-31","0","221550","221550","528","420","10550","21"
"2006-05-30","-0.38","316500","316500","528","600","10550","30"
"2006-05-24","0","869610","869610","530","1640","10605","82"
"2006-05-23","0.38","848000","848000","530","1600","10600","80"
"2006-05-22","0","590800","590800","528","1120","10550","56"
"2006-05-19","0","63300","63300","528","120","10550","6"
"2006-05-18","0","126600","126600","528","240","10550","12"
"2006-05-17","0.57","105500","105500","528","200","10550","10"
"2006-05-16","2.94","430705","430705","525","820","10505","41"
"2006-05-10","0","10200","10200","510","20","10200","1"
"2006-05-08","1.39","530400","530400","510","1040","10200","52"
"2006-05-04","-5.09","281400","281400","503","560","10050","28"
"2006-05-03","6","424000","424000","530","800","10600","40"
"2006-05-02","-4.76","200100","200100","500","400","10005","20"
"2006-04-28","5","115500","115500","525","220","10500","11"
"2006-04-24","0","660000","660000","500","1320","10000","66"
"2006-04-20","0","90000","90000","500","180","10000","9"
"2006-04-19","0","130000","130000","500","260","10000","13"
"2006-04-18","0","170000","170000","500","340","10000","17"
"2006-04-13","0","50000","50000","500","100","10000","5"
"2006-04-12","0","720000","720000","500","1440","10000","72"
"2006-04-10","0","240000","240000","500","480","10000","24"
"2006-04-03","0","1070000","1070000","500","2140","10000","107"
"2006-03-30","0","4980000","4980000","500","9960","10000","498"
"2006-03-29","0","1600000","1600000","500","3200","10000","160"
"2006-03-24","0","1410000","1410000","500","2820","10000","141"
"2006-03-23","0","150000","150000","500","300","10000","15"
"2006-03-20","0","310000","310000","500","620","10000","31"
"2006-03-17","0","620000","620000","500","1240","10000","62"
"2006-03-16","0","1100000","1100000","500","2200","10000","110"
"2006-03-13","0","1070000","1070000","500","2140","10000","107"
"2006-03-10","0","620000","620000","500","1240","10000","62"
"2006-03-09","0","460000","460000","500","920","10000","46"
"2006-03-03","0","140000","140000","500","280","10000","14"
"2006-03-01","0","10000","10000","500","20","10000","1"
"2006-02-27","0","360000","360000","500","720","10000","36"
"2006-02-24","0","2440000","2440000","500","4880","10000","244"
"2006-02-23","0","420000","420000","500","840","10000","42"
"2006-02-22","0","130000","130000","500","260","10000","13"
"2006-02-21","0","570000","570000","500","1140","10000","57"
"2006-02-20","0","3780000","3780000","500","7560","10000","378"
"2006-02-16","0","250000","250000","500","500","10000","25"
"2006-02-15","0","260000","260000","500","520","10000","26"
"2006-02-13","0","160000","160000","500","320","10000","16"
"2006-02-10","0","190000","190000","500","380","10000","19"
"2006-02-09","0","700000","700000","500","1400","10000","70"
"2006-02-08","0","480000","480000","500","960","10000","48"
"2006-02-03","0","1460000","1460000","500","2920","10000","146"
"2006-02-02","0","1130000","1130000","500","2260","10000","113"
"2006-02-01","0","120000","120000","500","240","10000","12"
"2006-01-31","-13.04","5120000","5120000","500","10240","10000","512"
"2006-01-27","0","2484000","2484000","575","4320","11500","216"
"2006-01-26","0","598000","598000","575","1040","11500","52"
"2006-01-24","0","575000","575000","575","1000","11500","50"
"2006-01-23","0","115000","115000","575","200","11500","10"
"2006-01-16","0","989000","989000","575","1720","11500","86"
"2006-01-12","0","2058500","2058500","575","3580","11500","179"
"2006-01-09","0","1263900","1263900","575","2200","11490","110"
"2006-01-05","0","22990","22990","575","40","11495","2"
"2006-01-04","0","57475","57475","575","100","11495","5"
"2006-01-03","-4.17","149435","149435","575","260","11495","13"
"2005-12-30","3.81","69516000","69516000","600","115860","12000","5793"
"2005-12-29","7.43","6340950","6340950","578","10980","11550","549"
"2005-12-28","7.6","225750","225750","538","420","10750","21"
"2005-12-27","-4.4","48100000","48100000","500","96200","10000","4810"
"2005-12-22","-4.91","1254600","1254600","523","2400","10455","120"
"2005-12-20","0","219800","219800","550","400","10990","20"
"2005-12-14","0","197820","197820","550","360","10990","18"
"2005-12-12","-12","561000","561000","550","1020","11000","51"
"2005-12-08","0","675000","675000","625","1080","12500","54"
"2005-12-07","0","162500","162500","625","260","12500","13"
"2005-12-06","13.64","325000","325000","625","520","12500","26"
"2005-12-01","0","21980","21980","550","40","10990","2"
"2005-11-30","0","43960","43960","550","80","10990","4"
"2005-11-24","0","219800","219800","550","400","10990","20"
"2005-11-23","0","770000","770000","550","1400","11000","70"
"2005-11-22","10","2640000","2640000","550","4800","11000","240"
"2005-11-18","0","150000","150000","500","300","10000","15"
"2005-11-17","24.07","939060","939060","500","1880","9990","94"
"2005-11-09","0.75","813050","813050","403","2020","8050","101"
"2005-11-08","0","56000","56000","400","140","8000","7"
"2005-11-04","0","1840000","1840000","400","4600","8000","230"
"2005-11-02","0","240000","240000","400","600","8000","30"
"2005-10-31","0","312000","312000","400","780","8000","39"
"2005-10-28","0","3280000","3280000","400","8200","8000","410"
"2005-10-26","0","896000","896000","400","2240","8000","112"
"2005-10-25","0","5512000","5512000","400","13780","8000","689"
"2005-10-24","0","272000","272000","400","680","8000","34"
"2005-10-21","0","1488000","1488000","400","3720","8000","186"
"2005-10-20","0","1712000","1712000","400","4280","8000","214"
"2005-10-19","0","760000","760000","400","1900","8000","95"
"2005-10-18","0","472000","472000","400","1180","8000","59"
"2005-10-17","0","2400000","2400000","400","6000","8000","300"
"2005-10-14","0","5080000","5080000","400","12700","8000","635"
"2005-10-13","0","720000","720000","400","1800","8000","90"
"2005-10-12","0","80000","80000","400","200","8000","10"
"2005-10-11","0","280000","280000","400","700","8000","35"
"2005-10-10","0","80000","80000","400","200","8000","10"
"2005-10-07","-14.35","2768000","2768000","400","6920","8000","346"
"2005-10-04","0","289540","289540","467","620","9340","31"
"2005-09-26","-6.6","560700","560700","467","1200","9345","60"
"2005-09-09","0","199800","199800","500","400","9990","20"
"2005-09-08","0","149925","149925","500","300","9995","15"
"2005-09-06","0","30000","30000","500","60","10000","3"
"2005-09-01","-7.06","120000","120000","500","240","10000","12"
"2005-08-04","-1.28","107500","107500","538","200","10750","10"
"2005-07-28","-9.17","87200","87200","545","160","10900","8"
"2005-06-20","0","372000","372000","600","620","12000","31"
"2005-06-16","0","96000","96000","600","160","12000","8"
"2005-06-13","0","612000","612000","600","1020","12000","51"
"2005-06-10","0","132055","132055","600","220","12005","11"
"2005-06-08","0","660000","660000","600","1100","12000","55"
"2005-06-07","0","168000","168000","600","280","12000","14"
"2005-06-02","0","144000","144000","600","240","12000","12"
"2005-06-01","7.14","972000","972000","600","1620","12000","81"
"2005-05-25","0","347200","347200","560","620","11200","31"
"2005-05-24","1.82","145600","145600","560","260","11200","13"
"2005-05-17","0","561000","561000","550","1020","11000","51"
"2005-05-13","0","429000","429000","550","780","11000","39"
"2005-05-12","0","209000","209000","550","380","11000","19"
"2005-05-10","0","319000","319000","550","580","11000","29"
"2005-05-09","0","55000","55000","550","100","11000","5"
"2005-05-04","0","5225000","5225000","550","9500","11000","475"
"2005-04-29","4.76","330000","330000","550","600","11000","30"
"2005-04-28","4.37","1197000","1197000","525","2280","10500","114"
"2005-04-27","4.57","381900","381900","503","760","10050","38"
"2005-04-26","6.89","1345400","1345400","481","2800","9610","140"
"2005-04-25","12.5","351000","351000","450","780","9000","39"
"2005-04-18","0","680425","680425","400","1700","8005","85"
"2005-04-15","5.26","224000","224000","400","560","8000","28"
"2005-04-13","1.06","304000","304000","380","800","7600","40"
"2005-04-12","0","4340780","4340780","376","11560","7510","578"
"2005-04-11","0","3221790","3221790","376","8580","7510","429"
"2005-04-08","-6.7","525700","525700","376","1400","7510","70"
"2005-04-07","-7.36","201250","201250","403","500","8050","25"
"2005-04-06","-7.45","452140","452140","435","1040","8695","52"
"2005-04-05","0","987000","987000","470","2100","9400","105"
"2005-04-01","0","112800","112800","470","240","9400","12"
"2005-03-31","-1.05","517000","517000","470","1100","9400","55"
"2005-03-24","0","9500","9500","475","20","9500","1"
"2005-03-23","1.06","133000","133000","475","280","9500","14"
"2005-03-21","-1.05","225600","225600","470","480","9400","24"
"2005-03-14","0","284850","284850","475","600","9495","30"
"2005-03-11","0","180500","180500","475","380","9500","19"
"2005-03-09","0","2175500","2175500","475","4580","9500","229"
"2005-03-08","-5","190000","190000","475","400","9500","20"
"2005-03-03","0","230000","230000","500","460","10000","23"
"2005-02-23","0","100000","100000","500","200","10000","10"
"2005-02-18","0","50000","50000","500","100","10000","5"
"2005-02-16","0","380000","380000","500","760","10000","38"
"2005-02-15","0","1300000","1300000","500","2600","10000","130"
"2005-02-14","-4.76","4200000","4200000","500","8400","10000","420"
"2005-02-11","-7.89","2415000","2415000","525","4600","10500","230"
"2005-02-08","-0.87","342000","342000","570","600","11400","30"
"2005-01-28","-4.17","230000","230000","575","400","11500","20"
"2005-01-18","-7.69","119950","119950","600","200","11995","10"
"2005-01-11","-9.47","325000","325000","650","500","13000","25"
"2004-12-30","3.31","4907700","4907700","718","6840","14350","342"
"2004-12-29","-12.58","4322900","4322900","695","6220","13900","311"
"2004-12-16","0","2305500","2305500","795","2900","15900","145"
"2004-12-14","6.85","4770000","4770000","795","6000","15900","300"
"2004-12-13","7.36","1711200","1711200","744","2300","14880","115"
"2004-12-10","7.44","2077500","2077500","693","3000","13850","150"
"2004-12-09","7.5","490200","490200","645","760","12900","38"
"2004-12-02","0","120000","120000","600","200","12000","10"
"2004-11-23","0","792000","792000","600","1320","12000","66"
"2004-11-19","6.95","360000","360000","600","600","12000","30"
"2004-11-17","2","235620","235620","561","420","11220","21"
"2004-11-16","-1.79","1100000","1100000","550","2000","11000","100"
"2004-11-05","0","112000","112000","560","200","11200","10"
"2004-11-04","0","89600","89600","560","160","11200","8"
"2004-11-03","1.82","2329600","2329600","560","4160","11200","208"
"2004-11-02","0","55000","55000","550","100","11000","5"
"2004-10-29","4.76","88000","88000","550","160","11000","8"
"2004-10-20","0","1270500","1270500","525","2420","10500","121"
"2004-10-18","-2.42","1144500","1144500","525","2180","10500","109"
"2004-10-15","0","333250","333250","538","620","10750","31"
"2004-10-14","2.48","107500","107500","538","200","10750","10"
"2004-10-11","0","105000","105000","525","200","10500","10"
"2004-10-05","0","2887500","2887500","525","5500","10500","275"
"2004-10-01","-1.5","105000","105000","525","200","10500","10"
"2004-09-28","0","117260","117260","533","220","10660","11"
"2004-09-27","0","181220","181220","533","340","10660","17"
"2004-09-24","1.52","85280","85280","533","160","10660","8"
"2004-09-20","0","21000","21000","525","40","10500","2"
"2004-09-16","0","346500","346500","525","660","10500","33"
"2004-09-15","-4.55","840000","840000","525","1600","10500","80"
"2004-09-13","-5.17","330000","330000","550","600","11000","30"
"2004-09-06","0","313200","313200","580","540","11600","27"
"2004-09-03","0","301600","301600","580","520","11600","26"
"2004-09-01","0","46400","46400","580","80","11600","4"
"2004-08-31","0","870000","870000","580","1500","11600","75"
"2004-08-30","0.69","464000","464000","580","800","11600","40"
"2004-08-27","0","11510","11510","576","20","11510","1"
"2004-08-26","0.17","690600","690600","576","1200","11510","60"
"2004-08-24","0","34500","34500","575","60","11500","3"
"2004-08-23","0","402500","402500","575","700","11500","35"
"2004-08-19","0","18216000","18216000","575","31680","11500","1584"
"2004-08-18","0","23000","23000","575","40","11500","2"
"2004-08-13","0","1943500","1943500","575","3380","11500","169"
"2004-08-12","0","23000","23000","575","40","11500","2"
"2004-08-11","0","23000","23000","575","40","11500","2"
"2004-08-10","-0.52","3450000","3450000","575","6000","11500","300"
"2004-08-09","0.52","658350","658350","578","1140","11550","57"
"2004-08-05","-0.52","448500","448500","575","780","11500","39"
"2004-08-03","0","878560","878560","578","1520","11560","76"
"2004-07-29","0","23100","23100","578","40","11550","2"
"2004-07-28","0","92400","92400","578","160","11550","8"
"2004-07-27","0.52","1155000","1155000","578","2000","11550","100"
"2004-07-23","0","230100","230100","575","400","11505","20"
"2004-07-22","0","356655","356655","575","620","11505","31"
"2004-07-19","0","540500","540500","575","940","11500","47"
"2004-07-15","0","11500","11500","575","20","11500","1"
"2004-07-13","0","621000","621000","575","1080","11500","54"
"2004-07-09","0","1196000","1196000","575","2080","11500","104"
"2004-07-07","0","943000","943000","575","1640","11500","82"
"2004-07-06","0","1322500","1322500","575","2300","11500","115"
"2004-07-01","0","126500","126500","575","220","11500","11"
"2004-06-30","0","69000","69000","575","120","11500","6"
"2004-06-29","0","448500","448500","575","780","11500","39"
"2004-06-28","0","3335000","3335000","575","5800","11500","290"
"2004-06-25","4.55","172500","172500","575","300","11500","15"
"2004-06-15","0","11000","11000","550","20","11000","1"
"2004-06-14","0","264000","264000","550","480","11000","24"
"2004-06-11","0","2057000","2057000","550","3740","11000","187"
"2004-06-10","0","88000","88000","550","160","11000","8"
"2004-06-09","0","220000","220000","550","400","11000","20"
"2004-06-08","2.23","1045000","1045000","550","1900","11000","95"
"2004-06-04","-2.18","591250","591250","538","1100","10750","55"
"2004-06-03","0","2255000","2255000","550","4100","11000","205"
"2004-06-02","0","275000","275000","550","500","11000","25"
"2004-06-01","0","264000","264000","550","480","11000","24"
"2004-05-28","0","1045000","1045000","550","1900","11000","95"
"2004-05-26","0","594000","594000","550","1080","11000","54"
"2004-05-24","0","3619000","3619000","550","6580","11000","329"
"2004-05-19","0","242000","242000","550","440","11000","22"
"2004-05-18","0","110000","110000","550","200","11000","10"
"2004-05-17","0","198000","198000","550","360","11000","18"
"2004-05-13","0","1793000","1793000","550","3260","11000","163"
"2004-05-11","0","605000","605000","550","1100","11000","55"
"2004-05-10","0","583000","583000","550","1060","11000","53"
"2004-05-06","0","297000","297000","550","540","11000","27"
"2004-05-04","0","187000","187000","550","340","11000","17"
"2004-05-03","0","220000","220000","550","400","11000","20"
"2004-04-30","0","44000","44000","550","80","11000","4"
"2004-04-28","0","2090000","2090000","550","3800","11000","190"
"2004-04-27","0","989100","989100","550","1800","10990","90"
"2004-04-26","0","253000","253000","550","460","11000","23"
"2004-04-21","0","242000","242000","550","440","11000","22"
"2004-04-20","0","550000","550000","550","1000","11000","50"
"2004-04-19","0","726000","726000","550","1320","11000","66"
"2004-04-16","0","77000","77000","550","140","11000","7"
"2004-04-13","0","110000","110000","550","200","11000","10"
"2004-04-08","0","1034000","1034000","550","1880","11000","94"
"2004-04-07","0","33000","33000","550","60","11000","3"
"2004-04-02","0","1562000","1562000","550","2840","11000","142"
"2004-04-01","0","1023000","1023000","550","1860","11000","93"
"2004-03-31","0","22000","22000","550","40","11000","2"
"2004-03-24","0","275000","275000","550","500","11000","25"
"2004-03-23","0","1859000","1859000","550","3380","11000","169"
"2004-03-22","0","2090000","2090000","550","3800","11000","190"
"2004-03-19","0","319000","319000","550","580","11000","29"
"2004-03-18","0","990000","990000","550","1800","11000","90"
"2004-03-17","-0.18","825000","825000","550","1500","11000","75"
"2004-03-16","0","77070","77070","551","140","11010","7"
"2004-03-12","0","330300","330300","551","600","11010","30"
"2004-03-11","0.18","385350","385350","551","700","11010","35"
"2004-03-10","0","1210000","1210000","550","2200","11000","110"
"2004-03-09","0","671000","671000","550","1220","11000","61"
"2004-03-04","0","220000","220000","550","400","11000","20"
"2004-03-03","0","2827000","2827000","550","5140","11000","257"
"2004-03-02","0","231000","231000","550","420","11000","21"
"2004-03-01","0","2805000","2805000","550","5100","11000","255"
"2004-02-27","0","1540000","1540000","550","2800","11000","140"
"2004-02-26","0","3630000","3630000","550","6600","11000","330"
"2004-02-25","8.27","3883000","3883000","550","7060","11000","353"
"2004-02-19","1.6","142100","142100","508","280","10150","14"
"2004-02-18","0","10000","10000","500","20","10000","1"
"2004-02-17","-9.09","300000","300000","500","600","10000","30"
"2004-02-11","10","1452000","1452000","550","2640","11000","132"
"2004-02-09","0","870000","870000","500","1740","10000","87"
"2004-02-06","0","100000","100000","500","200","10000","10"
"2004-02-05","0","100000","100000","500","200","10000","10"
"2004-02-04","0","80000","80000","500","160","10000","8"
"2004-02-03","0","140000","140000","500","280","10000","14"
"2004-01-30","0","960000","960000","500","1920","10000","96"
"2004-01-28","-7.06","3920000","3920000","500","7840","10000","392"
"2004-01-27","0","430000","430000","538","800","10750","40"
"2004-01-26","0","913750","913750","538","1700","10750","85"
"2004-01-22","0","107500","107500","538","200","10750","10"
"2004-01-20","-0.37","322500","322500","538","600","10750","30"
"2004-01-19","0","75600","75600","540","140","10800","7"
"2004-01-15","-18.8","183600","183600","540","340","10800","17"
"2004-01-09","0","13300","13300","665","20","13300","1"
"2004-01-07","-3.06","399000","399000","665","600","13300","30"
"2004-01-06","-20.88","2868525","2868525","686","4180","13725","209"
"2003-12-31","7.57","7035980","7035980","867","8120","17330","406"
"2003-12-30","7.47","2160750","2160750","806","2680","16125","134"
"2003-12-24","0","45000","45000","750","60","15000","3"
"2003-12-23","4.9","375000","375000","750","500","15000","25"
"2003-12-22","7.52","1358025","1358025","715","1900","14295","95"
"2003-12-19","7.26","1064000","1064000","665","1600","13300","80"
"2003-12-18","7.27","1103600","1103600","620","1780","12400","89"
"2003-12-17","7.43","912450","912450","578","1580","11550","79"
"2003-12-12","7.6","645000","645000","538","1200","10750","60"
"2003-12-11","0","280000","280000","500","560","10000","28"
"2003-12-10","0","160000","160000","500","320","10000","16"
"2003-12-09","0","100000","100000","500","200","10000","10"
"2003-12-08","5.26","120000","120000","500","240","10000","12"
"2003-12-05","0","665000","665000","475","1400","9500","70"
"2003-12-04","0","1387000","1387000","475","2920","9500","146"
"2003-12-03","-5","285000","285000","475","600","9500","30"
"2003-11-24","2.04","100000","100000","500","200","10000","10"
"2003-11-21","0","431200","431200","490","880","9800","44"
"2003-11-19","0","1401400","1401400","490","2860","9800","143"
"2003-11-18","-2","686000","686000","490","1400","9800","70"
"2003-11-14","0","160000","160000","500","320","10000","16"
"2003-11-13","0","100000","100000","500","200","10000","10"
"2003-11-11","1.42","80000","80000","500","160","10000","8"
"2003-11-07","-1.4","1201700","1201700","493","2440","9850","122"
"2003-11-06","0","200000","200000","500","400","10000","20"
"2003-11-04","1.42","139930","139930","500","280","9995","14"
"2003-11-03","-1.4","137900","137900","493","280","9850","14"
"2003-10-30","0","99950","99950","500","200","9995","10"
"2003-10-23","0","700000","700000","500","1400","10000","70"
"2003-10-22","0","50000","50000","500","100","10000","5"
"2003-10-21","0","230000","230000","500","460","10000","23"
"2003-10-17","0","100000","100000","500","200","10000","10"
"2003-10-15","0","300000","300000","500","600","10000","30"
"2003-10-13","0","400000","400000","500","800","10000","40"
"2003-10-10","1.42","100000","100000","500","200","10000","10"
"2003-10-07","-1.4","197000","197000","493","400","9850","20"
"2003-10-06","0","300000","300000","500","600","10000","30"
"2003-10-03","0","40000","40000","500","80","10000","4"
"2003-10-02","0","200000","200000","500","400","10000","20"
"2003-09-26","0","640000","640000","500","1280","10000","64"
"2003-09-25","0","3250000","3250000","500","6500","10000","325"
"2003-09-24","0","99950","99950","500","200","9995","10"
"2003-09-22","0","200000","200000","500","400","10000","20"
"2003-09-19","0","100000","100000","500","200","10000","10"
"2003-09-15","0","300000","300000","500","600","10000","30"
"2003-09-12","0","1100000","1100000","500","2200","10000","110"
"2003-09-09","1.42","129870","129870","500","260","9990","13"
"2003-09-08","-1.4","295500","295500","493","600","9850","30"
"2003-09-05","0","549725","549725","500","1100","9995","55"
"2003-09-04","0","150000","150000","500","300","10000","15"
"2003-09-03","0","1050000","1050000","500","2100","10000","105"
"2003-08-29","1.42","80000","80000","500","160","10000","8"
"2003-08-28","-1.4","295500","295500","493","600","9850","30"
"2003-08-26","-7.41","320000","320000","500","640","10000","32"
"2003-08-22","0.37","1080000","1080000","540","2000","10800","100"
"2003-08-21","0","204250","204250","538","380","10750","19"
"2003-08-20","7.6","182750","182750","538","340","10750","17"
"2003-08-19","0","450000","450000","500","900","10000","45"
"2003-08-14","-1.96","650000","650000","500","1300","10000","65"
"2003-08-13","2","2111400","2111400","510","4140","10200","207"
"2003-08-11","1.42","130000","130000","500","260","10000","13"
"2003-08-08","-1.4","433400","433400","493","880","9850","44"
"2003-08-05","-7.41","200000","200000","500","400","10000","20"
"2003-08-01","0","324000","324000","540","600","10800","30"
"2003-07-29","0","194400","194400","540","360","10800","18"
"2003-07-25","0","129600","129600","540","240","10800","12"
"2003-07-23","0","1728000","1728000","540","3200","10800","160"
"2003-07-17","10.2","86400","86400","540","160","10800","8"
"2003-07-15","-2","1117200","1117200","490","2280","9800","114"
"2003-07-14","-7.41","560000","560000","500","1120","10000","56"
"2003-07-10","0","32400","32400","540","60","10800","3"
"2003-07-02","0","54000","54000","540","100","10800","5"
"2003-06-30","-1.82","151200","151200","540","280","10800","14"
"2003-06-26","0","44000","44000","550","80","11000","4"
"2003-06-24","-1.79","253000","253000","550","460","11000","23"
"2003-06-23","0","560000","560000","560","1000","11200","50"
"2003-06-20","6.67","112000","112000","560","200","11200","10"
"2003-06-19","-4.55","504000","504000","525","960","10500","48"
"2003-06-18","0","825000","825000","550","1500","11000","75"
"2003-06-17","4.76","88000","88000","550","160","11000","8"
"2003-06-16","-10.26","157500","157500","525","300","10500","15"
"2003-06-04","-0.51","234000","234000","585","400","11700","20"
"2003-06-03","0","47000","47000","588","80","11750","4"
"2003-06-02","6.91","340750","340750","588","580","11750","29"
"2003-05-30","0","88000","88000","550","160","11000","8"
"2003-05-27","0","33000","33000","550","60","11000","3"
"2003-05-26","-8.33","4818000","4818000","550","8760","11000","438"
"2003-05-21","0","312000","312000","600","520","12000","26"
"2003-05-19","2.56","96000","96000","600","160","12000","8"
"2003-05-15","0","327600","327600","585","560","11700","28"
"2003-05-14","-0.34","234000","234000","585","400","11700","20"
"2003-05-12","7.12","234600","234600","587","400","11730","20"
"2003-05-08","0","109500","109500","548","200","10950","10"
"2003-05-07","0","1500150","1500150","548","2740","10950","137"
"2003-05-06","4.38","87600","87600","548","160","10950","8"
"2003-04-29","0","1512000","1512000","525","2880","10500","144"
"2003-04-24","0","1480500","1480500","525","2820","10500","141"
"2003-04-22","-4.55","6825000","6825000","525","13000","10500","650"
"2003-04-18","0","2475000","2475000","550","4500","11000","225"
"2003-04-16","0.36","385000","385000","550","700","11000","35"
"2003-04-15","0","274000","274000","548","500","10960","25"
"2003-04-14","-0.36","273750","273750","548","500","10950","25"
"2003-04-11","0","836000","836000","550","1520","11000","76"
"2003-04-10","9.78","1837000","1837000","550","3340","11000","167"
"2003-04-08","0.2","1001000","1001000","501","2000","10010","100"
"2003-04-04","0","1550000","1550000","500","3100","10000","155"
"2003-04-03","0","370000","370000","500","740","10000","37"
"2003-04-02","0","200000","200000","500","400","10000","20"
"2003-04-01","0","110000","110000","500","220","10000","11"
"2003-03-28","0","880000","880000","500","1760","10000","88"
"2003-03-26","-9.91","1280000","1280000","500","2560","10000","128"
"2003-03-21","0","166425","166425","555","300","11095","15"
"2003-03-20","0","610500","610500","555","1100","11100","55"
"2003-03-19","6.32","621600","621600","555","1120","11100","56"
"2003-03-18","7.41","166960","166960","522","320","10435","16"
"2003-03-13","0","155360","155360","486","320","9710","16"
"2003-03-12","0","97100","97100","486","200","9710","10"
"2003-03-10","-7.43","524610","524610","486","1080","9715","54"
"2003-03-07","0","42000","42000","525","80","10500","4"
"2003-03-06","0","5565000","5565000","525","10600","10500","530"
"2003-03-05","-8.85","304500","304500","525","580","10500","29"
"2003-01-21","-20.77","5757500","5757500","576","10000","11515","500"
"2002-12-26","6.91","145400","145400","727","200","14540","10"
"2002-12-19","6.92","1264800","1264800","680","1860","13600","93"
"2002-12-18","7.61","1931920","1931920","636","3040","12710","152"
"2002-12-17","0","2128500","2128500","591","3600","11825","180"
"2002-12-16","7.45","1383525","1383525","591","2340","11825","117"
"2002-12-13","4.76","2134000","2134000","550","3880","11000","194"
"2002-12-11","0","3255000","3255000","525","6200","10500","310"
"2002-12-09","-4.55","525000","525000","525","1000","10500","50"
"2002-12-04","-7.56","330000","330000","550","600","11000","30"
"2002-11-18","0.85","321300","321300","595","540","11900","27"
"2002-11-14","15.46","117900","117900","590","200","11790","10"
"2002-11-12","7.58","81680","81680","511","160","10210","8"
"2002-11-11","0","1330000","1330000","475","2800","9500","140"
"2002-11-08","0","5358000","5358000","475","11280","9500","564"
"2002-11-07","-5","209000","209000","475","440","9500","22"
"2002-11-04","-0.99","240000","240000","500","480","10000","24"
"2002-10-31","0","100950","100950","505","200","10095","10"
"2002-10-29","-2.88","656500","656500","505","1300","10100","65"
"2002-10-25","0","135200","135200","520","260","10400","13"
"2002-10-23","0","832000","832000","520","1600","10400","80"
"2002-10-21","0","197600","197600","520","380","10400","19"
"2002-10-18","0","447200","447200","520","860","10400","43"
"2002-10-15","0","104000","104000","520","200","10400","10"
"2002-10-09","6.12","4160000","4160000","520","8000","10400","400"
"2002-10-08","-2","196000","196000","490","400","9800","20"
"2002-10-03","0","90000","90000","500","180","10000","9"
"2002-10-02","-0.99","1420000","1420000","500","2840","10000","142"
"2002-10-01","0","454500","454500","505","900","10100","45"
"2002-09-30","-2.88","131300","131300","505","260","10100","13"
"2002-09-26","0","20800","20800","520","40","10400","2"
"2002-09-24","0.97","187200","187200","520","360","10400","18"
"2002-09-23","0","360500","360500","515","700","10300","35"
"2002-09-18","4.04","195700","195700","515","380","10300","19"
"2002-09-16","0","544500","544500","495","1100","9900","55"
"2002-09-13","-1","227700","227700","495","460","9900","23"
"2002-09-12","0","249875","249875","500","500","9995","25"
"2002-09-11","0","1100000","1100000","500","2200","10000","110"
"2002-09-10","0","40000","40000","500","80","10000","4"
"2002-09-09","0","800000","800000","500","1600","10000","80"
"2002-09-06","0","20000","20000","500","40","10000","2"
"2002-09-05","0","440000","440000","500","880","10000","44"
"2002-09-04","0","1000000","1000000","500","2000","10000","100"
"2002-09-03","0","840000","840000","500","1680","10000","84"
"2002-09-02","0","350000","350000","500","700","10000","35"
"2002-08-30","0","700000","700000","500","1400","10000","70"
"2002-08-29","0","2180000","2180000","500","4360","10000","218"
"2002-08-28","0","100000","100000","500","200","10000","10"
"2002-08-27","0","150000","150000","500","300","10000","15"
"2002-08-26","0","100000","100000","500","200","10000","10"
"2002-08-23","0","600000","600000","500","1200","10000","60"
"2002-08-22","0","790000","790000","500","1580","10000","79"
"2002-08-20","0","520000","520000","500","1040","10000","52"
"2002-08-19","0","300000","300000","500","600","10000","30"
"2002-08-16","0","360000","360000","500","720","10000","36"
"2002-08-14","-0.2","1380000","1380000","500","2760","10000","138"
"2002-08-13","0.2","250250","250250","501","500","10010","25"
"2002-08-12","0","110000","110000","500","220","10000","11"
"2002-08-09","-2.53","1120000","1120000","500","2240","10000","112"
"2002-08-08","0.59","164000","164000","513","320","10250","16"
"2002-08-05","0","204000","204000","510","400","10200","20"
"2002-08-02","2","153000","153000","510","300","10200","15"
"2002-08-01","0","500000","500000","500","1000","10000","50"
"2002-07-31","0","290000","290000","500","580","10000","29"
"2002-07-30","-7.06","150000","150000","500","300","10000","15"
"2002-07-29","0","2902500","2902500","538","5400","10750","270"
"2002-07-26","7.6","21446250","21446250","538","39900","10750","1995"
"2002-07-25","0","600000","600000","500","1200","10000","60"
"2002-07-24","0","10000","10000","500","20","10000","1"
"2002-07-23","0","2050000","2050000","500","4100","10000","205"
"2002-07-22","0","870000","870000","500","1740","10000","87"
"2002-07-17","0","1090000","1090000","500","2180","10000","109"
"2002-07-16","0","2960000","2960000","500","5920","10000","296"
"2002-07-12","0","130000","130000","500","260","10000","13"
"2002-07-11","0","140000","140000","500","280","10000","14"
"2002-07-10","0","300000","300000","500","600","10000","30"
"2002-07-09","0","560000","560000","500","1120","10000","56"
"2002-07-05","-3.85","380000","380000","500","760","10000","38"
"2002-07-04","-0.95","312000","312000","520","600","10400","30"
"2002-07-02","-4.55","105000","105000","525","200","10500","10"
"2002-06-21","0","110000","110000","550","200","11000","10"
"2002-06-20","0","9680000","9680000","550","17600","11000","880"
"2002-06-19","0","5929000","5929000","550","10780","11000","539"
"2002-06-18","0","396000","396000","550","720","11000","36"
"2002-06-17","0","55000","55000","550","100","11000","5"
"2002-06-13","0","16687000","16687000","550","30340","11000","1517"
"2002-06-12","0","99000","99000","550","180","11000","9"
"2002-06-11","0","308000","308000","550","560","11000","28"
"2002-06-04","0","33000","33000","550","60","11000","3"
"2002-06-03","-7.56","209000","209000","550","380","11000","19"
"2002-05-30","0","833000","833000","595","1400","11900","70"
"2002-05-29","3.48","130900","130900","595","220","11900","11"
"2002-05-28","1.23","253000","253000","575","440","11500","22"
"2002-05-27","3.27","113500","113500","568","200","11350","10"
"2002-05-23","5.77","550000","550000","550","1000","11000","50"
"2002-05-22","0","364000","364000","520","700","10400","35"
"2002-05-16","0","457600","457600","520","880","10400","44"
"2002-05-15","0","31200","31200","520","60","10400","3"
"2002-05-14","0","4170400","4170400","520","8020","10400","401"
"2002-05-13","0","124800","124800","520","240","10400","12"
"2002-05-10","-0.57","364000","364000","520","700","10400","35"
"2002-05-08","0","282150","282150","523","540","10450","27"
"2002-05-07","-0.38","836000","836000","523","1600","10450","80"
"2002-05-06","-4.55","105000","105000","525","200","10500","10"
"2002-05-03","-1.79","407000","407000","550","740","11000","37"
"2002-05-02","-2.61","917580","917580","560","1640","11190","82"
"2002-04-25","0","137880","137880","575","240","11490","12"
"2002-04-19","-1.37","310500","310500","575","540","11500","27"
"2002-04-16","0","466000","466000","583","800","11650","40"
"2002-04-11","0","477650","477650","583","820","11650","41"
"2002-04-10","0","582500","582500","583","1000","11650","50"
"2002-04-09","1.39","93200","93200","583","160","11650","8"
"2002-04-08","0","103500","103500","575","180","11500","9"
"2002-04-04","0","207000","207000","575","360","11500","18"
"2002-04-03","-4.17","1276500","1276500","575","2220","11500","111"
"2002-03-29","0","60000","60000","600","100","12000","5"
"2002-03-28","4.35","108000","108000","600","180","12000","9"
"2002-03-27","0","195500","195500","575","340","11500","17"
"2002-03-26","0","2265500","2265500","575","3940","11500","197"
"2002-03-25","0","1391500","1391500","575","2420","11500","121"
"2002-03-22","0","287500","287500","575","500","11500","25"
"2002-03-21","0","1288000","1288000","575","2240","11500","112"
"2002-03-20","-0.52","1012000","1012000","575","1760","11500","88"
"2002-03-19","-0.34","138600","138600","578","240","11550","12"
"2002-03-18","-0.51","348000","348000","580","600","11600","30"
"2002-03-15","0.69","1048500","1048500","583","1800","11650","90"
"2002-03-14","0.17","115700","115700","579","200","11570","10"
"2002-03-13","0","138600","138600","578","240","11550","12"
"2002-03-11","0.35","311850","311850","578","540","11550","27"
"2002-03-08","0.17","702110","702110","576","1220","11510","61"
"2002-03-07","0","195500","195500","575","340","11500","17"
"2002-03-06","0","172500","172500","575","300","11500","15"
"2002-03-05","0","483000","483000","575","840","11500","42"
"2002-03-04","2.5","437000","437000","575","760","11500","38"
"2002-02-28","0","381140","381140","561","680","11210","34"
"2002-02-27","0.9","336300","336300","561","600","11210","30"
"2002-02-26","0.18","644960","644960","556","1160","11120","58"
"2002-02-25","0","1154400","1154400","555","2080","11100","104"
"2002-02-21","0.18","244200","244200","555","440","11100","22"
"2002-02-20","0.18","132840","132840","554","240","11070","12"
"2002-02-19","5.33","585650","585650","553","1060","11050","53"
"2002-02-14","-0.94","735000","735000","525","1400","10500","70"
"2002-02-13","-3.64","2236600","2236600","530","4220","10600","211"
"2002-02-12","-0.9","1517310","1517310","550","2760","10995","138"
"2002-02-11","-7.5","510600","510600","555","920","11100","46"
"2002-02-06","0","240000","240000","600","400","12000","20"
"2002-02-05","0","228000","228000","600","380","12000","19"
"2002-01-29","0","60000","60000","600","100","12000","5"
"2002-01-28","-14.29","240000","240000","600","400","12000","20"
"2002-01-21","-3.45","447840","447840","700","640","13995","32"
"2002-01-18","-20.5","362500","362500","725","500","14500","25"
"2001-12-31","15.59","19451410","19451410","912","21340","18230","1067"
"2001-12-27","7.49","5428320","5428320","789","6880","15780","344"
"2001-12-24","7.47","3523200","3523200","734","4800","14680","240"
"2001-12-20","7.39","683000","683000","683","1000","13660","50"
"2001-12-19","15.64","266910","266910","636","420","12710","21"
"2001-12-13","0","308000","308000","550","560","11000","28"
"2001-12-10","0","187000","187000","550","340","11000","17"
"2001-12-07","0","528000","528000","550","960","11000","48"
"2001-12-06","0","825000","825000","550","1500","11000","75"
"2001-12-05","0","781000","781000","550","1420","11000","71"
"2001-12-04","0.92","154000","154000","550","280","11000","14"
"2001-11-30","2.83","163500","163500","545","300","10900","15"
"2001-11-28","0.95","84800","84800","530","160","10600","8"
"2001-11-27","0","168000","168000","525","320","10500","16"
"2001-11-26","0","934500","934500","525","1780","10500","89"
"2001-11-23","0","4809000","4809000","525","9160","10500","458"
"2001-11-22","0","546000","546000","525","1040","10500","52"
"2001-11-21","-2.78","630000","630000","525","1200","10500","60"
"2001-11-20","-0.92","108050","108050","540","400","10800","20"
"2001-11-16","0","490500","490500","545","900","10900","45"
"2001-11-09","0","457800","457800","545","840","10900","42"
"2001-11-07","-0.91","272500","272500","545","500","10900","25"
"2001-11-05","0","110000","110000","550","200","11000","10"
"2001-11-02","0","143000","143000","550","260","11000","13"
"2001-10-31","-3.51","110000","110000","550","200","11000","10"
"2001-10-29","-2.56","114000","114000","570","200","11400","10"
"2001-10-24","7.34","175500","175500","585","300","11700","15"
"2001-10-19","-0.91","599500","599500","545","1100","10900","55"
"2001-10-17","0","11000","11000","550","20","11000","1"
"2001-10-12","0","110000","110000","550","200","11000","10"
"2001-10-10","0","572000","572000","550","1040","11000","52"
"2001-10-08","0","1221000","1221000","550","2220","11000","111"
"2001-10-05","0.92","5500000","5500000","550","10000","11000","500"
"2001-10-03","-0.91","763000","763000","545","1400","10900","70"
"2001-10-01","0","165000","165000","550","300","11000","15"
"2001-09-28","0","561000","561000","550","1020","11000","51"
"2001-09-26","-4.01","242000","242000","550","440","11000","22"
"2001-09-24","0","103050","103050","573","180","11450","9"
"2001-09-19","-0.35","171750","171750","573","300","11450","15"
"2001-09-14","0","6348000","6348000","575","11040","11500","552"
"2001-09-12","-2.54","1644500","1644500","575","2860","11500","143"
"2001-09-10","-1.67","648725","648725","590","1100","11795","55"
"2001-09-07","0","239800","239800","600","400","11990","20"
"2001-09-05","-6.25","468000","468000","600","780","12000","39"
"2001-08-31","0","25600","25600","640","40","12800","2"
"2001-08-29","0","192000","192000","640","300","12800","15"
"2001-08-24","0","768000","768000","640","1200","12800","60"
"2001-08-22","0","320000","320000","640","500","12800","25"
"2001-08-20","0","192000","192000","640","300","12800","15"
"2001-08-17","0","358400","358400","640","560","12800","28"
"2001-08-16","0","396800","396800","640","620","12800","31"
"2001-08-13","0","307200","307200","640","480","12800","24"
"2001-08-10","0","563200","563200","640","880","12800","44"
"2001-08-08","0","1011200","1011200","640","1580","12800","79"
"2001-08-03","0","3264000","3264000","640","5100","12800","255"
"2001-08-01","0","371200","371200","640","580","12800","29"
"2001-07-30","0","384000","384000","640","600","12800","30"
"2001-07-27","0","780800","780800","640","1220","12800","61"
"2001-07-23","0","256000","256000","640","400","12800","20"
"2001-07-20","0","832000","832000","640","1300","12800","65"
"2001-07-18","0","256000","256000","640","400","12800","20"
"2001-07-13","0","281600","281600","640","440","12800","22"
"2001-07-11","0","896000","896000","640","1400","12800","70"
"2001-07-06","0","742400","742400","640","1160","12800","58"
"2001-07-04","-2.29","128000","128000","640","200","12800","10"
"2001-07-02","-2.96","262000","262000","655","400","13100","20"
"2001-06-29","0","202500","202500","675","300","13500","15"
"2001-06-25","0","499500","499500","675","740","13500","37"
"2001-06-22","0","1269000","1269000","675","1880","13500","94"
"2001-06-20","2.58","1606500","1606500","675","2380","13500","119"
"2001-06-15","0.46","1446500","1446500","658","2200","13150","110"
"2001-06-13","0.77","2515200","2515200","655","3840","13100","192"
"2001-06-11","-7.01","1040400","1040400","650","1600","13005","80"
"2001-06-08","0","111840","111840","699","160","13980","8"
"2001-06-06","7.54","461340","461340","699","660","13980","33"
"2001-06-01","0","260100","260100","650","400","13005","20"
"2001-05-30","0","1001000","1001000","650","1540","13000","77"
"2001-05-28","0","130000","130000","650","200","13000","10"
"2001-05-25","0","4849000","4849000","650","7460","13000","373"
"2001-05-23","0","2522000","2522000","650","3880","13000","194"
"2001-05-21","0","910000","910000","650","1400","13000","70"
"2001-05-18","2.69","325000","325000","650","500","13000","25"
"2001-05-16","5.5","834900","834900","633","1320","12650","66"
"2001-05-14","0","3120000","3120000","600","5200","12000","260"
"2001-05-11","0","180000","180000","600","300","12000","15"
"2001-05-09","-0.17","492000","492000","600","820","12000","41"
"2001-05-04","-5.06","240200","240200","601","400","12010","20"
"2001-05-02","0","430100","430100","633","680","12650","34"
"2001-04-27","0.32","898150","898150","633","1420","12650","71"
"2001-04-25","0.16","5031390","5031390","631","7980","12610","399"
"2001-04-20","0.32","4032000","4032000","630","6400","12600","320"
"2001-04-18","2.95","464350","464350","628","740","12550","37"
"2001-04-13","0.83","1488400","1488400","610","2440","12200","122"
"2001-04-11","1.68","411400","411400","605","680","12100","34"
"2001-04-09","2.76","95200","95200","595","160","11900","8"
"2001-04-06","-7.36","4236450","4236450","579","7320","11575","366"
"2001-04-04","2.29","737795","737795","625","1180","12505","59"
"2001-04-02","1.83","2907170","2907170","611","4760","12215","238"
"2001-03-30","6.19","6170570","6170570","600","10280","12005","514"
"2001-03-28","2.73","2192200","2192200","565","3880","11300","194"
"2001-03-23","0","1309000","1309000","550","2380","11000","119"
"2001-03-21","0","1540000","1540000","550","2800","11000","140"
"2001-03-19","0","770000","770000","550","1400","11000","70"
"2001-03-16","0","1408000","1408000","550","2560","11000","128"
"2001-03-14","0","561000","561000","550","1020","11000","51"
"2001-03-12","0","385000","385000","550","700","11000","35"
"2001-03-09","0","1331000","1331000","550","2420","11000","121"
"2001-03-07","0","1386000","1386000","550","2520","11000","126"
"2001-03-06","2.8","7073000","7073000","550","12860","11000","643"
"2001-03-02","1.9","256800","256800","535","480","10700","24"
"2001-02-28","0","8820000","8820000","525","16800","10500","840"
"2001-02-26","-0.57","2478000","2478000","525","4720","10500","236"
"2001-02-23","-4","685750","685750","528","1300","10550","65"
"2001-02-21","0","396000","396000","550","720","11000","36"
"2001-02-19","0","495000","495000","550","900","11000","45"
"2001-02-16","0","836000","836000","550","1520","11000","76"
"2001-02-14","-1.08","4037000","4037000","550","7340","11000","367"
"2001-02-12","0","2202750","2202750","556","3960","11125","198"
"2001-02-09","-14.46","1735500","1735500","556","3120","11125","156"
"2001-01-31","0","390000","390000","650","600","13000","30"
"2001-01-26","-1.52","1352000","1352000","650","2080","13000","104"
"2001-01-24","-2.65","1306800","1306800","660","1980","13200","99"
"2001-01-22","-7.5","40665","40665","678","60","13555","3"
"2000-12-29","6.23","7412900","7412900","733","10120","14650","506"
"2000-12-28","-7.38","2594400","2594400","690","3760","13800","188"
"2000-12-26","7.5","5067700","5067700","745","6800","14905","340"
"2000-12-22","7.44","4658640","4658640","693","6720","13865","336"
"2000-12-20","7.5","4515000","4515000","645","7000","12900","350"
"2000-12-18","4.35","10872000","10872000","600","18120","12000","906"
"2000-12-15","2.68","1253500","1253500","575","2180","11500","109"
"2000-12-13","0","10062090","10062090","560","17960","11205","898"
"2000-12-11","-1.75","1220800","1220800","560","2180","11200","109"
"2000-12-08","-4.2","6030600","6030600","570","10580","11400","529"
"2000-12-01","0","59500","59500","595","100","11900","5"
"2000-11-29","0","916300","916300","595","1540","11900","77"
"2000-11-27","0","357000","357000","595","600","11900","30"
"2000-11-24","0","238000","238000","595","400","11900","20"
"2000-11-22","0","1213800","1213800","595","2040","11900","102"
"2000-11-20","0","1666000","1666000","595","2800","11900","140"
"2000-11-17","0","1701700","1701700","595","2860","11900","143"
"2000-11-16","0","4879000","4879000","595","8200","11900","410"
"2000-11-13","0","35700","35700","595","60","11900","3"
"2000-11-10","0","178500","178500","595","300","11900","15"
"2000-11-08","0","547400","547400","595","920","11900","46"
"2000-11-06","0","963900","963900","595","1620","11900","81"
"2000-11-03","0","2427600","2427600","595","4080","11900","204"
"2000-11-02","0","833000","833000","595","1400","11900","70"
"2000-10-30","0","487900","487900","595","820","11900","41"
"2000-10-27","0.85","583100","583100","595","980","11900","49"
"2000-10-20","-0.17","1309800","1309800","590","2220","11800","111"
"2000-10-18","0","212580","212580","591","360","11810","18"
"2000-10-16","0","496020","496020","591","840","11810","42"
"2000-10-13","-1.5","708600","708600","591","1200","11810","60"
"2000-10-11","0","9372000","9372000","600","15620","12000","781"
"2000-10-09","0","1020000","1020000","600","1700","12000","85"
"2000-10-06","4.35","7992000","7992000","600","13320","12000","666"
"2000-10-04","-4.17","678500","678500","575","1180","11500","59"
"2000-09-29","0","240000","240000","600","400","12000","20"
"2000-09-27","-0.83","3372000","3372000","600","5620","12000","281"
"2000-09-25","2.2","895400","895400","605","1480","12100","74"
"2000-09-22","0","2259530","2259530","592","3820","11830","191"
"2000-09-20","0.17","1384110","1384110","592","2340","11830","117"
"2000-09-15","0.17","885750","885750","591","1500","11810","75"
"2000-09-13","1.03","224295","224295","590","380","11805","19"
"2000-09-11","0.52","467000","467000","584","800","11675","40"
"2000-09-08","0.17","917190","917190","581","1580","11610","79"
"2000-09-04","0.87","162400","162400","580","280","11600","14"
"2000-09-01","0","287500","287500","575","500","11500","25"
"2000-08-30","0","11500","11500","575","20","11500","1"
"2000-08-28","3.6","218500","218500","575","380","11500","19"
"2000-08-23","0.91","1720500","1720500","555","3100","11100","155"
"2000-08-21","-2.65","2189000","2189000","550","3980","11000","199"
"2000-08-18","0","4147100","4147100","565","7340","11300","367"
"2000-08-16","-0.88","4361800","4361800","565","7720","11300","386"
"2000-08-14","0","273480","273480","570","480","11395","24"
"2000-08-11","0","227900","227900","570","400","11395","20"
"2000-08-09","-5","2850000","2850000","570","5000","11400","250"
"2000-08-02","0","456000","456000","600","760","12000","38"
"2000-07-31","0","384000","384000","600","640","12000","32"
"2000-07-26","0","1716000","1716000","600","2860","12000","143"
"2000-07-21","-1.64","540000","540000","600","900","12000","45"
"2000-07-14","0","3075660","3075660","610","5040","12205","252"
"2000-07-12","1.67","3185505","3185505","610","5220","12205","261"
"2000-07-10","6.19","480000","480000","600","800","12000","40"
"2000-07-07","0","5616100","5616100","565","9940","11300","497"
"2000-07-03","-7.38","282500","282500","565","500","11300","25"
"2000-06-30","0","292800","292800","610","480","12200","24"
"2000-06-26","0","854000","854000","610","1400","12200","70"
"2000-06-23","0","244000","244000","610","400","12200","20"
"2000-06-19","-0.81","622200","622200","610","1020","12200","51"
"2000-06-16","-1.6","701100","701100","615","1140","12300","57"
"2000-06-09","0","124950","124950","625","200","12495","10"
"2000-06-07","0","1899240","1899240","625","3040","12495","152"
"2000-05-31","0","562275","562275","625","900","12495","45"
"2000-05-29","0","375000","375000","625","600","12500","30"
"2000-05-26","0","437325","437325","625","700","12495","35"
"2000-05-24","-1.57","937125","937125","625","1500","12495","75"
"2000-05-22","0","279400","279400","635","440","12700","22"
"2000-05-19","0.79","635000","635000","635","1000","12700","50"
"2000-05-17","0","302400","302400","630","480","12600","24"
"2000-05-12","0","441000","441000","630","700","12600","35"
"2000-05-10","6.78","2179800","2179800","630","3460","12600","173"
"2000-05-08","7.27","1038400","1038400","590","1760","11800","88"
"2000-05-05","5.77","2508000","2508000","550","4560","11000","228"
"2000-05-03","-0.95","228800","228800","520","440","10400","22"
"2000-04-28","-0.94","1806000","1806000","525","3440","10500","172"
"2000-04-26","-1.12","2003400","2003400","530","3780","10600","189"
"2000-04-21","0.19","1361440","1361440","536","2540","10720","127"
"2000-04-19","0","749350","749350","535","1400","10705","70"
"2000-04-17","-6.96","428000","428000","535","800","10700","40"
"2000-04-14","1.23","804300","804300","575","1400","11490","70"
"2000-04-12","0","2406200","2406200","568","4240","11350","212"
"2000-04-10","0","34050","34050","568","60","11350","3"
"2000-04-07","0","1577650","1577650","568","2780","11350","139"
"2000-04-05","0.53","5436650","5436650","568","9580","11350","479"
"2000-04-03","-1.74","904000","904000","565","1600","11300","80"
"2000-03-31","-2.54","10637500","10637500","575","18500","11500","925"
"2000-03-29","-2.48","1003000","1003000","590","1700","11800","85"
"2000-03-24","-6.92","1681900","1681900","605","2780","12100","139"
"2000-03-22","-2.11","129950","129950","650","200","12995","10"
"2000-03-15","-0.15","132850","132850","664","200","13285","10"
"2000-03-10","0","465150","465150","665","700","13290","35"
"2000-03-06","0","106320","106320","665","160","13290","8"
"2000-02-25","0","66500","66500","665","100","13300","5"
"2000-02-21","0","159600","159600","665","240","13300","12"
"2000-02-18","-0.75","438900","438900","665","660","13300","33"
"2000-02-16","0","602550","602550","670","900","13390","45"
"2000-02-14","0","13796850","13796850","670","20600","13395","1030"
"2000-02-11","0","495615","495615","670","740","13395","37"
"2000-02-09","0","549195","549195","670","820","13395","41"
"2000-02-07","-0.74","1447200","1447200","670","2160","13400","108"
"2000-02-04","0","594000","594000","675","880","13500","44"
"2000-02-02","0","1686875","1686875","675","2500","13495","125"
"2000-01-31","-2.17","2808000","2808000","675","4160","13500","208"
"2000-01-28","-1.43","276000","276000","690","400","13800","20"
"2000-01-24","-6.67","280000","280000","700","400","14000","20"
"2000-01-17","-3.23","299900","299900","750","400","14995","20"
"2000-01-14","-11.43","1394550","1394550","775","1800","15495","90"
"1999-12-31","6.32","2625000","2625000","875","3000","17500","150"
"1999-12-29","3.13","1974000","1974000","823","2400","16450","120"
"1999-12-27","-0.25","3987500","3987500","798","5000","15950","250"
"1999-12-22","2.7","4800000","4800000","800","6000","16000","300"
"1999-12-20","7.45","4674000","4674000","779","6000","15580","300"
"1999-12-17","7.41","6307500","6307500","725","8700","14500","435"
"1999-12-15","0","1174500","1174500","675","1740","13500","87"
"1999-12-13","-3.57","1336500","1336500","675","1980","13500","99"
"1999-12-10","-6.67","7490000","7490000","700","10700","14000","535"
"1999-12-08","3.45","9135000","9135000","750","12180","15000","609"
"1999-12-06","7.41","6380000","6380000","725","8800","14500","440"
"1999-12-03","-3.57","1485000","1485000","675","2200","13500","110"
"1999-12-01","0","980000","980000","700","1400","14000","70"
"1999-11-29","0","700000","700000","700","1000","14000","50"
"1999-11-26","0","2982000","2982000","700","4260","14000","213"
"1999-11-24","0.72","5474000","5474000","700","7820","14000","391"
"1999-11-22","0","694750","694750","695","1000","13895","50"
"1999-11-19","0","1459500","1459500","695","2100","13900","105"
"1999-11-17","-0.71","1501200","1501200","695","2160","13900","108"
"1999-11-12","0","1204000","1204000","700","1720","14000","86"
"1999-11-10","0","938000","938000","700","1340","14000","67"
"1999-11-08","0","882000","882000","700","1260","14000","63"
"1999-11-05","0","896000","896000","700","1280","14000","64"
"1999-11-03","0","700000","700000","700","1000","14000","50"
"1999-10-29","0","1484000","1484000","700","2120","14000","106"
"1999-10-27","-1.13","1862000","1862000","700","2660","14000","133"
"1999-10-22","1.14","1188600","1188600","708","1680","14150","84"
"1999-10-20","0","1680000","1680000","700","2400","14000","120"
"1999-10-18","0","1400000","1400000","700","2000","14000","100"
"1999-10-15","0","2071260","2071260","700","2960","13995","148"
"1999-10-13","3.55","2562000","2562000","700","3660","14000","183"
"1999-10-11","0.15","135100","135100","676","200","13510","10"
"1999-10-08","0","378000","378000","675","560","13500","28"
"1999-10-06","0","4603500","4603500","675","6820","13500","341"
"1999-10-04","0","1350000","1350000","675","2000","13500","100"
"1999-10-01","0","2268000","2268000","675","3360","13500","168"
"1999-09-29","0","1417500","1417500","675","2100","13500","105"
"1999-09-27","0","94500","94500","675","140","13500","7"
"1999-09-22","0","2929500","2929500","675","4340","13500","217"
"1999-09-20","0","580500","580500","675","860","13500","43"
"1999-09-17","0","243000","243000","675","360","13500","18"
"1999-09-10","0","6480000","6480000","675","9600","13500","480"
"1999-09-08","0","985500","985500","675","1460","13500","73"
"1999-09-06","0","162000","162000","675","240","13500","12"
"1999-09-03","0","675000","675000","675","1000","13500","50"
"1999-09-01","0","418500","418500","675","620","13500","31"
"1999-08-30","0","2781000","2781000","675","4120","13500","206"
"1999-08-27","-3.57","3847500","3847500","675","5700","13500","285"
"1999-08-23","0","3878000","3878000","700","5540","14000","277"
"1999-08-20","-3.45","1134000","1134000","700","1620","14000","81"
"1999-08-18","-11.8","145000","145000","725","200","14500","10"
"1999-08-09","-2.14","1643000","1643000","822","2000","16430","100"
"1999-08-04","2.07","789600","789600","840","940","16800","47"
"1999-08-02","2.88","1645000","1645000","823","2000","16450","100"
"1999-07-30","-3.03","1040000","1040000","800","1300","16000","65"
"1999-07-28","3.13","1650000","1650000","825","2000","16500","100"
"1999-07-26","6.67","624000","624000","800","780","16000","39"
"1999-07-23","7.14","1500000","1500000","750","2000","15000","100"
"1999-07-21","-3.05","2800000","2800000","700","4000","14000","200"
"1999-07-19","-0.41","216675","216675","722","300","14445","15"
"1999-07-16","-2.03","217500","217500","725","300","14500","15"
"1999-07-12","-7.5","73975","73975","740","100","14795","5"
"1999-07-07","-5.88","160000","160000","800","200","16000","10"
"1999-06-30","-5.56","204000","204000","850","240","17000","12"
"1999-06-23","0","1800000","1800000","900","2000","18000","100"
"1999-06-21","0","5400000","5400000","900","6000","18000","300"
"1999-06-18","4.65","10440000","10440000","900","11600","18000","580"
"1999-06-16","7.5","8600000","8600000","860","10000","17200","500"
"1999-06-14","6.67","2704000","2704000","800","3380","16000","169"
"1999-06-11","7.14","1500000","1500000","750","2000","15000","100"
"1999-06-09","4.32","56140000","56140000","700","80200","14000","4010"
"1999-06-07","-0.59","187880","187880","671","280","13420","14"
"1999-06-02","-2.74","270000","270000","675","400","13500","20"
"1999-05-31","-7.47","277400","277400","694","400","13870","20"
"1999-05-26","1.35","419860","419860","750","560","14995","28"
"1999-05-21","0","443850","443850","740","600","14795","30"
"1999-05-19","-7.5","666000","666000","740","900","14800","45"
"1999-05-17","3.23","560000","560000","800","700","16000","35"
"1999-05-14","0","387500","387500","775","500","15500","25"
"1999-05-12","3.33","1395450","1395450","775","1800","15505","90"
"1999-05-10","3.45","749750","749750","750","1000","14995","50"
"1999-05-07","7.41","1450000","1450000","725","2000","14500","100"
"1999-05-05","0","432000","432000","675","640","13500","32"
"1999-05-03","-3.57","3510000","3510000","675","5200","13500","260"
"1999-04-30","0","489825","489825","700","700","13995","35"
"1999-04-28","0","168000","168000","700","240","14000","12"
"1999-04-26","0","196000","196000","700","280","14000","14"
"1999-04-23","-6.67","364000","364000","700","520","14000","26"
"1999-04-21","-3.35","1890000","1890000","750","2520","15000","126"
"1999-04-19","0","2326500","2326500","776","3000","15510","150"
"1999-04-16","0","1271820","1271820","776","1640","15510","82"
"1999-04-14","0","542850","542850","776","700","15510","35"
"1999-04-12","0","201760","201760","776","260","15520","13"
"1999-04-09","0.13","837540","837540","776","1080","15510","54"
"1999-04-07","-3.13","2108000","2108000","775","2720","15500","136"
"1999-04-02","1.78","2384000","2384000","800","2980","16000","149"
"1999-03-31","-7.53","1824100","1824100","786","2320","15725","116"
"1999-03-29","2.04","311797000","311797000","850","366820","17000","18341"
"1999-03-26","7.48","7792200","7792200","833","9360","16650","468"
"1999-03-24","0","9470500","9470500","775","12220","15500","611"
"1999-03-22","0","1147000","1147000","775","1480","15500","74"
"1999-03-19","0","201500","201500","775","260","15500","13"
"1999-03-17","0","1209000","1209000","775","1560","15500","78"
"1999-03-15","-3.13","1162500","1162500","775","1500","15500","75"
"1999-03-12","-3.03","144000","144000","800","180","16000","9"
"1999-03-10","-0.36","165000","165000","825","200","16500","10"
"1999-03-05","-2.59","562700","562700","828","680","16550","34"
"1999-03-03","2.66","2720000","2720000","850","3200","17000","160"
"1999-03-01","7.53","1655000","1655000","828","2000","16550","100"
"1999-02-26","6.94","3080000","3080000","770","4000","15400","200"
"1999-02-24","-0.69","1440000","1440000","720","2000","14400","100"
"1999-02-22","0","145000","145000","725","200","14500","10"
"1999-02-19","0","7453000","7453000","725","10280","14500","514"
"1999-02-17","0","942500","942500","725","1300","14500","65"
"1999-02-12","-3.33","290000","290000","725","400","14500","20"
"1999-02-10","0","2550000","2550000","750","3400","15000","170"
"1999-02-08","0","1335000","1335000","750","1780","15000","89"
"1999-02-05","0","1260000","1260000","750","1680","15000","84"
"1999-02-03","0","61785000","61785000","750","82380","15000","4119"
"1999-01-29","0","3030000","3030000","750","4040","15000","202"
"1999-01-27","0","18465000","18465000","750","24620","15000","1231"
"1999-01-22","0","11400000","11400000","750","15200","15000","760"
"1999-01-11","-11.76","1500000","1500000","750","2000","15000","100"
"1998-12-23","0","1700000","1700000","850","2000","17000","100"
"1998-12-16","0","2465000","2465000","850","2900","17000","145"
"1998-12-14","0","3451000","3451000","850","4060","17000","203"
"1998-12-11","0","6664000","6664000","850","7840","17000","392"
"1998-11-23","0","646000","646000","850","760","17000","38"
"1998-11-20","0","170000","170000","850","200","17000","10"
"1998-11-18","0.59","374000","374000","850","440","17000","22"
"1998-11-16","7.51","1690000","1690000","845","2000","16900","100"
"1998-11-13","-7.53","1965625","1965625","786","2500","15725","125"
"1998-11-11","0","1700000","1700000","850","2000","17000","100"
"1998-11-09","-4.49","1700000","1700000","850","2000","17000","100"
"1998-11-06","4.71","53400","53400","890","60","17800","3"
"1998-11-04","-5.56","3162000","3162000","850","3720","17000","186"
"1998-10-30","0","5130000","5130000","900","5700","18000","285"
"1998-10-28","2.86","216000","216000","900","240","18000","12"
"1998-10-26","2.94","700000","700000","875","800","17500","40"
"1998-10-23","0","408000","408000","850","480","17000","24"
"1998-10-21","0","514998000","514998000","850","605880","17000","30294"
"1998-10-19","0","884000","884000","850","1040","17000","52"
"1998-10-16","0","2295000","2295000","850","2700","17000","135"
"1998-10-14","13.33","4046000","4046000","850","4760","17000","238"
"1998-10-09","-6.25","6015000","6015000","750","8020","15000","401"
"1998-10-07","-1.23","352000","352000","800","440","16000","22"
"1998-10-05","0","1036800","1036800","810","1280","16200","64"
"1998-10-02","0","2089800","2089800","810","2580","16200","129"
"1998-09-30","0","680400","680400","810","840","16200","42"
"1998-09-28","1.25","162000","162000","810","200","16200","10"
"1998-09-25","3.23","1024000","1024000","800","1280","16000","64"
"1998-09-23","-6.06","3487500","3487500","775","4500","15500","225"
"1998-09-21","-1.2","412500","412500","825","500","16500","25"
"1998-09-18","-6.7","5861700","5861700","835","7020","16700","351"
"1998-09-16","","1056100","1056100","895","1180","17900","59"
