"Date","Variation","Valeur","Volume Devise Total","Cours Ajuste","Volume Ajuste Total","Cours Normal","Volume Normal Total"
"2026-09-09","-0.06","57066735","57066735","16890","3374","16890","3374"
"2026-09-08","-6.11","38175915","38175915","16900","2235","16900","2235"
"2026-09-07","6.51","39978905","39978905","18000","2286","18000","2286"
"2026-09-04","0","84847730","84847730","16900","5096","16900","5096"
"2026-09-03","1.2","27680815","27680815","16900","1642","16900","1642"
"2026-09-02","3.09","14984645","14984645","16700","896","16700","896"
"2026-09-01","-3.28","13019155","13019155","16200","783","16200","783"
"2026-08-31","5.35","23329210","23329210","16750","1395","16750","1395"
"2026-08-28","-5.92","28230065","28230065","15900","1745","15900","1745"
"2026-08-27","0","41451865","41451865","16900","2463","16900","2463"
"2026-08-26","0","14337015","14337015","16900","850","16900","850"
"2026-08-24","-0.59","19236720","19236720","16900","1138","16900","1138"
"2026-08-21","0","6000760","6000760","17000","353","17000","353"
"2026-08-20","0","14274055","14274055","17000","838","17000","838"
"2026-08-19","-2.02","46047195","46047195","17000","2701","17000","2701"
"2026-08-18","-0.29","6222440","6222440","17350","360","17350","360"
"2026-08-17","-0.29","4585355","4585355","17400","263","17400","263"
"2026-08-14","0","4038510","4038510","17450","231","17450","231"
"2026-08-13","0","6809945","6809945","17450","390","17450","390"
"2026-08-12","3.25","7170660","7170660","17450","421","17450","421"
"2026-08-11","1.72","6477900","6477900","16900","384","16900","384"
"2026-08-10","0.12","5873215","5873215","16615","350","16615","350"
"2026-08-06","-0.93","6415130","6415130","16595","384","16595","384"
"2026-08-05","0.3","2435300","2435300","16750","146","16750","146"
"2026-08-04","0.91","15072410","15072410","16700","909","16700","909"
"2026-08-03","0.3","29199105","29199105","16550","1778","16550","1778"
"2026-07-31","-0.03","5881245","5881245","16500","356","16500","356"
"2026-07-30","0","2983500","2983500","16505","180","16505","180"
"2026-07-29","-0.27","7629240","7629240","16505","460","16505","460"
"2026-07-28","0.36","16034125","16034125","16550","979","16550","979"
"2026-07-27","0","8360310","8360310","16490","513","16490","513"
"2026-07-24","-0.03","6510905","6510905","16490","395","16490","395"
"2026-07-23","2.45","6906675","6906675","16495","423","16495","423"
"2026-07-22","0.72","34859215","34859215","16100","2184","16100","2184"
"2026-07-21","0","8849990","8849990","15985","554","15985","554"
"2026-07-20","1.17","3644585","3644585","15985","229","15985","229"
"2026-07-17","-1.25","7839925","7839925","15800","494","15800","494"
"2026-07-16","0.44","12841460","12841460","16000","808","16000","808"
"2026-07-15","-0.44","6135485","6135485","15930","384","15930","384"
"2026-07-14","0","22914710","22914710","16000","1441","16000","1441"
"2026-07-13","-1.54","16709775","16709775","16000","1066","16000","1066"
"2026-07-10","-0.88","3114830","3114830","16250","192","16250","192"
"2026-07-09","-0.33","24266130","24266130","16395","1479","16395","1479"
"2026-07-08","0.43","26601400","26601400","16450","1621","16450","1621"
"2026-07-07","-0.61","11405815","11405815","16380","696","16380","696"
"2026-07-06","-0.12","11121905","11121905","16480","678","16480","678"
"2026-07-03","0.06","14021540","14021540","16500","864","16500","864"
"2026-07-02","3.13","28710460","28710460","16490","1777","16490","1777"
"2026-07-01","3.19","16723540","16723540","15990","1095","15990","1095"
"2026-06-30","4.98","12901125","12901125","15495","847","15495","847"
"2026-06-29","-0.27","14165795","14165795","14760","957","14760","957"
"2026-06-26","-1.3","34429655","34429655","14800","2300","14800","2300"
"2026-06-25","-0.03","11171450","11171450","14995","745","14995","745"
"2026-06-24","-0.66","93204145","93204145","15000","6230","15000","6230"
"2026-06-23","0","14001240","14001240","15100","932","15100","932"
"2026-06-22","0.63","5611615","5611615","15100","373","15100","373"
"2026-06-19","-0.6","12538685","12538685","15005","839","15005","839"
"2026-06-18","3.04","15765850","15765850","15095","1055","15095","1055"
"2026-06-17","-1.35","13417050","13417050","14650","913","14650","913"
"2026-06-16","-1.98","31801125","31801125","14850","2121","14850","2121"
"2026-06-15","1","11384525","11384525","15150","752","15150","752"
"2026-06-12","-2.12","29792920","29792920","15000","1981","15000","1981"
"2026-06-11","0.82","24883320","24883320","15325","1660","15325","1660"
"2026-06-10","6.85","29010425","29010425","15200","1987","15200","1987"
"2026-06-09","5.45","17510120","17510120","14225","1238","14225","1238"
"2026-06-08","2.2","13363070","13363070","13490","1011","13490","1011"
"2026-06-05","1.58","12348980","12348980","13200","947","13200","947"
"2026-06-04","0.74","10561990","10561990","12995","816","12995","816"
"2026-06-03","0","15854475","15854475","12900","1224","12900","1224"
"2026-06-02","-0.69","40941845","40941845","12900","3176","12900","3176"
"2026-06-01","1.48","16985410","16985410","12990","1316","12990","1316"
"2026-05-29","-0.78","25140980","25140980","12800","1966","12800","1966"
"2026-05-28","-0.81","39112195","39112195","12900","3038","12900","3038"
"2026-05-26","0","8515630","8515630","13005","653","13005","653"
"2026-05-22","4.12","9925115","9925115","13005","748","13005","748"
"2026-05-21","5.4","20026795","20026795","12490","1636","12490","1636"
"2026-05-20","0.42","19790415","19790415","11850","1679","11850","1679"
"2026-05-19","-1.26","23025425","23025425","11800","1952","11800","1952"
"2026-05-18","1.7","8064220","8064220","11950","686","11950","686"
"2026-05-15","1.29","5025430","5025430","11750","431","11750","431"
"2026-05-13","-0.85","5027150","5027150","11600","437","11600","437"
"2026-05-12","4.93","5475850","5475850","11700","470","11700","470"
"2026-05-11","-4.29","19767895","19767895","11150","1755","11150","1755"
"2026-05-08","-0.43","10290430","10290430","11650","902","11650","902"
"2026-05-07","-1.68","6618635","6618635","11700","556","11700","556"
"2026-05-06","0","12787490","12787490","11900","1076","11900","1076"
"2026-05-05","-2.66","6335820","6335820","11900","534","11900","534"
"2026-05-04","-0.93","36824080","36824080","12225","2991","12225","2991"
"2026-04-30","-0.16","1921910","1921910","12340","157","12340","157"
"2026-04-29","7.48","6790500","6790500","12360","565","12360","565"
"2026-04-28","-7.07","5126950","5126950","11500","440","11500","440"
"2026-04-27","0","2128885","2128885","12375","173","12375","173"
"2026-04-24","-0.2","1189000","1189000","12375","96","12375","96"
"2026-04-23","0","3595695","3595695","12400","293","12400","293"
"2026-04-22","2.48","3491340","3491340","12400","288","12400","288"
"2026-04-21","-3.04","4258475","4258475","12100","342","12100","342"
"2026-04-20","4","669780865","669780865","12480","53612","12480","53612"
"2026-04-17","1.69","7606040","7606040","12000","638","12000","638"
"2026-04-16","-1.63","4058005","4058005","11800","343","11800","343"
"2026-04-15","-0.04","4624055","4624055","11995","391","11995","391"
"2026-04-14","0","3515200","3515200","12000","295","12000","295"
"2026-04-13","-2.28","11594550","11594550","12000","953","12000","953"
"2026-04-10","-0.16","3147800","3147800","12280","256","12280","256"
"2026-04-09","0.82","4195325","4195325","12300","343","12300","343"
"2026-04-08","-0.81","3344925","3344925","12200","273","12200","273"
"2026-04-07","0","4481595","4481595","12300","364","12300","364"
"2026-04-03","-1.2","1220325","1220325","12300","98","12300","98"
"2026-04-02","-0.4","3733610","3733610","12450","300","12450","300"
"2026-04-01","-2.34","7633465","7633465","12500","600","12500","600"
"2026-03-31","-0.78","1969310","1969310","12800","155","12800","155"
"2026-03-30","-0.39","13261525","13261525","12900","1065","12900","1065"
"2026-03-27","0.39","4739910","4739910","12950","368","12950","368"
"2026-03-26","-0.35","2928165","2928165","12900","231","12900","231"
"2026-03-25","-0.42","7237105","7237105","12945","568","12945","568"
"2026-03-24","0.85","657373545","657373545","13000","50573","13000","50573"
"2026-03-23","0","6543925","6543925","12890","508","12890","508"
"2026-03-19","0","12921785","12921785","12890","1003","12890","1003"
"2026-03-18","-0.08","3797975","3797975","12890","296","12890","296"
"2026-03-17","-0.31","5173670","5173670","12900","413","12900","413"
"2026-03-13","0.31","1756415","1756415","12940","136","12940","136"
"2026-03-12","-0.73","35687520","35687520","12900","2767","12900","2767"
"2026-03-11","-0.04","3445045","3445045","12995","266","12995","266"
"2026-03-10","2.4","22880300","22880300","13000","1770","13000","1770"
"2026-03-09","-0.04","8133890","8133890","12695","647","12695","647"
"2026-03-06","1.6","8685900","8685900","12700","690","12700","690"
"2026-03-05","0","9407180","9407180","12500","754","12500","754"
"2026-03-04","0","4667870","4667870","12500","373","12500","373"
"2026-03-03","0.81","5678860","5678860","12500","451","12500","451"
"2026-03-02","-0.84","22246975","22246975","12400","1786","12400","1786"
"2026-02-27","0.04","3482355","3482355","12505","278","12505","278"
"2026-02-26","-3.66","16657655","16657655","12500","1331","12500","1331"
"2026-02-25","2.98","24094510","24094510","12975","1877","12975","1877"
"2026-02-24","-2.96","6129860","6129860","12600","475","12600","475"
"2026-02-23","3.96","40736070","40736070","12985","3242","12985","3242"
"2026-02-20","3.22","5897670","5897670","12490","482","12490","482"
"2026-02-19","0.83","6309770","6309770","12100","521","12100","521"
"2026-02-18","0.84","5365565","5365565","12000","449","12000","449"
"2026-02-17","0.46","4998800","4998800","11900","419","11900","419"
"2026-02-16","0.38","6517050","6517050","11845","559","11845","559"
"2026-02-13","1.94","7244530","7244530","11800","620","11800","620"
"2026-02-12","-1.95","5846845","5846845","11575","499","11575","499"
"2026-02-11","-0.8","4773890","4773890","11805","402","11805","402"
"2026-02-10","3.48","5916875","5916875","11900","511","11900","511"
"2026-02-09","0.44","18629010","18629010","11500","1621","11500","1621"
"2026-02-06","0","2222545","2222545","11450","194","11450","194"
"2026-02-05","0.04","4564955","4564955","11450","399","11450","399"
"2026-02-04","0.39","1792125","1792125","11445","157","11445","157"
"2026-02-03","0","6759835","6759835","11400","592","11400","592"
"2026-02-02","3.64","5354380","5354380","11400","467","11400","467"
"2026-01-30","-3.47","17670660","17670660","11000","1584","11000","1584"
"2026-01-29","0","8602725","8602725","11395","755","11395","755"
"2026-01-28","2.66","3353665","3353665","11395","298","11395","298"
"2026-01-27","-2.59","35894720","35894720","11100","3206","11100","3206"
"2026-01-26","1.29","11318465","11318465","11395","1004","11395","1004"
"2026-01-23","1.35","30310840","30310840","11250","2707","11250","2707"
"2026-01-22","-0.89","6000520","6000520","11100","537","11100","537"
"2026-01-21","0.86","15906735","15906735","11200","1439","11200","1439"
"2026-01-20","-2.5","2140205","2140205","11105","190","11105","190"
"2026-01-19","2.61","9652100","9652100","11390","866","11390","866"
"2026-01-16","3.64","2852830","2852830","11100","263","11100","263"
"2026-01-15","-6.87","8709670","8709670","10710","793","10710","793"
"2026-01-14","5.5","742255220","742255220","11500","64592","11500","64592"
"2026-01-13","1.87","9690190","9690190","10900","906","10900","906"
"2026-01-12","-2.55","5052145","5052145","10700","470","10700","470"
"2026-01-09","0.73","4915400","4915400","10980","454","10980","454"
"2026-01-08","0","5723280","5723280","10900","525","10900","525"
"2026-01-07","0","11067660","11067660","10900","1061","10900","1061"
"2026-01-06","-0.41","7050965","7050965","10900","646","10900","646"
"2026-01-05","-0.45","9640065","9640065","10945","881","10945","881"
"2026-01-02","3.24","4942965","4942965","10995","464","10995","464"
"2025-12-31","0.42","3177410","3177410","10650","297","10650","297"
"2025-12-30","1","8486845","8486845","10605","805","10605","805"
"2025-12-29","-2.78","7205700","7205700","10500","677","10500","677"
"2025-12-26","-0.96","14939665","14939665","10800","1380","10800","1380"
"2025-12-24","-0.18","3241665","3241665","10905","297","10905","297"
"2025-12-23","-1.13","4541625","4541625","10925","413","10925","413"
"2025-12-22","-0.9","18320045","18320045","11050","1657","11050","1657"
"2025-12-19","-0.45","6805460","6805460","11150","612","11150","612"
"2025-12-18","0","3463940","3463940","11200","310","11200","310"
"2025-12-17","-0.44","13930215","13930215","11200","1255","11200","1255"
"2025-12-16","-0.35","4708445","4708445","11250","418","11250","418"
"2025-12-15","0","14032265","14032265","11290","1259","11290","1259"
"2025-12-12","0.36","2453120","2453120","11290","218","11290","218"
"2025-12-11","-1.32","2808620","2808620","11250","248","11250","248"
"2025-12-10","-0.18","70961755","70961755","11400","6396","11400","6396"
"2025-12-09","0.18","7479040","7479040","11420","656","11420","656"
"2025-12-08","-0.44","6260915","6260915","11400","557","11400","557"
"2025-12-05","-0.39","1516035","1516035","11450","132","11450","132"
"2025-12-04","0","26354865","26354865","11495","2394","11495","2394"
"2025-12-03","-0.3","8417150","8417150","11495","750","11495","750"
"2025-12-02","0","1083580","1083580","11530","94","11530","94"
"2025-12-01","0.7","10733510","10733510","11530","933","11530","933"
"2025-11-28","-0.43","3595360","3595360","11450","317","11450","317"
"2025-11-27","-2.54","10472210","10472210","11500","912","11500","912"
"2025-11-26","-0.17","178707730","178707730","11800","15549","11800","15549"
"2025-11-25","2.52","7583740","7583740","11820","655","11820","655"
"2025-11-24","-2.7","2649245","2649245","11530","223","11530","223"
"2025-11-21","3.04","3790790","3790790","11850","324","11850","324"
"2025-11-20","-7.33","13259805","13259805","11500","1108","11500","1108"
"2025-11-19","-1.12","1900225","1900225","12410","153","12410","153"
"2025-11-18","0","23434725","23434725","12550","1883","12550","1883"
"2025-11-17","4.58","23561630","23561630","12550","1910","12550","1910"
"2025-11-14","4.35","24534655","24534655","12000","2103","12000","2103"
"2025-11-13","3.6","4952400","4952400","11500","433","11500","433"
"2025-11-12","1.37","12110390","12110390","11100","1096","11100","1096"
"2025-11-11","-0.45","22963315","22963315","10950","2095","10950","2095"
"2025-11-10","7.32","35212740","35212740","11000","3373","11000","3373"
"2025-11-07","-0.87","36936950","36936950","10250","3724","10250","3724"
"2025-11-06","-7.47","11456720","11456720","10340","1108","10340","1108"
"2025-11-05","-7.49","9588150","9588150","11175","858","11175","858"
"2025-11-04","-7.47","6392740","6392740","12080","522","12080","522"
"2025-11-03","-7.48","15627660","15627660","13055","1197","13055","1197"
"2025-10-31","-7.48","6321280","6321280","14110","448","14110","448"
"2025-10-30","5.5","8418810","8418810","15250","549","15250","549"
"2025-10-29","7.47","11551790","11551790","14455","810","14455","810"
"2025-10-28","0.41","18144820","18144820","13450","1355","13450","1355"
"2025-10-27","0.04","23021225","23021225","13395","1749","13395","1749"
"2025-10-24","-0.45","3357060","3357060","13390","251","13390","251"
"2025-10-23","0.37","7592850","7592850","13450","568","13450","568"
"2025-10-22","2.29","14023640","14023640","13400","1044","13400","1044"
"2025-10-21","-2.24","9585755","9585755","13100","729","13100","729"
"2025-10-20","0","15114895","15114895","13400","1132","13400","1132"
"2025-10-17","1.67","18348940","18348940","13400","1403","13400","1403"
"2025-10-16","-0.15","14250800","14250800","13180","1080","13180","1080"
"2025-10-15","-0.34","7009080","7009080","13200","530","13200","530"
"2025-10-14","0.91","6018380","6018380","13245","457","13245","457"
"2025-10-13","0","10417255","10417255","13125","796","13125","796"
"2025-10-10","-0.08","6712285","6712285","13125","513","13125","513"
"2025-10-09","0","15347375","15347375","13135","1173","13135","1173"
"2025-10-08","0","2259605","2259605","13135","172","13135","172"
"2025-10-07","0.27","28592855","28592855","13135","2182","13135","2182"
"2025-10-06","0.38","5472825","5472825","13100","420","13100","420"
"2025-10-03","0.38","6896830","6896830","13050","530","13050","530"
"2025-10-02","0","10505500","10505500","13000","808","13000","808"
"2025-10-01","0.5","1036075","1036075","13000","80","13000","80"
"2025-09-30","0","11580145","11580145","12935","890","12935","890"
"2025-09-29","-0.5","2538710","2538710","12935","196","12935","196"
"2025-09-26","0.66","16499795","16499795","13000","1269","13000","1269"
"2025-09-25","0","8782935","8782935","12915","680","12915","680"
"2025-09-24","0.04","6404960","6404960","12915","496","12915","496"
"2025-09-23","0.04","9882705","9882705","12910","764","12910","764"
"2025-09-22","0.43","3397895","3397895","12905","263","12905","263"
"2025-09-19","-1.15","15209700","15209700","12850","1206","12850","1206"
"2025-09-18","-0.38","7788210","7788210","13000","597","13000","597"
"2025-09-17","0","30570940","30570940","13050","2348","13050","2348"
"2025-09-16","0","5841275","5841275","13050","447","13050","447"
"2025-09-15","-0.38","4705085","4705085","13050","360","13050","360"
"2025-09-12","0","9693510","9693510","13100","743","13100","743"
"2025-09-11","0","9219850","9219850","13100","711","13100","711"
"2025-09-10","1.16","12063405","12063405","13100","933","13100","933"
"2025-09-09","0","27345540","27345540","12950","2110","12950","2110"
"2025-09-08","-1.41","14278225","14278225","12950","1101","12950","1101"
"2025-09-05","1.04","17312305","17312305","13135","1299","13135","1299"
"2025-09-03","3.34","297190380","297190380","13000","22901","13000","22901"
"2025-09-02","-0.04","3820900","3820900","12580","304","12580","304"
"2025-09-01","0.4","15097910","15097910","12585","1202","12585","1202"
"2025-08-29","-0.12","4759880","4759880","12535","378","12535","378"
"2025-08-28","-0.4","4856625","4856625","12550","384","12550","384"
"2025-08-27","0.8","8945280","8945280","12600","716","12600","716"
"2025-08-26","0","28662840","28662840","12500","2296","12500","2296"
"2025-08-25","1.63","188851505","188851505","12500","15137","12500","15137"
"2025-08-22","0","7941290","7941290","12300","647","12300","647"
"2025-08-21","0.82","8351575","8351575","12300","683","12300","683"
"2025-08-20","-0.61","20034910","20034910","12200","1646","12200","1646"
"2025-08-19","0.61","54550795","54550795","12275","4469","12275","4469"
"2025-08-18","0.83","30125360","30125360","12200","2485","12200","2485"
"2025-08-14","-0.74","21341695","21341695","12100","1760","12100","1760"
"2025-08-13","-3.25","4015735","4015735","12190","328","12190","328"
"2025-08-12","1","80742355","80742355","12600","6458","12600","6458"
"2025-08-11","1.42","14891560","14891560","12475","1210","12475","1210"
"2025-08-08","0.82","34047440","34047440","12300","2768","12300","2768"
"2025-08-06","0","1599200","1599200","12200","132","12200","132"
"2025-08-05","0.41","7710885","7710885","12200","636","12200","636"
"2025-08-04","0.41","10633705","10633705","12150","879","12150","879"
"2025-08-01","0.79","1847630","1847630","12100","153","12100","153"
"2025-07-31","0.04","20470425","20470425","12005","1699","12005","1699"
"2025-07-30","0.38","84143020","84143020","12000","7014","12000","7014"
"2025-07-29","0.04","10486150","10486150","11955","880","11955","880"
"2025-07-28","0","23576545","23576545","11950","1962","11950","1962"
"2025-07-25","1.27","73630290","73630290","11950","6216","11950","6216"
"2025-07-24","-0.84","68392775","68392775","11800","5790","11800","5790"
"2025-07-23","0.85","95558485","95558485","11900","8033","11900","8033"
"2025-07-22","0.85","8043505","8043505","11800","694","11800","694"
"2025-07-21","-0.85","6303950","6303950","11700","536","11700","536"
"2025-07-18","0","18431750","18431750","11800","1562","11800","1562"
"2025-07-17","0","14263045","14263045","11800","1207","11800","1207"
"2025-07-16","2.61","8019240","8019240","11800","680","11800","680"
"2025-07-15","1.77","135569925","135569925","11500","11840","11500","11840"
"2025-07-14","-0.44","5443380","5443380","11300","480","11300","480"
"2025-07-11","0","4484645","4484645","11350","395","11350","395"
"2025-07-10","0.35","7803905","7803905","11350","690","11350","690"
"2025-07-09","0.09","11086255","11086255","11310","980","11310","980"
"2025-07-08","-0.31","18074885","18074885","11300","1614","11300","1614"
"2025-07-07","-0.04","19692240","19692240","11335","1739","11335","1739"
"2025-07-04","-0.04","9284290","9284290","11340","820","11340","820"
"2025-07-03","0","5185720","5185720","11345","457","11345","457"
"2025-07-02","1.75","47864250","47864250","11345","4264","11345","4264"
"2025-07-01","0.09","43216085","43216085","11150","3878","11150","3878"
"2025-06-30","0.81","1534850","1534850","11140","138","11140","138"
"2025-06-27","-0.85","6612730","6612730","11050","594","11050","594"
"2025-06-26","-0.04","946720","946720","11145","85","11145","85"
"2025-06-25","0","119011690","119011690","11150","10808","11150","10808"
"2025-06-24","0","5560315","5560315","11150","500","11150","500"
"2025-06-23","0","9572640","9572640","11150","859","11150","859"
"2025-06-20","0.45","28407475","28407475","11150","2561","11150","2561"
"2025-06-19","-0.45","1920200","1920200","11100","174","11100","174"
"2025-06-18","1.36","55813800","55813800","11150","5066","11150","5066"
"2025-06-17","-1.35","37280265","37280265","11000","3385","11000","3385"
"2025-06-16","-2.15","55024640","55024640","11150","5013","11150","5013"
"2025-06-13","-0.04","19520405","19520405","11395","1735","11395","1735"
"2025-06-12","6.05","9816590","9816590","11400","894","11400","894"
"2025-06-11","-0.46","1750195","1750195","10750","163","10750","163"
"2025-06-10","0.51","10409495","10409495","10800","967","10800","967"
"2025-06-05","-0.05","870570","870570","10745","81","10745","81"
"2025-06-04","1.03","7273385","7273385","10750","681","10750","681"
"2025-06-03","-0.56","12586090","12586090","10640","1181","10640","1181"
"2025-06-02","0","3300370","3300370","10700","309","10700","309"
"2025-05-30","0.94","20773010","20773010","10700","1953","10700","1953"
"2025-05-28","0.95","6704240","6704240","10600","635","10600","635"
"2025-05-27","0.96","113892050","113892050","10500","10860","10500","10860"
"2025-05-26","0","23962065","23962065","10400","2341","10400","2341"
"2025-05-23","0","29503505","29503505","10400","2883","10400","2883"
"2025-05-22","0","4930245","4930245","10400","476","10400","476"
"2025-05-21","-0.95","3108395","3108395","10400","297","10400","297"
"2025-05-20","2.94","29412400","29412400","10500","2863","10500","2863"
"2025-05-19","0.99","81582260","81582260","10200","8000","10200","8000"
"2025-05-16","0","3756295","3756295","10100","373","10100","373"
"2025-05-15","1.1","6626010","6626010","10100","662","10100","662"
"2025-05-14","0.4","7437480","7437480","9990","745","9990","745"
"2025-05-13","0.51","5698320","5698320","9950","575","9950","575"
"2025-05-12","0","101899795","101899795","9900","10448","9900","10448"
"2025-05-09","4.21","301470975","301470975","9900","30927","9900","30927"
"2025-05-08","-4.81","41350965","41350965","9500","4228","9500","4228"
"2025-05-07","1.94","204223175","204223175","9980","20499","9980","20499"
"2025-05-06","-0.1","2791535","2791535","9790","285","9790","285"
"2025-05-05","-1.41","16693080","16693080","9800","1689","9800","1689"
"2025-05-02","-0.5","35430450","35430450","9940","3578","9940","3578"
"2025-04-30","-0.05","339540","339540","9990","34","9990","34"
"2025-04-29","1.99","24744635","24744635","9995","2494","9995","2494"
"2025-04-28","-0.86","2676540","2676540","9800","271","9800","271"
"2025-04-25","-0.15","2124620","2124620","9885","215","9885","215"
"2025-04-24","0","18770275","18770275","9900","2003","9900","2003"
"2025-04-23","0","6580115","6580115","9900","667","9900","667"
"2025-04-22","0.05","23283915","23283915","9900","2356","9900","2356"
"2025-04-18","-0.35","3762495","3762495","9895","380","9895","380"
"2025-04-17","0","973140","973140","9930","98","9930","98"
"2025-04-16","0","8201290","8201290","9930","832","9930","832"
"2025-04-15","0.3","3043510","3043510","9930","307","9930","307"
"2025-04-14","0.2","2345480","2345480","9900","237","9900","237"
"2025-04-11","0.82","20841585","20841585","9880","2128","9880","2128"
"2025-04-10","-1.01","96160540","96160540","9800","9822","9800","9822"
"2025-04-09","-0.95","60539965","60539965","9900","6195","9900","6195"
"2025-04-08","0.5","6744070","6744070","9995","677","9995","677"
"2025-04-07","-0.35","16304265","16304265","9945","1680","9945","1680"
"2025-04-04","0.3","3621125","3621125","9980","365","9980","365"
"2025-04-03","0","28373415","28373415","9950","2852","9950","2852"
"2025-04-02","0","75049920","75049920","9950","7543","9950","7543"
"2025-04-01","-0.45","4526995","4526995","9950","454","9950","454"
"2025-03-28","0.05","666420840","666420840","9995","66643","9995","66643"
"2025-03-26","-0.1","22275950","22275950","9990","2312","9990","2312"
"2025-03-25","0","7987080","7987080","10000","799","10000","799"
"2025-03-24","-1.48","78453965","78453965","10000","8031","10000","8031"
"2025-03-21","1.5","3757305","3757305","10150","372","10150","372"
"2025-03-20","-1.96","165580600","165580600","10000","16842","10000","16842"
"2025-03-19","0","27817025","27817025","10200","2761","10200","2761"
"2025-03-18","-0.49","9460220","9460220","10200","927","10200","927"
"2025-03-17","1.49","26684365","26684365","10250","2658","10250","2658"
"2025-03-14","1.05","9846690","9846690","10100","977","10100","977"
"2025-03-13","0.05","11326055","11326055","9995","1135","9995","1135"
"2025-03-12","1.94","20783405","20783405","9990","2109","9990","2109"
"2025-03-11","0","19028275","19028275","9800","1953","9800","1953"
"2025-03-10","3.16","6630585","6630585","9800","681","9800","681"
"2025-03-07","1.6","17206530","17206530","9500","1822","9500","1822"
"2025-03-06","0","21124295","21124295","9350","2260","9350","2260"
"2025-03-05","1.08","2855805","2855805","9350","306","9350","306"
"2025-03-04","-0.54","37569235","37569235","9250","4046","9250","4046"
"2025-03-03","-1.06","29126465","29126465","9300","3134","9300","3134"
"2025-02-28","0.48","9926440","9926440","9400","1059","9400","1059"
"2025-02-27","-0.37","8483025","8483025","9355","906","9355","906"
"2025-02-26","0.43","62471635","62471635","9390","6707","9390","6707"
"2025-02-25","0","25615780","25615780","9350","2745","9350","2745"
"2025-02-24","0.92","41170400","41170400","9350","4427","9350","4427"
"2025-02-21","0.71","28767915","28767915","9265","3124","9265","3124"
"2025-02-20","0.22","48674875","48674875","9200","5297","9200","5297"
"2025-02-19","0","3604530","3604530","9180","393","9180","393"
"2025-02-18","0.88","1855080","1855080","9180","203","9180","203"
"2025-02-17","-1.09","11591940","11591940","9100","1283","9100","1283"
"2025-02-14","0.22","11372980","11372980","9200","1260","9200","1260"
"2025-02-13","0.88","50217365","50217365","9180","5747","9180","5747"
"2025-02-12","2.3","129425875","129425875","9100","14449","9100","14449"
"2025-02-11","0","5513515","5513515","8895","621","8895","621"
"2025-02-10","0","79100625","79100625","8895","8891","8895","8891"
"2025-02-07","0","8184120","8184120","8895","940","8895","940"
"2025-02-06","4.34","53253045","53253045","8895","6237","8895","6237"
"2025-02-05","1.19","59045335","59045335","8525","6953","8525","6953"
"2025-02-04","0.3","39064755","39064755","8425","4630","8425","4630"
"2025-02-03","0","12048320","12048320","8400","1437","8400","1437"
"2025-01-31","1.02","8151475","8151475","8400","979","8400","979"
"2025-01-30","-0.06","13544375","13544375","8315","1627","8315","1627"
"2025-01-29","0.73","4770410","4770410","8320","577","8320","577"
"2025-01-28","1.98","2900805","2900805","8260","356","8260","356"
"2025-01-27","1.44","4448860","4448860","8100","556","8100","556"
"2025-01-24","0","28092265","28092265","7985","3527","7985","3527"
"2025-01-23","0.31","11512205","11512205","7985","1445","7985","1445"
"2025-01-22","0","9297660","9297660","7960","1173","7960","1173"
"2025-01-21","0","9821675","9821675","7960","1234","7960","1234"
"2025-01-20","0.13","3324700","3324700","7960","418","7960","418"
"2025-01-17","-0.13","4646810","4646810","7950","584","7950","584"
"2025-01-16","-0.25","5005460","5005460","7960","630","7960","630"
"2025-01-15","1.01","57858035","57858035","7980","7301","7980","7301"
"2025-01-14","0.06","35030285","35030285","7900","4436","7900","4436"
"2025-01-13","-0.06","8127530","8127530","7895","1029","7895","1029"
"2025-01-10","0","14528370","14528370","7900","1838","7900","1838"
"2025-01-09","-0.63","22992075","22992075","7900","2904","7900","2904"
"2025-01-08","0.63","12314820","12314820","7950","1545","7950","1545"
"2025-01-07","-0.63","14579290","14579290","7900","1843","7900","1843"
"2025-01-06","0.63","24456880","24456880","7950","3087","7950","3087"
"2025-01-03","-0.75","5775890","5775890","7900","727","7900","727"
"2025-01-02","0","2293050","2293050","7960","288","7960","288"
"2024-12-31","0.76","16975990","16975990","7960","2136","7960","2136"
"2024-12-30","-0.69","9978895","9978895","7900","1261","7900","1261"
"2024-12-27","-0.06","14971025","14971025","7955","1882","7955","1882"
"2024-12-26","0","9043900","9043900","7960","1135","7960","1135"
"2024-12-24","0","1472740","1472740","7960","185","7960","185"
"2024-12-23","-0.13","2397755","2397755","7960","301","7960","301"
"2024-12-20","0.13","8944480","8944480","7970","1122","7970","1122"
"2024-12-19","0","12227600","12227600","7960","1544","7960","1544"
"2024-12-18","-0.31","5450610","5450610","7960","683","7960","683"
"2024-12-17","0.31","24062835","24062835","7985","3020","7985","3020"
"2024-12-16","-0.19","8031560","8031560","7960","1008","7960","1008"
"2024-12-13","0","9896975","9896975","7975","1241","7975","1241"
"2024-12-12","0.25","3354585","3354585","7975","421","7975","421"
"2024-12-11","0.06","6711345","6711345","7955","844","7955","844"
"2024-12-10","0.13","33213185","33213185","7950","4224","7950","4224"
"2024-12-09","-0.13","18848345","18848345","7940","2372","7940","2372"
"2024-12-06","-0.31","22883015","22883015","7950","2871","7950","2871"
"2024-12-05","0.25","3481315","3481315","7975","437","7975","437"
"2024-12-04","0.06","17889675","17889675","7955","2248","7955","2248"
"2024-12-03","-0.44","17405265","17405265","7950","2182","7950","2182"
"2024-12-02","-0.13","5191725","5191725","7985","650","7985","650"
"2024-11-29","0","8005350","8005350","7995","1004","7995","1004"
"2024-11-28","0.19","6078715","6078715","7995","761","7995","761"
"2024-11-27","-0.06","8743605","8743605","7980","1099","7980","1099"
"2024-11-26","-0.13","5973920","5973920","7985","749","7985","749"
"2024-11-25","0.13","10848355","10848355","7995","1358","7995","1358"
"2024-11-22","-0.06","8144625","8144625","7985","1025","7985","1025"
"2024-11-21","0.5","1403885","1403885","7990","177","7990","177"
"2024-11-20","0.13","88077925","88077925","7950","11085","7950","11085"
"2024-11-19","1.15","302504935","302504935","7940","38849","7940","38849"
"2024-11-18","0.06","9221275","9221275","7850","1173","7850","1173"
"2024-11-14","0.58","1465515","1465515","7845","187","7845","187"
"2024-11-13","0","3051530","3051530","7800","391","7800","391"
"2024-11-12","0","21535490","21535490","7800","2761","7800","2761"
"2024-11-11","0","83804850","83804850","7800","10744","7800","10744"
"2024-11-08","0.06","65601690","65601690","7800","8412","7800","8412"
"2024-11-07","-0.06","5622055","5622055","7795","721","7795","721"
"2024-11-06","0.65","92613785","92613785","7800","11883","7800","11883"
"2024-11-05","-0.64","205904605","205904605","7750","26441","7750","26441"
"2024-11-04","-0.95","52730145","52730145","7800","6752","7800","6752"
"2024-10-31","-0.13","5540765","5540765","7875","703","7875","703"
"2024-10-30","3.41","120834770","120834770","7885","15441","7885","15441"
"2024-10-29","7.47","293872625","293872625","7625","38541","7625","38541"
"2024-10-28","-0.07","10535665","10535665","7095","1501","7095","1501"
"2024-10-25","0","14700140","14700140","7100","2091","7100","2091"
"2024-10-24","-0.28","14236730","14236730","7100","2015","7100","2015"
"2024-10-23","0","1790070","1790070","7120","252","7120","252"
"2024-10-22","-0.42","9632495","9632495","7120","1366","7120","1366"
"2024-10-21","0.35","32417175","32417175","7150","4625","7150","4625"
"2024-10-18","1.93","177633960","177633960","7125","25411","7125","25411"
"2024-10-17","0","337983670","337983670","6990","48362","6990","48362"
"2024-10-16","0","30938890","30938890","6990","4425","6990","4425"
"2024-10-15","0","507278700","507278700","6990","72572","6990","72572"
"2024-10-14","0.07","10396215","10396215","6990","1491","6990","1491"
"2024-10-11","-0.07","10999665","10999665","6985","1574","6985","1574"
"2024-10-10","-0.07","5934775","5934775","6990","849","6990","849"
"2024-10-09","0.07","8455295","8455295","6995","1209","6995","1209"
"2024-10-08","-0.14","93302805","93302805","6990","13354","6990","13354"
"2024-10-07","0","23476085","23476085","7000","3354","7000","3354"
"2024-10-04","0","11716225","11716225","7000","1674","7000","1674"
"2024-10-03","0","24884640","24884640","7000","3555","7000","3555"
"2024-10-02","0","11225210","11225210","7000","1604","7000","1604"
"2024-10-01","0","16721485","16721485","7000","2389","7000","2389"
"2024-09-30","0","48559190","48559190","7000","6944","7000","6944"
"2024-09-27","0","7438590","7438590","7000","1063","7000","1063"
"2024-09-26","0","37136795","37136795","7000","5310","7000","5310"
"2024-09-25","0","13236700","13236700","7000","1891","7000","1891"
"2024-09-24","0","33909220","33909220","7000","4853","7000","4853"
"2024-09-23","0","31342080","31342080","7000","4484","7000","4484"
"2024-09-20","0","38016315","38016315","7000","5440","7000","5440"
"2024-09-19","0","13920840","13920840","7000","1989","7000","1989"
"2024-09-18","0.5","21727310","21727310","7000","3107","7000","3107"
"2024-09-17","-0.5","16691085","16691085","6965","2387","6965","2387"
"2024-09-16","0","10087195","10087195","7000","1435","7000","1435"
"2024-09-13","-1.34","10529965","10529965","7000","1499","7000","1499"
"2024-09-12","1.36","8941315","8941315","7095","1275","7095","1275"
"2024-09-11","0","10988200","10988200","7000","1570","7000","1570"
"2024-09-10","0","24797160","24797160","7000","3535","7000","3535"
"2024-09-09","0","18620010","18620010","7000","2660","7000","2660"
"2024-09-06","0","16430985","16430985","7000","2346","7000","2346"
"2024-09-05","-2.1","13570230","13570230","7000","1923","7000","1923"
"2024-09-04","2.14","22293820","22293820","7150","3146","7150","3146"
"2024-09-03","-0.71","25986070","25986070","7000","3697","7000","3697"
"2024-09-02","0.71","6295340","6295340","7050","887","7050","887"
"2024-08-30","0.72","3426470","3426470","7000","491","7000","491"
"2024-08-29","-0.57","13314250","13314250","6950","1906","6950","1906"
"2024-08-28","-1.48","24878825","24878825","6990","3546","6990","3546"
"2024-08-27","-0.07","44557075","44557075","7095","6342","7095","6342"
"2024-08-26","-0.7","20951270","20951270","7100","2947","7100","2947"
"2024-08-23","-0.56","15994270","15994270","7150","2240","7150","2240"
"2024-08-22","0.07","56456460","56456460","7190","8005","7190","8005"
"2024-08-21","0.14","35967745","35967745","7185","5085","7185","5085"
"2024-08-20","-0.07","15830155","15830155","7175","2211","7175","2211"
"2024-08-19","0.42","32400240","32400240","7180","4519","7180","4519"
"2024-08-16","-4.67","7755040","7755040","7150","1080","7150","1080"
"2024-08-14","0","32197950","32197950","7500","4353","7500","4353"
"2024-08-13","0","34307540","34307540","7500","4573","7500","4573"
"2024-08-12","-2.28","7196365","7196365","7500","946","7500","946"
"2024-08-09","-0.32","47880455","47880455","7675","6474","7675","6474"
"2024-08-08","-1.22","77463865","77463865","7700","10496","7700","10496"
"2024-08-06","0.26","42438335","42438335","7795","5711","7795","5711"
"2024-08-05","-0.19","56619970","56619970","7775","7679","7775","7679"
"2024-08-02","3.87","86921785","86921785","7790","11806","7790","11806"
"2024-08-01","-6.25","12884170","12884170","7500","1702","7500","1702"
"2024-07-31","3.23","51670090","51670090","8000","6997","8000","6997"
"2024-07-30","1.97","27852905","27852905","7750","3744","7750","3744"
"2024-07-29","-2.31","3549535","3549535","7600","465","7600","465"
"2024-07-26","3.73","35097775","35097775","7780","4748","7780","4748"
"2024-07-25","0","32854920","32854920","7500","4455","7500","4455"
"2024-07-24","0","7332970","7332970","7500","983","7500","983"
"2024-07-23","0","9793985","9793985","7500","1308","7500","1308"
"2024-07-22","0","21481145","21481145","7500","2898","7500","2898"
"2024-07-19","0","8055495","8055495","7500","1081","7500","1081"
"2024-07-18","0","5084250","5084250","7500","678","7500","678"
"2024-07-17","0","10035550","10035550","7500","1349","7500","1349"
"2024-07-16","0.67","13483150","13483150","7500","1815","7500","1815"
"2024-07-15","0.68","26683530","26683530","7450","3629","7450","3629"
"2024-07-12","0","7830395","7830395","7400","1052","7400","1052"
"2024-07-11","-1.33","34061265","34061265","7400","4621","7400","4621"
"2024-07-10","0","34293560","34293560","7500","4654","7500","4654"
"2024-07-09","0","24455465","24455465","7500","3292","7500","3292"
"2024-07-08","-3.85","14254330","14254330","7500","1916","7500","1916"
"2024-07-05","4","22713370","22713370","7800","3046","7800","3046"
"2024-07-04","0.07","229631705","229631705","7500","30663","7500","30663"
"2024-07-03","1.42","21940975","21940975","7495","2968","7495","2968"
"2024-07-02","-1.47","16792365","16792365","7390","2267","7390","2267"
"2024-07-01","0","14580470","14580470","7500","1958","7500","1958"
"2024-06-28","0","17642550","17642550","7500","2375","7500","2375"
"2024-06-27","0","16552475","16552475","7500","2207","7500","2207"
"2024-06-26","0","4128390","4128390","7500","551","7500","551"
"2024-06-25","0","20944035","20944035","7500","2822","7500","2822"
"2024-06-24","0.07","16170455","16170455","7500","2178","7500","2178"
"2024-06-21","-0.07","31121425","31121425","7495","4197","7495","4197"
"2024-06-20","0","15694070","15694070","7500","2103","7500","2103"
"2024-06-19","-6.19","38348875","38348875","7500","5138","7500","5138"
"2024-06-18","6.67","26118045","26118045","7995","3508","7995","3508"
"2024-06-14","0","6937780","6937780","7495","932","7495","932"
"2024-06-13","1.28","34271965","34271965","7495","4610","7495","4610"
"2024-06-12","-1.27","27164600","27164600","7400","3654","7400","3654"
"2024-06-11","0","22769040","22769040","7495","3055","7495","3055"
"2024-06-10","-0.07","19091650","19091650","7495","2567","7495","2567"
"2024-06-07","0.07","41572365","41572365","7500","5593","7500","5593"
"2024-06-06","-0.07","39054805","39054805","7495","5233","7495","5233"
"2024-06-05","0","50427740","50427740","7500","6759","7500","6759"
"2024-06-04","0","37272730","37272730","7500","4987","7500","4987"
"2024-06-03","0.13","76140585","76140585","7500","10196","7500","10196"
"2024-05-31","0","27525160","27525160","7490","3695","7490","3695"
"2024-05-30","0.07","16457255","16457255","7490","2202","7490","2202"
"2024-05-29","0.07","25306405","25306405","7485","3380","7485","3380"
"2024-05-28","-0.2","20965215","20965215","7480","2799","7480","2799"
"2024-05-27","-0.73","91813700","91813700","7495","12170","7495","12170"
"2024-05-24","0.67","3628150","3628150","7550","483","7550","483"
"2024-05-23","0.13","5886500","5886500","7500","794","7500","794"
"2024-05-22","0","3797400","3797400","7490","507","7490","507"
"2024-05-21","0","468830","468830","7490","63","7490","63"
"2024-05-17","0","5121025","5121025","7490","688","7490","688"
"2024-05-16","0","2318140","2318140","7490","311","7490","311"
"2024-05-15","-0.13","4510215","4510215","7490","611","7490","611"
"2024-05-14","-0.13","7598715","7598715","7500","1013","7500","1013"
"2024-05-13","-0.92","3266180","3266180","7510","432","7510","432"
"2024-05-10","-0.66","800985","800985","7580","105","7580","105"
"2024-05-08","0","2086265","2086265","7630","274","7630","274"
"2024-05-07","7.46","18150025","18150025","7630","2550","7630","2550"
"2024-05-06","2.9","28273050","28273050","7100","4151","7100","4151"
"2024-05-03","0","2704595","2704595","6900","392","6900","392"
"2024-05-02","0","2449500","2449500","6900","355","6900","355"
"2024-04-30","0","2394300","2394300","6900","347","6900","347"
"2024-04-29","0","351855","351855","6900","51","6900","51"
"2024-04-26","0.73","5551980","5551980","6900","808","6900","808"
"2024-04-25","4.1","8053635","8053635","6850","1224","6850","1224"
"2024-04-24","-4.5","873465","873465","6580","130","6580","130"
"2024-04-22","0","1584750","1584750","6890","231","6890","231"
"2024-04-19","0","757900","757900","6890","110","6890","110"
"2024-04-18","-0.07","10661410","10661410","6890","1591","6890","1591"
"2024-04-17","1.4","23592805","23592805","6895","3429","6895","3429"
"2024-04-16","-0.73","484300","484300","6800","71","6800","71"
"2024-04-15","0","3534600","3534600","6850","516","6850","516"
"2024-04-12","0","931600","931600","6850","136","6850","136"
"2024-04-11","0","459970","459970","6850","69","6850","69"
"2024-04-09","0","246350","246350","6850","36","6850","36"
"2024-04-08","-0.72","577245","577245","6850","84","6850","84"
"2024-04-05","0.15","2070115","2070115","6900","316","6900","316"
"2024-04-04","-0.14","4129315","4129315","6890","633","6890","633"
"2024-04-03","0.15","2039875","2039875","6900","296","6900","296"
"2024-04-02","-0.14","1540785","1540785","6890","226","6890","226"
"2024-03-29","0.07","799830","799830","6900","116","6900","116"
"2024-03-28","-0.07","1089350","1089350","6895","158","6895","158"
"2024-03-27","0","144800","144800","6900","21","6900","21"
"2024-03-26","6.15","2941380","2941380","6900","451","6900","451"
"2024-03-25","-2.99","5524045","5524045","6500","850","6500","850"
"2024-03-22","-0.89","40200","40200","6700","6","6700","6"
"2024-03-21","-0.15","3784100","3784100","6760","579","6760","579"
"2024-03-20","0","215170","215170","6770","32","6770","32"
"2024-03-19","0","97694820","97694820","6770","14913","6770","14913"
"2024-03-18","0","4356210","4356210","6770","649","6770","649"
"2024-03-15","0","318190","318190","6770","47","6770","47"
"2024-03-14","-0.15","20330","20330","6770","3","6770","3"
"2024-03-13","-0.29","3600875","3600875","6780","554","6780","554"
"2024-03-12","-1.31","7470000","7470000","6800","1122","6800","1122"
"2024-03-11","0.58","963285","963285","6890","144","6890","144"
"2024-03-08","-0.58","150935","150935","6850","22","6850","22"
"2024-03-07","0.07","864430","864430","6890","130","6890","130"
"2024-03-06","-0.22","34425","34425","6885","5","6885","5"
"2024-03-05","0","60035","60035","6900","9","6900","9"
"2024-03-04","-1.29","380850","380850","6900","55","6900","55"
"2024-03-01","0","376290","376290","6990","55","6990","55"
"2024-02-29","-0.07","426035","426035","6990","61","6990","61"
"2024-02-28","0","2106130","2106130","6995","314","6995","314"
"2024-02-27","-0.07","2881780","2881780","6995","432","6995","432"
"2024-02-26","-1.41","1344000","1344000","7000","192","7000","192"
"2024-02-23","0","406400","406400","7100","58","7100","58"
"2024-02-22","0","1160675","1160675","7100","166","7100","166"
"2024-02-21","1.43","1519670","1519670","7100","217","7100","217"
"2024-02-20","0.14","1237700","1237700","7000","177","7000","177"
"2024-02-19","0","69900","69900","6990","10","6990","10"
"2024-02-16","0","124290","124290","6990","18","6990","18"
"2024-02-15","0","307440","307440","6990","44","6990","44"
"2024-02-14","-0.07","195720","195720","6990","28","6990","28"
"2024-02-13","0","1430205","1430205","6995","212","6995","212"
"2024-02-09","0","188275","188275","6995","27","6995","27"
"2024-02-07","0","5139325","5139325","6995","746","6995","746"
"2024-02-06","0","1980575","1980575","6995","285","6995","285"
"2024-02-05","-2.17","861925","861925","6995","126","6995","126"
"2024-02-02","-0.07","621565","621565","7150","88","7150","88"
"2024-02-01","-0.28","879555","879555","7155","123","7155","123"
"2024-01-31","-0.21","86100","86100","7175","12","7175","12"
"2024-01-30","-0.14","1565830","1565830","7190","224","7190","224"
"2024-01-29","-1.3","458000","458000","7200","65","7200","65"
"2024-01-26","0","493385","493385","7295","70","7295","70"
"2024-01-25","0","269515","269515","7295","37","7295","37"
"2024-01-24","-0.07","263265","263265","7295","38","7295","38"
"2024-01-23","-0.54","94900","94900","7300","13","7300","13"
"2024-01-22","-0.07","241420","241420","7340","33","7340","33"
"2024-01-19","-0.07","1347200","1347200","7345","191","7345","191"
"2024-01-18","2.08","73500","73500","7350","10","7350","10"
"2024-01-17","-2.04","95195","95195","7200","13","7200","13"
"2024-01-16","0","102900","102900","7350","14","7350","14"
"2024-01-15","0","452000","452000","7350","64","7350","64"
"2024-01-12","0","1169000","1169000","7350","168","7350","168"
"2024-01-11","0","1150350","1150350","7350","164","7350","164"
"2024-01-10","-0.41","112525","112525","7350","16","7350","16"
"2024-01-09","0","139790","139790","7380","19","7380","19"
"2024-01-08","-0.07","147340","147340","7380","20","7380","20"
"2024-01-05","-0.07","649810","649810","7385","88","7385","88"
"2024-01-04","-0.07","113840","113840","7390","16","7390","16"
"2024-01-03","0.41","3302275","3302275","7395","450","7395","450"
"2024-01-02","-0.27","1616130","1616130","7365","221","7365","221"
"2023-12-29","-0.2","19405360","19405360","7385","2628","7385","2628"
"2023-12-28","0.14","6362685","6362685","7400","864","7400","864"
"2023-12-27","-1.2","948080","948080","7390","127","7390","127"
"2023-12-26","-0.27","4298865","4298865","7480","575","7480","575"
"2023-12-22","5.71","6310295","6310295","7500","871","7500","871"
"2023-12-21","0","537475","537475","7095","76","7095","76"
"2023-12-20","2.45","84339520","84339520","7095","12570","7095","12570"
"2023-12-19","-7.48","14806590","14806590","6925","2138","6925","2138"
"2023-12-18","7.23","65228645","65228645","7485","10088","7485","10088"
"2023-12-15","-7.49","3873900","3873900","6980","555","6980","555"
"2023-12-14","5.89","122581765","122581765","7545","17503","7545","17503"
"2023-12-13","-7.47","1303930","1303930","7125","179","7125","179"
"2023-12-12","-0.45","38332000","38332000","7700","5347","7700","5347"
"2023-12-11","-0.06","89562985","89562985","7735","12507","7735","12507"
"2023-12-08","-0.06","35954410","35954410","7740","5015","7740","5015"
"2023-12-07","-0.51","36194965","36194965","7745","5022","7745","5022"
"2023-12-06","0","1316490","1316490","7785","176","7785","176"
"2023-12-05","0","3045520","3045520","7785","417","7785","417"
"2023-12-04","2.03","2861465","2861465","7785","372","7785","372"
"2023-12-01","-1.99","1362480","1362480","7630","178","7630","178"
"2023-11-30","-1.33","1245600","1245600","7785","160","7785","160"
"2023-11-29","0.06","961215","961215","7890","127","7890","127"
"2023-11-28","3.34","2514395","2514395","7885","324","7885","324"
"2023-11-27","7.46","54142175","54142175","7630","7618","7630","7618"
"2023-11-24","1.43","34510125","34510125","7100","4821","7100","4821"
"2023-11-23","0","1008800","1008800","7000","145","7000","145"
"2023-11-22","-4.63","2324000","2324000","7000","332","7000","332"
"2023-11-21","1.73","37659565","37659565","7340","5167","7340","5167"
"2023-11-20","-7.38","636025","636025","7215","88","7215","88"
"2023-11-17","-0.76","5405905","5405905","7790","742","7790","742"
"2023-11-16","-0.38","196150","196150","7850","26","7850","26"
"2023-11-13","-0.06","93124625","93124625","7880","12755","7880","12755"
"2023-11-10","0.06","944100","944100","7885","120","7885","120"
"2023-11-09","-0.13","292600","292600","7880","38","7880","38"
"2023-11-07","-0.13","1296980","1296980","7890","166","7890","166"
"2023-11-06","0.13","4438070","4438070","7900","597","7900","597"
"2023-11-03","-0.06","3237620","3237620","7890","410","7890","410"
"2023-11-02","-0.06","1326080","1326080","7895","170","7895","170"
"2023-10-31","-0.63","442800","442800","7900","56","7900","56"
"2023-10-27","-0.44","852560","852560","7950","107","7950","107"
"2023-10-26","-0.06","55895","55895","7985","7","7985","7"
"2023-10-25","-1.96","1007120","1007120","7990","126","7990","126"
"2023-10-24","0","81185","81185","8150","10","8150","10"
"2023-10-23","0","16300","16300","8150","2","8150","2"
"2023-10-20","-2.1","786800","786800","8150","102","8150","102"
"2023-10-19","-0.12","149850","149850","8325","18","8325","18"
"2023-10-18","-0.24","442675","442675","8335","53","8335","53"
"2023-10-17","-0.48","485685","485685","8355","58","8355","58"
"2023-10-16","-0.59","749805","749805","8395","95","8395","95"
"2023-10-13","6.16","6887785","6887785","8445","867","8445","867"
"2023-10-12","1.14","4123080","4123080","7955","522","7955","522"
"2023-10-11","-0.13","1157530","1157530","7865","147","7865","147"
"2023-10-10","-0.25","617590","617590","7875","79","7875","79"
"2023-10-09","0","2803295","2803295","7895","361","7895","361"
"2023-10-06","6.04","12130550","12130550","7895","1615","7895","1615"
"2023-10-05","0","19688685","19688685","7445","2779","7445","2779"
"2023-10-04","-7.46","10245580","10245580","7445","1376","7445","1376"
"2023-10-03","-7.48","5138635","5138635","8045","635","8045","635"
"2023-10-02","-7.5","786055","786055","8695","89","8695","89"
"2023-09-28","2.4","3972200","3972200","9400","441","9400","441"
"2023-09-26","7.06","5642880","5642880","9180","652","9180","652"
"2023-09-25","0.88","5091830","5091830","8575","599","8575","599"
"2023-09-22","-0.82","721500","721500","8500","85","8500","85"
"2023-09-21","-0.06","9380330","9380330","8570","1151","8570","1151"
"2023-09-20","2.69","11023270","11023270","8575","1314","8575","1314"
"2023-09-19","-0.36","292710","292710","8350","35","8350","35"
"2023-09-18","-1.18","247700","247700","8380","30","8380","30"
"2023-09-15","-0.06","102724540","102724540","8480","12868","8480","12868"
"2023-09-14","0.12","7506090","7506090","8485","887","8485","887"
"2023-09-13","0","920025","920025","8475","109","8475","109"
"2023-09-12","-0.06","890875","890875","8475","106","8475","106"
"2023-09-11","0","8665920","8665920","8480","1044","8480","1044"
"2023-09-08","2.17","2062755","2062755","8480","249","8480","249"
"2023-09-07","0.06","4873875","4873875","8300","590","8300","590"
"2023-09-06","-0.06","9603595","9603595","8295","1171","8295","1171"
"2023-09-05","1.84","19744600","19744600","8300","2417","8300","2417"
"2023-09-04","0","431550","431550","8150","53","8150","53"
"2023-09-01","0","2797570","2797570","8150","346","8150","346"
"2023-08-31","-1.81","501330","501330","8150","61","8150","61"
"2023-08-30","0","8300","8300","8300","1","8300","1"
"2023-08-29","-2.12","425700","425700","8300","51","8300","51"
"2023-08-28","0","3475995","3475995","8480","413","8480","413"
"2023-08-25","0.77","2129320","2129320","8480","253","8480","253"
"2023-08-24","-0.88","2872710","2872710","8415","344","8415","344"
"2023-08-23","1.19","149830","149830","8490","18","8490","18"
"2023-08-22","0.06","33333175","33333175","8390","3971","8390","3971"
"2023-08-21","-0.06","5279105","5279105","8385","652","8385","652"
"2023-08-18","-0.06","15011355","15011355","8390","1853","8390","1853"
"2023-08-17","-1.06","3114000","3114000","8395","376","8395","376"
"2023-08-16","-0.06","178240","178240","8485","21","8485","21"
"2023-08-14","-0.06","7763495","7763495","8490","924","8490","924"
"2023-08-11","-0.06","2165385","2165385","8495","256","8495","256"
"2023-08-10","-0.06","52980015","52980015","8500","6233","8500","6233"
"2023-08-09","-1.1","90691130","90691130","8505","10675","8505","10675"
"2023-08-08","-2.27","913495","913495","8600","107","8600","107"
"2023-08-04","-2.11","4406570","4406570","8800","501","8800","501"
"2023-08-03","-2.18","6664875","6664875","8990","748","8990","748"
"2023-08-02","-0.11","552617745","552617745","9190","60727","9190","60727"
"2023-08-01","-1.02","15668330","15668330","9200","1772","9200","1772"
"2023-07-31","3.28","7820920","7820920","9295","863","9295","863"
"2023-07-28","5.88","9495095","9495095","9000","1081","9000","1081"
"2023-07-27","1.92","38854365","38854365","8500","4668","8500","4668"
"2023-07-26","0.48","3203515","3203515","8340","389","8340","389"
"2023-07-25","0","9475370","9475370","8300","1140","8300","1140"
"2023-07-24","-0.6","4244355","4244355","8300","509","8300","509"
"2023-07-21","0.72","24398310","24398310","8350","2939","8350","2939"
"2023-07-20","0","3135610","3135610","8290","379","8290","379"
"2023-07-19","0","19995640","19995640","8290","2412","8290","2412"
"2023-07-18","3.69","16833340","16833340","8290","2093","8290","2093"
"2023-07-17","-1.24","289220","289220","7995","36","7995","36"
"2023-07-14","2.02","3094835","3094835","8095","391","8095","391"
"2023-07-13","0","2360380","2360380","7935","300","7935","300"
"2023-07-12","0","237935","237935","7935","30","7935","30"
"2023-07-11","0.44","3067765","3067765","7935","389","7935","389"
"2023-07-10","2.53","12076810","12076810","7900","1562","7900","1562"
"2023-07-07","0.26","2408995","2408995","7705","313","7705","313"
"2023-07-06","-0.13","4747390","4747390","7685","617","7685","617"
"2023-07-05","0","1008045","1008045","7695","131","7695","131"
"2023-07-04","0","6032930","6032930","7695","784","7695","784"
"2023-07-03","0","4420620","4420620","7695","574","7695","574"
"2023-06-30","0","7695","7695","7695","1","7695","1"
"2023-06-29","0.72","3356785","3356785","7695","439","7695","439"
"2023-06-27","-0.71","4202030","4202030","7640","551","7640","551"
"2023-06-26","0.59","1189735","1189735","7695","155","7695","155"
"2023-06-23","0","12604900","12604900","7650","1678","7650","1678"
"2023-06-22","-0.2","1003215","1003215","7650","132","7650","132"
"2023-06-21","-0.07","360010","360010","7665","47","7665","47"
"2023-06-20","-0.32","6139835","6139835","7670","838","7670","838"
"2023-06-19","-0.39","123120","123120","7695","16","7695","16"
"2023-06-16","0.39","2847480","2847480","7725","370","7725","370"
"2023-06-15","0","7695","7695","7695","1","7695","1"
"2023-06-14","-0.06","113885","113885","7695","15","7695","15"
"2023-06-13","0","454300","454300","7700","59","7700","59"
"2023-06-12","0","8083530","8083530","7700","176","7700","176"
"2023-06-09","0","61600","61600","7700","8","7700","8"
"2023-06-08","0","3690050","3690050","7700","481","7700","481"
"2023-06-07","0","313700","313700","7700","41","7700","41"
"2023-06-06","-0.39","1819100","1819100","7700","238","7700","238"
"2023-06-05","0","710065","710065","7730","92","7730","92"
"2023-06-02","0","450030","450030","7730","61","7730","61"
"2023-06-01","0","662580","662580","7730","86","7730","86"
"2023-05-31","0.45","1347590","1347590","7730","175","7730","175"
"2023-05-30","-0.26","2046605","2046605","7695","272","7695","272"
"2023-05-26","-0.06","92630","92630","7715","12","7715","12"
"2023-05-25","-0.13","315070","315070","7720","43","7720","43"
"2023-05-24","0","1544230","1544230","7730","200","7730","200"
"2023-05-23","-0.26","1149715","1149715","7730","158","7730","158"
"2023-05-22","0","1617255","1617255","7750","207","7750","207"
"2023-05-19","0","658500","658500","7750","85","7750","85"
"2023-05-17","-0.64","419300","419300","7750","55","7750","55"
"2023-05-16","-0.57","1460265","1460265","7800","187","7800","187"
"2023-05-15","-0.51","2349570","2349570","7845","298","7845","298"
"2023-05-12","0","741190","741190","7885","94","7885","94"
"2023-05-11","-0.13","157175","157175","7885","20","7885","20"
"2023-05-10","-0.06","3571380","3571380","7895","486","7895","486"
"2023-05-09","0.06","355450","355450","7900","45","7900","45"
"2023-05-08","-0.06","2582105","2582105","7895","335","7895","335"
"2023-05-05","-0.44","2742730","2742730","7900","346","7900","346"
"2023-05-04","7.45","4980435","4980435","7935","664","7935","664"
"2023-05-03","-7.46","5959610","5959610","7385","799","7385","799"
"2023-05-02","6.76","4411265","4411265","7980","588","7980","588"
"2023-04-28","-0.33","464285","464285","7475","62","7475","62"
"2023-04-27","0","3680590","3680590","7500","503","7500","503"
"2023-04-26","7.3","50086655","50086655","7500","7209","7500","7209"
"2023-04-25","3.56","118578820","118578820","6990","17613","6990","17613"
"2023-04-24","-0.74","925000","925000","6750","138","6750","138"
"2023-04-19","-1.45","238000","238000","6800","35","6800","35"
"2023-04-17","0","947600","947600","6900","141","6900","141"
"2023-04-14","0","74900","74900","6900","11","6900","11"
"2023-04-13","0","2122830","2122830","6900","309","6900","309"
"2023-04-12","0.58","202050","202050","6900","31","6900","31"
"2023-04-06","0.88","2578725","2578725","6860","380","6860","380"
"2023-04-05","-2.16","496600","496600","6800","72","6800","72"
"2023-04-03","0.72","314500","314500","6950","46","6950","46"
"2023-03-31","0","2702365","2702365","6900","397","6900","397"
"2023-03-30","-1.15","6623010","6623010","6900","954","6900","954"
"2023-03-29","0","544440","544440","6980","78","6980","78"
"2023-03-28","0","3447340","3447340","6980","501","6980","501"
"2023-03-27","-0.14","62310","62310","6980","9","6980","9"
"2023-03-24","2.79","21057310","21057310","6990","3081","6990","3081"
"2023-03-23","0","16337395","16337395","6800","2422","6800","2422"
"2023-03-22","-1.45","276800","276800","6800","41","6800","41"
"2023-03-21","0","14252250","14252250","6900","2108","6900","2108"
"2023-03-20","0","5498400","5498400","6900","811","6900","811"
"2023-03-17","0","27600","27600","6900","4","6900","4"
"2023-03-16","-1.29","922950","922950","6900","136","6900","136"
"2023-03-15","0","2516400","2516400","6990","360","6990","360"
"2023-03-14","0.07","852720","852720","6990","122","6990","122"
"2023-03-13","-0.07","1536455","1536455","6985","220","6985","220"
"2023-03-10","0","1481880","1481880","6990","212","6990","212"
"2023-03-09","0","10045780","10045780","6990","1439","6990","1439"
"2023-03-08","-0.07","9709260","9709260","6990","1389","6990","1389"
"2023-03-07","-0.07","7386875","7386875","6995","1085","6995","1085"
"2023-03-06","0","5431990","5431990","7000","776","7000","776"
"2023-03-03","-1.41","237080","237080","7000","34","7000","34"
"2023-03-02","-0.56","20407100","20407100","7100","3001","7100","3001"
"2023-03-01","2","4648805","4648805","7140","667","7140","667"
"2023-02-28","-1.41","3609055","3609055","7000","536","7000","536"
"2023-02-27","0","1020400","1020400","7100","144","7100","144"
"2023-02-24","-0.7","134900","134900","7100","19","7100","19"
"2023-02-23","-0.56","5386650","5386650","7150","771","7150","771"
"2023-02-22","0.56","19640860","19640860","7190","2734","7190","2734"
"2023-02-21","-0.69","3910725","3910725","7150","566","7150","566"
"2023-02-20","0","261445","261445","7200","37","7200","37"
"2023-02-17","0","4188970","4188970","7200","590","7200","590"
"2023-02-16","0","8003300","8003300","7200","1112","7200","1112"
"2023-02-15","0","1367700","1367700","7200","190","7200","190"
"2023-02-14","-1.84","5617350","5617350","7200","780","7200","780"
"2023-02-13","-1.94","36675","36675","7335","5","7335","5"
"2023-02-10","-0.2","1817480","1817480","7480","251","7480","251"
"2023-02-09","3.52","28169825","28169825","7495","4056","7495","4056"
"2023-02-08","5","99807440","99807440","7240","13958","7240","13958"
"2023-02-07","-0.07","3504650","3504650","6895","508","6895","508"
"2023-02-06","0.07","143232385","143232385","6900","20773","6900","20773"
"2023-02-03","0","750470","750470","6895","110","6895","110"
"2023-02-02","0","1140070","1140070","6895","166","6895","166"
"2023-02-01","0","1072445","1072445","6895","157","6895","157"
"2023-01-31","-0.07","455295","455295","6895","66","6895","66"
"2023-01-30","-2.75","1944540","1944540","6900","282","6900","282"
"2023-01-27","-0.07","197975","197975","7095","28","7095","28"
"2023-01-26","0","331100","331100","7100","47","7100","47"
"2023-01-25","0","281060","281060","7100","40","7100","40"
"2023-01-24","0","7169930","7169930","7100","1029","7100","1029"
"2023-01-23","0","12498100","12498100","7100","1787","7100","1787"
"2023-01-20","0","2387000","2387000","7100","337","7100","337"
"2023-01-19","-5.4","1299045","1299045","7100","183","7100","183"
"2023-01-18","0","600400","600400","7505","80","7505","80"
"2023-01-17","5.7","18997525","18997525","7505","2681","7505","2681"
"2023-01-16","0.71","471200","471200","7100","67","7100","67"
"2023-01-13","-0.7","1678900","1678900","7050","250","7050","250"
"2023-01-12","-1.53","163300","163300","7100","23","7100","23"
"2023-01-11","-7.45","51960","51960","7210","7","7210","7"
"2023-01-09","5.91","1788790","1788790","7790","230","7790","230"
"2023-01-06","-7.48","427845","427845","7355","55","7355","55"
"2023-01-05","-0.5","270450","270450","7950","34","7950","34"
"2023-01-04","-3.09","199750","199750","7990","25","7990","25"
"2022-12-30","-0.06","110233810","110233810","8245","13764","8245","13764"
"2022-12-29","-1.79","14570785","14570785","8250","1757","8250","1757"
"2022-12-28","0.48","54226490","54226490","8400","6460","8400","6460"
"2022-12-27","0.72","22427320","22427320","8360","2744","8360","2744"
"2022-12-23","-1.07","127354700","127354700","8300","15269","8300","15269"
"2022-12-22","0","160276870","160276870","8390","20033","8390","20033"
"2022-12-21","-0.12","879000","879000","8390","105","8390","105"
"2022-12-20","-1.06","688710","688710","8400","82","8400","82"
"2022-12-19","-0.06","7652450","7652450","8490","910","8490","910"
"2022-12-16","-0.64","12926945","12926945","8495","1524","8495","1524"
"2022-12-15","0.12","26066200","26066200","8550","3126","8550","3126"
"2022-12-14","7.29","489793365","489793365","8540","65902","8540","65902"
"2022-12-13","-0.5","753435","753435","7960","98","7960","98"
"2022-12-12","0","4330515","4330515","8000","546","8000","546"
"2022-12-09","1.27","13985330","13985330","8000","1853","8000","1853"
"2022-12-08","5.33","1413140","1413140","7900","179","7900","179"
"2022-12-07","2.74","13672815","13672815","7500","1977","7500","1977"
"2022-12-06","0","33925500","33925500","7300","4840","7300","4840"
"2022-12-05","-1.22","9015730","9015730","7300","1250","7300","1250"
"2022-12-02","2.64","1217870","1217870","7390","168","7390","168"
"2022-12-01","1.48","2331505","2331505","7200","331","7200","331"
"2022-11-30","4.8","12124095","12124095","7095","1812","7095","1812"
"2022-11-29","7.46","23875060","23875060","6770","3774","6770","3774"
"2022-11-28","0.08","7954575","7954575","6300","1296","6300","1296"
"2022-11-25","-0.08","130720","130720","6295","21","6295","21"
"2022-11-24","0","1075775","1075775","6300","180","6300","180"
"2022-11-22","0","967100","967100","6300","156","6300","156"
"2022-11-21","0","94500","94500","6300","15","6300","15"
"2022-11-18","0","1004350","1004350","6300","164","6300","164"
"2022-11-17","5.88","12838700","12838700","6300","2140","6300","2140"
"2022-11-16","-1.16","14021480","14021480","5950","2333","5950","2333"
"2022-11-14","-5.2","198250","198250","6020","32","6020","32"
"2022-11-11","0","12700","12700","6350","2","6350","2"
"2022-11-10","2.42","3185300","3185300","6350","521","6350","521"
"2022-11-09","0","3061350","3061350","6200","500","6200","500"
"2022-11-08","-2.97","7577925","7577925","6200","1222","6200","1222"
"2022-11-07","-0.16","102240","102240","6390","16","6390","16"
"2022-11-04","0.16","16194540","16194540","6400","2551","6400","2551"
"2022-11-03","-0.08","1057800","1057800","6390","170","6390","170"
"2022-11-02","-0.08","1562955","1562955","6395","248","6395","248"
"2022-10-31","0","96000","96000","6400","15","6400","15"
"2022-10-28","0.08","1798080","1798080","6400","287","6400","287"
"2022-10-27","0","1880520","1880520","6395","294","6395","294"
"2022-10-26","-0.08","512980","512980","6395","81","6395","81"
"2022-10-25","-1.23","399475","399475","6400","64","6400","64"
"2022-10-24","0","763850","763850","6480","119","6480","119"
"2022-10-21","-0.31","3037800","3037800","6480","492","6480","492"
"2022-10-20","-2.99","4625295","4625295","6500","734","6500","734"
"2022-10-19","0","1380100","1380100","6700","208","6700","208"
"2022-10-18","0","36898350","36898350","6700","5554","6700","5554"
"2022-10-17","-2.76","2743650","2743650","6700","404","6700","404"
"2022-10-14","-0.07","682230","682230","6890","99","6890","99"
"2022-10-13","-0.29","862000","862000","6895","126","6895","126"
"2022-10-12","0.22","1345620","1345620","6915","195","6915","195"
"2022-10-11","-0.29","13800","13800","6900","2","6900","2"
"2022-10-10","0","705000","705000","6920","102","6920","102"
"2022-10-07","-0.07","41520","41520","6920","6","6920","6"
"2022-10-06","-0.07","3995685","3995685","6925","577","6925","577"
"2022-10-05","-0.07","2690230","2690230","6930","388","6930","388"
"2022-10-04","-2.26","3867875","3867875","6935","577","6935","577"
"2022-10-03","-0.07","3372045","3372045","7095","475","7095","475"
"2022-09-30","5.5","21720220","21720220","7100","3186","7100","3186"
"2022-09-29","0","13664780","13664780","6730","2031","6730","2031"
"2022-09-28","-0.74","553960","553960","6730","82","6730","82"
"2022-09-27","-0.15","4345980","4345980","6780","641","6780","641"
"2022-09-26","0.15","3334230","3334230","6790","502","6790","502"
"2022-09-23","-0.07","4578000","4578000","6780","700","6780","700"
"2022-09-22","-0.07","142040","142040","6785","21","6785","21"
"2022-09-21","4.54","375870340","375870340","6790","60576","6790","60576"
"2022-09-20","-4.34","3175435","3175435","6495","488","6495","488"
"2022-09-19","-0.15","1479905","1479905","6790","222","6790","222"
"2022-09-16","-0.73","7697720","7697720","6800","1132","6800","1132"
"2022-09-15","-0.29","18568430","18568430","6850","2736","6850","2736"
"2022-09-14","-0.29","154137940","154137940","6870","22665","6870","22665"
"2022-09-13","1.32","17809230","17809230","6890","2621","6890","2621"
"2022-09-12","4.06","4651185","4651185","6800","708","6800","708"
"2022-09-09","-0.08","428820","428820","6535","66","6535","66"
"2022-09-08","-0.91","1928700","1928700","6540","300","6540","300"
"2022-09-07","7.23","170190090","170190090","6600","27448","6600","27448"
"2022-09-06","-7.44","8679705","8679705","6155","1359","6155","1359"
"2022-09-05","-0.75","10427420","10427420","6650","1635","6650","1635"
"2022-09-02","-2.83","1500185","1500185","6700","218","6700","218"
"2022-09-01","-3.57","58980765","58980765","6895","8443","6895","8443"
"2022-08-31","3.32","25356250","25356250","7150","3649","7150","3649"
"2022-08-30","-0.22","1298140","1298140","6920","197","6920","197"
"2022-08-29","-0.22","667300","667300","6935","99","6935","99"
"2022-08-26","-0.71","72553110","72553110","6950","11169","6950","11169"
"2022-08-25","2.41","11507915","11507915","7000","1673","7000","1673"
"2022-08-24","-0.07","293695","293695","6835","43","6835","43"
"2022-08-23","-0.8","2523680","2523680","6840","372","6840","372"
"2022-08-22","2.53","11061235","11061235","6895","1647","6895","1647"
"2022-08-19","5.08","22133890","22133890","6725","3428","6725","3428"
"2022-08-18","0","330234400","330234400","6400","51588","6400","51588"
"2022-08-17","-1.16","1233380","1233380","6400","192","6400","192"
"2022-08-16","-0.31","5151000","5151000","6475","799","6475","799"
"2022-08-12","-0.08","2669075","2669075","6495","416","6495","416"
"2022-08-11","1.56","17247975","17247975","6500","2685","6500","2685"
"2022-08-10","-1.54","25488475","25488475","6400","3977","6400","3977"
"2022-08-09","-1.37","3173965","3173965","6500","484","6500","484"
"2022-08-05","0.76","3996615","3996615","6590","607","6590","607"
"2022-08-04","-3.11","446120","446120","6540","68","6540","68"
"2022-08-03","-0.66","20278965","20278965","6750","3035","6750","3035"
"2022-08-02","-1.38","456320","456320","6795","67","6795","67"
"2022-08-01","-0.72","3783905","3783905","6890","575","6890","575"
"2022-07-29","-8.5","31601575","31601575","6940","4703","6940","4703"
"2022-07-28","-0.2","8172005","8172005","7585","1077","7585","1077"
"2022-07-27","5.78","10055900","10055900","7600","1363","7600","1363"
"2022-07-26","0","66179590","66179590","7185","9208","7185","9208"
"2022-07-25","0","75085890","75085890","7185","10462","7185","10462"
"2022-07-22","0","65892475","65892475","7185","9200","7185","9200"
"2022-07-21","0","17135705","17135705","7185","2389","7185","2389"
"2022-07-20","0.14","26763245","26763245","7185","3742","7185","3742"
"2022-07-19","-0.35","997325","997325","7175","139","7175","139"
"2022-07-18","2.86","4358600","4358600","7200","622","7200","622"
"2022-07-15","-2.78","1365000","1365000","7000","195","7000","195"
"2022-07-14","2.86","12777270","12777270","7200","1831","7200","1831"
"2022-07-13","-1.41","10162310","10162310","7000","1461","7000","1461"
"2022-07-12","1.43","735500","735500","7100","105","7100","105"
"2022-07-11","0","9316250","9316250","7000","1327","7000","1327"
"2022-07-08","-1.41","938000","938000","7000","134","7000","134"
"2022-07-07","0","2954905","2954905","7100","417","7100","417"
"2022-07-06","-1.11","2640735","2640735","7100","376","7100","376"
"2022-07-05","0.42","2064490","2064490","7180","290","7180","290"
"2022-07-04","-0.42","3641740","3641740","7150","507","7150","507"
"2022-07-01","0","7750590","7750590","7180","1078","7180","1078"
"2022-06-30","2.57","50260","50260","7180","7","7180","7"
"2022-06-29","-2.64","7823100","7823100","7000","1101","7000","1101"
"2022-06-28","2.71","1834570","1834570","7190","262","7190","262"
"2022-06-27","-2.78","34209060","34209060","7000","4883","7000","4883"
"2022-06-24","0","365200","365200","7200","51","7200","51"
"2022-06-23","0","1772250","1772250","7200","246","7200","246"
"2022-06-22","1.41","27155345","27155345","7200","3842","7200","3842"
"2022-06-21","1.43","14200","14200","7100","2","7100","2"
"2022-06-20","0","16202560","16202560","7000","2316","7000","2316"
"2022-06-17","0","5138000","5138000","7000","734","7000","734"
"2022-06-16","0","12145000","12145000","7000","1735","7000","1735"
"2022-06-15","0","4312000","4312000","7000","616","7000","616"
"2022-06-14","0","16533410","16533410","7000","2362","7000","2362"
"2022-06-13","0.07","1098140","1098140","7000","157","7000","157"
"2022-06-10","-0.07","6372600","6372600","6995","911","6995","911"
"2022-06-09","-2.85","4211095","4211095","7000","601","7000","601"
"2022-06-08","-1.97","1417250","1417250","7205","201","7205","201"
"2022-06-07","5","21892565","21892565","7350","3165","7350","3165"
"2022-06-03","0","31142005","31142005","7000","4441","7000","4441"
"2022-06-02","0","32220625","32220625","7000","4569","7000","4569"
"2022-06-01","-7.1","11364150","11364150","7000","1615","7000","1615"
"2022-05-31","4.65","91967195","91967195","7535","12546","7535","12546"
"2022-05-30","3.9","10902730","10902730","7200","1575","7200","1575"
"2022-05-27","-1","7284475","7284475","6930","1048","6930","1048"
"2022-05-25","-2.64","23138100","23138100","7000","3304","7000","3304"
"2022-05-24","-0.14","100450","100450","7190","14","7190","14"
"2022-05-23","2.86","305311310","305311310","7200","42827","7200","42827"
"2022-05-20","0.07","1693930","1693930","7000","242","7000","242"
"2022-05-19","-0.07","3026300","3026300","6995","449","6995","449"
"2022-05-18","-0.99","2877250","2877250","7000","421","7000","421"
"2022-05-17","-0.28","5947660","5947660","7070","870","7070","870"
"2022-05-16","-1.53","5558790","5558790","7090","829","7090","829"
"2022-05-13","0","3164205","3164205","7200","441","7200","441"
"2022-05-12","1.41","1218300","1218300","7200","172","7200","172"
"2022-05-11","0","3926900","3926900","7100","552","7100","552"
"2022-05-10","-1.39","1156700","1156700","7100","162","7100","162"
"2022-05-09","-1.37","2850950","2850950","7200","393","7200","393"
"2022-05-06","-0.68","2780810","2780810","7300","381","7300","381"
"2022-05-05","-0.68","17857585","17857585","7350","2443","7350","2443"
"2022-05-04","-3.65","3649040","3649040","7400","494","7400","494"
"2022-05-03","-0.97","3752975","3752975","7680","505","7680","505"
"2022-04-29","7.48","28272350","28272350","7755","3842","7755","3842"
"2022-04-27","-7.38","11219980","11219980","7215","1531","7215","1531"
"2022-04-26","-0.95","52465120","52465120","7790","7194","7790","7194"
"2022-04-25","-7.47","31074485","31074485","7865","3949","7865","3949"
"2022-04-22","2.78","40142845","40142845","8500","4811","8500","4811"
"2022-04-21","7.47","48915185","48915185","8270","5933","8270","5933"
"2022-04-20","7.47","182209905","182209905","7695","23679","7695","23679"
"2022-04-19","7.43","565640","565640","7160","79","7160","79"
"2022-04-15","7.5","4632175","4632175","6665","695","6665","695"
"2022-04-14","0","980000","980000","6200","160","6200","160"
"2022-04-13","1.64","667850","667850","6200","110","6200","110"
"2022-04-12","-4.69","714700","714700","6100","112","6100","112"
"2022-04-11","0","240200","240200","6400","38","6400","38"
"2022-04-08","4.58","2439315","2439315","6400","421","6400","421"
"2022-04-07","-5.7","431035","431035","6120","71","6120","71"
"2022-04-06","-0.15","32465","32465","6490","5","6490","5"
"2022-04-05","-3.63","749825","749825","6500","115","6500","115"
"2022-04-04","-0.66","195225","195225","6745","30","6745","30"
"2022-04-01","0.59","2404130","2404130","6790","363","6790","363"
"2022-03-31","5.47","21905300","21905300","6750","3405","6750","3405"
"2022-03-30","2.32","1567915","1567915","6400","248","6400","248"
"2022-03-29","7.47","3538055","3538055","6255","608","6255","608"
"2022-03-28","0","985130","985130","5820","171","5820","171"
"2022-03-25","2.11","8799050","8799050","5820","1535","5820","1535"
"2022-03-24","0","514815","514815","5700","91","5700","91"
"2022-03-23","-1.72","2519400","2519400","5700","442","5700","442"
"2022-03-22","1.75","2912290","2912290","5800","510","5800","510"
"2022-03-21","0.88","5229380","5229380","5700","932","5700","932"
"2022-03-18","-1.74","977795","977795","5650","174","5650","174"
"2022-03-17","2.4","146430","146430","5750","26","5750","26"
"2022-03-16","-3.11","1203260","1203260","5615","211","5615","211"
"2022-03-15","0","1311925","1311925","5795","230","5795","230"
"2022-03-14","0","760230","760230","5795","132","5795","132"
"2022-03-11","-0.09","119895","119895","5795","21","5795","21"
"2022-03-10","1.75","7357400","7357400","5800","1299","5800","1299"
"2022-03-09","0","5666950","5666950","5700","992","5700","992"
"2022-03-08","0","62700","62700","5700","11","5700","11"
"2022-03-07","-1.72","4913345","4913345","5700","858","5700","858"
"2022-03-04","0","1090400","1090400","5800","188","5800","188"
"2022-03-03","0","294800","294800","5800","51","5800","51"
"2022-03-02","-2.52","2647500","2647500","5800","465","5800","465"
"2022-03-01","5.31","6642460","6642460","5950","1192","5950","1192"
"2022-02-28","0.36","2804670","2804670","5650","499","5650","499"
"2022-02-25","-0.27","67560","67560","5630","12","5630","12"
"2022-02-24","0","995055","995055","5645","178","5645","178"
"2022-02-23","0","1168515","1168515","5645","207","5645","207"
"2022-02-22","-0.09","1299095","1299095","5645","232","5645","232"
"2022-02-21","2.73","10754700","10754700","5650","2029","5650","2029"
"2022-02-18","3.77","20199785","20199785","5500","3860","5500","3860"
"2022-02-17","0.47","1224450","1224450","5300","230","5300","230"
"2022-02-16","-0.19","7874525","7874525","5275","1483","5275","1483"
"2022-02-15","0.19","5196760","5196760","5285","985","5285","985"
"2022-02-14","0","8161165","8161165","5275","1545","5275","1545"
"2022-02-11","0","4995545","4995545","5275","945","5275","945"
"2022-02-10","0","775425","775425","5275","147","5275","147"
"2022-02-09","-0.19","9882600","9882600","5275","1923","5275","1923"
"2022-02-08","-0.28","4494895","4494895","5285","849","5285","849"
"2022-02-07","0","1526550","1526550","5300","288","5300","288"
"2022-02-04","-3.64","4266100","4266100","5300","801","5300","801"
"2022-02-03","-3.51","9799500","9799500","5500","1779","5500","1779"
"2022-02-02","-0.09","2664425","2664425","5700","484","5700","484"
"2022-02-01","-0.7","1999935","1999935","5705","353","5705","353"
"2022-01-31","5.61","10914335","10914335","5745","1971","5745","1971"
"2022-01-28","2.64","9710080","9710080","5440","1859","5440","1859"
"2022-01-27","3.11","3853925","3853925","5300","744","5300","744"
"2022-01-26","0","3279320","3279320","5140","638","5140","638"
"2022-01-25","0","1490260","1490260","5140","290","5140","290"
"2022-01-24","0.19","823075","823075","5140","160","5140","160"
"2022-01-21","-0.29","8998240","8998240","5130","1835","5130","1835"
"2022-01-20","3.52","12627555","12627555","5145","2536","5145","2536"
"2022-01-19","2.05","494950","494950","4970","101","4970","101"
"2022-01-18","-0.41","455065","455065","4870","93","4870","93"
"2022-01-17","1.88","21281040","21281040","4890","4524","4890","4524"
"2022-01-14","0","2644800","2644800","4800","551","4800","551"
"2022-01-13","-1.03","9591800","9591800","4800","1991","4800","1991"
"2022-01-12","1.04","40532210","40532210","4850","8446","4850","8446"
"2022-01-11","-2.04","26024750","26024750","4800","5505","4800","5505"
"2022-01-10","5.04","23717855","23717855","4900","5072","4900","5072"
"2022-01-07","0","6626350","6626350","4665","1425","4665","1425"
"2022-01-06","1.08","298050","298050","4665","64","4665","64"
"2022-01-05","-1.18","209460","209460","4615","45","4615","45"
"2022-01-04","0","1461710","1461710","4670","313","4670","313"
"2022-01-03","1.41","438450","438450","4670","95","4670","95"
"2021-12-31","-1.29","302325","302325","4605","65","4605","65"
"2021-12-30","0","932010","932010","4665","200","4665","200"
"2021-12-29","-0.11","2038280","2038280","4665","438","4665","438"
"2021-12-28","0.43","5085840","5085840","4670","1096","4670","1096"
"2021-12-27","0","1798350","1798350","4650","387","4650","387"
"2021-12-24","0","315200","315200","4650","68","4650","68"
"2021-12-23","0","27900000","27900000","4650","6000","4650","6000"
"2021-12-22","0","3215600","3215600","4650","694","4650","694"
"2021-12-21","0.32","729950","729950","4650","157","4650","157"
"2021-12-20","-0.64","23146055","23146055","4635","4968","4635","4968"
"2021-12-17","-0.11","2474950","2474950","4665","530","4665","530"
"2021-12-16","0","702840","702840","4670","151","4670","151"
"2021-12-15","0","1405200","1405200","4670","302","4670","302"
"2021-12-14","0","21361940","21361940","4670","4690","4670","4690"
"2021-12-13","0","144770","144770","4670","31","4670","31"
"2021-12-10","0","47966155","47966155","4670","10520","4670","10520"
"2021-12-09","0.11","6381260","6381260","4670","1370","4670","1370"
"2021-12-08","-0.11","2625920","2625920","4665","564","4665","564"
"2021-12-07","0","48865140","48865140","4670","10495","4670","10495"
"2021-12-06","0.11","15802425","15802425","4670","3370","4670","3370"
"2021-12-03","-0.74","34601315","34601315","4665","7404","4665","7404"
"2021-12-02","0.43","18672905","18672905","4700","3982","4700","3982"
"2021-12-01","-0.43","24322330","24322330","4680","5199","4680","5199"
"2021-11-30","0.53","20693100","20693100","4700","4410","4700","4410"
"2021-11-29","-7.43","67983575","67983575","4675","14515","4675","14515"
"2021-11-26","7.45","21660730","21660730","5050","4562","5050","4562"
"2021-11-25","0.64","31482085","31482085","4700","6733","4700","6733"
"2021-11-24","0","558400","558400","4670","120","4670","120"
"2021-11-23","0.11","357690","357690","4670","77","4670","77"
"2021-11-22","-0.11","447840","447840","4665","96","4665","96"
"2021-11-19","0","5155680","5155680","4670","1104","4670","1104"
"2021-11-18","0","1153490","1153490","4670","247","4670","247"
"2021-11-17","3.2","902005","902005","4670","197","4670","197"
"2021-11-16","7.48","4361300","4361300","4525","1031","4525","1031"
"2021-11-12","-6.24","4996230","4996230","4210","1155","4210","1155"
"2021-11-11","-2.39","10454595","10454595","4490","2327","4490","2327"
"2021-11-10","0","2347300","2347300","4600","517","4600","517"
"2021-11-09","-1.5","11715440","11715440","4600","2543","4600","2543"
"2021-11-08","-2.71","1616850","1616850","4670","346","4670","346"
"2021-11-05","-1.84","5953200","5953200","4800","1240","4800","1240"
"2021-11-04","0","759890","759890","4890","155","4890","155"
"2021-11-03","-5.96","7343870","7343870","4890","1501","4890","1501"
"2021-10-29","-3.7","9725800","9725800","5200","1857","5200","1857"
"2021-10-28","1.31","3227050","3227050","5400","602","5400","602"
"2021-10-27","-4.65","7179000","7179000","5330","1317","5330","1317"
"2021-10-26","5.47","14178835","14178835","5590","2535","5590","2535"
"2021-10-25","6.96","1446725","1446725","5300","281","5300","281"
"2021-10-22","7.48","2401635","2401635","4955","494","4955","494"
"2021-10-21","7.46","718455","718455","4610","167","4610","167"
"2021-10-20","2.39","1163070","1163070","4290","276","4290","276"
"2021-10-19","4.75","1173505","1173505","4190","292","4190","292"
"2021-10-15","1.52","1110765","1110765","4000","281","4000","281"
"2021-10-14","0.77","670710","670710","3940","171","3940","171"
"2021-10-13","0.13","243060","243060","3910","62","3910","62"
"2021-10-12","0.13","4721050","4721050","3905","1210","3905","1210"
"2021-10-11","-0.26","181189410","181189410","3900","46455","3900","46455"
"2021-10-08","0.39","2369715","2369715","3910","606","3910","606"
"2021-10-07","-1.39","152355","152355","3895","39","3895","39"
"2021-10-06","1.41","391300","391300","3950","100","3950","100"
"2021-10-05","-0.13","447960","447960","3895","115","3895","115"
"2021-10-04","0","33011400","33011400","3900","8894","3900","8894"
"2021-10-01","5.41","66212980","66212980","3900","17883","3900","17883"
"2021-09-30","-2.63","426870700","426870700","3700","115350","3700","115350"
"2021-09-29","-2.31","221992410","221992410","3800","58400","3800","58400"
"2021-09-28","1.3","3035860","3035860","3890","785","3890","785"
"2021-09-27","-1.29","177996910","177996910","3840","46706","3840","46706"
"2021-09-24","-0.26","2076405","2076405","3890","531","3890","531"
"2021-09-23","-0.13","248253490","248253490","3900","64668","3900","64668"
"2021-09-22","-0.13","2381460","2381460","3905","610","3905","610"
"2021-09-21","0","25307350","25307350","3910","6489","3910","6489"
"2021-09-20","0.26","1586710","1586710","3910","406","3910","406"
"2021-09-17","-0.51","2185380","2185380","3900","560","3900","560"
"2021-09-16","0.38","879400","879400","3920","225","3920","225"
"2021-09-15","0.13","23430","23430","3905","6","3905","6"
"2021-09-14","0","1854605","1854605","3900","473","3900","473"
"2021-09-13","0","214820","214820","3900","55","3900","55"
"2021-09-10","-1.27","216000","216000","3900","55","3900","55"
"2021-09-08","0","1382500","1382500","3950","350","3950","350"
"2021-09-07","1.67","6231660","6231660","3950","1613","3950","1613"
"2021-09-06","0","4057135","4057135","3885","1040","3885","1040"
"2021-09-03","0","205905","205905","3885","53","3885","53"
"2021-09-02","-0.38","5840200","5840200","3885","1515","3885","1515"
"2021-09-01","0","4981995","4981995","3900","1277","3900","1277"
"2021-08-31","0.26","1345500","1345500","3900","345","3900","345"
"2021-08-30","-0.26","1823140","1823140","3890","470","3890","470"
"2021-08-27","1.96","1743500","1743500","3900","447","3900","447"
"2021-08-26","-0.65","3787575","3787575","3825","988","3825","988"
"2021-08-25","0","3302190","3302190","3850","856","3850","856"
"2021-08-24","0.79","1297200","1297200","3850","333","3850","333"
"2021-08-23","0","841260","841260","3820","217","3820","217"
"2021-08-20","-2.05","7640","7640","3820","2","3820","2"
"2021-08-19","0","319200","319200","3900","83","3900","83"
"2021-08-18","0","117000","117000","3900","30","3900","30"
"2021-08-17","5.41","273000","273000","3900","70","3900","70"
"2021-08-16","0","338000","338000","3700","90","3700","90"
"2021-08-13","1.37","4356250","4356250","3700","1141","3700","1141"
"2021-08-12","0.27","1441750","1441750","3650","395","3650","395"
"2021-08-11","-0.95","7844190","7844190","3640","2299","3640","2299"
"2021-08-10","0","237875","237875","3675","65","3675","65"
"2021-08-09","-0.41","573885","573885","3675","155","3675","155"
"2021-08-06","0.41","385950","385950","3690","105","3690","105"
"2021-08-05","0","1735095","1735095","3675","472","3675","472"
"2021-08-04","0","1253655","1253655","3675","341","3675","341"
"2021-08-03","-0.41","4629065","4629065","3675","1238","3675","1238"
"2021-08-02","-0.14","974510","974510","3690","264","3690","264"
"2021-07-30","0.14","1093720","1093720","3695","296","3695","296"
"2021-07-29","0","169740","169740","3690","46","3690","46"
"2021-07-28","-2.77","280440","280440","3690","76","3690","76"
"2021-07-27","0.8","12843330","12843330","3795","3388","3795","3388"
"2021-07-26","-5.88","10368420","10368420","3765","2490","3765","2490"
"2021-07-23","-4.76","1441400","1441400","4000","362","4000","362"
"2021-07-22","-1.52","7022810","7022810","4200","1742","4200","1742"
"2021-07-21","7.43","3520580","3520580","4265","868","4265","868"
"2021-07-19","7.44","2188570","2188570","3970","576","3970","576"
"2021-07-16","0","696600","696600","3695","190","3695","190"
"2021-07-15","2.64","151495","151495","3695","41","3695","41"
"2021-07-14","0","780650","780650","3600","217","3600","217"
"2021-07-13","1.69","555600","555600","3600","156","3600","156"
"2021-07-12","-0.14","1616505","1616505","3540","457","3540","457"
"2021-07-09","5.98","696000","696000","3545","203","3545","203"
"2021-07-08","-1.62","13797470","13797470","3345","4298","3345","4298"
"2021-07-07","0","1622400","1622400","3400","506","3400","506"
"2021-07-06","-2.86","12273500","12273500","3400","3610","3400","3610"
"2021-07-05","0","3038635","3038635","3500","921","3500","921"
"2021-07-02","-2.78","253500","253500","3500","73","3500","73"
"2021-07-01","0","5760000","5760000","3600","1600","3600","1600"
"2021-06-30","0","55597525","55597525","3600","15465","3600","15465"
"2021-06-29","0.42","781575","781575","3600","218","3600","218"
"2021-06-28","0","293840","293840","3585","82","3585","82"
"2021-06-25","0.14","147665","147665","3585","42","3585","42"
"2021-06-24","5.45","173580","173580","3580","51","3580","51"
"2021-06-23","0","339525","339525","3395","100","3395","100"
"2021-06-22","0","526225","526225","3395","155","3395","155"
"2021-06-21","0.15","1225760","1225760","3395","366","3395","366"
"2021-06-18","-0.15","349170","349170","3390","103","3390","103"
"2021-06-17","0.15","1595700","1595700","3395","469","3395","469"
"2021-06-16","4.15","574700","574700","3390","170","3390","170"
"2021-06-15","-3.98","1747915","1747915","3255","533","3255","533"
"2021-06-14","-0.29","397310","397310","3390","117","3390","117"
"2021-06-11","4.62","6319290","6319290","3400","1868","3400","1868"
"2021-06-10","0","8078600","8078600","3250","2588","3250","2588"
"2021-06-09","7.44","637820","637820","3250","203","3250","203"
"2021-06-08","0.83","311305","311305","3025","103","3025","103"
"2021-06-07","-3.23","11749760","11749760","3000","3908","3000","3908"
"2021-06-04","0","2917875","2917875","3100","963","3100","963"
"2021-06-03","-6.06","6142455","6142455","3100","1911","3100","1911"
"2021-06-02","1.54","6849815","6849815","3300","2091","3300","2091"
"2021-06-01","-4.41","4756030","4756030","3250","1437","3250","1437"
"2021-05-31","0.15","8636800","8636800","3400","2543","3400","2543"
"2021-05-28","7.1","10938880","10938880","3395","3494","3395","3494"
"2021-05-27","7.46","17112780","17112780","3170","5431","3170","5431"
"2021-05-26","7.47","6074050","6074050","2950","2059","2950","2059"
"2021-05-25","7.44","752130","752130","2745","274","2745","274"
"2021-05-21","7.35","1251950","1251950","2555","490","2555","490"
"2021-05-20","7.45","1404200","1404200","2380","590","2380","590"
"2021-05-19","7.26","19271510","19271510","2215","8714","2215","8714"
"2021-05-18","7.27","278775","278775","2065","135","2065","135"
"2021-05-17","7.24","336875","336875","1925","175","1925","175"
"2021-05-14","7.49","26925","26925","1795","15","1795","15"
"2021-05-11","7.4","41750","41750","1670","25","1670","25"
"2021-05-10","7.24","478940","478940","1555","308","1555","308"
"2021-05-07","7.41","638000","638000","1450","440","1450","440"
"2021-05-06","7.14","430650","430650","1350","319","1350","319"
"2021-05-05","7.23","105840","105840","1260","84","1260","84"
"2021-05-04","7.31","111625","111625","1175","95","1175","95"
"2021-05-03","7.35","109500","109500","1095","100","1095","100"
"2021-04-30","7.37","507960","507960","1020","498","1020","498"
"2021-04-29","7.34","190000","190000","950","200","950","200"
"2021-04-28","7.27","26550","26550","885","30","885","30"
"2021-04-27","7.14","150150","150150","825","182","825","182"
"2021-04-26","6.94","123200","123200","770","160","770","160"
"2021-04-23","7.46","945360","945360","720","1313","720","1313"
"2021-04-22","7.2","251250","251250","670","375","670","375"
"2021-04-21","6.84","1228750","1228750","625","1966","625","1966"
"2021-04-20","-0.85","129940","129940","585","221","585","221"
"2021-04-16","0","17700","17700","590","30","590","30"
"2021-04-15","0","59590","59590","590","101","590","101"
"2021-04-14","7.27","590","590","590","1","590","1"
"2021-04-13","-5.17","110000","110000","550","200","550","200"
"2021-04-12","-2.52","5820","5820","580","10","580","10"
"2021-04-07","-3.25","603650","603650","595","1020","595","1020"
"2021-04-06","-0.81","501225","501225","615","815","615","815"
"2021-04-02","0.81","6200","6200","620","10","620","10"
"2021-04-01","-0.81","159950","159950","615","260","615","260"
"2021-03-31","-3.88","62000","62000","620","100","620","100"
"2021-03-30","0","145125","145125","645","225","645","225"
"2021-03-29","0","227685","227685","645","353","645","353"
"2021-03-26","-7.19","164475","164475","645","255","645","255"
"2021-03-22","-0.71","38475","38475","695","55","695","55"
"2021-03-19","-1.41","70000","70000","700","100","700","100"
"2021-03-18","0","19880","19880","710","2","710","2"
"2021-03-17","0","37630","37630","710","53","710","53"
"2021-03-16","-1.39","17750","17750","710","25","710","25"
"2021-03-15","0","7920","7920","720","11","720","11"
"2021-03-12","-0.69","7920","7920","720","11","720","11"
"2021-03-10","0","36250","36250","725","50","725","50"
"2021-03-09","-0.68","58880","58880","725","81","725","81"
"2021-03-08","0.69","1460","1460","730","2","730","2"
"2021-03-05","-3.33","92800","92800","725","128","725","128"
"2021-03-04","0","236250","236250","750","315","750","315"
"2021-03-03","3.45","363540","363540","750","500","750","500"
"2021-03-02","0","506620","506620","725","699","725","699"
"2021-03-01","2.84","64590","64590","725","90","725","90"
"2021-02-26","0","70500","70500","705","100","705","100"
"2021-02-25","0.71","684075","684075","705","983","705","983"
"2021-02-24","1.45","2800","2800","700","4","700","4"
"2021-02-23","6.98","89680","89680","690","142","690","142"
"2021-02-22","7.5","86490","86490","645","144","645","144"
"2021-02-19","0.84","149765","149765","600","251","600","251"
"2021-02-18","0","23800","23800","595","40","595","40"
"2021-02-17","7.21","114835","114835","595","193","595","193"
"2021-02-16","0","1417915","1417915","555","2561","555","2561"
"2021-02-15","-7.5","78600","78600","555","140","555","140"
"2021-02-12","-0.83","66000","66000","600","110","600","110"
"2021-02-11","-6.92","48920","48920","605","79","605","79"
"2021-02-10","-7.14","91000","91000","650","140","650","140"
"2021-02-09","0","66500","66500","700","95","700","95"
"2021-02-08","-5.41","194825","194825","700","277","700","277"
"2021-02-05","0","65120","65120","740","88","740","88"
"2021-02-04","-0.67","14800","14800","740","20","740","20"
"2021-02-03","0","323980","323980","745","435","745","435"
"2021-02-02","0.68","839340","839340","745","1175","745","1175"
"2021-02-01","7.25","2406400","2406400","740","3308","740","3308"
"2021-01-29","6.98","68930","68930","690","105","690","105"
"2021-01-28","1.57","3225","3225","645","5","645","5"
"2021-01-27","6.72","5524380","5524380","635","8716","635","8716"
"2021-01-26","0.85","3585510","3585510","595","5717","595","5717"
"2021-01-25","7.27","657250","657250","590","1193","590","1193"
"2021-01-22","6.8","2354000","2354000","550","4280","550","4280"
"2021-01-21","7.29","39610","39610","515","81","515","81"
"2021-01-20","6.67","3578040","3578040","480","7524","480","7524"
"2021-01-19","-2.17","321475","321475","450","721","450","721"
"2021-01-18","6.98","669680","669680","460","1556","460","1556"
"2021-01-15","-4.44","427850","427850","430","995","430","995"
"2021-01-14","4.65","915150","915150","450","2035","450","2035"
"2021-01-13","7.5","1036500","1036500","430","2550","430","2550"
"2021-01-11","6.67","293585","293585","400","743","400","743"
"2021-01-08","2.74","93750","93750","375","250","375","250"
"2021-01-07","0","18250","18250","365","50","365","50"
"2021-01-06","2.82","58400","58400","365","160","365","160"
"2021-01-05","4.41","645950","645950","355","1842","355","1842"
"2021-01-04","6.25","135960","135960","340","403","340","403"
"2020-12-31","0","16000","16000","320","50","320","50"
"2020-12-30","-3.03","85600","85600","320","260","320","260"
"2020-12-29","-5.71","537915","537915","330","1561","330","1561"
"2020-12-24","2.94","687400","687400","350","1964","350","1964"
"2020-12-23","6.25","340","340","340","1","340","1"
"2020-12-21","0","193600","193600","320","605","320","605"
"2020-12-17","0","93000","93000","320","290","320","290"
"2020-12-15","0","31040","31040","320","97","320","97"
"2020-12-11","3.23","3781470","3781470","320","12192","320","12192"
"2020-12-10","3.33","49290","49290","310","159","310","159"
"2020-12-09","-6.25","365000","365000","300","1195","300","1195"
"2020-12-08","6.67","3520","3520","320","11","320","11"
"2020-12-03","0","103200","103200","300","344","300","344"
"2020-12-02","0","13800","13800","300","46","300","46"
"2020-12-01","-6.25","159900","159900","300","533","300","533"
"2020-11-30","1.59","9770","9770","320","31","320","31"
"2020-11-26","0","78750","78750","315","250","315","250"
"2020-11-25","-7.35","15750","15750","315","50","315","50"
"2020-11-23","-1.45","2720","2720","340","8","340","8"
"2020-11-20","-1.43","13800","13800","345","40","345","40"
"2020-11-19","0","15750","15750","350","45","350","45"
"2020-11-18","2.94","67900","67900","350","194","350","194"
"2020-11-17","0","18020","18020","340","53","340","53"
"2020-11-12","0","37060","37060","340","109","340","109"
"2020-11-11","0","105740","105740","340","311","340","311"
"2020-11-10","3.03","10274440","10274440","340","30221","340","30221"
"2020-11-09","-2.94","66000","66000","330","200","330","200"
"2020-11-06","6.25","680","680","340","2","340","2"
"2020-11-05","6.67","640","640","320","2","320","2"
"2020-11-04","7.14","600","600","300","2","300","2"
"2020-11-02","5.66","1385","1385","280","5","280","5"
"2020-10-30","6","795","795","265","3","265","3"
"2020-10-27","6.38","500","500","250","2","250","2"
"2020-10-21","0","11750","11750","235","50","235","50"
"2020-10-19","0","235","235","235","1","235","1"
"2020-10-15","-4.08","235","235","235","1","235","1"
"2020-10-14","-5.77","245","245","245","1","245","1"
"2020-10-12","4","330090","330090","260","1284","260","1284"
"2020-10-09","-3.85","38500","38500","250","150","250","150"
"2020-10-06","0","260","260","260","1","260","1"
"2020-10-05","0","6500","6500","260","25","260","25"
"2020-10-02","-3.7","187960","187960","260","698","260","698"
"2020-09-30","-1.82","137100","137100","270","500","270","500"
"2020-09-24","0","66000","66000","275","240","275","240"
"2020-09-23","1.85","5500","5500","275","20","275","20"
"2020-09-10","0","13500","13500","270","50","270","50"
"2020-09-08","0","810","810","270","3","270","3"
"2020-09-07","-3.57","204930","204930","270","759","270","759"
"2020-09-01","0","58800","58800","280","210","280","210"
"2020-08-27","0","560","560","280","2","280","2"
"2020-08-26","0","84828240","84828240","280","302958","280","302958"
"2020-08-25","0","5880","5880","280","21","280","21"
"2020-08-21","0","3920","3920","280","14","280","14"
"2020-08-20","0","2800","2800","280","10","280","10"
"2020-08-19","0","10715","10715","280","38","280","38"
"2020-08-17","0","1400","1400","280","5","280","5"
"2020-08-14","0","4780","4780","280","16","280","16"
"2020-08-13","-6.67","5080","5080","280","16","280","16"
"2020-08-12","-6.25","6600","6600","300","22","300","22"
"2020-08-11","6.67","164100","164100","320","546","320","546"
"2020-08-10","0","12000","12000","300","40","300","40"
"2020-08-06","0","27000","27000","300","90","300","90"
"2020-08-05","0","15000","15000","300","50","300","50"
"2020-08-04","1.69","19500","19500","300","65","300","65"
"2020-08-03","-1.67","34580","34580","295","117","295","117"
"2020-07-30","0","6000","6000","300","20","300","20"
"2020-07-29","0","31500","31500","300","105","300","105"
"2020-07-24","0","13200","13200","300","44","300","44"
"2020-07-23","0","58800","58800","300","196","300","196"
"2020-07-22","0","1500","1500","300","5","300","5"
"2020-07-20","0","29400","29400","300","98","300","98"
"2020-07-16","0","15600","15600","300","52","300","52"
"2020-07-15","-3.23","33000","33000","300","110","300","110"
"2020-07-10","-6.06","80300","80300","310","259","310","259"
"2020-07-08","1.54","33000","33000","330","100","330","100"
"2020-07-07","1.56","325","325","325","1","325","1"
"2020-07-06","3.23","23660","23660","320","76","320","76"
"2020-07-02","-3.13","23800","23800","310","75","310","75"
"2020-07-01","0","32000","32000","320","100","320","100"
"2020-06-29","-7.25","9693930","9693930","320","29986","320","29986"
"2020-06-26","0","8556005","8556005","345","24800","345","24800"
"2020-06-25","-2.82","25415","25415","345","72","345","72"
"2020-06-23","2.9","39460","39460","355","111","355","111"
"2020-06-22","-2.82","138000","138000","345","400","345","400"
"2020-06-19","2.9","4550","4550","355","13","355","13"
"2020-06-18","-5.48","433295","433295","345","1253","345","1253"
"2020-06-17","1.39","26280","26280","365","72","365","72"
"2020-06-16","-1.37","3810","3810","360","11","360","11"
"2020-06-15","0","197165","197165","365","541","365","541"
"2020-06-12","0","1460","1460","365","4","365","4"
"2020-06-11","5.8","56940","56940","365","156","365","156"
"2020-06-10","-6.76","345000","345000","345","1000","345","1000"
"2020-06-09","1.37","356225","356225","370","997","370","997"
"2020-06-08","1.39","24535","24535","365","71","365","71"
"2020-06-05","-2.7","14400000","14400000","360","40000","360","40000"
"2020-06-04","0","159100","159100","370","430","370","430"
"2020-06-03","7.25","370","370","370","1","370","1"
"2020-06-02","0","249090","249090","345","722","345","722"
"2020-05-29","6.15","217445","217445","345","669","345","669"
"2020-05-28","0","95440","95440","325","293","325","293"
"2020-05-27","0","63470","63470","325","195","325","195"
"2020-05-26","4.84","146235","146235","325","466","325","466"
"2020-05-25","1.64","155310","155310","310","501","310","501"
"2020-05-22","7.02","91075","91075","305","314","305","314"
"2020-05-19","-1.72","4560","4560","285","16","285","16"
"2020-05-18","7.41","290","290","290","1","290","1"
"2020-05-15","0","22680","22680","270","84","270","84"
"2020-05-14","5.88","270","270","270","1","270","1"
"2020-05-13","6.25","255","255","255","1","255","1"
"2020-05-11","0","2640","2640","240","11","240","11"
"2020-05-08","6.67","1430","1430","240","6","240","6"
"2020-05-07","7.14","225","225","225","1","225","1"
"2020-04-29","5","31290","31290","210","149","210","149"
"2020-04-24","0","358000","358000","200","1790","200","1790"
"2020-04-23","0","420400","420400","200","2102","200","2102"
"2020-04-22","0","1321200","1321200","200","6606","200","6606"
"2020-04-21","-2.44","84900","84900","200","422","200","422"
"2020-04-20","-6.82","641990","641990","205","3126","205","3126"
"2020-04-17","-2.22","439120","439120","220","1996","220","1996"
"2020-04-16","-2.17","170550","170550","225","760","225","760"
"2020-04-15","-4.17","64400","64400","230","280","230","280"
"2020-04-14","-5.88","275430","275430","240","1147","240","1147"
"2020-04-10","0","2550","2550","255","10","255","10"
"2020-04-08","0","77650","77650","255","305","255","305"
"2020-04-07","6.25","21165","21165","255","83","255","83"
"2020-04-03","-5.88","208410","208410","240","864","240","864"
"2020-04-01","6.25","2550","2550","255","10","255","10"
"2020-03-31","-2.04","504000","504000","240","2100","240","2100"
"2020-03-30","-2","395675","395675","245","1615","245","1615"
"2020-03-25","0","33115","33115","250","133","250","133"
"2020-03-24","-5.66","14750","14750","250","59","250","59"
"2020-03-23","-1.85","20125","20125","265","75","265","75"
"2020-03-20","3.85","22680","22680","270","84","270","84"
"2020-03-19","-3.7","351900","351900","260","1400","260","1400"
"2020-03-18","0","24300","24300","270","90","270","90"
"2020-03-17","0","48600","48600","270","180","270","180"
"2020-03-16","0","33480","33480","270","124","270","124"
"2020-03-13","-6.9","81000","81000","270","300","270","300"
"2020-03-12","-1.69","290","290","290","1","290","1"
"2020-03-09","0","11800","11800","295","40","295","40"
"2020-03-06","0","2950","2950","295","10","295","10"
"2020-03-05","5.36","44250","44250","295","150","295","150"
"2020-03-04","0","59420","59420","280","209","280","209"
"2020-03-03","0","11200","11200","280","40","280","40"
"2020-02-28","0","32200","32200","280","115","280","115"
"2020-02-27","0","1168825","1168825","280","4245","280","4245"
"2020-02-26","0","49300","49300","280","175","280","175"
"2020-02-25","-6.67","198205","198205","280","703","280","703"
"2020-02-24","0","90600","90600","300","302","300","302"
"2020-02-21","0","9000","9000","300","30","300","30"
"2020-02-20","0","32100","32100","300","107","300","107"
"2020-02-19","0","93000","93000","300","310","300","310"
"2020-02-18","3.45","6100","6100","300","21","300","21"
"2020-02-17","0","336400","336400","290","1160","290","1160"
"2020-02-13","1.75","308275","308275","290","1075","290","1075"
"2020-02-12","0","53295","53295","285","187","285","187"
"2020-02-11","-1.72","8550","8550","285","30","285","30"
"2020-02-10","-1.69","2900","2900","290","10","290","10"
"2020-02-07","-1.67","66150","66150","295","224","295","224"
"2020-02-06","-1.64","467500","467500","300","1550","300","1550"
"2020-02-05","1.67","311710","311710","305","1022","305","1022"
"2020-02-03","-1.64","1250500","1250500","300","4137","300","4137"
"2020-01-31","1.67","50325","50325","305","165","305","165"
"2020-01-30","7.14","150000","150000","300","500","300","500"
"2020-01-29","0","456680","456680","280","1631","280","1631"
"2020-01-28","0","330300","330300","280","1180","280","1180"
"2020-01-27","0","328720","328720","280","1174","280","1174"
"2020-01-24","-6.67","709630","709630","280","2350","280","2350"
"2020-01-23","0","7500","7500","300","25","300","25"
"2020-01-22","-3.23","129000","129000","300","430","300","430"
"2020-01-21","-7.46","240840","240840","310","769","310","769"
"2020-01-20","-2.9","76800","76800","335","235","335","235"
"2020-01-17","-4.17","24750","24750","345","70","345","70"
"2020-01-15","4.35","132900","132900","360","370","360","370"
"2020-01-14","-4.17","189450","189450","345","560","345","560"
"2020-01-13","-1.37","32250","32250","360","90","360","90"
"2020-01-10","0","3650","3650","365","10","365","10"
"2020-01-09","-6.41","140775","140775","365","385","365","385"
"2020-01-08","0","3900","3900","390","10","390","10"
"2020-01-07","-1.27","391250","391250","390","995","390","995"
"2020-01-06","1.28","156500","156500","395","400","395","400"
"2020-01-03","-1.27","393760","393760","390","1009","390","1009"
"2019-12-30","-1.25","3950","3950","395","10","395","10"
"2019-12-27","0","44800","44800","400","112","400","112"
"2019-12-26","0","800","800","400","2","400","2"
"2019-12-24","0","25200","25200","400","63","400","63"
"2019-12-19","1.27","16000","16000","400","40","400","40"
"2019-12-17","-1.25","10665","10665","395","27","395","27"
"2019-12-12","1.27","401450","401450","400","1010","400","1010"
"2019-12-11","-1.25","57700","57700","395","145","395","145"
"2019-12-10","0","40000","40000","400","100","400","100"
"2019-12-09","0","41205","41205","400","103","400","103"
"2019-12-06","0","8000","8000","400","20","400","20"
"2019-12-05","0","28000","28000","400","70","400","70"
"2019-12-04","-1.23","1600","1600","400","4","400","4"
"2019-12-03","-1.22","50625","50625","405","125","405","125"
"2019-12-02","0","52480","52480","410","128","410","128"
"2019-11-29","-1.2","42730","42730","410","103","410","103"
"2019-11-28","-6.74","2075","2075","415","5","415","5"
"2019-11-25","0","3560","3560","445","8","445","8"
"2019-11-18","0","8010","8010","445","18","445","18"
"2019-11-13","0","26700","26700","445","60","445","60"
"2019-11-12","0","73425","73425","445","165","445","165"
"2019-11-08","-1.11","13350","13350","445","30","445","30"
"2019-11-07","0","139050","139050","450","309","450","309"
"2019-11-06","-2.17","11250","11250","450","25","450","25"
"2019-11-04","0","132480","132480","460","288","460","288"
"2019-10-31","0","4600","4600","460","10","460","10"
"2019-10-30","-6.12","75950","75950","460","165","460","165"
"2019-10-29","-1.01","4900","4900","490","10","490","10"
"2019-10-28","-1","4455","4455","495","9","495","9"
"2019-10-25","0","106500","106500","500","215","500","215"
"2019-10-23","0","66000","66000","500","132","500","132"
"2019-10-22","-5.66","83590","83590","500","165","500","165"
"2019-10-21","-1.85","270150","270150","530","505","530","505"
"2019-10-17","-0.92","29160","29160","540","54","540","54"
"2019-10-16","-0.91","17440","17440","545","32","545","32"
"2019-10-15","-1.79","11560","11560","550","21","550","21"
"2019-10-14","-3.45","97450","97450","560","170","560","170"
"2019-10-10","-1.69","5800","5800","580","10","580","10"
"2019-10-07","0","12390","12390","590","21","590","21"
"2019-10-04","-1.67","64310","64310","590","109","590","109"
"2019-10-03","0","6000","6000","600","10","600","10"
"2019-10-02","-0.83","51600","51600","600","86","600","86"
"2019-10-01","-0.82","42350","42350","605","70","605","70"
"2019-09-30","1.67","15050","15050","610","25","610","25"
"2019-09-27","0","203400","203400","600","339","600","339"
"2019-09-26","0.84","96600","96600","600","161","600","161"
"2019-09-25","-0.83","29750","29750","595","50","595","50"
"2019-09-24","0","3000","3000","600","5","600","5"
"2019-09-23","-4","12000","12000","600","20","600","20"
"2019-09-20","0","6250","6250","625","10","625","10"
"2019-09-19","-3.1","136875","136875","625","219","625","219"
"2019-09-17","-0.77","12900","12900","645","20","645","20"
"2019-09-13","0","650","650","650","1","650","1"
"2019-09-12","0","13000","13000","650","20","650","20"
"2019-09-11","0","7800","7800","650","12","650","12"
"2019-09-10","4","139850","139850","650","219","650","219"
"2019-09-09","-3.85","77200","77200","625","119","625","119"
"2019-09-06","0","13000","13000","650","20","650","20"
"2019-09-05","0","27300","27300","650","42","650","42"
"2019-09-03","-7.14","8450","8450","650","13","650","13"
"2019-09-02","0","7000","7000","700","10","700","10"
"2019-08-29","-1.41","49700","49700","700","71","700","71"
"2019-08-28","1.43","24850","24850","710","35","710","35"
"2019-08-27","-0.71","646705","646705","700","923","700","923"
"2019-08-26","0.71","211500","211500","705","300","705","300"
"2019-08-23","0","24500","24500","700","35","700","35"
"2019-08-22","-0.71","45035","45035","700","64","700","64"
"2019-08-21","-1.4","15510","15510","705","22","705","22"
"2019-08-20","0.7","743885","743885","715","1048","715","1048"
"2019-08-19","1.43","139820","139820","710","197","710","197"
"2019-08-16","-1.41","37100","37100","700","53","700","53"
"2019-08-14","5.19","66320","66320","710","100","710","100"
"2019-08-13","-4.93","16875","16875","675","25","675","25"
"2019-08-09","-0.7","53450","53450","710","75","710","75"
"2019-08-08","0","7150","7150","715","10","715","10"
"2019-08-06","0.7","15730","15730","715","22","715","22"
"2019-08-05","0","16330","16330","710","23","710","23"
"2019-08-02","-0.7","47170","47170","710","67","710","67"
"2019-08-01","0.7","65445","65445","715","93","715","93"
"2019-07-31","1.43","17750","17750","710","25","710","25"
"2019-07-30","0","46950","46950","700","67","700","67"
"2019-07-26","-1.41","81000","81000","700","115","700","115"
"2019-07-25","-0.7","14200","14200","710","20","710","20"
"2019-07-24","0","35750","35750","715","50","715","50"
"2019-07-23","0","14300","14300","715","20","715","20"
"2019-07-22","0","85085","85085","715","119","715","119"
"2019-07-19","0","55770","55770","715","78","715","78"
"2019-07-18","-1.38","100100","100100","715","140","715","140"
"2019-07-17","0","23925","23925","725","33","725","33"
"2019-07-16","0","167475","167475","725","231","725","231"
"2019-07-15","-0.68","919650","919650","725","1260","725","1260"
"2019-07-12","0","73000","73000","730","100","730","100"
"2019-07-11","0","73400","73400","730","100","730","100"
"2019-07-09","0","21900","21900","730","30","730","30"
"2019-07-08","-0.68","353650","353650","730","505","730","505"
"2019-07-04","0","36750","36750","735","50","735","50"
"2019-07-03","-1.34","161700","161700","735","220","735","220"
"2019-07-02","4.2","81650","81650","745","110","745","110"
"2019-06-28","-0.69","68350","68350","715","95","715","95"
"2019-06-27","-4.64","29675","29675","720","40","720","40"
"2019-06-26","-1.95","764200","764200","755","1010","755","1010"
"2019-06-25","-0.65","704550","704550","770","915","770","915"
"2019-06-21","0.65","31000","31000","775","40","775","40"
"2019-06-20","-0.65","46200","46200","770","60","770","60"
"2019-06-19","0.65","126120","126120","775","165","775","165"
"2019-06-18","0","53130","53130","770","69","770","69"
"2019-06-17","-0.65","57250","57250","770","75","770","75"
"2019-06-14","0","38750","38750","775","50","775","50"
"2019-06-13","-0.64","82925","82925","775","107","775","107"
"2019-06-12","0","209040","209040","780","268","780","268"
"2019-06-11","0","369720","369720","780","474","780","474"
"2019-06-07","-3.7","113245","113245","780","145","780","145"
"2019-06-06","-7.43","24300","24300","810","30","810","30"
"2019-06-05","-7.41","145650","145650","875","166","875","166"
"2019-06-03","0","9450","9450","945","10","945","10"
"2019-05-31","0","945","945","945","1","945","1"
"2019-05-29","-0.53","9450","9450","945","10","945","10"
"2019-05-28","-2.06","10460","10460","950","11","950","11"
"2019-05-22","0","9700","9700","970","10","970","10"
"2019-05-20","-0.51","970","970","970","1","970","1"
"2019-05-17","0","83850","83850","975","86","975","86"
"2019-05-15","0.52","291975","291975","975","300","975","300"
"2019-05-13","0","20375","20375","970","21","970","21"
"2019-05-10","-0.51","11640","11640","970","12","970","12"
"2019-05-09","0","107250","107250","975","110","975","110"
"2019-05-08","-1.52","154215","154215","975","157","975","157"
"2019-05-07","4.21","47520","47520","990","48","990","48"
"2019-05-06","1.6","39600","39600","950","42","950","42"
"2019-05-03","-1.06","1870","1870","935","2","935","2"
"2019-05-02","-0.53","77490","77490","945","82","945","82"
"2019-04-29","0","1900","1900","950","2","950","2"
"2019-04-26","0","26600","26600","950","28","950","28"
"2019-04-25","0","95000","95000","950","100","950","100"
"2019-04-24","0","9500","9500","950","10","950","10"
"2019-04-23","0","23750","23750","950","25","950","25"
"2019-04-18","0","141000","141000","950","150","950","150"
"2019-04-17","0","19000","19000","950","20","950","20"
"2019-04-16","0","19000","19000","950","20","950","20"
"2019-04-12","0","9500","9500","950","10","950","10"
"2019-04-11","0","31350","31350","950","33","950","33"
"2019-04-10","-1.04","23750","23750","950","25","950","25"
"2019-04-09","0","9540","9540","960","10","960","10"
"2019-04-05","0","89065","89065","960","93","960","93"
"2019-04-04","-4","109000","109000","960","111","960","111"
"2019-04-03","-7.41","5000","5000","1000","5","1000","5"
"2019-04-02","-1.37","10800","10800","1080","10","1080","10"
"2019-04-01","4.78","62390","62390","1095","62","1095","62"
"2019-03-29","-7.11","84645","84645","1045","81","1045","81"
"2019-03-27","7.14","758800","758800","1125","691","1125","691"
"2019-03-26","0","96850","96850","1050","92","1050","92"
"2019-03-25","-4.55","76650","76650","1050","73","1050","73"
"2019-03-22","0","1101025","1101025","1100","1001","1100","1001"
"2019-03-21","7.32","324500","324500","1100","295","1100","295"
"2019-03-20","-0.49","20500","20500","1025","20","1025","20"
"2019-03-19","0.49","299730","299730","1030","291","1030","291"
"2019-03-18","7.33","322875","322875","1025","315","1025","315"
"2019-03-15","6.11","82130","82130","955","86","955","86"
"2019-03-14","7.14","1800","1800","900","2","900","2"
"2019-03-11","1.82","33600","33600","840","40","840","40"
"2019-03-06","0","115240","115240","825","140","825","140"
"2019-03-04","0","14025","14025","825","17","825","17"
"2019-03-01","1.23","1640","1640","825","2","825","2"
"2019-02-28","1.88","101875","101875","815","125","815","125"
"2019-02-27","-1.84","81630","81630","800","102","800","102"
"2019-02-26","0","8150","8150","815","10","815","10"
"2019-02-25","0","39935","39935","815","49","815","49"
"2019-02-22","0","419725","419725","815","515","815","515"
"2019-02-21","0","42380","42380","815","52","815","52"
"2019-02-20","1.88","82315","82315","815","101","815","101"
"2019-02-18","-5.88","800","800","800","1","800","1"
"2019-02-15","0","67150","67150","850","79","850","79"
"2019-02-13","-0.58","18700","18700","850","22","850","22"
"2019-02-12","-3.93","62400","62400","855","73","855","73"
"2019-02-11","0.56","622900","622900","890","700","890","700"
"2019-02-07","4.12","87400","87400","885","102","885","102"
"2019-02-06","-5.56","142800","142800","850","168","850","168"
"2019-02-05","0","121500","121500","900","135","900","135"
"2019-02-04","2.27","900","900","900","1","900","1"
"2019-01-31","6.67","296560","296560","880","337","880","337"
"2019-01-30","3.13","5775","5775","825","7","825","7"
"2019-01-25","-5.88","48800","48800","800","61","800","61"
"2019-01-24","-2.3","10300","10300","850","12","850","12"
"2019-01-23","0","2610","2610","870","3","870","3"
"2019-01-22","-1.14","10440","10440","870","12","870","12"
"2019-01-21","0","44000","44000","880","50","880","50"
"2019-01-18","3.53","43400","43400","880","50","880","50"
"2019-01-16","-3.41","39360","39360","850","46","850","46"
"2019-01-15","-5.38","85360","85360","880","97","880","97"
"2019-01-14","-2.11","233000","233000","930","250","930","250"
"2019-01-11","0","23750","23750","950","25","950","25"
"2019-01-10","0","35150","35150","950","37","950","37"
"2019-01-08","-4.52","14250","14250","950","15","950","15"
"2019-01-07","0","30900","30900","995","31","995","31"
"2019-01-04","-0.5","47760","47760","995","48","995","48"
"2019-01-03","0","33945","33945","1000","34","1000","34"
"2019-01-02","-0.99","25000","25000","1000","25","1000","25"
"2018-12-31","7.45","121200","121200","1010","120","1010","120"
"2018-12-28","6.82","348540","348540","940","396","940","396"
"2018-12-27","0","13960","13960","880","16","880","16"
"2018-12-26","2.33","50135","50135","880","57","880","57"
"2018-12-24","-1.71","86000","86000","860","100","860","100"
"2018-12-21","-0.57","681625","681625","875","783","875","783"
"2018-12-20","3.53","250700","250700","880","285","880","285"
"2018-12-19","-0.58","8500","8500","850","10","850","10"
"2018-12-18","-1.72","24712920","24712920","855","28904","855","28904"
"2018-12-17","0","338515","338515","870","387","870","387"
"2018-12-14","0","8700","8700","870","10","870","10"
"2018-12-13","-0.57","122040","122040","870","140","870","140"
"2018-12-12","0","65525","65525","875","75","875","75"
"2018-12-11","0","1750","1750","875","2","875","2"
"2018-12-10","-0.57","31500","31500","875","36","875","36"
"2018-12-06","0.57","13200","13200","880","15","880","15"
"2018-12-05","-0.57","39375","39375","875","45","875","45"
"2018-12-04","0.57","627440","627440","880","713","880","713"
"2018-12-03","-0.57","17500","17500","875","20","875","20"
"2018-11-29","0.57","26400","26400","880","30","880","30"
"2018-11-28","0","18375","18375","875","21","875","21"
"2018-11-27","0","9625","9625","875","11","875","11"
"2018-11-26","-1.69","52025","52025","875","59","875","59"
"2018-11-21","-1.11","17800","17800","890","20","890","20"
"2018-11-19","1.12","101420","101420","900","113","900","113"
"2018-11-16","-0.56","1096325","1096325","890","1225","890","1225"
"2018-11-14","0","186950","186950","895","210","895","210"
"2018-11-13","0","31325","31325","895","35","895","35"
"2018-11-12","0","69025","69025","895","77","895","77"
"2018-11-09","-4.79","108150","108150","895","120","895","120"
"2018-11-08","-4.08","48290","48290","940","50","940","50"
"2018-11-06","1.55","244020","244020","980","249","980","249"
"2018-11-05","-1.53","1205050","1205050","965","1230","965","1230"
"2018-11-02","-0.51","23520","23520","980","24","980","24"
"2018-10-30","-1.5","59100","59100","985","60","985","60"
"2018-10-29","0.5","19975","19975","1000","20","1000","20"
"2018-10-26","-0.5","14925","14925","995","15","995","15"
"2018-10-25","-1.48","12000","12000","1000","12","1000","12"
"2018-10-24","-7.31","11165","11165","1015","11","1015","11"
"2018-10-23","4.29","18950","18950","1095","18","1095","18"
"2018-10-22","-4.55","19305","19305","1050","18","1050","18"
"2018-10-19","0","33000","33000","1100","30","1100","30"
"2018-10-18","0","875600","875600","1100","796","1100","796"
"2018-10-17","-4.35","59400","59400","1100","54","1100","54"
"2018-10-16","4.55","217800","217800","1150","197","1150","197"
"2018-10-15","-4.35","1060400","1060400","1100","964","1100","964"
"2018-10-12","0.44","136365","136365","1150","119","1150","119"
"2018-10-11","-0.43","11450","11450","1145","10","1145","10"
"2018-10-10","-4.17","170150","170150","1150","142","1150","142"
"2018-10-09","-0.41","1326005","1326005","1200","1105","1200","1105"
"2018-10-08","-6.95","2410","2410","1205","2","1205","2"
"2018-10-05","7.47","2590","2590","1295","2","1295","2"
"2018-10-04","-7.31","38780","38780","1205","31","1205","31"
"2018-10-03","-6.14","22100","22100","1300","17","1300","17"
"2018-10-02","-0.72","76225","76225","1385","55","1385","55"
"2018-10-01","-0.36","1534500","1534500","1395","1100","1395","1100"
"2018-09-28","-2.1","7000","7000","1400","5","1400","5"
"2018-09-25","-1.38","21450","21450","1430","15","1430","15"
"2018-09-18","-3.33","4350","4350","1450","3","1450","3"
"2018-09-13","-5.66","41090","41090","1500","27","1500","27"
"2018-09-12","-1.85","1590","1590","1590","1","1590","1"
"2018-09-07","-1.82","91320","91320","1620","56","1620","56"
"2018-09-06","-1.49","29635","29635","1650","18","1650","18"
"2018-09-05","3.4","25125","25125","1675","15","1675","15"
"2018-09-04","-3.86","46440","46440","1620","28","1620","28"
"2018-09-03","-3.71","16850","16850","1685","10","1685","10"
"2018-08-30","-2.78","8750","8750","1750","5","1750","5"
"2018-08-28","0","68400","68400","1800","38","1800","38"
"2018-08-27","-4.51","27350","27350","1800","15","1800","15"
"2018-08-24","-0.26","18850","18850","1885","10","1885","10"
"2018-08-22","-0.26","79380","79380","1890","42","1890","42"
"2018-08-20","-0.26","3790","3790","1895","2","1895","2"
"2018-08-17","0","11400","11400","1900","6","1900","6"
"2018-08-16","-1.81","76925","76925","1900","40","1900","40"
"2018-08-14","-3.01","77400","77400","1935","40","1935","40"
"2018-08-13","-1.97","1214990","1214990","1995","605","1995","605"
"2018-08-10","-7.29","32560","32560","2035","16","2035","16"
"2018-08-09","-0.23","21950","21950","2195","10","2195","10"
"2018-08-02","-2.22","2200","2200","2200","1","2200","1"
"2018-07-31","0","117000","117000","2250","52","2250","52"
"2018-07-30","-2.17","135500","135500","2250","60","2250","60"
"2018-07-27","-2.13","50700","50700","2300","22","2300","22"
"2018-07-25","0","260850","260850","2350","111","2350","111"
"2018-07-24","0.21","23500","23500","2350","10","2350","10"
"2018-07-19","-0.21","23450","23450","2345","10","2345","10"
"2018-07-18","0","117500","117500","2350","50","2350","50"
"2018-07-17","0","82250","82250","2350","35","2350","35"
"2018-07-16","-5.81","47000","47000","2350","20","2350","20"
"2018-07-13","0","49900","49900","2495","20","2495","20"
"2018-07-12","-0.2","161950","161950","2495","65","2495","65"
"2018-07-11","-1.96","25000","25000","2500","10","2500","10"
"2018-07-10","0","5100","5100","2550","2","2550","2"
"2018-07-09","0","51450","51450","2550","20","2550","20"
"2018-07-06","2","56100","56100","2550","22","2550","22"
"2018-07-05","0","62500","62500","2500","25","2500","25"
"2018-07-04","-5.48","17975","17975","2500","7","2500","7"
"2018-06-27","-0.19","52900","52900","2645","20","2645","20"
"2018-06-25","1.92","5300","5300","2650","2","2650","2"
"2018-06-22","0","52000","52000","2600","20","2600","20"
"2018-06-21","0","67600","67600","2600","26","2600","26"
"2018-06-20","-1.7","26000","26000","2600","10","2600","10"
"2018-06-19","1.73","156450","156450","2645","60","2645","60"
"2018-06-18","0","51320","51320","2600","20","2600","20"
"2018-06-15","5.91","7511440","7511440","2600","2889","2600","2889"
"2018-06-13","-7.36","108020","108020","2455","44","2455","44"
"2018-06-12","0","139310","139310","2650","53","2650","53"
"2018-06-08","-3.64","63745","63745","2650","24","2650","24"
"2018-06-07","-1.26","27500","27500","2750","10","2750","10"
"2018-06-06","-3.97","216080","216080","2785","78","2785","78"
"2018-06-05","0.35","463400","463400","2900","162","2900","162"
"2018-06-01","1.4","111655","111655","2890","39","2890","39"
"2018-05-31","1.79","57000","57000","2850","20","2850","20"
"2018-05-30","-1.75","2472400","2472400","2800","883","2800","883"
"2018-05-29","5.56","498950","498950","2850","175","2850","175"
"2018-05-28","-3.57","284450","284450","2700","105","2700","105"
"2018-05-24","-3.11","98000","98000","2800","35","2800","35"
"2018-05-23","0","14450","14450","2890","5","2890","5"
"2018-05-22","3.21","322900","322900","2890","115","2890","115"
"2018-05-18","0","134400","134400","2800","48","2800","48"
"2018-05-17","-3.11","42856400","42856400","2800","15038","2800","15038"
"2018-05-15","5.09","783925","783925","2890","280","2890","280"
"2018-05-14","1.85","617925","617925","2750","225","2750","225"
"2018-05-11","0","759100","759100","2700","278","2700","278"
"2018-05-09","0","156550","156550","2700","58","2700","58"
"2018-05-08","3.85","305900","305900","2700","117","2700","117"
"2018-05-07","-3.53","561600","561600","2600","216","2600","216"
"2018-05-04","-0.19","195175","195175","2695","73","2695","73"
"2018-05-03","-3.05","5400","5400","2700","2","2700","2"
"2018-05-02","-0.18","111500","111500","2785","40","2785","40"
"2018-04-27","-0.36","58590","58590","2790","21","2790","21"
"2018-04-26","3.7","56000","56000","2800","20","2800","20"
"2018-04-25","0","2259900","2259900","2700","837","2700","837"
"2018-04-24","-3.57","14067500","14067500","2700","5025","2700","5025"
"2018-04-23","3.7","2659800","2659800","2800","951","2800","951"
"2018-04-20","1.89","6602400","6602400","2700","2438","2700","2438"
"2018-04-19","-0.75","968740","968740","2650","372","2650","372"
"2018-04-18","3.29","235920","235920","2670","90","2670","90"
"2018-04-17","-3.18","1949090","1949090","2585","754","2585","754"
"2018-04-16","-4.3","797190","797190","2670","307","2670","307"
"2018-04-13","-3.79","108940","108940","2790","39","2790","39"
"2018-04-12","0","519300","519300","2900","182","2900","182"
"2018-04-11","0","87000","87000","2900","30","2900","30"
"2018-04-10","1.75","1143145","1143145","2900","400","2900","400"
"2018-04-09","-1.72","608225","608225","2850","213","2850","213"
"2018-04-06","0","101500","101500","2900","35","2900","35"
"2018-04-05","1.75","235300","235300","2900","82","2900","82"
"2018-04-04","3.45","37050","37050","2850","13","2850","13"
"2018-04-03","-1.61","190475","190475","2755","69","2755","69"
"2018-03-30","4.28","88970","88970","2800","32","2800","32"
"2018-03-29","-7.41","1911950","1911950","2685","711","2685","711"
"2018-03-28","1.75","870680","870680","2900","297","2900","297"
"2018-03-27","3.07","2310460","2310460","2850","825","2850","825"
"2018-03-22","7.38","2041300","2041300","2765","740","2765","740"
"2018-03-21","7.29","991375","991375","2575","395","2575","395"
"2018-03-20","6.43","605690","605690","2400","256","2400","256"
"2018-03-19","2.27","457900","457900","2255","203","2255","203"
"2018-03-16","-3.92","4410","4410","2205","2","2205","2"
"2018-03-15","-2.96","269065","269065","2295","117","2295","117"
"2018-03-14","5.11","2554485","2554485","2365","1089","2365","1089"
"2018-03-13","7.14","112500","112500","2250","50","2250","50"
"2018-03-12","0","2103250","2103250","2100","993","2100","993"
"2018-03-09","2.44","1300800","1300800","2100","617","2100","617"
"2018-03-07","1.99","1672000","1672000","2050","817","2050","817"
"2018-03-06","0","36180","36180","2010","18","2010","18"
"2018-03-05","0.5","8040","8040","2010","4","2010","4"
"2018-03-02","0","3873600","3873600","2000","1937","2000","1937"
"2018-03-01","0","125150","125150","2000","61","2000","61"
"2018-02-28","0","50000","50000","2000","25","2000","25"
"2018-02-27","0","207865","207865","2000","103","2000","103"
"2018-02-26","-2.44","199155","199155","2000","97","2000","97"
"2018-02-23","-0.24","250600","250600","2050","122","2050","122"
"2018-02-22","-6.59","625550","625550","2055","301","2055","301"
"2018-02-21","4.76","7295250","7295250","2200","3243","2200","3243"
"2018-02-20","2.94","3486920","3486920","2100","1675","2100","1675"
"2018-02-19","2","464000","464000","2040","229","2040","229"
"2018-02-16","0.76","309805","309805","2000","155","2000","155"
"2018-02-15","-0.5","51670","51670","1985","26","1985","26"
"2018-02-14","0.5","479940","479940","1995","252","1995","252"
"2018-02-13","7.3","214220","214220","1985","112","1985","112"
"2018-02-12","-7.5","83100","83100","1850","44","1850","44"
"2018-02-09","-7.19","354000","354000","2000","176","2000","176"
"2018-02-08","-1.82","8620000","8620000","2155","4000","2155","4000"
"2018-02-06","-0.23","39510","39510","2195","18","2195","18"
"2018-02-05","0","296400","296400","2200","135","2200","135"
"2018-02-02","0","66000","66000","2200","30","2200","30"
"2018-02-01","0","19700","19700","2200","9","2200","9"
"2018-01-31","-4.14","132230","132230","2200","59","2200","59"
"2018-01-30","4.32","18360","18360","2295","8","2295","8"
"2018-01-29","0","242000","242000","2200","110","2200","110"
"2018-01-25","0","674295","674295","2200","315","2200","315"
"2018-01-24","-6.38","7407400","7407400","2200","3367","2200","3367"
"2018-01-23","2.17","331100","331100","2350","141","2350","141"
"2018-01-19","0","156400","156400","2300","68","2300","68"
"2018-01-18","2.68","497300","497300","2300","217","2300","217"
"2018-01-17","1.82","822160","822160","2240","368","2240","368"
"2018-01-16","4.76","707900","707900","2200","325","2200","325"
"2018-01-15","5","666000","666000","2100","320","2100","320"
"2018-01-12","-2.44","584550","584550","2000","291","2000","291"
"2018-01-11","2.5","41000","41000","2050","20","2050","20"
"2018-01-08","0","432520","432520","2000","215","2000","215"
"2018-01-05","-4.76","641975","641975","2000","320","2000","320"
"2018-01-04","5.53","2304200","2304200","2100","1153","2100","1153"
"2018-01-03","0","549430","549430","1990","281","1990","281"
"2018-01-02","4.74","242780","242780","1990","122","1990","122"
"2017-12-29","-4.52","28950","28950","1900","15","1900","15"
"2017-12-28","-0.5","47880","47880","1990","24","1990","24"
"2017-12-26","0","14000","14000","2000","7","2000","7"
"2017-12-22","0","159750","159750","2000","80","2000","80"
"2017-12-21","2.56","186000","186000","2000","93","2000","93"
"2017-12-20","-2.26","1251900","1251900","1950","642","1950","642"
"2017-12-19","0","257355","257355","1995","129","1995","129"
"2017-12-18","-0.25","996875","996875","1995","523","1995","523"
"2017-12-15","0","8000","8000","2000","4","2000","4"
"2017-12-13","0","26000","26000","2000","13","2000","13"
"2017-12-12","0.25","5792600","5792600","2000","3031","2000","3031"
"2017-12-11","-3.16","255285","255285","1995","126","1995","126"
"2017-12-08","3","6150100","6150100","2060","3030","2060","3030"
"2017-12-07","1.27","30000","30000","2000","15","2000","15"
"2017-12-06","-1.25","11850","11850","1975","6","1975","6"
"2017-12-05","1.27","60000","60000","2000","30","2000","30"
"2017-12-04","-5.95","126900","126900","1975","62","1975","62"
"2017-11-30","0.24","182690","182690","2100","87","2100","87"
"2017-11-29","0","35615","35615","2095","17","2095","17"
"2017-11-28","4.75","625900","625900","2095","312","2095","312"
"2017-11-27","-4.53","531950","531950","2000","263","2000","263"
"2017-11-24","4.75","348540","348540","2095","168","2095","168"
"2017-11-23","-4.76","351300","351300","2000","173","2000","173"
"2017-11-22","-4.55","33710","33710","2100","16","2100","16"
"2017-11-21","0.23","1100000","1100000","2200","500","2200","500"
"2017-11-20","-0.23","41065","41065","2195","19","2195","19"
"2017-11-17","0","132000","132000","2200","60","2200","60"
"2017-11-16","-0.68","365370","365370","2200","167","2200","167"
"2017-11-14","7.26","399100","399100","2215","181","2215","181"
"2017-11-13","-7.4","55755","55755","2065","27","2065","27"
"2017-11-10","-0.22","44600","44600","2230","20","2230","20"
"2017-11-09","0","133900","133900","2235","60","2235","60"
"2017-11-08","0","5174985","5174985","2235","2498","2235","2498"
"2017-11-07","3.95","478900","478900","2235","234","2235","234"
"2017-11-06","7.5","169000","169000","2150","83","2150","83"
"2017-11-03","-5.88","237625","237625","2000","113","2000","113"
"2017-11-02","-5.13","404350","404350","2125","187","2125","187"
"2017-10-31","0","210560","210560","2240","94","2240","94"
"2017-10-30","0.22","26880","26880","2240","12","2240","12"
"2017-10-27","-0.22","536600","536600","2235","240","2235","240"
"2017-10-26","1.82","333900","333900","2240","150","2240","150"
"2017-10-25","0","349800","349800","2200","159","2200","159"
"2017-10-24","-4.97","992620","992620","2200","429","2200","429"
"2017-10-23","-7.4","261740","261740","2315","108","2315","108"
"2017-10-20","2.04","534980","534980","2500","223","2500","223"
"2017-10-19","-2","16521890","16521890","2450","6615","2450","6615"
"2017-10-18","0.2","213550","213550","2500","87","2500","87"
"2017-10-17","-5.85","301325665","301325665","2495","120530","2495","120530"
"2017-10-16","0","26500","26500","2650","10","2650","10"
"2017-10-13","0","56210","56210","2650","21","2650","21"
"2017-10-12","6.21","90310845","90310845","2650","33721","2650","33721"
"2017-10-11","-0.2","679780","679780","2495","270","2495","270"
"2017-10-10","0","16632450","16632450","2500","6653","2500","6653"
"2017-10-09","-3.47","932500","932500","2500","373","2500","373"
"2017-10-06","-7.5","349790","349790","2590","131","2590","131"
"2017-10-05","0","280700","280700","2800","105","2800","105"
"2017-10-04","0","394705","394705","2800","141","2800","141"
"2017-10-03","0","1072400","1072400","2800","383","2800","383"
"2017-10-02","-2.44","70000","70000","2800","25","2800","25"
"2017-09-29","7.49","1965170","1965170","2870","712","2870","712"
"2017-09-28","0.19","1496195","1496195","2670","564","2670","564"
"2017-09-27","6.81","309915","309915","2665","118","2665","118"
"2017-09-26","-6.2","218580","218580","2495","84","2495","84"
"2017-09-25","-4.83","270380","270380","2660","98","2660","98"
"2017-09-22","0.36","39130","39130","2795","14","2795","14"
"2017-09-21","0","334200","334200","2785","120","2785","120"
"2017-09-20","3.15","1499210","1499210","2785","539","2785","539"
"2017-09-19","0","32400","32400","2700","12","2700","12"
"2017-09-18","0","194400","194400","2700","72","2700","72"
"2017-09-15","-1.82","527200","527200","2700","196","2700","196"
"2017-09-14","-1.61","110400","110400","2750","40","2750","40"
"2017-09-13","0","304655","304655","2795","109","2795","109"
"2017-09-12","5.08","246560","246560","2795","88","2795","88"
"2017-09-11","7.56","151350","151350","2660","58","2660","58"
"2017-09-07","7.52","49450","49450","2473","20","49450","1"
"2017-08-31","-4.37","46000","46000","2300","20","46000","1"
"2017-08-29","-7.5","48100","48100","2405","20","48100","1"
"2017-08-25","-6.81","7903615","7903615","2600","3040","52000","152"
"2017-08-23","7.31","548210","548210","2790","200","55800","10"
"2017-08-22","0.19","1195700","1195700","2600","460","52000","23"
"2017-08-17","0","3246000","3246000","2595","1260","51900","63"
"2017-08-16","0","5709000","5709000","2595","2200","51900","110"
"2017-08-14","3.8","259500","259500","2595","100","51900","5"
"2017-08-10","6.38","750000","750000","2500","300","50000","15"
"2017-08-08","1.08","6627000","6627000","2350","2820","47000","141"
"2017-08-04","0","233000","233000","2325","100","46500","5"
"2017-08-03","-7","790500","790500","2325","340","46500","17"
"2017-07-31","1.09","561500","561500","2500","240","50000","12"
"2017-07-26","7.52","49450","49450","2473","20","49450","1"
"2017-07-20","-5.15","690000","690000","2300","300","46000","15"
"2017-07-19","5.43","48500","48500","2425","20","48500","1"
"2017-07-18","0","94500","94500","2300","40","46000","2"
"2017-07-14","0","138000","138000","2300","60","46000","3"
"2017-07-12","0","184000","184000","2300","80","46000","4"
"2017-07-11","-7.07","138000","138000","2300","60","46000","3"
"2017-07-06","0","31330570","31330570","2475","12660","49500","633"
"2017-07-05","0","49495","49495","2475","20","49495","1"
"2017-06-29","7","890910","890910","2475","360","49495","18"
"2017-06-28","-7.48","46250","46250","2313","20","46250","1"
"2017-06-27","-3.85","7605990","7605990","2500","3040","50000","152"
"2017-06-23","-1.89","8040760","8040760","2600","3100","52000","155"
"2017-06-21","0.95","106000","106000","2650","40","53000","2"
"2017-06-20","-0.94","264000","264000","2625","100","52500","5"
"2017-06-19","0","265000","265000","2650","100","53000","5"
"2017-06-16","-0.93","1325000","1325000","2650","500","53000","25"
"2017-06-15","7","535000","535000","2675","200","53500","10"
"2017-06-14","0","500000","500000","2500","200","50000","10"
"2017-06-13","-3.85","50000","50000","2500","20","50000","1"
"2017-06-09","-3.09","17300000","17300000","2600","6640","52000","332"
"2017-06-08","-7.48","272300","272300","2683","100","53650","5"
"2017-06-07","-6.45","928000","928000","2900","320","58000","16"
"2017-06-02","0","804000","804000","3100","260","62000","13"
"2017-06-01","1.64","738000","738000","3100","240","62000","12"
"2017-05-31","1.67","922000","922000","3050","300","61000","15"
"2017-05-30","3.45","480000","480000","3000","160","60000","8"
"2017-05-26","0","58000","58000","2900","20","58000","1"
"2017-05-24","1.75","116000","116000","2900","40","58000","2"
"2017-05-23","-3.39","57000","57000","2850","20","57000","1"
"2017-05-22","1.72","177000","177000","2950","60","59000","3"
"2017-05-19","1.75","58000","58000","2900","20","58000","1"
"2017-05-17","3.64","228000","228000","2850","80","57000","4"
"2017-05-10","0","38502000","38502000","2750","14000","55000","700"
"2017-05-05","0","1100010","1100010","2750","400","55000","20"
"2017-05-04","0","220000","220000","2750","80","55000","4"
"2017-05-03","0","220000","220000","2750","80","55000","4"
"2017-05-02","0","4305015","4305015","2750","1560","55000","78"
"2017-04-28","0","1265010","1265010","2750","460","55000","23"
"2017-04-27","0","220010","220010","2750","80","55000","4"
"2017-04-20","0","16500000","16500000","2750","6000","55000","300"
"2017-04-14","0","110000","110000","2750","40","55000","2"
"2017-04-13","0","550000","550000","2750","200","55000","10"
"2017-04-11","0","55000","55000","2750","20","55000","1"
"2017-04-10","0","440000","440000","2750","160","55000","8"
"2017-04-07","-1.79","660010","660010","2750","240","55000","12"
"2017-04-06","1.82","56000","56000","2800","20","56000","1"
"2017-04-04","0","1870000","1870000","2750","680","55000","34"
"2017-04-03","0","220000","220000","2750","80","55000","4"
"2017-03-31","0","330000","330000","2750","120","55000","6"
"2017-03-27","0","55000","55000","2750","20","55000","1"
"2017-03-24","0","1816000","1816000","2750","660","55000","33"
"2017-03-21","3.66","40206000","40206000","2750","14620","55005","731"
"2017-03-20","0","159165","159165","2653","60","53055","3"
"2017-03-17","-3.53","954990","954990","2653","360","53055","18"
"2017-03-16","3.66","825000","825000","2750","300","55000","15"
"2017-03-15","-3.53","106110","106110","2653","40","53055","2"
"2017-03-14","0","12427000","12427000","2750","4520","55000","226"
"2017-03-09","0","1870000","1870000","2750","680","55000","34"
"2017-03-08","0","34428055","34428055","2750","12520","55000","626"
"2017-03-07","0","1483055","1483055","2750","540","55000","27"
"2017-03-06","1.85","55000","55000","2750","20","55000","1"
"2017-03-03","0","110000","110000","2700","40","54000","2"
"2017-03-02","-6.9","1242020","1242020","2700","460","54000","23"
"2017-02-27","3.57","58000","58000","2900","20","58000","1"
"2017-02-23","1.82","168000","168000","2800","60","56000","3"
"2017-02-22","3.77","42353775","42353775","2750","15400","55005","770"
"2017-02-21","0","694015","694015","2650","260","53005","13"
"2017-02-17","-5.36","2885750","2885750","2650","1040","53005","52"
"2017-02-15","-0.88","616000","616000","2800","220","56000","11"
"2017-02-14","-5.46","621500","621500","2825","220","56500","11"
"2017-02-13","-0.4","479000","479000","2988","160","59750","8"
"2017-02-10","0","719990","719990","3000","240","60000","12"
"2017-02-08","7.14","240000","240000","3000","80","60000","4"
"2017-02-07","0","34440000","34440000","2800","12300","56000","615"
"2017-02-06","0","560000","560000","2800","200","56000","10"
"2017-02-02","0","1288000","1288000","2800","460","56000","23"
"2017-01-31","0","56000","56000","2800","20","56000","1"
"2017-01-30","3.7","56000","56000","2800","20","56000","1"
"2017-01-27","1.89","108000","108000","2700","40","54000","2"
"2017-01-25","-2.72","706370","706370","2650","260","53000","13"
"2017-01-23","0","54485","54485","2724","20","54485","1"
"2017-01-18","-2.71","544850","544850","2724","200","54485","10"
"2017-01-17","0","3696000","3696000","2800","1320","56000","66"
"2017-01-16","-6.67","2250900","2250900","2800","800","56000","40"
"2017-01-12","1.87","472475","472475","3000","160","60000","8"
"2017-01-09","3.15","715500","715500","2945","240","58900","12"
"2017-01-04","3.82","704614000","704614000","2855","246800","57100","12340"
"2017-01-03","3.77","165000000","165000000","2750","60000","55000","3000"
"2017-01-02","0","53000","53000","2650","20","53000","1"
"2016-12-29","0","212000","212000","2650","80","53000","4"
"2016-12-28","1.73","53000","53000","2650","20","53000","1"
"2016-12-27","-0.76","5783500","5783500","2605","2220","52100","111"
"2016-12-23","-0.94","3547200","3547200","2625","1360","52500","68"
"2016-12-22","-5.36","700955","700955","2650","260","52995","13"
"2016-12-21","0","56000","56000","2800","20","56000","1"
"2016-12-20","7.49","3398200","3398200","2800","1300","56000","65"
"2016-12-19","0","52100","52100","2605","20","52100","1"
"2016-12-16","-2.62","678900","678900","2605","260","52100","13"
"2016-12-15","0","267500","267500","2675","100","53500","5"
"2016-12-14","0.94","107000","107000","2675","40","53500","2"
"2016-12-13","0.95","106000","106000","2650","40","53000","2"
"2016-12-09","0.38","40745000","40745000","2625","15520","52500","776"
"2016-12-07","0.46","679150","679150","2615","260","52300","13"
"2016-12-06","-7.04","156150","156150","2603","60","52050","3"
"2016-12-05","-5.28","443000","443000","2800","160","56000","8"
"2016-12-02","0","179120","179120","2956","60","59120","3"
"2016-12-01","7.49","946000","946000","2956","320","59125","16"
"2016-11-30","0","220000","220000","2750","80","55000","4"
"2016-11-29","0","10330000","10330000","2750","3760","55000","188"
"2016-11-28","3.77","1427300","1427300","2750","520","55000","26"
"2016-11-23","0","2968000","2968000","2650","1120","53000","56"
"2016-11-22","0","106000","106000","2650","40","53000","2"
"2016-11-18","0","53000","53000","2650","20","53000","1"
"2016-11-17","-3.64","3163900","3163900","2650","1180","53000","59"
"2016-11-16","3.77","549990","549990","2750","200","55000","10"
"2016-11-14","3.8","4293000","4293000","2650","1620","53000","81"
"2016-11-11","0","51050","51050","2553","20","51050","1"
"2016-11-10","-3.66","157050","157050","2553","60","51050","3"
"2016-11-09","0","159000","159000","2650","60","53000","3"
"2016-11-08","0","1006000","1006000","2650","380","53000","19"
"2016-11-07","0","1060000","1060000","2650","400","53000","20"
"2016-11-04","0.95","1060000","1060000","2650","400","53000","20"
"2016-11-03","-0.94","315500","315500","2625","120","52500","6"
"2016-11-02","0","646000","646000","2650","240","53000","12"
"2016-10-31","0","53000","53000","2650","20","53000","1"
"2016-10-27","3.92","4664000","4664000","2650","1760","53000","88"
"2016-10-26","-7.27","2095000","2095000","2550","820","51000","41"
"2016-10-25","0","605000","605000","2750","220","55000","11"
"2016-10-24","0","385000","385000","2750","140","55000","7"
"2016-10-21","3.77","330000","330000","2750","120","55000","6"
"2016-10-20","3.92","308020","308020","2650","120","53000","6"
"2016-10-19","0","673005","673005","2550","260","51000","13"
"2016-10-18","0","3163900","3163900","2550","1240","51000","62"
"2016-10-17","-3.77","204020","204020","2550","80","51005","4"
"2016-10-13","3.92","6729000","6729000","2650","2540","53000","127"
"2016-10-12","0","51000","51000","2550","20","51000","1"
"2016-10-11","-3.59","51000","51000","2550","20","51000","1"
"2016-10-10","3.73","1346975","1346975","2645","520","52900","26"
"2016-10-06","0","510000","510000","2550","200","51000","10"
"2016-10-05","-0.04","1583000","1583000","2550","620","51000","31"
"2016-10-03","0.04","612070","612070","2551","240","51010","12"
"2016-09-30","0.39","152600","152600","2550","60","51000","3"
"2016-09-28","0","1270000","1270000","2540","500","50800","25"
"2016-09-27","0.4","254000","254000","2540","100","50800","5"
"2016-09-26","0","101210","101210","2530","40","50605","2"
"2016-09-23","0.56","101210","101210","2530","40","50605","2"
"2016-09-22","-1.99","201260","201260","2516","80","50315","4"
"2016-09-21","-7.5","205360","205360","2567","80","51340","4"
"2016-09-20","0.91","166500","166500","2775","60","55500","3"
"2016-09-19","-6.78","550200","550200","2750","200","55000","10"
"2016-09-15","5.36","412965","412965","2950","140","58995","7"
"2016-09-14","1.82","503000","503000","2800","180","56000","9"
"2016-09-13","5.77","328000","328000","2750","120","55000","6"
"2016-09-09","-3.35","13441990","13441990","2600","5160","52005","258"
"2016-09-08","-1.43","269000","269000","2690","100","53800","5"
"2016-09-07","-7.49","4093125","4093125","2729","1500","54575","75"
"2016-09-02","-2.48","3898200","3898200","2950","1320","59000","66"
"2016-09-01","0","423500","423500","3025","140","60500","7"
"2016-08-31","0","2662000","2662000","3025","880","60500","44"
"2016-08-30","0","242000","242000","3025","80","60500","4"
"2016-08-29","0","121000","121000","3025","40","60500","2"
"2016-08-26","0","908000","908000","3025","300","60500","15"
"2016-08-25","-0.82","5993000","5993000","3025","1980","60500","99"
"2016-08-23","0.83","1220000","1220000","3050","400","61000","20"
"2016-08-22","0","5203000","5203000","3025","1720","60500","86"
"2016-08-19","0","1530000","1530000","3025","500","60500","25"
"2016-08-16","0","181500","181500","3025","60","60500","3"
"2016-08-12","0","3025000","3025000","3025","1000","60500","50"
"2016-08-11","0","1210000","1210000","3025","400","60500","20"
"2016-08-10","-0.82","4245500","4245500","3025","1400","60500","70"
"2016-08-09","0","610000","610000","3050","200","61000","10"
"2016-08-03","1.67","6429000","6429000","3050","2140","61000","107"
"2016-08-02","0","6060000","6060000","3000","2020","60000","101"
"2016-08-01","0","120000","120000","3000","40","60000","2"
"2016-07-29","0","1260000","1260000","3000","420","60000","21"
"2016-07-28","0","7020200","7020200","3000","2340","60000","117"
"2016-07-27","-0.83","60000","60000","3000","20","60000","1"
"2016-07-26","0.83","5203000","5203000","3025","1720","60500","86"
"2016-07-25","-1.64","3197355","3197355","3000","1060","60000","53"
"2016-07-22","0","1342000","1342000","3050","440","61000","22"
"2016-07-21","1.63","305000","305000","3050","100","61000","5"
"2016-07-20","-1.61","240080","240080","3001","80","60020","4"
"2016-07-19","0.83","2501000","2501000","3050","820","61000","41"
"2016-07-18","0.83","422550","422550","3025","140","60505","7"
"2016-07-13","3.88","120000","120000","3000","40","60000","2"
"2016-07-12","-7.5","1214200","1214200","2888","420","57760","21"
"2016-07-11","-7.5","374640","374640","3122","120","62440","6"
"2016-07-08","-7.23","3307985","3307985","3375","980","67500","49"
"2016-07-07","-6.98","21268985","21268985","3638","5460","72750","273"
"2016-07-05","7.47","7118475","7118475","3911","1820","78225","91"
"2016-07-04","7.5","21758230","21758230","3639","5980","72770","299"
"2016-07-01","7.49","7175670","7175670","3385","2120","67695","106"
"2016-06-30","7.51","6045600","6045600","3149","1920","62975","96"
"2016-06-29","7.49","84795230","84795230","2929","28960","58585","1448"
"2016-06-28","1.38","8356000","8356000","2725","3060","54500","153"
"2016-06-27","7.52","6388750","6388750","2688","2500","53750","125"
"2016-06-24","-1.77","303000","303000","2500","120","50000","6"
"2016-06-23","-0.2","203600","203600","2545","80","50900","4"
"2016-06-22","0","204000","204000","2550","80","51000","4"
"2016-06-21","2","3672000","3672000","2550","1440","51000","72"
"2016-06-20","0","1601050","1601050","2500","640","50000","32"
"2016-06-14","4.17","50000","50000","2500","20","50000","1"
"2016-06-10","0","528005","528005","2400","220","48000","11"
"2016-06-09","-2.04","288800","288800","2400","120","48000","6"
"2016-06-08","0.2","4507980","4507980","2450","1840","49000","92"
"2016-06-07","-0.2","391200","391200","2445","160","48900","8"
"2016-06-06","0","2025000","2025000","2450","840","49000","42"
"2016-06-03","2.08","686000","686000","2450","280","49000","14"
"2016-06-02","0","96010","96010","2400","40","48005","2"
"2016-06-01","0","3009315","3009315","2400","1280","48000","64"
"2016-05-31","0","2880000","2880000","2400","1200","48000","60"
"2016-05-30","-2.04","2594500","2594500","2400","1080","48000","54"
"2016-05-26","0","1715000","1715000","2450","700","49000","35"
"2016-05-25","-2","588000","588000","2450","240","49000","12"
"2016-05-23","4.17","2200000","2200000","2500","880","50000","44"
"2016-05-20","-4","648005","648005","2400","260","48005","13"
"2016-05-19","0","950000","950000","2500","380","50000","19"
"2016-05-18","6.16","850000","850000","2500","340","50000","17"
"2016-05-17","-1.88","47100","47100","2355","20","47100","1"
"2016-05-13","1.69","672000","672000","2400","280","48000","14"
"2016-05-12","-1.67","94400","94400","2360","40","47200","2"
"2016-05-11","1.91","48000","48000","2400","20","48000","1"
"2016-05-10","-1.88","282600","282600","2355","120","47100","6"
"2016-05-09","0","191980","191980","2400","80","47995","4"
"2016-05-06","-4","192000","192000","2400","80","48000","4"
"2016-05-03","4.17","146000","146000","2500","60","50000","3"
"2016-04-29","-4.04","10300000","10300000","2400","4280","48000","214"
"2016-04-28","-1.92","50010","50010","2501","20","50010","1"
"2016-04-27","2","921000","921000","2550","360","51000","18"
"2016-04-25","0","50005","50005","2500","20","50005","1"
"2016-04-22","-3.85","400000","400000","2500","160","50000","8"
"2016-04-21","0","312000","312000","2600","120","52000","6"
"2016-04-20","4","52000","52000","2600","20","52000","1"
"2016-04-18","-3.85","408500","408500","2500","160","50000","8"
"2016-04-13","0","104000","104000","2600","40","52000","2"
"2016-04-12","1.96","624000","624000","2600","240","52000","12"
"2016-04-11","-1.92","257000","257000","2550","100","51000","5"
"2016-04-07","0","7176000","7176000","2600","2760","52000","138"
"2016-04-06","-4.59","1987500","1987500","2600","760","52000","38"
"2016-04-05","3.81","545000","545000","2725","200","54500","10"
"2016-04-01","2.94","476500","476500","2625","180","52500","9"
"2016-03-30","0","19482010","19482010","2550","7640","51005","382"
"2016-03-29","2","867000","867000","2550","340","51000","17"
"2016-03-24","-1.96","450000","450000","2500","180","50000","9"
"2016-03-22","5.15","153000","153000","2550","60","51000","3"
"2016-03-18","6.59","48500","48500","2425","20","48500","1"
"2016-03-16","0.44","910190","910190","2275","400","45505","20"
"2016-03-14","-5.63","3043520","3043520","2265","1340","45305","67"
"2016-03-11","-5.88","1398000","1398000","2400","580","48000","29"
"2016-03-10","-1.92","153000","153000","2550","60","51000","3"
"2016-03-09","0","520000","520000","2600","200","52000","10"
"2016-03-07","2.2","52000","52000","2600","20","52000","1"
"2016-03-04","-5","1403160","1403160","2544","540","50875","27"
"2016-03-03","-2.62","163070","163070","2678","60","53560","3"
"2016-03-01","-5.01","778000","778000","2750","280","55000","14"
"2016-02-29","-0.17","634100","634100","2895","220","57900","11"
"2016-02-22","0","638000","638000","2900","220","58000","11"
"2016-02-19","0","10382000","10382000","2900","3580","58000","179"
"2016-02-18","3.57","68755975","68755975","2900","23740","58000","1187"
"2016-02-17","4.67","5600000","5600000","2800","2000","56000","100"
"2016-02-16","2.02","34561000","34561000","2675","12920","53500","646"
"2016-02-15","-1.98","786450","786450","2622","300","52430","15"
"2016-02-12","0","53500","53500","2675","20","53500","1"
"2016-02-11","0","1069890","1069890","2675","400","53495","20"
"2016-02-09","0","320500","320500","2675","120","53500","6"
"2016-02-08","0","214000","214000","2675","80","53500","4"
"2016-02-05","7","607000","607000","2675","240","53500","12"
"2016-02-04","0","100000","100000","2500","40","50000","2"
"2016-02-02","0","450005","450005","2500","180","50000","9"
"2016-02-01","0","450045","450045","2500","180","50005","9"
"2016-01-29","1.01","2000000","2000000","2500","800","50000","40"
"2016-01-28","2.06","17127000","17127000","2475","6920","49500","346"
"2016-01-27","0","14550000","14550000","2425","6000","48500","300"
"2016-01-22","0.21","291000","291000","2425","120","48500","6"
"2016-01-21","0","193600","193600","2420","80","48400","4"
"2016-01-20","1.68","48400","48400","2420","20","48400","1"
"2016-01-19","-0.83","333200","333200","2380","140","47600","7"
"2016-01-18","-0.83","144000","144000","2400","60","48000","3"
"2016-01-13","0.83","528400","528400","2420","220","48400","11"
"2016-01-12","-0.83","480000","480000","2400","200","48000","10"
"2016-01-08","0","23562800","23562800","2420","9740","48400","487"
"2016-01-07","1.89","761435","761435","2420","320","48400","16"
"2016-01-06","-5","628030","628030","2375","260","47505","13"
"2016-01-05","2.04","50000","50000","2500","20","50000","1"
"2016-01-04","-2","99000","99000","2450","40","49000","2"
"2015-12-31","5.26","739500","739500","2500","300","50000","15"
"2015-12-30","0","522555","522555","2375","220","47505","11"
"2015-12-29","-1.04","427545","427545","2375","180","47505","9"
"2015-12-28","-1.03","96500","96500","2400","40","48000","2"
"2015-12-23","2.11","145500","145500","2425","60","48500","3"
"2015-12-22","-5","332500","332500","2375","140","47500","7"
"2015-12-18","5.26","50000","50000","2500","20","50000","1"
"2015-12-17","-3.06","1430000","1430000","2375","600","47500","30"
"2015-12-14","0","9947015","9947015","2450","4060","49000","203"
"2015-12-11","2.08","49000","49000","2450","20","49000","1"
"2015-12-07","0","768000","768000","2400","320","48000","16"
"2015-12-04","1.05","192000","192000","2400","80","48000","4"
"2015-12-03","0","7505595","7505595","2375","3160","47500","158"
"2015-12-02","-3.06","332535","332535","2375","140","47505","7"
"2015-11-30","0","49000","49000","2450","20","49000","1"
"2015-11-27","-2","245000","245000","2450","100","49000","5"
"2015-11-23","0","49995","49995","2500","20","49995","1"
"2015-11-19","0","50000","50000","2500","20","50000","1"
"2015-11-18","0","8100000","8100000","2500","3240","50000","162"
"2015-11-17","0","500000","500000","2500","200","50000","10"
"2015-11-16","-0.99","12189095","12189095","2500","4820","50000","241"
"2015-11-12","0","50500","50500","2525","20","50500","1"
"2015-11-10","0","1061515","1061515","2525","420","50500","21"
"2015-11-06","0","2525000","2525000","2525","1000","50500","50"
"2015-11-05","1","50500","50500","2525","20","50500","1"
"2015-11-03","1.01","22500000","22500000","2500","9000","50000","450"
"2015-11-02","0","495000","495000","2475","200","49500","10"
"2015-10-28","3.13","35282170","35282170","2475","14400","49500","720"
"2015-10-27","-2.04","1318000","1318000","2400","540","48000","27"
"2015-10-26","0","245000","245000","2450","100","49000","5"
"2015-10-22","0","14408000","14408000","2450","5880","49000","294"
"2015-10-20","0","15043000","15043000","2450","6140","49000","307"
"2015-10-16","0","6027000","6027000","2450","2460","49000","123"
"2015-10-15","0","49000","49000","2450","20","49000","1"
"2015-10-14","0","1225000","1225000","2450","500","49000","25"
"2015-10-13","-1.01","46795000","46795000","2450","19100","49000","955"
"2015-10-12","1.02","990000","990000","2475","400","49500","20"
"2015-10-09","0","6270560","6270560","2450","2560","49000","128"
"2015-10-08","0","97990","97990","2450","40","48995","2"
"2015-10-07","0","1617000","1617000","2450","660","49000","33"
"2015-10-05","0","490000","490000","2450","200","49000","10"
"2015-10-01","0","2146000","2146000","2450","880","49000","44"
"2015-09-30","4.26","239000","239000","2450","100","49000","5"
"2015-09-29","-6","544000","544000","2350","220","47000","11"
"2015-09-28","-5.66","13970000","13970000","2500","5500","50000","275"
"2015-09-22","-1.85","53000","53000","2650","20","53000","1"
"2015-09-18","0","269995","269995","2700","100","54000","5"
"2015-09-17","1.89","853500","853500","2700","320","54000","16"
"2015-09-16","-1.85","159000","159000","2650","60","53000","3"
"2015-09-14","0","1025530","1025530","2700","380","54000","19"
"2015-09-10","-1.82","432000","432000","2700","160","54000","8"
"2015-09-09","0","2585000","2585000","2750","940","55000","47"
"2015-09-08","-3.47","165000","165000","2750","60","55000","3"
"2015-09-03","7.51","2091975","2091975","2849","760","56975","38"
"2015-09-02","-7.02","159000","159000","2650","60","53000","3"
"2015-08-31","0","228000","228000","2850","80","57000","4"
"2015-08-28","0","3249000","3249000","2850","1140","57000","57"
"2015-08-27","0","21147000","21147000","2850","7420","57000","371"
"2015-08-26","0","114000","114000","2850","40","57000","2"
"2015-08-25","0","57000","57000","2850","20","57000","1"
"2015-08-24","0","57000","57000","2850","20","57000","1"
"2015-08-21","0","114000","114000","2850","40","57000","2"
"2015-08-19","-5.16","35913100","35913100","2850","12600","57000","630"
"2015-08-18","5.44","60100","60100","3005","20","60100","1"
"2015-08-17","0","57000","57000","2850","20","57000","1"
"2015-08-14","-3.39","1140000","1140000","2850","400","57000","20"
"2015-08-13","0","58995","58995","2950","20","58995","1"
"2015-08-11","0","118000","118000","2950","40","59000","2"
"2015-08-10","0","253640975","253640975","2950","85980","59000","4299"
"2015-08-05","3.51","822000","822000","2950","280","59000","14"
"2015-08-03","0","171000","171000","2850","60","57000","3"
"2015-07-31","-0.35","6119000","6119000","2850","2140","57000","107"
"2015-07-30","0.35","343200","343200","2860","120","57200","6"
"2015-07-29","0","171500","171500","2850","60","57000","3"
"2015-07-24","0","627000","627000","2850","220","57000","11"
"2015-07-21","1.79","739000","739000","2850","260","57000","13"
"2015-07-20","1.82","448000","448000","2800","160","56000","8"
"2015-07-16","0","128920015","128920015","2750","46880","55005","2344"
"2015-07-13","0","2805000","2805000","2750","1020","55000","51"
"2015-07-09","0","274975","274975","2750","100","54995","5"
"2015-07-08","0","55000","55000","2750","20","55000","1"
"2015-07-06","-1.79","5611000","5611000","2750","2040","55000","102"
"2015-06-29","1.82","5439000","5439000","2800","1960","56000","98"
"2015-06-26","3.77","166000","166000","2750","60","55000","3"
"2015-06-24","-2.89","6087000","6087000","2650","2280","53000","114"
"2015-06-23","-7.49","227150","227150","2729","80","54575","4"
"2015-06-22","-1.99","59000","59000","2950","20","59000","1"
"2015-06-18","7.5","10172000","10172000","3010","3400","60200","170"
"2015-06-17","4.87","112000","112000","2800","40","56000","2"
"2015-06-16","-0.04","1441800","1441800","2670","540","53400","27"
"2015-06-15","7.48","801375","801375","2671","300","53425","15"
"2015-06-12","0","546700","546700","2485","220","49700","11"
"2015-06-11","7.48","497000","497000","2485","200","49700","10"
"2015-06-09","7.48","462350","462350","2312","200","46235","10"
"2015-06-04","0.05","1935420","1935420","2151","900","43010","45"
"2015-06-02","1.18","1075000","1075000","2150","500","43000","25"
"2015-06-01","1.19","8202500","8202500","2125","3860","42500","193"
"2015-05-29","0","12600000","12600000","2100","6000","42000","300"
"2015-05-28","-0.24","84000","84000","2100","40","42000","2"
"2015-05-27","1.99","1599800","1599800","2105","760","42100","38"
"2015-05-22","-3.01","4090125","4090125","2064","1920","41275","96"
"2015-05-21","-7.48","13099950","13099950","2128","5940","42550","297"
"2015-05-20","-2.13","9793040","9793040","2300","4220","46000","211"
"2015-05-15","2.17","235000","235000","2350","100","47000","5"
"2015-05-12","-4.17","370300","370300","2300","160","46000","8"
"2015-05-11","0","96000","96000","2400","40","48000","2"
"2015-05-08","2.13","384000","384000","2400","160","48000","8"
"2015-04-30","0","47000","47000","2350","20","47000","1"
"2015-04-28","4.44","47000","47000","2350","20","47000","1"
"2015-04-27","-0.04","6531000","6531000","2250","2900","45000","145"
"2015-04-24","-4.21","450100","450100","2251","200","45010","10"
"2015-04-23","4.44","2585000","2585000","2350","1100","47000","55"
"2015-04-22","-4.26","947000","947000","2250","420","45000","21"
"2015-04-21","4.68","752000","752000","2350","320","47000","16"
"2015-04-20","0","4890900","4890900","2245","2180","44900","109"
"2015-04-17","-0.13","1347000","1347000","2245","600","44900","30"
"2015-04-16","-0.09","488750","488750","2248","220","44950","11"
"2015-04-15","2.27","1438000","1438000","2250","640","45000","32"
"2015-04-13","0","548000","548000","2200","240","44000","12"
"2015-04-10","-2.22","220000","220000","2200","100","44000","5"
"2015-04-09","0","269990","269990","2250","120","45000","6"
"2015-04-08","0","90000","90000","2250","40","45000","2"
"2015-04-07","-2.17","1305000","1305000","2250","580","45000","29"
"2015-04-03","0","2806000","2806000","2300","1220","46000","61"
"2015-04-02","-2.13","230000","230000","2300","100","46000","5"
"2015-04-01","0","564000","564000","2350","240","47000","12"
"2015-03-31","-0.42","235000","235000","2350","100","47000","5"
"2015-03-30","-1.58","14491250","14491250","2360","6140","47200","307"
"2015-03-26","-0.08","95900","95900","2398","40","47950","2"
"2015-03-25","0","480000","480000","2400","200","48000","10"
"2015-03-24","0","95990","95990","2400","40","47995","2"
"2015-03-20","0","4752000","4752000","2400","1980","48000","99"
"2015-03-19","0","912000","912000","2400","380","48000","19"
"2015-03-18","-2.04","144000","144000","2400","60","48000","3"
"2015-03-17","0","6125000","6125000","2450","2500","49000","125"
"2015-03-16","0","1861810","1861810","2450","760","48995","38"
"2015-03-13","0","392000","392000","2450","160","49000","8"
"2015-03-12","0","5978000","5978000","2450","2440","49000","122"
"2015-03-11","0","30919000","30919000","2450","12620","49000","631"
"2015-03-10","0","49000","49000","2450","20","49000","1"
"2015-03-09","0","931000","931000","2450","380","49000","19"
"2015-03-06","0","1472005","1472005","2450","600","49000","30"
"2015-03-05","0","2009400","2009400","2450","820","49000","41"
"2015-03-04","0","27097000","27097000","2450","11060","49000","553"
"2015-03-03","0","7349750","7349750","2450","3000","49000","150"
"2015-03-02","0","98000","98000","2450","40","49000","2"
"2015-02-27","0","343000","343000","2450","140","49000","7"
"2015-02-26","-5.95","297050","297050","2450","120","49000","6"
"2015-02-25","-1.7","156300","156300","2605","60","52100","3"
"2015-02-23","0","582960","582960","2650","220","53000","11"
"2015-02-19","0","477000","477000","2650","180","53000","9"
"2015-02-18","0","424000","424000","2650","160","53000","8"
"2015-02-17","0","3975000","3975000","2650","1500","53000","75"
"2015-02-16","-0.04","212020","212020","2650","80","53000","4"
"2015-02-13","0","1378895","1378895","2651","520","53010","26"
"2015-02-10","0","53010","53010","2651","20","53010","1"
"2015-02-05","0.04","1272240","1272240","2651","480","53010","24"
"2015-02-03","1.73","265000","265000","2650","100","53000","5"
"2015-02-02","-0.76","833600","833600","2605","320","52100","16"
"2015-01-26","-0.94","157500","157500","2625","60","52500","3"
"2015-01-23","0","2120000","2120000","2650","800","53000","40"
"2015-01-22","0","1961000","1961000","2650","740","53000","37"
"2015-01-21","0","106000","106000","2650","40","53000","2"
"2015-01-15","0","106000","106000","2650","40","53000","2"
"2015-01-12","0","265000","265000","2650","100","53000","5"
"2015-01-09","0","2226205","2226205","2650","840","53000","42"
"2015-01-08","0","689065","689065","2650","260","53005","13"
"2015-01-07","-3.64","159015","159015","2650","60","53005","3"
"2014-12-31","0","165000","165000","2750","60","55000","3"
"2014-12-29","0.77","165000","165000","2750","60","55000","3"
"2014-12-26","-7.49","1368800","1368800","2729","500","54575","25"
"2014-12-23","-1.67","59000","59000","2950","20","59000","1"
"2014-12-16","0","28380000","28380000","3000","9460","60000","473"
"2014-12-12","-6.98","120100","120100","3000","40","60000","2"
"2014-12-10","0","3547500","3547500","3225","1100","64500","55"
"2014-12-09","7.5","322500","322500","3225","100","64500","5"
"2014-12-04","7.14","7920000","7920000","3000","2640","60000","132"
"2014-12-03","0","168000","168000","2800","60","56000","3"
"2014-12-02","0","56000","56000","2800","20","56000","1"
"2014-11-28","0","56000","56000","2800","20","56000","1"
"2014-11-27","-6.67","56000","56000","2800","20","56000","1"
"2014-11-20","5.26","9000000","9000000","3000","3000","60000","150"
"2014-11-19","7.34","228000","228000","2850","80","57000","4"
"2014-11-10","-0.78","53100","53100","2655","20","53100","1"
"2014-11-07","0.98","267550","267550","2676","100","53510","5"
"2014-11-05","0","106000","106000","2650","40","53000","2"
"2014-11-03","0","33337000","33337000","2650","12580","53000","629"
"2014-10-31","1.92","727000","727000","2650","280","53000","14"
"2014-10-29","0","207900","207900","2600","80","52000","4"
"2014-10-28","-1.89","52000","52000","2600","20","52000","1"
"2014-10-23","0","24380000","24380000","2650","9200","53000","460"
"2014-10-22","0","954000","954000","2650","360","53000","18"
"2014-10-20","0","23108000","23108000","2650","8720","53000","436"
"2014-10-17","0","848150","848150","2650","320","53000","16"
"2014-10-15","-0.11","11554350","11554350","2650","4360","53000","218"
"2014-10-13","0","1486465","1486465","2653","560","53050","28"
"2014-10-10","2.04","53050","53050","2653","20","53050","1"
"2014-09-30","0.78","259600","259600","2600","100","52000","5"
"2014-09-25","1.18","258005","258005","2580","100","51600","5"
"2014-09-22","0","510000","510000","2550","200","51000","10"
"2014-09-09","0.99","862515","862515","2550","340","51000","17"
"2014-09-04","0.96","252500","252500","2525","100","50500","5"
"2014-09-03","0.04","600155","600155","2501","240","50010","12"
"2014-09-01","0","3400010","3400010","2500","1360","50000","68"
"2014-08-26","0","700000","700000","2500","280","50000","14"
"2014-08-21","0","299970","299970","2500","120","49995","6"
"2014-08-20","5.26","193995","193995","2500","80","49995","4"
"2014-08-14","5.32","760000","760000","2375","320","47500","16"
"2014-08-13","0.62","270600","270600","2255","120","45100","6"
"2014-08-11","-5.64","2254065","2254065","2241","1020","44815","51"
"2014-08-08","-6.86","47500","47500","2375","20","47500","1"
"2014-08-06","0","612000","612000","2550","240","51000","12"
"2014-08-05","-7.27","714000","714000","2550","280","51000","14"
"2014-08-04","-0.9","2653000","2653000","2750","960","55000","48"
"2014-08-01","-7.5","166500","166500","2775","60","55500","3"
"2014-07-31","-0.2","60000","60000","3000","20","60000","1"
"2014-07-30","-7.51","120250","120250","3006","40","60125","2"
"2014-07-25","-1.52","130000","130000","3250","40","65000","2"
"2014-07-23","0","66000","66000","3300","20","66000","1"
"2014-07-17","-5.71","990000","990000","3300","300","66000","15"
"2014-07-16","-5.41","70000","70000","3500","20","70000","1"
"2014-07-09","0","1479270","1479270","3700","400","74000","20"
"2014-06-26","0","74000","74000","3700","20","74000","1"
"2014-06-20","-1.33","73995","73995","3700","20","73995","1"
"2014-06-11","0","149000","149000","3750","40","75000","2"
"2014-06-06","0","225000","225000","3750","60","75000","3"
"2014-06-05","0","75000","75000","3750","20","75000","1"
"2014-06-03","0","225000","225000","3750","60","75000","3"
"2014-06-02","-1.96","75000","75000","3750","20","75000","1"
"2014-05-30","0","612000","612000","3825","160","76500","8"
"2014-05-28","0.13","306000","306000","3825","80","76500","4"
"2014-05-19","-0.13","229200","229200","3820","60","76400","3"
"2014-05-16","0","76500","76500","3825","20","76500","1"
"2014-05-14","-0.47","76500","76500","3825","20","76500","1"
"2014-05-13","0","153700","153700","3843","40","76850","2"
"2014-05-12","0","1235900","1235900","3843","320","76850","16"
"2014-05-02","0.03","768500","768500","3843","200","76850","10"
"2014-04-28","-0.03","461070","461070","3842","120","76845","6"
"2014-04-16","0","11527500","11527500","3843","3000","76850","150"
"2014-04-11","-0.18","76850","76850","3843","20","76850","1"
"2014-04-07","0.08","307940","307940","3850","80","77000","4"
"2014-04-04","7.46","76940","76940","3847","20","76940","1"
"2014-04-02","0","71600","71600","3580","20","71600","1"
"2014-04-01","0","143200","143200","3580","40","71600","2"
"2014-03-31","2.29","5007200","5007200","3580","1400","71600","70"
"2014-03-28","0","70000","70000","3500","20","70000","1"
"2014-03-25","0","140000","140000","3500","40","70000","2"
"2014-03-17","5.26","140000","140000","3500","40","70000","2"
"2014-03-13","-3.62","6317975","6317975","3325","1900","66505","95"
"2014-03-12","0","404000","404000","3450","120","69000","6"
"2014-03-10","0","138000","138000","3450","40","69000","2"
"2014-03-06","0","1518000","1518000","3450","440","69000","22"
"2014-03-05","-3.98","414000","414000","3450","120","69000","6"
"2014-02-28","-0.19","11496560","11496560","3593","3200","71850","160"
"2014-02-27","-0.69","71995","71995","3600","20","71995","1"
"2014-02-25","3.57","8700000","8700000","3625","2400","72500","120"
"2014-02-24","0","70000","70000","3500","20","70000","1"
"2014-02-21","-2.86","795000","795000","3500","220","70000","11"
"2014-02-18","7.49","144110","144110","3603","40","72055","2"
"2014-02-14","0.03","536245","536245","3352","160","67030","8"
"2014-02-07","0","670150","670150","3351","200","67015","10"
"2014-02-06","0.03","67015","67015","3351","20","67015","1"
"2014-01-29","0","1139105","1139105","3350","340","67005","17"
"2014-01-27","-0.03","536040","536040","3350","160","67005","8"
"2014-01-24","0","1675375","1675375","3351","500","67015","25"
"2014-01-22","0.03","804125","804125","3351","240","67010","12"
"2014-01-16","0.75","871000","871000","3350","260","67000","13"
"2014-01-14","0.76","133000","133000","3325","40","66500","2"
"2014-01-08","0","66005","66005","3300","20","66005","1"
"2014-01-07","0","132000","132000","3300","40","66000","2"
"2014-01-03","1.54","9636000","9636000","3300","2920","66000","146"
"2013-12-31","2.36","845000","845000","3250","260","65000","13"
"2013-12-24","3.76","825565","825565","3175","260","63505","13"
"2013-12-23","2","122400","122400","3060","40","61200","2"
"2013-12-20","3.45","840000","840000","3000","280","60000","14"
"2013-12-18","3.57","14986000","14986000","2900","5220","58000","261"
"2013-12-16","0","560000","560000","2800","200","56000","10"
"2013-12-11","1.3","56000","56000","2800","20","56000","1"
"2013-12-10","-6.97","1050225","1050225","2764","380","55275","19"
"2013-12-04","7.49","653620","653620","2971","220","59420","11"
"2013-12-02","0","1002925","1002925","2764","360","55275","18"
"2013-11-26","0","55275","55275","2764","20","55275","1"
"2013-11-25","7.51","442200","442200","2764","160","55275","8"
"2013-11-21","7.48","205680","205680","2571","80","51420","4"
"2013-11-20","0","47835","47835","2392","20","47835","1"
"2013-11-19","7.51","47835","47835","2392","20","47835","1"
"2013-11-18","0.95","885750","885750","2225","400","44500","20"
"2013-11-13","0","44075","44075","2204","20","44075","1"
"2013-11-12","7.51","44075","44075","2204","20","44075","1"
"2013-11-11","0","738000","738000","2050","360","41000","18"
"2013-11-08","0","82000","82000","2050","40","41000","2"
"2013-11-07","0","41000","41000","2050","20","41000","1"
"2013-11-06","0","82000","82000","2050","40","41000","2"
"2013-11-04","6.49","287000","287000","2050","140","41000","7"
"2013-10-30","0.26","2079270","2079270","1925","1080","38505","54"
"2013-10-28","0","38400","38400","1920","20","38400","1"
"2013-10-25","-6.34","38400","38400","1920","20","38400","1"
"2013-10-24","0","41000","41000","2050","20","41000","1"
"2013-10-23","0","205000","205000","2050","100","41000","5"
"2013-10-22","6.77","41000","41000","2050","20","41000","1"
"2013-10-18","-7.38","76800","76800","1920","40","38400","2"
"2013-10-16","0","41460","41460","2073","20","41460","1"
"2013-10-10","0","41460","41460","2073","20","41460","1"
"2013-10-03","7.47","414600","414600","2073","200","41460","10"
"2013-09-30","1.53","1619940","1619940","1929","840","38570","42"
"2013-09-27","0","38000","38000","1900","20","38000","1"
"2013-09-25","0","190000","190000","1900","100","38000","5"
"2013-09-24","-0.21","380000","380000","1900","200","38000","10"
"2013-09-17","-7.48","456960","456960","1904","240","38080","12"
"2013-09-16","-7.51","1252160","1252160","2058","580","41165","29"
"2013-09-02","0","1646500","1646500","2225","740","44500","37"
"2013-08-29","0","44500","44500","2225","20","44500","1"
"2013-08-27","0","133500","133500","2225","60","44500","3"
"2013-08-26","-0.13","400500","400500","2225","180","44500","9"
"2013-08-21","0.13","46465650","46465650","2228","20860","44550","1043"
"2013-08-20","0","3515500","3515500","2225","1580","44500","79"
"2013-08-19","0","44500","44500","2225","20","44500","1"
"2013-08-14","0","1691000","1691000","2225","760","44500","38"
"2013-08-02","0","89000","89000","2225","40","44500","2"
"2013-07-31","0","1780000","1780000","2225","800","44500","40"
"2013-07-30","0","2002500","2002500","2225","900","44500","45"
"2013-07-29","0","3337500","3337500","2225","1500","44500","75"
"2013-07-26","0","2892500","2892500","2225","1300","44500","65"
"2013-07-16","0","44500","44500","2225","20","44500","1"
"2013-07-03","0","7387000","7387000","2225","3320","44500","166"
"2013-07-01","0","400500","400500","2225","180","44500","9"
"2013-06-24","0","44500","44500","2225","20","44500","1"
"2013-06-20","0","44500","44500","2225","20","44500","1"
"2013-06-18","0","534000","534000","2225","240","44500","12"
"2013-06-17","0","756500","756500","2225","340","44500","17"
"2013-06-14","0","3337500","3337500","2225","1500","44500","75"
"2013-06-13","0","11703500","11703500","2225","5260","44500","263"
"2013-06-06","0","445000","445000","2225","200","44500","10"
"2013-05-29","0","1335150","1335150","2225","600","44505","30"
"2013-05-27","0","178000","178000","2225","80","44500","4"
"2013-05-22","0","109915000","109915000","2225","49400","44500","2470"
"2013-05-16","0","44500","44500","2225","20","44500","1"
"2013-05-15","0","44500","44500","2225","20","44500","1"
"2013-04-30","0","44500","44500","2225","20","44500","1"
"2013-04-24","0","222500","222500","2225","100","44500","5"
"2013-04-10","0","44500","44500","2225","20","44500","1"
"2013-04-05","0","44500","44500","2225","20","44500","1"
"2013-04-04","0","311500","311500","2225","140","44500","7"
"2013-03-15","0","1424000","1424000","2225","640","44500","32"
"2013-03-14","0","1157130","1157130","2225","520","44505","26"
"2013-02-25","0","2759310","2759310","2225","1240","44505","62"
"2013-02-21","1.14","623000","623000","2225","280","44500","14"
"2013-02-08","0","44000","44000","2200","20","44000","1"
"2013-02-06","0","44000","44000","2200","20","44000","1"
"2013-01-30","0","88000","88000","2200","40","44000","2"
"2013-01-11","0","132000","132000","2200","60","44000","3"
"2013-01-07","0","44000","44000","2200","20","44000","1"
"2013-01-03","0","176000","176000","2200","80","44000","4"
"2012-12-28","0","660000","660000","2200","300","44000","15"
"2012-12-26","0","132000","132000","2200","60","44000","3"
"2012-12-21","4.76","2200000","2200000","2200","1000","44000","50"
"2012-12-18","0","168000","168000","2100","80","42000","4"
"2012-12-12","0","1344000","1344000","2100","640","42000","32"
"2012-12-10","-4.55","336000","336000","2100","160","42000","8"
"2012-12-05","0","44000","44000","2200","20","44000","1"
"2012-11-30","0","660000","660000","2200","300","44000","15"
"2012-11-29","0","528000","528000","2200","240","44000","12"
"2012-11-28","0","351960","351960","2200","160","43995","8"
"2012-11-21","0","1056000","1056000","2200","480","44000","24"
"2012-11-20","0","1363845","1363845","2200","620","43995","31"
"2012-11-19","0","1759800","1759800","2200","800","43995","40"
"2012-11-16","0","615930","615930","2200","280","43995","14"
"2012-11-05","0","87990","87990","2200","40","43995","2"
"2012-10-19","0","43995","43995","2200","20","43995","1"
"2012-10-17","0","1759800","1759800","2200","800","43995","40"
"2012-10-15","0","264000","264000","2200","120","44000","6"
"2012-10-05","0","748000","748000","2200","340","44000","17"
"2012-09-25","0","440000","440000","2200","200","44000","10"
"2012-09-20","0","220000","220000","2200","100","44000","5"
"2012-09-18","0","440000","440000","2200","200","44000","10"
"2012-09-17","0","836000","836000","2200","380","44000","19"
"2012-09-07","0","44000","44000","2200","20","44000","1"
"2012-09-04","0","660000","660000","2200","300","44000","15"
"2012-09-03","0","132000","132000","2200","60","44000","3"
"2012-08-29","0","132000","132000","2200","60","44000","3"
"2012-08-23","0","440000","440000","2200","200","44000","10"
"2012-08-22","0","484000","484000","2200","220","44000","11"
"2012-08-09","0","836000","836000","2200","380","44000","19"
"2012-08-02","0","44000","44000","2200","20","44000","1"
"2012-07-31","0","440000","440000","2200","200","44000","10"
"2012-07-24","-1.12","484000","484000","2200","220","44000","11"
"2012-07-23","1.14","578500","578500","2225","260","44500","13"
"2012-07-13","0","220000","220000","2200","100","44000","5"
"2012-07-11","0","176000","176000","2200","80","44000","4"
"2012-07-10","0","132000","132000","2200","60","44000","3"
"2012-07-06","0","44000","44000","2200","20","44000","1"
"2012-07-05","0","968000","968000","2200","440","44000","22"
"2012-07-02","0","440000","440000","2200","200","44000","10"
"2012-06-29","0","968000","968000","2200","440","44000","22"
"2012-06-28","0","88000","88000","2200","40","44000","2"
"2012-06-27","0","1232000","1232000","2200","560","44000","28"
"2012-06-25","0","1540000","1540000","2200","700","44000","35"
"2012-06-21","0","2024000","2024000","2200","920","44000","46"
"2012-06-15","0","176000","176000","2200","80","44000","4"
"2012-06-14","0","528000","528000","2200","240","44000","12"
"2012-06-11","-4.35","352000","352000","2200","160","44000","8"
"2012-05-25","0","46000","46000","2300","20","46000","1"
"2012-05-23","0","46000","46000","2300","20","46000","1"
"2012-05-21","0","552000","552000","2300","240","46000","12"
"2012-05-18","0","276000","276000","2300","120","46000","6"
"2012-05-15","0","92000","92000","2300","40","46000","2"
"2012-05-14","0","46000","46000","2300","20","46000","1"
"2012-05-04","0","46000","46000","2300","20","46000","1"
"2012-04-23","-4.17","4968000","4968000","2300","2160","46000","108"
"2012-04-20","0","144000","144000","2400","60","48000","3"
"2012-04-05","0","48000","48000","2400","20","48000","1"
"2012-03-28","0","2400000","2400000","2400","1000","48000","50"
"2012-03-26","0","96000","96000","2400","40","48000","2"
"2012-03-23","0","2352000","2352000","2400","980","48000","49"
"2012-03-08","0","48000","48000","2400","20","48000","1"
"2012-03-07","6.67","1440000","1440000","2400","600","48000","30"
"2012-03-06","4.65","450000","450000","2250","200","45000","10"
"2012-02-29","0","215000","215000","2150","100","43000","5"
"2012-02-28","0","43000","43000","2150","20","43000","1"
"2012-02-24","0","2021000","2021000","2150","940","43000","47"
"2012-02-20","0","86000","86000","2150","40","43000","2"
"2012-02-08","0","86000","86000","2150","40","43000","2"
"2012-01-30","0","43000","43000","2150","20","43000","1"
"2012-01-25","-3.15","430000","430000","2150","200","43000","10"
"2012-01-24","-7.5","399600","399600","2220","180","44400","9"
"2012-01-17","0","480000","480000","2400","200","48000","10"
"2012-01-09","0","192000","192000","2400","80","48000","4"
"2012-01-06","0","48000","48000","2400","20","48000","1"
"2011-12-30","0","110016000","110016000","2400","45840","48000","2292"
"2011-12-23","0","4368455","4368455","2400","1820","48005","91"
"2011-12-22","-1.64","576060","576060","2400","240","48005","12"
"2011-12-21","0","48800","48800","2440","20","48800","1"
"2011-12-08","0","48800","48800","2440","20","48800","1"
"2011-12-07","0","48800","48800","2440","20","48800","1"
"2011-12-06","-2.4","488000","488000","2440","200","48800","10"
"2011-12-05","0","800000","800000","2500","320","50000","16"
"2011-11-21","0","3100000","3100000","2500","1240","50000","62"
"2011-11-17","0","350000","350000","2500","140","50000","7"
"2011-11-08","0","850000","850000","2500","340","50000","17"
"2011-10-25","0","100000","100000","2500","40","50000","2"
"2011-10-20","0","500000","500000","2500","200","50000","10"
"2011-10-18","2.04","900000","900000","2500","360","50000","18"
"2011-10-03","0","51499000","51499000","2450","21020","49000","1051"
"2011-09-23","0","98000","98000","2450","40","49000","2"
"2011-09-14","0","98000","98000","2450","40","49000","2"
"2011-09-12","0","49000","49000","2450","20","49000","1"
"2011-09-09","0","735000","735000","2450","300","49000","15"
"2011-09-06","-2","1911000","1911000","2450","780","49000","39"
"2011-08-22","0","500000","500000","2500","200","50000","10"
"2011-08-12","0","200000","200000","2500","80","50000","4"
"2011-08-11","0","2350000","2350000","2500","940","50000","47"
"2011-08-10","-1.96","850000","850000","2500","340","50000","17"
"2011-08-09","2","408000","408000","2550","160","51000","8"
"2011-07-27","0","50000","50000","2500","20","50000","1"
"2011-07-21","0","350000","350000","2500","140","50000","7"
"2011-07-20","0","50000","50000","2500","20","50000","1"
"2011-07-19","2.04","2150000","2150000","2500","860","50000","43"
"2011-07-13","2.08","2352000","2352000","2450","960","49000","48"
"2011-07-12","-2.04","480000","480000","2400","200","48000","10"
"2011-07-08","0","490000","490000","2450","200","49000","10"
"2011-07-07","-1.01","1568000","1568000","2450","640","49000","32"
"2011-07-06","1.52","3464300","3464300","2475","1400","49490","70"
"2011-06-15","0","438795","438795","2438","180","48755","9"
"2011-06-03","0","243750","243750","2438","100","48750","5"
"2011-02-10","-8","633750","633750","2438","260","48750","13"
"2011-01-21","0","106000","106000","2650","40","53000","2"
"2011-01-17","0","53000","53000","2650","20","53000","1"
"2011-01-05","-6.39","530000","530000","2650","200","53000","10"
"2010-12-30","7.48","3510750","3510750","2831","1240","56625","62"
"2010-12-23","7.51","12009900","12009900","2634","4560","52675","228"
"2010-12-20","0","40670000","40670000","2450","16600","49000","830"
"2010-12-15","-2","4361000","4361000","2450","1780","49000","89"
"2010-12-13","-6.82","750000","750000","2500","300","50000","15"
"2010-11-30","-7.48","429200","429200","2683","160","53650","8"
"2010-11-10","0","6902000","6902000","2900","2380","58000","119"
"2010-11-04","0","2320000","2320000","2900","800","58000","40"
"2010-11-03","0","1740000","1740000","2900","600","58000","30"
"2010-11-02","0","1218000","1218000","2900","420","58000","21"
"2010-10-29","-3.33","3712000","3712000","2900","1280","58000","64"
"2010-10-28","3.45","600000","600000","3000","200","60000","10"
"2010-10-25","0","1160000","1160000","2900","400","58000","20"
"2010-10-21","0","290000","290000","2900","100","58000","5"
"2010-10-20","0","6032000","6032000","2900","2080","58000","104"
"2010-10-18","0","1044000","1044000","2900","360","58000","18"
"2010-10-14","0","1218000","1218000","2900","420","58000","21"
"2010-10-13","0","2320000","2320000","2900","800","58000","40"
"2010-10-05","0","348000","348000","2900","120","58000","6"
"2010-10-01","0","174000","174000","2900","60","58000","3"
"2010-09-30","0","2088000","2088000","2900","720","58000","36"
"2010-09-28","0","754000","754000","2900","260","58000","13"
"2010-09-27","0","290000","290000","2900","100","58000","5"
"2010-09-24","3.57","638000","638000","2900","220","58000","11"
"2010-09-21","0","560000","560000","2800","200","56000","10"
"2010-09-20","3.7","5600000","5600000","2800","2000","56000","100"
"2010-09-14","0","1350000","1350000","2700","500","54000","25"
"2010-09-07","-6.9","2322000","2322000","2700","860","54000","43"
"2010-09-02","7.41","580000","580000","2900","200","58000","10"
"2010-09-01","0","2808000","2808000","2700","1040","54000","52"
"2010-08-30","-6.9","540000","540000","2700","200","54000","10"
"2010-08-27","2.76","1624000","1624000","2900","560","58000","28"
"2010-08-26","7.5","846525","846525","2822","300","56435","15"
"2010-08-25","3.92","787500","787500","2625","300","52500","15"
"2010-08-23","0","50525","50525","2526","20","50525","1"
"2010-08-19","0","303150","303150","2526","120","50525","6"
"2010-08-18","0","20311050","20311050","2526","8040","50525","402"
"2010-08-17","0","151575","151575","2526","60","50525","3"
"2010-08-12","0","2576775","2576775","2526","1020","50525","51"
"2010-08-11","0","50525","50525","2526","20","50525","1"
"2010-08-10","0","757875","757875","2526","300","50525","15"
"2010-08-06","0","252625","252625","2526","100","50525","5"
"2010-08-05","7.49","2021000","2021000","2526","800","50525","40"
"2010-08-04","6.82","3854000","3854000","2350","1640","47000","82"
"2010-08-03","2.28","4664000","4664000","2200","2120","44000","106"
"2010-07-30","4.93","817285","817285","2151","380","43015","19"
"2010-07-29","-4.7","6314000","6314000","2050","3080","41000","154"
"2010-07-28","-7.48","2666930","2666930","2151","1240","43015","62"
"2010-07-27","-3.04","1999500","1999500","2325","860","46500","43"
"2010-07-26","-0.12","15583750","15583750","2398","6500","47950","325"
"2010-07-22","-5.88","2737425","2737425","2401","1140","48025","57"
"2010-07-19","-0.04","510250","510250","2551","200","51025","10"
"2010-07-16","0","255175","255175","2552","100","51035","5"
"2010-07-15","-7.5","918630","918630","2552","360","51035","18"
"2010-07-13","-7.48","1765440","1765440","2759","640","55170","32"
"2010-07-06","-7.51","4294080","4294080","2982","1440","59640","72"
"2010-06-28","-7.49","709225","709225","3224","220","64475","11"
"2010-06-21","-4.52","557600","557600","3485","160","69700","8"
"2010-06-14","-0.14","102200000","102200000","3650","28000","73000","1400"
"2010-06-07","0.14","3655000","3655000","3655","1000","73100","50"
"2010-06-04","0","1971000","1971000","3650","540","73000","27"
"2010-05-28","0","73000","73000","3650","20","73000","1"
"2010-05-25","-0.14","262800000","262800000","3650","72000","73000","3600"
"2010-05-21","0","4971140","4971140","3655","1360","73105","68"
"2010-05-19","0","731050","731050","3655","200","73105","10"
"2010-05-18","0","731050","731050","3655","200","73105","10"
"2010-05-11","0","146210","146210","3655","40","73105","2"
"2010-05-10","0","731050","731050","3655","200","73105","10"
"2010-05-03","0","1462000","1462000","3655","400","73100","20"
"2010-04-27","0","365500","365500","3655","100","73100","5"
"2010-04-26","0","950300","950300","3655","260","73100","13"
"2010-04-20","0","1388900","1388900","3655","380","73100","19"
"2010-04-19","0","219300","219300","3655","60","73100","3"
"2010-04-12","0","146200","146200","3655","40","73100","2"
"2010-04-01","7.5","657900","657900","3655","180","73100","9"
"2010-03-25","0","57596000","57596000","3400","16940","68000","847"
"2010-03-24","0","136000","136000","3400","40","68000","2"
"2010-03-23","0","66164000","66164000","3400","19460","68000","973"
"2010-03-22","0","204000","204000","3400","60","68000","3"
"2010-03-19","0","680000","680000","3400","200","68000","10"
"2010-03-18","0","136000","136000","3400","40","68000","2"
"2010-03-17","0","4624000","4624000","3400","1360","68000","68"
"2010-03-12","0","136000","136000","3400","40","68000","2"
"2010-03-05","0","612000","612000","3400","180","68000","9"
"2010-03-02","0","1428000","1428000","3400","420","68000","21"
"2010-02-24","0","1224090","1224090","3400","360","68005","18"
"2010-02-23","0","476000","476000","3400","140","68000","7"
"2010-02-16","4.62","39372000","39372000","3400","11580","68000","579"
"2010-02-12","0","260020","260020","3250","80","65005","4"
"2010-02-11","-4.41","520040","520040","3250","160","65005","8"
"2010-02-09","0","68000","68000","3400","20","68000","1"
"2010-02-08","0","68000","68000","3400","20","68000","1"
"2010-02-02","0","48824000","48824000","3400","14360","68000","718"
"2010-01-29","0","680000","680000","3400","200","68000","10"
"2010-01-28","0","238000000","238000000","3400","70000","68000","3500"
"2010-01-27","0","1360000","1360000","3400","400","68000","20"
"2010-01-26","0","34476000","34476000","3400","10140","68000","507"
"2010-01-20","0","476000","476000","3400","140","68000","7"
"2010-01-19","0","2584000","2584000","3400","760","68000","38"
"2010-01-18","-2.86","13736000","13736000","3400","4040","68000","202"
"2010-01-13","2.94","2870000","2870000","3500","820","70000","41"
"2010-01-12","0","3196000","3196000","3400","940","68000","47"
"2010-01-08","2.01","3400000","3400000","3400","1000","68000","50"
"2010-01-06","0","2666600","2666600","3333","800","66665","40"
"2010-01-05","0","599895","599895","3333","180","66655","9"
"2010-01-04","7.52","533240","533240","3333","160","66655","8"
"2009-12-31","0","18601500","18601500","3100","6000","62005","300"
"2009-12-30","1.61","3720300","3720300","3100","1200","62005","60"
"2009-12-29","0.03","12813150","12813150","3051","4200","61015","210"
"2009-12-28","0","244000","244000","3050","80","61000","4"
"2009-12-24","1.67","610000","610000","3050","200","61000","10"
"2009-12-16","0","12360000","12360000","3000","4120","60000","206"
"2009-12-14","0","1560000","1560000","3000","520","60000","26"
"2009-12-11","0","1800000","1800000","3000","600","60000","30"
"2009-12-10","-1.64","540000","540000","3000","180","60000","9"
"2009-12-09","0","2745000","2745000","3050","900","61000","45"
"2009-12-03","-6.98","1586000","1586000","3050","520","61000","26"
"2009-12-01","0","65570","65570","3279","20","65570","1"
"2009-11-30","7.51","1180260","1180260","3279","360","65570","18"
"2009-11-25","0","488040","488040","3050","160","61005","8"
"2009-11-24","5.61","488000","488000","3050","160","61000","8"
"2009-11-20","24.22","3176525","3176525","2888","1100","57755","55"
"2009-11-04","0","33805500","33805500","2325","14540","46500","727"
"2009-11-03","0","2371500","2371500","2325","1020","46500","51"
"2009-10-30","-1.06","3999000","3999000","2325","1720","46500","86"
"2009-10-29","0","47000","47000","2350","20","47000","1"
"2009-10-28","0","141000","141000","2350","60","47000","3"
"2009-10-27","0","141000","141000","2350","60","47000","3"
"2009-10-26","0","376000","376000","2350","160","47000","8"
"2009-10-23","0","329000","329000","2350","140","47000","7"
"2009-10-22","0","376000","376000","2350","160","47000","8"
"2009-10-21","0","517000","517000","2350","220","47000","11"
"2009-10-19","0","188000","188000","2350","80","47000","4"
"2009-10-16","0","47000","47000","2350","20","47000","1"
"2009-10-15","0","2632000","2632000","2350","1120","47000","56"
"2009-10-14","-6","1410000","1410000","2350","600","47000","30"
"2009-10-13","6.38","236976300","236976300","2500","94800","49995","4740"
"2009-10-12","0","611000","611000","2350","260","47000","13"
"2009-10-08","-0.13","705000","705000","2350","300","47000","15"
"2009-10-07","-5.88","1788280","1788280","2353","760","47060","38"
"2009-10-05","-1.73","1049895","1049895","2500","420","49995","21"
"2009-09-28","0","305250","305250","2544","120","50875","6"
"2009-09-25","0","152625","152625","2544","60","50875","3"
"2009-09-24","-7.49","1322750","1322750","2544","520","50875","26"
"2009-09-21","0","660000","660000","2750","240","55000","12"
"2009-09-14","0","165000","165000","2750","60","55000","3"
"2009-09-11","-1.79","1485000","1485000","2750","540","55000","27"
"2009-09-09","-0.36","560000","560000","2800","200","56000","10"
"2009-09-08","-1.4","899280","899280","2810","320","56205","16"
"2009-09-07","3.64","1425000","1425000","2850","500","57000","25"
"2009-09-04","-1.79","1375000","1375000","2750","500","55000","25"
"2009-09-03","-0.36","3528000","3528000","2800","1260","56000","63"
"2009-09-01","0.18","1067895","1067895","2810","380","56205","19"
"2009-08-20","0","112200","112200","2805","40","56100","2"
"2009-08-19","0","168300","168300","2805","60","56100","3"
"2009-08-06","0","392700","392700","2805","140","56100","7"
"2009-08-04","0.18","6171000","6171000","2805","2200","56100","110"
"2009-07-23","0","280000","280000","2800","100","56000","5"
"2009-07-22","-3.45","1400000","1400000","2800","500","56000","25"
"2009-07-21","3.2","2900000","2900000","2900","1000","58000","50"
"2009-07-20","0.36","674400","674400","2810","240","56200","12"
"2009-07-02","0","168000","168000","2800","60","56000","3"
"2009-06-26","0","728000","728000","2800","260","56000","13"
"2009-06-24","0","1848000","1848000","2800","660","56000","33"
"2009-06-23","0","4760000","4760000","2800","1700","56000","85"
"2009-06-22","0","784000","784000","2800","280","56000","14"
"2009-06-19","0","168000","168000","2800","60","56000","3"
"2009-06-18","1.82","1456000","1456000","2800","520","56000","26"
"2009-06-16","-1.79","770000","770000","2750","280","55000","14"
"2009-06-15","0","2072000","2072000","2800","740","56000","37"
"2009-06-12","0","672000","672000","2800","240","56000","12"
"2009-06-11","0","112000","112000","2800","40","56000","2"
"2009-06-10","16.67","1736000","1736000","2800","620","56000","31"
"2009-05-20","0","96000","96000","2400","40","48000","2"
"2009-05-19","0","384000","384000","2400","160","48000","8"
"2009-05-15","0","144000","144000","2400","60","48000","3"
"2009-05-06","0","1776000","1776000","2400","740","48000","37"
"2009-05-05","0","48000","48000","2400","20","48000","1"
"2009-05-04","0","48000","48000","2400","20","48000","1"
"2009-04-28","0","2064000","2064000","2400","860","48000","43"
"2009-04-23","0","144000","144000","2400","60","48000","3"
"2009-04-21","0","96000","96000","2400","40","48000","2"
"2009-04-17","0","480000","480000","2400","200","48000","10"
"2009-04-16","0","288000","288000","2400","120","48000","6"
"2009-04-15","0","96000","96000","2400","40","48000","2"
"2009-04-10","0","48000","48000","2400","20","48000","1"
"2009-04-09","-3.03","12000000","12000000","2400","5000","48000","250"
"2009-04-07","0","297000","297000","2475","120","49500","6"
"2009-04-01","0","297000","297000","2475","120","49500","6"
"2009-03-31","-1","594000","594000","2475","240","49500","12"
"2009-03-30","-1.96","450000","450000","2500","180","50000","9"
"2009-03-27","-1.92","15708000","15708000","2550","6160","51000","308"
"2009-03-24","-17.46","520000","520000","2600","200","52000","10"
"2009-03-11","-0.03","944850","944850","3150","300","62990","15"
"2009-03-03","-7.35","13422195","13422195","3151","4260","63015","213"
"2009-03-02","0","340075","340075","3401","100","68015","5"
"2009-02-18","0","1156255","1156255","3401","340","68015","17"
"2009-02-17","0","1496330","1496330","3401","440","68015","22"
"2009-02-13","0","68015","68015","3401","20","68015","1"
"2009-02-12","0","816180","816180","3401","240","68015","12"
"2009-02-10","0.03","2380525","2380525","3401","700","68015","35"
"2009-02-05","0","408000","408000","3400","120","68000","6"
"2009-02-04","0","1020000","1020000","3400","300","68000","15"
"2009-01-30","0","476000","476000","3400","140","68000","7"
"2009-01-29","0","408000","408000","3400","120","68000","6"
"2009-01-28","0","204000","204000","3400","60","68000","3"
"2009-01-27","0","748000","748000","3400","220","68000","11"
"2009-01-20","0","340000","340000","3400","100","68000","5"
"2009-01-19","0","1156000","1156000","3400","340","68000","17"
"2009-01-16","0","1360000","1360000","3400","400","68000","20"
"2009-01-15","0","204000","204000","3400","60","68000","3"
"2009-01-14","0","68000","68000","3400","20","68000","1"
"2009-01-13","0","272000","272000","3400","80","68000","4"
"2009-01-08","0","68000","68000","3400","20","68000","1"
"2009-01-07","0","340000","340000","3400","100","68000","5"
"2009-01-02","0","680000","680000","3400","200","68000","10"
"2008-12-30","0","340000","340000","3400","100","68000","5"
"2008-12-24","0","2516000","2516000","3400","740","68000","37"
"2008-12-16","-2.86","884000","884000","3400","260","68000","13"
"2008-12-11","0","70000","70000","3500","20","70000","1"
"2008-12-05","0","700000","700000","3500","200","70000","10"
"2008-11-25","-12.5","35070000","35070000","3500","10020","70000","501"
"2008-11-05","0","2000000","2000000","4000","500","80000","25"
"2008-11-03","0","4720000","4720000","4000","1180","80000","59"
"2008-10-31","0","5920000","5920000","4000","1480","80000","74"
"2008-10-30","0","960000","960000","4000","240","80000","12"
"2008-10-29","0","4960000","4960000","4000","1240","80000","62"
"2008-10-28","0","13440000","13440000","4000","3360","80000","168"
"2008-10-27","0","26000000","26000000","4000","6500","80000","325"
"2008-10-14","0","313520000","313520000","4000","78380","80000","3919"
"2008-10-13","-1.23","880000","880000","4000","220","80000","11"
"2008-10-10","0","1134000","1134000","4050","280","81000","14"
"2008-10-08","0","81000","81000","4050","20","81000","1"
"2008-10-07","0","3645000","3645000","4050","900","81000","45"
"2008-10-02","0","486000","486000","4050","120","81000","6"
"2008-10-01","0","1215000","1215000","4050","300","81000","15"
"2008-09-29","0","5346000","5346000","4050","1320","81000","66"
"2008-09-26","-0.25","3402000","3402000","4050","840","81000","42"
"2008-09-22","0","1218075","1218075","4060","300","81205","15"
"2008-09-19","0","1786400","1786400","4060","440","81200","22"
"2008-09-16","0","2436000","2436000","4060","600","81200","30"
"2008-09-12","0","4790800","4790800","4060","1180","81200","59"
"2008-09-11","0.25","3248000","3248000","4060","800","81200","40"
"2008-09-10","0","1539095","1539095","4050","380","81005","19"
"2008-09-09","0","810050","810050","4050","200","81005","10"
"2008-09-05","0","2025125","2025125","4050","500","81005","25"
"2008-09-04","0","243015","243015","4050","60","81005","3"
"2008-09-02","0","2511155","2511155","4050","620","81005","31"
"2008-09-01","1.25","5913000","5913000","4050","1460","81000","73"
"2008-08-29","0","2880000","2880000","4000","720","80000","36"
"2008-08-28","0","160000","160000","4000","40","80000","2"
"2008-08-21","0","15680000","15680000","4000","3920","80000","196"
"2008-08-18","2.56","1040000","1040000","4000","260","80000","13"
"2008-08-12","0","858055","858055","3900","220","78005","11"
"2008-08-11","0","1716110","1716110","3900","440","78005","22"
"2008-08-08","-2.5","11700750","11700750","3900","3000","78005","150"
"2008-08-06","2.56","640000","640000","4000","160","80000","8"
"2008-08-04","0","936060","936060","3900","240","78005","12"
"2008-08-01","0","78000","78000","3900","20","78000","1"
"2008-07-29","0","312000","312000","3900","80","78000","4"
"2008-07-25","0","156000","156000","3900","40","78000","2"
"2008-07-23","0","1404000","1404000","3900","360","78000","18"
"2008-07-22","0","390000","390000","3900","100","78000","5"
"2008-07-21","0","3120000","3120000","3900","800","78000","40"
"2008-07-15","5.38","43680000","43680000","3900","11200","78000","560"
"2008-07-10","0","1184240","1184240","3701","320","74015","16"
"2008-07-08","0.03","2664360","2664360","3701","720","74010","36"
"2008-07-02","2.35","740000","740000","3700","200","74000","10"
"2008-06-27","0","506100","506100","3615","140","72300","7"
"2008-06-24","0.42","7013100","7013100","3615","1940","72300","97"
"2008-06-17","0","144000","144000","3600","40","72000","2"
"2008-06-16","0","792000","792000","3600","220","72000","11"
"2008-06-10","0","72000","72000","3600","20","72000","1"
"2008-06-09","0","936000","936000","3600","260","72000","13"
"2008-06-05","-0.69","71928000","71928000","3600","19980","72000","999"
"2008-06-02","0.69","1812500","1812500","3625","500","72500","25"
"2008-05-23","0","1080000","1080000","3600","300","72000","15"
"2008-05-20","0","936000","936000","3600","260","72000","13"
"2008-05-19","0","3168000","3168000","3600","880","72000","44"
"2008-05-06","0","720000","720000","3600","200","72000","10"
"2008-05-02","0","72000","72000","3600","20","72000","1"
"2008-04-24","0","3600000","3600000","3600","1000","72000","50"
"2008-04-21","0","72000","72000","3600","20","72000","1"
"2008-04-15","0","9576000","9576000","3600","2660","72000","133"
"2008-04-10","0.42","936000","936000","3600","260","72000","13"
"2008-04-08","0","7744140","7744140","3585","2160","71705","108"
"2008-04-02","0.99","1434100","1434100","3585","400","71705","20"
"2008-03-31","0","71000","71000","3550","20","71000","1"
"2008-03-26","0","639000","639000","3550","180","71000","9"
"2008-03-18","6.45","639000","639000","3550","180","71000","9"
"2008-03-17","0","400230","400230","3335","120","66705","6"
"2008-03-06","0","3401955","3401955","3335","1020","66705","51"
"2008-03-04","0","2734905","2734905","3335","820","66705","41"
"2008-02-20","0","1934300","1934300","3335","580","66700","29"
"2008-02-18","0","333500","333500","3335","100","66700","5"
"2008-02-12","0","266800","266800","3335","80","66700","4"
"2008-02-11","0","266800","266800","3335","80","66700","4"
"2008-02-06","0","667000","667000","3335","200","66700","10"
"2008-01-29","0.45","600300","600300","3335","180","66700","9"
"2008-01-17","0","15936000","15936000","3320","4800","66400","240"
"2008-01-16","0","350592000","350592000","3320","105600","66400","5280"
"2008-01-11","0","332000","332000","3320","100","66400","5"
"2008-01-08","0","332000","332000","3320","100","66400","5"
"2007-12-28","0","66400","66400","3320","20","66400","1"
"2007-12-26","-0.9","1394400","1394400","3320","420","66400","21"
"2007-12-21","0.9","1340000","1340000","3350","400","67000","20"
"2007-12-14","0","66931200","66931200","3320","20160","66400","1008"
"2007-12-10","0","664000","664000","3320","200","66400","10"
"2007-12-07","0","597600","597600","3320","180","66400","9"
"2007-12-05","0","66400","66400","3320","20","66400","1"
"2007-11-29","-5.14","597600","597600","3320","180","66400","9"
"2007-11-27","0","1050000","1050000","3500","300","70000","15"
"2007-11-22","-1.35","560000","560000","3500","160","70000","8"
"2007-11-21","7.52","709500","709500","3548","200","70950","10"
"2007-11-16","0","66000","66000","3300","20","66000","1"
"2007-11-13","0","660000","660000","3300","200","66000","10"
"2007-11-08","0","594000","594000","3300","180","66000","9"
"2007-11-07","-0.75","4950000","4950000","3300","1500","66000","75"
"2007-11-06","0","598500","598500","3325","180","66500","9"
"2007-11-02","0","266000","266000","3325","80","66500","4"
"2007-10-31","0","931000","931000","3325","280","66500","14"
"2007-10-26","0","1662500","1662500","3325","500","66500","25"
"2007-10-19","0","399000","399000","3325","120","66500","6"
"2007-10-16","0.76","665000","665000","3325","200","66500","10"
"2007-10-11","0","66000","66000","3300","20","66000","1"
"2007-10-08","-0.03","726000","726000","3300","220","66000","11"
"2007-10-02","0.03","660150","660150","3301","200","66015","10"
"2007-10-01","-0.03","4950000","4950000","3300","1500","66000","75"
"2007-09-25","0.03","1980450","1980450","3301","600","66015","30"
"2007-09-19","0","264020","264020","3300","80","66005","4"
"2007-09-11","0","6270475","6270475","3300","1900","66005","95"
"2007-09-05","0","1056080","1056080","3300","320","66005","16"
"2007-09-03","0","990075","990075","3300","300","66005","15"
"2007-08-28","0","990075","990075","3300","300","66005","15"
"2007-08-27","0","330025","330025","3300","100","66005","5"
"2007-08-24","0","198015","198015","3300","60","66005","3"
"2007-08-23","0","1848140","1848140","3300","560","66005","28"
"2007-08-21","-6.38","990075","990075","3300","300","66005","15"
"2007-08-13","0","916500","916500","3525","260","70500","13"
"2007-08-10","0.71","7684500","7684500","3525","2180","70500","109"
"2007-08-09","0","699950","699950","3500","200","69995","10"
"2007-08-08","0","1400000","1400000","3500","400","70000","20"
"2007-08-03","0","700050","700050","3500","200","70005","10"
"2007-08-02","0","350025","350025","3500","100","70005","5"
"2007-07-31","0","420030","420030","3500","120","70005","6"
"2007-07-27","0","1050075","1050075","3500","300","70005","15"
"2007-07-26","0","1400100","1400100","3500","400","70005","20"
"2007-07-16","0","1400000","1400000","3500","400","70000","20"
"2007-07-12","0","1960000","1960000","3500","560","70000","28"
"2007-07-10","0","5110000","5110000","3500","1460","70000","73"
"2007-07-04","7.69","3150000","3150000","3500","900","70000","45"
"2007-06-29","0","650000","650000","3250","200","65000","10"
"2007-06-27","0","585000","585000","3250","180","65000","9"
"2007-06-26","-7.14","3315000","3315000","3250","1020","65000","51"
"2007-06-22","0","979930","979930","3500","280","69995","14"
"2007-06-21","2.94","700000","700000","3500","200","70000","10"
"2007-06-19","0","3400000","3400000","3400","1000","68000","50"
"2007-06-18","5.43","3399750","3399750","3400","1000","67995","50"
"2007-06-15","7.5","838500","838500","3225","260","64500","13"
"2007-06-14","0","11160000","11160000","3000","3720","60000","186"
"2007-06-13","0","300025","300025","3000","100","60005","5"
"2007-06-07","0","600050","600050","3000","200","60005","10"
"2007-06-05","0.84","1200000","1200000","3000","400","60000","20"
"2007-06-04","-6.97","654500","654500","2975","220","59500","11"
"2007-06-01","7.5","1343160","1343160","3198","420","63960","21"
"2007-05-31","0","297500","297500","2975","100","59500","5"
"2007-05-25","7.21","3867500","3867500","2975","1300","59500","65"
"2007-05-24","10.96","3718835","3718835","2775","1340","55505","67"
"2007-05-18","0","1600640","1600640","2501","640","50020","32"
"2007-05-16","0","50010","50010","2501","20","50010","1"
"2007-05-15","3.99","2550510","2550510","2501","1020","50010","51"
"2007-05-08","0","2116620","2116620","2405","880","48105","44"
"2007-05-04","0.21","384800","384800","2405","160","48100","8"
"2007-05-03","-4","384000","384000","2400","160","48000","8"
"2007-04-25","5.26","1550000","1550000","2500","620","50000","31"
"2007-04-19","0","712575","712575","2375","300","47505","15"
"2007-04-11","0","47500","47500","2375","20","47500","1"
"2007-04-06","2.59","1045000","1045000","2375","440","47500","22"
"2007-04-04","0","463050","463050","2315","200","46305","10"
"2007-03-30","0","1389000","1389000","2315","600","46300","30"
"2007-03-28","0.04","370400","370400","2315","160","46300","8"
"2007-03-27","0","231375","231375","2314","100","46275","5"
"2007-03-23","0","3007875","3007875","2314","1300","46275","65"
"2007-03-22","7.48","601575","601575","2314","260","46275","13"
"2007-03-14","5.02","990150","990150","2153","460","43050","23"
"2007-03-12","0","205000","205000","2050","100","41000","5"
"2007-03-07","0","2091000","2091000","2050","1020","41000","51"
"2007-03-06","0","123000","123000","2050","60","41000","3"
"2007-03-02","2.5","2460000","2460000","2050","1200","41000","60"
"2007-02-26","0","120000","120000","2000","60","40000","3"
"2007-02-23","0","840000","840000","2000","420","40000","21"
"2007-02-21","0","120000","120000","2000","60","40000","3"
"2007-02-19","0","4760000","4760000","2000","2380","40000","119"
"2007-02-16","0","4480000","4480000","2000","2240","40000","112"
"2007-02-15","0","320000","320000","2000","160","40000","8"
"2007-02-13","0","200000","200000","2000","100","40000","5"
"2007-02-09","0","280000","280000","2000","140","40000","7"
"2007-02-08","0","40000","40000","2000","20","40000","1"
"2007-02-06","0","40000","40000","2000","20","40000","1"
"2007-02-02","0","200000","200000","2000","100","40000","5"
"2007-01-25","0","840000","840000","2000","420","40000","21"
"2007-01-24","0","1640000","1640000","2000","820","40000","41"
"2007-01-23","0","320000","320000","2000","160","40000","8"
"2007-01-22","0","80000","80000","2000","40","40000","2"
"2007-01-19","-6.1","960000","960000","2000","480","40000","24"
"2006-12-29","0","468600","468600","2130","220","42600","11"
"2006-12-22","0","170400","170400","2130","80","42600","4"
"2006-12-20","0","255600","255600","2130","120","42600","6"
"2006-12-19","0","426000","426000","2130","200","42600","10"
"2006-12-15","0","639000","639000","2130","300","42600","15"
"2006-12-14","0","639000","639000","2130","300","42600","15"
"2006-12-12","0","255600","255600","2130","120","42600","6"
"2006-12-11","0","255600","255600","2130","120","42600","6"
"2006-12-08","0","1065000","1065000","2130","500","42600","25"
"2006-12-06","0","1022400","1022400","2130","480","42600","24"
"2006-12-05","0","255630","255630","2130","120","42605","6"
"2006-12-04","0","127815","127815","2130","60","42605","3"
"2006-11-24","0","1065125","1065125","2130","500","42605","25"
"2006-11-22","0.24","3834450","3834450","2130","1800","42605","90"
"2006-11-21","0","425000","425000","2125","200","42500","10"
"2006-11-14","1.19","1912500","1912500","2125","900","42500","45"
"2006-11-13","1.69","1092130","1092130","2100","520","42005","26"
"2006-11-03","0","41300","41300","2065","20","41300","1"
"2006-10-27","0","41300","41300","2065","20","41300","1"
"2006-10-26","2.99","1239000","1239000","2065","600","41300","30"
"2006-10-20","5.53","1042600","1042600","2005","520","40100","26"
"2006-10-18","0","646085","646085","1900","340","38005","17"
"2006-10-17","4.11","304000000","304000000","1900","160000","38000","8000"
"2006-10-13","7.16","1350500","1350500","1825","740","36500","37"
"2006-10-05","6.44","1362000","1362000","1703","800","34050","40"
"2006-10-04","0","128020","128020","1600","80","32005","4"
"2006-10-03","0.95","384060","384060","1600","240","32005","12"
"2006-09-22","0","31705","31705","1585","20","31705","1"
"2006-09-21","0","126820","126820","1585","80","31705","4"
"2006-09-20","0.63","317050","317050","1585","200","31705","10"
"2006-09-19","3.28","1071000","1071000","1575","680","31500","34"
"2006-09-11","0.93","1738785","1738785","1525","1140","30505","57"
"2006-09-06","0.53","967040","967040","1511","640","30220","32"
"2006-08-28","0.2","300500","300500","1503","200","30050","10"
"2006-08-25","0.74","450000","450000","1500","300","30000","15"
"2006-08-24","0","89325","89325","1489","60","29775","3"
"2006-08-22","7.51","714600","714600","1489","480","29775","24"
"2006-08-21","0.73","2077500","2077500","1385","1500","27700","75"
"2006-08-18","9.47","605000","605000","1375","440","27500","22"
"2006-08-04","0.32","201000","201000","1256","160","25125","8"
"2006-08-01","0.16","400480","400480","1252","320","25030","16"
"2006-07-25","0","375075","375075","1250","300","25005","15"
"2006-07-20","4.17","1350000","1350000","1250","1080","25000","54"
"2006-07-19","-4","312065","312065","1200","260","24005","13"
"2006-07-18","-3.47","750000","750000","1250","600","25000","30"
"2006-07-17","-0.38","932400","932400","1295","720","25900","36"
"2006-07-14","0","441915","441915","1300","340","25995","17"
"2006-07-13","0.78","260000","260000","1300","200","26000","10"
"2006-07-11","7.5","258000","258000","1290","200","25800","10"
"2006-07-05","0","504000","504000","1200","420","24000","21"
"2006-07-03","0","72000","72000","1200","60","24000","3"
"2006-06-30","0","744000","744000","1200","620","24000","31"
"2006-06-29","0","768000","768000","1200","640","24000","32"
"2006-06-27","0","120000","120000","1200","100","24000","5"
"2006-06-26","-4","1800000","1800000","1200","1500","24000","75"
"2006-06-23","2.04","375000","375000","1250","300","25000","15"
"2006-06-21","-2","1077780","1077780","1225","880","24495","44"
"2006-06-20","0","50000","50000","1250","40","25000","2"
"2006-06-19","0","4125000","4125000","1250","3300","25000","165"
"2006-06-15","0","175000","175000","1250","140","25000","7"
"2006-06-14","-13.19","1050000","1050000","1250","840","25000","42"
"2006-06-12","-0.69","287950","287950","1440","200","28795","10"
"2006-06-06","0","28990","28990","1450","20","28990","1"
"2006-06-02","-1.56","579800","579800","1450","400","28990","20"
"2006-05-30","-0.14","1030750","1030750","1473","700","29450","35"
"2006-05-26","0","442500","442500","1475","300","29500","15"
"2006-05-24","-7.81","1681500","1681500","1475","1140","29500","57"
"2006-05-22","0","32000","32000","1600","20","32000","1"
"2006-05-19","-1.17","992000","992000","1600","620","32000","31"
"2006-05-18","-7.49","744625","744625","1619","460","32375","23"
"2006-05-17","-5.41","524925","524925","1750","300","34995","15"
"2006-05-11","-5.13","3144575","3144575","1850","1700","36995","85"
"2006-05-10","-16.84","585000","585000","1950","300","39000","15"
"2006-03-10","-0.21","703425","703425","2345","300","46895","15"
"2006-03-08","-8.91","376000","376000","2350","160","47000","8"
"2006-01-09","0","103200","103200","2580","40","51600","2"
"2005-12-23","0","258000","258000","2580","100","51600","5"
"2005-12-22","7.5","535866000","535866000","2580","207700","51600","10385"
"2005-12-13","0","2688000","2688000","2400","1120","48000","56"
"2005-12-08","0","528000","528000","2400","220","48000","11"
"2005-12-06","0","6960000","6960000","2400","2900","48000","145"
"2005-11-18","0","12000000","12000000","2400","5000","48000","250"
"2005-11-08","0","96000","96000","2400","40","48000","2"
"2005-10-19","-2.04","960000","960000","2400","400","48000","20"
"2005-10-18","-3.92","490000","490000","2450","200","49000","10"
"2005-09-23","-5.56","407920","407920","2550","160","50990","8"
"2005-09-13","0","54000","54000","2700","20","54000","1"
"2005-09-01","-3.4","864000","864000","2700","320","54000","16"
"2005-08-30","-3.62","447200","447200","2795","160","55900","8"
"2005-08-17","-1.69","580000","580000","2900","200","58000","10"
"2005-07-27","0","177000","177000","2950","60","59000","3"
"2005-07-15","0","295000","295000","2950","100","59000","5"
"2005-07-11","0","826000","826000","2950","280","59000","14"
"2005-06-29","0","59000","59000","2950","20","59000","1"
"2005-06-23","0","413000","413000","2950","140","59000","7"
"2005-06-21","-10.61","531000","531000","2950","180","59000","9"
"2005-05-23","0","198000","198000","3300","60","66000","3"
"2005-05-19","0","66000","66000","3300","20","66000","1"
"2005-05-18","0","198000","198000","3300","60","66000","3"
"2005-05-13","0","1320000","1320000","3300","400","66000","20"
"2005-05-06","0","462000","462000","3300","140","66000","7"
"2005-04-29","0","132000","132000","3300","40","66000","2"
"2005-04-25","0","990000","990000","3300","300","66000","15"
"2005-04-18","0","1650000","1650000","3300","500","66000","25"
"2005-04-15","1.54","5940000","5940000","3300","1800","66000","90"
"2005-04-04","0","390000","390000","3250","120","65000","6"
"2005-03-31","0","5460000","5460000","3250","1680","65000","84"
"2005-03-25","0","1625000","1625000","3250","500","65000","25"
"2005-03-22","0","455000","455000","3250","140","65000","7"
"2005-03-18","0","1625000","1625000","3250","500","65000","25"
"2005-03-16","0","390000","390000","3250","120","65000","6"
"2005-03-15","0","1105000","1105000","3250","340","65000","17"
"2005-03-02","0","5135000","5135000","3250","1580","65000","79"
"2005-03-01","0","6955000","6955000","3250","2140","65000","107"
"2005-02-04","0","130000","130000","3250","40","65000","2"
"2005-01-28","0","65000","65000","3250","20","65000","1"
"2005-01-27","-1.52","1300000","1300000","3250","400","65000","20"
"2005-01-25","-7.3","594000","594000","3300","180","66000","9"
"2004-12-29","-0.42","996800","996800","3560","280","71200","14"
"2004-12-03","0","5434000","5434000","3575","1520","71500","76"
"2004-12-01","0","1144000","1144000","3575","320","71500","16"
"2004-11-30","-0.69","4862000","4862000","3575","1360","71500","68"
"2004-10-21","0","72000","72000","3600","20","72000","1"
"2004-10-20","0","576000","576000","3600","160","72000","8"
"2004-10-15","0","72000","72000","3600","20","72000","1"
"2004-10-11","0","1008000","1008000","3600","280","72000","14"
"2004-10-05","0","216000","216000","3600","60","72000","3"
"2004-10-01","0","8280000","8280000","3600","2300","72000","115"
"2004-09-29","2.86","576000","576000","3600","160","72000","8"
"2004-09-23","0","140000","140000","3500","40","70000","2"
"2004-09-22","0","140000","140000","3500","40","70000","2"
"2004-09-20","-2.78","700000","700000","3500","200","70000","10"
"2004-09-10","0","72000","72000","3600","20","72000","1"
"2004-09-08","0","864000","864000","3600","240","72000","12"
"2004-09-07","0","1584000","1584000","3600","440","72000","22"
"2004-09-06","0","1296000","1296000","3600","360","72000","18"
"2004-09-02","0","34992000","34992000","3600","9720","72000","486"
"2004-09-01","0","1296000","1296000","3600","360","72000","18"
"2004-08-31","0","20880000","20880000","3600","5800","72000","290"
"2004-08-20","-0.69","647955","647955","3600","180","71995","9"
"2004-08-17","-3.33","1160000","1160000","3625","320","72500","16"
"2004-07-28","0","74990","74990","3750","20","74990","1"
"2004-07-06","0","3749500","3749500","3750","1000","74990","50"
"2004-07-02","0","1425000","1425000","3750","380","75000","19"
"2004-06-28","0","4575000","4575000","3750","1220","75000","61"
"2004-06-24","1.35","1125000","1125000","3750","300","75000","15"
"2004-06-22","0","3330000","3330000","3700","900","74000","45"
"2004-06-14","0","739950","739950","3700","200","73995","10"
"2004-06-09","-1.33","1480000","1480000","3700","400","74000","20"
"2004-06-01","7.14","75150000","75150000","3750","20040","75000","1002"
"2004-05-13","0","770000","770000","3500","220","70000","11"
"2004-05-12","0","700000","700000","3500","200","70000","10"
"2004-05-06","0","4830000","4830000","3500","1380","70000","69"
"2004-04-29","0","1330000","1330000","3500","380","70000","19"
"2004-04-07","0","140000","140000","3500","40","70000","2"
"2004-03-31","0","1750000","1750000","3500","500","70000","25"
"2004-03-30","-3.45","71960000","71960000","3500","20560","70000","1028"
"2004-03-18","0","145000","145000","3625","40","72500","2"
"2004-02-09","0","1377500","1377500","3625","380","72500","19"
"2004-02-06","0","72500","72500","3625","20","72500","1"
"2004-02-02","0","145000","145000","3625","40","72500","2"
"2004-01-29","0","507500","507500","3625","140","72500","7"
"2004-01-28","0","22910000","22910000","3625","6320","72500","316"
"2004-01-06","0","507500","507500","3625","140","72500","7"
"2004-01-02","0","362500","362500","3625","100","72500","5"
"2003-12-29","0","290000","290000","3625","80","72500","4"
"2003-12-26","0","1595000","1595000","3625","440","72500","22"
"2003-12-23","0","362500","362500","3625","100","72500","5"
"2003-12-22","0","8410000","8410000","3625","2320","72500","116"
"2003-12-17","0","15370000","15370000","3625","4240","72500","212"
"2003-11-26","0","1015000","1015000","3625","280","72500","14"
"2003-11-21","0","145000","145000","3625","40","72500","2"
"2003-11-13","0","72500","72500","3625","20","72500","1"
"2003-11-07","0","1232500","1232500","3625","340","72500","17"
"2003-11-05","0","72500","72500","3625","20","72500","1"
"2003-11-04","0","5727500","5727500","3625","1580","72500","79"
"2003-10-24","0","580000","580000","3625","160","72500","8"
"2003-10-21","0","3625000","3625000","3625","1000","72500","50"
"2003-10-13","0","145000","145000","3625","40","72500","2"
"2003-10-10","0","725000","725000","3625","200","72500","10"
"2003-10-09","-0.68","797500","797500","3625","220","72500","11"
"2003-10-06","0","730000","730000","3650","200","73000","10"
"2003-10-03","0","2409000","2409000","3650","660","73000","33"
"2003-10-02","0.69","3796000","3796000","3650","1040","73000","52"
"2003-09-30","0","72500","72500","3625","20","72500","1"
"2003-09-25","0.69","725000","725000","3625","200","72500","10"
"2003-09-23","0","72000","72000","3600","20","72000","1"
"2003-09-17","0","720000","720000","3600","200","72000","10"
"2003-09-09","0","6192000","6192000","3600","1720","72000","86"
"2003-09-05","-0.69","1080000","1080000","3600","300","72000","15"
"2003-08-28","0","21750000","21750000","3625","6000","72500","300"
"2003-08-27","0","160152500","160152500","3625","44180","72500","2209"
"2003-08-26","0","797500","797500","3625","220","72500","11"
"2003-08-21","0","217500","217500","3625","60","72500","3"
"2003-08-11","0.69","32625000","32625000","3625","9000","72500","450"
"2003-08-05","-0.69","576000","576000","3600","160","72000","8"
"2003-08-04","0","362500","362500","3625","100","72500","5"
"2003-08-01","0","725000","725000","3625","200","72500","10"
"2003-07-30","0","580000","580000","3625","160","72500","8"
"2003-07-29","0","2900000","2900000","3625","800","72500","40"
"2003-07-25","0","2465000","2465000","3625","680","72500","34"
"2003-07-17","0","21967500","21967500","3625","6060","72500","303"
"2003-07-16","0","725000","725000","3625","200","72500","10"
"2003-07-15","0.69","10440000","10440000","3625","2880","72500","144"
"2003-07-14","0","432000","432000","3600","120","72000","6"
"2003-07-08","0","4176000","4176000","3600","1160","72000","58"
"2003-07-07","1.41","30240000","30240000","3600","8400","72000","420"
"2003-07-04","-2.07","4189000","4189000","3550","1180","71000","59"
"2003-06-23","0","72500","72500","3625","20","72500","1"
"2003-06-19","-0.68","1450000","1450000","3625","400","72500","20"
"2003-05-28","0","803000","803000","3650","220","73000","11"
"2003-05-26","0","292000","292000","3650","80","73000","4"
"2003-05-23","-0.41","3650000","3650000","3650","1000","73000","50"
"2003-05-20","0.41","1099500","1099500","3665","300","73300","15"
"2003-05-09","0","219000","219000","3650","60","73000","3"
"2003-05-02","0","4599000","4599000","3650","1260","73000","63"
"2003-04-30","0","2190000","2190000","3650","600","73000","30"
"2003-04-29","0.69","730000","730000","3650","200","73000","10"
"2003-04-02","0","870000","870000","3625","240","72500","12"
"2003-04-01","0","942500","942500","3625","260","72500","13"
"2003-03-31","0","725000","725000","3625","200","72500","10"
"2003-03-24","0","1232500","1232500","3625","340","72500","17"
"2003-03-20","0","1232500","1232500","3625","340","72500","17"
"2003-03-13","0","191835000","191835000","3625","52920","72500","2646"
"2003-02-17","0","725000","725000","3625","200","72500","10"
"2003-02-14","0","435000","435000","3625","120","72500","6"
"2003-02-04","0","137822500","137822500","3625","38020","72500","1901"
"2003-01-30","-0.36","725000","725000","3625","200","72500","10"
"2003-01-22","0.36","78133500","78133500","3638","21480","72750","1074"
"2003-01-20","0","18560000","18560000","3625","5120","72500","256"
"2003-01-17","0","11672500","11672500","3625","3220","72500","161"
"2003-01-16","-1.36","72862500","72862500","3625","20100","72500","1005"
"2002-12-23","0","367500","367500","3675","100","73500","5"
"2002-11-25","1.38","661500","661500","3675","180","73500","9"
"2002-11-19","0","50750000","50750000","3625","14000","72500","700"
"2002-10-31","0","145000","145000","3625","40","72500","2"
"2002-10-29","0","3625000","3625000","3625","1000","72500","50"
"2002-10-28","0","1812500","1812500","3625","500","72500","25"
"2002-10-24","0","1087500","1087500","3625","300","72500","15"
"2002-10-22","0","72500000","72500000","3625","20000","72500","1000"
"2002-10-18","0","5220000","5220000","3625","1440","72500","72"
"2002-10-16","0","1377500","1377500","3625","380","72500","19"
"2002-10-15","0","217500","217500","3625","60","72500","3"
"2002-10-14","0","32987500","32987500","3625","9100","72500","455"
"2002-10-11","0","2465000","2465000","3625","680","72500","34"
"2002-10-04","0","7612500","7612500","3625","2100","72500","105"
"2002-10-02","0","11165000","11165000","3625","3080","72500","154"
"2002-10-01","0","507500","507500","3625","140","72500","7"
"2002-09-30","0","1450000","1450000","3625","400","72500","20"
"2002-09-27","0","797500","797500","3625","220","72500","11"
"2002-09-26","-3.33","27550000","27550000","3625","7600","72500","380"
"2002-09-24","0","450000","450000","3750","120","75000","6"
"2002-09-13","0","7500000","7500000","3750","2000","75000","100"
"2002-09-06","0","7500000","7500000","3750","2000","75000","100"
"2002-08-27","0","525000","525000","3750","140","75000","7"
"2002-08-01","0","225000","225000","3750","60","75000","3"
"2002-07-25","0","3675000","3675000","3750","980","75000","49"
"2002-07-17","0","375000","375000","3750","100","75000","5"
"2002-07-16","0","150000","150000","3750","40","75000","2"
"2002-07-15","0","1575000","1575000","3750","420","75000","21"
"2002-07-10","0","1275000","1275000","3750","340","75000","17"
"2002-07-09","-4.46","3375000","3375000","3750","900","75000","45"
"2002-06-17","0","1570000","1570000","3925","400","78500","20"
"2002-06-13","0","471000","471000","3925","120","78500","6"
"2002-06-07","0.03","5809000","5809000","3925","1480","78500","74"
"2002-06-03","0","235425","235425","3924","60","78475","3"
"2002-05-15","0","156950","156950","3924","40","78475","2"
"2002-05-14","7.51","3139000","3139000","3924","800","78475","40"
"2002-05-02","0","730000","730000","3650","200","73000","10"
"2002-04-25","0","4015000","4015000","3650","1100","73000","55"
"2002-04-24","0","2190000","2190000","3650","600","73000","30"
"2002-04-23","0","1533000","1533000","3650","420","73000","21"
"2002-04-05","0","219000","219000","3650","60","73000","3"
"2002-03-28","0","14600000","14600000","3650","4000","73000","200"
"2002-03-25","0","365000","365000","3650","100","73000","5"
"2002-03-20","0","365000","365000","3650","100","73000","5"
"2002-03-19","0","73000","73000","3650","20","73000","1"
"2002-03-08","0","2409000","2409000","3650","660","73000","33"
"2002-03-06","0","730000","730000","3650","200","73000","10"
"2002-03-05","0","1095000","1095000","3650","300","73000","15"
"2002-03-04","0","730000","730000","3650","200","73000","10"
"2002-02-28","0","438000","438000","3650","120","73000","6"
"2002-02-27","0","1460000","1460000","3650","400","73000","20"
"2002-02-25","0","219000","219000","3650","60","73000","3"
"2002-02-20","0","730000","730000","3650","200","73000","10"
"2002-02-14","0","1460000","1460000","3650","400","73000","20"
"2002-02-13","0","730000","730000","3650","200","73000","10"
"2002-02-12","0","803000","803000","3650","220","73000","11"
"2002-02-08","0","1752000","1752000","3650","480","73000","24"
"2002-02-07","0.69","25550000","25550000","3650","7000","73000","350"
"2002-02-06","0","3625000","3625000","3625","1000","72500","50"
"2002-02-05","0","2175000","2175000","3625","600","72500","30"
"2002-01-31","0","2320000","2320000","3625","640","72500","32"
"2002-01-29","0","1450000","1450000","3625","400","72500","20"
"2002-01-25","0","2392500","2392500","3625","660","72500","33"
"2002-01-24","0","5582500","5582500","3625","1540","72500","77"
"2002-01-23","0","435000","435000","3625","120","72500","6"
"2002-01-22","0","435000","435000","3625","120","72500","6"
"2002-01-21","0","435000","435000","3625","120","72500","6"
"2002-01-18","0","3625000","3625000","3625","1000","72500","50"
"2002-01-16","0","1522500","1522500","3625","420","72500","21"
"2002-01-15","0","725000","725000","3625","200","72500","10"
"2002-01-08","0","1087500","1087500","3625","300","72500","15"
"2002-01-04","0","797500","797500","3625","220","72500","11"
"2002-01-02","0","362500","362500","3625","100","72500","5"
"2001-12-31","0","942500","942500","3625","260","72500","13"
"2001-12-28","0","13992500","13992500","3625","3860","72500","193"
"2001-12-24","0","725000","725000","3625","200","72500","10"
"2001-12-21","0","725000","725000","3625","200","72500","10"
"2001-12-19","0","1015000","1015000","3625","280","72500","14"
"2001-12-17","0","1087500","1087500","3625","300","72500","15"
"2001-12-14","0","1450000","1450000","3625","400","72500","20"
"2001-12-11","0","1522500","1522500","3625","420","72500","21"
"2001-12-10","0","23852500","23852500","3625","6580","72500","329"
"2001-11-28","0","1812500","1812500","3625","500","72500","25"
"2001-11-23","0","942500","942500","3625","260","72500","13"
"2001-11-21","0","725000","725000","3625","200","72500","10"
"2001-11-19","0","1087500","1087500","3625","300","72500","15"
"2001-11-14","0","725000","725000","3625","200","72500","10"
"2001-11-12","0","7685000","7685000","3625","2120","72500","106"
"2001-11-07","0","725000","725000","3625","200","72500","10"
"2001-11-05","0","2755000","2755000","3625","760","72500","38"
"2001-10-31","0","3552500","3552500","3625","980","72500","49"
"2001-10-26","0","2030000","2030000","3625","560","72500","28"
"2001-10-24","0","2175000","2175000","3625","600","72500","30"
"2001-10-19","0","2175000","2175000","3625","600","72500","30"
"2001-10-17","0","7250000","7250000","3625","2000","72500","100"
"2001-10-15","0","3480000","3480000","3625","960","72500","48"
"2001-10-12","0","4132500","4132500","3625","1140","72500","57"
"2001-10-10","0","580000","580000","3625","160","72500","8"
"2001-10-05","0","2247500","2247500","3625","620","72500","31"
"2001-10-03","0","1812500","1812500","3625","500","72500","25"
"2001-09-26","0","3552500","3552500","3625","980","72500","49"
"2001-09-19","0","3262500","3262500","3625","900","72500","45"
"2001-09-14","0","2175000","2175000","3625","600","72500","30"
"2001-09-12","0","2682500","2682500","3625","740","72500","37"
"2001-09-10","0","2682500","2682500","3625","740","72500","37"
"2001-09-07","0","1232500","1232500","3625","340","72500","17"
"2001-09-03","0","290000","290000","3625","80","72500","4"
"2001-08-31","0","1015000","1015000","3625","280","72500","14"
"2001-08-29","0","16167500","16167500","3625","4460","72500","223"
"2001-08-22","0","362500","362500","3625","100","72500","5"
"2001-08-17","0","1087500","1087500","3625","300","72500","15"
"2001-08-10","0","6960000","6960000","3625","1920","72500","96"
"2001-08-08","0","7902500","7902500","3625","2180","72500","109"
"2001-08-03","0","725000","725000","3625","200","72500","10"
"2001-08-01","0","7250000","7250000","3625","2000","72500","100"
"2001-07-27","0","1160000","1160000","3625","320","72500","16"
"2001-07-25","0","725000","725000","3625","200","72500","10"
"2001-07-23","0","870000","870000","3625","240","72500","12"
"2001-07-20","0","797500","797500","3625","220","72500","11"
"2001-07-18","0","4277500","4277500","3625","1180","72500","59"
"2001-07-11","0","12832500","12832500","3625","3540","72500","177"
"2001-07-09","0","1232500","1232500","3625","340","72500","17"
"2001-07-06","0","507500","507500","3625","140","72500","7"
"2001-06-29","0","145000","145000","3625","40","72500","2"
"2001-06-25","-7.05","1087500","1087500","3625","300","72500","15"
"2001-06-22","0","2028130","2028130","3900","520","78005","26"
"2001-06-20","0","4680000","4680000","3900","1200","78000","60"
"2001-06-15","0","2652000","2652000","3900","680","78000","34"
"2001-06-13","0","4758000","4758000","3900","1220","78000","61"
"2001-06-11","0","390000","390000","3900","100","78000","5"
"2001-06-08","0","1248000","1248000","3900","320","78000","16"
"2001-06-06","0","156000","156000","3900","40","78000","2"
"2001-06-01","0","1872000","1872000","3900","480","78000","24"
"2001-05-30","0","1014000","1014000","3900","260","78000","13"
"2001-05-28","0","234000","234000","3900","60","78000","3"
"2001-05-21","0","8502000","8502000","3900","2180","78000","109"
"2001-05-18","0","780000","780000","3900","200","78000","10"
"2001-05-16","0","1560000","1560000","3900","400","78000","20"
"2001-05-11","0","3276000","3276000","3900","840","78000","42"
"2001-05-09","0","546000","546000","3900","140","78000","7"
"2001-05-07","0","390000","390000","3900","100","78000","5"
"2001-05-04","0","390000","390000","3900","100","78000","5"
"2001-05-02","-0.03","3042000","3042000","3900","780","78000","39"
"2001-04-27","0.03","26445390","26445390","3901","6780","78010","339"
"2001-04-20","0","780000","780000","3900","200","78000","10"
"2001-04-18","0","1092000","1092000","3900","280","78000","14"
"2001-04-13","0","10920000","10920000","3900","2800","78000","140"
"2001-04-09","0","2808000","2808000","3900","720","78000","36"
"2001-04-06","-0.64","3900000","3900000","3900","1000","78000","50"
"2001-03-30","0","6986500","6986500","3925","1780","78500","89"
"2001-03-28","0","3454000","3454000","3925","880","78500","44"
"2001-03-23","0","549500","549500","3925","140","78500","7"
"2001-03-21","0","1805500","1805500","3925","460","78500","23"
"2001-03-19","0","1570000","1570000","3925","400","78500","20"
"2001-03-14","1.95","11696500","11696500","3925","2980","78500","149"
"2001-03-09","0","35805000","35805000","3850","9300","77000","465"
"2001-03-06","0","3080000","3080000","3850","800","77000","40"
"2001-03-02","0","1001000","1001000","3850","260","77000","13"
"2001-02-28","0","770000","770000","3850","200","77000","10"
"2001-02-26","0","231000","231000","3850","60","77000","3"
"2001-02-21","2.67","15477000","15477000","3850","4020","77000","201"
"2001-02-19","0","375000","375000","3750","100","75000","5"
"2001-02-09","0","225000","225000","3750","60","75000","3"
"2001-02-07","0","900000","900000","3750","240","75000","12"
"2001-02-05","0","4500000","4500000","3750","1200","75000","60"
"2001-02-02","0","4125000","4125000","3750","1100","75000","55"
"2001-01-29","0","2325000","2325000","3750","620","75000","31"
"2001-01-26","-5.06","2400000","2400000","3750","640","75000","32"
"2001-01-12","0","70705000","70705000","3950","17900","79000","895"
"2000-12-26","0","315980","315980","3950","80","78995","4"
"2000-12-22","0","789950","789950","3950","200","78995","10"
"2000-12-20","0","1105930","1105930","3950","280","78995","14"
"2000-12-13","0.13","134695000","134695000","3950","34100","79000","1705"
"2000-12-11","-0.13","1183500","1183500","3945","300","78900","15"
"2000-11-27","0","208797000","208797000","3950","52860","79000","2643"
"2000-11-13","5.36","165584000","165584000","3950","41920","79000","2096"
"2000-11-03","0","3299120","3299120","3749","880","74980","44"
"2000-11-02","0","224940","224940","3749","60","74980","3"
"2000-10-30","-0.03","4123900","4123900","3749","1100","74980","55"
"2000-10-20","0","975000","975000","3750","260","75000","13"
"2000-10-16","0","150000","150000","3750","40","75000","2"
"2000-10-13","2.74","396600000","396600000","3750","105760","75000","5288"
"2000-10-11","0","18688000","18688000","3650","5120","73000","256"
"2000-10-09","-0.03","2993000","2993000","3650","820","73000","41"
"2000-10-06","0.03","2701370","2701370","3651","740","73010","37"
"2000-10-04","-0.82","8687000","8687000","3650","2380","73000","119"
"2000-10-02","-1.87","883200","883200","3680","240","73600","12"
"2000-09-29","-4.46","975000","975000","3750","260","75000","13"
"2000-09-22","0","549500","549500","3925","140","78500","7"
"2000-09-20","0","392500","392500","3925","100","78500","5"
"2000-09-15","1.95","348147500","348147500","3925","88700","78500","4435"
"2000-09-08","-1.91","1386000","1386000","3850","360","77000","18"
"2000-09-01","0.64","244998500","244998500","3925","62420","78500","3121"
"2000-08-30","-0.61","1559900","1559900","3900","400","77995","20"
"2000-08-28","7.51","194225625","194225625","3924","49500","78475","2475"
"2000-08-23","0","27740000","27740000","3650","7600","73000","380"
"2000-08-21","0","876000","876000","3650","240","73000","12"
"2000-08-18","0","8614000","8614000","3650","2360","73000","118"
"2000-08-14","0","3504000","3504000","3650","960","73000","48"
"2000-08-11","-0.08","26718000","26718000","3650","7320","73000","366"
"2000-08-09","0","3652500","3652500","3653","1000","73050","50"
"2000-08-04","-6.93","4529100","4529100","3653","1240","73050","62"
"2000-07-31","0.74","9106000","9106000","3925","2320","78500","116"
"2000-07-28","7.48","430430080","430430080","3896","110480","77920","5524"
"2000-07-26","0.69","132965000","132965000","3625","36680","72500","1834"
"2000-07-21","-1.37","3528000","3528000","3600","980","72000","49"
"2000-07-19","-4.58","36500000","36500000","3650","10000","73000","500"
"2000-07-17","0","808452000","808452000","3825","211360","76500","10568"
"2000-07-14","0.66","2677500","2677500","3825","700","76500","35"
"2000-07-12","4.11","410400000","410400000","3800","108000","76000","5400"
"2000-07-10","0","348729950","348729950","3650","96200","72995","4810"
"2000-07-07","-3.95","948935","948935","3650","260","72995","13"
"2000-07-03","0.24","30400000","30400000","3800","8000","76000","400"
"2000-06-09","0","379100","379100","3791","100","75820","5"
"2000-05-24","0","75820","75820","3791","20","75820","1"
"2000-05-22","0","75820","75820","3791","20","75820","1"
"2000-05-19","0","11069720","11069720","3791","2920","75820","146"
"2000-05-17","0","379125","379125","3791","100","75825","5"
"2000-05-15","0","8492400","8492400","3791","2240","75825","112"
"2000-05-12","-0.24","3412125","3412125","3791","900","75825","45"
"2000-05-10","0","4712000","4712000","3800","1240","76000","62"
"2000-05-08","0","1368000","1368000","3800","360","76000","18"
"2000-05-05","0","4864000","4864000","3800","1280","76000","64"
"2000-05-03","0","456000","456000","3800","120","76000","6"
"2000-04-28","0.24","2432000","2432000","3800","640","76000","32"
"2000-04-21","0.03","1364760","1364760","3791","360","75820","18"
"2000-04-19","0","12128000","12128000","3790","3200","75800","160"
"2000-04-14","0","2122540","2122540","3790","560","75805","28"
"2000-04-10","0.4","3032000","3032000","3790","800","75800","40"
"2000-04-07","-0.66","14496000","14496000","3775","3840","75500","192"
"2000-04-03","5.56","30400000","30400000","3800","8000","76000","400"
"2000-03-31","0","618552000","618552000","3600","171820","72000","8591"
"2000-03-29","-4","96840000","96840000","3600","26900","72000","1345"
"2000-03-22","7.14","18825000","18825000","3750","5020","75000","251"
"2000-03-20","1.45","22400000","22400000","3500","6400","70000","320"
"2000-03-17","0","93702000","93702000","3450","27160","69000","1358"
"2000-03-15","0","1449000","1449000","3450","420","69000","21"
"2000-03-13","0","69000","69000","3450","20","69000","1"
"2000-03-10","-0.29","4071000","4071000","3450","1180","69000","59"
"2000-03-08","0.29","830400","830400","3460","240","69200","12"
"2000-03-06","0","966000","966000","3450","280","69000","14"
"2000-03-01","1.77","8004000","8004000","3450","2320","69000","116"
"2000-02-28","0.44","11797200","11797200","3390","3480","67800","174"
"2000-02-23","0","472500","472500","3375","140","67500","7"
"2000-02-18","-0.74","2497500","2497500","3375","740","67500","37"
"2000-02-16","0.74","6120000","6120000","3400","1800","68000","90"
"2000-02-14","0","337500","337500","3375","100","67500","5"
"2000-02-11","0","2632500","2632500","3375","780","67500","39"
"2000-02-09","0","7425000","7425000","3375","2200","67500","110"
"2000-02-07","-2.17","10260000","10260000","3375","3040","67500","152"
"2000-02-04","2.22","41400000","41400000","3450","12000","69000","600"
"2000-02-02","-7.05","2362500","2362500","3375","700","67500","35"
"2000-01-26","-7.49","4865205","4865205","3631","1340","72615","67"
"2000-01-24","0","392500","392500","3925","100","78500","5"
"2000-01-21","-1.88","1491500","1491500","3925","380","78500","19"
"2000-01-19","0","135991500","135991500","4000","34000","79995","1700"
"2000-01-17","-1.23","3040000","3040000","4000","760","80000","38"
"2000-01-12","-2.41","1701000","1701000","4050","420","81000","21"
"1999-12-29","0","166000","166000","4150","40","83000","2"
"1999-12-17","-1.19","8051000","8051000","4150","1940","83000","97"
"1999-12-01","0","1260000","1260000","4200","300","84000","15"
"1999-11-29","0","420000","420000","4200","100","84000","5"
"1999-11-24","0","2184000","2184000","4200","520","84000","26"
"1999-11-22","0","840000","840000","4200","200","84000","10"
"1999-11-19","0","3444000","3444000","4200","820","84000","41"
"1999-11-17","-2.33","2688000","2688000","4200","640","84000","32"
"1999-11-05","-2.27","688000","688000","4300","160","86000","8"
"1999-10-20","0","352000","352000","4400","80","88000","4"
"1999-10-18","0","440000","440000","4400","100","88000","5"
"1999-10-15","0","616000","616000","4400","140","88000","7"
"1999-10-08","0","22000000","22000000","4400","5000","88000","250"
"1999-10-06","0","18392000","18392000","4400","4180","88000","209"
"1999-10-04","0","15400000","15400000","4400","3500","88000","175"
"1999-10-01","0","9504000","9504000","4400","2160","88000","108"
"1999-09-29","0","7128000","7128000","4400","1620","88000","81"
"1999-09-27","0","5104000","5104000","4400","1160","88000","58"
"1999-09-24","0","616000","616000","4400","140","88000","7"
"1999-09-17","0","2640000","2640000","4400","600","88000","30"
"1999-09-15","-0.11","1320000","1320000","4400","300","88000","15"
"1999-09-13","0.11","8281400","8281400","4405","1880","88100","94"
"1999-09-10","-0.45","2640150","2640150","4400","600","88005","30"
"1999-09-08","0","17856800","17856800","4420","4040","88400","202"
"1999-09-06","1.61","65327600","65327600","4420","14780","88400","739"
"1999-09-03","0","2001115","2001115","4350","460","87005","23"
"1999-09-01","0.46","2523145","2523145","4350","580","87005","29"
"1999-08-27","0.12","4330250","4330250","4330","1000","86605","50"
"1999-08-20","-0.23","3200500","3200500","4325","740","86500","37"
"1999-08-18","0","867000","867000","4335","200","86700","10"
"1999-08-16","0.79","1473900","1473900","4335","340","86700","17"
"1999-08-13","0","430075","430075","4301","100","86015","5"
"1999-08-11","-4.42","1806315","1806315","4301","420","86015","21"
"1999-08-06","4.65","180000000","180000000","4500","40000","90000","2000"
"1999-07-30","0","7224000","7224000","4300","1680","86000","84"
"1999-07-28","1.18","21844000","21844000","4300","5080","86000","254"
"1999-07-23","4.29","8500000","8500000","4250","2000","85000","100"
"1999-07-21","-4.12","3260000","3260000","4075","800","81500","40"
"1999-07-19","0","3060000","3060000","4250","720","85000","36"
"1999-07-16","0","3400000","3400000","4250","800","85000","40"
"1999-07-14","-5.56","2550000","2550000","4250","600","85000","30"
"1999-07-12","4.65","210600000","210600000","4500","46800","90000","2340"
"1999-07-09","11.69","39388000","39388000","4300","9160","86000","458"
"1999-07-05","-1.28","770000","770000","3850","200","77000","10"
"1999-07-02","-13.33","1326000","1326000","3900","340","78000","17"
"1999-06-25","0","67140000","67140000","4500","14920","90000","746"
"1999-06-23","0","3960000","3960000","4500","880","90000","44"
"1999-06-18","0","477000000","477000000","4500","106000","90000","5300"
"1999-06-14","4.65","4923000000","4923000000","4500","1094000","90000","54700"
"1999-06-11","0","21930000","21930000","4300","5100","86000","255"
"1999-06-09","1.18","18491075","18491075","4300","4300","86005","215"
"1999-06-07","0","3400000","3400000","4250","800","85000","40"
"1999-06-04","0","3825000","3825000","4250","900","85000","45"
"1999-06-02","1.19","255000000","255000000","4250","60000","85000","3000"
"1999-05-31","0","2771835","2771835","4200","660","83995","33"
"1999-05-28","4.87","2688000","2688000","4200","640","84000","32"
"1999-05-26","0.02","14658300","14658300","4005","3660","80100","183"
"1999-05-21","-0.02","880935","880935","4004","220","80085","11"
"1999-05-19","0","2402700","2402700","4005","600","80090","30"
"1999-05-17","2.69","2563200","2563200","4005","640","80100","32"
"1999-05-14","2.36","780000","780000","3900","200","78000","10"
"1999-05-10","0","381000","381000","3810","100","76200","5"
"1999-05-07","0.05","838200","838200","3810","220","76200","11"
"1999-05-03","0.08","2284650","2284650","3808","600","76155","30"
"1999-04-30","0.11","2283000","2283000","3805","600","76100","30"
"1999-04-26","0","3040800","3040800","3801","800","76020","40"
"1999-04-23","0.03","3952780","3952780","3801","1040","76015","52"
"1999-04-21","0","96754365","96754365","3800","25460","76005","1273"
"1999-04-19","0","32604000","32604000","3800","8580","76000","429"
"1999-04-16","-2.56","25080000","25080000","3800","6600","76000","330"
"1999-04-14","-2.5","12480000","12480000","3900","3200","78000","160"
"1999-04-12","-1.23","75200000","75200000","4000","18800","80000","940"
"1999-04-09","3.85","972000","972000","4050","240","81000","12"
"1999-03-31","-2.5","4290275","4290275","3900","1100","78005","55"
"1999-03-26","2.56","2160000","2160000","4000","540","80000","27"
"1999-03-24","2.63","3354000","3354000","3900","860","78000","43"
"1999-03-19","0","12692000","12692000","3800","3340","76000","167"
"1999-03-17","0","1292000","1292000","3800","340","76000","17"
"1999-03-12","0","1292000","1292000","3800","340","76000","17"
"1999-03-10","-2.56","3800000","3800000","3800","1000","76000","50"
"1999-03-05","2.63","780000","780000","3900","200","78000","10"
"1999-03-03","0","760000","760000","3800","200","76000","10"
"1999-02-26","0","5776000","5776000","3800","1520","76000","76"
"1999-02-24","1.33","7600000","7600000","3800","2000","76000","100"
"1999-02-19","-3.85","1800000","1800000","3750","480","75000","24"
"1999-02-12","0","1638000","1638000","3900","420","78000","21"
"1999-02-10","0","14742000","14742000","3900","3780","78000","189"
"1999-02-05","0","28392000","28392000","3900","7280","78000","364"
"1999-02-03","-0.64","30264000","30264000","3900","7760","78000","388"
"1999-01-27","0","34461500","34461500","3925","8780","78500","439"
"1999-01-22","0","34226000","34226000","3925","8720","78500","436"
"1999-01-20","-1.88","7850000","7850000","3925","2000","78500","100"
"1999-01-08","-3.89","1360000","1360000","4000","340","80000","17"
"1998-12-30","-0.02","16981980","16981980","4162","4080","83245","204"
"1998-12-28","0","416250","416250","4163","100","83250","5"
"1998-12-23","-7.49","666000","666000","4163","160","83250","8"
"1998-12-21","0","900000","900000","4500","200","90000","10"
"1998-12-18","0","720000","720000","4500","160","90000","8"
"1998-12-16","0","2070000","2070000","4500","460","90000","23"
"1998-12-14","0","9000000","9000000","4500","2000","90000","100"
"1998-12-11","-5.26","630000","630000","4500","140","90000","7"
"1998-12-09","0","380000","380000","4750","80","95000","4"
"1998-12-02","0","380000","380000","4750","80","95000","4"
"1998-11-27","-5.9","950000","950000","4750","200","95000","10"
"1998-11-20","-7.51","4139565","4139565","5048","820","100965","41"
"1998-11-13","-7.49","4256850","4256850","5458","780","109150","39"
"1998-11-04","0","590000","590000","5900","100","118000","5"
"1998-11-02","0","118000","118000","5900","20","118000","1"
"1998-10-23","0","1180000","1180000","5900","200","118000","10"
"1998-10-19","7.27","590000","590000","5900","100","118000","5"
"1998-10-16","-5.17","2860000","2860000","5500","520","110000","26"
"1998-10-14","0","116000","116000","5800","20","116000","1"
"1998-10-12","0","116000","116000","5800","20","116000","1"
"1998-10-09","5.21","464000","464000","5800","80","116000","4"
"1998-10-02","0","5953500","5953500","5513","1080","110250","54"
"1998-09-28","0","441000","441000","5513","80","110250","4"
"1998-09-25","0.24","13671000","13671000","5513","2480","110250","124"
"1998-09-23","-2.4","7920000","7920000","5500","1440","110000","72"
"1998-09-21","5.03","8565200","8565200","5635","1520","112700","76"
"1998-09-18","","965700","965700","5365","180","107300","9"
