"Date","Variation","Valeur","Volume Devise Total","Cours Ajuste","Volume Ajuste Total","Cours Normal","Volume Normal Total"
"2026-09-09","-2.8","22698600","22698600","3300","6811","3300","6811"
"2026-09-08","-0.15","23965705","23965705","3395","7057","3395","7057"
"2026-09-07","1.95","17177625","17177625","3400","5075","3400","5075"
"2026-09-04","4.22","12314035","12314035","3335","3792","3335","3792"
"2026-09-03","0.47","11272945","11272945","3200","3532","3200","3532"
"2026-09-02","0","8481160","8481160","3185","2655","3185","2655"
"2026-09-01","0.63","17951475","17951475","3185","5633","3185","5633"
"2026-08-31","0.32","20866180","20866180","3165","6598","3165","6598"
"2026-08-28","-0.79","9890445","9890445","3155","3126","3155","3126"
"2026-08-27","-0.47","12898820","12898820","3180","4053","3180","4053"
"2026-08-26","0.16","11940205","11940205","3195","3771","3195","3771"
"2026-08-24","2.08","25451025","25451025","3190","8031","3190","8031"
"2026-08-21","-1.73","5422450","5422450","3125","1710","3125","1710"
"2026-08-20","2.91","11469915","11469915","3180","3679","3180","3679"
"2026-08-19","1.81","11166330","11166330","3090","3675","3090","3675"
"2026-08-18","-0.82","10073790","10073790","3035","3317","3035","3317"
"2026-08-17","0","15227660","15227660","3060","4950","3060","4950"
"2026-08-14","-0.16","3022325","3022325","3060","985","3060","985"
"2026-08-13","-1.45","8102445","8102445","3065","2611","3065","2611"
"2026-08-12","0","7149070","7149070","3110","2299","3110","2299"
"2026-08-11","0","6743730","6743730","3110","2157","3110","2157"
"2026-08-10","-0.48","14261465","14261465","3110","4561","3110","4561"
"2026-08-06","-0.48","3870660","3870660","3125","1235","3125","1235"
"2026-08-05","-0.32","11658465","11658465","3140","3696","3140","3696"
"2026-08-04","0.64","19159855","19159855","3150","6080","3150","6080"
"2026-08-03","-0.32","17408035","17408035","3130","5561","3130","5561"
"2026-07-31","4.67","19704635","19704635","3140","6342","3140","6342"
"2026-07-30","1.52","38288315","38288315","3000","12659","3000","12659"
"2026-07-29","7.45","24400350","24400350","2955","8261","2955","8261"
"2026-07-28","1.1","11627130","11627130","2750","4255","2750","4255"
"2026-07-27","0.74","16009210","16009210","2720","5909","2720","5909"
"2026-07-24","0.75","18328800","18328800","2700","6800","2700","6800"
"2026-07-23","0","6000370","6000370","2680","2237","2680","2237"
"2026-07-22","-1.47","5255975","5255975","2680","1942","2680","1942"
"2026-07-21","1.12","4383680","4383680","2720","1624","2720","1624"
"2026-07-20","0.37","4694740","4694740","2690","1725","2690","1725"
"2026-07-17","0","10749235","10749235","2680","3994","2680","3994"
"2026-07-16","0","24547885","24547885","2680","9177","2680","9177"
"2026-07-15","0.37","12282790","12282790","2680","4592","2680","4592"
"2026-07-14","-0.74","8177370","8177370","2670","3063","2670","3063"
"2026-07-13","1.51","9175380","9175380","2690","3425","2690","3425"
"2026-07-10","-0.93","16212760","16212760","2650","6082","2650","6082"
"2026-07-09","-0.37","8828010","8828010","2675","3301","2675","3301"
"2026-07-08","-1.29","17370140","17370140","2685","6425","2685","6425"
"2026-07-07","-0.37","14607160","14607160","2720","5374","2720","5374"
"2026-07-06","0.74","8817140","8817140","2730","3239","2730","3239"
"2026-07-03","-2.52","14724130","14724130","2710","5328","2710","5328"
"2026-07-02","1.09","9336605","9336605","2780","3385","2780","3385"
"2026-07-01","2.23","10916060","10916060","2750","3998","2750","3998"
"2026-06-30","0.19","6317350","6317350","2690","2345","2690","2345"
"2026-06-29","1.32","13813770","13813770","2685","5132","2685","5132"
"2026-06-26","0.95","14382880","14382880","2650","5430","2650","5430"
"2026-06-25","-0.57","8760350","8760350","2625","3328","2625","3328"
"2026-06-24","1.15","7025165","7025165","2640","2671","2640","2671"
"2026-06-23","-2.06","11713260","11713260","2610","4449","2610","4449"
"2026-06-22","0","33795495","33795495","2665","12773","2665","12773"
"2026-06-19","-0.56","7387255","7387255","2665","2761","2665","2761"
"2026-06-18","-0.37","8393220","8393220","2680","3130","2680","3130"
"2026-06-17","-1.47","11866770","11866770","2690","4400","2690","4400"
"2026-06-16","0.55","8805415","8805415","2730","3232","2730","3232"
"2026-06-15","0.18","11445370","11445370","2715","4232","2715","4232"
"2026-06-12","-2.52","5834255","5834255","2710","2123","2710","2123"
"2026-06-11","2.39","10914010","10914010","2780","4000","2780","4000"
"2026-06-10","-2.16","5988635","5988635","2715","2169","2715","2169"
"2026-06-09","-2.63","14761455","14761455","2775","5325","2775","5325"
"2026-06-08","-1.72","12488980","12488980","2850","4338","2850","4338"
"2026-06-05","1.22","14096725","14096725","2900","4863","2900","4863"
"2026-06-04","0.35","22421470","22421470","2865","7766","2865","7766"
"2026-06-03","1.96","18266690","18266690","2855","6460","2855","6460"
"2026-06-02","6.46","23613720","23613720","2800","8634","2800","8634"
"2026-06-01","1.15","7960290","7960290","2630","3014","2630","3014"
"2026-05-29","-4.94","11015450","11015450","2600","4092","2600","4092"
"2026-05-28","-0.18","13707045","13707045","2735","5020","2735","5020"
"2026-05-26","1.48","5984005","5984005","2740","2192","2740","2192"
"2026-05-22","4.25","13990590","13990590","2700","5237","2700","5237"
"2026-05-21","3.6","9308625","9308625","2590","3658","2590","3658"
"2026-05-20","0","14737855","14737855","2500","5890","2500","5890"
"2026-05-19","0.2","23459955","23459955","2500","9392","2500","9392"
"2026-05-18","2.46","33332595","33332595","2495","13526","2495","13526"
"2026-05-15","-5.44","61706225","61706225","2435","24717","2435","24717"
"2026-05-13","-6.02","29213740","29213740","2575","11184","2575","11184"
"2026-05-12","0","28961200","28961200","2740","10458","2740","10458"
"2026-05-11","7.45","59027945","59027945","2740","21596","2740","21596"
"2026-05-08","-7.44","45076200","45076200","2550","17676","2550","17676"
"2026-05-07","-7.39","17697705","17697705","2755","6423","2755","6423"
"2026-05-06","-7.47","33025025","33025025","2975","11099","2975","11099"
"2026-05-05","-7.48","8362215","8362215","3215","2601","3215","2601"
"2026-05-04","6.92","31794585","31794585","3475","9422","3475","9422"
"2026-04-30","-0.91","4467045","4467045","3250","1373","3250","1373"
"2026-04-29","-0.46","18872810","18872810","3280","5771","3280","5771"
"2026-04-28","-1.35","30389375","30389375","3295","9341","3295","9341"
"2026-04-27","1.37","12075910","12075910","3340","3620","3340","3620"
"2026-04-24","1.38","47127285","47127285","3295","14550","3295","14550"
"2026-04-23","1.4","22788840","22788840","3250","7107","3250","7107"
"2026-04-22","-2.73","34793850","34793850","3205","10818","3205","10818"
"2026-04-21","2.81","32385705","32385705","3295","10127","3295","10127"
"2026-04-20","-4.61","17988075","17988075","3205","5519","3205","5519"
"2026-04-17","-1.47","14627335","14627335","3360","4358","3360","4358"
"2026-04-16","-0.73","5579105","5579105","3410","1631","3410","1631"
"2026-04-15","0","11508960","11508960","3435","3384","3435","3384"
"2026-04-14","-3.38","17428785","17428785","3435","5036","3435","5036"
"2026-04-13","-2.6","7762120","7762120","3555","2169","3555","2169"
"2026-04-10","0","9020200","9020200","3650","2473","3650","2473"
"2026-04-09","1.39","4692305","4692305","3650","1290","3650","1290"
"2026-04-08","-1.37","25057235","25057235","3600","7049","3600","7049"
"2026-04-07","-0.27","11022810","11022810","3650","3019","3650","3019"
"2026-04-03","0","5312020","5312020","3660","1465","3660","1465"
"2026-04-02","0","8405530","8405530","3660","2296","3660","2296"
"2026-04-01","0.14","18250355","18250355","3660","5011","3660","5011"
"2026-03-31","0","8140165","8140165","3655","2219","3655","2219"
"2026-03-30","0.14","49986635","49986635","3655","13614","3655","13614"
"2026-03-27","-0.82","49165245","49165245","3650","13430","3650","13430"
"2026-03-26","-0.54","14146730","14146730","3680","3833","3680","3833"
"2026-03-25","-2.12","54221830","54221830","3700","14594","3700","14594"
"2026-03-24","4.56","38298335","38298335","3780","10095","3780","10095"
"2026-03-23","7.43","129742565","129742565","3615","36643","3615","36643"
"2026-03-19","-3.86","25010645","25010645","3365","7361","3365","7361"
"2026-03-18","-5.41","39588005","39588005","3500","11074","3500","11074"
"2026-03-17","-5.13","51772025","51772025","3700","14164","3700","14164"
"2026-03-13","-2.38","46869475","46869475","3900","12098","3900","12098"
"2026-03-12","4.72","107813595","107813595","3995","27450","3995","27450"
"2026-03-11","1.06","17744920","17744920","3815","4618","3815","4618"
"2026-03-10","2.03","43416785","43416785","3775","11392","3775","11392"
"2026-03-09","-1.07","47281375","47281375","3700","12770","3700","12770"
"2026-03-06","1.08","28672160","28672160","3740","7759","3740","7759"
"2026-03-05","5.71","21941735","21941735","3700","6156","3700","6156"
"2026-03-04","2.49","54598435","54598435","3500","15657","3500","15657"
"2026-03-03","-0.73","23344715","23344715","3415","6920","3415","6920"
"2026-03-02","4.24","37908965","37908965","3440","11151","3440","11151"
"2026-02-27","2.8","26382670","26382670","3300","8046","3300","8046"
"2026-02-26","0.16","4532700","4532700","3210","1411","3210","1411"
"2026-02-25","1.75","11179705","11179705","3205","3493","3205","3493"
"2026-02-24","1.61","41117650","41117650","3150","13248","3150","13248"
"2026-02-23","-1.59","42295080","42295080","3100","13527","3100","13527"
"2026-02-20","3.45","34051715","34051715","3150","11033","3150","11033"
"2026-02-19","0","19305135","19305135","3045","6323","3045","6323"
"2026-02-18","-0.49","29950510","29950510","3045","9847","3045","9847"
"2026-02-17","1.32","4801330","4801330","3060","1578","3060","1578"
"2026-02-16","0","10654875","10654875","3020","3537","3020","3537"
"2026-02-13","2.37","25832505","25832505","3020","8630","3020","8630"
"2026-02-12","-1.67","24337200","24337200","2950","8136","2950","8136"
"2026-02-11","3.99","53776900","53776900","3000","18246","3000","18246"
"2026-02-10","7.45","41604865","41604865","2885","14458","2885","14458"
"2026-02-09","2.68","44536865","44536865","2685","17208","2685","17208"
"2026-02-06","-2.61","28458235","28458235","2615","10795","2615","10795"
"2026-02-05","-0.56","4448950","4448950","2685","1655","2685","1655"
"2026-02-04","0.37","18108225","18108225","2700","6855","2700","6855"
"2026-02-03","-2","2982185","2982185","2690","1114","2690","1114"
"2026-02-02","-1.96","16913970","16913970","2745","6429","2745","6429"
"2026-01-30","-0.53","35886935","35886935","2800","13203","2800","13203"
"2026-01-29","-2.93","16360500","16360500","2815","5760","2815","5760"
"2026-01-28","0","21408310","21408310","2900","7358","2900","7358"
"2026-01-27","2.29","7714820","7714820","2900","2658","2900","2658"
"2026-01-26","5","7344750","7344750","2835","2633","2835","2633"
"2026-01-23","3.85","13329805","13329805","2700","5117","2700","5117"
"2026-01-22","0","12274635","12274635","2600","4716","2600","4716"
"2026-01-21","0.19","2746205","2746205","2600","1057","2600","1057"
"2026-01-20","0","5998650","5998650","2595","2310","2595","2310"
"2026-01-19","-2.08","8803210","8803210","2595","3382","2595","3382"
"2026-01-16","1.92","8630525","8630525","2650","3316","2650","3316"
"2026-01-15","1.96","7576550","7576550","2600","2912","2600","2912"
"2026-01-14","-1.92","11660100","11660100","2550","4537","2550","4537"
"2026-01-13","-0.76","9698075","9698075","2600","3726","2600","3726"
"2026-01-12","0","22460825","22460825","2620","8610","2620","8610"
"2026-01-09","0.58","5700765","5700765","2620","2178","2620","2178"
"2026-01-08","-1.33","8687735","8687735","2605","3326","2605","3326"
"2026-01-07","1.54","3492155","3492155","2640","1324","2640","1324"
"2026-01-06","-1.33","17118575","17118575","2600","6489","2600","6489"
"2026-01-05","6.04","14705815","14705815","2635","5612","2635","5612"
"2026-01-02","3.54","582995","582995","2485","239","2485","239"
"2025-12-31","-3.81","232800","232800","2400","97","2400","97"
"2025-12-30","3.96","2231845","2231845","2495","911","2495","911"
"2025-12-29","-4","5288305","5288305","2400","2223","2400","2223"
"2025-12-26","2.04","2836620","2836620","2500","1130","2500","1130"
"2025-12-24","-2","7859290","7859290","2450","3239","2450","3239"
"2025-12-23","-2.53","728445","728445","2500","290","2500","290"
"2025-12-22","2.6","1318550","1318550","2565","525","2565","525"
"2025-12-19","0","4357370","4357370","2500","1740","2500","1740"
"2025-12-18","0","3379865","3379865","2500","1351","2500","1351"
"2025-12-17","-2.72","2849970","2849970","2500","1110","2500","1110"
"2025-12-16","-0.19","545275","545275","2570","212","2570","212"
"2025-12-15","0.19","3286940","3286940","2575","1295","2575","1295"
"2025-12-12","2.19","2840940","2840940","2570","1108","2570","1108"
"2025-12-11","0.6","405960","405960","2515","159","2515","159"
"2025-12-10","-3.1","11001835","11001835","2500","4324","2500","4324"
"2025-12-09","0.98","4913730","4913730","2580","1904","2580","1904"
"2025-12-08","2.2","2639900","2639900","2555","1045","2555","1045"
"2025-12-05","-3.47","2183600","2183600","2500","864","2500","864"
"2025-12-04","3.6","880145","880145","2590","342","2590","342"
"2025-12-03","-2.53","3865930","3865930","2500","1522","2500","1522"
"2025-12-02","-1.35","1021940","1021940","2565","400","2565","400"
"2025-12-01","5.91","2697055","2697055","2600","1041","2600","1041"
"2025-11-28","0","9611625","9611625","2455","3896","2455","3896"
"2025-11-27","-2.77","9917630","9917630","2455","3974","2455","3974"
"2025-11-26","-1.75","8989240","8989240","2525","3501","2525","3501"
"2025-11-25","-0.39","3053080","3053080","2570","1202","2570","1202"
"2025-11-24","3.2","4054080","4054080","2580","1548","2580","1548"
"2025-11-21","0.2","2594900","2594900","2500","1032","2500","1032"
"2025-11-20","0","2483925","2483925","2495","1000","2495","1000"
"2025-11-19","-2.16","11085430","11085430","2495","4557","2495","4557"
"2025-11-18","4.29","9387075","9387075","2550","3792","2550","3792"
"2025-11-17","-4.12","22445315","22445315","2445","9094","2445","9094"
"2025-11-14","-2.67","3063570","3063570","2550","1208","2550","1208"
"2025-11-13","0","2964990","2964990","2620","1133","2620","1133"
"2025-11-12","-0.76","3212245","3212245","2620","1220","2620","1220"
"2025-11-11","-0.19","3974150","3974150","2640","1504","2640","1504"
"2025-11-10","0.95","2959045","2959045","2645","1124","2645","1124"
"2025-11-07","5.01","2464410","2464410","2620","969","2620","969"
"2025-11-06","4.61","16677870","16677870","2495","6812","2495","6812"
"2025-11-05","-3.44","8908480","8908480","2385","3718","2385","3718"
"2025-11-04","-0.8","9609385","9609385","2470","3900","2470","3900"
"2025-11-03","-0.6","8300670","8300670","2490","3340","2490","3340"
"2025-10-31","-3.28","6521455","6521455","2505","2572","2505","2572"
"2025-10-30","-0.96","3963485","3963485","2590","1530","2590","1530"
"2025-10-29","0.19","13282705","13282705","2615","5186","2615","5186"
"2025-10-28","-0.19","22478695","22478695","2610","8640","2610","8640"
"2025-10-27","-0.57","7720315","7720315","2615","2907","2615","2907"
"2025-10-24","-0.38","27282410","27282410","2630","10378","2630","10378"
"2025-10-23","4.55","63871645","63871645","2640","24053","2640","24053"
"2025-10-22","1","12403720","12403720","2525","4930","2525","4930"
"2025-10-21","-1.57","10890850","10890850","2500","4312","2500","4312"
"2025-10-20","-0.2","18869230","18869230","2540","7481","2540","7481"
"2025-10-17","0.59","6260730","6260730","2545","2442","2545","2442"
"2025-10-16","-2.88","20302660","20302660","2530","7888","2530","7888"
"2025-10-15","0.97","10865875","10865875","2605","4201","2605","4201"
"2025-10-14","2.38","15792640","15792640","2580","6110","2580","6110"
"2025-10-13","1.61","19515060","19515060","2520","7665","2520","7665"
"2025-10-10","0.81","22581520","22581520","2480","9180","2480","9180"
"2025-10-09","-1.6","34194855","34194855","2460","13869","2460","13869"
"2025-10-08","0","14097870","14097870","2500","5636","2500","5636"
"2025-10-07","0.2","43188620","43188620","2500","17315","2500","17315"
"2025-10-06","-0.6","37008675","37008675","2495","14690","2495","14690"
"2025-10-03","-7.38","48990300","48990300","2510","19303","2510","19303"
"2025-10-02","0.74","18661575","18661575","2710","6604","2710","6604"
"2025-10-01","0.37","39645890","39645890","2690","14964","2690","14964"
"2025-09-30","7.41","72629430","72629430","2680","27410","2680","27410"
"2025-09-29","7.31","136471205","136471205","2495","55623","2495","55623"
"2025-09-26","-3.33","12986535","12986535","2325","5453","2325","5453"
"2025-09-25","7.37","64454315","64454315","2405","29133","2405","29133"
"2025-09-24","7.43","11072320","11072320","2240","4943","2240","4943"
"2025-09-23","7.47","33243240","33243240","2085","15944","2085","15944"
"2025-09-22","7.48","804515","804515","1940","429","1940","429"
"2025-09-19","0","1042065","1042065","1805","575","1805","575"
"2025-09-18","3.14","300415","300415","1805","167","1805","167"
"2025-09-17","-6.17","1300165","1300165","1750","723","1750","723"
"2025-09-16","-6.28","1052770","1052770","1865","534","1865","534"
"2025-09-15","-0.5","974880","974880","1990","489","1990","489"
"2025-09-12","-6.76","4487945","4487945","2000","2238","2000","2238"
"2025-09-11","0.94","894180","894180","2145","420","2145","420"
"2025-09-10","3.66","8712665","8712665","2125","4312","2125","4312"
"2025-09-09","3.27","1634625","1634625","2050","778","2050","778"
"2025-09-08","2.85","2633785","2633785","1985","1337","1985","1337"
"2025-09-05","6.93","3413990","3413990","1930","1804","1930","1804"
"2025-09-03","0.28","1510045","1510045","1805","840","1805","840"
"2025-09-02","0","1072230","1072230","1800","597","1800","597"
"2025-09-01","5.57","323405","323405","1800","184","1800","184"
"2025-08-29","3.33","2646475","2646475","1705","1556","1705","1556"
"2025-08-28","-3.51","808430","808430","1650","464","1650","464"
"2025-08-27","-2.29","528520","528520","1710","302","1710","302"
"2025-08-26","-2.78","1316165","1316165","1750","757","1750","757"
"2025-08-25","0.84","3613115","3613115","1800","2030","1800","2030"
"2025-08-22","4.39","2476725","2476725","1785","1393","1785","1393"
"2025-08-21","-4.2","953115","953115","1710","535","1710","535"
"2025-08-20","5","54469480","54469480","1785","32018","1785","32018"
"2025-08-19","7.26","4072920","4072920","1700","2416","1700","2416"
"2025-08-18","-5.37","20985","20985","1585","13","1585","13"
"2025-08-14","0.3","1650560","1650560","1675","994","1675","994"
"2025-08-13","-0.6","2642005","2642005","1670","1639","1670","1639"
"2025-08-12","0","270360","270360","1680","162","1680","162"
"2025-08-11","3.7","831110","831110","1680","509","1680","509"
"2025-08-08","2.53","80520","80520","1620","50","1620","50"
"2025-08-06","0.96","3160","3160","1580","2","1580","2"
"2025-08-05","-1.57","415175","415175","1565","262","1565","262"
"2025-08-04","-3.64","1685610","1685610","1590","1055","1590","1055"
"2025-08-01","0","560400","560400","1650","344","1650","344"
"2025-07-31","-2.37","66010","66010","1650","40","1650","40"
"2025-07-30","-0.29","202080","202080","1690","122","1690","122"
"2025-07-29","-1.74","72835","72835","1695","43","1695","43"
"2025-07-28","5.83","3685245","3685245","1725","2220","1725","2220"
"2025-07-25","-0.61","7451980","7451980","1630","4544","1630","4544"
"2025-07-24","0.31","1108270","1108270","1640","676","1640","676"
"2025-07-23","0","511765","511765","1635","313","1635","313"
"2025-07-22","0","294300","294300","1635","180","1635","180"
"2025-07-21","-0.3","1367485","1367485","1635","861","1635","861"
"2025-07-18","2.5","2740800","2740800","1640","1712","1640","1712"
"2025-07-17","0","572800","572800","1600","358","1600","358"
"2025-07-16","-0.31","1721445","1721445","1600","1074","1600","1074"
"2025-07-15","-2.13","8095","8095","1605","5","1605","5"
"2025-07-14","0","609735","609735","1640","378","1640","378"
"2025-07-11","0","341330","341330","1640","212","1640","212"
"2025-07-10","0","291180","291180","1640","182","1640","182"
"2025-07-09","2.5","307365","307365","1640","192","1640","192"
"2025-07-08","-2.14","6836130","6836130","1600","4272","1600","4272"
"2025-07-07","-0.3","608735","608735","1635","377","1635","377"
"2025-07-04","0","240045","240045","1640","148","1640","148"
"2025-07-03","0","3938320","3938320","1640","2387","1640","2387"
"2025-07-02","2.18","407400","407400","1640","250","1640","250"
"2025-07-01","-2.43","305990","305990","1605","190","1605","190"
"2025-06-30","0.61","761230","761230","1645","470","1645","470"
"2025-06-27","1.87","313915","313915","1635","195","1635","195"
"2025-06-26","-2.43","1457860","1457860","1605","906","1605","906"
"2025-06-25","1.54","18100","18100","1645","11","1645","11"
"2025-06-24","-0.31","234890","234890","1620","145","1620","145"
"2025-06-23","0.93","908110","908110","1625","563","1625","563"
"2025-06-20","-2.42","487460","487460","1610","298","1610","298"
"2025-06-19","0","381150","381150","1650","231","1650","231"
"2025-06-18","0","206250","206250","1650","125","1650","125"
"2025-06-17","0","905825","905825","1650","545","1650","545"
"2025-06-16","-7.04","1641390","1641390","1650","991","1650","991"
"2025-06-13","6.61","2625625","2625625","1775","1556","1775","1556"
"2025-06-12","0.3","7803855","7803855","1665","4690","1665","4690"
"2025-06-11","0.61","484530","484530","1660","295","1660","295"
"2025-06-10","0","146910","146910","1650","89","1650","89"
"2025-06-05","-1.79","544650","544650","1650","331","1650","331"
"2025-06-04","1.82","6586510","6586510","1680","4113","1680","4113"
"2025-06-03","-2.08","8842725","8842725","1650","5361","1650","5361"
"2025-06-02","0","303495","303495","1685","180","1685","180"
"2025-05-30","2.12","864915","864915","1685","524","1685","524"
"2025-05-28","-2.37","7531970","7531970","1650","4574","1650","4574"
"2025-05-27","4.64","65910","65910","1690","39","1690","39"
"2025-05-26","-4.72","5994640","5994640","1615","3566","1615","3566"
"2025-05-23","-4.78","10979715","10979715","1695","6195","1695","6195"
"2025-05-22","3.49","19464325","19464325","1780","11892","1780","11892"
"2025-05-21","2.38","6089895","6089895","1720","3613","1720","3613"
"2025-05-20","0","1968960","1968960","1680","1172","1680","1172"
"2025-05-19","-0.59","33471735","33471735","1680","20909","1680","20909"
"2025-05-16","5.63","54462960","54462960","1690","34119","1690","34119"
"2025-05-15","0","4227200","4227200","1600","2634","1600","2634"
"2025-05-14","0","275380","275380","1600","172","1600","172"
"2025-05-13","2.56","12068225","12068225","1600","7451","1600","7451"
"2025-05-12","-3.7","1169940","1169940","1560","749","1560","749"
"2025-05-09","-0.31","1015720","1015720","1620","636","1620","636"
"2025-05-08","1.56","11210375","11210375","1625","7019","1625","7019"
"2025-05-07","0","961000","961000","1600","591","1600","591"
"2025-05-06","-1.54","4854990","4854990","1600","3052","1600","3052"
"2025-05-05","-3.27","327480","327480","1625","202","1625","202"
"2025-05-02","-1.18","9606500","9606500","1680","5663","1680","5663"
"2025-04-30","6.25","1080100","1080100","1700","628","1700","628"
"2025-04-29","1.27","13009790","13009790","1600","7824","1600","7824"
"2025-04-28","0","3715720","3715720","1580","2349","1580","2349"
"2025-04-25","0","99320","99320","1580","63","1580","63"
"2025-04-24","0","349180","349180","1580","221","1580","221"
"2025-04-23","-0.32","1909465","1909465","1580","1195","1580","1195"
"2025-04-22","0","11585670","11585670","1585","7297","1585","7297"
"2025-04-18","0","109700","109700","1585","70","1585","70"
"2025-04-17","0","236165","236165","1585","149","1585","149"
"2025-04-16","0","309075","309075","1585","195","1585","195"
"2025-04-15","-0.94","256340","256340","1585","162","1585","162"
"2025-04-14","2.89","181100","181100","1600","116","1600","116"
"2025-04-11","0","233200","233200","1555","150","1555","150"
"2025-04-10","0.32","163270","163270","1555","105","1555","105"
"2025-04-09","-1.9","263800","263800","1550","170","1550","170"
"2025-04-08","-0.32","454195","454195","1580","294","1580","294"
"2025-04-07","-0.31","11689560","11689560","1585","7392","1585","7392"
"2025-04-04","0.95","983015","983015","1590","652","1590","652"
"2025-04-03","-0.32","301525","301525","1575","193","1575","193"
"2025-04-02","-0.63","16646815","16646815","1580","11095","1580","11095"
"2025-04-01","-0.31","565695","565695","1590","355","1590","355"
"2025-03-28","0","650730","650730","1595","429","1595","429"
"2025-03-26","0","2055825","2055825","1595","1289","1595","1289"
"2025-03-25","0.31","14932375","14932375","1595","9889","1595","9889"
"2025-03-24","1.6","126960","126960","1590","81","1590","81"
"2025-03-21","0","35950","35950","1565","23","1565","23"
"2025-03-20","0","1803700","1803700","1565","1146","1565","1146"
"2025-03-19","-2.8","2269500","2269500","1565","1457","1565","1457"
"2025-03-18","-0.62","261160","261160","1610","162","1610","162"
"2025-03-17","0","171665","171665","1620","106","1620","106"
"2025-03-14","1.57","278530","278530","1620","174","1620","174"
"2025-03-13","-1.54","313975","313975","1595","196","1595","196"
"2025-03-12","1.25","674940","674940","1620","417","1620","417"
"2025-03-11","0","2197150","2197150","1600","1389","1600","1389"
"2025-03-10","-2.14","882885","882885","1600","549","1600","549"
"2025-03-07","-0.61","1889170","1889170","1635","1152","1635","1152"
"2025-03-06","-0.3","896400","896400","1645","544","1645","544"
"2025-03-05","-0.6","5323910","5323910","1650","3271","1650","3271"
"2025-03-04","-0.3","2229880","2229880","1660","1343","1660","1343"
"2025-03-03","7.42","1687315","1687315","1665","1021","1665","1021"
"2025-02-28","-2.82","283923780","283923780","1550","167107","1550","167107"
"2025-02-27","0","631015","631015","1595","417","1595","417"
"2025-02-26","0","1929655","1929655","1595","1281","1595","1281"
"2025-02-25","0","1445585","1445585","1595","907","1595","907"
"2025-02-24","0","208445","208445","1595","131","1595","131"
"2025-02-21","0","878350","878350","1595","549","1595","549"
"2025-02-20","-4.2","167335","167335","1595","101","1595","101"
"2025-02-19","0","323250","323250","1665","200","1665","200"
"2025-02-18","-0.6","2454710","2454710","1665","1466","1665","1466"
"2025-02-17","0","77050","77050","1675","46","1675","46"
"2025-02-14","0","12332525","12332525","1675","7364","1675","7364"
"2025-02-13","0","883775","883775","1675","528","1675","528"
"2025-02-12","5.35","787170","787170","1675","486","1675","486"
"2025-02-11","-5.07","1070055","1070055","1590","644","1590","644"
"2025-02-10","-0.3","858915","858915","1675","512","1675","512"
"2025-02-07","7.35","43680","43680","1680","26","1680","26"
"2025-02-06","-2.19","1926360","1926360","1565","1214","1565","1214"
"2025-02-05","0","2574925","2574925","1600","1633","1600","1633"
"2025-02-04","-5.33","558400","558400","1600","349","1600","349"
"2025-02-03","0.3","1411725","1411725","1690","880","1690","880"
"2025-01-31","5.31","184405","184405","1685","113","1685","113"
"2025-01-30","-5.6","219860","219860","1600","137","1600","137"
"2025-01-29","0","13560","13560","1695","8","1695","8"
"2025-01-28","0","258760","258760","1695","157","1695","157"
"2025-01-27","0","10170","10170","1695","6","1695","6"
"2025-01-24","0","22035","22035","1695","13","1695","13"
"2025-01-23","0","172755","172755","1695","102","1695","102"
"2025-01-21","0","11775","11775","1695","7","1695","7"
"2025-01-20","0","537315","537315","1695","317","1695","317"
"2025-01-17","0","33930","33930","1695","20","1695","20"
"2025-01-16","-0.29","236760","236760","1695","143","1695","143"
"2025-01-15","0","68000","68000","1700","40","1700","40"
"2025-01-14","0","51000","51000","1700","30","1700","30"
"2025-01-13","-2.58","8500","8500","1700","5","1700","5"
"2025-01-10","0","129460","129460","1745","78","1745","78"
"2025-01-09","0","177990","177990","1745","102","1745","102"
"2025-01-08","1.75","253440","253440","1745","149","1745","149"
"2025-01-07","-7.3","128625","128625","1715","75","1715","75"
"2025-01-06","0.27","450570","450570","1850","263","1850","263"
"2025-01-03","0","471070","471070","1845","256","1845","256"
"2025-01-02","-3.91","1845","1845","1845","1","1845","1"
"2024-12-31","6.67","12747805","12747805","1920","6681","1920","6681"
"2024-12-27","1.41","2753250","2753250","1800","1530","1800","1530"
"2024-12-26","1.43","872825","872825","1775","493","1775","493"
"2024-12-24","-2.23","3454500","3454500","1750","1974","1750","1974"
"2024-12-23","0","907170","907170","1790","504","1790","504"
"2024-12-20","-0.56","638990","638990","1790","355","1790","355"
"2024-12-19","0","25200","25200","1800","14","1800","14"
"2024-12-18","5.88","174760","174760","1800","100","1800","100"
"2024-12-17","-4.49","1935830","1935830","1700","1137","1700","1137"
"2024-12-16","0","169100","169100","1780","95","1780","95"
"2024-12-13","0","103240","103240","1780","58","1780","58"
"2024-12-12","3.79","475305","475305","1780","274","1780","274"
"2024-12-11","-2","433885","433885","1715","252","1715","252"
"2024-12-10","-1.69","26250","26250","1750","15","1750","15"
"2024-12-09","0.28","1780","1780","1780","1","1780","1"
"2024-12-06","-0.28","79875","79875","1775","45","1775","45"
"2024-12-05","-0.84","98650","98650","1780","55","1780","55"
"2024-12-04","-0.28","189800","189800","1795","106","1795","106"
"2024-12-03","5.88","2182500","2182500","1800","1223","1800","1223"
"2024-12-02","-2.3","85000","85000","1700","50","1700","50"
"2024-11-29","0","1258160","1258160","1740","745","1740","745"
"2024-11-27","0","2396535","2396535","1740","1437","1740","1437"
"2024-11-26","-0.29","140390","140390","1740","81","1740","81"
"2024-11-25","0","889415","889415","1745","531","1745","531"
"2024-11-22","0","1169335","1169335","1745","723","1745","723"
"2024-11-21","0","87250","87250","1745","50","1745","50"
"2024-11-20","0","99470","99470","1745","57","1745","57"
"2024-11-19","-0.29","101210","101210","1745","58","1745","58"
"2024-11-18","4.48","564950","564950","1750","353","1750","353"
"2024-11-14","-4.29","103850","103850","1675","62","1675","62"
"2024-11-13","0","146250","146250","1750","87","1750","87"
"2024-11-12","0","1750","1750","1750","1","1750","1"
"2024-11-11","0","52500","52500","1750","30","1750","30"
"2024-11-08","0","787500","787500","1750","450","1750","450"
"2024-11-07","0","672000","672000","1750","384","1750","384"
"2024-11-06","0","178500","178500","1750","102","1750","102"
"2024-11-05","0","418250","418250","1750","239","1750","239"
"2024-11-04","-2.23","620830","620830","1750","358","1750","358"
"2024-10-30","0.28","559515","559515","1790","313","1790","313"
"2024-10-29","0","893250","893250","1785","500","1785","500"
"2024-10-28","0.28","194760","194760","1785","110","1785","110"
"2024-10-25","-1.11","190460","190460","1780","107","1780","107"
"2024-10-24","6.51","6225885","6225885","1800","3833","1800","3833"
"2024-10-23","-5.85","3765485","3765485","1690","2221","1690","2221"
"2024-10-22","2.28","865695","865695","1795","491","1795","491"
"2024-10-21","-7.39","5188595","5188595","1755","2917","1755","2917"
"2024-10-18","0","1296980","1296980","1895","697","1895","697"
"2024-10-17","-0.26","999515","999515","1895","527","1895","527"
"2024-10-16","4.97","150950","150950","1900","80","1900","80"
"2024-10-15","-4.74","2003000","2003000","1810","1075","1810","1075"
"2024-10-14","3.26","6986340","6986340","1900","3687","1900","3687"
"2024-10-11","2.22","1194550","1194550","1840","662","1840","662"
"2024-10-10","0","1003560","1003560","1800","559","1800","559"
"2024-10-09","-0.55","34260","34260","1800","19","1800","19"
"2024-10-08","-1.9","27240","27240","1810","15","1810","15"
"2024-10-07","4.83","180382530","180382530","1845","100778","1845","100778"
"2024-10-04","-1.95","518945","518945","1760","294","1760","294"
"2024-10-03","0.28","359025","359025","1795","200","1795","200"
"2024-10-02","-0.56","65860","65860","1790","38","1790","38"
"2024-10-01","-4.51","604165","604165","1800","333","1800","333"
"2024-09-30","5.31","1240395","1240395","1885","680","1885","680"
"2024-09-27","0","910570","910570","1790","523","1790","523"
"2024-09-26","-0.56","772700","772700","1790","453","1790","453"
"2024-09-25","0","214290","214290","1800","120","1800","120"
"2024-09-24","0","218400","218400","1800","122","1800","122"
"2024-09-23","-2.7","99080","99080","1800","55","1800","55"
"2024-09-20","0","18500","18500","1850","10","1850","10"
"2024-09-19","0","3700","3700","1850","2","1850","2"
"2024-09-18","-1.86","144000","144000","1850","78","1850","78"
"2024-09-17","3.57","184070","184070","1885","99","1885","99"
"2024-09-16","7.06","40040","40040","1820","22","1820","22"
"2024-09-13","-6.59","196600","196600","1700","111","1700","111"
"2024-09-11","0","328740","328740","1820","177","1820","177"
"2024-09-09","-0.27","443105","443105","1820","256","1820","256"
"2024-09-06","0","1865105","1865105","1825","1077","1825","1077"
"2024-09-05","0","109500","109500","1825","60","1825","60"
"2024-09-04","-2.93","796060","796060","1825","442","1825","442"
"2024-09-03","0","611900","611900","1880","350","1880","350"
"2024-09-02","0","15040","15040","1880","8","1880","8"
"2024-08-30","0","236880","236880","1880","126","1880","126"
"2024-08-29","-0.27","157945","157945","1880","84","1880","84"
"2024-08-28","0","2032185","2032185","1885","1148","1885","1148"
"2024-08-27","0","47125","47125","1885","25","1885","25"
"2024-08-26","-0.26","116870","116870","1885","62","1885","62"
"2024-08-21","0","276030","276030","1890","152","1890","152"
"2024-08-20","-0.26","177035","177035","1890","94","1890","94"
"2024-08-19","-0.26","159720","159720","1895","85","1895","85"
"2024-08-16","-1.04","19000","19000","1900","10","1900","10"
"2024-08-14","7.26","23040","23040","1920","12","1920","12"
"2024-08-13","-7.25","1227940","1227940","1790","680","1790","680"
"2024-08-12","0","48250","48250","1930","25","1930","25"
"2024-08-09","-0.26","38600","38600","1930","20","1930","20"
"2024-08-08","-0.51","979275","979275","1935","511","1935","511"
"2024-08-06","0","297690","297690","1945","162","1945","162"
"2024-08-05","2.64","610010","610010","1945","329","1945","329"
"2024-08-02","-0.26","521945","521945","1895","287","1895","287"
"2024-08-01","-2.56","95000","95000","1900","50","1900","50"
"2024-07-31","0.26","428940","428940","1950","221","1950","221"
"2024-07-30","0.52","212970","212970","1945","110","1945","110"
"2024-07-29","-0.51","36815","36815","1935","19","1935","19"
"2024-07-26","-0.26","25325","25325","1945","13","1945","13"
"2024-07-25","-0.76","147225","147225","1950","75","1950","75"
"2024-07-23","4.52","1100855","1100855","1965","589","1965","589"
"2024-07-22","-1.05","526400","526400","1880","280","1880","280"
"2024-07-19","0.26","347700","347700","1900","183","1900","183"
"2024-07-18","-2.32","429180","429180","1895","231","1895","231"
"2024-07-17","-1.02","162960","162960","1940","84","1940","84"
"2024-07-16","-0.25","23165","23165","1960","12","1960","12"
"2024-07-12","-0.51","600825","600825","1965","305","1965","305"
"2024-07-11","7.34","1115855","1115855","1975","605","1975","605"
"2024-07-10","2.51","859365","859365","1840","475","1840","475"
"2024-07-09","5.59","2086500","2086500","1795","1246","1795","1246"
"2024-07-08","-5.56","856800","856800","1700","504","1700","504"
"2024-07-05","-2.17","94800","94800","1800","52","1800","52"
"2024-07-04","-0.54","1186800","1186800","1840","645","1840","645"
"2024-07-03","-7.5","35642960","35642960","1850","17486","1850","17486"
"2024-07-02","2.3","1543700","1543700","2000","776","2000","776"
"2024-07-01","-0.26","23460","23460","1955","12","1955","12"
"2024-06-28","6.52","4926585","4926585","1960","2646","1960","2646"
"2024-06-27","-0.54","59030","59030","1840","32","1840","32"
"2024-06-25","-2.12","481000","481000","1850","260","1850","260"
"2024-06-24","2.72","795670","795670","1890","442","1890","442"
"2024-06-21","1.1","636700","636700","1840","350","1840","350"
"2024-06-20","6.43","273000","273000","1820","150","1820","150"
"2024-06-19","-7.32","104960","104960","1710","57","1710","57"
"2024-06-18","5.43","1497355","1497355","1845","875","1845","875"
"2024-06-14","2.94","492750","492750","1750","285","1750","285"
"2024-06-13","7.26","2258595","2258595","1700","1422","1700","1422"
"2024-06-12","-7.31","1538755","1538755","1585","936","1585","936"
"2024-06-11","-7.32","630160","630160","1710","363","1710","363"
"2024-06-10","-7.29","77490","77490","1845","42","1845","42"
"2024-06-07","-0.5","460685","460685","1990","231","1990","231"
"2024-06-06","5.82","2502720","2502720","2000","1368","2000","1368"
"2024-06-05","6.48","3204905","3204905","1890","1820","1890","1820"
"2024-06-03","-1.39","898205","898205","1775","519","1775","519"
"2024-05-31","6.51","9439780","9439780","1800","5580","1800","5580"
"2024-05-30","-0.59","11119075","11119075","1690","7056","1690","7056"
"2024-05-29","0","6325500","6325500","1700","4012","1700","4012"
"2024-05-28","6.25","66750","66750","1700","40","1700","40"
"2024-05-27","-5.88","737600","737600","1600","461","1600","461"
"2024-05-24","6.25","7759830","7759830","1700","4836","1700","4836"
"2024-05-23","0","745600","745600","1600","466","1600","466"
"2024-05-22","0","177800","177800","1600","113","1600","113"
"2024-05-21","0.31","1161600","1161600","1600","726","1600","726"
"2024-05-17","1.92","1067055","1067055","1595","669","1595","669"
"2024-05-16","-7.4","3688700","3688700","1565","2298","1565","2298"
"2024-05-15","-0.29","895015","895015","1690","531","1690","531"
"2024-05-14","-5.83","2902640","2902640","1695","1712","1695","1712"
"2024-05-13","-5.26","1895925","1895925","1800","1050","1800","1050"
"2024-05-10","-7.32","124960","124960","1900","64","1900","64"
"2024-05-08","0","1083765","1083765","2050","538","2050","538"
"2024-05-07","-0.49","63565","63565","2050","31","2050","31"
"2024-05-06","3.26","478670","478670","2060","235","2060","235"
"2024-05-03","-7.21","5255905","5255905","1995","2631","1995","2631"
"2024-04-30","4.88","2413660","2413660","2150","1202","2150","1202"
"2024-04-29","-6.39","59450","59450","2050","29","2050","29"
"2024-04-26","1.86","1013635","1013635","2190","504","2190","504"
"2024-04-25","-1.83","826090","826090","2150","384","2150","384"
"2024-04-22","-0.23","87550","87550","2190","40","2190","40"
"2024-04-17","0","595440","595440","2195","272","2195","272"
"2024-04-16","0","363350","363350","2195","166","2195","166"
"2024-04-15","0","6585","6585","2195","3","2195","3"
"2024-04-12","0.23","289885","289885","2195","133","2195","133"
"2024-04-11","0","1224700","1224700","2190","580","2190","580"
"2024-04-09","-0.23","334175","334175","2190","155","2190","155"
"2024-04-08","-1.13","175750","175750","2195","80","2195","80"
"2024-04-05","-1.33","266400","266400","2220","120","2220","120"
"2024-04-04","0.22","366655","366655","2250","163","2250","163"
"2024-04-03","-0.22","2220835","2220835","2245","988","2245","988"
"2024-04-02","0","40500","40500","2250","18","2250","18"
"2024-03-29","2.74","1273420","1273420","2250","580","2250","580"
"2024-03-28","0","182530","182530","2190","87","2190","87"
"2024-03-27","-2.67","153440","153440","2190","70","2190","70"
"2024-03-26","-2.17","2455140","2455140","2250","1128","2250","1128"
"2024-03-25","0","92000","92000","2300","40","2300","40"
"2024-03-22","4.55","549500","549500","2300","252","2300","252"
"2024-03-21","0","4400","4400","2200","2","2200","2"
"2024-03-20","-4.14","557250","557250","2200","252","2200","252"
"2024-03-18","0","22950","22950","2295","10","2295","10"
"2024-03-15","6.74","22950","22950","2295","10","2295","10"
"2024-03-14","-3.15","55900","55900","2150","26","2150","26"
"2024-03-13","0","1222710","1222710","2220","568","2220","568"
"2024-03-12","0.91","719380","719380","2220","329","2220","329"
"2024-03-11","-0.9","3980575","3980575","2200","1797","2200","1797"
"2024-03-08","3.26","13378800","13378800","2220","6040","2220","6040"
"2024-03-07","-3.15","13105500","13105500","2150","5930","2150","5930"
"2024-03-06","2.07","22200","22200","2220","10","2220","10"
"2024-03-05","-5.23","650325","650325","2175","299","2175","299"
"2024-03-04","4.32","400950","400950","2295","190","2295","190"
"2024-03-01","-4.35","6774695","6774695","2200","3076","2200","3076"
"2024-02-29","0","35672200","35672200","2300","16214","2300","16214"
"2024-02-28","0","828000","828000","2300","360","2300","360"
"2024-02-27","0.44","1451900","1451900","2300","673","2300","673"
"2024-02-23","-1.29","339655","339655","2290","148","2290","148"
"2024-02-22","-1.07","1022430","1022430","2320","444","2320","444"
"2024-02-21","-1.47","69855","69855","2345","30","2345","30"
"2024-02-19","-0.42","682780","682780","2380","307","2380","307"
"2024-02-15","-0.42","4780","4780","2390","2","2390","2"
"2024-02-14","-2.04","106015","106015","2400","45","2400","45"
"2024-02-13","5.6","24500","24500","2450","10","2450","10"
"2024-02-08","0","67900","67900","2320","30","2320","30"
"2024-02-07","-0.22","463690","463690","2320","202","2320","202"
"2024-02-05","0","156500","156500","2325","70","2325","70"
"2024-02-02","0","92635","92635","2325","42","2325","42"
"2024-02-01","0.87","552850","552850","2325","240","2325","240"
"2024-01-31","4.77","2668520","2668520","2305","1257","2305","1257"
"2024-01-30","-2","458200","458200","2200","216","2200","216"
"2024-01-29","-0.22","460320","460320","2245","209","2245","209"
"2024-01-26","-2.17","226110","226110","2250","101","2250","101"
"2024-01-25","-0.22","73450","73450","2300","32","2300","32"
"2024-01-24","-7.43","225890","225890","2305","98","2305","98"
"2024-01-19","0","30155395","30155395","2490","12831","2490","12831"
"2024-01-18","-0.4","37350","37350","2490","15","2490","15"
"2024-01-16","-1.96","513500","513500","2500","205","2500","205"
"2024-01-15","0.99","12750","12750","2550","5","2550","5"
"2024-01-12","7.45","2726350","2726350","2525","1190","2525","1190"
"2024-01-11","-7.11","526400","526400","2350","224","2350","224"
"2024-01-10","-2.13","86300","86300","2530","34","2530","34"
"2024-01-09","-1.71","25850","25850","2585","10","2585","10"
"2024-01-05","0","26300","26300","2630","10","2630","10"
"2024-01-04","1.15","1397750","1397750","2630","564","2630","564"
"2024-01-03","4.21","453450","453450","2600","175","2600","175"
"2024-01-02","-5.49","137435","137435","2495","55","2495","55"
"2023-12-29","0.38","3682600","3682600","2640","1473","2640","1473"
"2023-12-28","-0.19","210700","210700","2630","80","2630","80"
"2023-12-27","-0.19","2333500","2333500","2635","900","2635","900"
"2023-12-26","-0.38","18480","18480","2640","7","2640","7"
"2023-12-22","0","689000","689000","2650","260","2650","260"
"2023-12-21","-1.85","5300","5300","2650","2","2650","2"
"2023-12-19","-6.57","161750","161750","2700","60","2700","60"
"2023-12-18","0","2454580","2454580","2890","911","2890","911"
"2023-12-15","7.04","8604415","8604415","2890","3131","2890","3131"
"2023-12-14","0.37","283500","283500","2700","105","2700","105"
"2023-12-13","-0.37","412525","412525","2690","153","2690","153"
"2023-12-12","0.93","493700","493700","2700","184","2700","184"
"2023-12-11","-2.19","2398225","2398225","2675","896","2675","896"
"2023-12-08","6.21","1365795","1365795","2735","541","2735","541"
"2023-12-07","-6.02","164800","164800","2575","64","2575","64"
"2023-12-06","7.45","878720","878720","2740","343","2740","343"
"2023-12-05","-2.67","174980","174980","2550","70","2550","70"
"2023-12-04","7.38","1073040","1073040","2620","438","2620","438"
"2023-12-01","-6.15","20711135","20711135","2440","8486","2440","8486"
"2023-11-30","6.56","1370570","1370570","2600","554","2600","554"
"2023-11-29","7.49","5138340","5138340","2440","2247","2440","2247"
"2023-11-27","0.89","472700","472700","2270","210","2270","210"
"2023-11-24","0","270060","270060","2250","120","2250","120"
"2023-11-23","-0.88","961215","961215","2250","427","2250","427"
"2023-11-22","0","1470960","1470960","2270","648","2270","648"
"2023-11-21","-0.44","2210030","2210030","2270","1016","2270","1016"
"2023-11-20","0","342000","342000","2280","150","2280","150"
"2023-11-17","-5","503335","503335","2280","221","2280","221"
"2023-11-14","5.26","143210","143210","2400","61","2400","61"
"2023-11-13","-7.32","8480070","8480070","2280","3714","2280","3714"
"2023-11-10","4.9","6455640","6455640","2460","2624","2460","2624"
"2023-11-09","0","587335","587335","2345","268","2345","268"
"2023-11-08","1.96","128960","128960","2345","55","2345","55"
"2023-11-07","-1.92","91355","91355","2300","40","2300","40"
"2023-11-06","-0.21","93800","93800","2345","40","2345","40"
"2023-11-03","2.17","689300","689300","2350","320","2350","320"
"2023-11-02","-7.07","32230","32230","2300","14","2300","14"
"2023-10-31","-7.48","275180","275180","2475","111","2475","111"
"2023-10-30","-0.19","108168750","108168750","2675","43250","2675","43250"
"2023-10-26","-0.19","1152400","1152400","2680","430","2680","430"
"2023-10-25","1.7","381270","381270","2685","142","2685","142"
"2023-10-24","-0.38","211405","211405","2640","82","2640","82"
"2023-10-18","0","765850","765850","2650","289","2650","289"
"2023-10-17","-1.3","477800","477800","2650","184","2650","184"
"2023-10-13","0","8055","8055","2685","3","2685","3"
"2023-10-12","0","18795","18795","2685","7","2685","7"
"2023-10-11","0","193320","193320","2685","72","2685","72"
"2023-10-10","7.4","13619585","13619585","2685","5445","2685","5445"
"2023-10-09","-7.41","24813060","24813060","2500","9596","2500","9596"
"2023-10-06","0","4463265","4463265","2700","1715","2700","1715"
"2023-10-05","-3.23","111390","111390","2700","41","2700","41"
"2023-10-04","-0.18","2770120","2770120","2790","1068","2790","1068"
"2023-10-03","-0.18","12033910","12033910","2795","4622","2795","4622"
"2023-10-02","3.7","647700","647700","2800","238","2800","238"
"2023-09-29","-3.57","324000","324000","2700","120","2700","120"
"2023-09-28","-1.41","646240","646240","2800","231","2800","231"
"2023-09-26","5.58","933840","933840","2840","338","2840","338"
"2023-09-25","7.17","4865780","4865780","2690","2013","2690","2013"
"2023-09-22","0.2","305460","305460","2510","121","2510","121"
"2023-09-21","-7.22","4581780","4581780","2505","1829","2505","1829"
"2023-09-20","-1.82","347945","347945","2700","130","2700","130"
"2023-09-19","-1.61","27500","27500","2750","10","2750","10"
"2023-09-18","4.49","11155380","11155380","2795","4411","2795","4411"
"2023-09-15","-7.44","980675","980675","2675","364","2675","364"
"2023-09-14","1.4","239490","239490","2890","83","2890","83"
"2023-09-13","5.56","484430","484430","2850","180","2850","180"
"2023-09-12","4.45","1911135","1911135","2700","736","2700","736"
"2023-09-11","0.58","599925","599925","2585","235","2585","235"
"2023-09-08","4.47","128440","128440","2570","50","2570","50"
"2023-09-07","0.41","147600","147600","2460","60","2460","60"
"2023-09-06","-4.67","287400","287400","2450","116","2450","116"
"2023-09-05","2.59","252200","252200","2570","100","2570","100"
"2023-09-04","-2.53","25050","25050","2505","10","2505","10"
"2023-09-01","2.8","296400","296400","2570","120","2570","120"
"2023-08-31","-3.47","60000","60000","2500","24","2500","24"
"2023-08-29","-0.19","189070","189070","2590","73","2590","73"
"2023-08-28","0","2044115","2044115","2595","817","2595","817"
"2023-08-25","3.8","19920410","19920410","2595","7857","2595","7857"
"2023-08-24","0","10000","10000","2500","4","2500","4"
"2023-08-23","0","32025","32025","2500","13","2500","13"
"2023-08-22","0","147500","147500","2500","59","2500","59"
"2023-08-21","5.71","1276525","1276525","2500","540","2500","540"
"2023-08-18","-5.4","6336825","6336825","2365","2567","2365","2567"
"2023-08-17","0","967550","967550","2500","387","2500","387"
"2023-08-16","-1.19","401350","401350","2500","159","2500","159"
"2023-08-14","-0.2","328900","328900","2530","130","2530","130"
"2023-08-11","0","329825","329825","2535","130","2535","130"
"2023-08-10","3.47","480810","480810","2535","191","2535","191"
"2023-08-09","0","1109850","1109850","2450","453","2450","453"
"2023-08-08","-3.35","24500","24500","2450","10","2450","10"
"2023-08-04","0","1441730","1441730","2535","591","2535","591"
"2023-08-03","6.29","1416265","1416265","2535","594","2535","594"
"2023-08-02","-0.42","263850","263850","2385","110","2385","110"
"2023-08-01","-0.21","539045","539045","2395","230","2395","230"
"2023-07-31","2.13","260025","260025","2400","109","2400","109"
"2023-07-28","0","998050","998050","2350","423","2350","423"
"2023-07-27","0","311895","311895","2350","132","2350","132"
"2023-07-26","-0.42","924410","924410","2350","392","2350","392"
"2023-07-25","-1.05","633505","633505","2360","270","2360","270"
"2023-07-24","-0.63","1871905","1871905","2385","808","2385","808"
"2023-07-21","-1.03","2307670","2307670","2400","969","2400","969"
"2023-07-20","-3.77","3057840","3057840","2425","1274","2425","1274"
"2023-07-19","1.2","1280040","1280040","2520","502","2520","502"
"2023-07-18","-2.16","1233150","1233150","2490","500","2490","500"
"2023-07-14","-0.39","152700","152700","2545","60","2545","60"
"2023-07-13","4.07","2904615","2904615","2555","1253","2555","1253"
"2023-07-12","-4.66","1819235","1819235","2455","706","2455","706"
"2023-07-11","-0.58","1905780","1905780","2575","772","2575","772"
"2023-07-10","-2.26","147485","147485","2590","57","2590","57"
"2023-07-07","-1.67","7640","7640","2650","3","2650","3"
"2023-07-06","3.65","581610","581610","2695","224","2695","224"
"2023-07-05","0","579800","579800","2600","223","2600","223"
"2023-07-04","-3.7","11179435","11179435","2600","4459","2600","4459"
"2023-07-03","6.3","474700","474700","2700","176","2700","176"
"2023-06-30","6.28","1488580","1488580","2540","612","2540","612"
"2023-06-29","6.46","5197525","5197525","2390","2175","2390","2175"
"2023-06-27","0","2245","2245","2245","1","2245","1"
"2023-06-26","-0.22","187950","187950","2245","85","2245","85"
"2023-06-23","0","1417065","1417065","2250","665","2250","665"
"2023-06-22","0","38250","38250","2250","17","2250","17"
"2023-06-21","0","33750","33750","2250","15","2250","15"
"2023-06-20","0","1973705","1973705","2250","903","2250","903"
"2023-06-16","0","135000","135000","2250","60","2250","60"
"2023-06-15","0","2092650","2092650","2250","930","2250","930"
"2023-06-14","-2.17","271925","271925","2250","121","2250","121"
"2023-06-13","-1.92","1757200","1757200","2300","764","2300","764"
"2023-06-12","0","747300","747300","2345","321","2345","321"
"2023-06-09","-1.05","500780","500780","2345","221","2345","221"
"2023-06-08","3.04","3918890","3918890","2370","1685","2370","1685"
"2023-06-07","5.26","2300","2300","2300","1","2300","1"
"2023-06-06","-6.42","4581010","4581010","2185","1995","2185","1995"
"2023-06-05","0","1213320","1213320","2335","520","2335","520"
"2023-06-02","0","35025","35025","2335","15","2335","15"
"2023-06-01","-0.21","5000450","5000450","2335","2170","2335","2170"
"2023-05-26","0.21","3055110","3055110","2340","1383","2340","1383"
"2023-05-25","-0.21","1596240","1596240","2335","719","2335","719"
"2023-05-24","0","257350","257350","2340","110","2340","110"
"2023-05-23","-0.21","79560","79560","2340","34","2340","34"
"2023-05-22","-0.21","2620840","2620840","2345","1177","2345","1177"
"2023-05-19","1.51","2150300","2150300","2350","958","2350","958"
"2023-05-17","-0.22","23150","23150","2315","10","2315","10"
"2023-05-16","4.04","2703380","2703380","2320","1224","2320","1224"
"2023-05-15","-6.11","51705175","51705175","2230","21880","2230","21880"
"2023-05-12","-0.63","55735","55735","2375","24","2375","24"
"2023-05-11","3.02","74871530","74871530","2390","31876","2390","31876"
"2023-05-10","-1.28","1173540","1173540","2320","500","2320","500"
"2023-05-09","6.82","921670","921670","2350","412","2350","412"
"2023-05-08","-2.22","1797560","1797560","2200","813","2200","813"
"2023-05-05","-6.05","5217545","5217545","2250","2317","2250","2317"
"2023-05-04","7.16","2932685","2932685","2395","1321","2395","1321"
"2023-05-03","-6.88","1237275","1237275","2235","557","2235","557"
"2023-05-02","-3.03","7175900","7175900","2400","3099","2400","3099"
"2023-04-28","-1","3090670","3090670","2475","1281","2475","1281"
"2023-04-27","-7.41","2197510","2197510","2500","875","2500","875"
"2023-04-26","0","183800","183800","2700","69","2700","69"
"2023-04-25","0","584000","584000","2700","220","2700","220"
"2023-04-20","0","636450","636450","2700","236","2700","236"
"2023-04-19","0","27000","27000","2700","10","2700","10"
"2023-04-17","-0.37","540000","540000","2700","200","2700","200"
"2023-04-13","-1.45","303520","303520","2710","112","2710","112"
"2023-04-12","1.85","1927520","1927520","2750","701","2750","701"
"2023-04-11","0","11330290","11330290","2700","4198","2700","4198"
"2023-04-07","-1.46","27000","27000","2700","10","2700","10"
"2023-04-06","-0.36","2740","2740","2740","1","2740","1"
"2023-04-05","0","1493440","1493440","2750","556","2750","556"
"2023-04-04","-2.65","192500","192500","2750","70","2750","70"
"2023-04-03","2.73","2937200","2937200","2825","1051","2825","1051"
"2023-03-31","-1.79","553810","553810","2750","199","2750","199"
"2023-03-30","0.36","794130","794130","2800","285","2800","285"
"2023-03-28","-0.36","19530","19530","2790","7","2790","7"
"2023-03-27","-0.71","883210","883210","2800","319","2800","319"
"2023-03-24","-0.18","250980","250980","2820","89","2820","89"
"2023-03-23","-0.18","1623550","1623550","2825","611","2825","611"
"2023-03-22","0.18","5252175","5252175","2830","1909","2830","1909"
"2023-03-21","0.89","3509530","3509530","2825","1273","2825","1273"
"2023-03-20","-1.06","2508775","2508775","2800","893","2800","893"
"2023-03-17","0","297150","297150","2830","105","2830","105"
"2023-03-16","-0.7","5717900","5717900","2830","2042","2830","2042"
"2023-03-15","-0.7","495450","495450","2850","175","2850","175"
"2023-03-14","-0.35","3657380","3657380","2870","1274","2870","1274"
"2023-03-13","-1.87","2893040","2893040","2880","998","2880","998"
"2023-03-10","-0.34","4738465","4738465","2935","1691","2935","1691"
"2023-03-09","-1.51","1079670","1079670","2945","366","2945","366"
"2023-03-08","-0.33","721570","721570","2990","243","2990","243"
"2023-03-07","-0.17","466000","466000","3000","156","3000","156"
"2023-03-06","7.32","551695","551695","3005","191","3005","191"
"2023-03-03","0.18","551290","551290","2800","197","2800","197"
"2023-03-02","0","2468565","2468565","2795","882","2795","882"
"2023-03-01","0","69875","69875","2795","25","2795","25"
"2023-02-28","-0.18","1835330","1835330","2795","656","2795","656"
"2023-02-27","0.18","646010","646010","2800","232","2800","232"
"2023-02-24","-0.18","5651340","5651340","2795","2022","2795","2022"
"2023-02-23","0.9","20394250","20394250","2800","7344","2800","7344"
"2023-02-22","0","9380340","9380340","2775","3379","2775","3379"
"2023-02-21","0","20257700","20257700","2775","7466","2775","7466"
"2023-02-20","-7.5","13693825","13693825","2775","4905","2775","4905"
"2023-02-17","-3.23","246000","246000","3000","82","3000","82"
"2023-02-16","0.16","868000","868000","3100","280","3100","280"
"2023-02-15","-0.16","108325","108325","3095","35","3095","35"
"2023-02-14","3.33","418650","418650","3100","139","3100","139"
"2023-02-13","0","1193000","1193000","3000","405","3000","405"
"2023-02-10","0","1701000","1701000","3000","567","3000","567"
"2023-02-09","0","879000","879000","3000","293","3000","293"
"2023-02-08","0","924095","924095","3000","308","3000","308"
"2023-02-07","0","60000","60000","3000","20","3000","20"
"2023-02-06","0","300000","300000","3000","100","3000","100"
"2023-02-02","0","195000","195000","3000","65","3000","65"
"2023-02-01","0","99000","99000","3000","33","3000","33"
"2023-01-31","-3.23","2118000","2118000","3000","706","3000","706"
"2023-01-30","0","3161200","3161200","3100","1052","3100","1052"
"2023-01-27","-1.27","634680","634680","3100","208","3100","208"
"2023-01-26","5.02","4511530","4511530","3140","1502","3140","1502"
"2023-01-25","0","359650","359650","2990","120","2990","120"
"2023-01-24","-0.33","3200700","3200700","2990","1115","2990","1115"
"2023-01-23","-6.25","2490000","2490000","3000","830","3000","830"
"2023-01-20","-2.59","112000","112000","3200","35","3200","35"
"2023-01-19","2.98","7204675","7204675","3285","2392","3285","2392"
"2023-01-18","7.05","112794315","112794315","3190","38907","3190","38907"
"2023-01-17","-0.67","3803720","3803720","2980","1276","2980","1276"
"2023-01-16","0.17","8869800","8869800","3000","2959","3000","2959"
"2023-01-13","-6.26","1353950","1353950","2995","451","2995","451"
"2023-01-12","-3.18","156445","156445","3195","51","3195","51"
"2023-01-11","-0.9","219600","219600","3300","71","3300","71"
"2023-01-10","-2.06","16650","16650","3330","5","3330","5"
"2023-01-09","-5.56","37400","37400","3400","11","3400","11"
"2023-01-05","-5.26","21600","21600","3600","6","3600","6"
"2023-01-02","-3.18","15200","15200","3800","4","3800","4"
"2022-12-30","-1.01","46896220","46896220","3925","11959","3925","11959"
"2022-12-29","1.41","75382045","75382045","3965","19059","3965","19059"
"2022-12-28","5.68","45183280","45183280","3910","11888","3910","11888"
"2022-12-27","5.71","10742870","10742870","3700","3000","3700","3000"
"2022-12-23","1.45","10727385","10727385","3500","3116","3500","3116"
"2022-12-22","1.92","7246980","7246980","3450","2138","3450","2138"
"2022-12-21","-1.88","2086250","2086250","3385","650","3385","650"
"2022-12-20","1.62","4036500","4036500","3450","1170","3450","1170"
"2022-12-19","-2.86","3037080","3037080","3395","938","3395","938"
"2022-12-16","0","125405","125405","3495","37","3495","37"
"2022-12-15","-2.65","283835","283835","3495","83","3495","83"
"2022-12-14","4.36","23450330","23450330","3590","6896","3590","6896"
"2022-12-12","7.5","16551975","16551975","3440","5049","3440","5049"
"2022-12-09","6.67","11549690","11549690","3200","3747","3200","3747"
"2022-12-08","-2.28","3110000","3110000","3000","1020","3000","1020"
"2022-12-07","1.99","7152450","7152450","3070","2372","3070","2372"
"2022-12-06","7.5","3010","3010","3010","1","3010","1"
"2022-12-05","-1.75","3396400","3396400","2800","1213","2800","1213"
"2022-12-02","-3.06","1361900","1361900","2850","472","2850","472"
"2022-12-01","0","2439200","2439200","2940","827","2940","827"
"2022-11-30","-5.16","16093560","16093560","2940","5474","2940","5474"
"2022-11-29","0","1055325","1055325","3100","350","3100","350"
"2022-11-28","-0.96","40600","40600","3100","13","3100","13"
"2022-11-25","0","187800","187800","3130","60","3130","60"
"2022-11-23","4.33","18650","18650","3130","6","3130","6"
"2022-11-22","-2.91","5032485","5032485","3000","1676","3000","1676"
"2022-11-21","0","6896880","6896880","3090","2232","3090","2232"
"2022-11-18","2.83","3181025","3181025","3090","1058","3090","1058"
"2022-11-16","0","10046740","10046740","3005","3344","3005","3344"
"2022-11-14","-4.6","23002800","23002800","3005","7522","3005","7522"
"2022-11-11","0","623250","623250","3150","197","3150","197"
"2022-11-09","-4.55","7308080","7308080","3150","2286","3150","2286"
"2022-11-08","0","16500","16500","3300","5","3300","5"
"2022-11-07","0","15121205","15121205","3300","4609","3300","4609"
"2022-11-04","-0.9","7174200","7174200","3300","2174","3300","2174"
"2022-11-03","-4.86","8648010","8648010","3330","2597","3330","2597"
"2022-11-02","0","52500","52500","3500","15","3500","15"
"2022-10-28","-1.41","16582200","16582200","3500","4912","3500","4912"
"2022-10-27","4.41","11762600","11762600","3550","3479","3550","3479"
"2022-10-26","0","5871800","5871800","3400","1727","3400","1727"
"2022-10-25","-4.9","9416000","9416000","3400","2648","3400","2648"
"2022-10-24","-3.12","17875","17875","3575","5","3575","5"
"2022-10-21","5.43","11965200","11965200","3690","3457","3690","3457"
"2022-10-20","0","14315600","14315600","3500","4235","3500","4235"
"2022-10-19","6.06","41015800","41015800","3500","11822","3500","11822"
"2022-10-18","0","2706000","2706000","3300","820","3300","820"
"2022-10-17","-0.9","17797425","17797425","3300","5436","3300","5436"
"2022-10-14","2.3","33814860","33814860","3330","10208","3330","10208"
"2022-10-13","-4.26","2966880","2966880","3255","888","3255","888"
"2022-10-12","-2.86","1661415","1661415","3400","484","3400","484"
"2022-10-11","-1.41","861000","861000","3500","246","3500","246"
"2022-10-10","-1.39","10348080","10348080","3550","2912","3550","2912"
"2022-10-07","-5.26","6476400","6476400","3600","1799","3600","1799"
"2022-10-06","0","7320700","7320700","3800","2060","3800","2060"
"2022-10-05","-1.94","1143800","1143800","3800","301","3800","301"
"2022-10-04","0","7750","7750","3875","2","3875","2"
"2022-10-03","1.97","15510","15510","3875","4","3875","4"
"2022-09-30","4.83","8289215","8289215","3800","2275","3800","2275"
"2022-09-29","-0.14","36250","36250","3625","10","3625","10"
"2022-09-28","0","2193445","2193445","3630","612","3630","612"
"2022-09-27","0","15936590","15936590","3630","4401","3630","4401"
"2022-09-26","-1.09","424935","424935","3630","121","3630","121"
"2022-09-23","-0.81","11010","11010","3670","3","3670","3"
"2022-09-22","-2.63","11004250","11004250","3700","3045","3700","3045"
"2022-09-21","-2.06","19000","19000","3800","5","3800","5"
"2022-09-20","-3","909600","909600","3880","238","3880","238"
"2022-09-19","3.23","5927775","5927775","4000","1509","4000","1509"
"2022-09-16","0","38750","38750","3875","10","3875","10"
"2022-09-15","0","3875","3875","3875","1","3875","1"
"2022-09-14","-0.64","38750","38750","3875","10","3875","10"
"2022-09-12","1.96","571425","571425","3900","149","3900","149"
"2022-09-09","-1.92","19125","19125","3825","5","3825","5"
"2022-09-08","0","7800","7800","3900","2","3900","2"
"2022-09-07","0","62400","62400","3900","16","3900","16"
"2022-09-06","-2.5","19500","19500","3900","5","3900","5"
"2022-09-05","-1.48","164000","164000","4000","41","4000","41"
"2022-09-01","0","6066000","6066000","4060","1500","4060","1500"
"2022-08-30","-0.12","1095000","1095000","4060","280","4060","280"
"2022-08-29","0","36585","36585","4065","9","4065","9"
"2022-08-26","5.86","386945","386945","4065","98","4065","98"
"2022-08-25","-7.47","51760","51760","3840","13","3840","13"
"2022-08-24","3.75","25316630275","25316630275","4150","6100481","4150","6100481"
"2022-08-23","0.38","66594995","66594995","4000","17040","4000","17040"
"2022-08-22","-0.38","901890","901890","3985","234","3985","234"
"2022-08-18","0.13","9408170","9408170","4000","2355","4000","2355"
"2022-08-17","4.04","502090","502090","3995","130","3995","130"
"2022-08-16","1.05","41410560","41410560","3840","10784","3840","10784"
"2022-08-12","0.8","5320000","5320000","3800","1400","3800","1400"
"2022-08-11","0","443230","443230","3770","119","3770","119"
"2022-08-10","0.13","765280","765280","3770","203","3770","203"
"2022-08-09","-0.4","2003650","2003650","3765","552","3765","552"
"2022-08-05","0","37800","37800","3780","10","3780","10"
"2022-08-04","0","37800","37800","3780","10","3780","10"
"2022-08-03","0","15120","15120","3780","4","3780","4"
"2022-08-02","-0.26","300090","300090","3780","80","3780","80"
"2022-07-29","0","952960","952960","3790","252","3790","252"
"2022-07-28","3.41","5376840","5376840","3790","1471","3790","1471"
"2022-07-27","7.48","11029100","11029100","3665","3010","3665","3010"
"2022-07-26","0","6990200","6990200","3410","2050","3410","2050"
"2022-07-25","-1.73","246700","246700","3410","72","3410","72"
"2022-07-22","0","2442110","2442110","3470","704","3470","704"
"2022-07-21","0","360880","360880","3470","104","3470","104"
"2022-07-20","0","447630","447630","3470","129","3470","129"
"2022-07-19","-0.86","729910","729910","3470","209","3470","209"
"2022-07-18","0","1199560","1199560","3500","343","3500","343"
"2022-07-15","0","161000","161000","3500","46","3500","46"
"2022-07-14","0","3319500","3319500","3500","949","3500","949"
"2022-07-13","-0.85","7669460","7669460","3500","2182","3500","2182"
"2022-07-11","0","953100","953100","3530","270","3530","270"
"2022-07-08","0","11394840","11394840","3530","3228","3530","3228"
"2022-07-07","0","1070945","1070945","3530","301","3530","301"
"2022-07-06","0.14","70600","70600","3530","20","3530","20"
"2022-07-05","-6.99","236025","236025","3525","67","3525","67"
"2022-07-04","0","379000","379000","3790","100","3790","100"
"2022-07-01","0","273980","273980","3790","74","3790","74"
"2022-06-30","0","33542470","33542470","3790","8885","3790","8885"
"2022-06-29","0","37900","37900","3790","10","3790","10"
"2022-06-28","0","2959990","2959990","3790","781","3790","781"
"2022-06-27","0","87170","87170","3790","23","3790","23"
"2022-06-24","2.43","3790","3790","3790","1","3790","1"
"2022-06-23","2.78","392450","392450","3700","108","3700","108"
"2022-06-21","-5.14","1224070","1224070","3600","333","3600","333"
"2022-06-20","0","3795000","3795000","3795","1000","3795","1000"
"2022-06-17","2.71","4522095","4522095","3795","1231","3795","1231"
"2022-06-16","0","11085","11085","3695","3","3695","3"
"2022-06-15","0","92375","92375","3695","25","3695","25"
"2022-06-14","-0.14","36950","36950","3695","10","3695","10"
"2022-06-13","-3.52","1018500","1018500","3700","275","3700","275"
"2022-06-09","0","77835","77835","3835","21","3835","21"
"2022-06-08","0.92","991010","991010","3835","260","3835","260"
"2022-06-07","0","399000","399000","3800","105","3800","105"
"2022-06-03","0","296200","296200","3800","80","3800","80"
"2022-06-02","-0.65","83600","83600","3800","22","3800","22"
"2022-06-01","-0.26","482700","482700","3825","126","3825","126"
"2022-05-31","0","1008610","1008610","3835","265","3835","265"
"2022-05-30","0.92","15340","15340","3835","4","3835","4"
"2022-05-27","5.26","270675","270675","3800","71","3800","71"
"2022-05-24","-5.5","173280","173280","3610","48","3610","48"
"2022-05-23","7.45","220380","220380","3820","60","3820","60"
"2022-05-20","-7.42","6916980","6916980","3555","1940","3555","1940"
"2022-05-19","-0.13","739600","739600","3840","200","3840","200"
"2022-05-17","1.18","7979660","7979660","3845","2254","3845","2254"
"2022-05-16","0","22800","22800","3800","6","3800","6"
"2022-05-13","0","443000","443000","3800","123","3800","123"
"2022-05-12","0","15200","15200","3800","4","3800","4"
"2022-05-11","0","7600","7600","3800","2","3800","2"
"2022-05-10","-1.3","5813300","5813300","3800","1536","3800","1536"
"2022-05-09","-3.63","9789700","9789700","3850","2543","3850","2543"
"2022-05-05","0","1626415","1626415","3995","432","3995","432"
"2022-05-03","-0.75","92225","92225","3995","24","3995","24"
"2022-04-29","-0.12","22870775","22870775","4025","5885","4025","5885"
"2022-04-27","3.33","633340500","633340500","4030","158380","4030","158380"
"2022-04-26","-2.5","4722150","4722150","3900","1221","3900","1221"
"2022-04-25","6.67","134751000","134751000","4000","33749","4000","33749"
"2022-04-22","-3.85","961150","961150","3750","251","3750","251"
"2022-04-21","0","7800","7800","3900","2","3900","2"
"2022-04-20","0","4105450","4105450","3900","1053","3900","1053"
"2022-04-19","0","140400","140400","3900","36","3900","36"
"2022-04-15","0.65","1017800","1017800","3900","262","3900","262"
"2022-04-14","-3.13","2050750","2050750","3875","526","3875","526"
"2022-04-12","0","16000","16000","4000","4","4000","4"
"2022-04-11","2.56","8201750","8201750","4000","2100","4000","2100"
"2022-04-08","0","11650550","11650550","3900","3026","3900","3026"
"2022-04-07","0","97500","97500","3900","25","3900","25"
"2022-04-06","0","39000","39000","3900","10","3900","10"
"2022-04-05","0","485725","485725","3900","125","3900","125"
"2022-04-04","0","155880","155880","3900","40","3900","40"
"2022-04-01","0","2655700","2655700","3900","681","3900","681"
"2022-03-31","-2.5","77650","77650","3900","20","3900","20"
"2022-03-30","0","23939050","23939050","4000","6137","4000","6137"
"2022-03-29","0","360000","360000","4000","90","4000","90"
"2022-03-28","0","1938040","1938040","4000","495","4000","495"
"2022-03-25","0","235905","235905","4000","59","4000","59"
"2022-03-24","0","394000","394000","4000","101","4000","101"
"2022-03-23","0","983000","983000","4000","252","4000","252"
"2022-03-22","0","400000","400000","4000","100","4000","100"
"2022-03-21","0","7865","7865","4000","2","4000","2"
"2022-03-18","0","3460000","3460000","4000","865","4000","865"
"2022-03-17","0","6321145","6321145","4000","1618","4000","1618"
"2022-03-16","0","8704000","8704000","4000","2231","4000","2231"
"2022-03-15","0","5065240","5065240","4000","1291","4000","1291"
"2022-03-14","0","40000","40000","4000","10","4000","10"
"2022-03-11","2.56","404000","404000","4000","101","4000","101"
"2022-03-10","-4.65","3473000","3473000","3900","889","3900","889"
"2022-03-09","4.6","4090","4090","4090","1","4090","1"
"2022-03-08","-4.4","535655","535655","3910","137","3910","137"
"2022-03-07","4.6","697540","697540","4090","174","4090","174"
"2022-03-04","-5.56","230895","230895","3910","59","3910","59"
"2022-03-03","0","3838580","3838580","4140","936","4140","936"
"2022-03-01","-0.24","48150","48150","4140","12","4140","12"
"2022-02-28","6.41","6097530","6097530","4150","1529","4150","1529"
"2022-02-25","0","27300","27300","3900","7","3900","7"
"2022-02-24","0","663000","663000","3900","170","3900","170"
"2022-02-23","0","3829065","3829065","3900","982","3900","982"
"2022-02-22","-4.06","17031625","17031625","3900","4367","3900","4367"
"2022-02-21","-1.93","20325","20325","4065","5","4065","5"
"2022-02-18","-0.12","5186525","5186525","4145","1295","4145","1295"
"2022-02-17","1.22","19700700","19700700","4150","4805","4150","4805"
"2022-02-16","2.5","1753000","1753000","4100","435","4100","435"
"2022-02-15","0","5039150","5039150","4000","1288","4000","1288"
"2022-02-14","2.56","446830","446830","4000","113","4000","113"
"2022-02-11","0","3548610","3548610","3900","910","3900","910"
"2022-02-10","-0.64","4226790","4226790","3900","1085","3900","1085"
"2022-02-09","0.64","6885280","6885280","3925","1764","3925","1764"
"2022-02-08","0","2238600","2238600","3900","574","3900","574"
"2022-02-07","-2.26","778705","778705","3900","201","3900","201"
"2022-02-04","-0.25","830910","830910","3990","208","3990","208"
"2022-02-03","0.13","859240","859240","4000","215","4000","215"
"2022-02-02","0","39950","39950","3995","10","3995","10"
"2022-02-01","1.27","26602350","26602350","3995","6798","3995","6798"
"2022-01-31","-0.13","19725","19725","3945","5","3945","5"
"2022-01-28","0","722850","722850","3950","183","3950","183"
"2022-01-27","-1.13","1393375","1393375","3950","349","3950","349"
"2022-01-26","-0.13","79950","79950","3995","20","3995","20"
"2022-01-25","0","200000","200000","4000","50","4000","50"
"2022-01-24","-3.61","200000","200000","4000","52","4000","52"
"2022-01-21","-1.89","12101840","12101840","4150","3076","4150","3076"
"2022-01-20","0","563500","563500","4230","140","4230","140"
"2022-01-19","-0.12","42300","42300","4230","10","4230","10"
"2022-01-18","0","15990575","15990575","4235","4045","4235","4045"
"2022-01-17","-0.24","152470","152470","4235","36","4235","36"
"2022-01-14","-0.12","300370","300370","4245","72","4245","72"
"2022-01-12","0","4832400","4832400","4250","1215","4250","1215"
"2022-01-11","3.66","559600","559600","4250","133","4250","133"
"2022-01-10","0.12","1423370","1423370","4100","364","4100","364"
"2022-01-07","-2.5","40950","40950","4095","10","4095","10"
"2022-01-05","0","5225000","5225000","4200","1250","4200","1250"
"2022-01-04","-1.18","504000","504000","4200","120","4200","120"
"2022-01-03","1.43","640720","640720","4250","152","4250","152"
"2021-12-31","7.44","40609800","40609800","4190","10061","4190","10061"
"2021-12-30","0.65","38615900","38615900","3900","10010","3900","10010"
"2021-12-29","0","2469795","2469795","3875","650","3875","650"
"2021-12-28","-0.64","949060","949060","3875","248","3875","248"
"2021-12-27","-1.14","986200","986200","3900","258","3900","258"
"2021-12-24","-0.13","197195","197195","3945","50","3945","50"
"2021-12-23","-3.42","8014550","8014550","3950","2029","3950","2029"
"2021-12-22","3.54","5009080","5009080","4090","1264","4090","1264"
"2021-12-21","-1.25","1258560","1258560","3950","319","3950","319"
"2021-12-20","-2.2","20000","20000","4000","5","4000","5"
"2021-12-17","-3.76","409000","409000","4090","100","4090","100"
"2021-12-16","0","1127000","1127000","4250","274","4250","274"
"2021-12-15","-0.93","85000","85000","4250","20","4250","20"
"2021-12-14","-0.12","2771650","2771650","4290","685","4290","685"
"2021-12-13","0","429500","429500","4295","100","4295","100"
"2021-12-10","-1.26","14223550","14223550","4295","3508","4295","3508"
"2021-12-09","0","6107050","6107050","4350","1473","4350","1473"
"2021-12-08","6.1","3989500","3989500","4350","970","4350","970"
"2021-12-07","2.5","155800","155800","4100","38","4100","38"
"2021-12-06","0","8000","8000","4000","2","4000","2"
"2021-12-03","0","1120000","1120000","4000","280","4000","280"
"2021-12-02","0","40000","40000","4000","10","4000","10"
"2021-12-01","-2.44","40000","40000","4000","10","4000","10"
"2021-11-30","2.5","107409720","107409720","4100","26344","4100","26344"
"2021-11-29","0","40000","40000","4000","10","4000","10"
"2021-11-26","0","595250","595250","4000","150","4000","150"
"2021-11-25","0","3150000","3150000","4000","790","4000","790"
"2021-11-24","0","40000","40000","4000","10","4000","10"
"2021-11-23","0","1008300","1008300","4000","254","4000","254"
"2021-11-22","0","12000","12000","4000","3","4000","3"
"2021-11-19","-2.2","289825","289825","4000","75","4000","75"
"2021-11-18","2.25","245400","245400","4090","60","4090","60"
"2021-11-17","2.43","1012600","1012600","4000","256","4000","256"
"2021-11-16","-2.38","276765","276765","3905","71","3905","71"
"2021-11-12","2.56","60000","60000","4000","15","4000","15"
"2021-11-11","0","105475","105475","3900","27","3900","27"
"2021-11-10","0","933800","933800","3900","242","3900","242"
"2021-11-09","-4.76","9530120","9530120","3900","2358","3900","2358"
"2021-11-08","0","433010","433010","4095","106","4095","106"
"2021-11-05","-5.43","16868215","16868215","4095","4116","4095","4116"
"2021-11-04","0","2054620","2054620","4330","474","4330","474"
"2021-11-03","0","844600","844600","4330","195","4330","195"
"2021-10-29","3.71","2137650","2137650","4330","504","4330","504"
"2021-10-28","1.83","8682900","8682900","4175","2100","4175","2100"
"2021-10-27","0","533000","533000","4100","130","4100","130"
"2021-10-26","1.23","5178450","5178450","4100","1258","4100","1258"
"2021-10-25","-0.61","885500","885500","4050","220","4050","220"
"2021-10-22","-1.69","1630000","1630000","4075","400","4075","400"
"2021-10-21","2.47","6218280","6218280","4145","1530","4145","1530"
"2021-10-20","3.59","20225","20225","4045","5","4045","5"
"2021-10-19","-2.38","1347175","1347175","3905","331","3905","331"
"2021-10-15","-3.03","80000","80000","4000","20","4000","20"
"2021-10-14","3.13","470125","470125","4125","117","4125","117"
"2021-10-13","-3.5","240000","240000","4000","60","4000","60"
"2021-10-12","-0.72","9285115","9285115","4145","2293","4145","2293"
"2021-10-11","-0.48","4229445","4229445","4175","1031","4175","1031"
"2021-10-08","3.58","2481955","2481955","4195","595","4195","595"
"2021-10-07","-3.57","5042250","5042250","4050","1245","4050","1245"
"2021-10-06","2.44","5505025","5505025","4200","1321","4200","1321"
"2021-10-05","-5.2","16925025","16925025","4100","4128","4100","4128"
"2021-10-04","-0.12","1210725","1210725","4325","301","4325","301"
"2021-10-01","0","16546720","16546720","4330","4034","4330","4034"
"2021-09-30","3.22","3349715","3349715","4330","795","4330","795"
"2021-09-29","2.32","24282750","24282750","4195","6000","4195","6000"
"2021-09-28","2.24","33796300","33796300","4100","8394","4100","8394"
"2021-09-27","-7.5","2351180","2351180","4010","581","4010","581"
"2021-09-24","0","2222020","2222020","4335","544","4335","544"
"2021-09-23","-0.23","1600510","1600510","4335","369","4335","369"
"2021-09-22","7.02","337478915","337478915","4345","83397","4345","83397"
"2021-09-21","1.75","20425045","20425045","4060","5110","4060","5110"
"2021-09-20","0","483720","483720","3990","128","3990","128"
"2021-09-17","-0.13","1504400","1504400","3990","395","3990","395"
"2021-09-15","0.38","12309635","12309635","3995","3086","3995","3086"
"2021-09-14","2.05","8938940","8938940","3980","2261","3980","2261"
"2021-09-13","-2.38","11700","11700","3900","3","3900","3"
"2021-09-10","0","150925","150925","3995","38","3995","38"
"2021-09-09","0.38","7122460","7122460","3995","1790","3995","1790"
"2021-09-08","0","2386200","2386200","3980","600","3980","600"
"2021-09-07","-0.38","353400","353400","3980","90","3980","90"
"2021-09-03","0","840010","840010","3995","213","3995","213"
"2021-09-02","0.25","20117460","20117460","3995","5043","3995","5043"
"2021-09-01","0","149000","149000","3985","38","3985","38"
"2021-08-31","2.18","1676245","1676245","3985","428","3985","428"
"2021-08-30","-2.01","78000","78000","3900","20","3900","20"
"2021-08-27","-0.13","39800","39800","3980","10","3980","10"
"2021-08-25","-0.13","39850","39850","3985","10","3985","10"
"2021-08-24","0","948570","948570","3990","243","3990","243"
"2021-08-23","0","1376775","1376775","3990","349","3990","349"
"2021-08-18","0","40096200","40096200","3990","10402","3990","10402"
"2021-08-17","0.13","35612435","35612435","3990","9061","3990","9061"
"2021-08-16","-0.13","697235","697235","3985","181","3985","181"
"2021-08-12","0","14641780","14641780","3990","3825","3990","3825"
"2021-08-11","0","1995000","1995000","3990","500","3990","500"
"2021-08-10","0","52294415","52294415","3990","13673","3990","13673"
"2021-08-09","0.13","805470","805470","3990","202","3990","202"
"2021-08-06","-0.13","39850","39850","3985","10","3985","10"
"2021-08-05","0.25","6094940","6094940","3990","1528","3990","1528"
"2021-08-04","-0.25","3918235","3918235","3980","1040","3980","1040"
"2021-08-03","0","40047915","40047915","3990","10050","3990","10050"
"2021-07-29","0","3722480","3722480","3990","977","3990","977"
"2021-07-28","0","23271200","23271200","3990","6119","3990","6119"
"2021-07-27","1.27","4645550","4645550","3990","1168","3990","1168"
"2021-07-26","-0.25","669400","669400","3940","170","3940","170"
"2021-07-23","1.54","12469885","12469885","3950","3164","3950","3164"
"2021-07-22","0","1591510","1591510","3890","411","3890","411"
"2021-07-19","3.73","283970","283970","3890","73","3890","73"
"2021-07-16","-3.6","519375","519375","3750","134","3750","134"
"2021-07-15","0.13","202280","202280","3890","52","3890","52"
"2021-07-14","5","466300","466300","3885","120","3885","120"
"2021-07-13","-7.04","1021805","1021805","3700","276","3700","276"
"2021-07-12","0","39800","39800","3980","10","3980","10"
"2021-07-09","0","628800","628800","3980","160","3980","160"
"2021-07-08","0","39800","39800","3980","10","3980","10"
"2021-07-07","2.05","323060","323060","3980","82","3980","82"
"2021-07-06","-2.26","969950","969950","3900","245","3900","245"
"2021-07-05","0","279780","279780","3990","71","3990","71"
"2021-07-02","0","39900","39900","3990","10","3990","10"
"2021-06-30","0","199477205","199477205","3990","50057","3990","50057"
"2021-06-29","0","39900","39900","3990","10","3990","10"
"2021-06-25","0.25","2433500","2433500","3990","610","3990","610"
"2021-06-24","-0.13","51740","51740","3980","13","3980","13"
"2021-06-23","2.18","2466080","2466080","3985","628","3985","628"
"2021-06-22","0","453400","453400","3900","117","3900","117"
"2021-06-21","-0.76","39000","39000","3900","10","3900","10"
"2021-06-18","-0.25","1631670","1631670","3930","435","3930","435"
"2021-06-17","-0.25","12217530","12217530","3940","3287","3940","3287"
"2021-06-16","0","82750","82750","3950","21","3950","21"
"2021-06-15","-1","86900","86900","3950","22","3950","22"
"2021-06-14","1.53","2574080","2574080","3990","656","3990","656"
"2021-06-11","-0.13","39300","39300","3930","10","3930","10"
"2021-06-10","-0.13","39350","39350","3935","10","3935","10"
"2021-06-09","-0.13","1022090","1022090","3940","272","3940","272"
"2021-06-08","0","1068900","1068900","3945","271","3945","271"
"2021-06-07","1.15","1098090","1098090","3945","282","3945","282"
"2021-06-04","-2.01","39000","39000","3900","10","3900","10"
"2021-06-02","-0.38","514750","514750","3980","135","3980","135"
"2021-06-01","-0.87","549500","549500","3995","140","3995","140"
"2021-05-31","7.47","108023585","108023585","4030","26939","4030","26939"
"2021-05-28","-6.25","622500","622500","3750","160","3750","160"
"2021-05-27","0","40000","40000","4000","10","4000","10"
"2021-05-26","3.09","2007575","2007575","4000","510","4000","510"
"2021-05-25","4.58","1660570","1660570","3880","447","3880","447"
"2021-05-21","-6.67","5055600","5055600","3710","1360","3710","1360"
"2021-05-20","7.14","79500","79500","3975","20","3975","20"
"2021-05-19","-7.25","672290","672290","3710","181","3710","181"
"2021-05-18","5.26","1036870","1036870","4000","263","4000","263"
"2021-05-17","-2.44","3800","3800","3800","1","3800","1"
"2021-05-14","5.27","194750","194750","3895","50","3895","50"
"2021-05-11","0","11407600","11407600","3700","3083","3700","3083"
"2021-05-10","-7.5","7647900","7647900","3700","2067","3700","2067"
"2021-05-07","6.24","360000","360000","4000","90","4000","90"
"2021-05-06","-7.49","77650","77650","3765","20","3765","20"
"2021-05-05","-0.25","40700","40700","4070","10","4070","10"
"2021-05-04","-0.37","1247370","1247370","4080","323","4080","323"
"2021-05-03","0","16174725","16174725","4095","4105","4095","4105"
"2021-04-30","0.49","409500","409500","4095","100","4095","100"
"2021-04-29","-0.12","231100","231100","4075","57","4075","57"
"2021-04-28","2","10031420","10031420","4080","2459","4080","2459"
"2021-04-27","0","1982150","1982150","4000","496","4000","496"
"2021-04-26","0","2010000","2010000","4000","540","4000","540"
"2021-04-23","0","450000","450000","4000","120","4000","120"
"2021-04-22","2.83","13167300","13167300","4000","3305","4000","3305"
"2021-04-21","1.04","1156640","1156640","3890","299","3890","299"
"2021-04-20","6.94","1270950","1270950","3850","335","3850","335"
"2021-04-19","-0.41","108050","108050","3600","30","3600","30"
"2021-04-16","-4.87","741000","741000","3615","205","3615","205"
"2021-04-15","-0.78","426100","426100","3800","117","3800","117"
"2021-04-14","-1.54","4339150","4339150","3830","1205","3830","1205"
"2021-04-12","0","81685","81685","3890","21","3890","21"
"2021-04-08","0","42790","42790","3890","11","3890","11"
"2021-04-07","0.39","4105880","4105880","3890","1080","3890","1080"
"2021-04-02","0.65","38750","38750","3875","10","3875","10"
"2021-04-01","-0.65","38500","38500","3850","10","3850","10"
"2021-03-30","0","12260300","12260300","3875","3398","3875","3398"
"2021-03-29","2.11","947610","947610","3875","250","3875","250"
"2021-03-26","0.13","988460","988460","3795","264","3795","264"
"2021-03-24","-2.07","915080","915080","3790","252","3790","252"
"2021-03-23","0.78","2086375","2086375","3870","545","3870","545"
"2021-03-22","1.05","192000","192000","3840","50","3840","50"
"2021-03-19","0","5154000","5154000","3800","1430","3800","1430"
"2021-03-18","-2.06","474000","474000","3800","130","3800","130"
"2021-03-15","-0.39","711200","711200","3880","190","3880","190"
"2021-03-11","0","38950","38950","3895","10","3895","10"
"2021-03-10","-0.13","920645","920645","3895","251","3895","251"
"2021-03-09","0.13","976550","976550","3900","251","3900","251"
"2021-03-08","5.27","389500","389500","3895","100","3895","100"
"2021-03-05","0.54","148000","148000","3700","40","3700","40"
"2021-03-04","0.82","110100","110100","3680","30","3680","30"
"2021-03-03","-1.35","116935","116935","3650","32","3650","32"
"2021-03-02","-7.27","448000","448000","3700","120","3700","120"
"2021-03-01","5","1077200","1077200","3990","270","3990","270"
"2021-02-26","0","12729000","12729000","3800","3350","3800","3350"
"2021-02-25","0","245875","245875","3800","65","3800","65"
"2021-02-24","2.15","55012625","55012625","3800","14175","3800","14175"
"2021-02-23","0.68","2417750","2417750","3720","650","3720","650"
"2021-02-22","-0.81","12440225","12440225","3695","3570","3695","3570"
"2021-02-19","-0.53","37250","37250","3725","10","3725","10"
"2021-02-18","-1.19","1779620","1779620","3745","505","3745","505"
"2021-02-17","0","1504390","1504390","3790","427","3790","427"
"2021-02-16","0","2708435","2708435","3790","761","3790","761"
"2021-02-15","5.28","363450","363450","3790","100","3790","100"
"2021-02-12","2.86","1778980","1778980","3600","508","3600","508"
"2021-02-11","-0.43","350000","350000","3500","100","3500","100"
"2021-02-10","-7.38","15334435","15334435","3515","4359","3515","4359"
"2021-02-09","-7.44","799800","799800","3795","210","3795","210"
"2021-02-08","0","19281650","19281650","4100","5080","4100","5080"
"2021-02-05","0","1983200","1983200","4100","521","4100","521"
"2021-02-04","2.5","162125","162125","4100","40","4100","40"
"2021-02-03","5.68","13356000","13356000","4000","3609","4000","3609"
"2021-02-02","-7.46","709760","709760","3785","181","3785","181"
"2021-01-29","2.25","3516500","3516500","4090","860","4090","860"
"2021-01-27","0.13","6298615","6298615","4000","1688","4000","1688"
"2021-01-26","-0.13","284355","284355","3995","75","3995","75"
"2021-01-25","2.7","584355","584355","4000","150","4000","150"
"2021-01-22","1.17","1259020","1259020","3895","341","3895","341"
"2021-01-20","-1.28","26950","26950","3850","7","3850","7"
"2021-01-18","-1.76","2309480","2309480","3900","582","3900","582"
"2021-01-15","-0.63","58850","58850","3970","15","3970","15"
"2021-01-14","0.5","19975","19975","3995","5","3995","5"
"2021-01-13","7.43","18646225","18646225","3975","5442","3975","5442"
"2021-01-12","-7.38","506100","506100","3700","132","3700","132"
"2021-01-11","2.44","315800","315800","3995","80","3995","80"
"2021-01-08","-5.91","1786750","1786750","3900","454","3900","454"
"2021-01-04","-0.12","2583225","2583225","4145","630","4145","630"
"2020-12-31","6.82","92718650","92718650","4150","22947","4150","22947"
"2020-12-30","2.24","13678365","13678365","3885","3585","3885","3585"
"2020-12-29","2.84","39821200","39821200","3800","11175","3800","11175"
"2020-12-28","-2.76","794425","794425","3695","215","3695","215"
"2020-12-24","0.13","832745","832745","3800","220","3800","220"
"2020-12-23","6.9","1542675","1542675","3795","419","3795","419"
"2020-12-22","-6.58","433100","433100","3550","122","3550","122"
"2020-12-21","0.13","113870","113870","3800","30","3800","30"
"2020-12-18","-0.13","11385","11385","3795","3","3795","3"
"2020-12-16","0","1069450","1069450","3800","299","3800","299"
"2020-12-15","-0.39","3703300","3703300","3800","1016","3800","1016"
"2020-12-10","0","2018305","2018305","3815","530","3815","530"
"2020-12-08","0.13","2355995","2355995","3815","620","3815","620"
"2020-12-07","0","456160","456160","3810","120","3810","120"
"2020-12-04","-0.13","1679900","1679900","3810","450","3810","450"
"2020-12-03","0.13","1965825","1965825","3815","538","3815","538"
"2020-12-02","-0.52","8049700","8049700","3810","2198","3810","2198"
"2020-12-01","-0.13","1178460","1178460","3830","314","3830","314"
"2020-11-30","0","272335","272335","3835","71","3835","71"
"2020-11-27","-0.13","667925","667925","3835","178","3835","178"
"2020-11-26","0","791170","791170","3840","221","3840","221"
"2020-11-25","-0.13","9829115","9829115","3840","2731","3840","2731"
"2020-11-24","1.85","1295430","1295430","3845","346","3845","346"
"2020-11-23","7.4","10003215","10003215","3775","3054","3775","3054"
"2020-11-20","-7.5","27936455","27936455","3515","7947","3515","7947"
"2020-11-19","0","733970","733970","3800","208","3800","208"
"2020-11-18","-2.44","263555","263555","3800","73","3800","73"
"2020-11-16","0.13","31987540","31987540","3895","8305","3895","8305"
"2020-11-13","1.17","807520","807520","3890","210","3890","210"
"2020-11-12","-1.16","8890445","8890445","3845","2468","3845","2468"
"2020-11-10","1.04","519830","519830","3890","135","3890","135"
"2020-11-09","0","780800","780800","3850","205","3850","205"
"2020-11-04","0.13","3494020","3494020","3850","920","3850","920"
"2020-11-03","-0.13","3531380","3531380","3845","930","3845","930"
"2020-10-28","0","392200","392200","3850","102","3850","102"
"2020-10-23","0","2775470","2775470","3850","772","3850","772"
"2020-10-22","0","1719100","1719100","3850","455","3850","455"
"2020-10-21","1.72","2737640","2737640","3850","708","3850","708"
"2020-10-20","-1.56","946250","946250","3785","250","3785","250"
"2020-10-15","0","410825","410825","3845","115","3845","115"
"2020-10-14","-2.9","772980","772980","3845","203","3845","203"
"2020-10-13","1.54","587500","587500","3960","150","3960","150"
"2020-10-09","6.41","1653420","1653420","3900","450","3900","450"
"2020-10-08","-7.45","183250","183250","3665","50","3665","50"
"2020-10-07","0.38","790430","790430","3960","200","3960","200"
"2020-10-06","-0.25","39450","39450","3945","10","3945","10"
"2020-10-02","-0.38","7910","7910","3955","2","3955","2"
"2020-09-29","0.13","19850","19850","3970","5","3970","5"
"2020-09-28","-0.75","584865","584865","3965","158","3965","158"
"2020-09-24","0","19975","19975","3995","5","3995","5"
"2020-09-23","0","39950","39950","3995","10","3995","10"
"2020-09-22","0","39950","39950","3995","10","3995","10"
"2020-09-21","0","127685","127685","3995","32","3995","32"
"2020-09-17","-0.13","471475","471475","3995","120","3995","120"
"2020-09-15","0","1357710","1357710","4000","343","4000","343"
"2020-09-10","2.56","312136100","312136100","4000","78041","4000","78041"
"2020-09-09","1.3","1440735","1440735","3900","380","3900","380"
"2020-09-07","-0.9","935480","935480","3850","243","3850","243"
"2020-09-03","0","8388310","8388310","3885","2157","3885","2157"
"2020-09-02","-5.13","9339540","9339540","3885","2404","3885","2404"
"2020-08-31","5","59972970","59972970","4095","15178","4095","15178"
"2020-08-28","0.39","3507630","3507630","3900","905","3900","905"
"2020-08-27","-0.38","4196400","4196400","3885","1080","3885","1080"
"2020-08-26","0.39","5290760","5290760","3900","1387","3900","1387"
"2020-08-25","-0.38","6908780","6908780","3885","1806","3885","1806"
"2020-08-24","0","3500050","3500050","3900","900","3900","900"
"2020-08-21","0.26","1557050","1557050","3900","400","3900","400"
"2020-08-20","-0.26","527490","527490","3890","137","3890","137"
"2020-08-17","-1.14","3898750","3898750","3900","1000","3900","1000"
"2020-08-12","0.51","85802975","85802975","3945","21796","3945","21796"
"2020-08-11","0.64","2573825","2573825","3925","661","3925","661"
"2020-08-10","0","1518000","1518000","3900","395","3900","395"
"2020-08-06","0","973625","973625","3900","250","3900","250"
"2020-08-05","0","390000","390000","3900","100","3900","100"
"2020-08-04","4.7","763925","763925","3900","200","3900","200"
"2020-08-03","-1.97","587410","587410","3725","151","3725","151"
"2020-07-30","-3.18","3800000","3800000","3800","1000","3800","1000"
"2020-07-28","0.64","3576225","3576225","3925","917","3925","917"
"2020-07-27","0.13","6475950","6475950","3900","1702","3900","1702"
"2020-07-23","-0.13","1369420","1369420","3895","358","3895","358"
"2020-07-20","0.13","77905","77905","3900","20","3900","20"
"2020-07-17","2.64","24448465","24448465","3895","6612","3895","6612"
"2020-07-15","-2.69","22770","22770","3795","6","3795","6"
"2020-07-13","0.26","198650","198650","3900","51","3900","51"
"2020-07-09","-0.13","2392350","2392350","3890","615","3890","615"
"2020-07-08","-0.13","7790","7790","3895","2","3895","2"
"2020-07-07","-1.14","2535400","2535400","3900","646","3900","646"
"2020-07-06","1.15","6899145","6899145","3945","1769","3945","1769"
"2020-07-03","-1.27","159700","159700","3900","41","3900","41"
"2020-07-01","0","312050","312050","3950","80","3950","80"
"2020-06-29","2.73","1584530","1584530","3950","422","3950","422"
"2020-06-26","-1.41","7690","7690","3845","2","3845","2"
"2020-06-23","-2.26","1124305","1124305","3900","304","3900","304"
"2020-06-22","-0.25","928190","928190","3990","250","3990","250"
"2020-06-19","0","199510","199510","4000","50","4000","50"
"2020-06-16","0","740950","740950","4000","187","4000","187"
"2020-06-15","0","311615","311615","4000","78","4000","78"
"2020-06-12","0.76","464875","464875","4000","117","4000","117"
"2020-06-11","-0.75","223350","223350","3970","56","3970","56"
"2020-06-10","0","20000","20000","4000","5","4000","5"
"2020-06-09","0.76","595530","595530","4000","150","4000","150"
"2020-06-08","0","64525100","64525100","3970","16156","3970","16156"
"2020-06-04","-0.13","39700","39700","3970","10","3970","10"
"2020-06-02","1.92","421275","421275","3975","108","3975","108"
"2020-05-29","-1.89","70200","70200","3900","18","3900","18"
"2020-05-28","-0.25","596250","596250","3975","150","3975","150"
"2020-05-27","0.13","230835","230835","3985","59","3985","59"
"2020-05-25","0","2533525","2533525","3980","640","3980","640"
"2020-05-19","0","533110","533110","3980","135","3980","135"
"2020-05-14","-0.13","197940","197940","3980","50","3980","50"
"2020-05-12","0","1183645","1183645","3985","304","3985","304"
"2020-05-08","2.18","9476335","9476335","3985","2430","3985","2430"
"2020-05-05","-2.13","2141400","2141400","3900","551","3900","551"
"2020-04-29","0.13","556800","556800","3985","140","3985","140"
"2020-04-28","0","87455","87455","3980","22","3980","22"
"2020-04-27","-0.13","87455","87455","3980","22","3980","22"
"2020-04-23","0.89","880145","880145","3985","239","3985","239"
"2020-04-22","-0.88","71119000","71119000","3950","18220","3950","18220"
"2020-04-20","0","39850","39850","3985","10","3985","10"
"2020-04-17","0.89","39850","39850","3985","10","3985","10"
"2020-04-16","0","15298350","15298350","3950","3873","3950","3873"
"2020-04-15","1.28","3030750","3030750","3950","771","3950","771"
"2020-04-14","0","12799800","12799800","3900","3282","3900","3282"
"2020-04-10","0","6800150","6800150","3900","1747","3900","1747"
"2020-04-09","0","662875","662875","3900","171","3900","171"
"2020-04-07","0","1140300","1140300","3900","296","3900","296"
"2020-04-03","-0.64","2034000","2034000","3900","535","3900","535"
"2020-04-01","0.64","5187975","5187975","3925","1347","3925","1347"
"2020-03-31","0","6114700","6114700","3900","1584","3900","1584"
"2020-03-26","0","7090650","7090650","3900","1875","3900","1875"
"2020-03-25","0","3896500","3896500","3900","1025","3900","1025"
"2020-03-24","-0.64","58450","58450","3900","15","3900","15"
"2020-03-23","-0.63","19625","19625","3925","5","3925","5"
"2020-03-19","2.6","3243850","3243850","3950","849","3950","849"
"2020-03-18","-1.28","93250","93250","3850","25","3850","25"
"2020-03-17","-0.51","3580100","3580100","3900","942","3900","942"
"2020-03-16","0.77","475600","475600","3920","125","3920","125"
"2020-03-13","-0.26","1251290","1251290","3890","324","3890","324"
"2020-03-12","-1.27","377450","377450","3900","98","3900","98"
"2020-03-11","-1","413810","413810","3950","107","3950","107"
"2020-03-10","0","308280","308280","3990","79","3990","79"
"2020-03-09","0.13","20453225","20453225","3990","5235","3990","5235"
"2020-03-06","0","19925","19925","3985","5","3985","5"
"2020-03-05","-0.13","378575","378575","3985","95","3985","95"
"2020-03-04","0","147450","147450","3990","37","3990","37"
"2020-03-03","0","2994720","2994720","3990","787","3990","787"
"2020-03-02","0.13","355280","355280","3990","90","3990","90"
"2020-02-28","-0.13","209425","209425","3985","55","3985","55"
"2020-02-27","0","19950","19950","3990","5","3990","5"
"2020-02-26","0.13","15748150","15748150","3990","4144","3990","4144"
"2020-02-25","0","590225","590225","3985","155","3985","155"
"2020-02-24","-0.25","685445","685445","3985","180","3985","180"
"2020-02-21","-0.13","4207965","4207965","3995","1107","3995","1107"
"2020-02-20","0","792500","792500","4000","208","4000","208"
"2020-02-18","-1.23","875250","875250","4000","227","4000","227"
"2020-02-17","3.85","91992050","91992050","4050","23289","4050","23289"
"2020-02-14","-2.5","21627175","21627175","3900","5484","3900","5484"
"2020-02-13","0","1408000","1408000","4000","352","4000","352"
"2020-02-12","0.13","160000","160000","4000","40","4000","40"
"2020-02-11","-0.13","439500","439500","3995","110","3995","110"
"2020-02-10","0","1208000","1208000","4000","302","4000","302"
"2020-02-07","0","12038000","12038000","4000","3012","4000","3012"
"2020-02-06","0.13","927915","927915","4000","232","4000","232"
"2020-02-05","-1.36","839000","839000","3995","210","3995","210"
"2020-02-04","0","20250","20250","4050","5","4050","5"
"2020-02-03","0","100150","100150","4050","25","4050","25"
"2020-01-31","0","271350","271350","4050","67","4050","67"
"2020-01-30","-0.25","2677200","2677200","4050","670","4050","670"
"2020-01-29","-0.25","20300","20300","4060","5","4060","5"
"2020-01-28","0","395880","395880","4070","99","4070","99"
"2020-01-27","0","1651320","1651320","4070","411","4070","411"
"2020-01-24","1.88","9408825","9408825","4070","2355","4070","2355"
"2020-01-23","0.13","4709830","4709830","3995","1223","3995","1223"
"2020-01-22","0","4519300","4519300","3990","1188","3990","1188"
"2020-01-21","-0.13","290430","290430","3990","74","3990","74"
"2020-01-20","0","11985","11985","3995","3","3995","3"
"2020-01-17","1.14","7318795","7318795","3995","1900","3995","1900"
"2020-01-16","-1.25","446350","446350","3950","113","3950","113"
"2020-01-15","0.13","1264350","1264350","4000","320","4000","320"
"2020-01-14","-1.36","83895","83895","3995","21","3995","21"
"2020-01-13","-0.86","2365900","2365900","4050","597","4050","597"
"2020-01-10","2.25","20425","20425","4085","5","4085","5"
"2020-01-09","-2.32","691895","691895","3995","175","3995","175"
"2020-01-08","0.12","40900","40900","4090","10","4090","10"
"2020-01-07","-0.12","2353340","2353340","4085","619","4085","619"
"2020-01-06","-0.12","16360","16360","4090","4","4090","4"
"2020-01-03","3.67","8190","8190","4095","2","4095","2"
"2020-01-02","-4.82","5953700","5953700","3950","1507","3950","1507"
"2019-12-31","3.75","59028860","59028860","4150","14587","4150","14587"
"2019-12-30","0","295550","295550","4000","74","4000","74"
"2019-12-27","0","439125","439125","4000","110","4000","110"
"2019-12-26","0","199840","199840","4000","50","4000","50"
"2019-12-23","0","59950","59950","4000","15","4000","15"
"2019-12-20","0","2633735","2633735","4000","665","4000","665"
"2019-12-19","0","640000","640000","4000","160","4000","160"
"2019-12-18","0.76","40689625","40689625","4000","10300","4000","10300"
"2019-12-17","0.51","22993780","22993780","3970","5820","3970","5820"
"2019-12-16","0","43098450","43098450","3950","10911","3950","10911"
"2019-12-13","-0.5","24569000","24569000","3950","6220","3950","6220"
"2019-12-12","0.51","10273200","10273200","3970","2600","3970","2600"
"2019-12-11","0","11248500","11248500","3950","2848","3950","2848"
"2019-12-10","-0.38","653280","653280","3950","165","3950","165"
"2019-12-09","0.38","5830275","5830275","3965","1476","3965","1476"
"2019-12-06","0","267250","267250","3950","68","3950","68"
"2019-12-05","0","19750","19750","3950","5","3950","5"
"2019-12-04","0","1307300","1307300","3950","332","3950","332"
"2019-12-03","-0.38","2441720","2441720","3950","623","3950","623"
"2019-12-02","0","399965","399965","3965","101","3965","101"
"2019-11-29","-0.13","955915","955915","3965","242","3965","242"
"2019-11-28","0","2139000","2139000","3970","541","3970","541"
"2019-11-27","0","18435160","18435160","3970","4724","3970","4724"
"2019-11-26","0.13","613850","613850","3970","155","3970","155"
"2019-11-25","0.25","1343080","1343080","3965","340","3965","340"
"2019-11-22","0.13","671945","671945","3955","172","3955","172"
"2019-11-21","0","556340","556340","3950","144","3950","144"
"2019-11-20","0.25","2323305","2323305","3950","595","3950","595"
"2019-11-19","0","1516700","1516700","3940","385","3940","385"
"2019-11-18","-0.76","2738200","2738200","3940","702","3940","702"
"2019-11-14","0.38","39700","39700","3970","10","3970","10"
"2019-11-13","-0.5","315955","315955","3955","80","3955","80"
"2019-11-12","0","131175","131175","3975","33","3975","33"
"2019-11-11","0.25","5660180","5660180","3975","1434","3975","1434"
"2019-11-08","-0.25","2688145","2688145","3965","678","3965","678"
"2019-11-07","0","2071190","2071190","3975","524","3975","524"
"2019-11-06","0.51","7590890","7590890","3975","1917","3975","1917"
"2019-11-05","0","1541085","1541085","3955","389","3955","389"
"2019-11-04","-0.25","2534310","2534310","3955","640","3955","640"
"2019-10-31","0","19825","19825","3965","5","3965","5"
"2019-10-30","0","5075775","5075775","3965","1287","3965","1287"
"2019-10-29","0.13","181790","181790","3965","46","3965","46"
"2019-10-28","-0.13","6334465","6334465","3960","1614","3960","1614"
"2019-10-25","-0.25","522030","522030","3965","132","3965","132"
"2019-10-24","-0.13","7230525","7230525","3975","1819","3975","1819"
"2019-10-23","0.89","2306720","2306720","3980","583","3980","583"
"2019-10-22","-0.75","118350","118350","3945","30","3945","30"
"2019-10-21","0","1107505","1107505","3975","280","3975","280"
"2019-10-18","0.63","39750","39750","3975","10","3975","10"
"2019-10-17","-0.75","1585200","1585200","3950","401","3950","401"
"2019-10-16","0","19968640","19968640","3980","5055","3980","5055"
"2019-10-15","0","4146525","4146525","3980","1050","3980","1050"
"2019-10-14","0","2039550","2039550","3980","513","3980","513"
"2019-10-11","0","3980","3980","3980","1","3980","1"
"2019-10-10","0","2349230","2349230","3980","591","3980","591"
"2019-10-09","-0.25","1034360","1034360","3980","262","3980","262"
"2019-10-08","0","119670","119670","3990","30","3990","30"
"2019-10-07","0","57380","57380","3990","15","3990","15"
"2019-10-04","0","469210","469210","3990","120","3990","120"
"2019-10-03","0","5750905","5750905","3990","1451","3990","1451"
"2019-10-02","0","1996490","1996490","3990","501","3990","501"
"2019-10-01","0","392950","392950","3990","100","3990","100"
"2019-09-30","0","950545","950545","3990","241","3990","241"
"2019-09-26","0","3543845","3543845","3990","916","3990","916"
"2019-09-25","0","19950","19950","3990","5","3990","5"
"2019-09-24","0","2016545","2016545","3990","529","3990","529"
"2019-09-23","0","399000","399000","3990","100","3990","100"
"2019-09-20","0","1618975","1618975","3990","425","3990","425"
"2019-09-19","-0.13","27930","27930","3990","7","3990","7"
"2019-09-18","-0.13","698025","698025","3995","177","3995","177"
"2019-09-17","0","2237135","2237135","4000","560","4000","560"
"2019-09-16","0.13","3083775","3083775","4000","772","4000","772"
"2019-09-13","-0.13","1414475","1414475","3995","355","3995","355"
"2019-09-12","0","7776640","7776640","4000","1951","4000","1951"
"2019-09-11","0","83900","83900","4000","21","4000","21"
"2019-09-10","0","400000","400000","4000","100","4000","100"
"2019-09-09","0","4174790","4174790","4000","1045","4000","1045"
"2019-09-06","0","606640","606640","4000","152","4000","152"
"2019-09-05","0.13","1637955","1637955","4000","410","4000","410"
"2019-09-04","-0.13","838465","838465","3995","210","3995","210"
"2019-09-03","0","715475","715475","4000","179","4000","179"
"2019-09-02","0","20000","20000","4000","5","4000","5"
"2019-08-30","0.13","6308550","6308550","4000","1580","4000","1580"
"2019-08-28","-0.13","1678395","1678395","3995","421","3995","421"
"2019-08-27","0","80000","80000","4000","20","4000","20"
"2019-08-26","0","11695925","11695925","4000","2937","4000","2937"
"2019-08-23","0.63","5453275","5453275","4000","1371","4000","1371"
"2019-08-22","-0.63","512900","512900","3975","130","3975","130"
"2019-08-21","0","7741465","7741465","4000","1952","4000","1952"
"2019-08-20","0.13","953550","953550","4000","239","4000","239"
"2019-08-19","-0.13","4934290","4934290","3995","1256","3995","1256"
"2019-08-16","0","7126550","7126550","4000","1784","4000","1784"
"2019-08-14","0","1650985","1650985","4000","413","4000","413"
"2019-08-09","0","7324905","7324905","4000","1837","4000","1837"
"2019-08-08","0","279655","279655","4000","70","4000","70"
"2019-08-06","0","8443900","8443900","4000","2219","4000","2219"
"2019-08-05","0","820000","820000","4000","205","4000","205"
"2019-08-02","0","1243850","1243850","4000","316","4000","316"
"2019-08-01","0","878900","878900","4000","221","4000","221"
"2019-07-31","0","3268940","3268940","4000","821","4000","821"
"2019-07-30","0","271130","271130","4000","68","4000","68"
"2019-07-29","0","447450","447450","4000","119","4000","119"
"2019-07-26","0","1273000","1273000","4000","320","4000","320"
"2019-07-25","0","7188420","7188420","4000","1805","4000","1805"
"2019-07-24","0","4085400","4085400","4000","1022","4000","1022"
"2019-07-23","0","410000","410000","4000","105","4000","105"
"2019-07-22","0","3623000","3623000","4000","907","4000","907"
"2019-07-19","0","400000","400000","4000","100","4000","100"
"2019-07-18","0","600000","600000","4000","150","4000","150"
"2019-07-17","0","2099150","2099150","4000","537","4000","537"
"2019-07-16","0","1731415","1731415","4000","439","4000","439"
"2019-07-15","0","3028220","3028220","4000","758","4000","758"
"2019-07-12","0","1798000","1798000","4000","450","4000","450"
"2019-07-11","0","2811925","2811925","4000","703","4000","703"
"2019-07-10","0","703875","703875","4000","176","4000","176"
"2019-07-09","0","400000","400000","4000","100","4000","100"
"2019-07-08","0","1603045","1603045","4000","403","4000","403"
"2019-07-05","0","1396000","1396000","4000","349","4000","349"
"2019-07-04","0","1087900","1087900","4000","282","4000","282"
"2019-07-03","0","567900","567900","4000","142","4000","142"
"2019-07-02","0","8000","8000","4000","2","4000","2"
"2019-07-01","0","600000","600000","4000","150","4000","150"
"2019-06-27","-2.44","2008000","2008000","4000","502","4000","502"
"2019-06-26","0","11963320","11963320","4100","2923","4100","2923"
"2019-06-25","0","15415145","15415145","4100","3800","4100","3800"
"2019-06-24","0","3819830","3819830","4100","935","4100","935"
"2019-06-21","0","2172270","2172270","4100","531","4100","531"
"2019-06-20","0","6146600","6146600","4100","1501","4100","1501"
"2019-06-19","0","16565505","16565505","4100","4073","4100","4073"
"2019-06-18","0","16827960","16827960","4100","4110","4100","4110"
"2019-06-17","0","5161150","5161150","4100","1262","4100","1262"
"2019-06-14","0","4133035","4133035","4100","1010","4100","1010"
"2019-06-12","0","8654870","8654870","4100","2113","4100","2113"
"2019-06-11","0","8230725","8230725","4100","2016","4100","2016"
"2019-06-06","0","8197440","8197440","4100","2000","4100","2000"
"2019-06-05","0","25627865","25627865","4100","6381","4100","6381"
"2019-06-03","0","2007290","2007290","4100","493","4100","493"
"2019-05-31","0","1733055","1733055","4100","423","4100","423"
"2019-05-29","0","9962000","9962000","4100","2440","4100","2440"
"2019-05-28","0","1061950","1061950","4100","270","4100","270"
"2019-05-27","0","7104780","7104780","4100","1804","4100","1804"
"2019-05-24","0","8200","8200","4100","2","4100","2"
"2019-05-23","0","3270825","3270825","4100","799","4100","799"
"2019-05-22","0","131050","131050","4100","32","4100","32"
"2019-05-21","0","11623640","11623640","4100","2870","4100","2870"
"2019-05-20","0","287000","287000","4100","70","4100","70"
"2019-05-17","0","2315040","2315040","4100","575","4100","575"
"2019-05-16","0","2002180","2002180","4100","490","4100","490"
"2019-05-15","0","1437785","1437785","4100","351","4100","351"
"2019-05-14","0","10822520","10822520","4100","2652","4100","2652"
"2019-05-13","0","6277680","6277680","4100","1532","4100","1532"
"2019-05-10","0","3847700","3847700","4100","947","4100","947"
"2019-05-09","-4.65","2003250","2003250","4100","498","4100","498"
"2019-05-08","-3.15","150700","150700","4300","35","4300","35"
"2019-05-07","-3.48","102635","102635","4440","23","4440","23"
"2019-05-06","-5.93","2379240","2379240","4600","518","4600","518"
"2019-05-03","-2.2","239505","239505","4890","49","4890","49"
"2019-05-02","0.1","151838455","151838455","5000","31416","5000","31416"
"2019-04-30","6.5","48960105","48960105","4995","10614","4995","10614"
"2019-04-29","4.34","66362660","66362660","4690","14846","4690","14846"
"2019-04-26","4.53","57763775","57763775","4495","13558","4495","13558"
"2019-04-25","0.7","154196430","154196430","4300","36520","4300","36520"
"2019-04-24","1.67","186305195","186305195","4270","44259","4270","44259"
"2019-04-23","0.84","122046000","122046000","4200","29060","4200","29060"
"2019-04-19","1.59","154414570","154414570","4165","37547","4165","37547"
"2019-04-18","-1.2","153197630","153197630","4100","37495","4100","37495"
"2019-04-17","-1.19","52686125","52686125","4150","12877","4150","12877"
"2019-04-16","","61335040","61335040","4200","15222","4200","15222"
