"Date","Variation","Valeur","Volume Devise Total","Cours Ajuste","Volume Ajuste Total","Cours Normal","Volume Normal Total"
"2026-09-09","-0.59","35088970","35088970","8450","4181","8450","4181"
"2026-09-08","-3.19","34337655","34337655","8500","3935","8500","3935"
"2026-09-07","-2.44","39882710","39882710","8780","4525","8780","4525"
"2026-09-04","-2.17","76372945","76372945","9000","8553","9000","8553"
"2026-09-03","2.05","19501645","19501645","9200","2153","9200","2153"
"2026-09-02","-2.65","23327060","23327060","9015","2573","9015","2573"
"2026-09-01","-1.44","6210495","6210495","9260","661","9260","661"
"2026-08-31","-0.05","11084750","11084750","9395","1202","9395","1202"
"2026-08-28","3.3","15467410","15467410","9400","1702","9400","1702"
"2026-08-27","-1.52","10789425","10789425","9100","1191","9100","1191"
"2026-08-26","-2.74","34117940","34117940","9240","3715","9240","3715"
"2026-08-24","-1.35","33960750","33960750","9500","3567","9500","3567"
"2026-08-21","-0.1","10593355","10593355","9630","1107","9630","1107"
"2026-08-20","0.42","16819335","16819335","9640","1763","9640","1763"
"2026-08-19","2.13","24201715","24201715","9600","2555","9600","2555"
"2026-08-18","1.08","52693820","52693820","9400","5612","9400","5612"
"2026-08-17","2.03","28541670","28541670","9300","3097","9300","3097"
"2026-08-14","1.28","57173490","57173490","9115","6294","9115","6294"
"2026-08-13","-1.1","20590115","20590115","9000","2291","9000","2291"
"2026-08-12","1.34","34353420","34353420","9100","3846","9100","3846"
"2026-08-11","-1.32","11715435","11715435","8980","1300","8980","1300"
"2026-08-10","1.34","25273880","25273880","9100","2807","9100","2807"
"2026-08-06","0","7510695","7510695","8980","836","8980","836"
"2026-08-05","0","7539370","7539370","8980","840","8980","840"
"2026-08-04","-0.11","5265230","5265230","8980","586","8980","586"
"2026-08-03","-0.11","7478820","7478820","8990","831","8990","831"
"2026-07-31","4.65","23058930","23058930","9000","2606","9000","2606"
"2026-07-30","-4.66","22254490","22254490","8600","2532","8600","2532"
"2026-07-29","2.5","24858420","24858420","9020","2770","9020","2770"
"2026-07-28","1.62","17898465","17898465","8800","2041","8800","2041"
"2026-07-27","-0.46","13659520","13659520","8660","1571","8660","1571"
"2026-07-24","-1.69","21451205","21451205","8700","2431","8700","2431"
"2026-07-23","0.57","16372390","16372390","8850","1847","8850","1847"
"2026-07-22","0.57","53103225","53103225","8800","5986","8800","5986"
"2026-07-21","0.81","27190560","27190560","8750","3138","8750","3138"
"2026-07-20","-0.12","16515025","16515025","8680","1914","8680","1914"
"2026-07-17","0.29","5055265","5055265","8690","587","8690","587"
"2026-07-16","-0.4","18288185","18288185","8665","2120","8665","2120"
"2026-07-15","2.35","87726100","87726100","8700","10056","8700","10056"
"2026-07-14","-3.08","38696650","38696650","8500","4520","8500","4520"
"2026-07-13","-0.57","18016075","18016075","8770","2050","8770","2050"
"2026-07-10","0.23","150809780","150809780","8820","16881","8820","16881"
"2026-07-09","-0.45","25510435","25510435","8800","2951","8800","2951"
"2026-07-08","0","49335880","49335880","8840","5673","8840","5673"
"2026-07-07","-0.11","36571335","36571335","8840","4227","8840","4227"
"2026-07-06","0.17","34316020","34316020","8850","3942","8850","3942"
"2026-07-03","1.96","66396395","66396395","8835","7689","8835","7689"
"2026-07-02","-0.74","19291375","19291375","8665","2240","8665","2240"
"2026-07-01","0.34","68947865","68947865","8730","7989","8730","7989"
"2026-06-30","0","85421870","85421870","8700","9896","8700","9896"
"2026-06-29","-1.14","124483240","124483240","8700","14296","8700","14296"
"2026-06-26","0.69","5601010","5601010","8800","635","8800","635"
"2026-06-25","0","16690250","16690250","8740","1911","8740","1911"
"2026-06-24","0","42613885","42613885","8740","4895","8740","4895"
"2026-06-23","0.06","12132495","12132495","8740","1388","8740","1388"
"2026-06-22","0.63","16518875","16518875","8735","1900","8735","1900"
"2026-06-19","0.35","5518115","5518115","8680","636","8680","636"
"2026-06-18","0.29","7174030","7174030","8650","825","8650","825"
"2026-06-17","-1.71","9111855","9111855","8625","1051","8625","1051"
"2026-06-16","0","35821175","35821175","8775","4303","8775","4303"
"2026-06-15","-0.06","21169865","21169865","8775","2427","8775","2427"
"2026-06-12","1.09","33757710","33757710","8780","3880","8780","3880"
"2026-06-11","-0.06","20801640","20801640","8685","2406","8685","2406"
"2026-06-10","0.06","35015165","35015165","8690","4038","8690","4038"
"2026-06-09","2.24","58783775","58783775","8685","6964","8685","6964"
"2026-06-08","2.91","7484795","7484795","8495","890","8495","890"
"2026-06-05","7.49","398782415","398782415","8255","52326","8255","52326"
"2026-06-04","-7.47","58439660","58439660","7680","7327","7680","7327"
"2026-06-03","3.75","22507390","22507390","8300","2807","8300","2807"
"2026-06-02","0.31","126575810","126575810","8000","15731","8000","15731"
"2026-06-01","0","6649050","6649050","7975","833","7975","833"
"2026-05-29","-0.25","6121755","6121755","7975","776","7975","776"
"2026-05-28","2.5","20908695","20908695","7995","2720","7995","2720"
"2026-05-26","1.56","16318630","16318630","7800","2077","7800","2077"
"2026-05-22","-0.26","3256320","3256320","7680","423","7680","423"
"2026-05-21","0.13","12947380","12947380","7700","1690","7700","1690"
"2026-05-20","0","11678325","11678325","7690","1527","7690","1527"
"2026-05-19","-0.13","7333875","7333875","7690","953","7690","953"
"2026-05-18","0","12529740","12529740","7700","1652","7700","1652"
"2026-05-15","-1.28","15094475","15094475","7700","1940","7700","1940"
"2026-05-13","-0.64","5952945","5952945","7800","765","7800","765"
"2026-05-12","0.64","12644770","12644770","7850","1639","7850","1639"
"2026-05-11","0","28206525","28206525","7800","3623","7800","3623"
"2026-05-08","-1.27","10950625","10950625","7800","1399","7800","1399"
"2026-05-07","1.28","14234625","14234625","7900","1823","7900","1823"
"2026-05-06","6.7","54170985","54170985","7800","7714","7800","7714"
"2026-05-05","4.43","22646135","22646135","7310","3213","7310","3213"
"2026-05-04","-4.24","68534870","68534870","7000","10015","7000","10015"
"2026-04-30","-7.47","22589280","22589280","7310","3082","7310","3082"
"2026-04-29","1.28","9190910","9190910","7900","1173","7900","1173"
"2026-04-28","-1.27","9745350","9745350","7800","1251","7800","1251"
"2026-04-27","2.6","13428945","13428945","7900","1736","7900","1736"
"2026-04-24","-3.63","22589280","22589280","7700","2906","7700","2906"
"2026-04-23","-0.87","5236700","5236700","7990","658","7990","658"
"2026-04-22","0","13598375","13598375","8060","1696","8060","1696"
"2026-04-21","0","5318440","5318440","8060","657","8060","657"
"2026-04-20","-0.49","5205000","5205000","8060","645","8060","645"
"2026-04-17","0","5215295","5215295","8100","641","8100","641"
"2026-04-16","0.81","13110575","13110575","8100","1624","8100","1624"
"2026-04-15","-3.19","7580495","7580495","8035","937","8035","937"
"2026-04-14","-2.35","43532715","43532715","8300","5425","8300","5425"
"2026-04-13","-1.16","4923840","4923840","8500","577","8500","577"
"2026-04-10","-1.15","3290980","3290980","8600","379","8600","379"
"2026-04-09","6.1","20760500","20760500","8700","2451","8700","2451"
"2026-04-08","0","8132080","8132080","8200","993","8200","993"
"2026-04-07","0.61","11371135","11371135","8200","1394","8200","1394"
"2026-04-03","0","2865975","2865975","8150","352","8150","352"
"2026-04-02","0.87","7277250","7277250","8150","900","8150","900"
"2026-04-01","-0.25","12590985","12590985","8080","1562","8080","1562"
"2026-03-31","0.62","16385040","16385040","8100","2031","8100","2031"
"2026-03-30","-1.83","41384930","41384930","8050","5130","8050","5130"
"2026-03-27","2.5","13707945","13707945","8200","1693","8200","1693"
"2026-03-26","-0.56","51506280","51506280","8000","6673","8000","6673"
"2026-03-25","-7.48","20239590","20239590","8045","2512","8045","2512"
"2026-03-24","-7.5","18607300","18607300","8695","2140","8695","2140"
"2026-03-23","0.53","34023180","34023180","9400","3629","9400","3629"
"2026-03-19","0.48","17420970","17420970","9350","1863","9350","1863"
"2026-03-18","-1.43","25218870","25218870","9305","2709","9305","2709"
"2026-03-17","-0.11","94700095","94700095","9440","10014","9440","10014"
"2026-03-13","-0.53","10969015","10969015","9450","1155","9450","1155"
"2026-03-12","0.96","79436015","79436015","9500","8364","9500","8364"
"2026-03-11","0.05","15878345","15878345","9410","1687","9410","1687"
"2026-03-10","1.13","9591325","9591325","9405","1016","9405","1016"
"2026-03-09","2.2","36333350","36333350","9300","3919","9300","3919"
"2026-03-06","-1.09","20618535","20618535","9100","2268","9100","2268"
"2026-03-05","-1.6","14710440","14710440","9200","1598","9200","1598"
"2026-03-04","1.63","51352655","51352655","9350","5565","9350","5565"
"2026-03-03","1.1","5685825","5685825","9200","619","9200","619"
"2026-03-02","0.55","6075055","6075055","9100","671","9100","671"
"2026-02-27","0.56","21055390","21055390","9050","2337","9050","2337"
"2026-02-26","0","8927675","8927675","9000","992","9000","992"
"2026-02-25","0","60338640","60338640","9000","6706","9000","6706"
"2026-02-24","-0.06","12496455","12496455","9000","1394","9000","1394"
"2026-02-23","0","41292325","41292325","9005","4587","9005","4587"
"2026-02-20","0","15919675","15919675","9005","1769","9005","1769"
"2026-02-19","0.06","55458200","55458200","9005","6161","9005","6161"
"2026-02-18","0.06","59328885","59328885","9000","6605","9000","6605"
"2026-02-17","-0.06","27386120","27386120","8995","3046","8995","3046"
"2026-02-16","0","58813530","58813530","9000","6535","9000","6535"
"2026-02-13","0.56","141466185","141466185","9000","15717","9000","15717"
"2026-02-12","0","40257775","40257775","8950","4496","8950","4496"
"2026-02-11","0.56","43430965","43430965","8950","4855","8950","4855"
"2026-02-10","4.64","110142725","110142725","8900","12591","8900","12591"
"2026-02-09","0.65","19391195","19391195","8505","2285","8505","2285"
"2026-02-06","1.56","45419185","45419185","8450","5429","8450","5429"
"2026-02-05","1.03","14720760","14720760","8320","1773","8320","1773"
"2026-02-04","0.06","8054665","8054665","8235","972","8235","972"
"2026-02-03","-0.84","7628415","7628415","8230","921","8230","921"
"2026-02-02","1.16","45803600","45803600","8300","5552","8300","5552"
"2026-01-30","-1.08","7900000","7900000","8205","961","8205","961"
"2026-01-29","1.16","15521425","15521425","8295","1886","8295","1886"
"2026-01-28","0","53899200","53899200","8200","6540","8200","6540"
"2026-01-27","-1.2","28186260","28186260","8200","3434","8200","3434"
"2026-01-26","-0.42","44322820","44322820","8300","5338","8300","5338"
"2026-01-23","-0.06","93372490","93372490","8335","11214","8335","11214"
"2026-01-22","4.32","56498000","56498000","8340","6695","8340","6695"
"2026-01-21","1.72","36035105","36035105","7995","4558","7995","4558"
"2026-01-20","-1.75","23791195","23791195","7860","3000","7860","3000"
"2026-01-19","1.78","28294525","28294525","8000","3539","8000","3539"
"2026-01-16","-0.44","6960610","6960610","7860","879","7860","879"
"2026-01-15","-0.06","17176410","17176410","7895","2167","7895","2167"
"2026-01-14","0.64","19273365","19273365","7900","2447","7900","2447"
"2026-01-13","-0.76","6535795","6535795","7850","845","7850","845"
"2026-01-12","-0.63","4479065","4479065","7910","565","7910","565"
"2026-01-09","0.25","11167075","11167075","7960","1404","7960","1404"
"2026-01-08","-0.13","3186665","3186665","7940","401","7940","401"
"2026-01-07","0","5440380","5440380","7950","699","7950","699"
"2026-01-06","-0.5","11367850","11367850","7950","1432","7950","1432"
"2026-01-05","-0.13","13601035","13601035","7990","1687","7990","1687"
"2026-01-02","-1.23","1784975","1784975","8000","221","8000","221"
"2025-12-31","-0.06","37615975","37615975","8100","4628","8100","4628"
"2025-12-30","0.68","83802765","83802765","8105","10413","8105","10413"
"2025-12-29","0.63","45829630","45829630","8050","5751","8050","5751"
"2025-12-26","0.69","114302135","114302135","8000","14287","8000","14287"
"2025-12-24","-1.85","4269435","4269435","7945","535","7945","535"
"2025-12-23","1.19","35573045","35573045","8095","4427","8095","4427"
"2025-12-22","0.63","43522680","43522680","8000","5443","8000","5443"
"2025-12-19","-0.63","5210785","5210785","7950","651","7950","651"
"2025-12-18","0","58412685","58412685","8000","7264","8000","7264"
"2025-12-17","0","70502280","70502280","8000","8781","8000","8781"
"2025-12-16","0","51325535","51325535","8000","6557","8000","6557"
"2025-12-15","0.06","12086500","12086500","8000","1517","8000","1517"
"2025-12-12","-0.06","4160930","4160930","7995","522","7995","522"
"2025-12-11","0","3697920","3697920","8000","462","8000","462"
"2025-12-10","-1.17","120154770","120154770","8000","14937","8000","14937"
"2025-12-09","-0.06","8984405","8984405","8095","1114","8095","1114"
"2025-12-08","0","21757865","21757865","8100","2692","8100","2692"
"2025-12-05","1.31","30963315","30963315","8100","3839","8100","3839"
"2025-12-04","-1.54","6095770","6095770","7995","762","7995","762"
"2025-12-03","1.37","43963150","43963150","8120","5436","8120","5436"
"2025-12-02","0.13","22488625","22488625","8010","2810","8010","2810"
"2025-12-01","0.63","59776545","59776545","8000","7486","8000","7486"
"2025-11-28","-0.56","6351325","6351325","7950","795","7950","795"
"2025-11-27","-1.54","19967705","19967705","7995","2493","7995","2493"
"2025-11-26","-0.85","14242145","14242145","8120","1758","8120","1758"
"2025-11-25","1.11","43074650","43074650","8190","5305","8190","5305"
"2025-11-24","0.06","34325630","34325630","8100","4238","8100","4238"
"2025-11-21","1.12","23642230","23642230","8095","2941","8095","2941"
"2025-11-20","-1.05","12407145","12407145","8005","1537","8005","1537"
"2025-11-19","0","11393510","11393510","8090","1415","8090","1415"
"2025-11-18","-0.74","38749020","38749020","8090","4767","8090","4767"
"2025-11-17","2.52","71025265","71025265","8150","8871","8150","8871"
"2025-11-14","-2.45","17696785","17696785","7950","2241","7950","2241"
"2025-11-13","-0.61","105153930","105153930","8150","12856","8150","12856"
"2025-11-12","-1.8","39889010","39889010","8200","4951","8200","4951"
"2025-11-11","-1.18","34322555","34322555","8350","4067","8350","4067"
"2025-11-10","4.84","35857320","35857320","8450","4299","8450","4299"
"2025-11-07","7.47","19001445","19001445","8060","2467","8060","2467"
"2025-11-06","7.3","76143230","76143230","7500","10540","7500","10540"
"2025-11-05","-2.24","66624215","66624215","6990","9967","6990","9967"
"2025-11-04","-7.44","34686525","34686525","7150","4838","7150","4838"
"2025-11-03","-7.49","15376880","15376880","7725","1986","7725","1986"
"2025-10-31","-2.57","76395170","76395170","8350","9605","8350","9605"
"2025-10-30","-7.45","249605610","249605610","8570","27719","8570","27719"
"2025-10-29","1.98","241353360","241353360","9260","25658","9260","25658"
"2025-10-28","0.89","116052925","116052925","9080","12833","9080","12833"
"2025-10-27","1.12","97504075","97504075","9000","10841","9000","10841"
"2025-10-24","1.08","41692530","41692530","8900","4715","8900","4715"
"2025-10-23","-1.01","97538190","97538190","8805","11000","8805","11000"
"2025-10-22","-0.06","56728960","56728960","8895","6344","8895","6344"
"2025-10-21","-2.36","61588055","61588055","8900","7026","8900","7026"
"2025-10-20","-1.99","83649380","83649380","9115","9016","9115","9016"
"2025-10-17","-4.12","345325555","345325555","9300","36238","9300","36238"
"2025-10-16","0.1","46968625","46968625","9700","4838","9700","4838"
"2025-10-15","1.1","56462765","56462765","9690","5829","9690","5829"
"2025-10-14","1.97","29526195","29526195","9585","3105","9585","3105"
"2025-10-13","-1.21","38346980","38346980","9400","4059","9400","4059"
"2025-10-10","-1.45","27866620","27866620","9515","2890","9515","2890"
"2025-10-09","0.1","22304575","22304575","9655","2312","9655","2312"
"2025-10-08","-0.05","25687250","25687250","9645","2674","9645","2674"
"2025-10-07","1.58","25269695","25269695","9650","2629","9650","2629"
"2025-10-06","3.26","54914235","54914235","9500","5897","9500","5897"
"2025-10-03","0","227384415","227384415","9200","24719","9200","24719"
"2025-10-02","0.6","21903495","21903495","9200","2383","9200","2383"
"2025-10-01","-0.05","8744315","8744315","9145","959","9145","959"
"2025-09-30","-0.54","42800030","42800030","9150","4651","9150","4651"
"2025-09-29","-0.54","9792350","9792350","9200","1061","9200","1061"
"2025-09-26","0.05","16457245","16457245","9250","1801","9250","1801"
"2025-09-25","2.55","49461290","49461290","9245","5424","9245","5424"
"2025-09-24","0.17","13427400","13427400","9015","1490","9015","1490"
"2025-09-23","-1.1","9964585","9964585","9000","1107","9000","1107"
"2025-09-22","1.11","42833190","42833190","9100","4754","9100","4754"
"2025-09-19","-1.1","12462680","12462680","9000","1384","9000","1384"
"2025-09-18","0","18480955","18480955","9100","2037","9100","2037"
"2025-09-17","0","50643745","50643745","9100","5611","9100","5611"
"2025-09-16","1.11","24727000","24727000","9100","2740","9100","2740"
"2025-09-15","2.27","21023755","21023755","9000","2358","9000","2358"
"2025-09-12","2.33","23175795","23175795","8800","2672","8800","2672"
"2025-09-11","0","30042460","30042460","8600","3486","8600","3486"
"2025-09-10","1.18","62299615","62299615","8600","7327","8600","7327"
"2025-09-09","-2.3","39750115","39750115","8500","4638","8500","4638"
"2025-09-08","-3.33","60303565","60303565","8700","7018","8700","7018"
"2025-09-05","0","44929360","44929360","9000","4993","9000","4993"
"2025-09-03","0","12640035","12640035","9000","1406","9000","1406"
"2025-09-02","0","42013260","42013260","9000","4694","9000","4694"
"2025-09-01","2.1","41315635","41315635","9000","4588","9000","4588"
"2025-08-29","0.86","17896540","17896540","8815","2037","8815","2037"
"2025-08-28","-1.24","26577555","26577555","8740","3050","8740","3050"
"2025-08-27","-2.64","48762205","48762205","8850","5420","8850","5420"
"2025-08-26","-0.05","30558870","30558870","9090","3360","9090","3360"
"2025-08-25","-1.25","32430190","32430190","9095","3553","9095","3553"
"2025-08-22","0.11","18519220","18519220","9210","2013","9210","2013"
"2025-08-21","0.66","38805900","38805900","9200","4235","9200","4235"
"2025-08-20","1.61","60938845","60938845","9140","6767","9140","6767"
"2025-08-19","0.17","8480635","8480635","8995","943","8995","943"
"2025-08-18","-0.06","30633095","30633095","8980","3407","8980","3407"
"2025-08-14","0","19270970","19270970","8985","2143","8985","2143"
"2025-08-13","0.45","23716825","23716825","8985","2642","8985","2642"
"2025-08-12","3.41","22131170","22131170","8945","2506","8945","2506"
"2025-08-11","0.7","17349555","17349555","8650","1979","8650","1979"
"2025-08-08","0","13732020","13732020","8590","1594","8590","1594"
"2025-08-06","0.64","13738955","13738955","8590","1606","8590","1606"
"2025-08-05","0.89","42142130","42142130","8535","4955","8535","4955"
"2025-08-04","-0.82","4028265","4028265","8460","474","8460","474"
"2025-08-01","0.95","38684660","38684660","8530","4578","8530","4578"
"2025-07-31","0","20753705","20753705","8450","2471","8450","2471"
"2025-07-30","0.36","22691485","22691485","8450","2694","8450","2694"
"2025-07-29","-0.94","38847410","38847410","8420","4591","8420","4591"
"2025-07-28","-0.58","26913795","26913795","8500","3155","8500","3155"
"2025-07-25","0.59","4524525","4524525","8550","533","8550","533"
"2025-07-24","0.24","27734755","27734755","8500","3242","8500","3242"
"2025-07-23","0.36","121902810","121902810","8480","14458","8480","14458"
"2025-07-22","-0.53","10948035","10948035","8450","1293","8450","1293"
"2025-07-21","2.97","79840215","79840215","8495","9449","8495","9449"
"2025-07-18","0.61","12418850","12418850","8250","1507","8250","1507"
"2025-07-17","-1.2","41979915","41979915","8200","5092","8200","5092"
"2025-07-16","0.61","50145915","50145915","8300","6083","8300","6083"
"2025-07-15","0","30626420","30626420","8250","3723","8250","3723"
"2025-07-14","-0.72","60119795","60119795","8250","7275","8250","7275"
"2025-07-11","0.12","22368700","22368700","8310","2693","8310","2693"
"2025-07-10","-0.6","33512190","33512190","8300","4017","8300","4017"
"2025-07-09","0.6","39151050","39151050","8350","4715","8350","4715"
"2025-07-08","-0.6","123846055","123846055","8300","14850","8300","14850"
"2025-07-07","-0.6","126482680","126482680","8350","15272","8350","15272"
"2025-07-04","1.33","54681285","54681285","8400","6530","8400","6530"
"2025-07-03","-0.72","27737880","27737880","8290","3345","8290","3345"
"2025-07-02","2.45","67244690","67244690","8350","8147","8350","8147"
"2025-07-01","-2.74","248822090","248822090","8150","30292","8150","30292"
"2025-06-30","4.75","63582910","63582910","8380","7836","8380","7836"
"2025-06-27","2.56","119670815","119670815","8000","15148","8000","15148"
"2025-06-26","-1.08","16146690","16146690","7800","2072","7800","2072"
"2025-06-25","-1.31","26737965","26737965","7885","3386","7885","3386"
"2025-06-24","0","82529765","82529765","7990","10440","7990","10440"
"2025-06-23","0.88","84638555","84638555","7990","11433","7990","11433"
"2025-06-20","-1","147863460","147863460","7920","18597","7920","18597"
"2025-06-19","1.27","167953805","167953805","8000","21143","8000","21143"
"2025-06-18","1.02","58223790","58223790","7900","7381","7900","7381"
"2025-06-17","0","107400020","107400020","7820","13696","7820","13696"
"2025-06-16","-0.82","115283005","115283005","7820","14614","7820","14614"
"2025-06-13","5.84","191398125","191398125","7885","24360","7885","24360"
"2025-06-12","2.34","101228325","101228325","7450","13815","7450","13815"
"2025-06-11","4.22","160997560","160997560","7280","22453","7280","22453"
"2025-06-10","6.64","101376725","101376725","6985","14651","6985","14651"
"2025-06-05","-2.82","23078675","23078675","6550","3463","6550","3463"
"2025-06-04","-0.88","73717645","73717645","6740","11291","6740","11291"
"2025-06-03","0","72226640","72226640","6800","11011","6800","11011"
"2025-06-02","-2.79","34265270","34265270","6800","5067","6800","5067"
"2025-05-30","1.23","32016170","32016170","6995","4623","6995","4623"
"2025-05-28","0.14","56059085","56059085","6910","8111","6910","8111"
"2025-05-27","-0.65","60026080","60026080","6900","8758","6900","8758"
"2025-05-26","-0.64","84246930","84246930","6945","12417","6945","12417"
"2025-05-23","1.3","9896190","9896190","6990","1431","6990","1431"
"2025-05-22","1.47","16598210","16598210","6900","2412","6900","2412"
"2025-05-21","-1.45","23586860","23586860","6800","3439","6800","3439"
"2025-05-20","-1.22","16193315","16193315","6900","2326","6900","2326"
"2025-05-19","0","255075055","255075055","6985","36796","6985","36796"
"2025-05-16","2.72","27707675","27707675","6985","4007","6985","4007"
"2025-05-15","0","12333400","12333400","6800","1812","6800","1812"
"2025-05-14","1.49","29749485","29749485","6800","4415","6800","4415"
"2025-05-13","2.29","16524740","16524740","6700","2495","6700","2495"
"2025-05-12","0.77","18982595","18982595","6550","2907","6550","2907"
"2025-05-09","1.17","25394575","25394575","6500","3943","6500","3943"
"2025-05-08","0.31","79529685","79529685","6425","12353","6425","12353"
"2025-05-07","0.08","12651840","12651840","6405","1952","6405","1952"
"2025-05-06","0.79","51944575","51944575","6400","8192","6400","8192"
"2025-05-05","0.16","8147955","8147955","6350","1281","6350","1281"
"2025-05-02","0.63","55924560","55924560","6340","8814","6340","8814"
"2025-04-30","1.61","45074245","45074245","6300","7136","6300","7136"
"2025-04-29","-0.8","112921955","112921955","6200","18174","6200","18174"
"2025-04-28","2.71","56360110","56360110","6250","9171","6250","9171"
"2025-04-25","1.42","57033495","57033495","6085","9514","6085","9514"
"2025-04-24","-0.58","44292015","44292015","6000","7518","6000","7518"
"2025-04-23","-1.87","229481140","229481140","6035","37832","6035","37832"
"2025-04-22","7.05","156858170","156858170","6150","25684","6150","25684"
"2025-04-18","-2.63","25499290","25499290","5745","4636","5745","4636"
"2025-04-17","-1.42","10934035","10934035","5900","1833","5900","1833"
"2025-04-16","-0.25","11835610","11835610","5985","2005","5985","2005"
"2025-04-15","6.19","23564970","23564970","6000","4111","6000","4111"
"2025-04-14","4.63","56913235","56913235","5650","10137","5650","10137"
"2025-04-11","3.85","33403900","33403900","5400","6248","5400","6248"
"2025-04-10","2.06","22922120","22922120","5200","4398","5200","4398"
"2025-04-09","-7.45","39791660","39791660","5095","7538","5095","7538"
"2025-04-08","-7.48","75202735","75202735","5505","13576","5505","13576"
"2025-04-07","-2.46","13025545","13025545","5950","2160","5950","2160"
"2025-04-04","-1.13","7439385","7439385","6100","1226","6100","1226"
"2025-04-03","1.4","38797365","38797365","6170","6435","6170","6435"
"2025-04-02","-4.17","90513920","90513920","6085","14825","6085","14825"
"2025-04-01","-0.78","8281390","8281390","6350","1298","6350","1298"
"2025-03-28","0.95","45282790","45282790","6400","7297","6400","7297"
"2025-03-26","-0.86","16362025","16362025","6340","2582","6340","2582"
"2025-03-25","0","15761395","15761395","6395","2473","6395","2473"
"2025-03-24","-0.08","9774835","9774835","6395","1530","6395","1530"
"2025-03-21","0","73170950","73170950","6400","11909","6400","11909"
"2025-03-20","-1.39","34556050","34556050","6400","5462","6400","5462"
"2025-03-19","0","51444310","51444310","6490","8234","6490","8234"
"2025-03-18","0","11986015","11986015","6490","1844","6490","1844"
"2025-03-17","2.69","74185540","74185540","6490","11753","6490","11753"
"2025-03-14","1.94","11673910","11673910","6320","1873","6320","1873"
"2025-03-13","0.81","43211105","43211105","6200","7021","6200","7021"
"2025-03-12","0.82","12789455","12789455","6150","2082","6150","2082"
"2025-03-11","-0.81","16209950","16209950","6100","2649","6100","2649"
"2025-03-10","0.99","10191725","10191725","6150","1665","6150","1665"
"2025-03-07","0.08","31851520","31851520","6090","5240","6090","5240"
"2025-03-06","-1.78","13131785","13131785","6085","2167","6085","2167"
"2025-03-05","-0.08","14307795","14307795","6195","2334","6195","2334"
"2025-03-04","0","11388380","11388380","6200","1848","6200","1848"
"2025-03-03","1.64","18987340","18987340","6200","3127","6200","3127"
"2025-02-28","0.25","7114140","7114140","6100","1168","6100","1168"
"2025-02-27","0.16","11620700","11620700","6085","1911","6085","1911"
"2025-02-26","0","12554610","12554610","6075","2086","6075","2086"
"2025-02-25","-0.08","10645790","10645790","6075","1759","6075","1759"
"2025-02-24","-0.08","18293125","18293125","6080","3032","6080","3032"
"2025-02-21","0","34825055","34825055","6085","5638","6085","5638"
"2025-02-20","2.87","19052460","19052460","6085","3189","6085","3189"
"2025-02-19","3.95","24401360","24401360","5915","4297","5915","4297"
"2025-02-18","3.45","30775050","30775050","5690","5586","5690","5586"
"2025-02-17","2.04","16449265","16449265","5500","3017","5500","3017"
"2025-02-14","0.28","25387225","25387225","5390","4777","5390","4777"
"2025-02-13","0.09","15965800","15965800","5375","2960","5375","2960"
"2025-02-12","0.19","20367250","20367250","5370","3882","5370","3882"
"2025-02-11","-0.19","10768625","10768625","5360","2007","5360","2007"
"2025-02-10","-1.92","13391960","13391960","5370","2477","5370","2477"
"2025-02-07","4.89","16411175","16411175","5475","3070","5475","3070"
"2025-02-06","4.4","16397675","16397675","5220","3221","5220","3221"
"2025-02-05","1.21","4496190","4496190","5000","900","5000","900"
"2025-02-04","1.86","10556310","10556310","4940","2151","4940","2151"
"2025-02-03","4.3","4532660","4532660","4850","966","4850","966"
"2025-01-31","3.33","17759735","17759735","4650","3920","4650","3920"
"2025-01-30","0","17402090","17402090","4500","3865","4500","3865"
"2025-01-29","0","23412560","23412560","4500","5203","4500","5203"
"2025-01-28","-3.54","23650585","23650585","4500","5253","4500","5253"
"2025-01-27","3.67","21860520","21860520","4665","4859","4665","4859"
"2025-01-24","0","31540570","31540570","4500","7006","4500","7006"
"2025-01-23","0","27454650","27454650","4500","6101","4500","6101"
"2025-01-22","0","44662685","44662685","4500","9925","4500","9925"
"2025-01-21","0","117259995","117259995","4500","26048","4500","26048"
"2025-01-20","-6.25","119373675","119373675","4500","26141","4500","26141"
"2025-01-17","0","21516155","21516155","4800","4476","4800","4476"
"2025-01-16","0","14257090","14257090","4800","2961","4800","2961"
"2025-01-15","0","166553135","166553135","4800","34583","4800","34583"
"2025-01-14","-3.81","92231465","92231465","4800","18796","4800","18796"
"2025-01-13","-0.1","32699330","32699330","4990","6522","4990","6522"
"2025-01-10","4.06","217214005","217214005","4995","43919","4995","43919"
"2025-01-09","-2.04","20522750","20522750","4800","4224","4800","4224"
"2025-01-08","0","47742055","47742055","4900","9637","4900","9637"
"2025-01-07","-6.93","118899415","118899415","4900","23695","4900","23695"
"2025-01-06","5.51","13681320","13681320","5265","2740","5265","2740"
"2025-01-03","0.3","17470790","17470790","4990","3510","4990","3510"
"2025-01-02","-0.5","16075730","16075730","4975","3212","4975","3212"
"2024-12-31","4.6","13957040","13957040","5000","2811","5000","2811"
"2024-12-30","3.46","37156020","37156020","4780","7928","4780","7928"
"2024-12-27","0.43","10198225","10198225","4620","2208","4620","2208"
"2024-12-26","0","7852385","7852385","4600","1707","4600","1707"
"2024-12-24","-0.86","667020","667020","4600","145","4600","145"
"2024-12-23","-0.32","5518935","5518935","4640","1218","4640","1218"
"2024-12-20","3.56","4341275","4341275","4655","963","4655","963"
"2024-12-19","-0.11","24813510","24813510","4495","5515","4495","5515"
"2024-12-18","0","124473475","124473475","4500","27601","4500","27601"
"2024-12-17","0","31288440","31288440","4500","6953","4500","6953"
"2024-12-16","0.11","2882980","2882980","4500","641","4500","641"
"2024-12-13","-0.11","4576270","4576270","4495","1017","4495","1017"
"2024-12-12","0.11","7454065","7454065","4500","1658","4500","1658"
"2024-12-11","-0.66","29700475","29700475","4495","6599","4495","6599"
"2024-12-10","0.11","24241660","24241660","4525","5384","4525","5384"
"2024-12-09","0","20570465","20570465","4520","4567","4520","4567"
"2024-12-06","-0.11","15375700","15375700","4520","3398","4520","3398"
"2024-12-05","-3.62","24700145","24700145","4525","5435","4525","5435"
"2024-12-04","3.76","3202200","3202200","4695","691","4695","691"
"2024-12-03","0","18999980","18999980","4525","4199","4525","4199"
"2024-12-02","-3.62","67556560","67556560","4525","14910","4525","14910"
"2024-11-29","1.19","4996950","4996950","4695","1070","4695","1070"
"2024-11-28","1.98","1454035","1454035","4640","315","4640","315"
"2024-11-27","1.11","1662360","1662360","4550","366","4550","366"
"2024-11-26","0","9931905","9931905","4500","2204","4500","2204"
"2024-11-25","-0.55","22745025","22745025","4500","5054","4500","5054"
"2024-11-22","0.56","25435550","25435550","4525","5636","4525","5636"
"2024-11-21","-0.55","24549245","24549245","4500","5453","4500","5453"
"2024-11-20","0","5552175","5552175","4525","1227","4525","1227"
"2024-11-19","0","26459705","26459705","4525","5846","4525","5846"
"2024-11-18","0","49168480","49168480","4525","10848","4525","10848"
"2024-11-14","-0.55","11675500","11675500","4525","2568","4525","2568"
"2024-11-13","0","58192715","58192715","4550","12870","4550","12870"
"2024-11-12","0","24274920","24274920","4550","5331","4550","5331"
"2024-11-11","0","25198090","25198090","4550","5535","4550","5535"
"2024-11-08","0","38371220","38371220","4550","8432","4550","8432"
"2024-11-07","-2.78","16290925","16290925","4550","3577","4550","3577"
"2024-11-06","4","3072720","3072720","4680","666","4680","666"
"2024-11-05","-3.23","24118530","24118530","4500","5257","4500","5257"
"2024-11-04","-0.96","29131940","29131940","4650","6382","4650","6382"
"2024-10-31","0","3308690","3308690","4695","705","4695","705"
"2024-10-30","3.19","4993445","4993445","4695","1080","4695","1080"
"2024-10-29","-2.78","10136275","10136275","4550","2213","4550","2213"
"2024-10-28","2.63","1713910","1713910","4680","367","4680","367"
"2024-10-25","-2.46","41681500","41681500","4560","9131","4560","9131"
"2024-10-24","1.63","6440715","6440715","4675","1411","4675","1411"
"2024-10-23","0.44","18486495","18486495","4600","4008","4600","4008"
"2024-10-22","-2.03","28826275","28826275","4580","6207","4580","6207"
"2024-10-21","-0.32","37031550","37031550","4675","7996","4675","7996"
"2024-10-18","0","5528280","5528280","4690","1178","4690","1178"
"2024-10-17","-0.21","3311540","3311540","4690","709","4690","709"
"2024-10-16","0","10772555","10772555","4700","2328","4700","2328"
"2024-10-15","0","26306575","26306575","4700","5590","4700","5590"
"2024-10-14","-2.08","16726065","16726065","4700","3522","4700","3522"
"2024-10-11","0","25391780","25391780","4800","5400","4800","5400"
"2024-10-10","1.05","12310140","12310140","4800","2593","4800","2593"
"2024-10-09","1.06","3644340","3644340","4750","775","4750","775"
"2024-10-08","-1.67","61681610","61681610","4700","13122","4700","13122"
"2024-10-07","1.7","45163940","45163940","4780","9609","4780","9609"
"2024-10-04","-1.67","12316420","12316420","4700","2599","4700","2599"
"2024-10-03","0","17426190","17426190","4780","3641","4780","3641"
"2024-10-02","0.21","3084025","3084025","4780","645","4780","645"
"2024-10-01","-0.83","19236325","19236325","4770","4023","4770","4023"
"2024-09-30","-2.04","17434655","17434655","4810","3669","4810","3669"
"2024-09-27","-0.51","6362160","6362160","4910","1298","4910","1298"
"2024-09-26","6.82","4362005","4362005","4935","890","4935","890"
"2024-09-25","-3.75","16080255","16080255","4620","3433","4620","3433"
"2024-09-24","2.13","26741200","26741200","4800","5676","4800","5676"
"2024-09-23","-5.62","95652940","95652940","4700","20342","4700","20342"
"2024-09-20","-0.3","867325","867325","4980","174","4980","174"
"2024-09-19","4.17","5974155","5974155","4995","1244","4995","1244"
"2024-09-18","0.74","56896760","56896760","4795","11972","4795","11972"
"2024-09-17","-0.83","9091020","9091020","4760","1903","4760","1903"
"2024-09-16","0","15340040","15340040","4800","3198","4800","3198"
"2024-09-13","-2.44","36609880","36609880","4800","7616","4800","7616"
"2024-09-12","-0.1","974210","974210","4920","198","4920","198"
"2024-09-11","-0.51","31231650","31231650","4925","6491","4925","6491"
"2024-09-10","-1","23590840","23590840","4950","4785","4950","4785"
"2024-09-09","0","14045565","14045565","5000","2816","5000","2816"
"2024-09-06","0","8885500","8885500","5000","1780","5000","1780"
"2024-09-05","2.25","36132210","36132210","5000","7350","5000","7350"
"2024-09-04","0.2","39553345","39553345","4890","8186","4890","8186"
"2024-09-03","-2.4","40178440","40178440","4880","8215","4880","8215"
"2024-09-02","0.4","10687165","10687165","5000","2147","5000","2147"
"2024-08-30","3.75","38959985","38959985","4980","8088","4980","8088"
"2024-08-29","-3.61","26266500","26266500","4800","5471","4800","5471"
"2024-08-28","-0.4","47462800","47462800","4980","9878","4980","9878"
"2024-08-27","-1.96","21225070","21225070","5000","4245","5000","4245"
"2024-08-26","2","727710","727710","5100","144","5100","144"
"2024-08-23","0","19309780","19309780","5000","3836","5000","3836"
"2024-08-22","0","16860065","16860065","5000","3277","5000","3277"
"2024-08-21","-3.1","13153345","13153345","5000","2607","5000","2607"
"2024-08-20","7.5","3194100","3194100","5160","660","5160","660"
"2024-08-19","-0.62","50339330","50339330","4800","10528","4800","10528"
"2024-08-16","-0.1","98926850","98926850","4830","20503","4830","20503"
"2024-08-14","-0.72","28219995","28219995","4835","5808","4835","5808"
"2024-08-13","-7.41","35515100","35515100","4870","7113","4870","7113"
"2024-08-12","0","19719480","19719480","5260","3829","5260","3829"
"2024-08-09","-0.28","21028740","21028740","5260","4009","5260","4009"
"2024-08-08","-0.19","16120910","16120910","5275","3076","5275","3076"
"2024-08-06","-1.03","11233050","11233050","5285","2122","5285","2122"
"2024-08-05","-1.84","25280685","25280685","5340","4681","5340","4681"
"2024-08-02","-1.81","11023810","11023810","5440","2015","5440","2015"
"2024-08-01","-1.07","6421925","6421925","5540","1158","5540","1158"
"2024-07-31","-1.75","7421845","7421845","5600","1321","5600","1321"
"2024-07-30","-0.7","36768255","36768255","5700","6480","5700","6480"
"2024-07-29","-2.63","5018945","5018945","5740","874","5740","874"
"2024-07-26","2.52","4013665","4013665","5895","693","5895","693"
"2024-07-25","-0.52","2661865","2661865","5750","463","5750","463"
"2024-07-24","-3.67","10512335","10512335","5780","1866","5780","1866"
"2024-07-23","0","13676750","13676750","6000","2280","6000","2280"
"2024-07-22","-1.48","36079645","36079645","6000","6098","6000","6098"
"2024-07-19","0","6180850","6180850","6090","1015","6090","1015"
"2024-07-18","-0.98","7024880","7024880","6090","1152","6090","1152"
"2024-07-17","0","18767640","18767640","6150","3050","6150","3050"
"2024-07-16","6.03","95564610","95564610","6150","16283","6150","16283"
"2024-07-15","-6.15","34826175","34826175","5800","5892","5800","5892"
"2024-07-12","-0.08","9192420","9192420","6180","1493","6180","1493"
"2024-07-11","0.49","17064050","17064050","6185","2761","6185","2761"
"2024-07-10","-0.89","8194400","8194400","6155","1324","6155","1324"
"2024-07-09","-0.16","6243490","6243490","6210","1005","6210","1005"
"2024-07-08","0","23066460","23066460","6220","3710","6220","3710"
"2024-07-05","0","16393360","16393360","6220","2636","6220","2636"
"2024-07-04","0","6038240","6038240","6220","971","6220","971"
"2024-07-03","-0.4","27600930","27600930","6220","4500","6220","4500"
"2024-07-02","0.48","2923535","2923535","6245","479","6245","479"
"2024-07-01","-0.56","13430305","13430305","6215","2275","6215","2275"
"2024-06-28","0.89","5834440","5834440","6250","937","6250","937"
"2024-06-27","-0.4","4996150","4996150","6195","819","6195","819"
"2024-06-26","0.32","22354975","22354975","6220","3709","6220","3709"
"2024-06-25","3.51","66625920","66625920","6200","11513","6200","11513"
"2024-06-24","0","19296110","19296110","5990","3355","5990","3355"
"2024-06-21","1.87","9042960","9042960","5990","1528","5990","1528"
"2024-06-20","-0.17","25533790","25533790","5880","4338","5880","4338"
"2024-06-19","0","3503585","3503585","5890","595","5890","595"
"2024-06-18","0.26","74205505","74205505","5890","12622","5890","12622"
"2024-06-14","1.38","6951220","6951220","5875","1223","5875","1223"
"2024-06-13","-1.53","6562865","6562865","5795","1128","5795","1128"
"2024-06-12","0","18587295","18587295","5885","3193","5885","3193"
"2024-06-11","-0.17","4086230","4086230","5885","694","5885","694"
"2024-06-10","0","10541495","10541495","5895","1810","5895","1810"
"2024-06-07","-0.08","19862740","19862740","5895","3405","5895","3405"
"2024-06-06","0","5569600","5569600","5900","944","5900","944"
"2024-06-05","0","7708095","7708095","5900","1307","5900","1307"
"2024-06-04","0","12644800","12644800","5900","2144","5900","2144"
"2024-06-03","-1.67","8892965","8892965","5900","1502","5900","1502"
"2024-05-31","1.69","32045385","32045385","6000","5611","6000","5611"
"2024-05-30","-3.12","46419480","46419480","5900","7989","5900","7989"
"2024-05-29","1.5","43265445","43265445","6090","7260","6090","7260"
"2024-05-28","0","69925500","69925500","6000","11673","6000","11673"
"2024-05-27","-4","7888875","7888875","6000","1312","6000","1312"
"2024-05-24","4.17","39835320","39835320","6250","6799","6250","6799"
"2024-05-23","-4.69","8741715","8741715","6000","1459","6000","1459"
"2024-05-22","0","24423915","24423915","6295","4173","6295","4173"
"2024-05-21","0","3868455","3868455","6295","614","6295","614"
"2024-05-17","-0.08","14031610","14031610","6295","2229","6295","2229"
"2024-05-16","-0.63","4441070","4441070","6300","714","6300","714"
"2024-05-15","-0.16","4774870","4774870","6340","753","6340","753"
"2024-05-14","0","11236165","11236165","6350","1770","6350","1770"
"2024-05-13","-0.24","6450135","6450135","6350","1028","6350","1028"
"2024-05-10","-0.7","3392020","3392020","6365","538","6365","538"
"2024-05-08","6.83","7784175","7784175","6410","1209","6410","1209"
"2024-05-07","4.62","34182895","34182895","6000","6361","6000","6361"
"2024-05-06","-7.5","12984040","12984040","5735","2264","5735","2264"
"2024-05-03","-7.46","11531500","11531500","6200","1850","6200","1850"
"2024-05-02","-7.46","6614955","6614955","6700","981","6700","981"
"2024-04-30","-0.14","10285550","10285550","7240","1421","7240","1421"
"2024-04-29","-1.83","1449000","1449000","7250","200","7250","200"
"2024-04-26","0","10518830","10518830","7385","1499","7385","1499"
"2024-04-25","0","2346625","2346625","7385","326","7385","326"
"2024-04-24","0","14852585","14852585","7385","2118","7385","2118"
"2024-04-23","0","2319040","2319040","7385","318","7385","318"
"2024-04-22","0.48","3157880","3157880","7385","429","7385","429"
"2024-04-19","-0.54","535200","535200","7350","73","7350","73"
"2024-04-18","-0.14","5122260","5122260","7390","731","7390","731"
"2024-04-17","0","4426860","4426860","7400","628","7400","628"
"2024-04-16","0","256350","256350","7400","35","7400","35"
"2024-04-15","0","6908330","6908330","7400","961","7400","961"
"2024-04-12","0","1472300","1472300","7400","202","7400","202"
"2024-04-11","0","1294825","1294825","7400","175","7400","175"
"2024-04-09","0","5303400","5303400","7400","717","7400","717"
"2024-04-08","0","23474065","23474065","7400","3341","7400","3341"
"2024-04-05","-7.5","5700200","5700200","7400","769","7400","769"
"2024-04-04","6.31","7782910","7782910","8000","1015","8000","1015"
"2024-04-03","7.5","10660475","10660475","7525","1514","7525","1514"
"2024-04-02","0.07","50658685","50658685","7000","7241","7000","7241"
"2024-03-29","-0.07","28270100","28270100","6995","4041","6995","4041"
"2024-03-28","0","699765","699765","7000","100","7000","100"
"2024-03-27","0","615100","615100","7000","89","7000","89"
"2024-03-26","0","24340920","24340920","7000","3580","7000","3580"
"2024-03-25","0","3177545","3177545","7000","454","7000","454"
"2024-03-22","0","1980980","1980980","7000","283","7000","283"
"2024-03-21","0","5142565","5142565","7000","741","7000","741"
"2024-03-20","0.21","9396265","9396265","7000","1344","7000","1344"
"2024-03-19","-0.21","463735","463735","6985","67","6985","67"
"2024-03-18","3.4","40632355","40632355","7000","6038","7000","6038"
"2024-03-15","1.04","30897725","30897725","6770","4587","6770","4587"
"2024-03-14","0.07","27262265","27262265","6700","4069","6700","4069"
"2024-03-13","0","3620810","3620810","6695","555","6695","555"
"2024-03-12","-0.07","9363820","9363820","6695","1429","6695","1429"
"2024-03-11","0.07","14676995","14676995","6700","2194","6700","2194"
"2024-03-08","-0.15","1012835","1012835","6695","152","6695","152"
"2024-03-07","2.21","493995","493995","6705","74","6705","74"
"2024-03-06","-2.74","7061800","7061800","6560","1074","6560","1074"
"2024-03-05","-0.07","2494090","2494090","6745","370","6745","370"
"2024-03-04","-0.3","58169945","58169945","6750","8619","6750","8619"
"2024-03-01","-0.15","791765","791765","6770","117","6770","117"
"2024-02-29","0.07","4822735","4822735","6780","714","6780","714"
"2024-02-28","-0.29","101064525","101064525","6775","15546","6775","15546"
"2024-02-27","-0.07","2962395","2962395","6795","463","6795","463"
"2024-02-26","-1.45","2245200","2245200","6800","332","6800","332"
"2024-02-23","1.77","45802200","45802200","6900","6760","6900","6760"
"2024-02-22","0","3394520","3394520","6780","518","6780","518"
"2024-02-21","0.15","3550305","3550305","6780","524","6780","524"
"2024-02-20","-0.07","5960185","5960185","6770","907","6770","907"
"2024-02-19","-0.15","4661325","4661325","6775","708","6775","708"
"2024-02-16","-0.07","1998395","1998395","6785","297","6785","297"
"2024-02-15","-0.07","15526735","15526735","6790","2377","6790","2377"
"2024-02-14","-0.07","672470","672470","6795","100","6795","100"
"2024-02-13","0","1129550","1129550","6800","171","6800","171"
"2024-02-09","0","7195500","7195500","6800","1092","6800","1092"
"2024-02-08","0.74","1087850","1087850","6800","162","6800","162"
"2024-02-07","-0.59","62416290","62416290","6750","9189","6750","9189"
"2024-02-06","0.15","2638535","2638535","6790","395","6790","395"
"2024-02-05","-0.15","1759790","1759790","6780","265","6780","265"
"2024-02-02","0","1220970","1220970","6790","185","6790","185"
"2024-02-01","0","4077610","4077610","6790","614","6790","614"
"2024-01-31","0","421925","421925","6790","63","6790","63"
"2024-01-30","2.88","1000480","1000480","6790","150","6790","150"
"2024-01-29","-2.8","1213300","1213300","6600","182","6600","182"
"2024-01-26","0.07","1446935","1446935","6790","214","6790","214"
"2024-01-25","-0.22","1315520","1315520","6785","194","6785","194"
"2024-01-24","2.1","2106160","2106160","6800","314","6800","314"
"2024-01-23","-0.6","2672425","2672425","6660","402","6660","402"
"2024-01-22","0","1406035","1406035","6700","210","6700","210"
"2024-01-19","-0.74","562400","562400","6700","84","6700","84"
"2024-01-18","0.75","5594800","5594800","6750","835","6750","835"
"2024-01-17","-2.4","654850","654850","6700","96","6700","96"
"2024-01-16","-0.15","19720170","19720170","6865","2874","6865","2874"
"2024-01-15","-0.15","2081875","2081875","6875","307","6875","307"
"2024-01-12","-0.15","42095560","42095560","6885","6150","6885","6150"
"2024-01-11","-0.07","2883345","2883345","6895","427","6895","427"
"2024-01-10","0.15","1755415","1755415","6900","256","6900","256"
"2024-01-09","-0.14","2831915","2831915","6890","417","6890","417"
"2024-01-08","-0.86","2907000","2907000","6900","422","6900","422"
"2024-01-05","-0.43","6184710","6184710","6960","947","6960","947"
"2024-01-04","0","30086755","30086755","6990","4464","6990","4464"
"2024-01-03","0","9095790","9095790","6990","1371","6990","1371"
"2024-01-02","3.56","4103470","4103470","6990","607","6990","607"
"2023-12-29","0.6","13012565","13012565","6750","1933","6750","1933"
"2023-12-28","-0.22","928470","928470","6710","138","6710","138"
"2023-12-27","0.22","3585095","3585095","6725","535","6725","535"
"2023-12-26","-0.22","1403470","1403470","6710","209","6710","209"
"2023-12-22","0.07","2918410","2918410","6725","435","6725","435"
"2023-12-21","-0.07","4432245","4432245","6720","673","6720","673"
"2023-12-20","-0.81","4593770","4593770","6725","683","6725","683"
"2023-12-19","4.31","5191300","5191300","6780","797","6780","797"
"2023-12-18","-4.06","7181585","7181585","6500","1104","6500","1104"
"2023-12-15","-0.22","1402240","1402240","6775","209","6775","209"
"2023-12-14","0","777770","777770","6790","115","6790","115"
"2023-12-13","0","1775945","1775945","6790","264","6790","264"
"2023-12-12","-0.07","2661450","2661450","6790","410","6790","410"
"2023-12-11","0","15419460","15419460","6795","2273","6795","2273"
"2023-12-08","6.17","2084870","2084870","6795","321","6795","321"
"2023-12-07","-5.88","3312400","3312400","6400","519","6400","519"
"2023-12-06","6.25","2603350","2603350","6800","405","6800","405"
"2023-12-05","-1.54","4879915","4879915","6400","763","6400","763"
"2023-12-04","0","8318205","8318205","6500","1304","6500","1304"
"2023-12-01","-4.41","15026300","15026300","6500","2312","6500","2312"
"2023-11-30","0","4525330","4525330","6800","692","6800","692"
"2023-11-29","6","8998755","8998755","6800","1392","6800","1392"
"2023-11-28","-5.66","9868190","9868190","6415","1528","6415","1528"
"2023-11-27","-0.29","4652160","4652160","6800","714","6800","714"
"2023-11-24","-0.07","1873740","1873740","6820","288","6820","288"
"2023-11-23","-0.36","33323280","33323280","6825","5071","6825","5071"
"2023-11-22","0","4284200","4284200","6850","659","6850","659"
"2023-11-21","5.38","49113850","49113850","6850","7652","6850","7652"
"2023-11-20","-5.45","4509400","4509400","6500","692","6500","692"
"2023-11-17","4.32","5754430","5754430","6875","883","6875","883"
"2023-11-16","-4.22","7982700","7982700","6590","1211","6590","1211"
"2023-11-14","-0.07","1568810","1568810","6880","230","6880","230"
"2023-11-13","-0.15","3159310","3159310","6885","470","6885","470"
"2023-11-10","0","2291540","2291540","6895","347","6895","347"
"2023-11-09","-0.07","5128335","5128335","6895","773","6895","773"
"2023-11-08","-0.72","19006045","19006045","6900","2920","6900","2920"
"2023-11-07","-0.14","7946975","7946975","6950","1210","6950","1210"
"2023-11-06","2.35","24451975","24451975","6960","3586","6960","3586"
"2023-11-03","-1.09","3189045","3189045","6800","464","6800","464"
"2023-11-02","-0.36","3542975","3542975","6875","513","6875","513"
"2023-10-31","0","8177760","8177760","6900","1203","6900","1203"
"2023-10-30","-1.43","67208510","67208510","6900","10073","6900","10073"
"2023-10-27","-1.41","11999860","11999860","7000","1715","7000","1715"
"2023-10-26","-2.07","28745420","28745420","7100","4031","7100","4031"
"2023-10-25","-0.62","21216045","21216045","7250","2945","7250","2945"
"2023-10-24","-0.27","17034915","17034915","7295","2329","7295","2329"
"2023-10-23","-1.15","7398735","7398735","7315","1007","7315","1007"
"2023-10-20","-1.27","2660925","2660925","7400","358","7400","358"
"2023-10-19","0.6","1725405","1725405","7495","230","7495","230"
"2023-10-18","-2.55","3373870","3373870","7450","449","7450","449"
"2023-10-17","0.59","23944790","23944790","7645","3131","7645","3131"
"2023-10-16","-1.17","3846615","3846615","7600","508","7600","508"
"2023-10-13","-0.06","3405410","3405410","7690","462","7690","462"
"2023-10-12","0.07","6771995","6771995","7695","906","7695","906"
"2023-10-11","4.77","8848555","8848555","7690","1191","7690","1191"
"2023-10-10","1.94","6865530","6865530","7340","945","7340","945"
"2023-10-09","0.07","20067685","20067685","7200","2777","7200","2777"
"2023-10-06","3.82","6341750","6341750","7195","911","7195","911"
"2023-10-05","-7.48","13599350","13599350","6930","1929","6930","1929"
"2023-10-04","-1.45","7353335","7353335","7490","980","7490","980"
"2023-10-03","0.46","19085410","19085410","7600","2530","7600","2530"
"2023-10-02","-0.46","5298040","5298040","7565","699","7565","699"
"2023-09-29","-1.3","8055215","8055215","7600","1059","7600","1059"
"2023-09-28","0","7098225","7098225","7700","922","7700","922"
"2023-09-26","0","19755730","19755730","7700","2619","7700","2619"
"2023-09-25","0","35756085","35756085","7700","4702","7700","4702"
"2023-09-22","-0.06","3779300","3779300","7700","489","7700","489"
"2023-09-21","0.06","16523880","16523880","7705","2151","7705","2151"
"2023-09-20","0","44163125","44163125","7700","5715","7700","5715"
"2023-09-19","0","6487185","6487185","7700","843","7700","843"
"2023-09-18","0.06","30140040","30140040","7700","3918","7700","3918"
"2023-09-15","-0.06","36058620","36058620","7695","4692","7695","4692"
"2023-09-14","-1.03","12046375","12046375","7700","1551","7700","1551"
"2023-09-13","-0.26","17023180","17023180","7780","2196","7780","2196"
"2023-09-12","0","11212690","11212690","7800","1444","7800","1444"
"2023-09-11","-0.64","15080740","15080740","7800","1933","7800","1933"
"2023-09-08","-1.07","6462300","6462300","7850","822","7850","822"
"2023-09-07","0.19","27366395","27366395","7935","3451","7935","3451"
"2023-09-06","-0.31","5045055","5045055","7920","636","7920","636"
"2023-09-05","0","17904660","17904660","7945","2255","7945","2255"
"2023-09-04","0","10165290","10165290","7945","1282","7945","1282"
"2023-09-01","0","3360925","3360925","7945","423","7945","423"
"2023-08-31","-0.63","4480840","4480840","7945","562","7945","562"
"2023-08-30","1.07","2381045","2381045","7995","301","7995","301"
"2023-08-29","0.13","3206170","3206170","7910","405","7910","405"
"2023-08-28","0","24269350","24269350","7900","3072","7900","3072"
"2023-08-25","0","79852220","79852220","7900","10113","7900","10113"
"2023-08-24","0","66404470","66404470","7900","8370","7900","8370"
"2023-08-23","-1.25","35476455","35476455","7900","4472","7900","4472"
"2023-08-22","0","14040000","14040000","8000","1755","8000","1755"
"2023-08-21","0","14342200","14342200","8000","1794","8000","1794"
"2023-08-18","0.06","12302555","12302555","8000","1538","8000","1538"
"2023-08-17","-0.06","17590735","17590735","7995","2199","7995","2199"
"2023-08-16","0.06","3900845","3900845","8000","488","8000","488"
"2023-08-14","0","6332890","6332890","7995","792","7995","792"
"2023-08-11","0","15564570","15564570","7995","1947","7995","1947"
"2023-08-10","-0.06","7628215","7628215","7995","954","7995","954"
"2023-08-09","0.06","12182560","12182560","8000","1525","8000","1525"
"2023-08-08","-0.56","11142300","11142300","7995","1389","7995","1389"
"2023-08-04","0.5","21226515","21226515","8040","2645","8040","2645"
"2023-08-03","0","17282580","17282580","8000","2160","8000","2160"
"2023-08-02","-0.5","29507670","29507670","8000","3679","8000","3679"
"2023-08-01","-0.68","17166070","17166070","8040","2142","8040","2142"
"2023-07-31","-3","9322830","9322830","8095","1141","8095","1141"
"2023-07-28","-0.65","7373605","7373605","8345","884","8345","884"
"2023-07-27","-1.06","13112995","13112995","8400","1551","8400","1551"
"2023-07-26","-0.12","65929020","65929020","8490","8117","8490","8117"
"2023-07-25","-1.16","54452820","54452820","8500","6474","8500","6474"
"2023-07-24","-1.15","36067325","36067325","8600","4180","8600","4180"
"2023-07-21","-1.14","18674400","18674400","8700","2143","8700","2143"
"2023-07-20","-0.9","179122550","179122550","8800","20193","8800","20193"
"2023-07-19","-0.11","30478730","30478730","8880","3495","8880","3495"
"2023-07-18","-1.22","34941950","34941950","8890","3933","8890","3933"
"2023-07-17","-9.82","64666620","64666620","9000","7190","9000","7190"
"2023-07-14","-0.2","146099860","146099860","9980","14411","9980","14411"
"2023-07-13","-1.77","115230170","115230170","10000","11400","10000","11400"
"2023-07-12","-0.1","59198195","59198195","10180","5812","10180","5812"
"2023-07-11","-0.1","75875995","75875995","10190","7442","10190","7442"
"2023-07-10","-0.49","37667695","37667695","10200","3692","10200","3692"
"2023-07-07","0.49","52250775","52250775","10250","5119","10250","5119"
"2023-07-06","0","32751860","32751860","10200","3201","10200","3201"
"2023-07-05","-1.16","4628365","4628365","10200","452","10200","452"
"2023-07-04","-0.29","61439930","61439930","10320","5945","10320","5945"
"2023-07-03","-2.36","207927100","207927100","10350","20155","10350","20155"
"2023-06-30","6","38356020","38356020","10600","3736","10600","3736"
"2023-06-29","1.06","51241455","51241455","10000","5156","10000","5156"
"2023-06-27","0","85869000","85869000","9895","8672","9895","8672"
"2023-06-26","1.49","33136250","33136250","9895","3361","9895","3361"
"2023-06-23","-1.52","35407960","35407960","9750","3625","9750","3625"
"2023-06-22","0","18098025","18098025","9900","1861","9900","1861"
"2023-06-21","0.51","269231760","269231760","9900","27781","9900","27781"
"2023-06-20","-0.51","42665120","42665120","9850","4393","9850","4393"
"2023-06-19","2.06","36771465","36771465","9900","3802","9900","3802"
"2023-06-16","0.99","94273170","94273170","9700","9810","9700","9810"
"2023-06-15","-1.44","60294010","60294010","9605","6272","9605","6272"
"2023-06-14","0","7849805","7849805","9745","807","9745","807"
"2023-06-13","0.46","14741955","14741955","9745","1513","9745","1513"
"2023-06-12","0","26384780","26384780","9700","2606","9700","2606"
"2023-06-09","-0.56","103636115","103636115","9700","10632","9700","10632"
"2023-06-08","-0.41","4734050","4734050","9755","484","9755","484"
"2023-06-07","-0.05","8838275","8838275","9795","902","9795","902"
"2023-06-06","0.05","12890995","12890995","9800","1316","9800","1316"
"2023-06-05","-0.05","6857855","6857855","9795","701","9795","701"
"2023-06-02","0","21611045","21611045","9800","2207","9800","2207"
"2023-06-01","0.1","6962970","6962970","9800","711","9800","711"
"2023-05-31","0","4205650","4205650","9790","430","9790","430"
"2023-05-30","0","13445390","13445390","9790","1374","9790","1374"
"2023-05-26","0.41","13866470","13866470","9790","1419","9790","1419"
"2023-05-25","-0.31","8036780","8036780","9750","823","9750","823"
"2023-05-24","-0.71","13033665","13033665","9780","1329","9780","1329"
"2023-05-23","0","10660230","10660230","9850","1080","9850","1080"
"2023-05-22","-0.4","8478285","8478285","9850","860","9850","860"
"2023-05-19","-0.05","4593095","4593095","9890","463","9890","463"
"2023-05-17","-0.05","10619510","10619510","9895","1074","9895","1074"
"2023-05-16","0","6441085","6441085","9900","651","9900","651"
"2023-05-15","1.23","141732410","141732410","9900","14466","9900","14466"
"2023-05-12","1.88","14914740","14914740","9780","1546","9780","1546"
"2023-05-11","0","41727140","41727140","9600","4342","9600","4342"
"2023-05-10","0","126693720","126693720","9600","13017","9600","13017"
"2023-05-09","-2.34","61306200","61306200","9600","6362","9600","6362"
"2023-05-08","0.31","27271085","27271085","9830","2773","9830","2773"
"2023-05-05","-1.01","25674230","25674230","9800","2616","9800","2616"
"2023-05-04","0","6661620","6661620","9900","674","9900","674"
"2023-05-03","0.92","6356340","6356340","9900","646","9900","646"
"2023-05-02","-1.9","23474365","23474365","9810","2366","9810","2366"
"2023-04-28","2.04","29081260","29081260","10000","2946","10000","2946"
"2023-04-27","-3.54","106122425","106122425","9800","11225","9800","11225"
"2023-04-26","-7.47","74453890","74453890","10160","7328","10160","7328"
"2023-04-25","-0.09","17250535","17250535","10980","1571","10980","1571"
"2023-04-24","0","2342110","2342110","10990","213","10990","213"
"2023-04-20","0.37","27852705","27852705","10990","2539","10990","2539"
"2023-04-19","-0.41","66361775","66361775","10950","6082","10950","6082"
"2023-04-17","-0.05","6163855","6163855","10995","561","10995","561"
"2023-04-14","0.92","13467955","13467955","11000","1235","11000","1235"
"2023-04-13","-0.41","9623140","9623140","10900","880","10900","880"
"2023-04-12","0","3805030","3805030","10945","348","10945","348"
"2023-04-11","-0.05","4478265","4478265","10945","409","10945","409"
"2023-04-07","-0.14","3634120","3634120","10950","332","10950","332"
"2023-04-06","0.18","18913930","18913930","10965","1728","10965","1728"
"2023-04-05","0","37467790","37467790","10945","3423","10945","3423"
"2023-04-04","0","12563955","12563955","10945","1149","10945","1149"
"2023-04-03","-0.32","22416320","22416320","10945","2048","10945","2048"
"2023-03-31","-0.05","21726725","21726725","10980","1988","10980","1988"
"2023-03-30","-0.09","8711220","8711220","10985","796","10985","796"
"2023-03-29","0.46","11496125","11496125","10995","1050","10995","1050"
"2023-03-28","0.05","5470310","5470310","10945","501","10945","501"
"2023-03-27","-0.05","5061770","5061770","10940","463","10940","463"
"2023-03-24","0.41","34413980","34413980","10945","3171","10945","3171"
"2023-03-23","-0.41","3562415","3562415","10900","327","10900","327"
"2023-03-22","-0.05","84563670","84563670","10945","7871","10945","7871"
"2023-03-21","0","3928245","3928245","10950","359","10950","359"
"2023-03-20","-0.09","17753790","17753790","10950","1626","10950","1626"
"2023-03-17","0.09","15045225","15045225","10960","1373","10960","1373"
"2023-03-16","0","24021895","24021895","10950","2191","10950","2191"
"2023-03-15","0","8047190","8047190","10950","735","10950","735"
"2023-03-14","0.69","24223930","24223930","10950","2222","10950","2222"
"2023-03-13","0","13579345","13579345","10875","1252","10875","1252"
"2023-03-10","-0.23","170602220","170602220","10875","15848","10875","15848"
"2023-03-09","-0.37","116311565","116311565","10900","10676","10900","10676"
"2023-03-08","-0.05","27275350","27275350","10940","2501","10940","2501"
"2023-03-07","-0.05","7778170","7778170","10945","711","10945","711"
"2023-03-06","0","30848245","30848245","10950","2841","10950","2841"
"2023-03-03","-0.05","20530595","20530595","10950","1875","10950","1875"
"2023-03-02","0","20599880","20599880","10955","1880","10955","1880"
"2023-03-01","-0.41","14094725","14094725","10955","1283","10955","1283"
"2023-02-28","0","31820820","31820820","11000","2892","11000","2892"
"2023-02-27","-0.54","12922480","12922480","11000","1175","11000","1175"
"2023-02-24","-0.05","8406855","8406855","11060","762","11060","762"
"2023-02-23","0","25784860","25784860","11065","2333","11065","2333"
"2023-02-22","-0.05","22635725","22635725","11065","2055","11065","2055"
"2023-02-21","-0.09","1034784235","1034784235","11070","96104","11070","96104"
"2023-02-20","-0.05","31698425","31698425","11080","2892","11080","2892"
"2023-02-17","0.86","102742350","102742350","11085","9434","11085","9434"
"2023-02-16","0.78","13053230","13053230","10990","1195","10990","1195"
"2023-02-15","0.51","69839225","69839225","10905","6451","10905","6451"
"2023-02-14","1.45","14482190","14482190","10850","1351","10850","1351"
"2023-02-13","3.83","9682465","9682465","10695","924","10695","924"
"2023-02-10","1.53","49845255","49845255","10300","4877","10300","4877"
"2023-02-09","0.45","19408895","19408895","10145","1921","10145","1921"
"2023-02-08","0.05","132118300","132118300","10100","13088","10100","13088"
"2023-02-07","0.45","49158580","49158580","10095","4905","10095","4905"
"2023-02-06","0","6901320","6901320","10050","688","10050","688"
"2023-02-03","-0.45","12659050","12659050","10050","1266","10050","1266"
"2023-02-02","1","13452525","13452525","10095","1338","10095","1338"
"2023-02-01","-0.05","5217045","5217045","9995","526","9995","526"
"2023-01-31","-0.94","16940000","16940000","10000","1694","10000","1694"
"2023-01-30","1","10130295","10130295","10095","1013","10095","1013"
"2023-01-27","0.2","21441750","21441750","9995","2146","9995","2146"
"2023-01-26","2.89","7352945","7352945","9975","756","9975","756"
"2023-01-25","0.99","47787280","47787280","9695","4968","9695","4968"
"2023-01-24","-3.76","32522650","32522650","9600","3371","9600","3371"
"2023-01-23","-0.05","52383565","52383565","9975","5336","9975","5336"
"2023-01-20","-0.1","19431065","19431065","9980","1948","9980","1948"
"2023-01-19","0","5777225","5777225","9990","580","9990","580"
"2023-01-18","0","36826510","36826510","9990","3712","9990","3712"
"2023-01-17","0","13562935","13562935","9990","1364","9990","1364"
"2023-01-16","0.2","47557135","47557135","9990","4784","9990","4784"
"2023-01-13","-0.25","37823070","37823070","9970","3829","9970","3829"
"2023-01-12","1.16","23901950","23901950","9995","2414","9995","2414"
"2023-01-11","0","98258845","98258845","9880","10027","9880","10027"
"2023-01-10","0.76","23821635","23821635","9880","2441","9880","2441"
"2023-01-09","0.05","14775915","14775915","9805","1532","9805","1532"
"2023-01-06","-1.95","8187590","8187590","9800","823","9800","823"
"2023-01-05","-0.05","158450130","158450130","9995","16042","9995","16042"
"2023-01-04","-1.96","247648110","247648110","10000","24943","10000","24943"
"2023-01-03","-1.92","113029805","113029805","10200","11671","10200","11671"
"2023-01-02","0.14","115768355","115768355","10400","11691","10400","11691"
"2022-12-30","0.05","300735755","300735755","10385","29445","10385","29445"
"2022-12-29","0.05","35939830","35939830","10380","3482","10380","3482"
"2022-12-28","0","21598725","21598725","10375","2096","10375","2096"
"2022-12-27","-0.1","9422945","9422945","10375","933","10375","933"
"2022-12-23","0.14","8207235","8207235","10385","791","10385","791"
"2022-12-22","3.7","66629060","66629060","10370","6643","10370","6643"
"2022-12-21","-3.85","705164530","705164530","10000","73251","10000","73251"
"2022-12-20","0","741765","741765","10400","72","10400","72"
"2022-12-19","-0.95","11315515","11315515","10400","1122","10400","1122"
"2022-12-16","-1.87","4701015","4701015","10500","441","10500","441"
"2022-12-15","0","12819175","12819175","10700","1219","10700","1219"
"2022-12-14","1.33","267964500","267964500","10700","27150","10700","27150"
"2022-12-13","-0.61","445057790","445057790","10560","45138","10560","45138"
"2022-12-12","7.49","66854555","66854555","10625","6637","10625","6637"
"2022-12-09","0","110107225","110107225","9885","11325","9885","11325"
"2022-12-08","0","1804245","1804245","9885","184","9885","184"
"2022-12-07","0","52560370","52560370","9885","5409","9885","5409"
"2022-12-06","1.38","12765445","12765445","9885","1294","9885","1294"
"2022-12-05","0","21891230","21891230","9750","2279","9750","2279"
"2022-12-02","0.52","11436915","11436915","9750","1190","9750","1190"
"2022-12-01","-1.02","17829225","17829225","9700","1834","9700","1834"
"2022-11-30","-0.81","120513055","120513055","9800","12485","9800","12485"
"2022-11-29","0.82","132327800","132327800","9880","13505","9880","13505"
"2022-11-28","0.51","24613035","24613035","9800","2529","9800","2529"
"2022-11-25","-0.51","38747785","38747785","9750","3955","9750","3955"
"2022-11-24","0","25644500","25644500","9800","2608","9800","2608"
"2022-11-23","-0.2","21610470","21610470","9800","2199","9800","2199"
"2022-11-22","0.26","8977750","8977750","9820","916","9820","916"
"2022-11-21","-0.36","11010650","11010650","9795","1132","9795","1132"
"2022-11-18","0.82","8915835","8915835","9830","904","9830","904"
"2022-11-17","0","46767885","46767885","9750","4806","9750","4806"
"2022-11-16","-0.51","73563490","73563490","9750","7652","9750","7652"
"2022-11-14","-0.46","49028155","49028155","9800","5001","9800","5001"
"2022-11-11","0.46","13264160","13264160","9845","1349","9845","1349"
"2022-11-10","0","136591895","136591895","9800","13970","9800","13970"
"2022-11-09","-4.2","43278040","43278040","9800","4370","9800","4370"
"2022-11-08","-0.53","2967650","2967650","10230","292","10230","292"
"2022-11-07","-0.05","247899185","247899185","10285","25560","10285","25560"
"2022-11-04","-2.92","238053565","238053565","10290","23979","10290","23979"
"2022-11-03","-1.35","228105575","228105575","10600","22861","10600","22861"
"2022-11-02","-1.38","27851945","27851945","10745","2563","10745","2563"
"2022-10-28","0.05","56357215","56357215","10895","5308","10895","5308"
"2022-10-27","-0.09","1798290","1798290","10890","165","10890","165"
"2022-10-26","-0.37","48873510","48873510","10900","4471","10900","4471"
"2022-10-25","-0.55","112192300","112192300","10940","10255","10940","10255"
"2022-10-24","0.05","49038470","49038470","11000","4596","11000","4596"
"2022-10-21","-0.32","22347320","22347320","10995","2031","10995","2031"
"2022-10-20","7.45","124705680","124705680","11030","11845","11030","11845"
"2022-10-19","7.49","701390905","701390905","10265","68335","10265","68335"
"2022-10-18","-0.93","20407020","20407020","9550","2132","9550","2132"
"2022-10-17","-1.53","146824910","146824910","9640","16050","9640","16050"
"2022-10-14","-2","108916525","108916525","9790","11097","9790","11097"
"2022-10-13","-0.1","6715275","6715275","9990","672","9990","672"
"2022-10-12","0","52008930","52008930","10000","5220","10000","5220"
"2022-10-11","-1.96","64115485","64115485","10000","6408","10000","6408"
"2022-10-10","2","5503490","5503490","10200","540","10200","540"
"2022-10-07","0.91","10209350","10209350","10000","1002","10000","1002"
"2022-10-06","-1.88","55630770","55630770","9910","5560","9910","5560"
"2022-10-05","1","72180880","72180880","10100","7172","10100","7172"
"2022-10-04","-1.72","42796915","42796915","10000","4239","10000","4239"
"2022-10-03","-7.46","60019490","60019490","10175","5812","10175","5812"
"2022-09-30","4.71","289671145","289671145","10995","28171","10995","28171"
"2022-09-29","7.14","926564460","926564460","10500","94497","10500","94497"
"2022-09-28","-3.92","381020125","381020125","9800","38774","9800","38774"
"2022-09-27","-2.86","88411885","88411885","10200","8528","10200","8528"
"2022-09-26","0","14888400","14888400","10500","1418","10500","1418"
"2022-09-23","-2.37","106405070","106405070","10500","10201","10500","10201"
"2022-09-22","-0.09","3920655","3920655","10755","366","10755","366"
"2022-09-21","0.05","7947710","7947710","10765","742","10765","742"
"2022-09-20","0","21516665","21516665","10760","2027","10760","2027"
"2022-09-19","1.51","17789855","17789855","10760","1678","10760","1678"
"2022-09-16","0.95","66816810","66816810","10600","6309","10600","6309"
"2022-09-15","-0.94","74044605","74044605","10500","7048","10500","7048"
"2022-09-14","-0.09","263726550","263726550","10600","24874","10600","24874"
"2022-09-13","0.09","14473105","14473105","10610","1354","10610","1354"
"2022-09-12","-0.93","23571335","23571335","10600","2194","10600","2194"
"2022-09-09","-1.38","567785085","567785085","10700","52827","10700","52827"
"2022-09-08","-1.32","39032385","39032385","10850","3558","10850","3558"
"2022-09-07","0.27","10817680","10817680","10995","984","10995","984"
"2022-09-06","-0.32","30851295","30851295","10965","2805","10965","2805"
"2022-09-05","2.18","2662675","2662675","11000","244","11000","244"
"2022-09-02","-2.97","27340380","27340380","10765","2492","10765","2492"
"2022-09-01","-0.14","110389145","110389145","11095","9940","11095","9940"
"2022-08-31","-0.8","28213320","28213320","11110","2519","11110","2519"
"2022-08-30","-2.57","33858125","33858125","11200","3015","11200","3015"
"2022-08-29","-4.09","28245095","28245095","11495","2481","11495","2481"
"2022-08-26","-0.13","39502425","39502425","11985","3292","11985","3292"
"2022-08-25","0","42785755","42785755","12000","3566","12000","3566"
"2022-08-24","0","52841850","52841850","12000","4403","12000","4403"
"2022-08-23","0","76177650","76177650","12000","6348","12000","6348"
"2022-08-22","0","33383445","33383445","12000","2782","12000","2782"
"2022-08-19","-0.83","59832395","59832395","12000","4987","12000","4987"
"2022-08-18","0.83","595194360","595194360","12100","49924","12100","49924"
"2022-08-17","-0.83","38685305","38685305","12000","3217","12000","3217"
"2022-08-16","-1.63","84846815","84846815","12100","7050","12100","7050"
"2022-08-12","1.65","62802090","62802090","12300","5231","12300","5231"
"2022-08-11","0.79","96568960","96568960","12100","7980","12100","7980"
"2022-08-10","0","44711705","44711705","12005","3719","12005","3719"
"2022-08-09","-2.4","64207600","64207600","12005","5325","12005","5325"
"2022-08-05","0.04","43585230","43585230","12300","3520","12300","3520"
"2022-08-04","2.59","15218025","15218025","12295","1266","12295","1266"
"2022-08-03","-3.35","93196355","93196355","11985","7757","11985","7757"
"2022-08-02","3.33","78481910","78481910","12400","6513","12400","6513"
"2022-08-01","-3.23","61415815","61415815","12000","5095","12000","5095"
"2022-07-29","0","58619500","58619500","12400","4803","12400","4803"
"2022-07-28","0.81","493717310","493717310","12400","41099","12400","41099"
"2022-07-27","0","34853515","34853515","12300","2830","12300","2830"
"2022-07-26","-0.4","55603910","55603910","12300","4520","12300","4520"
"2022-07-25","1.23","75247655","75247655","12350","6172","12350","6172"
"2022-07-22","0","58931050","58931050","12200","4830","12200","4830"
"2022-07-21","0.41","8111475","8111475","12200","667","12200","667"
"2022-07-20","0","42592045","42592045","12150","3507","12150","3507"
"2022-07-19","0.41","41917985","41917985","12150","3444","12150","3444"
"2022-07-18","-0.78","16832670","16832670","12100","1382","12100","1382"
"2022-07-15","1.58","32772400","32772400","12195","2720","12195","2720"
"2022-07-14","-0.79","49418400","49418400","12005","4096","12005","4096"
"2022-07-13","-0.82","142062785","142062785","12100","11688","12100","11688"
"2022-07-12","0.04","329325","329325","12200","27","12200","27"
"2022-07-11","0.79","274215965","274215965","12195","22657","12195","22657"
"2022-07-08","0","2307800","2307800","12100","191","12100","191"
"2022-07-07","0.83","83227430","83227430","12100","6941","12100","6941"
"2022-07-06","-3.23","60025460","60025460","12000","5036","12000","5036"
"2022-07-05","-0.8","283142030","283142030","12400","22891","12400","22891"
"2022-07-04","-0.99","12175210","12175210","12500","966","12500","966"
"2022-07-01","0","3598945","3598945","12625","285","12625","285"
"2022-06-30","1","10365960","10365960","12625","828","12625","828"
"2022-06-29","-0.12","54400200","54400200","12500","4350","12500","4350"
"2022-06-28","0.12","226774130","226774130","12515","17966","12515","17966"
"2022-06-27","0","173747690","173747690","12500","13736","12500","13736"
"2022-06-24","0","9677680","9677680","12500","772","12500","772"
"2022-06-23","-1.96","211462570","211462570","12500","16768","12500","16768"
"2022-06-22","-0.39","7400930","7400930","12750","580","12750","580"
"2022-06-21","0","25651200","25651200","12800","2004","12800","2004"
"2022-06-20","-0.39","45745145","45745145","12800","3595","12800","3595"
"2022-06-17","0.39","12771110","12771110","12850","1003","12850","1003"
"2022-06-16","0","71916020","71916020","12800","5654","12800","5654"
"2022-06-15","0.79","92752345","92752345","12800","7303","12800","7303"
"2022-06-14","0.08","15923255","15923255","12700","1254","12700","1254"
"2022-06-13","0","22284235","22284235","12690","1756","12690","1756"
"2022-06-10","-0.04","18529025","18529025","12690","1460","12690","1460"
"2022-06-09","0.04","12593495","12593495","12695","992","12695","992"
"2022-06-08","-0.08","192805225","192805225","12690","15176","12690","15176"
"2022-06-07","-0.59","35411790","35411790","12700","2784","12700","2784"
"2022-06-03","0.59","5287495","5287495","12775","416","12775","416"
"2022-06-02","0","164412875","164412875","12700","12946","12700","12946"
"2022-06-01","-0.74","262669730","262669730","12700","20681","12700","20681"
"2022-05-31","0.91","12019115","12019115","12795","947","12795","947"
"2022-05-30","-0.12","8433570","8433570","12680","666","12680","666"
"2022-05-27","-0.04","16844520","16844520","12695","1327","12695","1327"
"2022-05-25","0","14553720","14553720","12700","1151","12700","1151"
"2022-05-24","0","34263310","34263310","12700","2706","12700","2706"
"2022-05-23","-0.86","42344730","42344730","12700","3320","12700","3320"
"2022-05-20","-1.35","243803045","243803045","12810","18912","12810","18912"
"2022-05-19","-0.12","422262625","422262625","12985","32487","12985","32487"
"2022-05-18","0.39","25910010","25910010","13000","1994","13000","1994"
"2022-05-17","-0.35","44226580","44226580","12950","3406","12950","3406"
"2022-05-16","-0.04","157586595","157586595","12995","12227","12995","12227"
"2022-05-13","0","11898525","11898525","13000","914","13000","914"
"2022-05-12","0.08","108076695","108076695","13000","8314","13000","8314"
"2022-05-11","0.12","126368775","126368775","12990","9728","12990","9728"
"2022-05-10","-0.12","164209975","164209975","12975","12704","12975","12704"
"2022-05-09","1.48","31527410","31527410","12990","2450","12990","2450"
"2022-05-06","-1.5","213887380","213887380","12800","16637","12800","16637"
"2022-05-05","-0.8","52281950","52281950","12995","4011","12995","4011"
"2022-05-04","2.34","154411170","154411170","13100","11776","13100","11776"
"2022-05-03","5.79","42635450","42635450","12800","3364","12800","3364"
"2022-04-29","7.32","219522225","219522225","12100","18149","12100","18149"
"2022-04-27","7.48","1084880500","1084880500","11275","96220","11275","96220"
"2022-04-26","1.84","13586600","13586600","10490","1310","10490","1310"
"2022-04-25","5.05","11456055","11456055","10300","1126","10300","1126"
"2022-04-22","0.93","13203400","13203400","9805","1325","9805","1325"
"2022-04-21","1.2","104355730","104355730","9715","10750","9715","10750"
"2022-04-20","1.16","77883960","77883960","9600","8112","9600","8112"
"2022-04-19","0.96","68927285","68927285","9490","7299","9490","7299"
"2022-04-15","-1.05","12966790","12966790","9400","1366","9400","1366"
"2022-04-14","1.06","1396300","1396300","9500","149","9500","149"
"2022-04-13","1.62","3929940","3929940","9400","424","9400","424"
"2022-04-12","0.98","2774375","2774375","9250","300","9250","300"
"2022-04-11","-0.97","150053135","150053135","9160","16340","9160","16340"
"2022-04-08","0","19116820","19116820","9250","2067","9250","2067"
"2022-04-07","0","7474000","7474000","9250","808","9250","808"
"2022-04-06","-1.07","20655110","20655110","9250","2229","9250","2229"
"2022-04-05","3.54","5446850","5446850","9350","589","9350","589"
"2022-04-04","-3.94","33729100","33729100","9030","3651","9030","3651"
"2022-04-01","1.08","15781470","15781470","9400","1690","9400","1690"
"2022-03-31","-1.17","74940155","74940155","9300","8070","9300","8070"
"2022-03-30","-0.05","2240520","2240520","9410","238","9410","238"
"2022-03-29","-0.89","15913265","15913265","9415","1684","9415","1684"
"2022-03-28","-1.04","9317870","9317870","9500","975","9500","975"
"2022-03-25","0","6928200","6928200","9600","722","9600","722"
"2022-03-24","0","624000","624000","9600","65","9600","65"
"2022-03-23","1.59","25099140","25099140","9600","2654","9600","2654"
"2022-03-22","1.5","9480890","9480890","9450","1015","9450","1015"
"2022-03-21","-1.95","6851200","6851200","9310","726","9310","726"
"2022-03-18","1.06","18899170","18899170","9495","2031","9495","2031"
"2022-03-17","0","5643520","5643520","9395","601","9395","601"
"2022-03-16","5.56","7285890","7285890","9395","797","9395","797"
"2022-03-15","-6.27","19173065","19173065","8900","2117","8900","2117"
"2022-03-14","1.01","1067240","1067240","9495","113","9495","113"
"2022-03-11","-1","1673500","1673500","9400","178","9400","178"
"2022-03-10","-0.89","4049875","4049875","9495","426","9495","426"
"2022-03-09","-0.21","14066275","14066275","9580","1466","9580","1466"
"2022-03-08","0","12374900","12374900","9600","1289","9600","1289"
"2022-03-07","0","23494825","23494825","9600","2448","9600","2448"
"2022-03-04","0.05","53004905","53004905","9600","5558","9600","5558"
"2022-03-03","1.64","28746320","28746320","9595","2999","9595","2999"
"2022-03-02","2.61","56876915","56876915","9440","6124","9440","6124"
"2022-03-01","1.1","10912465","10912465","9200","1207","9200","1207"
"2022-02-28","0","21303365","21303365","9100","2366","9100","2366"
"2022-02-25","-1.09","5886400","5886400","9100","654","9100","654"
"2022-02-24","3.37","129628430","129628430","9200","14445","9200","14445"
"2022-02-23","-5.52","11723360","11723360","8900","1310","8900","1310"
"2022-02-22","-0.16","6991090","6991090","9420","748","9420","748"
"2022-02-21","-0.05","30857275","30857275","9435","3280","9435","3280"
"2022-02-18","1.18","25696080","25696080","9440","2780","9440","2780"
"2022-02-17","7.43","100662325","100662325","9330","10825","9330","10825"
"2022-02-16","7.49","247392225","247392225","8685","28485","8685","28485"
"2022-02-15","3.46","8557920","8557920","8080","1087","8080","1087"
"2022-02-14","2.02","242193895","242193895","7810","32204","7810","32204"
"2022-02-11","1.26","22836870","22836870","7655","2953","7655","2953"
"2022-02-10","1.96","255797610","255797610","7560","34059","7560","34059"
"2022-02-09","0.88","310445715","310445715","7415","41424","7415","41424"
"2022-02-08","1.31","188501090","188501090","7350","25197","7350","25197"
"2022-02-07","1.75","6641390","6641390","7255","926","7255","926"
"2022-02-04","0.21","5385945","5385945","7130","749","7130","749"
"2022-02-03","0.14","4061595","4061595","7115","569","7115","569"
"2022-02-02","0.71","9001305","9001305","7105","1283","7105","1283"
"2022-02-01","0.79","15583020","15583020","7055","2181","7055","2181"
"2022-01-31","-4.11","53371580","53371580","7000","7275","7000","7275"
"2022-01-28","5.64","3971450","3971450","7300","560","7300","560"
"2022-01-27","0.8","7494300","7494300","6910","1081","6910","1081"
"2022-01-26","0.81","685100","685100","6855","100","6855","100"
"2022-01-25","0.67","24665950","24665950","6800","3619","6800","3619"
"2022-01-24","-4.86","6885615","6885615","6755","983","6755","983"
"2022-01-21","0","2638610","2638610","7100","370","7100","370"
"2022-01-20","-0.14","8428700","8428700","7100","1185","7100","1185"
"2022-01-19","0.21","3906250","3906250","7110","547","7110","547"
"2022-01-18","-0.07","302220445","302220445","7095","42986","7095","42986"
"2022-01-17","1.57","5816910","5816910","7100","829","7100","829"
"2022-01-13","2.04","387920","387920","6990","56","6990","56"
"2022-01-12","-2","4463875","4463875","6850","651","6850","651"
"2022-01-11","0","8982590","8982590","6990","1310","6990","1310"
"2022-01-07","3.56","291590","291590","6990","43","6990","43"
"2022-01-06","0","182250","182250","6750","27","6750","27"
"2022-01-05","0.3","4029330","4029330","6750","599","6750","599"
"2022-01-04","-1.03","1271265","1271265","6730","186","6730","186"
"2022-01-03","-2.72","220100","220100","6800","32","6800","32"
"2021-12-31","2.79","865500","865500","6990","127","6990","127"
"2021-12-30","0.67","2719730","2719730","6800","401","6800","401"
"2021-12-29","-3.5","3846500","3846500","6755","553","6755","553"
"2021-12-28","1.45","60092110","60092110","7000","8591","7000","8591"
"2021-12-27","1.47","127500","127500","6900","19","6900","19"
"2021-12-24","0.74","202575","202575","6800","30","6800","30"
"2021-12-23","0","2354500","2354500","6750","350","6750","350"
"2021-12-22","2.12","3402260","3402260","6750","507","6750","507"
"2021-12-21","-1.34","1702080","1702080","6610","256","6610","256"
"2021-12-20","1.52","1351270","1351270","6700","204","6700","204"
"2021-12-17","0.08","331616715","331616715","6600","50245","6600","50245"
"2021-12-16","-1.57","16636970","16636970","6595","2472","6595","2472"
"2021-12-15","0","9627900","9627900","6700","1437","6700","1437"
"2021-12-14","0","9016120","9016120","6700","1353","6700","1353"
"2021-12-13","0","6656950","6656950","6700","997","6700","997"
"2021-12-10","2.13","1914220","1914220","6700","286","6700","286"
"2021-12-09","-2.09","5029310","5029310","6560","766","6560","766"
"2021-12-08","3","3516750","3516750","6700","538","6700","538"
"2021-12-07","-5.72","13730330","13730330","6505","2072","6505","2072"
"2021-12-06","-1.36","4562090","4562090","6900","663","6900","663"
"2021-12-03","-0.07","447995","447995","6995","64","6995","64"
"2021-12-02","0.72","7042300","7042300","7000","1006","7000","1006"
"2021-12-01","0.87","42162910","42162910","6950","6032","6950","6032"
"2021-11-30","3.14","491485","491485","6890","71","6890","71"
"2021-11-29","1.21","104469615","104469615","6680","15157","6680","15157"
"2021-11-26","0","40363750","40363750","6600","6116","6600","6116"
"2021-11-25","0","36814240","36814240","6600","5578","6600","5578"
"2021-11-24","0","28769170","28769170","6600","4309","6600","4309"
"2021-11-23","0","309600","309600","6600","47","6600","47"
"2021-11-22","0.61","138600","138600","6600","21","6600","21"
"2021-11-19","0.15","1596885","1596885","6560","239","6560","239"
"2021-11-18","-1.8","5396715","5396715","6550","811","6550","811"
"2021-11-17","-0.45","1182790","1182790","6670","180","6670","180"
"2021-11-16","0","542860","542860","6700","81","6700","81"
"2021-11-12","0.6","1476930","1476930","6700","221","6700","221"
"2021-11-11","0","619470","619470","6660","93","6660","93"
"2021-11-10","2.23","6710875","6710875","6660","1030","6660","1030"
"2021-11-09","0.08","2747275","2747275","6515","420","6515","420"
"2021-11-08","-2.69","8319135","8319135","6510","1273","6510","1273"
"2021-11-05","1.75","3454210","3454210","6690","528","6690","528"
"2021-11-04","-1.13","9906375","9906375","6575","1500","6575","1500"
"2021-11-03","1.53","1636850","1636850","6650","246","6650","246"
"2021-10-29","-0.76","8953765","8953765","6550","1344","6550","1344"
"2021-10-28","-4.9","4270295","4270295","6600","626","6600","626"
"2021-10-27","-0.14","4374755","4374755","6940","638","6940","638"
"2021-10-26","2.21","1958600","1958600","6950","286","6950","286"
"2021-10-25","1.49","2745095","2745095","6800","403","6800","403"
"2021-10-22","7.46","24320040","24320040","6700","3630","6700","3630"
"2021-10-21","7.5","61768515","61768515","6235","9909","6235","9909"
"2021-10-20","1.05","3067750","3067750","5800","529","5800","529"
"2021-10-19","-7.34","1332900","1332900","5740","224","5740","224"
"2021-10-15","-0.08","855290","855290","6195","144","6195","144"
"2021-10-14","-0.24","18184445","18184445","6200","3130","6200","3130"
"2021-10-13","3.58","14071845","14071845","6215","2355","6215","2355"
"2021-10-12","-0.08","8336530","8336530","6000","1390","6000","1390"
"2021-10-11","-3.15","413860","413860","6005","68","6005","68"
"2021-10-08","0","2248450","2248450","6200","372","6200","372"
"2021-10-07","-0.4","1941275","1941275","6200","309","6200","309"
"2021-10-06","7.42","18696760","18696760","6225","3020","6225","3020"
"2021-10-05","-1.95","1927175","1927175","5795","330","5795","330"
"2021-10-04","7.45","551800","551800","5910","96","5910","96"
"2021-10-01","2.42","1888340","1888340","5500","329","5500","329"
"2021-09-30","-7.41","8719280","8719280","5370","1607","5370","1607"
"2021-09-29","0","7640430","7640430","5800","1332","5800","1332"
"2021-09-28","-3.33","6193825","6193825","5800","1041","5800","1041"
"2021-09-27","6.1","12894085","12894085","6000","2152","6000","2152"
"2021-09-24","7.41","61158825","61158825","5655","10815","5655","10815"
"2021-09-23","7.45","81607500","81607500","5265","15500","5265","15500"
"2021-09-22","1.03","918520","918520","4900","188","4900","188"
"2021-09-21","0.52","3072075","3072075","4850","616","4850","616"
"2021-09-20","-1.53","9201800","9201800","4825","1886","4825","1886"
"2021-09-17","0","249150","249150","4900","51","4900","51"
"2021-09-16","-1.9","694590","694590","4900","141","4900","141"
"2021-09-15","5.6","104895","104895","4995","21","4995","21"
"2021-09-14","-0.11","5707010","5707010","4730","1179","4730","1179"
"2021-09-13","7.49","9145","9145","4735","2","4735","2"
"2021-09-10","0.57","118900","118900","4405","27","4405","27"
"2021-09-09","0.46","820565","820565","4380","183","4380","183"
"2021-09-08","0.93","1850125","1850125","4360","425","4360","425"
"2021-09-07","-6.8","3339850","3339850","4320","708","4320","708"
"2021-09-06","-7.3","662325","662325","4635","139","4635","139"
"2021-09-03","-3.66","2025000","2025000","5000","405","5000","405"
"2021-09-02","-0.76","72995","72995","5190","14","5190","14"
"2021-09-01","-1.13","287775","287775","5230","55","5230","55"
"2021-08-31","6.22","4435790","4435790","5290","848","5290","848"
"2021-08-30","7.44","1454950","1454950","4980","295","4980","295"
"2021-08-27","7.42","231655","231655","4635","53","4635","53"
"2021-08-26","7.47","5445150","5445150","4315","1266","4315","1266"
"2021-08-25","-8.75","10061040","10061040","4015","2492","4015","2492"
"2021-08-24","1.03","11127000","11127000","4400","2530","4400","2530"
"2021-08-23","-1.02","2838000","2838000","4355","647","4355","647"
"2021-08-20","0","1029600","1029600","4400","234","4400","234"
"2021-08-19","0.69","881380","881380","4400","201","4400","201"
"2021-08-18","0","388930","388930","4370","89","4370","89"
"2021-08-17","0.46","214430","214430","4370","49","4370","49"
"2021-08-16","0","910740","910740","4350","210","4350","210"
"2021-08-13","6.1","17400","17400","4350","4","4350","4"
"2021-08-12","0","24600","24600","4100","6","4100","6"
"2021-08-11","-1.32","4665855","4665855","4100","1138","4100","1138"
"2021-08-10","0","514525","514525","4155","125","4155","125"
"2021-08-09","-2.12","6376250","6376250","4155","1529","4155","1529"
"2021-08-06","0.12","428740","428740","4245","101","4245","101"
"2021-08-05","0.83","8480","8480","4240","2","4240","2"
"2021-08-04","-2.21","1575060","1575060","4205","373","4205","373"
"2021-08-03","-2.16","377130","377130","4300","87","4300","87"
"2021-08-02","0","21695","21695","4395","5","4395","5"
"2021-07-30","-0.11","74475","74475","4395","17","4395","17"
"2021-07-29","0.11","4448200","4448200","4400","1011","4400","1011"
"2021-07-27","0","1164675","1164675","4395","265","4395","265"
"2021-07-26","-0.11","206565","206565","4395","47","4395","47"
"2021-07-23","0","744400","744400","4400","170","4400","170"
"2021-07-22","-0.23","428420","428420","4400","103","4400","103"
"2021-07-21","2.32","2458755","2458755","4410","559","4410","559"
"2021-07-19","0.23","1038000","1038000","4310","240","4310","240"
"2021-07-16","1.18","1306000","1306000","4300","304","4300","304"
"2021-07-15","0","3880250","3880250","4250","913","4250","913"
"2021-07-14","-1.05","957250","957250","4250","225","4250","225"
"2021-07-13","2.02","151845","151845","4295","36","4295","36"
"2021-07-12","-2.09","148250","148250","4210","35","4210","35"
"2021-07-09","0","17200","17200","4300","4","4300","4"
"2021-07-08","0","1196095","1196095","4300","279","4300","279"
"2021-07-07","2.02","514900","514900","4300","121","4300","121"
"2021-07-06","0","126425","126425","4215","30","4215","30"
"2021-07-05","-0.94","200415","200415","4215","47","4215","47"
"2021-07-02","-3.51","2809750","2809750","4255","655","4255","655"
"2021-07-01","1.38","1234200","1234200","4410","280","4410","280"
"2021-06-29","0","121525","121525","4350","28","4350","28"
"2021-06-28","-1.02","199650","199650","4350","47","4350","47"
"2021-06-25","1.03","4395","4395","4395","1","4395","1"
"2021-06-24","-0.68","195750","195750","4350","45","4350","45"
"2021-06-23","0.11","604815","604815","4380","138","4380","138"
"2021-06-22","0.23","838090","838090","4375","192","4375","192"
"2021-06-21","2.46","1776590","1776590","4365","407","4365","407"
"2021-06-18","-2.63","690710","690710","4260","162","4260","162"
"2021-06-17","1.74","131175","131175","4375","30","4375","30"
"2021-06-16","2.02","602000","602000","4300","140","4300","140"
"2021-06-15","-3.99","86000","86000","4215","20","4215","20"
"2021-06-14","2.21","239890","239890","4390","55","4390","55"
"2021-06-11","2.26","4852105","4852105","4295","1141","4295","1141"
"2021-06-10","2.44","967800","967800","4200","229","4200","229"
"2021-06-09","2.5","2052230","2052230","4100","501","4100","501"
"2021-06-08","0","184000","184000","4000","46","4000","46"
"2021-06-07","0","1304000","1304000","4000","326","4000","326"
"2021-06-04","0","2076820","2076820","4000","520","4000","520"
"2021-06-03","0.25","195990","195990","4000","49","4000","49"
"2021-06-02","0","1622815","1622815","3990","407","3990","407"
"2021-06-01","-0.25","223410","223410","3990","56","3990","56"
"2021-05-31","0","1026200","1026200","4000","258","4000","258"
"2021-05-28","2.04","2858900","2858900","4000","719","4000","719"
"2021-05-27","-0.13","3149510","3149510","3920","803","3920","803"
"2021-05-26","-4.27","6557630","6557630","3925","1647","3925","1647"
"2021-05-25","-5.75","1038050","1038050","4100","253","4100","253"
"2021-05-21","6.1","385850","385850","4350","91","4350","91"
"2021-05-20","0.74","5639940","5639940","4100","1362","4100","1362"
"2021-05-19","7.11","8190355","8190355","4070","2014","4070","2014"
"2021-05-18","7.5","45530","45530","3800","12","3800","12"
"2021-05-17","2.02","364820","364820","3535","104","3535","104"
"2021-05-14","7.44","428465","428465","3465","126","3465","126"
"2021-05-11","-7.46","3166950","3166950","3225","982","3225","982"
"2021-05-10","-7.44","1798260","1798260","3485","516","3485","516"
"2021-05-07","-7.49","5963760","5963760","3765","1584","3765","1584"
"2021-05-06","-7.39","18013820","18013820","4070","4426","4070","4426"
"2021-05-05","-5.99","3867905","3867905","4395","889","4395","889"
"2021-05-04","7.47","572200","572200","4675","124","4675","124"
"2021-05-03","7.41","6014450","6014450","4350","1401","4350","1401"
"2021-04-30","0","1851350","1851350","4050","457","4050","457"
"2021-04-29","6.58","1824360","1824360","4050","456","4050","456"
"2021-04-28","-1.94","3213300","3213300","3800","855","3800","855"
"2021-04-27","0.13","6617060","6617060","3875","1677","3875","1677"
"2021-04-26","7.5","733085","733085","3870","201","3870","201"
"2021-04-23","5.88","379100","379100","3600","108","3600","108"
"2021-04-22","1.49","981650","981650","3400","293","3400","293"
"2021-04-21","4.69","589100","589100","3350","184","3350","184"
"2021-04-20","0","1479150","1479150","3200","462","3200","462"
"2021-04-19","0","227350","227350","3200","71","3200","71"
"2021-04-16","1.91","19200","19200","3200","6","3200","6"
"2021-04-15","0","65940","65940","3140","21","3140","21"
"2021-04-14","1.13","140240","140240","3140","46","3140","46"
"2021-04-13","3.5","279305","279305","3105","90","3105","90"
"2021-04-12","-6.25","90000","90000","3000","30","3000","30"
"2021-04-08","6.67","660400","660400","3200","220","3200","220"
"2021-04-07","-1.64","342000","342000","3000","114","3000","114"
"2021-04-06","1.67","24550","24550","3050","8","3050","8"
"2021-04-02","-6.25","99200","99200","3000","33","3000","33"
"2021-04-01","6.67","6400","6400","3200","2","3200","2"
"2021-03-31","-4.76","935350","935350","3000","297","3000","297"
"2021-03-30","-5.97","715050","715050","3150","227","3150","227"
"2021-03-29","-1.03","335000","335000","3350","100","3350","100"
"2021-03-26","7.46","10155","10155","3385","3","3385","3"
"2021-03-25","-7.35","828450","828450","3150","263","3150","263"
"2021-03-24","5.92","673100","673100","3400","209","3400","209"
"2021-03-23","0.31","2812240","2812240","3210","876","3210","876"
"2021-03-22","-5.88","640000","640000","3200","200","3200","200"
"2021-03-19","6.25","166600","166600","3400","52","3400","52"
"2021-03-18","-7.25","591075","591075","3200","176","3200","176"
"2021-03-17","1.47","27550","27550","3450","8","3450","8"
"2021-03-16","4.62","2171360","2171360","3400","663","3400","663"
"2021-03-15","-4.41","61847950","61847950","3250","19034","3250","19034"
"2021-03-12","6.25","329800","329800","3400","103","3400","103"
"2021-03-11","1.59","1136760","1136760","3200","357","3200","357"
"2021-03-10","0","648900","648900","3150","206","3150","206"
"2021-03-09","5","4189350","4189350","3150","1396","3150","1396"
"2021-03-08","-0.17","162000","162000","3000","54","3000","54"
"2021-03-05","-5.95","36060","36060","3005","12","3005","12"
"2021-03-04","-1.54","298335","298335","3195","93","3195","93"
"2021-03-03","0","16225","16225","3245","5","3245","5"
"2021-03-02","-0.15","16225","16225","3245","5","3245","5"
"2021-02-24","7.44","2783590","2783590","3250","919","3250","919"
"2021-02-23","-6.92","6050","6050","3025","2","3025","2"
"2021-02-22","0","682500","682500","3250","210","3250","210"
"2021-02-19","-4.41","65000","65000","3250","20","3250","20"
"2021-02-18","-2.86","755000","755000","3400","222","3400","222"
"2021-02-17","-1.41","98000","98000","3500","28","3500","28"
"2021-02-16","-1.39","479150","479150","3550","135","3550","135"
"2021-02-15","-0.55","3600","3600","3600","1","3600","1"
"2021-02-12","-7.18","10860","10860","3620","3","3620","3"
"2021-02-11","6.85","5044700","5044700","3900","1352","3900","1352"
"2021-02-10","-1.62","91250","91250","3650","25","3650","25"
"2021-02-09","6","3087520","3087520","3710","837","3710","837"
"2021-02-08","5.26","6923825","6923825","3500","2001","3500","2001"
"2021-02-05","0","26600","26600","3325","8","3325","8"
"2021-02-04","-0.75","289275","289275","3325","87","3325","87"
"2021-02-03","4.69","3350","3350","3350","1","3350","1"
"2021-02-02","0","603300","603300","3200","189","3200","189"
"2021-02-01","1.59","604850","604850","3200","191","3200","191"
"2021-01-29","1.45","31500","31500","3150","10","3150","10"
"2021-01-28","0.16","1051950","1051950","3105","339","3105","339"
"2021-01-27","-1.59","9111190","9111190","3100","2926","3100","2926"
"2021-01-26","0","110250","110250","3150","35","3150","35"
"2021-01-25","5","4011650","4011650","3150","1296","3150","1296"
"2021-01-22","3.99","8426800","8426800","3000","3076","3000","3076"
"2021-01-21","7.45","50626045","50626045","2885","20217","2885","20217"
"2021-01-20","7.4","258290","258290","2685","100","2685","100"
"2021-01-19","0","500025","500025","2500","200","2500","200"
"2021-01-18","1.01","2815000","2815000","2500","1132","2500","1132"
"2021-01-15","7.38","1876575","1876575","2475","788","2475","788"
"2021-01-14","-1.91","212060","212060","2305","92","2305","92"
"2021-01-13","2.17","2786480","2786480","2350","1218","2350","1218"
"2021-01-12","2.22","3089850","3089850","2300","1367","2300","1367"
"2021-01-11","0","490500","490500","2250","218","2250","218"
"2021-01-08","0","121620","121620","2250","54","2250","54"
"2021-01-07","2.27","1388700","1388700","2250","618","2250","618"
"2021-01-06","0","202122800","202122800","2200","91874","2200","91874"
"2021-01-04","-2.22","1425600","1425600","2200","648","2200","648"
"2020-12-31","2.27","5625000","5625000","2250","2500","2250","2500"
"2020-12-30","0","6298600","6298600","2200","2863","2200","2863"
"2020-12-29","0","9097000","9097000","2200","4135","2200","4135"
"2020-12-24","-2","6600","6600","2200","3","2200","3"
"2020-12-23","-2.39","20335","20335","2245","9","2245","9"
"2020-12-22","0","641850","641850","2300","279","2300","279"
"2020-12-21","2.22","1698430","1698430","2300","755","2300","755"
"2020-12-18","7.14","7553600","7553600","2250","3393","2250","3393"
"2020-12-17","3.45","4776800","4776800","2100","2294","2100","2294"
"2020-12-16","7.41","1775820","1775820","2030","885","2030","885"
"2020-12-15","4.71","544340","544340","1890","301","1890","301"
"2020-12-14","0.28","369500","369500","1805","205","1805","205"
"2020-12-11","0","1761390","1761390","1800","982","1800","982"
"2020-12-10","2.86","1291630","1291630","1800","736","1800","736"
"2020-12-09","6.71","603100","603100","1750","353","1750","353"
"2020-12-08","7.19","196800","196800","1640","120","1640","120"
"2020-12-07","-7.27","7650","7650","1530","5","1530","5"
"2020-12-04","0","206150","206150","1650","125","1650","125"
"2020-12-02","3.13","18957100","18957100","1650","11521","1650","11521"
"2020-12-01","0","92800","92800","1600","58","1600","58"
"2020-11-30","0","48000","48000","1600","30","1600","30"
"2020-11-27","-1.23","374400","374400","1600","234","1600","234"
"2020-11-26","-1.82","25920","25920","1620","16","1620","16"
"2020-11-23","0.3","14908750","14908750","1650","9036","1650","9036"
"2020-11-19","2.17","4239145","4239145","1645","2602","1645","2602"
"2020-11-18","0.63","376515","376515","1610","237","1610","237"
"2020-11-17","-2.74","771220","771220","1600","482","1600","482"
"2020-11-13","0","19185635","19185635","1645","11663","1645","11663"
"2020-11-12","2.49","1447275","1447275","1645","901","1645","901"
"2020-11-11","0.31","3011510","3011510","1605","1882","1605","1882"
"2020-11-10","-0.62","770490","770490","1600","481","1600","481"
"2020-11-09","3.87","104400","104400","1610","65","1610","65"
"2020-11-06","0","294500","294500","1550","190","1550","190"
"2020-11-05","2.65","7750","7750","1550","5","1550","5"
"2020-11-04","0.67","13590","13590","1510","9","1510","9"
"2020-11-02","2.74","38540","38540","1500","25","1500","25"
"2020-10-30","0.34","26200","26200","1460","18","1460","18"
"2020-10-28","3.93","218000","218000","1455","150","1455","150"
"2020-10-27","3.7","258830800","258830800","1400","184822","1400","184822"
"2020-10-26","7.14","346500","346500","1350","270","1350","270"
"2020-10-23","0.8","7560","7560","1260","6","1260","6"
"2020-10-21","-6.72","126250","126250","1250","101","1250","101"
"2020-10-19","7.2","13400","13400","1340","10","1340","10"
"2020-10-15","0","155000","155000","1250","124","1250","124"
"2020-10-13","0","47500","47500","1250","38","1250","38"
"2020-10-12","0","21250","21250","1250","17","1250","17"
"2020-10-09","-0.79","254605","254605","1250","203","1250","203"
"2020-10-07","0.4","12600","12600","1260","10","1260","10"
"2020-10-06","-0.4","906370","906370","1255","720","1255","720"
"2020-10-02","0","10080","10080","1260","8","1260","8"
"2020-10-01","0.4","380520","380520","1260","302","1260","302"
"2020-09-29","0","527100","527100","1255","420","1255","420"
"2020-09-28","0","32630","32630","1255","26","1255","26"
"2020-09-25","0","40160","40160","1255","32","1255","32"
"2020-09-22","-3.46","71535","71535","1255","57","1255","57"
"2020-09-21","0","52000","52000","1300","40","1300","40"
"2020-09-18","4","39580","39580","1300","31","1300","31"
"2020-09-17","0","12500","12500","1250","10","1250","10"
"2020-09-15","2.04","231250","231250","1250","185","1250","185"
"2020-09-11","0","24500","24500","1225","20","1225","20"
"2020-09-10","-0.41","53900","53900","1225","44","1225","44"
"2020-09-08","0.41","2460","2460","1230","2","1230","2"
"2020-09-07","0","12250","12250","1225","10","1225","10"
"2020-09-04","0.41","315510","315510","1225","258","1225","258"
"2020-09-03","-5.79","455960","455960","1220","373","1220","373"
"2020-09-02","7.47","71225","71225","1295","55","1295","55"
"2020-09-01","0.42","360500","360500","1205","300","1205","300"
"2020-08-28","0","2572160","2572160","1200","2139","1200","2139"
"2020-08-27","6.67","5040000","5040000","1200","4200","1200","4200"
"2020-08-26","2.27","28125","28125","1125","25","1125","25"
"2020-08-25","-2.22","2352900","2352900","1100","2139","1100","2139"
"2020-08-24","1.81","28125","28125","1125","25","1125","25"
"2020-08-21","0.45","5964715","5964715","1105","5398","1105","5398"
"2020-08-20","0","37400","37400","1100","34","1100","34"
"2020-08-19","0","93875","93875","1100","85","1100","85"
"2020-08-18","0","254100","254100","1100","231","1100","231"
"2020-08-17","-6.78","22375","22375","1100","20","1100","20"
"2020-08-13","0","284380","284380","1180","241","1180","241"
"2020-08-11","0","2360","2360","1180","2","1180","2"
"2020-08-05","7.27","23600","23600","1180","20","1180","20"
"2020-08-03","-5.17","79200","79200","1100","72","1100","72"
"2020-07-30","5.45","232000","232000","1160","200","1160","200"
"2020-07-29","-5.17","42900","42900","1100","39","1100","39"
"2020-07-28","4.98","127600","127600","1160","110","1160","110"
"2020-07-27","0.45","35375","35375","1105","32","1105","32"
"2020-07-24","0","60540","60540","1100","55","1100","55"
"2020-07-23","-4.76","301675","301675","1100","274","1100","274"
"2020-07-22","5","1576930","1576930","1155","1406","1155","1406"
"2020-07-21","0","12100","12100","1100","11","1100","11"
"2020-07-20","0","2200","2200","1100","2","1100","2"
"2020-07-17","-4.76","38500","38500","1100","35","1100","35"
"2020-07-16","0","47265","47265","1155","43","1155","43"
"2020-07-15","-3.75","51975","51975","1155","45","1155","45"
"2020-07-14","0","102000","102000","1200","85","1200","85"
"2020-07-13","2.13","96000","96000","1200","80","1200","80"
"2020-07-10","-0.42","14100","14100","1175","12","1175","12"
"2020-07-09","-5.22","47200","47200","1180","40","1180","40"
"2020-07-08","0","12450","12450","1245","10","1245","10"
"2020-07-03","0","660915","660915","1245","531","1245","531"
"2020-07-02","0","69720","69720","1245","56","1245","56"
"2020-06-30","0.4","608305","608305","1245","490","1245","490"
"2020-06-29","-0.4","12400","12400","1240","10","1240","10"
"2020-06-24","0","59760","59760","1245","48","1245","48"
"2020-06-23","-0.4","44895","44895","1245","36","1245","36"
"2020-06-22","0","142855","142855","1250","116","1250","116"
"2020-06-19","4.17","25000","25000","1250","20","1250","20"
"2020-06-17","1.69","228000","228000","1200","190","1200","190"
"2020-06-16","0","11800","11800","1180","10","1180","10"
"2020-06-12","0","708375","708375","1180","600","1180","600"
"2020-06-10","0","28320","28320","1180","24","1180","24"
"2020-06-05","0","4149510","4149510","1180","3517","1180","3517"
"2020-06-04","0","14160","14160","1180","12","1180","12"
"2020-06-03","0","46020","46020","1180","39","1180","39"
"2020-06-02","0","82600","82600","1180","70","1180","70"
"2020-05-27","2.61","23000","23000","1180","20","1180","20"
"2020-05-26","0","129950","129950","1150","113","1150","113"
"2020-05-22","-3.77","977700","977700","1150","850","1150","850"
"2020-05-19","-0.42","11950","11950","1195","10","1195","10"
"2020-05-18","0","24000","24000","1200","20","1200","20"
"2020-05-15","0","126000","126000","1200","105","1200","105"
"2020-05-14","1.69","12000","12000","1200","10","1200","10"
"2020-05-13","0","170115","170115","1180","144","1180","144"
"2020-05-08","0","319880","319880","1180","271","1180","271"
"2020-05-07","-5.22","956460","956460","1180","772","1180","772"
"2020-05-06","5.51","3735","3735","1245","3","1245","3"
"2020-05-05","7.27","94450","94450","1180","82","1180","82"
"2020-04-30","2.33","2200","2200","1100","2","1100","2"
"2020-04-29","7.5","15050","15050","1075","14","1075","14"
"2020-04-27","0","69000","69000","1000","69","1000","69"
"2020-04-24","4.71","2000","2000","1000","2","1000","2"
"2020-04-22","-4.5","9550","9550","955","10","955","10"
"2020-04-21","5.26","45000","45000","1000","45","1000","45"
"2020-04-20","0","288800","288800","950","304","950","304"
"2020-04-17","2.7","399000","399000","950","420","950","420"
"2020-04-15","0","116540","116540","925","128","925","128"
"2020-04-14","-7.5","4630","4630","925","5","925","5"
"2020-04-09","0","505600","505600","1000","505","1000","505"
"2020-04-08","-1.96","145000","145000","1000","145","1000","145"
"2020-04-07","2","351900","351900","1020","345","1020","345"
"2020-04-06","-4.76","6000","6000","1000","6","1000","6"
"2020-04-03","-5.41","116550","116550","1050","111","1050","111"
"2020-04-01","-7.11","7020","7020","1110","6","1110","6"
"2020-03-31","-0.42","14390","14390","1195","12","1195","12"
"2020-03-30","-3.61","216000","216000","1200","180","1200","180"
"2020-03-26","-0.4","103250","103250","1245","83","1245","83"
"2020-03-25","-3.47","7500","7500","1250","6","1250","6"
"2020-03-24","-0.38","1295","1295","1295","1","1295","1"
"2020-03-23","-3.7","130000","130000","1300","100","1300","100"
"2020-03-20","-2.17","172250","172250","1350","125","1350","125"
"2020-03-19","-1.43","19410","19410","1380","14","1380","14"
"2020-03-18","-6.35","19150","19150","1400","13","1400","13"
"2020-03-13","1.01","319215","319215","1495","215","1495","215"
"2020-03-11","-1.33","382365","382365","1480","258","1480","258"
"2020-03-10","0.33","60000","60000","1500","40","1500","40"
"2020-03-09","-2.29","11960","11960","1495","8","1495","8"
"2020-03-06","-7.27","174420","174420","1530","113","1530","113"
"2020-03-04","-2.65","75420","75420","1650","46","1650","46"
"2020-03-03","-0.29","169500","169500","1695","100","1695","100"
"2020-03-02","-5.03","1700","1700","1700","1","1700","1"
"2020-02-26","-3.24","5295","5295","1790","3","1790","3"
"2020-02-21","-1.6","9250","9250","1850","5","1850","5"
"2020-02-18","-7.39","249180","249180","1880","128","1880","128"
"2020-02-17","-7.31","20300","20300","2030","10","2030","10"
"2020-02-14","-0.45","124830","124830","2190","57","2190","57"
"2020-02-12","-2.22","22000000","22000000","2200","10000","2200","10000"
"2020-02-11","-1.32","22500","22500","2250","10","2250","10"
"2020-02-10","-0.22","15960","15960","2280","7","2280","7"
"2020-02-07","-0.65","228500","228500","2285","100","2285","100"
"2020-02-06","-0.43","149500","149500","2300","65","2300","65"
"2020-02-05","-5.71","23050","23050","2310","10","2310","10"
"2020-02-03","5.6","25400950","25400950","2450","10381","2450","10381"
"2020-01-31","0.43","5431160","5431160","2320","2342","2320","2342"
"2020-01-30","7.44","5156000","5156000","2310","2240","2310","2240"
"2020-01-29","7.5","2792390","2792390","2150","1351","2150","1351"
"2020-01-28","-0.74","34015","34015","2000","17","2000","17"
"2020-01-27","0.75","1533950","1533950","2015","768","2015","768"
"2020-01-24","0.5","1100000","1100000","2000","551","2000","551"
"2020-01-23","-7.44","5970","5970","1990","3","1990","3"
"2020-01-22","0","1253500","1253500","2150","585","2150","585"
"2020-01-21","7.5","2292625","2292625","2150","1072","2150","1072"
"2020-01-20","-3.85","4000","4000","2000","2","2000","2"
"2020-01-17","4","218205","218205","2080","107","2080","107"
"2020-01-16","0","1338000","1338000","2000","669","2000","669"
"2020-01-15","2.04","4347820","4347820","2000","2207","2000","2207"
"2020-01-14","0","6526810","6526810","1960","3331","1960","3331"
"2020-01-13","7.4","1115690","1115690","1960","598","1960","598"
"2020-01-10","7.35","859575","859575","1825","471","1825","471"
"2020-01-09","1.49","874070","874070","1700","518","1700","518"
"2020-01-07","0","766800","766800","1675","460","1675","460"
"2020-01-06","7.03","15155840","15155840","1675","9781","1675","9781"
"2020-01-03","-7.4","2686325","2686325","1565","1706","1565","1706"
"2020-01-02","-7.14","537450","537450","1690","315","1690","315"
"2019-12-31","7.37","16156140","16156140","1820","8877","1820","8877"
"2019-12-30","7.28","2525550","2525550","1695","1490","1695","1490"
"2019-12-27","7.48","4159380","4159380","1580","2636","1580","2636"
"2019-12-26","7.3","4420290","4420290","1470","3007","1470","3007"
"2019-12-24","7.45","2575750","2575750","1370","1901","1370","1901"
"2019-12-23","7.14","1241750","1241750","1275","976","1275","976"
"2019-12-20","0","37854365","37854365","1190","31761","1190","31761"
"2019-12-19","0","79720","79720","1190","67","1190","67"
"2019-12-18","0","178500","178500","1190","150","1190","150"
"2019-12-17","4.39","121700","121700","1190","105","1190","105"
"2019-12-16","7.04","16186440","16186440","1140","15554","1140","15554"
"2019-12-13","7.04","16306590","16306590","1065","15326","1065","15326"
"2019-12-12","0","29850","29850","995","30","995","30"
"2019-12-10","2.58","174850","174850","995","175","995","175"
"2019-12-09","0.52","12302955","12302955","970","12687","970","12687"
"2019-12-06","7.22","472810","472810","965","500","965","500"
"2019-12-05","0","125100","125100","900","139","900","139"
"2019-12-04","-6.74","519100","519100","900","574","900","574"
"2019-12-03","7.22","286100","286100","965","315","965","315"
"2019-12-02","0","77400","77400","900","86","900","86"
"2019-11-29","0","112760","112760","900","125","900","125"
"2019-11-28","-1.1","1144000","1144000","900","1235","900","1235"
"2019-11-27","1.11","13650","13650","910","15","910","15"
"2019-11-25","0","353700","353700","900","393","900","393"
"2019-11-22","0","520950","520950","900","578","900","578"
"2019-11-21","-1.1","532800","532800","900","592","900","592"
"2019-11-20","1.11","52780","52780","910","58","910","58"
"2019-11-19","-7.22","702970","702970","900","781","900","781"
"2019-11-18","0.52","248295","248295","970","251","970","251"
"2019-11-13","7.22","80410","80410","965","84","965","84"
"2019-11-12","0","32400","32400","900","36","900","36"
"2019-11-08","1.12","59664620","59664620","900","66295","900","66295"
"2019-11-07","-1.11","13340","13340","890","15","890","15"
"2019-11-06","-3.23","42300","42300","900","47","900","47"
"2019-11-05","-5.58","96260","96260","930","101","930","101"
"2019-11-04","7.07","381300","381300","985","389","985","389"
"2019-10-31","-3.16","1063070","1063070","920","1153","920","1153"
"2019-10-28","2.15","47500","47500","950","50","950","50"
"2019-10-24","0","59490","59490","930","63","930","63"
"2019-10-23","0","145080","145080","930","156","930","156"
"2019-10-22","-0.53","93000","93000","930","100","930","100"
"2019-10-18","-1.58","149600","149600","935","160","935","160"
"2019-10-17","0.53","28430","28430","950","30","950","30"
"2019-10-16","-0.53","75550","75550","945","80","945","80"
"2019-10-15","0","1282500","1282500","950","1350","950","1350"
"2019-10-14","0","636500","636500","950","670","950","670"
"2019-10-10","0","6956850","6956850","950","7323","950","7323"
"2019-10-09","-6.86","149150","149150","950","157","950","157"
"2019-10-08","7.37","288120","288120","1020","291","1020","291"
"2019-10-07","0","119700","119700","950","126","950","126"
"2019-10-04","-1.55","18050","18050","950","19","950","19"
"2019-10-03","-6.76","6611215","6611215","965","6851","965","6851"
"2019-10-02","7.25","37502430","37502430","1035","38863","1035","38863"
"2019-10-01","1.58","205465","205465","965","213","965","213"
"2019-09-27","-3.55","375250","375250","950","395","950","395"
"2019-09-25","5.91","194765","194765","985","200","985","200"
"2019-09-24","2.76","67200","67200","930","74","930","74"
"2019-09-23","-2.69","69275","69275","905","75","905","75"
"2019-09-20","0","8370","8370","930","9","930","9"
"2019-09-19","-6.53","345105","345105","930","373","930","373"
"2019-09-17","-0.5","4273975","4273975","995","4274","995","4274"
"2019-09-16","0.5","38611100","38611100","1000","40610","1000","40610"
"2019-09-13","4.74","406500","406500","995","410","995","410"
"2019-09-12","-2.06","37483120","37483120","950","39448","950","39448"
"2019-09-11","2.11","25220","25220","970","26","970","26"
"2019-09-10","-2.06","47500","47500","950","50","950","50"
"2019-09-09","2.65","1169310","1169310","970","1225","970","1225"
"2019-09-05","-0.53","18900","18900","945","20","945","20"
"2019-09-04","0","50350","50350","950","53","950","53"
"2019-09-03","-0.52","159235","159235","950","167","950","167"
"2019-09-02","-4.5","22940","22940","955","24","955","24"
"2019-08-30","5.26","10000","10000","1000","10","1000","10"
"2019-08-28","5.56","818920","818920","950","862","950","862"
"2019-08-27","-5.26","29700","29700","900","33","900","33"
"2019-08-26","0","99765","99765","950","105","950","105"
"2019-08-23","0","125400","125400","950","132","950","132"
"2019-08-22","0","252700","252700","950","266","950","266"
"2019-08-21","-5","336565","336565","950","353","950","353"
"2019-08-20","-4.76","314700","314700","1000","314","1000","314"
"2019-08-19","-2.78","102900","102900","1050","98","1050","98"
"2019-08-16","-0.92","143800","143800","1080","133","1080","133"
"2019-08-14","-0.46","457300","457300","1090","416","1090","416"
"2019-08-13","0.46","50160","50160","1095","46","1095","46"
"2019-08-09","-0.91","347900","347900","1090","319","1090","319"
"2019-08-08","-4.76","78050","78050","1100","69","1100","69"
"2019-08-06","0.43","173250","173250","1155","150","1155","150"
"2019-08-05","6.48","1150","1150","1150","1","1150","1"
"2019-08-02","7.46","15120","15120","1080","14","1080","14"
"2019-07-31","2.55","220350","220350","1005","220","1005","220"
"2019-07-30","3.16","26460","26460","980","27","980","27"
"2019-07-29","4.97","193800","193800","950","204","950","204"
"2019-07-26","0.56","132535","132535","905","147","905","147"
"2019-07-25","0","74700","74700","900","83","900","83"
"2019-07-24","0","36900","36900","900","41","900","41"
"2019-07-23","-1.64","31500","31500","900","35","900","35"
"2019-07-22","0.55","815975","815975","915","891","915","891"
"2019-07-19","1.11","151800","151800","910","167","910","167"
"2019-07-18","0","291100","291100","900","320","900","320"
"2019-07-17","0","218425","218425","900","242","900","242"
"2019-07-16","0","550800","550800","900","612","900","612"
"2019-07-15","-5.26","2476735","2476735","900","2750","900","2750"
"2019-07-12","0","82300","82300","950","87","950","87"
"2019-07-11","0","1277100","1277100","950","1390","950","1390"
"2019-07-10","0","33250","33250","950","35","950","35"
"2019-07-09","-5","3694000","3694000","950","3819","950","3819"
"2019-07-08","1.01","30400","30400","1000","30","1000","30"
"2019-07-05","-1","4298825","4298825","990","4356","990","4356"
"2019-07-04","-1.96","143505","143505","1000","143","1000","143"
"2019-07-03","0","508730","508730","1020","504","1020","504"
"2019-07-02","-7.27","51380","51380","1020","50","1020","50"
"2019-07-01","-3.93","194650","194650","1100","176","1100","176"
"2019-06-28","-0.43","181410","181410","1145","158","1145","158"
"2019-06-27","-1.71","102740","102740","1150","89","1150","89"
"2019-06-26","-0.43","2340","2340","1170","2","1170","2"
"2019-06-25","2.17","235000","235000","1175","200","1175","200"
"2019-06-24","0","966000","966000","1150","840","1150","840"
"2019-06-21","-2.54","50160","50160","1150","43","1150","43"
"2019-06-20","-1.67","324500","324500","1180","275","1180","275"
"2019-06-19","1.69","78000","78000","1200","65","1200","65"
"2019-06-18","0","5173620","5173620","1180","4384","1180","4384"
"2019-06-17","0","1040760","1040760","1180","882","1180","882"
"2019-06-14","-3.28","1571760","1571760","1180","1332","1180","1332"
"2019-06-13","1.67","1501280","1501280","1220","1234","1220","1234"
"2019-06-12","0","327750","327750","1200","272","1200","272"
"2019-06-11","-4","487200","487200","1200","406","1200","406"
"2019-06-07","4.17","140500","140500","1250","117","1250","117"
"2019-06-06","-3.61","953045","953045","1200","791","1200","791"
"2019-06-05","0.81","1328285","1328285","1245","1088","1245","1088"
"2019-06-03","-0.8","373305","373305","1235","299","1235","299"
"2019-05-31","0","90885","90885","1245","73","1245","73"
"2019-05-29","0","3050250","3050250","1245","2450","1245","2450"
"2019-05-28","-0.4","33928740","33928740","1245","27252","1245","27252"
"2019-05-27","0","137490","137490","1250","110","1250","110"
"2019-05-24","0","287405","287405","1250","230","1250","230"
"2019-05-23","0","2113500","2113500","1250","1688","1250","1688"
"2019-05-22","-1.96","235650","235650","1250","188","1250","188"
"2019-05-21","-0.78","38250","38250","1275","30","1275","30"
"2019-05-20","-1.15","1513550","1513550","1285","1170","1285","1170"
"2019-05-17","-0.76","2869860","2869860","1300","2201","1300","2201"
"2019-05-16","0.38","4457045","4457045","1310","3413","1310","3413"
"2019-05-15","-1.88","987900","987900","1305","755","1305","755"
"2019-05-14","-7.32","2892620","2892620","1330","2078","1330","2078"
"2019-05-13","-0.35","1044475","1044475","1435","743","1435","743"
"2019-05-10","6.67","582000","582000","1440","410","1440","410"
"2019-05-09","3.85","2431350","2431350","1350","1859","1350","1859"
"2019-05-08","0","2143700","2143700","1300","1649","1300","1649"
"2019-05-07","0","8331525","8331525","1300","6433","1300","6433"
"2019-05-06","0","84460","84460","1300","65","1300","65"
"2019-05-03","0","253100","253100","1300","195","1300","195"
"2019-05-02","4","606500","606500","1300","505","1300","505"
"2019-04-30","4.17","31500","31500","1250","26","1250","26"
"2019-04-29","-4","7683600","7683600","1200","6178","1200","6178"
"2019-04-26","4.17","4687980","4687980","1250","3784","1250","3784"
"2019-04-25","-0.41","122400","122400","1200","102","1200","102"
"2019-04-24","-7.31","360625","360625","1205","291","1205","291"
"2019-04-23","0","6500","6500","1300","5","1300","5"
"2019-04-19","0","32500","32500","1300","25","1300","25"
"2019-04-18","-5.11","468000","468000","1300","360","1300","360"
"2019-04-17","-7.43","325140","325140","1370","222","1370","222"
"2019-04-16","0","738000","738000","1480","500","1480","500"
"2019-04-15","5.71","23680","23680","1480","16","1480","16"
"2019-04-11","-3.45","456650","456650","1400","326","1400","326"
"2019-04-10","0.35","302970","302970","1450","209","1450","209"
"2019-04-09","-0.34","192830","192830","1445","134","1445","134"
"2019-04-08","-2.03","1378600","1378600","1450","948","1450","948"
"2019-04-05","-0.67","2017290","2017290","1480","1360","1480","1360"
"2019-04-04","0.68","62460","62460","1490","42","1490","42"
"2019-04-02","-1.33","28140","28140","1480","19","1480","19"
"2019-04-01","0","129000","129000","1500","86","1500","86"
"2019-03-29","0","607500","607500","1500","405","1500","405"
"2019-03-28","0","996000","996000","1500","664","1500","664"
"2019-03-27","-3.23","300000","300000","1500","200","1500","200"
"2019-03-26","-2.82","779000","779000","1550","502","1550","502"
"2019-03-25","0","49450","49450","1595","31","1595","31"
"2019-03-22","-0.31","49500","49500","1595","31","1595","31"
"2019-03-20","0","376000","376000","1600","235","1600","235"
"2019-03-19","0","547800","547800","1600","333","1600","333"
"2019-03-18","0","1600","1600","1600","1","1600","1"
"2019-03-14","0.31","3442375","3442375","1600","2156","1600","2156"
"2019-03-13","-0.31","79750","79750","1595","50","1595","50"
"2019-03-12","0","49600","49600","1600","31","1600","31"
"2019-03-11","0","15750","15750","1600","10","1600","10"
"2019-03-07","0","632900","632900","1600","401","1600","401"
"2019-03-06","0","411150","411150","1600","257","1600","257"
"2019-03-05","0","22390","22390","1600","14","1600","14"
"2019-03-04","0","73100","73100","1600","46","1600","46"
"2019-02-28","0","176000","176000","1600","110","1600","110"
"2019-02-27","0","4907935","4907935","1600","3151","1600","3151"
"2019-02-26","0.31","280340","280340","1600","176","1600","176"
"2019-02-22","0","19140","19140","1595","12","1595","12"
"2019-02-21","1.92","12760","12760","1595","8","1595","8"
"2019-02-20","-1.88","1038000","1038000","1565","650","1565","650"
"2019-02-19","1.92","391200","391200","1595","245","1595","245"
"2019-02-18","-2.19","157415","157415","1565","100","1565","100"
"2019-02-15","0","46400","46400","1600","29","1600","29"
"2019-02-14","1.27","816075","816075","1600","510","1600","510"
"2019-02-13","0","130980","130980","1580","82","1580","82"
"2019-02-12","0.96","47400","47400","1580","30","1580","30"
"2019-02-11","0.32","15650","15650","1565","10","1565","10"
"2019-02-07","4","531160","531160","1560","334","1560","334"
"2019-02-06","0","790500","790500","1500","519","1500","519"
"2019-02-05","-7.41","30000","30000","1500","20","1500","20"
"2019-02-04","-4.14","92340","92340","1620","57","1620","57"
"2019-02-01","-3.43","929900","929900","1690","547","1690","547"
"2019-01-31","-4.11","76860","76860","1750","44","1750","44"
"2019-01-30","-0.27","118900","118900","1825","66","1825","66"
"2019-01-28","2.52","267940","267940","1830","152","1830","152"
"2019-01-25","-0.56","223960","223960","1785","126","1785","126"
"2019-01-24","-0.28","35900","35900","1795","20","1795","20"
"2019-01-23","3.15","36000","36000","1800","20","1800","20"
"2019-01-22","-5.68","177690","177690","1745","100","1745","100"
"2019-01-21","1.09","37000","37000","1850","20","1850","20"
"2019-01-18","0","159210","159210","1830","87","1830","87"
"2019-01-17","6.4","10622910","10622910","1830","5901","1830","5901"
"2019-01-16","-4.71","154515","154515","1720","89","1720","89"
"2019-01-15","0","263580","263580","1805","146","1805","146"
"2019-01-14","-4.24","63625","63625","1805","35","1805","35"
"2019-01-10","-0.53","794085","794085","1885","420","1885","420"
"2019-01-09","0","265300","265300","1895","140","1895","140"
"2019-01-08","2.43","658430","658430","1895","356","1895","356"
"2019-01-07","-4.39","1049695","1049695","1850","557","1850","557"
"2019-01-04","7.5","244050","244050","1935","130","1935","130"
"2019-01-03","-2.7","1164800","1164800","1800","624","1800","624"
"2019-01-02","-2.63","212750","212750","1850","115","1850","115"
"2018-12-31","-5","247000","247000","1900","130","1900","130"
"2018-12-28","5.26","392000","392000","2000","196","2000","196"
"2018-12-26","0","237500","237500","1900","125","1900","125"
"2018-12-24","-5","134900","134900","1900","71","1900","71"
"2018-12-21","-2.44","120000","120000","2000","60","2000","60"
"2018-12-20","0","20500","20500","2050","10","2050","10"
"2018-12-19","-2.38","18450","18450","2050","9","2050","9"
"2018-12-18","0","3580980","3580980","2100","1712","2100","1712"
"2018-12-17","0.48","714000","714000","2100","340","2100","340"
"2018-12-14","0","64790","64790","2090","31","2090","31"
"2018-12-13","-2.79","67170","67170","2090","32","2090","32"
"2018-12-12","-1.83","153490","153490","2150","71","2150","71"
"2018-12-11","0.23","157400","157400","2190","72","2190","72"
"2018-12-10","7.11","1585925","1585925","2185","755","2185","755"
"2018-12-07","-0.24","20400","20400","2040","10","2040","10"
"2018-12-06","5.14","918185","918185","2045","449","2045","449"
"2018-12-05","0","19450","19450","1945","10","1945","10"
"2018-12-04","0","19450","19450","1945","10","1945","10"
"2018-12-03","-0.26","31120","31120","1945","16","1945","16"
"2018-11-29","-1.76","6116880","6116880","1950","3144","1950","3144"
"2018-11-27","7.3","1172720","1172720","1985","624","1985","624"
"2018-11-26","-7.5","189000","189000","1850","100","1850","100"
"2018-11-23","5.26","2038900","2038900","2000","1073","2000","1073"
"2018-11-22","0","246300","246300","1900","130","1900","130"
"2018-11-21","-5","95000","95000","1900","50","1900","50"
"2018-11-19","-1.96","44100","44100","2000","22","2000","22"
"2018-11-16","7.37","1172045","1172045","2040","591","2040","591"
"2018-11-14","-2.56","264375","264375","1900","138","1900","138"
"2018-11-13","-6.7","57165","57165","1950","29","1950","29"
"2018-11-12","0","31350","31350","2090","15","2090","15"
"2018-11-08","-5","466070","466070","2090","223","2090","223"
"2018-11-07","0","13200","13200","2200","6","2200","6"
"2018-11-06","-3.51","68920","68920","2200","31","2200","31"
"2018-11-05","0","717965","717965","2280","315","2280","315"
"2018-11-02","0","114000","114000","2280","50","2280","50"
"2018-10-31","3.64","232560","232560","2280","102","2280","102"
"2018-10-30","0","11000","11000","2200","5","2200","5"
"2018-10-29","-3.93","189925","189925","2200","85","2200","85"
"2018-10-26","0","86890","86890","2290","38","2290","38"
"2018-10-25","0","229940","229940","2290","106","2290","106"
"2018-10-24","-6.72","8557500","8557500","2290","3514","2290","3514"
"2018-10-23","-1.8","17255","17255","2455","7","2455","7"
"2018-10-22","0","5000","5000","2500","2","2500","2"
"2018-10-19","-0.2","150075","150075","2500","60","2500","60"
"2018-10-18","-5.47","505750","505750","2505","200","2505","200"
"2018-10-17","2.32","132500","132500","2650","50","2650","50"
"2018-10-16","-3.9","259000","259000","2590","100","2590","100"
"2018-10-15","-0.55","134550","134550","2695","50","2695","50"
"2018-10-12","-3.21","1811530","1811530","2710","642","2710","642"
"2018-10-11","3.32","198500","198500","2800","70","2800","70"
"2018-10-10","-3.21","8635160","8635160","2710","3086","2710","3086"
"2018-10-08","-6.67","225150","225150","2800","80","2800","80"
"2018-10-05","-1.64","297000","297000","3000","99","3000","99"
"2018-10-03","-0.97","140255","140255","3050","46","3050","46"
"2018-10-02","-0.65","92500","92500","3080","30","3080","30"
"2018-10-01","-1.43","9300","9300","3100","3","3100","3"
"2018-09-28","0","157250","157250","3145","50","3145","50"
"2018-09-27","-1.72","547230","547230","3145","174","3145","174"
"2018-09-25","-1.23","348500","348500","3200","109","3200","109"
"2018-09-20","-3.28","162000","162000","3240","50","3240","50"
"2018-09-19","1.52","3515745","3515745","3350","1060","3350","1060"
"2018-09-18","0","8600330","8600330","3300","2625","3300","2625"
"2018-09-17","0","527400","527400","3300","160","3300","160"
"2018-09-14","0","382800","382800","3300","116","3300","116"
"2018-09-13","3.13","1090025","1090025","3300","334","3300","334"
"2018-09-12","-1.23","5602960","5602960","3200","1740","3200","1740"
"2018-09-11","4.35","524630","524630","3240","164","3240","164"
"2018-09-10","0","170775","170775","3105","55","3105","55"
"2018-09-07","-2.97","217845","217845","3105","69","3105","69"
"2018-09-06","0","42845600","42845600","3200","13389","3200","13389"
"2018-09-05","0.63","220360","220360","3200","69","3200","69"
"2018-09-04","-1.85","448520","448520","3180","140","3180","140"
"2018-09-03","1.25","565795","565795","3240","176","3240","176"
"2018-08-31","-1.54","1509945","1509945","3200","466","3200","466"
"2018-08-30","-2.99","65000","65000","3250","20","3250","20"
"2018-08-29","0","452250","452250","3350","135","3350","135"
"2018-08-28","3.08","40200","40200","3350","12","3350","12"
"2018-08-27","-4.41","751150","751150","3250","222","3250","222"
"2018-08-24","-2.86","742800","742800","3400","222","3400","222"
"2018-08-23","6.06","624000","624000","3500","180","3500","180"
"2018-08-22","4.76","654450","654450","3300","202","3300","202"
"2018-08-17","1.61","985800","985800","3150","310","3150","310"
"2018-08-16","-2.82","885290","885290","3100","285","3100","285"
"2018-08-14","0.16","833780","833780","3190","262","3190","262"
"2018-08-13","-0.78","829280","829280","3185","259","3185","259"
"2018-08-10","-1.23","67360","67360","3210","21","3210","21"
"2018-08-09","-1.37","1531620","1531620","3250","474","3250","474"
"2018-08-08","2.97","347550","347550","3295","107","3295","107"
"2018-08-03","3.23","32000","32000","3200","10","3200","10"
"2018-08-02","0","62000","62000","3100","20","3100","20"
"2018-08-01","-3.13","1344900","1344900","3100","429","3100","429"
"2018-07-31","1.59","1989900","1989900","3200","632","3200","632"
"2018-07-30","-1.41","1260400","1260400","3150","400","3150","400"
"2018-07-27","-0.47","1100420","1100420","3195","344","3195","344"
"2018-07-26","0.31","1418820","1418820","3210","442","3210","442"
"2018-07-25","-5.88","163500","163500","3200","50","3200","50"
"2018-07-24","4.62","118350","118350","3400","36","3400","36"
"2018-07-23","1.56","96800","96800","3250","30","3250","30"
"2018-07-20","0","1308600","1308600","3200","408","3200","408"
"2018-07-19","0","42952525","42952525","3200","13417","3200","13417"
"2018-07-18","-3.03","470600","470600","3200","144","3200","144"
"2018-07-17","0","544500","544500","3300","165","3300","165"
"2018-07-16","-1.49","214500","214500","3300","65","3300","65"
"2018-07-13","4.36","925695","925695","3350","289","3350","289"
"2018-07-12","-1.23","1283400","1283400","3210","400","3210","400"
"2018-07-11","0.15","1222500","1222500","3250","378","3250","378"
"2018-07-10","-1.67","2280850","2280850","3245","696","3245","696"
"2018-07-09","3.45","336600","336600","3300","103","3300","103"
"2018-07-06","-4.78","2280970","2280970","3190","705","3190","705"
"2018-07-05","-1.47","1191275","1191275","3350","355","3350","355"
"2018-07-04","0.44","789680","789680","3400","234","3400","234"
"2018-07-03","7.46","197028665","197028665","3385","64096","3385","64096"
"2018-07-02","-1.56","11758010","11758010","3150","3880","3150","3880"
"2018-06-29","-2.88","1943100","1943100","3200","616","3200","616"
"2018-06-28","1.38","1799050","1799050","3295","561","3295","561"
"2018-06-27","-2.55","4877275","4877275","3250","1472","3250","1472"
"2018-06-26","1.06","2536910","2536910","3335","756","3335","756"
"2018-06-25","-1.35","6801410","6801410","3300","2056","3300","2056"
"2018-06-22","-7.08","2881545","2881545","3345","852","3345","852"
"2018-06-21","-1.5","639200","639200","3600","180","3600","180"
"2018-06-20","7.5","1111945","1111945","3655","317","3655","317"
"2018-06-19","-0.29","746000","746000","3400","233","3400","233"
"2018-06-18","-7.46","1449250","1449250","3410","425","3410","425"
"2018-06-15","-7.41","475440","475440","3685","129","3685","129"
"2018-06-13","-7.44","663360","663360","3980","156","3980","156"
"2018-06-12","-4.44","111800","111800","4300","26","4300","26"
"2018-06-08","-6.25","193500","193500","4500","43","4500","43"
"2018-06-06","0","925075","925075","4800","199","4800","199"
"2018-06-05","-1.94","79300","79300","4800","16","4800","16"
"2018-06-04","-1.11","284590","284590","4895","62","4895","62"
"2018-06-01","-0.4","495000","495000","4950","100","4950","100"
"2018-05-31","1.53","264940","264940","4970","58","4970","58"
"2018-05-30","-1.71","33580","33580","4895","7","4895","7"
"2018-05-29","-0.4","4980","4980","4980","1","4980","1"
"2018-05-28","0.1","671420","671420","5000","137","5000","137"
"2018-05-24","-1.96","1498500","1498500","4995","300","4995","300"
"2018-05-23","0.1","10190","10190","5095","2","5095","2"
"2018-05-22","-0.2","785000","785000","5090","166","5090","166"
"2018-05-18","-4.58","102000","102000","5100","20","5100","20"
"2018-05-16","-0.93","15685","15685","5345","3","5345","3"
"2018-05-15","-1.01","52200","52200","5395","10","5395","10"
"2018-05-14","-0.73","1139770","1139770","5450","224","5450","224"
"2018-05-11","-1.96","194350","194350","5490","35","5490","35"
"2018-05-09","-1.41","100800","100800","5600","18","5600","18"
"2018-05-08","3.27","11360","11360","5680","2","5680","2"
"2018-05-07","-5.17","550000","550000","5500","100","5500","100"
"2018-05-04","6.13","92800","92800","5800","16","5800","16"
"2018-05-03","-7.37","2893825","2893825","5465","505","5465","505"
"2018-05-02","-1.67","1296375","1296375","5900","219","5900","219"
"2018-04-26","-6.25","861350","861350","6000","135","6000","135"
"2018-04-25","-3.76","8648265","8648265","6400","1405","6400","1405"
"2018-04-24","7.26","19604825","19604825","6650","3055","6650","3055"
"2018-04-23","6.16","7728810","7728810","6200","1345","6200","1345"
"2018-04-20","-0.43","2287665","2287665","5840","393","5840","393"
"2018-04-19","-7.49","1641275","1641275","5865","265","5865","265"
"2018-04-18","7.46","18585460","18585460","6340","3134","6340","3134"
"2018-04-17","-1.67","4064000","4064000","5900","690","5900","690"
"2018-04-16","-2.68","6302200","6302200","6000","1048","6000","1048"
"2018-04-13","-7.43","739125","739125","6165","115","6165","115"
"2018-04-12","-7.5","2204460","2204460","6660","331","6660","331"
"2018-04-11","0","22326225","22326225","7200","3105","7200","3105"
"2018-04-10","-0.62","4894250","4894250","7200","685","7200","685"
"2018-04-09","-0.07","692735","692735","7245","103","7245","103"
"2018-04-05","-3.33","2356250","2356250","7250","325","7250","325"
"2018-04-04","1.35","22011620","22011620","7500","2970","7500","2970"
"2018-04-03","0","1972400","1972400","7400","270","7400","270"
"2018-03-30","1.72","7345310","7345310","7400","1020","7400","1020"
"2018-03-29","-1.69","14481875","14481875","7275","2025","7275","2025"
"2018-03-28","1.37","21135700","21135700","7400","2930","7400","2930"
"2018-03-27","0","4111670","4111670","7300","572","7300","572"
"2018-03-22","0","394200","394200","7300","54","7300","54"
"2018-03-21","-1.35","1763300","1763300","7300","242","7300","242"
"2018-03-20","-1.27","10473155","10473155","7400","1478","7400","1478"
"2018-03-19","-0.07","6281165","6281165","7495","868","7495","868"
"2018-03-16","0","6269505","6269505","7500","860","7500","860"
"2018-03-15","1.35","12928745","12928745","7500","1732","7500","1732"
"2018-03-14","2","24322655","24322655","7400","3350","7400","3350"
"2018-03-13","5.14","30146100","30146100","7255","4298","7255","4298"
"2018-03-12","6.15","4616600","4616600","6900","710","6900","710"
"2018-03-09","4","1304500","1304500","6500","206","6500","206"
"2018-03-08","-3.85","3687000","3687000","6250","573","6250","573"
"2018-03-07","5.18","9555575","9555575","6500","1516","6500","1516"
"2018-03-06","-6.43","3694985","3694985","6180","568","6180","568"
"2018-03-05","-7.49","229040","229040","6605","34","6605","34"
"2018-03-02","2","10080520","10080520","7140","1420","7140","1420"
"2018-03-01","-6.54","999905","999905","7000","143","7000","143"
"2018-02-28","2.6","29131720","29131720","7490","3901","7490","3901"
"2018-02-27","5.34","16489500","16489500","7300","2314","7300","2314"
"2018-02-26","7.44","1542470","1542470","6930","235","6930","235"
"2018-02-23","7.5","188250","188250","6450","31","6450","31"
"2018-02-22","1.52","435570","435570","6000","73","6000","73"
"2018-02-21","-1.5","330960","330960","5910","56","5910","56"
"2018-02-20","1.52","2084275","2084275","6000","351","6000","351"
"2018-02-19","0.17","147750","147750","5910","25","5910","25"
"2018-02-16","1.55","13085700","13085700","5900","2218","5900","2218"
"2018-02-15","-0.68","2474030","2474030","5810","423","5810","423"
"2018-02-14","0","4868150","4868150","5850","839","5850","839"
"2018-02-13","0.86","737020","737020","5850","127","5850","127"
"2018-02-12","-0.09","1578150","1578150","5800","272","5800","272"
"2018-02-09","0.09","1294350","1294350","5805","223","5805","223"
"2018-02-08","0","488100","488100","5800","85","5800","85"
"2018-02-07","1.75","956900","956900","5800","165","5800","165"
"2018-02-06","1.79","1285830","1285830","5700","225","5700","225"
"2018-02-02","2.38","42726400","42726400","5600","7639","5600","7639"
"2018-02-01","7.47","2176925","2176925","5470","425","5470","425"
"2018-01-31","-7.45","356105","356105","5090","67","5090","67"
"2018-01-30","-4.35","308400","308400","5500","55","5500","55"
"2018-01-29","-0.78","1554500","1554500","5750","271","5750","271"
"2018-01-26","0","1274500","1274500","5795","220","5795","220"
"2018-01-25","2.57","579500","579500","5795","100","5795","100"
"2018-01-24","0.89","56021950","56021950","5650","10003","5650","10003"
"2018-01-22","-2.61","697600","697600","5600","121","5600","121"
"2018-01-19","-0.86","2783500","2783500","5750","483","5750","483"
"2018-01-18","0","342200","342200","5800","59","5800","59"
"2018-01-17","0","2273100","2273100","5800","393","5800","393"
"2018-01-16","1.49","1892630","1892630","5800","329","5800","329"
"2018-01-15","-1.38","3848160","3848160","5715","665","5715","665"
"2018-01-12","-0.09","1238940","1238940","5795","214","5795","214"
"2018-01-11","3.39","286200","286200","5800","50","5800","50"
"2018-01-10","0.18","364450","364450","5610","65","5610","65"
"2018-01-09","0","11709600","11709600","5600","2091","5600","2091"
"2018-01-08","0","330400","330400","5600","59","5600","59"
"2018-01-05","1.82","12568500","12568500","5600","2179","5600","2179"
"2018-01-04","1.85","70448200","70448200","5500","12844","5500","12844"
"2018-01-03","1.89","1349600","1349600","5400","254","5400","254"
"2018-01-02","-3.64","802600","802600","5300","150","5300","150"
"2017-12-29","-0.9","209250","209250","5500","38","5500","38"
"2017-12-28","0","1093350","1093350","5550","197","5550","197"
"2017-12-27","0","1516000","1516000","5550","275","5550","275"
"2017-12-26","-0.72","2077140","2077140","5550","374","5550","374"
"2017-12-22","1.64","695340","695340","5590","126","5590","126"
"2017-12-21","0","2798860","2798860","5500","502","5500","502"
"2017-12-20","4.76","3259000","3259000","5500","618","5500","618"
"2017-12-19","5","2634525","2634525","5250","525","5250","525"
"2017-12-18","5.6","885020","885020","5000","184","5000","184"
"2017-12-15","7.49","28410","28410","4735","6","4735","6"
"2017-12-14","0","207035","207035","4405","47","4405","47"
"2017-12-13","7.44","180605","180605","4405","41","4405","41"
"2017-12-12","-1.91","2429720","2429720","4100","593","4100","593"
"2017-12-08","1.95","397110","397110","4180","95","4180","95"
"2017-12-07","-1.8","237800","237800","4100","58","4100","58"
"2017-12-06","0","1646890","1646890","4175","394","4175","394"
"2017-12-04","4.38","2510500","2510500","4175","625","4175","625"
"2017-11-30","2.56","10493680","10493680","4000","2624","4000","2624"
"2017-11-29","-2.5","475790","475790","3900","122","3900","122"
"2017-11-28","2.56","400000","400000","4000","100","4000","100"
"2017-11-27","5.41","19913400","19913400","3900","5106","3900","5106"
"2017-11-24","-5.13","89023640","89023640","3700","22015","3700","22015"
"2017-11-23","0","97500","97500","3900","25","3900","25"
"2017-11-22","-1.27","255295","255295","3900","65","3900","65"
"2017-11-21","2.6","259325","259325","3950","67","3950","67"
"2017-11-17","-3.63","398440","398440","3850","102","3850","102"
"2017-11-16","-2.56","5353540","5353540","3995","1337","3995","1337"
"2017-11-14","-0.49","53300","53300","4100","13","4100","13"
"2017-11-13","-7.42","15453520","15453520","4120","3706","4120","3706"
"2017-11-10","6.59","1053790","1053790","4450","252","4450","252"
"2017-11-09","0","5332270","5332270","4175","1275","4175","1275"
"2017-11-08","-0.24","559485","559485","4175","134","4175","134"
"2017-11-07","-2.67","83700","83700","4185","20","4185","20"
"2017-11-06","-4.44","9983390","9983390","4300","2336","4300","2336"
"2017-11-02","0","230000","230000","4500","50","9000","25"
"2017-10-31","6.26","1251000","1251000","4500","278","9000","139"
"2017-10-30","1.97","273240","273240","4235","66","8470","33"
"2017-10-27","-2.28","670575","670575","4153","160","8305","80"
"2017-10-26","4.94","33363000","33363000","4250","7676","8500","3838"
"2017-10-25","-3.57","385110","385110","4050","94","8100","47"
"2017-10-24","0","336000","336000","4200","80","8400","40"
"2017-10-23","-1.18","1103210","1103210","4200","260","8400","130"
"2017-10-20","0","1034650","1034650","4250","230","8500","115"
"2017-10-19","-4.45","1404500","1404500","4250","330","8500","165"
"2017-10-18","-0.04","1713625","1713625","4448","386","8895","193"
"2017-10-17","0","4129200","4129200","4450","928","8900","464"
"2017-10-16","-0.07","587400","587400","4450","132","8900","66"
"2017-10-13","0.07","11619500","11619500","4453","2610","8905","1305"
"2017-10-12","0","1452200","1452200","4450","326","8900","163"
"2017-10-11","1.14","1640850","1640850","4450","370","8900","185"
"2017-10-10","0","1600200","1600200","4400","366","8800","183"
"2017-10-09","1.5","8800","8800","4400","2","8800","1"
"2017-10-06","2","2701970","2701970","4335","636","8670","318"
"2017-10-05","1.19","486520","486520","4250","110","8500","55"
"2017-10-04","-1.18","496900","496900","4200","118","8400","59"
"2017-10-03","0","459500","459500","4250","110","8500","55"
"2017-10-02","3.53","1538100","1538100","4250","362","8500","181"
"2017-09-29","2.63","1045660","1045660","4105","256","8210","128"
"2017-09-28","-4.99","1818750","1818750","4000","452","8000","226"
"2017-09-27","-9.85","606240","606240","4210","144","8420","72"
"2017-09-26","7.41","44820","44820","4670","10","9340","5"
"2017-09-25","-7.49","2105285","2105285","4348","448","8695","224"
"2017-09-22","-6","263200","263200","4700","56","9400","28"
"2017-09-21","0","3840000","3840000","5000","768","10000","384"
"2017-09-20","7","1793580","1793580","5000","414","10000","207"
"2017-09-19","-7.47","65415","65415","4673","14","9345","7"
"2017-09-18","1","151500","151500","5050","30","10100","15"
"2017-09-15","0","250000","250000","5000","50","10000","25"
"2017-09-14","-0.99","1456500","1456500","5000","290","10000","145"
"2017-09-13","1","431500","431500","5050","86","10100","43"
"2017-09-12","-4.31","1793795","1793795","5000","344","10000","172"
"2017-09-11","0.48","10450","10450","5225","2","10450","1"
"2017-09-08","4","62700400","62700400","5200","12058","10400","6029"
"2017-09-07","-0.99","242200","242200","5000","48","10000","24"
"2017-09-06","-3.77","988800","988800","5050","196","10100","98"
"2017-09-05","3.92","104950","104950","5248","20","10495","10"
"2017-09-04","0","552500","552500","5050","110","10100","55"
"2017-08-30","-0.49","696900","696900","5050","138","10100","69"
"2017-08-29","-0.49","12150945","12150945","5075","2384","10150","1192"
"2017-08-28","0","285600","285600","5100","56","10200","28"
"2017-08-25","0","193800","193800","5100","38","10200","19"
"2017-08-24","0.99","1116000","1116000","5100","220","10200","110"
"2017-08-23","-3.81","1251025","1251025","5050","242","10100","121"
"2017-08-22","-0.44","892590","892590","5250","170","10500","85"
"2017-08-21","-7.49","3928915","3928915","5273","738","10545","369"
"2017-08-18","7.14","228000","228000","5700","40","11400","20"
"2017-08-17","-7.48","1403270","1403270","5320","262","10640","131"
"2017-08-16","0","5837700","5837700","5750","1016","11500","508"
"2017-08-11","0","229975","229975","5750","40","11500","20"
"2017-08-10","0","57500","57500","5750","10","11500","5"
"2017-08-09","0","12224500","12224500","5750","2126","11500","1063"
"2017-08-08","4.55","15892500","15892500","5750","2844","11500","1422"
"2017-08-03","-4.35","275000","275000","5500","50","11000","25"
"2017-08-02","6.23","13095900","13095900","5750","2290","11500","1145"
"2017-08-01","-0.22","390335","390335","5413","72","10825","36"
"2017-07-31","-5.12","54250","54250","5425","10","10850","5"
"2017-07-28","7.48","964700","964700","5718","180","11435","90"
"2017-07-27","-7.48","612441570","612441570","5320","107922","10640","53961"
"2017-07-26","1.9","655500","655500","5750","114","11500","57"
"2017-07-25","7.49","62427850","62427850","5643","11350","11285","5675"
"2017-07-21","-4.55","1045100","1045100","5250","192","10500","96"
"2017-07-20","-4.35","1043920","1043920","5500","190","11000","95"
"2017-07-19","0","2990000","2990000","5750","520","11500","260"
"2017-07-18","0","517500","517500","5750","90","11500","45"
"2017-07-17","0","25198500","25198500","5750","4390","11500","2195"
"2017-07-14","3.6","1850850","1850850","5750","332","11500","166"
"2017-07-13","0.91","499500","499500","5550","90","11100","45"
"2017-07-12","-5.17","390000","390000","5500","70","11000","35"
"2017-07-11","0.87","2239200","2239200","5800","404","11600","202"
"2017-07-10","4.55","2806000","2806000","5750","488","11500","244"
"2017-07-07","0","550000","550000","5500","100","11000","50"
"2017-07-06","-5.17","1509500","1509500","5500","274","11000","137"
"2017-07-05","5.45","1304600","1304600","5800","236","11600","118"
"2017-07-04","4.76","1095000","1095000","5500","202","11000","101"
"2017-07-03","-4.55","813000","813000","5250","150","10500","75"
"2017-06-30","-4.35","781000","781000","5500","142","11000","71"
"2017-06-29","4.55","343850","343850","5750","60","11500","30"
"2017-06-28","-4.35","1671000","1671000","5500","302","11000","151"
"2017-06-27","0","876300","876300","5750","150","11500","75"
"2017-06-23","0","846250","846250","5750","150","11500","75"
"2017-06-21","0","230000","230000","5750","40","11500","20"
"2017-06-20","0","138000","138000","5750","24","11500","12"
"2017-06-19","0","1149775","1149775","5750","200","11500","100"
"2017-06-16","0.03","1087500","1087500","5750","192","11500","96"
"2017-06-15","4.51","2294050","2294050","5748","400","11495","200"
"2017-06-14","0","3453500","3453500","5500","620","11000","310"
"2017-06-13","-1.35","1168000","1168000","5500","204","11000","102"
"2017-06-12","-7.08","961000","961000","5575","172","11150","86"
"2017-06-09","-3.97","1260000","1260000","6000","210","12000","105"
"2017-06-08","-0.03","70320","70320","6248","12","12495","6"
"2017-06-07","4.17","2374925","2374925","6250","380","12500","190"
"2017-06-06","0.03","626965","626965","6000","106","12000","53"
"2017-06-02","-0.03","3857105","3857105","5998","648","11995","324"
"2017-06-01","-0.83","7546845","7546845","6000","1258","12000","629"
"2017-05-31","-3.17","2554425","2554425","6050","422","12100","211"
"2017-05-30","-0.03","1494875","1494875","6248","240","12495","120"
"2017-05-29","-2.34","2005720","2005720","6250","320","12500","160"
"2017-05-26","0","6773400","6773400","6400","1058","12800","529"
"2017-05-24","-1.16","692400","692400","6400","108","12800","54"
"2017-05-23","-0.38","2033300","2033300","6475","314","12950","157"
"2017-05-22","0","1066000","1066000","6500","164","13000","82"
"2017-05-19","-7.14","4149850","4149850","6500","640","13000","320"
"2017-05-18","-2.78","7879665","7879665","7000","1122","14000","561"
"2017-05-17","0.03","2442500","2442500","7200","342","14400","171"
"2017-05-16","-0.03","590205","590205","7198","82","14395","41"
"2017-05-15","0.03","619200","619200","7200","86","14400","43"
"2017-05-12","0","6689765","6689765","7198","938","14395","469"
"2017-05-11","3.57","18593595","18593595","7198","2574","14395","1287"
"2017-05-10","0.03","4030320","4030320","6950","580","13900","290"
"2017-05-09","-0.57","8807020","8807020","6948","1296","13895","648"
"2017-05-08","7.51","52910060","52910060","6988","7614","13975","3807"
"2017-05-05","-7.14","1720200","1720200","6500","260","13000","130"
"2017-05-04","-3.42","1230800","1230800","7000","174","14000","87"
"2017-05-03","-0.03","1159325","1159325","7248","160","14495","80"
"2017-05-02","0.03","1043975","1043975","7250","144","14500","72"
"2017-04-28","-0.03","927990","927990","7248","128","14495","64"
"2017-04-27","0.35","1434050","1434050","7250","198","14500","99"
"2017-04-26","3.96","36834250","36834250","7225","5386","14450","2693"
"2017-04-25","2.92","8751755","8751755","6950","1264","13900","632"
"2017-04-24","0","6736145","6736145","6753","974","13505","487"
"2017-04-21","1.55","607725","607725","6753","90","13505","45"
"2017-04-20","2.31","166392310","166392310","6650","25006","13300","12503"
"2017-04-19","4","27453535","27453535","6500","4142","13000","2071"
"2017-04-18","0","137500","137500","6250","22","12500","11"
"2017-04-14","-3.85","475000","475000","6250","76","12500","38"
"2017-04-12","0.78","26000","26000","6500","4","13000","2"
"2017-04-11","-0.05","3230440","3230440","6450","500","12900","250"
"2017-04-10","-0.72","1127050","1127050","6453","174","12905","87"
"2017-04-07","0","1001000","1001000","6500","154","13000","77"
"2017-04-06","0","15930800","15930800","6500","2420","13000","1210"
"2017-04-05","0","3705000","3705000","6500","570","13000","285"
"2017-04-04","0.39","208000","208000","6500","32","13000","16"
"2017-04-03","-1.15","6539750","6539750","6475","1010","12950","505"
"2017-03-31","1.55","7260000","7260000","6550","1118","13100","559"
"2017-03-30","7.5","68829415","68829415","6450","10754","12900","5377"
"2017-03-29","-6.25","6891500","6891500","6000","1124","12000","562"
"2017-03-28","-1.58","4027450","4027450","6400","628","12800","314"
"2017-03-27","0","936360","936360","6503","144","13005","72"
"2017-03-24","0.05","15215690","15215690","6503","2342","13005","1171"
"2017-03-23","-0.73","7566000","7566000","6500","1164","13000","582"
"2017-03-22","1.13","181735","181735","6548","28","13095","14"
"2017-03-21","-0.43","388800","388800","6475","60","12950","30"
"2017-03-20","0.05","6385905","6385905","6503","982","13005","491"
"2017-03-17","0","2119315","2119315","6500","326","13000","163"
"2017-03-16","0.39","519525","519525","6500","80","13000","40"
"2017-03-15","-1.15","233450","233450","6475","36","12950","18"
"2017-03-14","0.77","4982325","4982325","6550","766","13100","383"
"2017-03-13","-0.05","858000","858000","6500","132","13000","66"
"2017-03-10","0","325175","325175","6503","50","13005","25"
"2017-03-09","0","18870230","18870230","6503","2902","13005","1451"
"2017-03-08","0","1144690","1144690","6503","176","13005","88"
"2017-03-07","0","13641885","13641885","6503","2098","13005","1049"
"2017-03-06","0","6112350","6112350","6503","940","13005","470"
"2017-03-03","0.05","3524355","3524355","6503","542","13005","271"
"2017-03-02","-7.14","28873000","28873000","6500","4442","13000","2221"
"2017-02-28","3.7","193030","193030","7000","28","14000","14"
"2017-02-27","0","10373100","10373100","6750","1536","13500","768"
"2017-02-24","0","1114000","1114000","6750","170","13500","85"
"2017-02-23","4.04","8159100","8159100","6750","1232","13500","616"
"2017-02-22","0","856950","856950","6488","134","12975","67"
"2017-02-21","0.59","25114510","25114510","6488","3896","12975","1948"
"2017-02-20","-0.59","12796600","12796600","6450","1984","12900","992"
"2017-02-17","1.38","1726750","1726750","6488","268","12975","134"
"2017-02-16","-0.78","652800","652800","6400","102","12800","51"
"2017-02-15","-0.39","12900","12900","6450","2","12900","1"
"2017-02-14","0","180720","180720","6475","28","12950","14"
"2017-02-13","-0.38","90750","90750","6475","14","12950","7"
"2017-02-10","1.56","8245425","8245425","6500","1270","13000","635"
"2017-02-09","2.6","1549800","1549800","6400","242","12800","121"
"2017-02-08","-2.53","287425","287425","6238","46","12475","23"
"2017-02-07","-1.36","1498825","1498825","6400","234","12800","117"
"2017-02-06","3.81","1541400","1541400","6488","238","12975","119"
"2017-02-02","-3.67","725000","725000","6250","116","12500","58"
"2017-02-01","4.01","66457950","66457950","6488","10634","12975","5317"
"2017-01-31","6.63","62375","62375","6238","10","12475","5"
"2017-01-30","0.86","2713735","2713735","5850","464","11700","232"
"2017-01-27","0.82","541660","541660","5800","94","11600","47"
"2017-01-26","0.05","1475490","1475490","5753","256","11505","128"
"2017-01-25","-0.91","3394385","3394385","5750","588","11500","294"
"2017-01-24","3.07","12905200","12905200","5803","2224","11605","1112"
"2017-01-23","-2.51","247230","247230","5630","44","11260","22"
"2017-01-20","-1.37","6706100","6706100","5775","1164","11550","582"
"2017-01-19","-7.43","3603085","3603085","5855","594","11710","297"
"2017-01-18","-2.32","790050","790050","6325","122","12650","61"
"2017-01-17","0","168545","168545","6475","26","12950","13"
"2017-01-16","0","1579900","1579900","6475","244","12950","122"
"2017-01-13","0","98732525","98732525","6475","15190","12950","7595"
"2017-01-12","0","712550","712550","6475","110","12950","55"
"2017-01-11","-1.15","660600","660600","6475","102","12950","51"
"2017-01-10","1.16","77850","77850","6550","12","13100","6"
"2017-01-09","-0.38","1718500","1718500","6475","264","12950","132"
"2017-01-06","0","1846000","1846000","6500","284","13000","142"
"2017-01-05","0","104000","104000","6500","16","13000","8"
"2017-01-04","0","10322000","10322000","6500","1588","13000","794"
"2017-01-03","0","650400","650400","6500","100","13000","50"
"2017-01-02","-7.14","429000","429000","6500","66","13000","33"
"2016-12-30","3.73","52651650","52651650","7000","7818","14000","3909"
"2016-12-29","3.82","8698200","8698200","6748","1340","13495","670"
"2016-12-28","-3.7","6514000","6514000","6500","1026","13000","513"
"2016-12-27","3.85","4767605","4767605","6750","712","13500","356"
"2016-12-23","0","3770000","3770000","6500","580","13000","290"
"2016-12-22","-1.52","39000","39000","6500","6","13000","3"
"2016-12-21","0","553400","553400","6600","84","13200","42"
"2016-12-20","5.18","709250","709250","6600","110","13200","55"
"2016-12-19","-5.64","464350","464350","6275","74","12550","37"
"2016-12-16","6.4","29030090","29030090","6650","4532","13300","2266"
"2016-12-15","-3.1","5077510","5077510","6250","810","12500","405"
"2016-12-14","-0.69","64500","64500","6450","10","12900","5"
"2016-12-13","7.36","247360180","247360180","6495","40220","12990","20110"
"2016-12-09","0","581300","581300","6050","96","12100","48"
"2016-12-08","-5.44","170064350","170064350","6050","27848","12100","13924"
"2016-12-07","-0.81","358260","358260","6398","56","12795","28"
"2016-12-06","3.2","15183300","15183300","6450","2426","12900","1213"
"2016-12-05","-3.77","25000","25000","6250","4","12500","2"
"2016-12-02","1.88","2019115","2019115","6495","312","12990","156"
"2016-12-01","-0.39","229500","229500","6375","36","12750","18"
"2016-11-30","-1.39","1212000","1212000","6400","200","12800","100"
"2016-11-29","3.84","1280760","1280760","6490","204","12980","102"
"2016-11-28","-3.77","3063900","3063900","6250","498","12500","249"
"2016-11-24","7.36","5790470","5790470","6495","928","12990","464"
"2016-11-23","-3.2","2492000","2492000","6050","400","12100","200"
"2016-11-22","-3.85","3528080","3528080","6250","562","12500","281"
"2016-11-21","1.56","9345620","9345620","6500","1442","13000","721"
"2016-11-18","-1.54","244952250","244952250","6400","38446","12800","19223"
"2016-11-17","6.47","8954595","8954595","6500","1476","13000","738"
"2016-11-16","-7.5","3858360","3858360","6105","632","12210","316"
"2016-11-14","-0.72","1123950","1123950","6600","172","13200","86"
"2016-11-11","4.28","1593950","1593950","6648","248","13295","124"
"2016-11-10","6.2","311875200","311875200","6375","49900","12750","24950"
"2016-11-08","0.05","276115","276115","6003","46","12005","23"
"2016-11-07","0","3240005","3240005","6000","540","12000","270"
"2016-11-04","-2.44","307150000","307150000","6000","49160","12000","24580"
"2016-11-03","2.5","7564800","7564800","6150","1242","12300","621"
"2016-11-02","-1.64","2942500","2942500","6000","474","12000","237"
"2016-10-31","-2.52","36600","36600","6100","6","12200","3"
"2016-10-28","0.05","9611520","9611520","6258","1536","12515","768"
"2016-10-27","0","1238490","1238490","6255","198","12510","99"
"2016-10-26","-0.05","3119530","3119530","6255","498","12510","249"
"2016-10-25","0.13","205221565","205221565","6258","32834","12515","16417"
"2016-10-24","3.73","10523425","10523425","6250","1702","12500","851"
"2016-10-21","0","291200","291200","6025","48","12050","24"
"2016-10-20","-3.6","2983850","2983850","6025","480","12050","240"
"2016-10-19","-1.96","2915070","2915070","6250","468","12500","234"
"2016-10-18","2","14427850","14427850","6375","2358","12750","1179"
"2016-10-17","-0.4","40754905","40754905","6250","6520","12500","3260"
"2016-10-14","0.4","3945350","3945350","6275","634","12550","317"
"2016-10-13","-6.69","1579900","1579900","6250","252","12500","126"
"2016-10-12","-0.03","377090","377090","6698","60","13395","30"
"2016-10-11","7.2","3081200","3081200","6700","470","13400","235"
"2016-10-10","1.63","2839500","2839500","6250","454","12500","227"
"2016-10-07","2.5","555368305","555368305","6150","88860","12300","44430"
"2016-10-06","-4","336000","336000","6000","56","12000","28"
"2016-10-05","0.03","56289930","56289930","6250","9014","12500","4507"
"2016-10-03","-0.03","187440","187440","6248","30","12495","15"
"2016-09-30","0","149231500","149231500","6250","23886","12500","11943"
"2016-09-28","5.97","55683550","55683550","6250","9340","12500","4670"
"2016-09-27","6.27","400020","400020","5898","68","11795","34"
"2016-09-26","-5.93","1488600","1488600","5550","252","11100","126"
"2016-09-23","-0.64","636105","636105","5900","114","11800","57"
"2016-09-22","7.48","67805565","67805565","5938","11618","11875","5809"
"2016-09-21","0.45","33150","33150","5525","6","11050","3"
"2016-09-20","-0.09","20109865","20109865","5500","3656","11000","1828"
"2016-09-19","-4.26","10991480","10991480","5505","1874","11010","937"
"2016-09-16","-2.87","42332360","42332360","5750","7236","11500","3618"
"2016-09-15","7.48","4964530","4964530","5920","852","11840","426"
"2016-09-14","-6.64","7189200","7189200","5508","1258","11015","629"
"2016-09-13","2.61","8202440","8202440","5900","1412","11800","706"
"2016-09-09","5.93","7959025","7959025","5750","1402","11500","701"
"2016-09-08","7.49","8019645","8019645","5428","1484","10855","742"
"2016-09-07","1","1791380","1791380","5050","342","10100","171"
"2016-09-06","0","300000","300000","5000","60","10000","30"
"2016-09-05","-1.96","1940055","1940055","5000","388","10000","194"
"2016-09-02","0","2085200","2085200","5100","406","10200","203"
"2016-09-01","0","786630","786630","5100","154","10200","77"
"2016-08-31","0","4057855","4057855","5100","810","10200","405"
"2016-08-30","0","1611100","1611100","5100","316","10200","158"
"2016-08-29","2","374700","374700","5100","74","10200","37"
"2016-08-26","1.01","1459925","1459925","5000","292","10000","146"
"2016-08-25","0","99000","99000","4950","20","9900","10"
"2016-08-24","0","112224400","112224400","4950","22672","9900","11336"
"2016-08-23","-1.98","297751095","297751095","4950","60150","9900","30075"
"2016-08-22","-3.81","727400","727400","5050","144","10100","72"
"2016-08-19","0","37831000","37831000","5250","7206","10500","3603"
"2016-08-18","3.86","746700","746700","5250","144","10500","72"
"2016-08-17","1.04","774480","774480","5055","154","10110","77"
"2016-08-16","-0.93","3986585","3986585","5003","796","10005","398"
"2016-08-12","-7.34","1811500","1811500","5050","340","10100","170"
"2016-08-11","-0.91","2660500","2660500","5450","490","10900","245"
"2016-08-10","-0.95","5227675","5227675","5500","950","11000","475"
"2016-08-09","-2.58","1648575","1648575","5553","290","11105","145"
"2016-08-05","3.64","1308800","1308800","5700","230","11400","115"
"2016-08-04","0","1683000","1683000","5500","306","11000","153"
"2016-08-03","-4.31","616900","616900","5500","112","11000","56"
"2016-08-02","-0.03","1321930","1321930","5748","230","11495","115"
"2016-08-01","6.98","207000","207000","5750","36","11500","18"
"2016-07-29","7.5","251640750","251640750","5375","50328","10750","25164"
"2016-07-28","0","65669500","65669500","5000","13266","10000","6633"
"2016-07-27","3.09","1969180","1969180","5000","394","10000","197"
"2016-07-26","-2.9","1244790","1244790","4850","250","9700","125"
"2016-07-25","-0.1","1067800","1067800","4995","216","9990","108"
"2016-07-22","0","490000","490000","5000","98","10000","49"
"2016-07-21","0","192480","192480","5000","38","10000","19"
"2016-07-20","0.04","317180000","317180000","5000","63436","10000","31718"
"2016-07-19","4.13","1341640","1341640","4998","272","9995","136"
"2016-07-18","0.52","302841150","302841150","4800","63092","9600","31546"
"2016-07-15","0.53","498600","498600","4775","104","9550","52"
"2016-07-14","0","5107800","5107800","4750","1076","9500","538"
"2016-07-13","4.74","5508665","5508665","4750","1146","9500","573"
"2016-07-12","-7.51","1941250","1941250","4535","420","9070","210"
"2016-07-11","-5.71","1146295","1146295","4903","230","9805","115"
"2016-07-08","-5.45","8180400","8180400","5200","1570","10400","785"
"2016-07-07","-4.35","2959440","2959440","5500","528","11000","264"
"2016-07-05","1.5","247280740","247280740","5750","40652","11500","20326"
"2016-07-04","7.5","442728890","442728890","5665","78152","11330","39076"
"2016-07-01","7.49","12489480","12489480","5270","2370","10540","1185"
"2016-06-30","7.45","15617955","15617955","4903","3286","9805","1643"
"2016-06-29","7.36","14549055","14549055","4563","3262","9125","1631"
"2016-06-28","0","37231230","37231230","4250","8834","8500","4417"
"2016-06-27","-3.41","17466375","17466375","4250","4060","8500","2030"
"2016-06-24","-7.13","14086090","14086090","4400","3204","8800","1602"
"2016-06-23","-0.25","236875","236875","4738","50","9475","25"
"2016-06-22","0","1269210","1269210","4750","282","9500","141"
"2016-06-21","-3.55","1710400","1710400","4750","352","9500","176"
"2016-06-20","-1.5","11088855","11088855","4925","2246","9850","1123"
"2016-06-17","0","2335200","2335200","5000","468","10000","234"
"2016-06-16","0","2220000","2220000","5000","444","10000","222"
"2016-06-15","0","30036990","30036990","5000","6008","10000","3004"
"2016-06-14","-2.91","328100","328100","5000","64","10000","32"
"2016-06-13","0.49","502000","502000","5150","98","10300","49"
"2016-06-10","2.5","1091200","1091200","5125","216","10250","108"
"2016-06-09","-2.91","3053300","3053300","5000","610","10000","305"
"2016-06-08","0","2993250","2993250","5150","574","10300","287"
"2016-06-07","3","1539050","1539050","5150","300","10300","150"
"2016-06-06","-4.31","976000","976000","5000","192","10000","96"
"2016-06-03","-1.42","734550","734550","5225","138","10450","69"
"2016-06-02","0","858600","858600","5300","162","10600","81"
"2016-06-01","0","805600","805600","5300","152","10600","76"
"2016-05-31","2.42","1660900","1660900","5300","328","10600","164"
"2016-05-30","0","90142800","90142800","5175","17418","10350","8709"
"2016-05-27","1.47","556100850","556100850","5175","107462","10350","53731"
"2016-05-26","-3.77","2927700","2927700","5100","556","10200","278"
"2016-05-25","-6.9","4564000","4564000","5300","860","10600","430"
"2016-05-24","-0.99","103270","103270","5693","18","11385","9"
"2016-05-23","-3.73","5750000","5750000","5750","1000","11500","500"
"2016-05-20","-0.45","1319450","1319450","5973","220","11945","110"
"2016-05-19","-1.64","3507600","3507600","6000","584","12000","292"
"2016-05-18","0","1866200","1866200","6100","308","12200","154"
"2016-05-17","-2.4","5234000","5234000","6100","872","12200","436"
"2016-05-13","2.07","1499710","1499710","6250","240","12500","120"
"2016-05-12","-5.8","982740","982740","6123","158","12245","79"
"2016-05-11","1.83","10427300","10427300","6500","1646","13000","823"
"2016-05-10","-3.43","3509525","3509525","6383","550","12765","275"
"2016-05-09","7.48","16550250","16550250","6610","2654","13220","1327"
"2016-05-06","0.44","940120","940120","6150","146","12300","73"
"2016-05-04","7.46","8884890","8884890","6123","1456","12245","728"
"2016-05-03","7.51","22790","22790","5698","4","11395","2"
"2016-04-29","0.95","746000","746000","5300","142","10600","71"
"2016-04-28","0","534000","534000","5250","106","10500","53"
"2016-04-27","6.06","2473270","2473270","5250","498","10500","249"
"2016-04-26","-0.9","467717825","467717825","4950","94488","9900","47244"
"2016-04-25","-0.06","6729150","6729150","4995","1346","9990","673"
"2016-04-22","0.97","5139970","5139970","4998","1028","9995","514"
"2016-04-21","-1","5723250","5723250","4950","1154","9900","577"
"2016-04-20","-1.96","150000","150000","5000","30","10000","15"
"2016-04-19","4.08","1201600","1201600","5100","244","10200","122"
"2016-04-18","0","1019200","1019200","4900","208","9800","104"
"2016-04-15","0","205800","205800","4900","42","9800","21"
"2016-04-14","1.03","245000","245000","4900","50","9800","25"
"2016-04-13","1.04","30315500","30315500","4850","6064","9700","3032"
"2016-04-12","0","96300","96300","4800","20","9600","10"
"2016-04-11","1.05","1201260","1201260","4800","250","9600","125"
"2016-04-08","-1.04","38000","38000","4750","8","9500","4"
"2016-04-07","3.16","1074000","1074000","4800","230","9600","115"
"2016-04-06","-3.06","2642280","2642280","4653","566","9305","283"
"2016-04-05","3.23","1124230","1124230","4800","240","9600","120"
"2016-04-04","-2.11","771000","771000","4650","164","9300","82"
"2016-04-01","0","4503000","4503000","4750","948","9500","474"
"2016-03-31","0","1738500","1738500","4750","366","9500","183"
"2016-03-30","-1.55","9068350","9068350","4750","1882","9500","941"
"2016-03-29","1.05","182790","182790","4825","38","9650","19"
"2016-03-25","0","1853200","1853200","4775","388","9550","194"
"2016-03-23","0","1070050","1070050","4775","224","9550","112"
"2016-03-22","-0.52","461590","461590","4775","96","9550","48"
"2016-03-21","0","383000","383000","4800","80","9600","40"
"2016-03-18","-0.06","3274695","3274695","4800","682","9600","341"
"2016-03-17","0.06","1296980","1296980","4803","270","9605","135"
"2016-03-16","1.05","48000","48000","4800","10","9600","5"
"2016-03-15","0","1719500","1719500","4750","362","9500","181"
"2016-03-14","-1.04","1496300","1496300","4750","314","9500","157"
"2016-03-11","-3.42","2845735","2845735","4800","598","9600","299"
"2016-03-10","7.46","362320","362320","4970","76","9940","38"
"2016-03-09","-7.5","2486500","2486500","4625","536","9250","268"
"2016-03-08","5.26","2220000","2220000","5000","464","10000","232"
"2016-03-07","-4.9","3357500","3357500","4750","698","9500","349"
"2016-03-04","-0.1","27109575","27109575","4995","5422","9990","2711"
"2016-03-03","0.1","2199870","2199870","5000","440","10000","220"
"2016-03-02","-0.1","3157750","3157750","4995","660","9990","330"
"2016-03-01","0","310000","310000","5000","62","10000","31"
"2016-02-29","-4.76","822500","822500","5000","164","10000","82"
"2016-02-26","0.96","4366400","4366400","5250","836","10500","418"
"2016-02-25","4","931544000","931544000","5200","186344","10400","93172"
"2016-02-24","5.93","18083535","18083535","5000","3806","10000","1903"
"2016-02-23","-0.06","190737595","190737595","4720","40580","9440","20290"
"2016-02-22","-3.51","10615500","10615500","4723","2236","9445","1118"
"2016-02-19","-2.1","8400830","8400830","4895","1734","9790","867"
"2016-02-18","0","1150000","1150000","5000","230","10000","115"
"2016-02-17","0","1269195","1269195","5000","254","10000","127"
"2016-02-16","5.26","5425900","5425900","5000","1086","10000","543"
"2016-02-15","-7.1","50834900","50834900","4750","10168","9500","5084"
"2016-02-12","0","184050","184050","5113","36","10225","18"
"2016-02-11","-1.73","687990","687990","5113","134","10225","67"
"2016-02-10","-0.9","5068015","5068015","5203","974","10405","487"
"2016-02-09","0.96","251900","251900","5250","48","10500","24"
"2016-02-08","-0.95","4952500","4952500","5200","948","10400","474"
"2016-02-05","0.96","387515","387515","5250","74","10500","37"
"2016-02-04","-0.95","432400","432400","5200","82","10400","41"
"2016-02-03","0","336000","336000","5250","64","10500","32"
"2016-02-02","-0.94","4946225","4946225","5250","944","10500","472"
"2016-02-01","0.95","889200","889200","5300","164","10600","82"
"2016-01-28","0.96","15235500","15235500","5250","2902","10500","1451"
"2016-01-27","0","1134200","1134200","5200","218","10400","109"
"2016-01-26","-0.91","1237600","1237600","5200","238","10400","119"
"2016-01-25","-0.04","730295","730295","5248","142","10495","71"
"2016-01-22","0","202639385","202639385","5250","38598","10500","19299"
"2016-01-21","0","1261500","1261500","5250","246","10500","123"
"2016-01-20","5","3990000","3990000","5250","760","10500","380"
"2016-01-19","0","650000","650000","5000","130","10000","65"
"2016-01-18","0","2230990","2230990","5000","446","10000","223"
"2016-01-15","-4.76","972505","972505","5000","194","10000","97"
"2016-01-14","-0.94","211062895","211062895","5250","40202","10500","20101"
"2016-01-13","0.95","2194200","2194200","5300","414","10600","207"
"2016-01-12","-4.55","1604580","1604580","5250","296","10500","148"
"2016-01-11","0","2904000","2904000","5500","528","11000","264"
"2016-01-08","4.7","1143000","1143000","5500","206","11000","103"
"2016-01-07","-5.35","1935720","1935720","5253","352","10505","176"
"2016-01-06","-0.89","580100","580100","5550","104","11100","52"
"2016-01-05","0.9","3254330","3254330","5600","566","11200","283"
"2016-01-04","-7.5","237300","237300","5550","40","11100","20"
"2015-12-31","6.89","1457200","1457200","6000","256","12000","128"
"2015-12-30","7.47","108625","108625","5613","20","11225","10"
"2015-12-29","4.5","6914945","6914945","5223","1436","10445","718"
"2015-12-28","5.15","170155","170155","4998","34","9995","17"
"2015-12-23","0.06","1501015","1501015","4753","316","9505","158"
"2015-12-22","-4.96","251850","251850","4750","52","9500","26"
"2015-12-21","0.06","29985","29985","4998","6","9995","3"
"2015-12-18","-0.1","2245350","2245350","4995","450","9990","225"
"2015-12-17","0","1170750","1170750","5000","234","10000","117"
"2015-12-16","0","170270","170270","5000","34","10000","17"
"2015-12-15","0","1730020","1730020","5000","346","10000","173"
"2015-12-14","-4.76","15837615","15837615","5000","3174","10000","1587"
"2015-12-11","0","3311000","3311000","5250","608","10500","304"
"2015-12-10","-4.51","786740","786740","5250","144","10500","72"
"2015-12-09","0","2572805","2572805","5498","468","10995","234"
"2015-12-08","-0.04","1330950","1330950","5498","242","10995","121"
"2015-12-07","-3.08","36803825","36803825","5500","6498","11000","3249"
"2015-12-04","-0.44","355910","355910","5675","62","11350","31"
"2015-12-03","0","2661820","2661820","5700","462","11400","231"
"2015-12-02","-0.87","741000","741000","5700","130","11400","65"
"2015-12-01","-4.45","420000","420000","5750","72","11500","36"
"2015-11-30","0","120350","120350","6018","20","12035","10"
"2015-11-27","-3.71","1096350","1096350","6018","180","12035","90"
"2015-11-26","3.31","246000","246000","6250","40","12500","20"
"2015-11-25","-5.07","12757450","12757450","6050","2116","12100","1058"
"2015-11-24","-1.19","2790825","2790825","6373","432","12745","216"
"2015-11-23","0","282600","282600","6450","44","12900","22"
"2015-11-20","-0.39","25812950","25812950","6450","4002","12900","2001"
"2015-11-19","-0.31","11106250","11106250","6475","1746","12950","873"
"2015-11-18","-3.78","7396630","7396630","6495","1130","12990","565"
"2015-11-17","3.77","6776200","6776200","6750","1040","13500","520"
"2015-11-16","-3.63","6655100","6655100","6505","1020","13010","510"
"2015-11-13","0","53510","53510","6750","8","13500","4"
"2015-11-11","-3.57","26483500","26483500","6750","3938","13500","1969"
"2015-11-10","3.7","6843500","6843500","7000","1044","14000","522"
"2015-11-09","-3.57","1063500","1063500","6750","156","13500","78"
"2015-11-06","0","70000","70000","7000","10","14000","5"
"2015-11-05","0","2912000","2912000","7000","416","14000","208"
"2015-11-04","0","1862000","1862000","7000","268","14000","134"
"2015-11-03","0","669200","669200","7000","96","14000","48"
"2015-11-02","-3.42","1583975","1583975","7000","224","14000","112"
"2015-10-30","3.54","476475","476475","7248","70","14495","35"
"2015-10-29","-6.67","1700000","1700000","7000","240","14000","120"
"2015-10-28","0","3510000","3510000","7500","468","15000","234"
"2015-10-27","0","1589800","1589800","7500","212","15000","106"
"2015-10-26","0","1500000","1500000","7500","200","15000","100"
"2015-10-23","-1.29","454000","454000","7500","60","15000","30"
"2015-10-22","-0.55","8739740","8739740","7598","1152","15195","576"
"2015-10-21","1.87","5683380","5683380","7640","746","15280","373"
"2015-10-19","0","2238600","2238600","7500","298","15000","149"
"2015-10-16","0","257100","257100","7500","34","15000","17"
"2015-10-15","-1.64","395250","395250","7500","52","15000","26"
"2015-10-14","-0.33","225350800","225350800","7625","30046","15250","15023"
"2015-10-13","3.38","226200","226200","7650","30","15300","15"
"2015-10-12","-3.27","475600","475600","7400","64","14800","32"
"2015-10-09","5.52","7423000","7423000","7650","990","15300","495"
"2015-10-08","-3.33","758000","758000","7250","104","14500","52"
"2015-10-07","-3.23","8157965","8157965","7500","1060","15000","530"
"2015-10-06","6.9","8712445","8712445","7750","1138","15500","569"
"2015-10-05","0.03","387750","387750","7250","54","14500","27"
"2015-10-02","-0.03","333465","333465","7248","46","14495","23"
"2015-10-01","0.03","190292300","190292300","7250","26800","14500","13400"
"2015-09-30","3.54","159445","159445","7248","22","14495","11"
"2015-09-29","-3.11","5495350","5495350","7000","776","14000","388"
"2015-09-28","0","394600","394600","7225","54","14450","27"
"2015-09-25","-0.34","2493400","2493400","7225","344","14450","172"
"2015-09-23","-1.36","87203000","87203000","7250","12028","14500","6014"
"2015-09-22","1.38","1602100","1602100","7350","218","14700","109"
"2015-09-21","0","130500","130500","7250","18","14500","9"
"2015-09-18","0","694750","694750","7250","96","14500","48"
"2015-09-17","0","913500","913500","7250","126","14500","63"
"2015-09-16","-2.36","1815900","1815900","7250","250","14500","125"
"2015-09-15","-0.97","3009850","3009850","7425","410","14850","205"
"2015-09-14","2.01","617720","617720","7498","84","14995","42"
"2015-09-11","-1.97","2234000","2234000","7350","300","14700","150"
"2015-09-09","-0.03","9133310","9133310","7498","1218","14995","609"
"2015-09-08","1.01","1348550","1348550","7500","184","15000","92"
"2015-09-07","2.37","14850","14850","7425","2","14850","1"
"2015-09-04","0.04","2055515","2055515","7253","282","14505","141"
"2015-09-03","-3.33","2016985","2016985","7250","278","14500","139"
"2015-09-02","0","345000","345000","7500","46","15000","23"
"2015-09-01","-1.32","125534730","125534730","7500","16952","15000","8476"
"2015-08-31","-1.94","4546250","4546250","7600","598","15200","299"
"2015-08-28","0","155000","155000","7750","20","15500","10"
"2015-08-27","-3.13","15500","15500","7750","2","15500","1"
"2015-08-26","1.27","57504650","57504650","8000","7420","16000","3710"
"2015-08-25","-1.25","2422200","2422200","7900","304","15800","152"
"2015-08-24","-1.84","16502000","16502000","8000","2062","16000","1031"
"2015-08-20","1.88","44090000","44090000","8150","5410","16300","2705"
"2015-08-19","-2.42","13785425","13785425","8000","1696","16000","848"
"2015-08-18","-0.02","344325","344325","8198","42","16395","21"
"2015-08-17","4.46","25543555","25543555","8200","3230","16400","1615"
"2015-08-14","1.29","15700","15700","7850","2","15700","1"
"2015-08-13","0","353839900","353839900","7750","48080","15500","24040"
"2015-08-12","-2.52","692075000","692075000","7750","90100","15500","45050"
"2015-08-11","6","45624990","45624990","7950","6010","15900","3005"
"2015-08-10","2.04","6584400","6584400","7500","888","15000","444"
"2015-08-06","5","570324175","570324175","7350","80320","14700","40160"
"2015-08-05","-4.11","31503400","31503400","7000","4320","14000","2160"
"2015-08-04","0","497050","497050","7300","68","14600","34"
"2015-08-03","0.69","28267800","28267800","7300","3882","14600","1941"
"2015-07-31","-3.31","21906280","21906280","7250","3012","14500","1506"
"2015-07-30","3.31","382760","382760","7498","52","14995","26"
"2015-07-29","-3.2","1706170","1706170","7258","234","14515","117"
"2015-07-28","3.42","1339350","1339350","7498","182","14995","91"
"2015-07-27","-0.11","72949525","72949525","7250","10032","14500","5016"
"2015-07-24","0.11","31012395","31012395","7258","4238","14515","2119"
"2015-07-23","-2.03","3198370","3198370","7250","440","14500","220"
"2015-07-22","-7.04","556209435","556209435","7400","75162","14800","37581"
"2015-07-21","7.49","1419000","1419000","7960","180","15920","90"
"2015-07-20","0","67179565","67179565","7405","9078","14810","4539"
"2015-07-16","0.03","122135220","122135220","7405","16476","14810","8238"
"2015-07-15","-5.19","951092480","951092480","7403","128286","14805","64143"
"2015-07-13","-2.4","1585360","1585360","7808","200","15615","100"
"2015-07-10","-1.84","5275065","5275065","8000","662","16000","331"
"2015-07-09","1.24","606236080","606236080","8150","80782","16300","40391"
"2015-07-08","-1.23","1107600","1107600","8050","136","16100","68"
"2015-07-07","1.88","3258180","3258180","8150","406","16300","203"
"2015-07-06","-2.95","12532540","12532540","8000","1534","16000","767"
"2015-07-03","0","65277775","65277775","8243","8058","16485","4029"
"2015-07-02","-0.06","2961600","2961600","8243","360","16485","180"
"2015-07-01","-0.02","2335795","2335795","8248","284","16495","142"
"2015-06-30","0","1913200","1913200","8250","232","16500","116"
"2015-06-29","3.13","1169250","1169250","8250","142","16500","71"
"2015-06-26","0","1894400","1894400","8000","230","16000","115"
"2015-06-25","0","444900","444900","8000","56","16000","28"
"2015-06-24","2.04","794000","794000","8000","100","16000","50"
"2015-06-23","-7.49","1506000","1506000","7840","190","15680","95"
"2015-06-19","-0.29","8374240","8374240","8475","1050","16950","525"
"2015-06-18","4.29","1112965","1112965","8500","134","17000","67"
"2015-06-17","-0.61","169227335","169227335","8150","20736","16300","10368"
"2015-06-16","-3.53","1942800","1942800","8200","234","16400","117"
"2015-06-15","0","1649100","1649100","8500","194","17000","97"
"2015-06-12","-1.16","3980510","3980510","8500","468","17000","234"
"2015-06-11","1.18","34400","34400","8600","4","17200","2"
"2015-06-10","-1.16","34600575","34600575","8500","4016","17000","2008"
"2015-06-09","-0.29","3984450","3984450","8600","462","17200","231"
"2015-06-08","0.29","3004900","3004900","8625","348","17250","174"
"2015-06-05","-1.15","996300","996300","8600","114","17200","57"
"2015-06-04","0.58","57097800","57097800","8700","6592","17400","3296"
"2015-06-03","0","50639700","50639700","8650","5866","17300","2933"
"2015-06-02","1.76","344800","344800","8650","40","17300","20"
"2015-06-01","-2.86","137263990","137263990","8500","15856","17000","7928"
"2015-05-29","0","280000","280000","8750","32","17500","16"
"2015-05-28","0","11287500","11287500","8750","1290","17500","645"
"2015-05-27","4.79","18495700","18495700","8750","2178","17500","1089"
"2015-05-26","0","16368100","16368100","8350","1942","16700","971"
"2015-05-22","-4.57","835000","835000","8350","100","16700","50"
"2015-05-21","4.79","1076500","1076500","8750","122","17500","61"
"2015-05-20","-1.76","2596400","2596400","8350","308","16700","154"
"2015-05-19","-3.41","2038400","2038400","8500","236","17000","118"
"2015-05-18","-1.95","1759980","1759980","8800","200","17600","100"
"2015-05-15","0","44928850","44928850","8975","5006","17950","2503"
"2015-05-13","0","467450","467450","8975","52","17950","26"
"2015-05-12","0","569550","569550","8975","66","17950","33"
"2015-05-11","0","394900","394900","8975","44","17950","22"
"2015-05-08","0.28","54182900","54182900","8975","6038","17950","3019"
"2015-05-07","-0.53","42480325","42480325","8950","4722","17900","2361"
"2015-05-06","-5.28","1565925","1565925","8998","174","17995","87"
"2015-05-05","5.56","95000","95000","9500","10","19000","5"
"2015-05-04","0","18702000","18702000","9000","2078","18000","1039"
"2015-04-30","0","1494000","1494000","9000","166","18000","83"
"2015-04-29","0.02","612000","612000","9000","68","18000","34"
"2015-04-28","-0.02","4129400","4129400","8998","458","17995","229"
"2015-04-27","0","38537900","38537900","9000","4282","18000","2141"
"2015-04-24","0.28","46850400","46850400","9000","5214","18000","2607"
"2015-04-23","0","430800","430800","8975","48","17950","24"
"2015-04-22","0","789790","789790","8975","88","17950","44"
"2015-04-21","0","90459650","90459650","8975","10054","17950","5027"
"2015-04-20","-0.28","35900000","35900000","8975","4000","17950","2000"
"2015-04-17","0","27240900","27240900","9000","3018","18000","1509"
"2015-04-16","-2.17","36565300","36565300","9000","4060","18000","2030"
"2015-04-15","3.37","680800","680800","9200","74","18400","37"
"2015-04-14","0","320400","320400","8900","36","17800","18"
"2015-04-13","-0.54","1167750","1167750","8900","130","17800","65"
"2015-04-10","-0.02","143170","143170","8948","16","17895","8"
"2015-04-09","-0.56","3760950","3760950","8950","420","17900","210"
"2015-04-08","0","2250000","2250000","9000","250","18000","125"
"2015-04-07","-1.1","29269600","29269600","9000","3248","18000","1624"
"2015-04-03","7.06","4142000","4142000","9100","458","18200","229"
"2015-04-02","-4.97","10223805","10223805","8500","1186","17000","593"
"2015-04-01","-0.61","322070","322070","8945","36","17890","18"
"2015-03-31","1.69","1044000","1044000","9000","116","18000","58"
"2015-03-30","0","1322560","1322560","8850","150","17700","75"
"2015-03-27","0","1539900","1539900","8850","174","17700","87"
"2015-03-26","0.53","3038500","3038500","8850","340","17700","170"
"2015-03-25","-2.19","19538350","19538350","8803","2170","17605","1085"
"2015-03-24","0","180000","180000","9000","20","18000","10"
"2015-03-23","-1.64","1676000","1676000","9000","186","18000","93"
"2015-03-20","1.67","6568180","6568180","9150","730","18300","365"
"2015-03-19","-1.1","3056600","3056600","9000","336","18000","168"
"2015-03-18","0","364000","364000","9100","40","18200","20"
"2015-03-17","0","6334970","6334970","9100","696","18200","348"
"2015-03-16","0","10376790","10376790","9100","1144","18200","572"
"2015-03-13","0","36400","36400","9100","4","18200","2"
"2015-03-12","1.02","10808100","10808100","9100","1196","18200","598"
"2015-03-11","0.06","5684420","5684420","9008","620","18015","310"
"2015-03-10","0.03","17361150","17361150","9003","1904","18005","952"
"2015-03-09","0","5994000","5994000","9000","666","18000","333"
"2015-03-06","0","9144000","9144000","9000","1016","18000","508"
"2015-03-05","0","2195625","2195625","9000","244","18000","122"
"2015-03-04","0","2051920","2051920","9000","228","18000","114"
"2015-03-03","0","3923950","3923950","9000","436","18000","218"
"2015-03-02","0","1331950","1331950","9000","148","18000","74"
"2015-02-27","0","3150000","3150000","9000","350","18000","175"
"2015-02-26","-2.17","12596000","12596000","9000","1394","18000","697"
"2015-02-25","2.22","804000","804000","9200","88","18400","44"
"2015-02-24","0","14873300","14873300","9000","1652","18000","826"
"2015-02-23","2.18","413700","413700","9000","46","18000","23"
"2015-02-20","0.09","158535","158535","8808","18","17615","9"
"2015-02-19","-4.35","5545300","5545300","8800","616","17600","308"
"2015-02-18","0.51","10691960","10691960","9200","1168","18400","584"
"2015-02-17","0.03","2745750","2745750","9153","300","18305","150"
"2015-02-16","-1.08","7214000","7214000","9150","788","18300","394"
"2015-02-13","0","2461750","2461750","9250","266","18500","133"
"2015-02-12","-2.63","2090500","2090500","9250","226","18500","113"
"2015-02-11","2.7","3711500","3711500","9500","398","19000","199"
"2015-02-10","-4.39","2659055","2659055","9250","286","18500","143"
"2015-02-06","7.5","2895500","2895500","9675","300","19350","150"
"2015-02-05","-5.26","5732200","5732200","9000","632","18000","316"
"2015-02-04","2.7","537500","537500","9500","58","19000","29"
"2015-02-03","-1.07","4706630","4706630","9250","504","18500","252"
"2015-02-02","0","467500","467500","9350","50","18700","25"
"2015-01-30","1.08","2413000","2413000","9350","260","18700","130"
"2015-01-29","-2.63","407070","407070","9250","44","18500","22"
"2015-01-28","2.7","12004675","12004675","9500","1260","19000","630"
"2015-01-27","-1.33","92500","92500","9250","10","18500","5"
"2015-01-26","0.81","7958000","7958000","9375","850","18750","425"
"2015-01-23","-1.59","38020500","38020500","9300","4068","18600","2034"
"2015-01-22","7.39","13969980","13969980","9450","1538","18900","769"
"2015-01-21","-5.83","1442360","1442360","8800","164","17600","82"
"2015-01-20","7.48","12508850","12508850","9345","1430","18690","715"
"2015-01-19","-7.5","11527125","11527125","8695","1320","17390","660"
"2015-01-16","7.43","23662740","23662740","9400","2542","18800","1271"
"2015-01-15","2.94","766500","766500","8750","90","17500","45"
"2015-01-14","0.89","3765250","3765250","8500","448","17000","224"
"2015-01-13","1.81","3082830","3082830","8425","366","16850","183"
"2015-01-12","-1.78","368850","368850","8275","44","16550","22"
"2015-01-09","0","317000","317000","8425","38","16850","19"
"2015-01-08","2.74","10503590","10503590","8425","1258","16850","629"
"2015-01-07","-0.61","1512000","1512000","8200","184","16400","92"
"2015-01-06","-2.37","11976825","11976825","8250","1424","16500","712"
"2015-01-05","0","642865","642865","8450","76","16900","38"
"2015-01-02","-0.29","779500","779500","8450","92","16900","46"
"2014-12-31","0","695700","695700","8475","82","16950","41"
"2014-12-30","0","169500","169500","8475","20","16950","10"
"2014-12-29","0","10535495","10535495","8475","1226","16950","613"
"2014-12-26","-0.24","1309560","1309560","8475","166","16950","83"
"2014-12-24","-0.04","271840","271840","8495","32","16990","16"
"2014-12-23","0","169950","169950","8498","20","16995","10"
"2014-12-22","-0.02","879035","879035","8498","106","16995","53"
"2014-12-19","-1.71","775325","775325","8500","90","17000","45"
"2014-12-18","0","93660015","93660015","8648","10834","17295","5417"
"2014-12-17","-0.02","547540","547540","8648","64","17295","32"
"2014-12-16","-1.14","606500","606500","8650","70","17300","35"
"2014-12-15","0.06","1941635","1941635","8750","226","17500","113"
"2014-12-12","-0.06","555760","555760","8745","64","17490","32"
"2014-12-11","2.04","16700480","16700480","8750","1962","17500","981"
"2014-12-10","-0.27","2003990","2003990","8575","242","17150","121"
"2014-12-09","1.75","1221430","1221430","8598","142","17195","71"
"2014-12-08","-0.59","7907925","7907925","8450","932","16900","466"
"2014-12-05","2.41","1454600","1454600","8500","172","17000","86"
"2014-12-04","-1.78","3406400","3406400","8300","410","16600","205"
"2014-12-03","0","912600","912600","8450","108","16900","54"
"2014-12-02","-0.59","2365990","2365990","8450","280","16900","140"
"2014-11-28","0","425000","425000","8500","50","17000","25"
"2014-11-27","0","923000","923000","8500","108","17000","54"
"2014-11-26","-1.16","1770080","1770080","8500","210","17000","105"
"2014-11-25","-1.71","68800","68800","8600","8","17200","4"
"2014-11-24","0","69950","69950","8750","8","17500","4"
"2014-11-21","-5.41","157500","157500","8750","18","17500","9"
"2014-11-17","6.69","65169250","65169250","9250","7072","18500","3536"
"2014-11-14","7.46","160859230","160859230","8670","20746","17340","10373"
"2014-11-13","0.1","1530350","1530350","8068","190","16135","95"
"2014-11-12","0","322400","322400","8060","40","16120","20"
"2014-11-11","0","553800","553800","8060","70","16120","35"
"2014-11-10","0","3254040","3254040","8060","404","16120","202"
"2014-11-07","0","741160","741160","8060","92","16120","46"
"2014-11-06","1.38","2449360","2449360","8060","304","16120","152"
"2014-11-05","-1.46","668455","668455","7950","84","15900","42"
"2014-11-04","7.5","80675","80675","8068","10","16135","5"
"2014-11-03","0.07","111138425","111138425","7505","14530","15010","7265"
"2014-10-31","0.03","120693315","120693315","7500","16094","15000","8047"
"2014-10-30","-0.69","68414950","68414950","7498","9122","14995","4561"
"2014-10-29","0.67","16560000","16560000","7550","2200","15100","1100"
"2014-10-28","-2.28","75813550","75813550","7500","10106","15000","5053"
"2014-10-27","-2.14","6988150","6988150","7675","950","15350","475"
"2014-10-23","-2","2636075","2636075","7843","330","15685","165"
"2014-10-22","-5.82","2002650","2002650","8003","244","16005","122"
"2014-10-20","-0.02","749950","749950","8498","90","16995","45"
"2014-10-17","-1.16","40250400","40250400","8500","4732","17000","2366"
"2014-10-16","0","532900","532900","8600","62","17200","31"
"2014-10-15","0","17415800","17415800","8600","2024","17200","1012"
"2014-10-14","-1.43","1311450","1311450","8600","152","17200","76"
"2014-10-13","0.58","778150","778150","8725","90","17450","45"
"2014-10-10","0.84","382050","382050","8675","44","17350","22"
"2014-10-09","-1.4","3045405","3045405","8603","352","17205","176"
"2014-10-08","0","969910","969910","8725","112","17450","56"
"2014-10-07","0.29","748300","748300","8725","86","17450","43"
"2014-10-06","-0.57","2002700","2002700","8700","230","17400","115"
"2014-10-03","0","245000","245000","8750","28","17500","14"
"2014-10-02","1.12","18690000","18690000","8750","2136","17500","1068"
"2014-10-01","-1.11","7729735","7729735","8653","884","17305","442"
"2014-09-30","1.16","70821110","70821110","8750","8096","17500","4048"
"2014-09-29","0.87","1868400","1868400","8650","216","17300","108"
"2014-09-26","-0.29","17171550","17171550","8575","2002","17150","1001"
"2014-09-25","-0.58","1515000","1515000","8600","174","17200","87"
"2014-09-24","-1.14","14120970","14120970","8650","1618","17300","809"
"2014-09-23","0","72823500","72823500","8750","8296","17500","4148"
"2014-09-22","0","179234865","179234865","8750","20486","17500","10243"
"2014-09-19","1.95","297500","297500","8750","34","17500","17"
"2014-09-18","-1.91","1561695","1561695","8583","180","17165","90"
"2014-09-17","0.02","54762500","54762500","8750","6262","17500","3131"
"2014-09-16","1.66","1580810","1580810","8748","182","17495","91"
"2014-09-15","-0.52","2949300","2949300","8605","342","17210","171"
"2014-09-12","0","709300","709300","8650","82","17300","41"
"2014-09-11","-1.7","29303500","29303500","8650","3378","17300","1689"
"2014-09-10","0.57","581855","581855","8800","66","17600","33"
"2014-09-09","-0.88","21287235","21287235","8750","2432","17500","1216"
"2014-09-08","0.03","1111380","1111380","8828","126","17655","63"
"2014-09-05","-1.94","1934250","1934250","8825","218","17650","109"
"2014-09-04","0.02","6567400","6567400","9000","730","18000","365"
"2014-09-03","-0.02","1259650","1259650","8998","140","17995","70"
"2014-09-02","0","792000","792000","9000","88","18000","44"
"2014-09-01","0","9342000","9342000","9000","1038","18000","519"
"2014-08-29","-0.03","4585750","4585750","9000","510","18000","255"
"2014-08-28","-2.67","36895510","36895510","9003","4064","18005","2032"
"2014-08-27","-0.8","12974155","12974155","9250","1398","18500","699"
"2014-08-26","-1.32","54870900","54870900","9325","5884","18650","2942"
"2014-08-25","1.61","521275","521275","9450","56","18900","28"
"2014-08-22","-1.06","8939900","8939900","9300","956","18600","478"
"2014-08-21","0","7277600","7277600","9400","774","18800","387"
"2014-08-20","0","3062700","3062700","9400","326","18800","163"
"2014-08-19","0","2907415","2907415","9400","310","18800","155"
"2014-08-18","0","16405440","16405440","9400","1750","18800","875"
"2014-08-14","-1.05","6073000","6073000","9400","646","18800","323"
"2014-08-13","2.12","2940600","2940600","9500","312","19000","156"
"2014-08-12","0.03","20398535","20398535","9303","2200","18605","1100"
"2014-08-11","-2.11","6454010","6454010","9300","694","18600","347"
"2014-08-08","1.63","335587755","335587755","9500","36200","19000","18100"
"2014-08-06","0.52","3938090","3938090","9348","422","18695","211"
"2014-08-05","-0.51","1044975","1044975","9300","112","18600","56"
"2014-08-04","-0.02","2684550","2684550","9348","288","18695","144"
"2014-08-01","-0.53","46754025","46754025","9350","5008","18700","2504"
"2014-07-31","0.53","2133600","2133600","9400","228","18800","114"
"2014-07-30","1.05","34275720","34275720","9350","3704","18700","1852"
"2014-07-29","0.03","6217680","6217680","9253","672","18505","336"
"2014-07-25","0","1048650","1048650","9250","112","18500","56"
"2014-07-23","-1.07","1517000","1517000","9250","164","18500","82"
"2014-07-22","-0.53","180719000","180719000","9350","19388","18700","9694"
"2014-07-21","2.17","431514100","431514100","9400","46386","18800","23193"
"2014-07-18","-0.54","917860","917860","9200","100","18400","50"
"2014-07-17","-1.6","101937950","101937950","9250","11020","18500","5510"
"2014-07-16","0","3816400","3816400","9400","406","18800","203"
"2014-07-15","7.39","1259600","1259600","9400","134","18800","67"
"2014-07-14","-2.74","8777040","8777040","8753","950","17505","475"
"2014-07-11","2.82","24457995","24457995","9000","2810","18000","1405"
"2014-07-10","0.03","176470490","176470490","8753","20396","17505","10198"
"2014-07-09","1.74","1807800","1807800","8750","210","17500","105"
"2014-07-08","1.18","43260500","43260500","8600","5030","17200","2515"
"2014-07-07","-0.64","4767600","4767600","8500","560","17000","280"
"2014-07-04","0.02","119770","119770","8555","14","17110","7"
"2014-07-03","-0.55","222365","222365","8553","26","17105","13"
"2014-07-02","0.53","484097705","484097705","8600","56586","17200","28293"
"2014-07-01","0.02","258361000","258361000","8555","30200","17110","15100"
"2014-06-30","0","3677955","3677955","8553","430","17105","215"
"2014-06-27","0.53","5813700","5813700","8553","680","17105","340"
"2014-06-26","-5.47","1314405","1314405","8508","154","17015","77"
"2014-06-25","5.88","954000","954000","9000","106","18000","53"
"2014-06-24","0","18784400","18784400","8500","2210","17000","1105"
"2014-06-23","-2.86","2032500","2032500","8500","238","17000","119"
"2014-06-20","0","964040","964040","8750","116","17500","58"
"2014-06-19","6.06","46452500","46452500","8750","5630","17500","2815"
"2014-06-18","0","363000","363000","8250","44","16500","22"
"2014-06-17","2.48","8632000","8632000","8250","1066","16500","533"
"2014-06-16","-2.42","1811650","1811650","8050","224","16100","112"
"2014-06-13","-2.37","1815420","1815420","8250","220","16500","110"
"2014-06-12","2.39","1166360","1166360","8450","138","16900","69"
"2014-06-11","-2.91","3486785","3486785","8253","412","16505","206"
"2014-06-10","0.59","4705790","4705790","8500","552","17000","276"
"2014-06-06","-0.56","524150","524150","8450","62","16900","31"
"2014-06-05","-0.02","730785","730785","8498","86","16995","43"
"2014-06-04","0","1972000","1972000","8500","232","17000","116"
"2014-06-03","0","974500","974500","8500","112","17000","56"
"2014-06-02","-2.86","9708800","9708800","8500","1110","17000","555"
"2014-05-30","2.94","88317000","88317000","8750","10094","17500","5047"
"2014-05-28","-2.86","527000","527000","8500","62","17000","31"
"2014-05-27","-7.41","522196660","522196660","8750","58078","17500","29039"
"2014-05-26","2.74","19927545","19927545","9450","2174","18900","1087"
"2014-05-23","-0.56","147160","147160","9198","16","18395","8"
"2014-05-22","3.32","722150","722150","9250","80","18500","40"
"2014-05-21","-3.21","13294880","13294880","8953","1482","17905","741"
"2014-05-20","0","6019000","6019000","9250","652","18500","326"
"2014-05-19","-2.12","4445815","4445815","9250","492","18500","246"
"2014-05-16","5","6140100","6140100","9450","650","18900","325"
"2014-05-15","2.86","23612915","23612915","9000","2638","18000","1319"
"2014-05-14","-4.3","320990","320990","8750","36","17500","18"
"2014-05-13","7.5","19458165","19458165","9143","2130","18285","1065"
"2014-05-12","0.06","442230","442230","8505","52","17010","26"
"2014-05-09","0","2873000","2873000","8500","338","17000","169"
"2014-05-08","-0.04","8925000","8925000","8500","1050","17000","525"
"2014-05-07","0.04","1990000","1990000","8503","224","17005","112"
"2014-05-06","0","5436400","5436400","8500","646","17000","323"
"2014-05-05","1.8","1226835","1226835","8500","148","17000","74"
"2014-05-02","1.18","11978300","11978300","8350","1478","16700","739"
"2014-04-30","-1.16","5519520","5519520","8253","658","16505","329"
"2014-04-29","1.15","584500","584500","8350","70","16700","35"
"2014-04-28","0.06","11717700","11717700","8255","1420","16510","710"
"2014-04-25","0","2821500","2821500","8250","342","16500","171"
"2014-04-24","-1.2","4373900","4373900","8250","530","16500","265"
"2014-04-23","0","991900","991900","8350","118","16700","59"
"2014-04-22","0","2528900","2528900","8350","304","16700","152"
"2014-04-18","-0.33","5707750","5707750","8350","682","16700","341"
"2014-04-17","0.34","313755","313755","8378","38","16755","19"
"2014-04-16","-3.17","1269200","1269200","8350","152","16700","76"
"2014-04-14","3.23","251590","251590","8623","30","17245","15"
"2014-04-11","-3.38","306540","306540","8353","36","16705","18"
"2014-04-10","3.53","1458960","1458960","8645","172","17290","86"
"2014-04-09","0","1002000","1002000","8350","120","16700","60"
"2014-04-08","0","1553500","1553500","8350","186","16700","93"
"2014-04-07","-1.76","4769500","4769500","8350","562","16700","281"
"2014-04-04","-5.56","623220","623220","8500","72","17000","36"
"2014-04-03","2.86","1027950","1027950","9000","116","18000","58"
"2014-04-02","-1.69","5407500","5407500","8750","618","17500","309"
"2014-04-01","-1.11","4886000","4886000","8900","544","17800","272"
"2014-03-31","-5.24","10057500","10057500","9000","1114","18000","557"
"2014-03-27","-0.02","2431960","2431960","9498","266","18995","133"
"2014-03-26","0","494000","494000","9500","52","19000","26"
"2014-03-25","5.56","1049600","1049600","9500","116","19000","58"
"2014-03-24","-5.26","690000","690000","9000","76","18000","38"
"2014-03-21","0","453000","453000","9500","48","19000","24"
"2014-03-20","0","777570","777570","9500","82","19000","41"
"2014-03-19","-1.55","8345950","8345950","9500","870","19000","435"
"2014-03-18","-1.53","3996300","3996300","9650","414","19300","207"
"2014-03-17","-1.51","26008150","26008150","9800","2664","19600","1332"
"2014-03-14","2.05","1778500","1778500","9950","180","19900","90"
"2014-03-13","1.99","409500","409500","9750","42","19500","21"
"2014-03-10","-3.43","1599480","1599480","9560","168","19120","84"
"2014-03-07","4.76","1857000","1857000","9900","190","19800","95"
"2014-03-06","0","302400","302400","9450","32","18900","16"
"2014-03-05","-3.08","14935150","14935150","9450","1570","18900","785"
"2014-03-04","3.17","390000","390000","9750","40","19500","20"
"2014-03-03","1.34","1071900","1071900","9450","114","18900","57"
"2014-02-28","0","541400","541400","9325","58","18650","29"
"2014-02-26","-0.8","208650","208650","9325","22","18650","11"
"2014-02-25","-1.05","3416500","3416500","9400","356","18800","178"
"2014-02-21","-4.04","1010400","1010400","9500","104","19000","52"
"2014-02-20","4.21","19800","19800","9900","2","19800","1"
"2014-02-19","0.53","13321550","13321550","9500","1412","19000","706"
"2014-02-18","0","9610550","9610550","9450","990","18900","495"
"2014-02-17","0.53","604800","604800","9450","64","18900","32"
"2014-02-14","0","922200","922200","9400","98","18800","49"
"2014-02-13","0","73850800","73850800","9400","7852","18800","3926"
"2014-02-12","1.62","40218200","40218200","9400","4278","18800","2139"
"2014-02-11","-1.07","5036200","5036200","9250","540","18500","270"
"2014-02-10","-1.58","3275505","3275505","9350","348","18700","174"
"2014-02-07","-0.52","819000","819000","9500","86","19000","43"
"2014-02-06","0.53","38200","38200","9550","4","19100","2"
"2014-02-05","-2.54","228000","228000","9500","24","19000","12"
"2014-02-04","1.51","1305895","1305895","9748","134","19495","67"
"2014-02-03","-3.95","1336265","1336265","9603","138","19205","69"
"2014-01-29","2.54","2374680","2374680","9998","240","19995","120"
"2014-01-28","4.28","282900","282900","9750","30","19500","15"
"2014-01-27","0","991100","991100","9350","106","18700","53"
"2014-01-24","-1.58","42568650","42568650","9350","4494","18700","2247"
"2014-01-23","0","2926000","2926000","9500","308","19000","154"
"2014-01-22","0.53","190000000","190000000","9500","20000","19000","10000"
"2014-01-21","-0.53","2327710","2327710","9450","246","18900","123"
"2014-01-20","0.02","190000","190000","9500","20","19000","10"
"2014-01-17","-0.02","190759800","190759800","9498","20080","18995","10040"
"2014-01-16","-2.56","216315015","216315015","9500","22770","19000","11385"
"2014-01-15","5.37","486105","486105","9750","52","19500","26"
"2014-01-14","0.05","315085085","315085085","9253","33170","18505","16585"
"2014-01-10","-0.02","1383795","1383795","9248","148","18495","74"
"2014-01-09","-1.96","5166990","5166990","9250","558","18500","279"
"2014-01-08","2","1148110","1148110","9435","122","18870","61"
"2014-01-07","-0.03","37000","37000","9250","4","18500","2"
"2014-01-03","-4.74","4085050","4085050","9253","420","18505","210"
"2014-01-02","-7.5","10132500","10132500","9713","1040","19425","520"
"2013-12-31","6.62","54321070","54321070","10500","5690","21000","2845"
"2013-12-27","-1.52","12160000","12160000","9848","1250","19695","625"
"2013-12-26","5.82","840000","840000","10000","84","20000","42"
"2013-12-24","0","189000","189000","9450","20","18900","10"
"2013-12-23","6.56","3595275","3595275","9450","386","18900","193"
"2013-12-20","7.36","5967220","5967220","8868","676","17735","338"
"2013-12-19","-6.67","363440","363440","8260","42","16520","21"
"2013-12-18","0","1080925","1080925","8850","122","17700","61"
"2013-12-17","-0.2","3009000","3009000","8850","340","17700","170"
"2013-12-16","7.49","20406675","20406675","8868","2334","17735","1167"
"2013-12-12","0","2326950","2326950","8250","282","16500","141"
"2013-12-11","3.13","742500","742500","8250","90","16500","45"
"2013-12-10","-3.03","4438290","4438290","8000","536","16000","268"
"2013-12-09","-2.94","6473100","6473100","8250","770","16500","385"
"2013-12-06","3.03","2186040","2186040","8500","258","17000","129"
"2013-12-05","1.23","532200","532200","8250","62","16500","31"
"2013-12-04","-1.21","1311400","1311400","8150","160","16300","80"
"2013-12-02","0","976200","976200","8250","120","16500","60"
"2013-11-29","0","1159065","1159065","8250","140","16500","70"
"2013-11-28","0","511500","511500","8250","62","16500","31"
"2013-11-27","1.85","2737490","2737490","8250","338","16500","169"
"2013-11-26","-1.82","511200","511200","8100","62","16200","31"
"2013-11-25","0.92","1325400","1325400","8250","162","16500","81"
"2013-11-22","-0.91","1321200","1321200","8175","164","16350","82"
"2013-11-21","2.48","82500","82500","8250","10","16500","5"
"2013-11-20","0.63","29555000","29555000","8050","3694","16100","1847"
"2013-11-19","-5.33","21485245","21485245","8000","2680","16000","1340"
"2013-11-18","-0.29","1605500","1605500","8450","190","16900","95"
"2013-11-14","0.3","16852475","16852475","8475","2094","16950","1047"
"2013-11-13","5.63","355450","355450","8450","42","16900","21"
"2013-11-12","0","480000","480000","8000","60","16000","30"
"2013-11-11","-5.88","48240925","48240925","8000","6030","16000","3015"
"2013-11-08","6.25","1634000","1634000","8500","198","17000","99"
"2013-11-07","-0.06","1079500","1079500","8000","134","16000","67"
"2013-11-06","0.06","4930270","4930270","8005","616","16010","308"
"2013-11-05","0","12336000","12336000","8000","1542","16000","771"
"2013-11-04","2.89","382615","382615","8000","48","16000","24"
"2013-10-31","-2.79","7249700","7249700","7775","908","15550","454"
"2013-10-30","-0.03","11455960","11455960","7998","1432","15995","716"
"2013-10-28","0","3117650","3117650","8000","386","16000","193"
"2013-10-25","0","4012410","4012410","8000","510","16000","255"
"2013-10-24","2.37","1944225","1944225","8000","246","16000","123"
"2013-10-23","0.19","2938440","2938440","7815","376","15630","188"
"2013-10-22","0.45","3669695","3669695","7800","470","15600","235"
"2013-10-21","-0.61","2828670","2828670","7765","356","15530","178"
"2013-10-18","-1.1","6345000","6345000","7813","812","15625","406"
"2013-10-17","-0.63","2767875","2767875","7900","354","15800","177"
"2013-10-16","1.92","4383700","4383700","7950","548","15900","274"
"2013-10-14","-5.45","939600","939600","7800","118","15600","59"
"2013-10-11","6.27","2217500","2217500","8250","270","16500","135"
"2013-10-10","-2.96","8423325","8423325","7763","1054","15525","527"
"2013-10-09","0","1757900","1757900","8000","220","16000","110"
"2013-10-08","0","3469330","3469330","8000","434","16000","217"
"2013-10-07","0","18883935","18883935","8000","2362","16000","1181"
"2013-10-04","0.57","4655910","4655910","8000","582","16000","291"
"2013-10-03","0.06","2952120","2952120","7955","370","15910","185"
"2013-10-02","-0.63","2087600","2087600","7950","262","15900","131"
"2013-10-01","3.23","3983915","3983915","8000","504","16000","252"
"2013-09-30","0","5799240","5799240","7750","740","15500","370"
"2013-09-27","-3.13","7538000","7538000","7750","946","15500","473"
"2013-09-26","-3.03","580000","580000","8000","72","16000","36"
"2013-09-25","0","1072500","1072500","8250","130","16500","65"
"2013-09-24","3.13","8389820","8389820","8250","1048","16500","524"
"2013-09-23","0.06","4441000","4441000","8000","562","16000","281"
"2013-09-20","-0.04","447785","447785","7995","56","15990","28"
"2013-09-19","3.2","537395","537395","7998","68","15995","34"
"2013-09-18","1.97","414270","414270","7750","52","15500","26"
"2013-09-17","-4.98","8296750","8296750","7600","1038","15200","519"
"2013-09-16","3.16","4201925","4201925","7998","530","15995","265"
"2013-09-13","0.04","5023620","5023620","7753","648","15505","324"
"2013-09-11","-0.36","4557000","4557000","7750","588","15500","294"
"2013-09-10","0.04","2426580","2426580","7778","312","15555","156"
"2013-09-06","-2.81","4276250","4276250","7775","550","15550","275"
"2013-09-05","0","1088000","1088000","8000","136","16000","68"
"2013-09-04","0","1264000","1264000","8000","158","16000","79"
"2013-09-03","0","5408000","5408000","8000","676","16000","338"
"2013-09-02","0","8480000","8480000","8000","1060","16000","530"
"2013-08-30","0","16256000","16256000","8000","2032","16000","1016"
"2013-08-29","4.58","480000","480000","8000","60","16000","30"
"2013-08-28","1.32","2937600","2937600","7650","384","15300","192"
"2013-08-27","0.63","936200","936200","7550","124","15100","62"
"2013-08-26","0.04","14089695","14089695","7503","1878","15005","939"
"2013-08-23","-1.96","17730000","17730000","7500","2364","15000","1182"
"2013-08-22","-1.29","34042500","34042500","7650","4450","15300","2225"
"2013-08-21","-6.06","1085000","1085000","7750","140","15500","70"
"2013-08-20","0","6253500","6253500","8250","758","16500","379"
"2013-08-19","0","10824000","10824000","8250","1312","16500","656"
"2013-08-16","-2.37","1765500","1765500","8250","214","16500","107"
"2013-08-14","-0.59","456300","456300","8450","54","16900","27"
"2013-08-13","1.8","2550000","2550000","8500","300","17000","150"
"2013-08-12","-1.76","968600","968600","8350","116","16700","58"
"2013-08-09","0","12478000","12478000","8500","1468","17000","734"
"2013-08-06","2.29","4284000","4284000","8500","504","17000","252"
"2013-08-05","-2.24","1612140","1612140","8310","194","16620","97"
"2013-08-02","0","1887000","1887000","8500","222","17000","111"
"2013-08-01","0","255000","255000","8500","30","17000","15"
"2013-07-31","0","7973000","7973000","8500","938","17000","469"
"2013-07-30","-0.29","4505000","4505000","8500","530","17000","265"
"2013-07-29","0","6035700","6035700","8525","708","17050","354"
"2013-07-26","0","5882250","5882250","8525","690","17050","345"
"2013-07-25","0","5456000","5456000","8525","640","17050","320"
"2013-07-24","0.29","2745050","2745050","8525","322","17050","161"
"2013-07-23","-0.29","4590000","4590000","8500","540","17000","270"
"2013-07-22","0","4160200","4160200","8525","488","17050","244"
"2013-07-19","-5.28","13196700","13196700","8525","1548","17050","774"
"2013-07-18","2.86","990000","990000","9000","110","18000","55"
"2013-07-17","2.9","140000","140000","8750","16","17500","8"
"2013-07-16","0","561165","561165","8503","66","17005","33"
"2013-07-15","0","425125","425125","8503","50","17005","25"
"2013-07-12","0.04","697205","697205","8503","82","17005","41"
"2013-07-11","3.03","1615000","1615000","8500","190","17000","95"
"2013-07-10","-0.94","33000000","33000000","8250","4000","16500","2000"
"2013-07-09","-7.47","1798740","1798740","8328","216","16655","108"
"2013-07-08","5.88","216000","216000","9000","24","18000","12"
"2013-07-05","-2.28","1275000","1275000","8500","150","17000","75"
"2013-07-04","0","1026305","1026305","8698","118","17395","59"
"2013-07-03","7.48","643615","643615","8698","74","17395","37"
"2013-07-02","-4.22","1764165","1764165","8093","218","16185","109"
"2013-07-01","-3.41","1504100","1504100","8450","178","16900","89"
"2013-06-28","3.53","6840545","6840545","8748","782","17495","391"
"2013-06-27","1.5","169000","169000","8450","20","16900","10"
"2013-06-26","-7.5","2880450","2880450","8325","346","16650","173"
"2013-06-25","-2.15","3078000","3078000","9000","342","18000","171"
"2013-06-24","-2.2","367900","367900","9198","40","18395","20"
"2013-06-21","7.49","4984650","4984650","9405","530","18810","265"
"2013-06-20","-2.78","1400000","1400000","8750","160","17500","80"
"2013-06-19","2.82","4446000","4446000","9000","494","18000","247"
"2013-06-18","0.06","910260","910260","8753","104","17505","52"
"2013-06-17","7.14","7330405","7330405","8748","838","17495","419"
"2013-06-14","-7.09","13798850","13798850","8165","1690","16330","845"
"2013-06-13","-7.49","6625775","6625775","8788","754","17575","377"
"2013-06-12","-5","11628000","11628000","9500","1224","19000","612"
"2013-06-11","-1.96","12240000","12240000","10000","1224","20000","612"
"2013-06-10","0","7956000","7956000","10200","780","20400","390"
"2013-06-07","0","3631200","3631200","10200","356","20400","178"
"2013-06-06","-0.03","11750400","11750400","10200","1152","20400","576"
"2013-06-05","7.48","4754365","4754365","10203","466","20405","233"
"2013-06-04","-7.32","3322375","3322375","9493","350","18985","175"
"2013-06-03","-0.02","7395085","7395085","10243","722","20485","361"
"2013-05-31","-0.03","7765710","7765710","10245","758","20490","379"
"2013-05-30","-0.02","8710375","8710375","10248","850","20495","425"
"2013-05-29","0","21135500","21135500","10250","2062","20500","1031"
"2013-05-28","0","7872000","7872000","10250","768","20500","384"
"2013-05-27","0","5822000","5822000","10250","568","20500","284"
"2013-05-24","0","19885000","19885000","10250","1940","20500","970"
"2013-05-23","-2.38","17876000","17876000","10250","1744","20500","872"
"2013-05-22","0","134232000","134232000","10500","12784","21000","6392"
"2013-05-21","0","20643000","20643000","10500","1966","21000","983"
"2013-05-17","2.19","8841000","8841000","10500","842","21000","421"
"2013-05-16","-2.14","3637350","3637350","10275","354","20550","177"
"2013-05-15","0","10542000","10542000","10500","1004","21000","502"
"2013-05-14","0","153951000","153951000","10500","14662","21000","7331"
"2013-05-13","2.44","3990000","3990000","10500","380","21000","190"
"2013-05-10","0","400385500","400385500","10250","39062","20500","19531"
"2013-05-08","0","695606000","695606000","10250","67864","20500","33932"
"2013-05-07","-2.38","4920000","4920000","10250","480","20500","240"
"2013-05-06","5","1323000","1323000","10500","126","21000","63"
"2013-05-03","5.26","29360000","29360000","10000","2936","20000","1468"
"2013-05-02","0","2660000","2660000","9500","280","19000","140"
"2013-04-30","0","1843000","1843000","9500","194","19000","97"
"2013-04-26","-2.56","399000","399000","9500","42","19000","21"
"2013-04-25","0","195000","195000","9750","20","19500","10"
"2013-04-23","0","17608500","17608500","9750","1806","19500","903"
"2013-04-22","0","4992000","4992000","9750","512","19500","256"
"2013-04-19","0","12870000","12870000","9750","1320","19500","660"
"2013-04-18","0","12012000","12012000","9750","1232","19500","616"
"2013-04-17","0","22425000","22425000","9750","2300","19500","1150"
"2013-04-16","0","7156500","7156500","9750","734","19500","367"
"2013-04-15","0","487500","487500","9750","50","19500","25"
"2013-04-12","0","24180000","24180000","9750","2480","19500","1240"
"2013-04-11","2.63","175500","175500","9750","18","19500","9"
"2013-04-10","-5","2223000","2223000","9500","234","19000","117"
"2013-04-09","2.53","3280000","3280000","10000","328","20000","164"
"2013-04-08","-2.47","8036060","8036060","9753","824","19505","412"
"2013-04-05","5.26","803300000","803300000","10000","80330","20000","40165"
"2013-04-03","0","760000","760000","9500","80","19000","40"
"2013-04-02","0","4256000","4256000","9500","448","19000","224"
"2013-03-29","4.97","836000","836000","9500","88","19000","44"
"2013-03-28","0.5","8651800","8651800","9050","956","18100","478"
"2013-03-27","0.06","666370","666370","9005","74","18010","37"
"2013-03-26","0","108738000","108738000","9000","12082","18000","6041"
"2013-03-25","1.49","630000","630000","9000","70","18000","35"
"2013-03-22","7.49","851280","851280","8868","96","17735","48"
"2013-03-21","1.94","1237500","1237500","8250","150","16500","75"
"2013-03-20","-7.49","404625","404625","8093","50","16185","25"
"2013-03-19","5.4","1766995","1766995","8748","202","17495","101"
"2013-03-18","-2.35","1328000","1328000","8300","160","16600","80"
"2013-03-15","0.08","1717000","1717000","8500","202","17000","101"
"2013-03-14","0.51","239998050","239998050","8493","28260","16985","14130"
"2013-03-13","-0.53","18083000","18083000","8450","2140","16900","1070"
"2013-03-12","0.02","17414750","17414750","8495","2050","16990","1025"
"2013-03-11","-0.06","20382000","20382000","8493","2400","16985","1200"
"2013-03-08","-0.02","29265390","29265390","8498","3444","16995","1722"
"2013-03-07","1.19","4675000","4675000","8500","550","17000","275"
"2013-03-06","1.47","8349600","8349600","8400","994","16800","497"
"2013-03-05","7.51","3327555","3327555","8278","402","16555","201"
"2013-03-04","-7.23","13675200","13675200","7700","1776","15400","888"
"2013-03-01","-1.17","6457400","6457400","8300","778","16600","389"
"2013-02-28","1.79","571030","571030","8398","68","16795","34"
"2013-02-27","-1.79","8019000","8019000","8250","972","16500","486"
"2013-02-26","0.6","3393600","3393600","8400","404","16800","202"
"2013-02-25","0.6","1703400","1703400","8350","204","16700","102"
"2013-02-21","0","22542800","22542800","8300","2716","16600","1358"
"2013-02-20","-2.35","680600","680600","8300","82","16600","41"
"2013-02-19","0.59","4743000","4743000","8500","558","17000","279"
"2013-02-18","2.42","32126900","32126900","8450","3802","16900","1901"
"2013-02-15","-2.37","2161500","2161500","8250","262","16500","131"
"2013-02-14","-0.59","3532100","3532100","8450","418","16900","209"
"2013-02-13","-1.16","17561000","17561000","8500","2066","17000","1033"
"2013-02-12","7.5","2769200","2769200","8600","322","17200","161"
"2013-02-11","0","1424000","1424000","8000","178","16000","89"
"2013-02-08","0.06","20208000","20208000","8000","2526","16000","1263"
"2013-02-07","6.56","6092190","6092190","7995","762","15990","381"
"2013-02-06","0.07","6137045","6137045","7503","818","15005","409"
"2013-02-05","-6.22","11021325","11021325","7498","1470","14995","735"
"2013-02-04","-3.09","42741270","42741270","7995","5346","15990","2673"
"2013-02-01","5.1","3712500","3712500","8250","450","16500","225"
"2013-01-31","1.23","13753200","13753200","7850","1752","15700","876"
"2013-01-29","2.04","10236600","10236600","7755","1320","15510","660"
"2013-01-28","0","7873600","7873600","7600","1036","15200","518"
"2013-01-25","1.33","3040000","3040000","7600","400","15200","200"
"2013-01-23","-6.29","4020000","4020000","7500","536","15000","268"
"2013-01-22","-2.99","1200375","1200375","8003","150","16005","75"
"2013-01-21","3.13","1914000","1914000","8250","232","16500","116"
"2013-01-18","-5.88","2576000","2576000","8000","322","16000","161"
"2013-01-17","6.92","6409000","6409000","8500","754","17000","377"
"2013-01-16","-0.63","2257800","2257800","7950","284","15900","142"
"2013-01-15","-5.86","16256000","16256000","8000","2032","16000","1016"
"2013-01-14","-0.02","815760","815760","8498","96","16995","48"
"2013-01-11","0","544000","544000","8500","64","17000","32"
"2013-01-10","0","340000","340000","8500","40","17000","20"
"2013-01-09","-5.56","952000","952000","8500","112","17000","56"
"2013-01-08","0","2430000","2430000","9000","270","18000","135"
"2013-01-07","1.41","10944000","10944000","9000","1216","18000","608"
"2013-01-04","-1.39","372750","372750","8875","42","17750","21"
"2013-01-03","-5.24","450000","450000","9000","50","18000","25"
"2013-01-02","6.12","227940","227940","9498","24","18995","12"
"2012-12-31","7.44","3884300","3884300","8950","434","17900","217"
"2012-12-28","7.48","13328000","13328000","8330","1600","16660","800"
"2012-12-27","6.9","29217500","29217500","7750","3770","15500","1885"
"2012-12-26","7.41","16225500","16225500","7250","2238","14500","1119"
"2012-12-24","1.31","33669000","33669000","6750","4988","13500","2494"
"2012-12-21","-7.46","5236725","5236725","6663","786","13325","393"
"2012-12-20","7.38","23313600","23313600","7200","3238","14400","1619"
"2012-12-19","-7.49","28013490","28013490","6705","4178","13410","2089"
"2012-12-18","-0.03","724750","724750","7248","100","14495","50"
"2012-12-17","-3.33","3625000","3625000","7250","500","14500","250"
"2012-12-13","0","2565000","2565000","7500","342","15000","171"
"2012-12-12","0","3855000","3855000","7500","514","15000","257"
"2012-12-11","0","6780000","6780000","7500","904","15000","452"
"2012-12-10","2.63","2040000","2040000","7500","272","15000","136"
"2012-12-07","-7.47","789210","789210","7308","108","14615","54"
"2012-12-06","0","726570","726570","7898","92","15795","46"
"2012-12-05","1.32","742365","742365","7898","94","15795","47"
"2012-12-04","-1.95","1060120","1060120","7795","136","15590","68"
"2012-12-03","0","1224300","1224300","7950","154","15900","77"
"2012-11-29","-0.5","747300","747300","7950","94","15900","47"
"2012-11-28","-0.04","1422220","1422220","7990","178","15980","89"
"2012-11-27","-0.09","3916325","3916325","7993","490","15985","245"
"2012-11-26","0.88","20992000","20992000","8000","2624","16000","1312"
"2012-11-23","2.32","30308460","30308460","7930","3822","15860","1911"
"2012-11-22","-3.13","78647000","78647000","7750","10148","15500","5074"
"2012-11-21","-3.03","56656000","56656000","8000","7082","16000","3541"
"2012-11-20","0","12160500","12160500","8250","1474","16500","737"
"2012-11-19","-5.71","445500","445500","8250","54","16500","27"
"2012-11-16","-2.78","3692500","3692500","8750","422","17500","211"
"2012-11-14","0","6696000","6696000","9000","744","18000","372"
"2012-11-13","2.86","66546000","66546000","9000","7394","18000","3697"
"2012-11-12","-2.78","2292500","2292500","8750","262","17500","131"
"2012-11-09","0","684000","684000","9000","76","18000","38"
"2012-11-08","0","2340000","2340000","9000","260","18000","130"
"2012-11-07","1.12","630000","630000","9000","70","18000","35"
"2012-11-06","4.71","5571400","5571400","8900","626","17800","313"
"2012-11-05","3.03","1564000","1564000","8500","184","17000","92"
"2012-11-02","1.23","6138000","6138000","8250","744","16500","372"
"2012-10-31","0","6422200","6422200","8150","788","16300","394"
"2012-10-30","1.88","3097000","3097000","8150","380","16300","190"
"2012-10-29","0","9440000","9440000","8000","1180","16000","590"
"2012-10-25","2.63","6864000","6864000","8000","858","16000","429"
"2012-10-24","1.23","9088970","9088970","7795","1166","15590","583"
"2012-10-23","-7.49","50281000","50281000","7700","6530","15400","3265"
"2012-10-22","-7.47","199740","199740","8323","24","16645","12"
"2012-10-19","0","2572570","2572570","8995","286","17990","143"
"2012-10-18","-0.03","575680","575680","8995","64","17990","32"
"2012-10-17","0","5074590","5074590","8998","564","17995","282"
"2012-10-16","-0.02","341905","341905","8998","38","17995","19"
"2012-10-15","0","2466000","2466000","9000","274","18000","137"
"2012-10-12","0","40572000","40572000","9000","4508","18000","2254"
"2012-10-11","0.3","92700000","92700000","9000","10300","18000","5150"
"2012-10-10","-0.3","90694030","90694030","8973","10108","17945","5054"
"2012-10-09","-0.22","10620000","10620000","9000","1180","18000","590"
"2012-10-08","-7.49","3914680","3914680","9020","434","18040","217"
"2012-10-05","0","7624500","7624500","9750","782","19500","391"
"2012-10-04","-2.48","4836000","4836000","9750","496","19500","248"
"2012-10-03","0","579855","579855","9998","58","19995","29"
"2012-10-02","0","2299425","2299425","9998","230","19995","115"
"2012-10-01","2.54","2199450","2199450","9998","220","19995","110"
"2012-09-28","-2.48","2652000","2652000","9750","272","19500","136"
"2012-09-27","0","4458885","4458885","9998","446","19995","223"
"2012-09-25","-0.02","839790","839790","9998","84","19995","42"
"2012-09-24","0.57","13440000","13440000","10000","1344","20000","672"
"2012-09-21","7.49","9783420","9783420","9943","984","19885","492"
"2012-09-20","-7.5","4995000","4995000","9250","540","18500","270"
"2012-09-19","0","2980000","2980000","10000","298","20000","149"
"2012-09-18","0","10060000","10060000","10000","1006","20000","503"
"2012-09-17","-0.74","171200000","171200000","10000","17120","20000","8560"
"2012-09-14","0","2740400","2740400","10075","272","20150","136"
"2012-09-13","-1.71","20472400","20472400","10075","2032","20150","1016"
"2012-09-12","-1.2","13325000","13325000","10250","1300","20500","650"
"2012-09-11","0","1452500","1452500","10375","140","20750","70"
"2012-09-10","1.22","12616000","12616000","10375","1216","20750","608"
"2012-09-07","2.45","9840000","9840000","10250","960","20500","480"
"2012-09-06","0.05","600300","600300","10005","60","20010","30"
"2012-09-05","-4.76","1860000","1860000","10000","186","20000","93"
"2012-09-04","0.05","10752000","10752000","10500","1024","21000","512"
"2012-09-03","-0.05","713660","713660","10495","68","20990","34"
"2012-08-31","0","9492000","9492000","10500","904","21000","452"
"2012-08-30","0.05","12096000","12096000","10500","1152","21000","576"
"2012-08-29","-0.05","4659780","4659780","10495","444","20990","222"
"2012-08-28","0","3087000","3087000","10500","294","21000","147"
"2012-08-27","0","6195000","6195000","10500","590","21000","295"
"2012-08-24","0","15960000","15960000","10500","1520","21000","760"
"2012-08-23","0","8862000","8862000","10500","844","21000","422"
"2012-08-22","0","6678000","6678000","10500","636","21000","318"
"2012-08-21","0","17682000","17682000","10500","1684","21000","842"
"2012-08-17","0","5775000","5775000","10500","550","21000","275"
"2012-08-16","0","11802000","11802000","10500","1124","21000","562"
"2012-08-14","0","12768000","12768000","10500","1216","21000","608"
"2012-08-13","0","12726000","12726000","10500","1212","21000","606"
"2012-08-10","0","23100000","23100000","10500","2200","21000","1100"
"2012-08-09","4.97","21315000","21315000","10500","2030","21000","1015"
"2012-08-08","0","2360590","2360590","10003","236","20005","118"
"2012-08-03","-2.77","5261315","5261315","10003","526","20005","263"
"2012-08-02","2.88","21233400","21233400","10288","2064","20575","1032"
"2012-07-31","1.65","17320000","17320000","10000","1732","20000","866"
"2012-07-30","0.23","6984625","6984625","9838","710","19675","355"
"2012-07-27","0.1","4181190","4181190","9815","426","19630","213"
"2012-07-26","0.05","3117990","3117990","9805","318","19610","159"
"2012-07-25","-2","2450000","2450000","9800","250","19600","125"
"2012-07-24","2.01","1520000","1520000","10000","152","20000","76"
"2012-07-23","0.03","4665990","4665990","9803","476","19605","238"
"2012-07-20","-2","4880400","4880400","9800","498","19600","249"
"2012-07-19","2.04","19360000","19360000","10000","1936","20000","968"
"2012-07-18","0.48","1234800","1234800","9800","126","19600","63"
"2012-07-17","0.03","2652680","2652680","9753","272","19505","136"
"2012-07-16","0","4290000","4290000","9750","440","19500","220"
"2012-07-13","0","3880500","3880500","9750","398","19500","199"
"2012-07-12","0","7527000","7527000","9750","772","19500","386"
"2012-07-11","-2.5","15931500","15931500","9750","1634","19500","817"
"2012-07-10","0","17060000","17060000","10000","1706","20000","853"
"2012-07-09","-0.5","7000000","7000000","10000","700","20000","350"
"2012-07-06","-4.29","2090400","2090400","10050","208","20100","104"
"2012-07-05","-0.03","9093000","9093000","10500","866","21000","433"
"2012-07-04","-4.52","26277255","26277255","10503","2502","21005","1251"
"2012-07-03","0","23584000","23584000","11000","2144","22000","1072"
"2012-07-02","-2.9","21208000","21208000","11000","1928","22000","964"
"2012-06-29","0.69","60579470","60579470","11328","5348","22655","2674"
"2012-06-28","1.76","53437500","53437500","11250","4750","22500","2375"
"2012-06-27","0.27","61709010","61709010","11055","5582","22110","2791"
"2012-06-26","0.68","106699950","106699950","11025","9678","22050","4839"
"2012-06-25","4.29","35237100","35237100","10950","3218","21900","1609"
"2012-06-22","-4.55","21840000","21840000","10500","2080","21000","1040"
"2012-06-21","4.76","24662000","24662000","11000","2242","22000","1121"
"2012-06-20","4.74","12453000","12453000","10500","1186","21000","593"
"2012-06-19","0.15","7819500","7819500","10025","780","20050","390"
"2012-06-18","5.37","23743720","23743720","10010","2372","20020","1186"
"2012-06-15","0","6669000","6669000","9500","702","19000","351"
"2012-06-14","5.56","6213000","6213000","9500","654","19000","327"
"2012-06-13","2.56","666000","666000","9000","74","18000","37"
"2012-06-12","0","6195150","6195150","8775","706","17550","353"
"2012-06-11","0.29","2860650","2860650","8775","326","17550","163"
"2012-06-08","0","12740000","12740000","8750","1456","17500","728"
"2012-06-07","0","2030000","2030000","8750","232","17500","116"
"2012-06-06","0","12075000","12075000","8750","1380","17500","690"
"2012-06-05","-5.66","5442500","5442500","8750","622","17500","311"
"2012-06-04","0","3747100","3747100","9275","404","18550","202"
"2012-06-01","0","3672900","3672900","9275","396","18550","198"
"2012-05-31","0.05","10017000","10017000","9275","1080","18550","540"
"2012-05-30","2.66","3114720","3114720","9270","336","18540","168"
"2012-05-29","0.33","11468100","11468100","9030","1270","18060","635"
"2012-05-25","0","8442000","8442000","9000","938","18000","469"
"2012-05-24","-5.26","2322000","2322000","9000","258","18000","129"
"2012-05-23","-2.56","456000","456000","9500","48","19000","24"
"2012-05-22","0","6123000","6123000","9750","628","19500","314"
"2012-05-21","0","7644000","7644000","9750","784","19500","392"
"2012-05-18","0","10471500","10471500","9750","1074","19500","537"
"2012-05-16","0","9360000","9360000","9750","960","19500","480"
"2012-05-15","2.58","15015000","15015000","9750","1540","19500","770"
"2012-05-14","0.07","3117640","3117640","9505","328","19010","164"
"2012-05-11","-1.58","5717495","5717495","9498","602","18995","301"
"2012-05-10","0","6156700","6156700","9650","638","19300","319"
"2012-05-09","-3.43","5616300","5616300","9650","582","19300","291"
"2012-05-08","-0.02","14189350","14189350","9993","1420","19985","710"
"2012-05-07","0","2658670","2658670","9995","266","19990","133"
"2012-05-04","-0.05","7476260","7476260","9995","748","19990","374"
"2012-05-03","0","1200000","1200000","10000","120","20000","60"
"2012-05-02","-2.42","2080000","2080000","10000","208","20000","104"
"2012-04-30","-2.4","553365","553365","10248","54","20495","27"
"2012-04-27","0","72009000","72009000","10500","6858","21000","3429"
"2012-04-26","0","10206000","10206000","10500","972","21000","486"
"2012-04-25","0","31164000","31164000","10500","2968","21000","1484"
"2012-04-24","2.44","59850000","59850000","10500","5700","21000","2850"
"2012-04-23","0","3874500","3874500","10250","378","20500","189"
"2012-04-20","-2.38","28515500","28515500","10250","2782","20500","1391"
"2012-04-19","0","3297000","3297000","10500","314","21000","157"
"2012-04-18","0","35469000","35469000","10500","3378","21000","1689"
"2012-04-17","0.02","91749000","91749000","10500","8738","21000","4369"
"2012-04-16","-0.02","1742585","1742585","10498","166","20995","83"
"2012-04-13","2.44","17556000","17556000","10500","1672","21000","836"
"2012-04-12","-2.36","2214000","2214000","10250","216","20500","108"
"2012-04-11","4.98","3107260","3107260","10498","296","20995","148"
"2012-04-10","2.53","2240000","2240000","10000","224","20000","112"
"2012-04-06","2.66","975250","975250","9753","100","19505","50"
"2012-04-05","0","6441000","6441000","9500","678","19000","339"
"2012-04-04","2.15","5510000","5510000","9500","580","19000","290"
"2012-04-03","0","5468400","5468400","9300","588","18600","294"
"2012-04-02","0","4426800","4426800","9300","476","18600","238"
"2012-03-30","-7","1748400","1748400","9300","188","18600","94"
"2012-03-29","-4.76","4740000","4740000","10000","474","20000","237"
"2012-03-28","0","4725000","4725000","10500","450","21000","225"
"2012-03-27","0","5796000","5796000","10500","552","21000","276"
"2012-03-26","0","15498000","15498000","10500","1476","21000","738"
"2012-03-23","0","21504000","21504000","10500","2048","21000","1024"
"2012-03-22","0","22722000","22722000","10500","2164","21000","1082"
"2012-03-21","0","11382000","11382000","10500","1084","21000","542"
"2012-03-20","0.05","14952000","14952000","10500","1424","21000","712"
"2012-03-19","-0.05","17106850","17106850","10495","1630","20990","815"
"2012-03-16","0.02","10899000","10899000","10500","1038","21000","519"
"2012-03-15","-0.02","16712020","16712020","10498","1592","20995","796"
"2012-03-14","0","25011000","25011000","10500","2382","21000","1191"
"2012-03-13","0","13209000","13209000","10500","1258","21000","629"
"2012-03-12","0","8421000","8421000","10500","802","21000","401"
"2012-03-09","0","16191000","16191000","10500","1542","21000","771"
"2012-03-08","2.44","10416000","10416000","10500","992","21000","496"
"2012-03-07","0","82266500","82266500","10250","8026","20500","4013"
"2012-03-06","-2.41","26937000","26937000","10250","2628","20500","1314"
"2012-03-05","2.47","7792855","7792855","10503","742","21005","371"
"2012-03-02","2.5","116317000","116317000","10250","11348","20500","5674"
"2012-03-01","0","131920000","131920000","10000","13192","20000","6596"
"2012-02-29","0","131960000","131960000","10000","13196","20000","6598"
"2012-02-28","2.56","77420000","77420000","10000","7742","20000","3871"
"2012-02-27","0.78","72384000","72384000","9750","7424","19500","3712"
"2012-02-24","7.5","26722350","26722350","9675","2762","19350","1381"
"2012-02-23","0","21060000","21060000","9000","2340","18000","1170"
"2012-02-22","-0.28","110160000","110160000","9000","12240","18000","6120"
"2012-02-21","0.28","59330350","59330350","9025","6574","18050","3287"
"2012-02-20","2.86","35082000","35082000","9000","3898","18000","1949"
"2012-02-17","0","927500","927500","8750","106","17500","53"
"2012-02-16","-2.18","1977500","1977500","8750","226","17500","113"
"2012-02-15","0","11270700","11270700","8945","1260","17890","630"
"2012-02-14","0","12415660","12415660","8945","1388","17890","694"
"2012-02-10","-0.61","13238600","13238600","8945","1480","17890","740"
"2012-02-09","-0.91","106056000","106056000","9000","11784","18000","5892"
"2012-02-08","0","189551775","189551775","9083","20870","18165","10435"
"2012-02-07","7.49","5994450","5994450","9083","660","18165","330"
"2012-02-06","0.02","3396900","3396900","8450","402","16900","201"
"2012-02-03","0","6758000","6758000","8448","800","16895","400"
"2012-02-02","0.04","2449775","2449775","8448","290","16895","145"
"2012-02-01","0","11755440","11755440","8445","1392","16890","696"
"2012-01-31","0","20892930","20892930","8445","2474","16890","1237"
"2012-01-30","0","8647680","8647680","8445","1024","16890","512"
"2012-01-27","4.87","12177690","12177690","8445","1442","16890","721"
"2012-01-26","0.62","1433345","1433345","8053","178","16105","89"
"2012-01-25","0","176055","176055","8003","22","16005","11"
"2012-01-24","1.95","1520475","1520475","8003","190","16005","95"
"2012-01-23","0.64","2464900","2464900","7850","314","15700","157"
"2012-01-20","3.89","811200","811200","7800","104","15600","52"
"2012-01-19","0.04","3828825","3828825","7508","510","15015","255"
"2012-01-18","0.03","300200","300200","7505","40","15010","20"
"2012-01-17","0.04","16850615","16850615","7503","2246","15005","1123"
"2012-01-16","0","11715000","11715000","7500","1562","15000","781"
"2012-01-13","0","3090000","3090000","7500","412","15000","206"
"2012-01-12","0","600000","600000","7500","80","15000","40"
"2012-01-11","0","21720000","21720000","7500","2896","15000","1448"
"2012-01-10","-6.25","15300000","15300000","7500","2040","15000","1020"
"2012-01-09","0","2736000","2736000","8000","342","16000","171"
"2012-01-06","-5.27","4432000","4432000","8000","554","16000","277"
"2012-01-05","5.56","472920","472920","8445","56","16890","28"
"2012-01-04","-5.88","800000","800000","8000","100","16000","50"
"2012-01-03","6.25","1190000","1190000","8500","140","17000","70"
"2012-01-02","3.23","768000","768000","8000","96","16000","48"
"2011-12-30","3.33","6990500","6990500","7750","902","15500","451"
"2011-12-29","3.45","3045000","3045000","7500","406","15000","203"
"2011-12-28","-3.33","12934000","12934000","7250","1784","14500","892"
"2011-12-27","0","525000","525000","7500","70","15000","35"
"2011-12-23","0","8655000","8655000","7500","1154","15000","577"
"2011-12-22","0","12930000","12930000","7500","1724","15000","862"
"2011-12-21","0","5250000","5250000","7500","700","15000","350"
"2011-12-20","-6.25","14310000","14310000","7500","1908","15000","954"
"2011-12-19","0","6080000","6080000","8000","760","16000","380"
"2011-12-15","0","11536000","11536000","8000","1442","16000","721"
"2011-12-14","0","1760000","1760000","8000","220","16000","110"
"2011-12-13","0","36176000","36176000","8000","4522","16000","2261"
"2011-12-12","3.23","640000","640000","8000","80","16000","40"
"2011-12-09","0","1224500","1224500","7750","158","15500","79"
"2011-12-08","2.65","3534000","3534000","7750","456","15500","228"
"2011-12-07","4.14","966400","966400","7550","128","15100","64"
"2011-12-06","7.41","290000","290000","7250","40","14500","20"
"2011-12-05","7.14","6858000","6858000","6750","1016","13500","508"
"2011-12-02","-3.12","10999800","10999800","6300","1746","12600","873"
"2011-12-01","-4.41","13005000","13005000","6503","2000","13005","1000"
"2011-11-30","0.41","14149200","14149200","6803","2080","13605","1040"
"2011-11-29","0.37","46815250","46815250","6775","6910","13550","3455"
"2011-11-28","-4.59","15336000","15336000","6750","2272","13500","1136"
"2011-11-25","1.07","35799500","35799500","7075","5060","14150","2530"
"2011-11-24","-6.67","14112000","14112000","7000","2016","14000","1008"
"2011-11-23","-6.25","20895000","20895000","7500","2786","15000","1393"
"2011-11-22","0","29776000","29776000","8000","3722","16000","1861"
"2011-11-21","-3.03","24096000","24096000","8000","3012","16000","1506"
"2011-11-18","0","17011500","17011500","8250","2062","16500","1031"
"2011-11-17","0","25327500","25327500","8250","3070","16500","1535"
"2011-11-16","-5.71","16731000","16731000","8250","2028","16500","1014"
"2011-11-14","6.06","8102500","8102500","8750","926","17500","463"
"2011-11-11","-2.37","13018500","13018500","8250","1578","16500","789"
"2011-11-10","6.76","15210000","15210000","8450","1800","16900","900"
"2011-11-09","-7.48","6379490","6379490","7915","806","15830","403"
"2011-11-08","-7.49","11549250","11549250","8555","1350","17110","675"
"2011-11-04","2.78","9247500","9247500","9248","1000","18495","500"
"2011-11-03","-0.02","20928185","20928185","8998","2326","17995","1163"
"2011-11-02","-6.25","1620000","1620000","9000","180","18000","90"
"2011-10-31","-4","27052800","27052800","9600","2818","19200","1409"
"2011-10-28","0","215440000","215440000","10000","21544","20000","10772"
"2011-10-27","5.26","26860000","26860000","10000","2686","20000","1343"
"2011-10-26","1.06","26543000","26543000","9500","2794","19000","1397"
"2011-10-25","1.02","407734400","407734400","9400","43376","18800","21688"
"2011-10-24","0","21587600","21587600","9305","2320","18610","1160"
"2011-10-21","0","28473300","28473300","9305","3060","18610","1530"
"2011-10-20","3.3","36289500","36289500","9305","3900","18610","1950"
"2011-10-19","0.03","32931420","32931420","9008","3656","18015","1828"
"2011-10-18","0.08","40252350","40252350","9005","4470","18010","2235"
"2011-10-17","0.26","13838155","13838155","8998","1538","17995","769"
"2011-10-14","-0.37","25883900","25883900","8975","2884","17950","1442"
"2011-10-13","7.49","11439525","11439525","9008","1270","18015","635"
"2011-10-12","24.15","48872160","48872160","8380","5832","16760","2916"
"2011-10-07","-0.04","52069500","52069500","6750","7714","13500","3857"
"2011-10-06","0","405150","405150","6753","60","13505","30"
"2011-10-05","5.52","6050240","6050240","6753","896","13505","448"
"2011-10-04","-5.19","12992000","12992000","6400","2030","12800","1015"
"2011-10-03","0.37","74061000","74061000","6750","10972","13500","5486"
"2011-09-30","0","80834500","80834500","6725","12020","13450","6010"
"2011-09-29","1.89","15682700","15682700","6725","2332","13450","1166"
"2011-09-28","0.76","20460000","20460000","6600","3100","13200","1550"
"2011-09-27","0.77","37767300","37767300","6550","5766","13100","2883"
"2011-09-26","0","13455000","13455000","6500","2070","13000","1035"
"2011-09-23","-0.15","29263000","29263000","6500","4502","13000","2251"
"2011-09-22","0.11","13020000","13020000","6510","2000","13020","1000"
"2011-09-21","4.05","13005000","13005000","6503","2000","13005","1000"
"2011-09-20","-3.85","13750000","13750000","6250","2200","12500","1100"
"2011-09-19","0","13611000","13611000","6500","2094","13000","1047"
"2011-09-16","0","26156000","26156000","6500","4024","13000","2012"
"2011-09-15","7.44","13000000","13000000","6500","2000","13000","1000"
"2011-09-14","-6.92","12366200","12366200","6050","2044","12100","1022"
"2011-09-13","0","14742000","14742000","6500","2268","13000","1134"
"2011-09-12","5.69","117000","117000","6500","18","13000","9"
"2011-09-09","0.82","14760000","14760000","6150","2400","12300","1200"
"2011-09-08","0.83","12200000","12200000","6100","2000","12200","1000"
"2011-09-07","0.7","13310000","13310000","6050","2200","12100","1100"
"2011-09-06","0.17","12387465","12387465","6008","2062","12015","1031"
"2011-09-05","-0.03","4786005","4786005","5998","798","11995","399"
"2011-09-02","0","36060000","36060000","6000","6010","12000","3005"
"2011-09-01","0","13476000","13476000","6000","2246","12000","1123"
"2011-08-31","0","12384000","12384000","6000","2064","12000","1032"
"2011-08-29","-4","24636000","24636000","6000","4106","12000","2053"
"2011-08-26","-3.4","57025000","57025000","6250","9124","12500","4562"
"2011-08-25","-0.05","17663100","17663100","6470","2730","12940","1365"
"2011-08-24","-0.42","919095","919095","6473","142","12945","71"
"2011-08-23","0","90389000","90389000","6500","13906","13000","6953"
"2011-08-22","-3.7","13000000","13000000","6500","2000","13000","1000"
"2011-08-19","3.85","17752500","17752500","6750","2630","13500","1315"
"2011-08-18","-3.7","3211000","3211000","6500","494","13000","247"
"2011-08-17","-2.17","71941500","71941500","6750","10658","13500","5329"
"2011-08-16","-1.43","138000","138000","6900","20","13800","10"
"2011-08-12","0","6314000","6314000","7000","902","14000","451"
"2011-08-11","5.26","4214000","4214000","7000","602","14000","301"
"2011-08-10","-1.48","10054800","10054800","6650","1512","13300","756"
"2011-08-09","2.04","51543000","51543000","6750","7636","13500","3818"
"2011-08-05","-7.48","24184440","24184440","6615","3656","13230","1828"
"2011-08-04","-1.38","20892300","20892300","7150","2922","14300","1461"
"2011-08-03","0.9","14152000","14152000","7250","1952","14500","976"
"2011-08-02","7.48","1638180","1638180","7185","228","14370","114"
"2011-08-01","7.48","1898540","1898540","6685","284","13370","142"
"2011-07-29","24.15","13373000","13373000","6220","2150","12440","1075"
"2011-07-26","0.2","150300","150300","5010","30","10020","15"
"2011-07-25","0","330000","330000","5000","66","10000","33"
"2011-07-22","2.56","310000","310000","5000","62","10000","31"
"2011-07-21","0","4875000","4875000","4875","1000","9750","500"
"2011-07-20","3.17","2369250","2369250","4875","486","9750","243"
"2011-07-19","1.61","5424300","5424300","4725","1148","9450","574"
"2011-07-18","3.33","9327900","9327900","4650","2006","9300","1003"
"2011-07-14","0.04","12069000","12069000","4500","2682","9000","1341"
"2011-07-13","-0.04","6206550","6206550","4498","1380","8995","690"
"2011-07-12","0","13599000","13599000","4500","3022","9000","1511"
"2011-07-11","1.28","9468000","9468000","4500","2104","9000","1052"
"2011-07-08","-1.27","5553125","5553125","4443","1250","8885","625"
"2011-07-05","1.17","630000","630000","4500","140","9000","70"
"2011-07-04","-1.16","3709215","3709215","4448","834","8895","417"
"2011-06-30","0.04","9612000","9612000","4500","2136","9000","1068"
"2011-06-29","-0.11","12682950","12682950","4498","2820","8995","1410"
"2011-06-28","0.07","909505","909505","4503","202","9005","101"
"2011-06-27","0","1620000","1620000","4500","360","9000","180"
"2011-06-24","-4.36","450000","450000","4500","100","9000","50"
"2011-06-23","-0.06","3735770","3735770","4705","794","9410","397"
"2011-06-21","-14.4","517825","517825","4708","110","9415","55"
"2011-06-17","0","5929000","5929000","5500","1078","11000","539"
"2011-06-16","0","1265000","1265000","5500","230","11000","115"
"2011-06-15","-1.75","66011000","66011000","5500","12002","11000","6001"
"2011-06-14","-0.04","4578755","4578755","5598","818","11195","409"
"2011-06-10","-0.09","2900800","2900800","5600","518","11200","259"
"2011-06-09","-0.76","448400","448400","5605","80","11210","40"
"2011-06-08","-0.04","3388500","3388500","5648","600","11295","300"
"2011-06-07","0.09","226000","226000","5650","40","11300","20"
"2011-06-06","0","5024050","5024050","5645","890","11290","445"
"2011-06-01","0","6107890","6107890","5645","1082","11290","541"
"2011-05-31","-0.96","18978490","18978490","5645","3362","11290","1681"
"2011-05-30","0","7717800","7717800","5700","1354","11400","677"
"2011-05-27","0","114000","114000","5700","20","11400","10"
"2011-05-26","-0.84","115151400","115151400","5700","20202","11400","10101"
"2011-05-24","-0.03","24898170","24898170","5748","4332","11495","2166"
"2011-05-23","0","1345500","1345500","5750","234","11500","117"
"2011-05-19","-4.13","92115000","92115000","5750","16020","11500","8010"
"2011-05-17","4.31","22982420","22982420","5998","3832","11995","1916"
"2011-05-16","0","34672500","34672500","5750","6030","11500","3015"
"2011-05-13","-4.17","102683500","102683500","5750","17858","11500","8929"
"2011-05-12","0","36000","36000","6000","6","12000","3"
"2011-05-11","-4","660000","660000","6000","110","12000","55"
"2011-05-09","0","212500","212500","6250","34","12500","17"
"2011-05-06","-3.85","187500","187500","6250","30","12500","15"
"2011-05-03","6.12","260000","260000","6500","40","13000","20"
"2011-02-11","-5.67","149180500","149180500","6125","24356","12250","12178"
"2011-02-10","-0.08","1467305","1467305","6493","226","12985","113"
"2011-02-08","-2.94","363860","363860","6498","56","12995","28"
"2011-02-07","-0.79","1339000","1339000","6695","200","13390","100"
"2011-02-04","-0.03","1349500","1349500","6748","200","13495","100"
"2011-02-03","0.03","1350000","1350000","6750","200","13500","100"
"2011-02-02","-2.91","1565420","1565420","6748","232","13495","116"
"2011-02-01","-0.71","1445600","1445600","6950","208","13900","104"
"2011-01-31","0.03","4900000","4900000","7000","700","14000","350"
"2011-01-28","-5.43","1399500","1399500","6998","200","13995","100"
"2011-01-27","0","1554000","1554000","7400","210","14800","105"
"2011-01-26","-0.94","888000","888000","7400","120","14800","60"
"2011-01-24","-0.04","3167280","3167280","7470","424","14940","212"
"2011-01-21","-0.29","4573170","4573170","7473","612","14945","306"
"2011-01-20","0.33","12741500","12741500","7495","1700","14990","850"
"2011-01-19","7.48","866520","866520","7470","116","14940","58"
"2011-01-18","6.11","931300","931300","6950","134","13900","67"
"2011-01-14","0.69","615700","615700","6550","94","13100","47"
"2011-01-13","0.08","117090","117090","6505","18","13010","9"
"2011-01-12","-0.05","4251000","4251000","6500","654","13000","327"
"2011-01-11","0.05","14357520","14357520","6503","2208","13005","1104"
"2011-01-10","-7.14","572000","572000","6500","88","13000","44"
"2011-01-07","-0.71","8736000","8736000","7000","1248","14000","624"
"2011-01-06","0.71","352500","352500","7050","50","14100","25"
"2011-01-05","0","280000","280000","7000","40","14000","20"
"2011-01-04","0.17","2100000","2100000","7000","300","14000","150"
"2011-01-03","0","279500","279500","6988","40","13975","20"
"2010-12-31","7.51","2795000","2795000","6988","400","13975","200"
"2010-12-30","-7.14","377000","377000","6500","58","13000","29"
"2010-12-29","-3.45","2436000","2436000","7000","348","14000","174"
"2010-12-28","-3.33","14978500","14978500","7250","2066","14500","1033"
"2010-12-23","0","3870000","3870000","7500","516","15000","258"
"2010-12-22","7.14","10050000","10050000","7500","1340","15000","670"
"2010-12-21","0","2240000","2240000","7000","320","14000","160"
"2010-12-16","0","560000","560000","7000","80","14000","40"
"2010-12-14","4.35","420000","420000","7000","60","14000","30"
"2010-12-13","-7.48","402450","402450","6708","60","13415","30"
"2010-12-10","7.41","66700000","66700000","7250","9200","14500","4600"
"2010-12-09","0","3321000","3321000","6750","492","13500","246"
"2010-12-08","-3.57","742500","742500","6750","110","13500","55"
"2010-12-07","0","182000","182000","7000","26","14000","13"
"2010-12-06","0","168000","168000","7000","24","14000","12"
"2010-12-02","0","700000","700000","7000","100","14000","50"
"2010-12-01","0","560000","560000","7000","80","14000","40"
"2010-11-30","-0.71","980000","980000","7000","140","14000","70"
"2010-11-29","1.18","1466400","1466400","7050","208","14100","104"
"2010-11-25","-0.53","362310","362310","6968","52","13935","26"
"2010-11-23","-6.91","1022730","1022730","7005","146","14010","73"
"2010-11-22","7.5","978250","978250","7525","130","15050","65"
"2010-11-19","-6.67","2842000","2842000","7000","406","14000","203"
"2010-11-18","3.45","35340000","35340000","7500","4712","15000","2356"
"2010-11-17","-3.31","217500","217500","7250","30","14500","15"
"2010-11-12","-3.25","1589470","1589470","7498","212","14995","106"
"2010-11-10","0","14973000","14973000","7750","1932","15500","966"
"2010-11-09","-0.04","6432500","6432500","7750","830","15500","415"
"2010-11-08","0.04","3256050","3256050","7753","420","15505","210"
"2010-11-05","0","13593500","13593500","7750","1754","15500","877"
"2010-11-04","6.9","3131000","3131000","7750","404","15500","202"
"2010-11-03","3.57","1725500","1725500","7250","238","14500","119"
"2010-11-02","5.26","2114000","2114000","7000","302","14000","151"
"2010-10-29","6.35","6862800","6862800","6650","1032","13300","516"
"2010-10-28","0.05","1363045","1363045","6253","218","12505","109"
"2010-10-27","0","12500","12500","6250","2","12500","1"
"2010-10-26","4.17","2850000","2850000","6250","456","12500","228"
"2010-10-25","-0.17","4224000","4224000","6000","704","12000","352"
"2010-10-22","0.03","1141900","1141900","6010","190","12020","95"
"2010-10-21","0.08","1561950","1561950","6008","260","12015","130"
"2010-10-20","0","1284535","1284535","6003","214","12005","107"
"2010-10-19","0.05","1524635","1524635","6003","254","12005","127"
"2010-10-18","-4","300000","300000","6000","50","12000","25"
"2010-10-15","0","2850000","2850000","6250","456","12500","228"
"2010-10-14","4.17","1250000","1250000","6250","200","12500","100"
"2010-10-13","-0.05","1680000","1680000","6000","280","12000","140"
"2010-10-12","0.05","180075","180075","6003","30","12005","15"
"2010-10-11","0","480000","480000","6000","80","12000","40"
"2010-10-08","0","5496000","5496000","6000","916","12000","458"
"2010-10-07","2.13","300000","300000","6000","50","12000","25"
"2010-10-06","5.38","24216750","24216750","5875","4122","11750","2061"
"2010-10-05","0.45","546350","546350","5575","98","11150","49"
"2010-10-04","-5.53","11655000","11655000","5550","2100","11100","1050"
"2010-10-01","6.82","1633250","1633250","5875","278","11750","139"
"2010-09-30","0","66000","66000","5500","12","11000","6"
"2010-09-29","0","1727000","1727000","5500","314","11000","157"
"2010-09-28","-4.98","1100000","1100000","5500","200","11000","100"
"2010-09-27","5.24","486150","486150","5788","84","11575","42"
"2010-09-24","0","2299000","2299000","5500","418","11000","209"
"2010-09-23","0","22000000","22000000","5500","4000","11000","2000"
"2010-09-22","1.85","1650000","1650000","5500","300","11000","150"
"2010-09-21","0","604800","604800","5400","112","10800","56"
"2010-09-20","2.86","885600","885600","5400","164","10800","82"
"2010-09-17","5","388500","388500","5250","74","10500","37"
"2010-09-16","0","14630000","14630000","5000","2926","10000","1463"
"2010-09-15","0","5540000","5540000","5000","1108","10000","554"
"2010-09-14","0","694800000","694800000","5000","138960","10000","69480"
"2010-09-13","-0.16","14000000","14000000","5000","2800","10000","1400"
"2010-09-09","0.16","1061590","1061590","5008","212","10015","106"
"2010-09-08","0","2480000","2480000","5000","496","10000","248"
"2010-09-07","5.26","4140000","4140000","5000","828","10000","414"
"2010-09-03","5.56","1539000","1539000","4750","324","9500","162"
"2010-09-01","0","243000","243000","4500","54","9000","27"
"2010-08-31","0","279000","279000","4500","62","9000","31"
"2010-08-30","0","2331000","2331000","4500","518","9000","259"
"2010-08-27","0","4986000","4986000","4500","1108","9000","554"
"2010-08-26","0","9540000","9540000","4500","2120","9000","1060"
"2010-08-25","0","9369000","9369000","4500","2082","9000","1041"
"2010-08-24","0","1593000","1593000","4500","354","9000","177"
"2010-08-23","0","4446000","4446000","4500","988","9000","494"
"2010-08-20","-4.42","11232000","11232000","4500","2496","9000","1248"
"2010-08-18","-7.47","5027610","5027610","4708","1068","9415","534"
"2010-08-17","-7.49","457875","457875","5088","90","10175","45"
"2010-08-16","-4.35","19129000","19129000","5500","3478","11000","1739"
"2010-08-13","-4.17","13834500","13834500","5750","2406","11500","1203"
"2010-08-11","-4","1272000","1272000","6000","212","12000","106"
"2010-08-10","0","6500000","6500000","6250","1040","12500","520"
"2010-08-09","5.7","7075000","7075000","6250","1132","12500","566"
"2010-08-06","7.51","25506525","25506525","5913","4314","11825","2157"
"2010-08-05","2.33","23716000","23716000","5500","4312","11000","2156"
"2010-08-04","7.5","440750","440750","5375","82","10750","41"
"2010-08-03","0","1220000","1220000","5000","244","10000","122"
"2010-08-02","6.2","1630000","1630000","5000","326","10000","163"
"2010-07-30","7.49","6854120","6854120","4708","1456","9415","728"
"2010-07-29","0.05","8935200","8935200","4380","2040","8760","1020"
"2010-07-28","0.07","12038125","12038125","4378","2750","8755","1375"
"2010-07-27","12.09","13151250","13151250","4375","3006","8750","1503"
"2010-07-23","1.38","234150","234150","3903","60","7805","30"
"2010-07-22","1.32","1694000","1694000","3850","440","7700","220"
"2010-07-21","4.4","1383200","1383200","3800","364","7600","182"
"2010-07-20","1.11","10184720","10184720","3640","2798","7280","1399"
"2010-07-19","2.86","720000","720000","3600","200","7200","100"
"2010-07-15","-0.09","2142000","2142000","3500","612","7000","306"
"2010-07-14","0.14","1401000","1401000","3503","400","7005","200"
"2010-07-13","7.47","1329050","1329050","3498","380","6995","190"
"2010-07-09","-0.15","130200","130200","3255","40","6510","20"
"2010-07-08","0.22","5098640","5098640","3260","1564","6520","782"
"2010-07-07","0.09","878175","878175","3253","270","6505","135"
"2010-07-06","-6.47","2327000","2327000","3250","716","6500","358"
"2010-07-05","0","695000","695000","3475","200","6950","100"
"2010-07-02","-0.71","1299650","1299650","3475","374","6950","187"
"2010-07-01","1.01","21616000","21616000","3500","6176","7000","3088"
"2010-06-30","0","9785160","9785160","3465","2824","6930","1412"
"2010-06-29","0","69300","69300","3465","20","6930","10"
"2010-06-25","0","221760","221760","3465","64","6930","32"
"2010-06-24","7.44","3742200","3742200","3465","1080","6930","540"
"2010-06-23","0","19350","19350","3225","6","6450","3"
"2010-06-22","-1.07","838500","838500","3225","260","6450","130"
"2010-06-21","-6.86","1623480","1623480","3260","498","6520","249"
"2010-06-18","-4.76","175000","175000","3500","50","7000","25"
"2010-06-17","0","4777500","4777500","3675","1300","7350","650"
"2010-06-16","5","1374450","1374450","3675","374","7350","187"
"2010-06-15","1.01","1449000","1449000","3500","414","7000","207"
"2010-06-14","15.5","1150380","1150380","3465","332","6930","166"
"2010-06-09","5.26","1308000","1308000","3000","436","6000","218"
"2010-06-08","0","2006400","2006400","2850","704","5700","352"
"2010-06-07","2.59","2194500","2194500","2850","770","5700","385"
"2010-06-03","6.93","4460665","4460665","2778","1606","5555","803"
"2010-05-31","0","5195","5195","2598","2","5195","1"
"2010-05-28","3.92","51950","51950","2598","20","5195","10"
"2010-05-25","0","26960000","26960000","2500","10784","5000","5392"
"2010-05-20","0","2650000","2650000","2500","1060","5000","530"
"2010-05-19","0","10150000","10150000","2500","4060","5000","2030"
"2010-05-18","1.01","75000","75000","2500","30","5000","15"
"2010-05-14","0","5019300","5019300","2475","2028","4950","1014"
"2010-05-11","0","2885850","2885850","2475","1166","4950","583"
"2010-05-10","-1","717750","717750","2475","290","4950","145"
"2010-05-07","0","950000","950000","2500","380","5000","190"
"2010-05-06","0","3485000","3485000","2500","1394","5000","697"
"2010-05-05","-3.66","3845000","3845000","2500","1538","5000","769"
"2010-05-04","-0.12","62280","62280","2595","24","5190","12"
"2010-05-03","0","124680","124680","2598","48","5195","24"
"2010-04-30","-0.08","62340","62340","2598","24","5195","12"
"2010-04-29","0.08","234000","234000","2600","90","5200","45"
"2010-04-28","3.92","103900","103900","2598","40","5195","20"
"2010-04-27","0","315000","315000","2500","126","5000","63"
"2010-04-26","-3.85","2410000","2410000","2500","964","5000","482"
"2010-04-23","-7.08","234000","234000","2600","90","5200","45"
"2010-04-22","0","55950","55950","2798","20","5595","10"
"2010-04-20","-0.07","279750","279750","2798","100","5595","50"
"2010-04-19","1.82","268800","268800","2800","96","5600","48"
"2010-04-16","0","731500","731500","2750","266","5500","133"
"2010-04-15","-1.79","2453000","2453000","2750","892","5500","446"
"2010-04-14","-5.08","56000","56000","2800","20","5600","10"
"2010-04-12","0","47200","47200","2950","16","5900","8"
"2010-04-09","0","1298000","1298000","2950","440","5900","220"
"2010-04-08","0","3835000","3835000","2950","1300","5900","650"
"2010-04-02","-1.67","2950000","2950000","2950","1000","5900","500"
"2010-03-31","0","390000","390000","3000","130","6000","65"
"2010-03-30","0","90000","90000","3000","30","6000","15"
"2010-03-29","0","191232000","191232000","3000","63744","6000","31872"
"2010-03-26","-6.98","482760000","482760000","3000","160920","6000","80460"
"2010-03-25","0","180600","180600","3225","56","6450","28"
"2010-03-24","0","180600","180600","3225","56","6450","28"
"2010-03-22","7.5","90300","90300","3225","28","6450","14"
"2010-03-17","-0.27","564000","564000","3000","188","6000","94"
"2010-03-16","-7.45","685710","685710","3008","228","6015","114"
"2010-03-15","4.23","130000","130000","3250","40","6500","20"
"2010-03-12","7.52","62350","62350","3118","20","6235","10"
"2010-03-11","1.75","348000","348000","2900","120","5800","60"
"2010-03-09","-5.16","2850000","2850000","2850","1000","5700","500"
"2010-03-08","0.17","60100","60100","3005","20","6010","10"
"2010-03-05","-0.1","600000","600000","3000","200","6000","100"
"2010-03-02","0","420350","420350","3003","140","6005","70"
"2010-02-25","-1.05","360300","360300","3003","120","6005","60"
"2010-02-22","7.43","303500","303500","3035","100","6070","50"
"2010-02-18","-7.47","621500","621500","2825","220","5650","110"
"2010-02-17","-0.07","897435","897435","3053","294","6105","147"
"2010-02-16","0","305500","305500","3055","100","6110","50"
"2010-02-15","0.07","659880","659880","3055","216","6110","108"
"2010-02-12","-6.06","183150","183150","3053","60","6105","30"
"2010-02-11","0","650000","650000","3250","200","6500","100"
"2010-02-10","0","721500","721500","3250","222","6500","111"
"2010-02-09","0","201500","201500","3250","62","6500","31"
"2010-02-08","4.84","40222000","40222000","3250","12376","6500","6188"
"2010-02-05","-4.62","62000","62000","3100","20","6200","10"
"2010-02-03","0.78","173550000","173550000","3250","53400","6500","26700"
"2010-02-02","7.5","8430150","8430150","3225","2614","6450","1307"
"2010-01-27","-6.25","2304000","2304000","3000","768","6000","384"
"2010-01-26","-1.54","179200","179200","3200","56","6400","28"
"2010-01-25","-5.8","2275000","2275000","3250","700","6500","350"
"2010-01-21","-0.86","69000","69000","3450","20","6900","10"
"2010-01-20","7.47","696000","696000","3480","200","6960","100"
"2010-01-18","0","38850","38850","3238","12","6475","6"
"2010-01-15","-7.49","174825","174825","3238","54","6475","27"
"2010-01-14","0","105000","105000","3500","30","7000","15"
"2010-01-11","0","35000","35000","3500","10","7000","5"
"2010-01-08","0","644000","644000","3500","184","7000","92"
"2010-01-07","-1.35","70000","70000","3500","20","7000","10"
"2010-01-06","0.08","319275","319275","3548","90","7095","45"
"2010-01-04","-0.08","85080","85080","3545","24","7090","12"
"2009-12-31","7.52","1277100","1277100","3548","360","7095","180"
"2009-12-30","0","435600","435600","3300","132","6600","66"
"2009-12-29","0","825000","825000","3300","250","6600","125"
"2009-12-24","0.52","1801800","1801800","3300","546","6600","273"
"2009-12-23","-7.47","52520","52520","3283","16","6565","8"
"2009-12-18","-1.39","113520","113520","3548","32","7095","16"
"2009-12-17","-0.06","726695","726695","3598","202","7195","101"
"2009-12-16","-1.23","756000","756000","3600","210","7200","105"
"2009-12-14","-0.08","189540","189540","3645","52","7290","26"
"2009-12-11","0","29180","29180","3648","8","7295","4"
"2009-12-10","-0.05","182375","182375","3648","50","7295","25"
"2009-12-09","0","379600","379600","3650","104","7300","52"
"2009-12-08","0","357700","357700","3650","98","7300","49"
"2009-12-04","0","7300","7300","3650","2","7300","1"
"2009-12-02","0","328500","328500","3650","90","7300","45"
"2009-12-01","0","11263900","11263900","3650","3086","7300","1543"
"2009-11-30","0","23396500","23396500","3650","6410","7300","3205"
"2009-11-26","1.3","1204500","1204500","3650","330","7300","165"
"2009-11-25","0","15959075","15959075","3603","4430","7205","2215"
"2009-11-24","0","8285750","8285750","3603","2300","7205","1150"
"2009-11-23","0.08","1224850","1224850","3603","340","7205","170"
"2009-11-20","-0.08","540000","540000","3600","150","7200","75"
"2009-11-19","1.49","943855","943855","3603","262","7205","131"
"2009-11-18","7.48","2733500","2733500","3550","770","7100","385"
"2009-11-17","10.1","1307790","1307790","3303","396","6605","198"
"2009-11-13","8.7","162000","162000","3000","54","6000","27"
"2009-11-10","-0.54","3869520","3869520","2760","1402","5520","701"
"2009-11-06","0","432900","432900","2775","156","5550","78"
"2009-11-05","0","127650","127650","2775","46","5550","23"
"2009-11-04","-7.5","19425000","19425000","2775","7000","5550","3500"
"2009-10-30","0","396000","396000","3000","132","6000","66"
"2009-10-29","0","342000","342000","3000","114","6000","57"
"2009-10-28","-0.1","1200000","1200000","3000","400","6000","200"
"2009-10-27","0","636530","636530","3003","212","6005","106"
"2009-10-26","-4.67","372310","372310","3003","124","6005","62"
"2009-10-23","0","31500","31500","3150","10","6300","5"
"2009-10-22","0","1890000","1890000","3150","600","6300","300"
"2009-10-21","0","189000","189000","3150","60","6300","30"
"2009-10-20","0","1272600","1272600","3150","404","6300","202"
"2009-10-19","-2.57","107100","107100","3150","34","6300","17"
"2009-10-15","-0.52","9697500","9697500","3233","3000","6465","1500"
"2009-10-09","-5.11","442000","442000","3250","136","6500","68"
"2009-10-08","-0.72","342500","342500","3425","100","6850","50"
"2009-10-07","0","13800","13800","3450","4","6900","2"
"2009-10-06","-1.43","138000","138000","3450","40","6900","20"
"2009-10-05","-2.78","357000","357000","3500","102","7000","51"
"2009-10-02","0","144000","144000","3600","40","7200","20"
"2009-09-30","2.77","460800","460800","3600","128","7200","64"
"2009-09-24","-1.32","245175","245175","3503","70","7005","35"
"2009-09-23","0","56800","56800","3550","16","7100","8"
"2009-09-22","-1.39","198800","198800","3550","56","7100","28"
"2009-09-21","0","72000","72000","3600","20","7200","10"
"2009-09-18","-7.46","244800","244800","3600","68","7200","34"
"2009-09-16","-0.13","77800","77800","3890","20","7780","10"
"2009-09-14","-0.08","1752750","1752750","3895","450","7790","225"
"2009-09-11","-0.05","623600","623600","3898","160","7795","80"
"2009-09-10","0.13","19234800","19234800","3900","4932","7800","2466"
"2009-09-09","0","389500","389500","3895","100","7790","50"
"2009-09-08","0","389500","389500","3895","100","7790","50"
"2009-09-07","0","7790","7790","3895","2","7790","1"
"2009-09-04","0","288230","288230","3895","74","7790","37"
"2009-09-03","0","405080","405080","3895","104","7790","52"
"2009-09-02","-2.58","233700","233700","3895","60","7790","30"
"2009-08-31","0","15990","15990","3998","4","7995","2"
"2009-08-28","0","39975","39975","3998","10","7995","5"
"2009-08-26","0","511680","511680","3998","128","7995","64"
"2009-08-24","6.61","1686945","1686945","3998","422","7995","211"
"2009-08-21","-5.02","450000","450000","3750","120","7500","60"
"2009-08-19","-1.25","473700","473700","3948","120","7895","60"
"2009-08-18","-0.05","423735","423735","3998","106","7995","53"
"2009-08-14","0","40000","40000","4000","10","8000","5"
"2009-08-12","-3.85","5104000","5104000","4000","1276","8000","638"
"2009-08-11","4","83200","83200","4160","20","8320","10"
"2009-08-10","0","8000","8000","4000","2","8000","1"
"2009-08-06","0","8000","8000","4000","2","8000","1"
"2009-08-05","0","9680000","9680000","4000","2420","8000","1210"
"2009-08-04","0","208000","208000","4000","52","8000","26"
"2009-08-03","0","4736000","4736000","4000","1184","8000","592"
"2009-07-30","0","640000","640000","4000","160","8000","80"
"2009-07-29","0","120000","120000","4000","30","8000","15"
"2009-07-28","0.05","4648000","4648000","4000","1162","8000","581"
"2009-07-27","11.06","719550","719550","3998","180","7995","90"
"2009-07-23","0.14","1008000","1008000","3600","280","7200","140"
"2009-07-22","-0.14","719000000","719000000","3595","200000","7190","100000"
"2009-07-21","0","496800","496800","3600","138","7200","69"
"2009-07-20","0","1152000","1152000","3600","320","7200","160"
"2009-07-17","0","165600","165600","3600","46","7200","23"
"2009-07-16","-4","648000","648000","3600","180","7200","90"
"2009-07-15","-6.25","870000","870000","3750","232","7500","116"
"2009-07-14","0","544000","544000","4000","136","8000","68"
"2009-07-13","0","624000","624000","4000","156","8000","78"
"2009-07-10","0","2256000","2256000","4000","564","8000","282"
"2009-07-09","0","360000","360000","4000","90","8000","45"
"2009-07-08","0","488000","488000","4000","122","8000","61"
"2009-07-07","-1.11","440000","440000","4000","110","8000","55"
"2009-07-03","-4.82","4263430","4263430","4045","1054","8090","527"
"2009-07-02","-1.16","4411500","4411500","4250","1038","8500","519"
"2009-07-01","7.5","5744800","5744800","4300","1336","8600","668"
"2009-06-30","3.9","1016000","1016000","4000","254","8000","127"
"2009-06-29","0","169400","169400","3850","44","7700","22"
"2009-06-26","-5.48","4866400","4866400","3850","1264","7700","632"
"2009-06-25","-0.66","1286910","1286910","4073","316","8145","158"
"2009-06-24","0","3230800","3230800","4100","788","8200","394"
"2009-06-23","3.8","7609600","7609600","4100","1856","8200","928"
"2009-06-22","3.54","18636100","18636100","3950","4718","7900","2359"
"2009-06-19","7.46","534100","534100","3815","140","7630","70"
"2009-06-18","24.13","397600","397600","3550","112","7100","56"
"2009-06-15","7.4","171600","171600","2860","60","5720","30"
"2009-06-09","0.49","117150","117150","2663","44","5325","22"
"2009-06-08","0","689000","689000","2650","260","5300","130"
"2009-06-05","6","79500","79500","2650","30","5300","15"
"2009-06-04","0","5000","5000","2500","2","5000","1"
"2009-06-03","0","40030000","40030000","2500","16012","5000","8006"
"2009-06-02","0","1675000","1675000","2500","670","5000","335"
"2009-05-29","0","125000","125000","2500","50","5000","25"
"2009-05-28","-1.57","520000","520000","2500","208","5000","104"
"2009-05-27","0","548640","548640","2540","216","5080","108"
"2009-05-26","-7.47","60960","60960","2540","24","5080","12"
"2009-05-14","-8.5","3557520","3557520","2745","1296","5490","648"
"2009-05-11","8.11","2760000","2760000","3000","920","6000","460"
"2009-05-07","0","2086800","2086800","2775","752","5550","376"
"2009-05-06","-7.5","3368850","3368850","2775","1214","5550","607"
"2009-05-04","0","342000","342000","3000","114","6000","57"
"2009-04-24","0","5232000","5232000","3000","1744","6000","872"
"2009-04-23","-4.15","60000","60000","3000","20","6000","10"
"2009-04-21","-20.76","1590040","1590040","3130","508","6260","254"
"2009-04-14","-9.2","79000","79000","3950","20","7900","10"
"2009-04-08","-3.29","374100","374100","4350","86","8700","43"
"2009-03-19","0","62965","62965","4498","14","8995","7"
"2009-03-12","-0.04","449750","449750","4498","100","8995","50"
"2009-03-11","-8.81","180000","180000","4500","40","9000","20"
"2009-03-04","-0.16","98700","98700","4935","20","9870","10"
"2009-03-03","0","266895","266895","4943","54","9885","27"
"2009-03-02","-3.08","543675","543675","4943","110","9885","55"
"2009-02-26","-4.14","163200","163200","5100","32","10200","16"
"2009-02-18","-7.48","319200","319200","5320","60","10640","30"
"2009-02-17","-4.01","5083000","5083000","5750","1478244","11500","739122"
"2009-02-11","-0.13","203660","203660","5990","34","11980","17"
"2009-02-04","0","359850","359850","5998","60","11995","30"
"2009-02-02","-7.37","455810","455810","5998","76","11995","38"
"2009-01-30","-7.5","1295000","1295000","6475","200","12950","100"
"2009-01-23","0","280000","280000","7000","40","14000","20"
"2009-01-19","0","420000","420000","7000","60","14000","30"
"2009-01-14","0","28000","28000","7000","4","14000","2"
"2009-01-13","0","84000","84000","7000","12","14000","6"
"2009-01-08","0","28000","28000","7000","4","14000","2"
"2009-01-05","-0.71","1848000","1848000","7000","264","14000","132"
"2009-01-02","0","18104400","18104400","7050","2568","14100","1284"
"2008-12-31","0","14100","14100","7050","2","14100","1"
"2008-12-30","-2.08","1565100","1565100","7050","222","14100","111"
"2008-12-29","0","216000","216000","7200","30","14400","15"
"2008-12-26","-0.59","144000","144000","7200","20","14400","10"
"2008-12-24","-0.03","1593350","1593350","7243","220","14485","110"
"2008-12-23","0","144900","144900","7245","20","14490","10"
"2008-12-22","0","43470","43470","7245","6","14490","3"
"2008-12-19","-0.07","2434320","2434320","7245","336","14490","168"
"2008-12-18","0","942500","942500","7250","130","14500","65"
"2008-12-17","-3.33","217500","217500","7250","30","14500","15"
"2008-12-16","0","600000","600000","7500","80","15000","40"
"2008-12-15","7.91","2355000","2355000","7500","314","15000","157"
"2008-12-11","0","444800","444800","6950","64","13900","32"
"2008-12-10","0","764500","764500","6950","110","13900","55"
"2008-12-09","-7.31","847900","847900","6950","122","13900","61"
"2008-12-04","-0.03","11021325","11021325","7498","1470","14995","735"
"2008-11-25","0","645000","645000","7500","86","15000","43"
"2008-11-24","0","255000","255000","7500","34","15000","17"
"2008-11-21","0","150000","150000","7500","20","15000","10"
"2008-11-20","0","4065000","4065000","7500","542","15000","271"
"2008-11-19","0","6345000","6345000","7500","846","15000","423"
"2008-11-17","0","7500000","7500000","7500","1000","15000","500"
"2008-11-14","0","12555000","12555000","7500","1674","15000","837"
"2008-11-13","0","3195000","3195000","7500","426","15000","213"
"2008-11-12","0","600000","600000","7500","80","15000","40"
"2008-11-11","-3.23","3600000","3600000","7500","480","15000","240"
"2008-11-10","0","806000","806000","7750","104","15500","52"
"2008-11-07","0","77500","77500","7750","10","15500","5"
"2008-11-06","-3.13","1240000","1240000","7750","160","15500","80"
"2008-11-05","-0.84","704000","704000","8000","88","16000","44"
"2008-11-04","-14.4","161350","161350","8068","20","16135","10"
"2008-10-31","-0.77","1017900","1017900","9425","108","18850","54"
"2008-10-30","-0.02","189950","189950","9498","20","18995","10"
"2008-10-29","-4.52","1425000","1425000","9500","150","19000","75"
"2008-10-27","-0.43","20735800","20735800","9950","2084","19900","1042"
"2008-10-24","-0.07","199850","199850","9993","20","19985","10"
"2008-10-23","0","100000","100000","10000","10","20000","5"
"2008-10-22","0","460000","460000","10000","46","20000","23"
"2008-10-20","-4.31","1800000","1800000","10000","180","20000","90"
"2008-10-17","-0.46","459800","459800","10450","44","20900","22"
"2008-10-15","-2.34","692835","692835","10498","66","20995","33"
"2008-10-14","-2.27","645000","645000","10750","60","21500","30"
"2008-10-10","0","286000","286000","11000","26","22000","13"
"2008-10-09","0","3850000","3850000","11000","350","22000","175"
"2008-10-08","0","1276000","1276000","11000","116","22000","58"
"2008-10-07","-0.03","79112000","79112000","11000","7192","22000","3596"
"2008-10-06","0","88680150","88680150","11003","8060","22005","4030"
"2008-10-03","0.03","1100250","1100250","11003","100","22005","50"
"2008-10-02","0.05","7326000","7326000","11000","666","22000","333"
"2008-10-01","-4.39","33094950","33094950","10995","3010","21990","1505"
"2008-09-29","0","1587000","1587000","11500","138","23000","69"
"2008-09-26","0","1610000","1610000","11500","140","23000","70"
"2008-09-24","-3.16","1357000","1357000","11500","118","23000","59"
"2008-09-23","0","712500","712500","11875","60","23750","30"
"2008-09-22","-1","902500","902500","11875","76","23750","38"
"2008-09-19","-0.04","2542940","2542940","11995","212","23990","106"
"2008-09-17","0","15288000","15288000","12000","1274","24000","637"
"2008-09-16","0","6792000","6792000","12000","566","24000","283"
"2008-09-11","2.1","4920000","4920000","12000","410","24000","205"
"2008-09-10","-5.6","1104735","1104735","11753","94","23505","47"
"2008-09-05","0","7420200","7420200","12450","596","24900","298"
"2008-09-04","0","298800","298800","12450","24","24900","12"
"2008-09-03","-0.4","971100","971100","12450","78","24900","39"
"2008-09-02","-3.83","4500000","4500000","12500","360","25000","180"
"2008-09-01","5.76","15597000","15597000","12998","1200","25995","600"
"2008-08-29","-1.66","737400","737400","12290","60","24580","30"
"2008-08-28","-0.02","3249350","3249350","12498","260","24995","130"
"2008-08-27","0","2525000","2525000","12500","202","25000","101"
"2008-08-26","0","22675000","22675000","12500","1814","25000","907"
"2008-08-25","0","975000","975000","12500","78","25000","39"
"2008-08-22","0","5250000","5250000","12500","420","25000","210"
"2008-08-21","-2.91","3000000","3000000","12500","240","25000","120"
"2008-08-19","-0.19","5922500","5922500","12875","460","25750","230"
"2008-08-18","0","258000","258000","12900","20","25800","10"
"2008-08-13","0","2528400","2528400","12900","196","25800","98"
"2008-08-12","3.2","774000","774000","12900","60","25800","30"
"2008-08-11","-1.95","200525000","200525000","12500","16042","25000","8021"
"2008-08-06","-1.18","637375","637375","12748","50","25495","25"
"2008-08-05","0","2554200","2554200","12900","198","25800","99"
"2008-08-04","0","774000","774000","12900","60","25800","30"
"2008-08-01","0","2270400","2270400","12900","176","25800","88"
"2008-07-31","0","541800","541800","12900","42","25800","21"
"2008-07-30","-0.37","1883400","1883400","12900","146","25800","73"
"2008-07-29","-0.38","750955","750955","12948","58","25895","29"
"2008-07-28","-3.7","9072255","9072255","12998","698","25995","349"
"2008-07-25","0","269950","269950","13498","20","26995","10"
"2008-07-24","-0.01","18464580","18464580","13498","1368","26995","684"
"2008-07-23","0","10854000","10854000","13500","804","27000","402"
"2008-07-22","0","1755000","1755000","13500","130","27000","65"
"2008-07-21","0","2889000","2889000","13500","214","27000","107"
"2008-07-18","0","810000","810000","13500","60","27000","30"
"2008-07-17","0","1674000","1674000","13500","124","27000","62"
"2008-07-16","0","1404000","1404000","13500","104","27000","52"
"2008-07-15","0","15822000","15822000","13500","1172","27000","586"
"2008-07-14","0","8181000","8181000","13500","606","27000","303"
"2008-07-11","0","5454000","5454000","13500","404","27000","202"
"2008-07-10","0","702000","702000","13500","52","27000","26"
"2008-07-09","0","19575000","19575000","13500","1450","27000","725"
"2008-07-08","0","16497000","16497000","13500","1222","27000","611"
"2008-07-07","0","10719000","10719000","13500","794","27000","397"
"2008-07-04","3.85","11934000","11934000","13500","884","27000","442"
"2008-07-03","0","20046000","20046000","13000","1542","26000","771"
"2008-07-02","-3.53","26052000","26052000","13000","2004","26000","1002"
"2008-07-01","5.54","42203700","42203700","13475","3132","26950","1566"
"2008-06-27","15.55","4596300","4596300","12768","360","25535","180"
"2008-06-25","3.27","2276300","2276300","11050","206","22100","103"
"2008-06-24","3.88","9587200","9587200","10700","896","21400","448"
"2008-06-23","2.49","18210400","18210400","10300","1768","20600","884"
"2008-06-20","1.26","3296400","3296400","10050","328","20100","164"
"2008-06-19","0","2382000","2382000","9925","240","19850","120"
"2008-06-18","0.76","18281850","18281850","9925","1842","19850","921"
"2008-06-17","1.03","4137000","4137000","9850","420","19700","210"
"2008-06-16","0","1891500","1891500","9750","194","19500","97"
"2008-06-13","0","2145000","2145000","9750","220","19500","110"
"2008-06-12","0","2730000","2730000","9750","280","19500","140"
"2008-06-11","0","1755000","1755000","9750","180","19500","90"
"2008-06-10","1.56","3997500","3997500","9750","410","19500","205"
"2008-06-09","0","96000","96000","9600","10","19200","5"
"2008-06-06","0.52","960000","960000","9600","100","19200","50"
"2008-06-03","0.53","401100","401100","9550","42","19100","21"
"2008-06-02","0","3610000","3610000","9500","380","19000","190"
"2008-05-30","0","9956000","9956000","9500","1048","19000","524"
"2008-05-29","0","2660000","2660000","9500","280","19000","140"
"2008-05-28","0","570000","570000","9500","60","19000","30"
"2008-05-27","0","6840000","6840000","9500","720","19000","360"
"2008-05-26","0","4389000","4389000","9500","462","19000","231"
"2008-05-23","-1.04","1995000","1995000","9500","210","19000","105"
"2008-05-22","1.05","26880000","26880000","9600","2800","19200","1400"
"2008-05-21","-0.52","21584000","21584000","9500","2272","19000","1136"
"2008-05-20","0.53","11708300","11708300","9550","1226","19100","613"
"2008-05-19","0","21755000","21755000","9500","2290","19000","1145"
"2008-05-16","0","1900000","1900000","9500","200","19000","100"
"2008-05-15","0","3135000","3135000","9500","330","19000","165"
"2008-05-14","0","950000","950000","9500","100","19000","50"
"2008-05-13","0","2470000","2470000","9500","260","19000","130"
"2008-05-09","0","5092000","5092000","9500","536","19000","268"
"2008-05-08","-5","342000000","342000000","9500","36000","19000","18000"
"2008-05-07","0","3000000","3000000","10000","300","20000","150"
"2008-05-06","-2.44","3000000","3000000","10000","300","20000","150"
"2008-05-05","2.5","3300500","3300500","10250","322","20500","161"
"2008-05-02","0","20420000","20420000","10000","2042","20000","1021"
"2008-04-30","0","21920000","21920000","10000","2192","20000","1096"
"2008-04-29","0","29600000","29600000","10000","2960","20000","1480"
"2008-04-24","0","1180000","1180000","10000","118","20000","59"
"2008-04-23","0","960000","960000","10000","96","20000","48"
"2008-04-22","0","78400000","78400000","10000","7840","20000","3920"
"2008-04-21","0","3480000","3480000","10000","348","20000","174"
"2008-04-18","0","20660000","20660000","10000","2066","20000","1033"
"2008-04-17","-4.74","3100000","3100000","10000","310","20000","155"
"2008-04-16","-1.89","2939300","2939300","10498","280","20995","140"
"2008-04-14","1.95","22191800","22191800","10700","2074","21400","1037"
"2008-04-11","-0.05","8018180","8018180","10495","764","20990","382"
"2008-04-10","5.02","6132000","6132000","10500","584","21000","292"
"2008-04-08","7.51","6258435","6258435","9998","626","19995","313"
"2008-04-07","5.68","2901600","2901600","9300","312","18600","156"
"2008-04-04","6.63","3836800","3836800","8800","436","17600","218"
"2008-04-02","3.16","8797165","8797165","8253","1066","16505","533"
"2008-04-01","1.27","960000","960000","8000","120","16000","60"
"2008-03-31","1.28","790000","790000","7900","100","15800","50"
"2008-03-28","1.96","2745600","2745600","7800","352","15600","176"
"2008-03-27","0","3243600","3243600","7650","424","15300","212"
"2008-03-26","7.1","1851300","1851300","7650","242","15300","121"
"2008-03-25","0","714250","714250","7143","100","14285","50"
"2008-03-21","7.41","3599820","3599820","7143","504","14285","252"
"2008-03-19","0","2992500","2992500","6650","450","13300","225"
"2008-03-18","7.26","23328200","23328200","6650","3508","13300","1754"
"2008-03-17","0","322400","322400","6200","52","12400","26"
"2008-03-14","0","644800","644800","6200","104","12400","52"
"2008-03-13","0","595200","595200","6200","96","12400","48"
"2008-03-12","0","2864400","2864400","6200","462","12400","231"
"2008-03-11","3.33","1748400","1748400","6200","282","12400","141"
"2008-03-06","0.08","876000","876000","6000","146","12000","73"
"2008-03-05","-0.05","2529890","2529890","5995","422","11990","211"
"2008-03-04","0.05","1271470","1271470","5998","212","11995","106"
"2008-03-03","2.48","3117400","3117400","5995","520","11990","260"
"2008-02-29","1.74","3662100","3662100","5850","626","11700","313"
"2008-02-28","-0.09","2300000","2300000","5750","400","11500","200"
"2008-02-27","0.03","863250","863250","5755","150","11510","75"
"2008-02-25","-4.04","11516505","11516505","5753","2002","11505","1001"
"2008-02-22","-0.08","12529550","12529550","5995","2090","11990","1045"
"2008-02-21","7.62","8409816000","8409816000","6000","1401636","12000","700818"
"2008-02-19","-7.08","50609850","50609850","5575","9078","11150","4539"
"2008-02-15","0.03","7560000","7560000","6000","1260","12000","630"
"2008-02-14","-0.03","359850","359850","5998","60","11995","30"
"2008-02-13","0","64800000","64800000","6000","10800","12000","5400"
"2008-02-12","0","240000","240000","6000","40","12000","20"
"2008-02-11","-2.04","1260000000","1260000000","6000","210000","12000","105000"
"2008-02-08","0.41","2989000","2989000","6125","488","12250","244"
"2008-02-07","0.2","1927600","1927600","6100","316","12200","158"
"2008-02-06","0.16","608750","608750","6088","100","12175","50"
"2008-02-05","5.7","425425","425425","6078","70","12155","35"
"2008-01-31","4.45","287500","287500","5750","50","11500","25"
"2008-01-30","1.47","660600","660600","5505","120","11010","60"
"2008-01-29","0","10850","10850","5425","2","10850","1"
"2008-01-24","0","813750","813750","5425","150","10850","75"
"2008-01-23","0","10850","10850","5425","2","10850","1"
"2008-01-22","-4.82","3255000","3255000","5425","600","10850","300"
"2008-01-21","0","19095000","19095000","5700","3350","11400","1675"
"2008-01-18","5.01","1027288200","1027288200","5700","180226","11400","90113"
"2008-01-17","0","4906460","4906460","5428","904","10855","452"
"2008-01-15","0.06","119405","119405","5428","22","10855","11"
"2008-01-14","0","5425000","5425000","5425","1000","10850","500"
"2008-01-11","0","3743250","3743250","5425","690","10850","345"
"2008-01-10","4.33","1345400","1345400","5425","248","10850","124"
"2008-01-08","1.96","1424800","1424800","5200","274","10400","137"
"2008-01-03","0","102000","102000","5100","20","10200","10"
"2007-12-31","1.94","1968600","1968600","5100","386","10200","193"
"2007-12-28","0","2651325","2651325","5003","530","10005","265"
"2007-12-26","0","800400","800400","5003","160","10005","80"
"2007-12-24","0","500250","500250","5003","100","10005","50"
"2007-12-21","0.56","5532765","5532765","5003","1106","10005","553"
"2007-12-18","0","49750","49750","4975","10","9950","5"
"2007-12-17","4.74","7349866000","7349866000","4975","1477360","9950","738680"
"2007-12-14","0","1130500","1130500","4750","238","9500","119"
"2007-12-12","0","380000","380000","4750","80","9500","40"
"2007-12-11","0","921500","921500","4750","194","9500","97"
"2007-12-07","0","57000","57000","4750","12","9500","6"
"2007-12-05","0","95000","95000","4750","20","9500","10"
"2007-12-04","0","437000","437000","4750","92","9500","46"
"2007-12-03","0","2099500","2099500","4750","442","9500","221"
"2007-11-30","5.49","181792000","181792000","4750","38272","9500","19136"
"2007-11-28","0","27015","27015","4503","6","9005","3"
"2007-11-27","0.07","378210","378210","4503","84","9005","42"
"2007-11-26","0","8064000","8064000","4500","1792","9000","896"
"2007-11-22","0","1422000","1422000","4500","316","9000","158"
"2007-11-21","5.88","270000","270000","4500","60","9000","30"
"2007-11-20","6.25","518500","518500","4250","122","8500","61"
"2007-11-19","0","48000","48000","4000","12","8000","6"
"2007-11-16","6.67","800000","800000","4000","200","8000","100"
"2007-11-13","-6.25","4927500","4927500","3750","1314","7500","657"
"2007-11-12","0","280000","280000","4000","70","8000","35"
"2007-11-08","0","608000","608000","4000","152","8000","76"
"2007-11-06","-5.88","4200000","4200000","4000","1050","8000","525"
"2007-11-02","-4.49","850000","850000","4250","200","8500","100"
"2007-10-31","-1.11","267000","267000","4450","60","8900","30"
"2007-10-30","0","36000","36000","4500","8","9000","4"
"2007-10-29","-2.17","1215000","1215000","4500","270","9000","135"
"2007-10-26","0","7378400","7378400","4600","1604","9200","802"
"2007-10-25","-3.16","864800","864800","4600","188","9200","94"
"2007-10-23","-5","997500","997500","4750","210","9500","105"
"2007-10-22","-1.96","80000","80000","5000","16","10000","8"
"2007-10-17","0","4590000","4590000","5100","900","10200","450"
"2007-10-11","-6.42","3947400","3947400","5100","774","10200","387"
"2007-10-08","-0.87","218000","218000","5450","40","10900","20"
"2007-10-04","-0.04","934575","934575","5498","170","10995","85"
"2007-10-03","0","6160000","6160000","5500","1120","11000","560"
"2007-10-02","-3.51","330000","330000","5500","60","11000","30"
"2007-09-26","0","330600","330600","5700","58","11400","29"
"2007-09-25","0","1390800","1390800","5700","244","11400","122"
"2007-09-24","0","969000","969000","5700","170","11400","85"
"2007-09-21","-0.87","1368000","1368000","5700","240","11400","120"
"2007-09-19","-4.17","345000","345000","5750","60","11500","30"
"2007-09-18","0.03","4740000","4740000","6000","790","12000","395"
"2007-09-14","-0.03","527780","527780","5998","88","11995","44"
"2007-09-12","0.12","900000","900000","6000","150","12000","75"
"2007-09-11","0.72","934830","934830","5993","156","11985","78"
"2007-09-10","-0.72","642600","642600","5950","108","11900","54"
"2007-09-07","0","431460","431460","5993","72","11985","36"
"2007-09-06","0.72","1198500","1198500","5993","200","11985","100"
"2007-09-05","-0.42","654500","654500","5950","110","11900","55"
"2007-09-04","4.37","2868000","2868000","5975","480","11950","240"
"2007-09-03","6.51","2519000","2519000","5725","440","11450","220"
"2007-08-31","-4.87","324273750","324273750","5375","60330","10750","30165"
"2007-08-29","0","3898500","3898500","5650","690","11300","345"
"2007-08-28","0","7006000","7006000","5650","1240","11300","620"
"2007-08-27","0.12","203400","203400","5650","36","11300","18"
"2007-08-24","-0.12","677100","677100","5643","120","11285","60"
"2007-08-23","0","135600","135600","5650","24","11300","12"
"2007-08-22","0","361600","361600","5650","64","11300","32"
"2007-08-21","0","5537000","5537000","5650","980","11300","490"
"2007-08-20","2.73","711900","711900","5650","126","11300","63"
"2007-08-17","1.8","5951000","5951000","5500","1082","11000","541"
"2007-08-16","-0.86","2161000","2161000","5403","400","10805","200"
"2007-08-14","1.87","2289000","2289000","5450","420","10900","210"
"2007-08-13","0","438700","438700","5350","82","10700","41"
"2007-08-10","7","4108800","4108800","5350","768","10700","384"
"2007-08-09","7.3","380000","380000","5000","76","10000","38"
"2007-08-08","-6.8","2766828400","2766828400","4660","593740","9320","296870"
"2007-08-02","1.01","4390000","4390000","5000","878","10000","439"
"2007-08-01","0","495000","495000","4950","100","9900","50"
"2007-07-31","-1","168300","168300","4950","34","9900","17"
"2007-07-27","3.09","1000000","1000000","5000","200","10000","100"
"2007-07-26","0","485000","485000","4850","100","9700","50"
"2007-07-25","2.65","1843000","1843000","4850","380","9700","190"
"2007-07-23","2.1","6151950","6151950","4725","1302","9450","651"
"2007-07-20","0.06","731145","731145","4628","158","9255","79"
"2007-07-19","2.78","92500","92500","4625","20","9250","10"
"2007-07-18","2.27","7209000","7209000","4500","1602","9000","801"
"2007-07-17","0","35200","35200","4400","8","8800","4"
"2007-07-16","0.05","1091200","1091200","4400","248","8800","124"
"2007-07-13","-0.05","413365","413365","4398","94","8795","47"
"2007-07-12","0","475200","475200","4400","108","8800","54"
"2007-07-11","0","528000","528000","4400","120","8800","60"
"2007-07-10","0","35200","35200","4400","8","8800","4"
"2007-07-09","0","132000","132000","4400","30","8800","15"
"2007-07-06","0","484000","484000","4400","110","8800","55"
"2007-07-03","0","8272000","8272000","4400","1880","8800","940"
"2007-07-02","10.06","96800000","96800000","4400","22000","8800","11000"
"2007-06-28","-2.49","399750","399750","3998","100","7995","50"
"2007-06-26","0","393600","393600","4100","96","8200","48"
"2007-06-25","15.49","1566200","1566200","4100","382","8200","191"
"2007-06-20","0","497000","497000","3550","140","7100","70"
"2007-06-19","3.05","67932800","67932800","3550","19136","7100","9568"
"2007-06-18","0.15","365170","365170","3445","106","6890","53"
"2007-06-15","7.5","2435520","2435520","3440","708","6880","354"
"2007-06-14","0","6438400","6438400","3200","2012","6400","1006"
"2007-06-13","-1.54","192000","192000","3200","60","6400","30"
"2007-06-12","-12.82","650000","650000","3250","200","6500","100"
"2007-06-07","0","2035215","2035215","3728","546","7455","273"
"2007-06-04","-0.59","745500","745500","3728","200","7455","100"
"2007-06-01","-6.25","1575000","1575000","3750","420","7500","210"
"2007-05-31","-6.98","4000000","4000000","4000","1000","8000","500"
"2007-05-30","0","636400","636400","4300","148","8600","74"
"2007-05-29","0","2365000","2365000","4300","550","8600","275"
"2007-05-25","-7.03","258000","258000","4300","60","8600","30"
"2007-05-24","0","2830500","2830500","4625","612","9250","306"
"2007-05-22","0","3006250","3006250","4625","650","9250","325"
"2007-05-21","0","1988750","1988750","4625","430","9250","215"
"2007-05-18","0","684500","684500","4625","148","9250","74"
"2007-05-16","6.94","92500","92500","4625","20","9250","10"
"2007-05-15","0","4930500","4930500","4325","1140","8650","570"
"2007-05-14","0","103800","103800","4325","24","8650","12"
"2007-05-11","2.98","2646900","2646900","4325","612","8650","306"
"2007-05-10","4.74","1008000","1008000","4200","240","8400","120"
"2007-05-09","6.93","401000","401000","4010","100","8020","50"
"2007-05-08","2.04","1035000","1035000","3750","276","7500","138"
"2007-05-07","11.26","1646400","1646400","3675","448","7350","224"
"2007-05-03","0.09","151915","151915","3303","46","6605","23"
"2007-04-26","1.54","1062600","1062600","3300","322","6600","161"
"2007-04-24","2.36","455000","455000","3250","140","6500","70"
"2007-04-20","0","635000","635000","3175","200","6350","100"
"2007-04-19","3.66","889000","889000","3175","280","6350","140"
"2007-04-17","2.1","4348750","4348750","3063","1420","6125","710"
"2007-04-13","-2.06","1500000","1500000","3000","500","6000","250"
"2007-04-12","0","1439375","1439375","3063","470","6125","235"
"2007-04-10","0","459375","459375","3063","150","6125","75"
"2007-04-06","7.47","1004500","1004500","3063","328","6125","164"
"2007-04-05","7.14","615600","615600","2850","216","5700","108"
"2007-04-04","0.19","10640000","10640000","2660","4000","5320","2000"
"2007-04-03","7.14","1911600","1911600","2655","720","5310","360"
"2007-03-30","15.1","168470","168470","2478","68","4955","34"
"2007-03-27","0.14","86100","86100","2153","40","4305","20"
"2007-03-26","0","1225500","1225500","2150","570","4300","285"
"2007-03-23","2.38","649300","649300","2150","302","4300","151"
"2007-03-22","5","667800","667800","2100","318","4200","159"
"2007-03-21","11.11","120000","120000","2000","60","4000","30"
"2007-03-15","0","820800","820800","1800","456","3600","228"
"2007-03-14","-2.44","1080000","1080000","1800","600","3600","300"
"2007-03-12","5.43","92250","92250","1845","50","3690","25"
"2007-03-09","0","189000","189000","1750","108","3500","54"
"2007-03-07","0","3500","3500","1750","2","3500","1"
"2007-03-05","4.48","59500","59500","1750","34","3500","17"
"2007-02-27","1.52","110550","110550","1675","66","3350","33"
"2007-02-22","0","270600","270600","1650","164","3300","82"
"2007-02-19","0","297000","297000","1650","180","3300","90"
"2007-02-16","0","198000","198000","1650","120","3300","60"
"2007-02-12","1.54","201300","201300","1650","122","3300","61"
"2007-02-09","0","292500","292500","1625","180","3250","90"
"2007-02-06","1.56","130000","130000","1625","80","3250","40"
"2007-02-02","6.67","6400000","6400000","1600","4000","3200","2000"
"2007-01-29","0","300000","300000","1500","200","3000","100"
"2007-01-25","0","1347000","1347000","1500","898","3000","449"
"2007-01-23","0","675000","675000","1500","450","3000","225"
"2007-01-18","0","150000","150000","1500","100","3000","50"
"2007-01-17","0","3000","3000","1500","2","3000","1"
"2007-01-16","0","60000","60000","1500","40","3000","20"
"2007-01-12","0","15000","15000","1500","10","3000","5"
"2007-01-11","0","600000","600000","1500","400","3000","200"
"2007-01-09","0","6000","6000","1500","4","3000","2"
"2007-01-03","0","60000","60000","1500","40","3000","20"
"2006-12-29","0","1050000","1050000","1500","700","3000","350"
"2006-12-28","0","57000","57000","1500","38","3000","19"
"2006-12-27","3.45","1890000","1890000","1500","1260","3000","630"
"2006-12-14","-3.33","754000","754000","1450","520","2900","260"
"2006-11-30","0","600000","600000","1500","400","3000","200"
"2006-11-24","0","1185000","1185000","1500","790","3000","395"
"2006-11-23","0","315000","315000","1500","210","3000","105"
"2006-11-22","0","360000","360000","1500","240","3000","120"
"2006-11-21","0","75000","75000","1500","50","3000","25"
"2006-11-20","0","600000","600000","1500","400","3000","200"
"2006-11-13","0","210000","210000","1500","140","3000","70"
"2006-11-08","0","30000","30000","1500","20","3000","10"
"2006-10-16","0","9000","9000","1500","6","3000","3"
"2006-10-11","0","6000","6000","1500","4","3000","2"
"2006-10-10","-16.67","537000","537000","1500","358","3000","179"
"2006-09-19","0","270000","270000","1800","150","3600","75"
"2006-09-14","0","1008000","1008000","1800","560","3600","280"
"2006-09-12","0","133200","133200","1800","74","3600","37"
"2006-09-06","0","28800","28800","1800","16","3600","8"
"2006-09-04","0","144000","144000","1800","80","3600","40"
"2006-09-01","0","140400","140400","1800","78","3600","39"
"2006-08-30","0","252000","252000","1800","140","3600","70"
"2006-08-22","0","360000","360000","1800","200","3600","100"
"2006-08-18","0","756000","756000","1800","420","3600","210"
"2006-08-17","2.86","550800","550800","1800","306","3600","153"
"2006-08-16","3.37","2369500","2369500","1750","1354","3500","677"
"2006-08-11","0","1513095","1513095","1693","894","3385","447"
"2006-08-10","7.49","3056655","3056655","1693","1806","3385","903"
"2006-08-09","11.86","2623950","2623950","1575","1666","3150","833"
"2006-07-28","0.57","28150","28150","1408","20","2815","10"
"2006-07-27","0","14000","14000","1400","10","2800","5"
"2006-07-25","3.47","75600","75600","1400","54","2800","27"
"2006-07-24","0.22","29755","29755","1353","22","2705","11"
"2006-07-20","0","459000","459000","1350","340","2700","170"
"2006-07-18","0","413100","413100","1350","306","2700","153"
"2006-07-17","0","2700","2700","1350","2","2700","1"
"2006-07-14","-6.9","548100","548100","1350","406","2700","203"
"2006-07-12","0","8752200","8752200","1450","6036","2900","3018"
"2006-07-11","1.75","446600","446600","1450","308","2900","154"
"2006-07-10","-1.72","114000","114000","1425","80","2850","40"
"2006-07-07","1.75","174000","174000","1450","120","2900","60"
"2006-07-06","0","285000","285000","1425","200","2850","100"
"2006-07-04","5.56","427500","427500","1425","300","2850","150"
"2006-06-30","1.89","1620000","1620000","1350","1200","2700","600"
"2006-06-29","5.58","79500","79500","1325","60","2650","30"
"2006-06-28","13.06","253510","253510","1255","202","2510","101"
"2006-06-23","15.26","111000","111000","1110","100","2220","50"
"2006-06-12","7.24","80850","80850","963","84","1925","42"
"2006-06-06","7.54","628250","628250","898","700","1795","350"
"2006-06-02","23.7","415830","415830","835","498","1670","249"
"2006-05-30","1.81","27000","27000","675","40","1350","20"
"2006-05-24","6.08","135150","135150","663","204","1325","102"
"2006-05-22","8.7","125000","125000","625","200","1250","100"
"2006-05-16","6.88","88550","88550","575","154","1150","77"
"2006-05-11","0.94","21500","21500","538","40","1075","20"
"2006-05-10","-7.3","1218360","1218360","533","2288","1065","1144"
"2006-05-09","0","357650","357650","575","622","1150","311"
"2006-05-08","0","103500","103500","575","180","1150","90"
"2006-05-05","0","310500","310500","575","540","1150","270"
"2006-05-04","0","9991200","9991200","575","17376","1150","8688"
"2006-05-03","0","700350","700350","575","1218","1150","609"
"2006-05-02","-3.85","974050","974050","575","1694","1150","847"
"2006-04-28","-7.72","1069525","1069525","598","1790","1195","895"
"2006-04-18","-0.31","129500","129500","648","200","1295","100"
"2006-04-14","0.31","169000","169000","650","260","1300","130"
"2006-04-04","-0.31","129500","129500","648","200","1295","100"
"2006-03-31","0","65000","65000","650","100","1300","50"
"2006-03-30","0","40300","40300","650","62","1300","31"
"2006-03-28","-7.14","26000","26000","650","40","1300","20"
"2006-03-13","0.29","172200","172200","700","246","1400","123"
"2006-02-23","-0.29","41850","41850","698","60","1395","30"
"2006-02-20","-12.5","14000","14000","700","20","1400","10"
"2006-02-06","0","160000","160000","800","200","1600","100"
"2006-02-03","0","400000","400000","800","500","1600","250"
"2006-01-30","0","16000","16000","800","20","1600","10"
"2006-01-09","0","324800","324800","800","406","1600","203"
"2006-01-06","0","11200","11200","800","14","1600","7"
"2005-12-30","0","4800","4800","800","6","1600","3"
"2005-12-29","0","160000","160000","800","200","1600","100"
"2005-12-02","-3.03","16000","16000","800","20","1600","10"
"2005-11-17","-0.96","330000","330000","825","400","1650","200"
"2005-10-17","0","8325","8325","833","10","1665","5"
"2005-09-29","-7.44","41625","41625","833","50","1665","25"
"2005-09-16","0","27000","27000","900","30","1800","15"
"2005-09-12","0","21600","21600","900","24","1800","12"
"2005-09-09","0","50400","50400","900","56","1800","28"
"2005-08-29","0","540000","540000","900","600","1800","300"
"2005-08-26","0","18000","18000","900","20","1800","10"
"2005-08-24","0","2880000","2880000","900","3200","1800","1600"
"2005-08-17","0","306000","306000","900","340","1800","170"
"2005-08-12","-5.26","540000","540000","900","600","1800","300"
"2005-08-10","0","57000","57000","950","60","1900","30"
"2005-07-27","0","26600","26600","950","28","1900","14"
"2005-07-18","0","1900","1900","950","2","1900","1"
"2005-07-13","0","370500","370500","950","390","1900","195"
"2005-07-12","0","57000","57000","950","60","1900","30"
"2005-07-08","0","570000","570000","950","600","1900","300"
"2005-07-07","0","32300","32300","950","34","1900","17"
"2005-07-04","0","228000","228000","950","240","1900","120"
"2005-06-27","0","475000","475000","950","500","1900","250"
"2005-06-10","0","288800","288800","950","304","1900","152"
"2005-05-24","0","19000","19000","950","20","1900","10"
"2005-05-19","0","76000","76000","950","80","1900","40"
"2005-05-18","0","83600","83600","950","88","1900","44"
"2005-05-17","0","41800","41800","950","44","1900","22"
"2005-05-13","0","1900","1900","950","2","1900","1"
"2005-05-09","0","577600","577600","950","608","1900","304"
"2005-05-03","0","3800","3800","950","4","1900","2"
"2005-04-29","0.21","1387000","1387000","950","1460","1900","730"
"2005-04-28","0","898230","898230","948","948","1895","474"
"2005-04-26","0","94750","94750","948","100","1895","50"
"2005-04-07","-0.21","380895","380895","948","402","1895","201"
"2005-04-06","0","57000","57000","950","60","1900","30"
"2005-04-05","0","545300","545300","950","574","1900","287"
"2005-03-01","0","1900","1900","950","2","1900","1"
"2005-01-25","0","19000","19000","950","20","1900","10"
"2005-01-05","0","38000","38000","950","40","1900","20"
"2004-12-28","0","190000","190000","950","200","1900","100"
"2004-12-23","0","10505100","10505100","950","11058","1900","5529"
"2004-12-21","0","3800","3800","950","4","1900","2"
"2004-12-13","0","5700","5700","950","6","1900","3"
"2004-12-03","0","165300","165300","950","174","1900","87"
"2004-11-25","0","77900","77900","950","82","1900","41"
"2004-11-16","0","190000","190000","950","200","1900","100"
"2004-11-05","0.21","138700","138700","950","146","1900","73"
"2004-11-02","0","3790","3790","948","4","1895","2"
"2004-10-29","0","2162195","2162195","948","2282","1895","1141"
"2004-10-28","0","37900","37900","948","40","1895","20"
"2004-10-19","-4.72","18950","18950","948","20","1895","10"
"2004-09-10","0","214920","214920","995","216","1990","108"
"2004-09-09","0","3980","3980","995","4","1990","2"
"2004-09-07","0","19900","19900","995","20","1990","10"
"2004-08-31","0","1990","1990","995","2","1990","1"
"2004-08-30","0","101490","101490","995","102","1990","51"
"2004-08-26","0","202980","202980","995","204","1990","102"
"2004-08-24","0","141290","141290","995","142","1990","71"
"2004-08-18","0","81590","81590","995","82","1990","41"
"2004-08-16","0","913410","913410","995","918","1990","459"
"2004-08-09","0","91540","91540","995","92","1990","46"
"2004-08-04","0","290540","290540","995","292","1990","146"
"2004-08-03","0","199000","199000","995","200","1990","100"
"2004-07-30","0","45770","45770","995","46","1990","23"
"2004-07-29","0","99500","99500","995","100","1990","50"
"2004-07-28","0","380090","380090","995","382","1990","191"
"2004-07-22","0","7960","7960","995","8","1990","4"
"2004-07-21","0","5970","5970","995","6","1990","3"
"2004-07-15","0","258700","258700","995","260","1990","130"
"2004-07-05","0","1990","1990","995","2","1990","1"
"2004-07-02","0","49750","49750","995","50","1990","25"
"2004-07-01","0","117410","117410","995","118","1990","59"
"2004-06-15","0","55720","55720","995","56","1990","28"
"2004-06-14","0","3980","3980","995","4","1990","2"
"2004-06-10","0","11940","11940","995","12","1990","6"
"2004-06-04","0","27860","27860","995","28","1990","14"
"2004-05-25","0","199000","199000","995","200","1990","100"
"2004-05-19","0","59700","59700","995","60","1990","30"
"2004-05-18","0","43780","43780","995","44","1990","22"
"2004-05-17","0","199000","199000","995","200","1990","100"
"2004-05-03","0","129350","129350","995","130","1990","65"
"2004-04-29","0","55720","55720","995","56","1990","28"
"2004-04-28","0","278600","278600","995","280","1990","140"
"2004-04-27","0","268650","268650","995","270","1990","135"
"2004-04-16","-7.44","37810","37810","995","38","1990","19"
"2004-04-15","0","40850","40850","1075","38","2150","19"
"2004-04-13","0","531050","531050","1075","494","2150","247"
"2004-04-08","0","1042750","1042750","1075","970","2150","485"
"2004-04-07","0","1214750","1214750","1075","1130","2150","565"
"2004-04-05","0","64500","64500","1075","60","2150","30"
"2004-04-02","0","333250","333250","1075","310","2150","155"
"2003-12-30","-2.27","21500","21500","1075","20","2150","10"
"2003-12-23","19.18","22000","22000","1100","20","2200","10"
"2003-12-18","0","638370","638370","923","692","1845","346"
"2003-12-17","-0.22","274905","274905","923","298","1845","149"
"2003-12-11","0","1850","1850","925","2","1850","1"
"2003-12-09","0","77700","77700","925","84","1850","42"
"2003-12-05","-6.38","129500","129500","925","140","1850","70"
"2003-12-03","-1.2","98750","98750","988","100","1975","50"
"2003-11-04","0","20000","20000","1000","20","2000","10"
"2003-10-17","0","600000","600000","1000","600","2000","300"
"2003-10-14","0.2","1612000","1612000","1000","1612","2000","806"
"2003-09-23","0","127680","127680","998","128","1995","64"
"2003-09-18","-0.2","939645","939645","998","942","1995","471"
"2003-09-10","0","496000","496000","1000","496","2000","248"
"2003-09-08","0","46000","46000","1000","46","2000","23"
"2003-08-29","0","150000","150000","1000","150","2000","75"
"2003-08-28","0","218000","218000","1000","218","2000","109"
"2003-08-26","0","82000","82000","1000","82","2000","41"
"2003-08-21","0","56000","56000","1000","56","2000","28"
"2003-08-14","0","400000","400000","1000","400","2000","200"
"2003-08-13","0","40000","40000","1000","40","2000","20"
"2003-08-12","0","176000","176000","1000","176","2000","88"
"2003-08-11","0","242000","242000","1000","242","2000","121"
"2003-08-08","0","2000","2000","1000","2","2000","1"
"2003-08-06","0","60000","60000","1000","60","2000","30"
"2003-08-05","0","638000","638000","1000","638","2000","319"
"2003-08-04","0","2000","2000","1000","2","2000","1"
"2003-07-31","0","42000","42000","1000","42","2000","21"
"2003-07-30","0","40000","40000","1000","40","2000","20"
"2003-07-28","0","2000","2000","1000","2","2000","1"
"2003-07-23","0","2000","2000","1000","2","2000","1"
"2003-07-17","0","2000000","2000000","1000","2000","2000","1000"
"2003-07-15","0","2000","2000","1000","2","2000","1"
"2003-07-14","0","222000","222000","1000","222","2000","111"
"2003-07-10","0","700000","700000","1000","700","2000","350"
"2003-07-07","0","156000","156000","1000","156","2000","78"
"2003-07-04","-20","5136000","5136000","1000","5136","2000","2568"
"2003-05-26","-9.94","1250000","1250000","1250","1000","2500","500"
"2003-04-10","0","55500","55500","1388","40","2775","20"
"2003-04-01","-7.47","149850","149850","1388","108","2775","54"
"2003-03-13","0","12000","12000","1500","8","3000","4"
"2002-12-31","3.45","330000","330000","1500","220","3000","110"
"2002-12-30","0","580000","580000","1450","400","2900","200"
"2002-12-26","12.84","1267300","1267300","1450","874","2900","437"
"2002-12-12","0","25700","25700","1285","20","2570","10"
"2002-10-01","-0.39","2287300","2287300","1285","1780","2570","890"
"2002-09-26","0","51600","51600","1290","40","2580","20"
"2002-09-02","-0.39","25800","25800","1290","20","2580","10"
"2002-08-08","-0.23","25900","25900","1295","20","2590","10"
"2002-08-06","-0.15","77850","77850","1298","60","2595","30"
"2002-07-29","0","143000","143000","1300","110","2600","55"
"2002-07-23","0","314600","314600","1300","242","2600","121"
"2002-07-22","-6.81","1235000","1235000","1300","950","2600","475"
"2002-06-19","-0.36","103230","103230","1395","74","2790","37"
"2002-06-18","0","1993600","1993600","1400","1424","2800","712"
"2002-06-17","10.85","1528800","1528800","1400","1092","2800","546"
"2002-06-13","-14.37","126250","126250","1263","100","2525","50"
"2002-05-17","0","976450","976450","1475","662","2950","331"
"2002-05-16","0","3315800","3315800","1475","2248","2950","1124"
"2002-03-06","0","2950","2950","1475","2","2950","1"
"2002-02-27","0","29500","29500","1475","20","2950","10"
"2002-02-07","-1.67","194700","194700","1475","132","2950","66"
"2002-01-28","0","150000","150000","1500","100","3000","50"
"2002-01-02","-6.13","750000","750000","1500","500","3000","250"
"2001-12-28","0","15975000","15975000","1598","10000","3195","5000"
"2001-12-05","0","3195","3195","1598","2","3195","1"
"2001-10-26","-0.13","191700","191700","1598","120","3195","60"
"2001-10-24","0","12896000","12896000","1600","8060","3200","4030"
"2001-10-22","-8.57","12864000","12864000","1600","8040","3200","4020"
"2001-09-07","0","35000","35000","1750","20","3500","10"
"2001-08-29","0","3570000","3570000","1750","2040","3500","1020"
"2001-08-08","0","350000","350000","1750","200","3500","100"
"2001-08-03","0","1400000","1400000","1750","800","3500","400"
"2001-07-27","0","192500","192500","1750","110","3500","55"
"2001-07-20","0","756000","756000","1750","432","3500","216"
"2001-07-16","0","129500","129500","1750","74","3500","37"
"2001-07-13","0","444500","444500","1750","254","3500","127"
"2001-07-11","0","640500","640500","1750","366","3500","183"
"2001-07-06","0","1417500","1417500","1750","810","3500","405"
"2001-06-22","0","1190000","1190000","1750","680","3500","340"
"2001-06-20","0","203000","203000","1750","116","3500","58"
"2001-06-18","-10.26","465500","465500","1750","266","3500","133"
"2001-06-13","0","1751100","1751100","1950","898","3900","449"
"2001-06-11","0","74100","74100","1950","38","3900","19"
"2001-06-08","0","620100","620100","1950","318","3900","159"
"2001-06-06","0","39000","39000","1950","20","3900","10"
"2001-06-01","0","1560000","1560000","1950","800","3900","400"
"2001-05-30","0","1365000","1365000","1950","700","3900","350"
"2001-05-25","0","1092000","1092000","1950","560","3900","280"
"2001-05-23","-2.5","273000","273000","1950","140","3900","70"
"2001-05-21","2.56","160000","160000","2000","80","4000","40"
"2001-05-16","0","585000","585000","1950","300","3900","150"
"2001-05-11","0","175500","175500","1950","90","3900","45"
"2001-05-07","0","943800","943800","1950","484","3900","242"
"2001-05-04","-2.5","780000","780000","1950","400","3900","200"
"2001-04-25","2.56","160000","160000","2000","80","4000","40"
"2001-04-23","0","468000","468000","1950","240","3900","120"
"2001-04-13","0","819000","819000","1950","420","3900","210"
"2001-04-11","0","3767400","3767400","1950","1932","3900","966"
"2001-04-09","-2.5","156000","156000","1950","80","3900","40"
"2001-04-06","0","404000","404000","2000","202","4000","101"
"2001-04-04","0","320000","320000","2000","160","4000","80"
"2001-03-30","2.56","460000","460000","2000","230","4000","115"
"2001-03-28","0","46800","46800","1950","24","3900","12"
"2001-03-26","0","253500","253500","1950","130","3900","65"
"2001-03-23","0","1146600","1146600","1950","588","3900","294"
"2001-03-21","0","869700","869700","1950","446","3900","223"
"2001-03-16","0","4153500","4153500","1950","2130","3900","1065"
"2001-03-12","0","230100","230100","1950","118","3900","59"
"2001-03-07","0","425100","425100","1950","218","3900","109"
"2001-03-02","0","175500","175500","1950","90","3900","45"
"2001-02-28","0","117000","117000","1950","60","3900","30"
"2001-02-26","0","877500","877500","1950","450","3900","225"
"2001-02-23","0","331500","331500","1950","170","3900","85"
"2001-02-21","0","374400","374400","1950","192","3900","96"
"2001-02-19","0","312000","312000","1950","160","3900","80"
"2001-02-16","0","1950000","1950000","1950","1000","3900","500"
"2001-02-14","0","1606800","1606800","1950","824","3900","412"
"2001-02-12","0","156000","156000","1950","80","3900","40"
"2001-02-09","0","117000","117000","1950","60","3900","30"
"2001-02-07","0","1259700","1259700","1950","646","3900","323"
"2001-02-02","0","1716000","1716000","1950","880","3900","440"
"2001-01-31","0","6903000","6903000","1950","3540","3900","1770"
"2001-01-29","-2.5","3689400","3689400","1950","1892","3900","946"
"2001-01-24","-2.82","1240000","1240000","2000","620","4000","310"
"2001-01-19","-0.1","57610","57610","2058","28","4115","14"
"2001-01-17","0","24720","24720","2060","12","4120","6"
"2001-01-05","0","980560","980560","2060","476","4120","238"
"2001-01-03","-0.63","1062960","1062960","2060","516","4120","258"
"2000-12-22","-0.1","2113950","2113950","2073","1020","4145","510"
"2000-12-15","-1.1","4552550","4552550","2075","2194","4150","1097"
"2000-12-11","-0.1","1678000","1678000","2098","800","4195","400"
"2000-12-08","0","6300000","6300000","2100","3000","4200","1500"
"2000-12-06","0","109200","109200","2100","52","4200","26"
"2000-12-01","5","462000","462000","2100","220","4200","110"
"2000-11-29","-4.76","888000","888000","2000","444","4000","222"
"2000-11-24","0","21000","21000","2100","10","4200","5"
"2000-11-20","0","151200","151200","2100","72","4200","36"
"2000-11-17","5","23373000","23373000","2100","11130","4200","5565"
"2000-11-16","-4.76","40000","40000","2000","20","4000","10"
"2000-11-08","0","840000","840000","2100","400","4200","200"
"2000-10-30","0","84000","84000","2100","40","4200","20"
"2000-10-20","-6.67","2835000","2835000","2100","1350","4200","675"
"2000-10-16","-0.13","9409500","9409500","2250","4182","4500","2091"
"2000-10-11","0","22525","22525","2253","10","4505","5"
"2000-10-09","0.13","450500","450500","2253","200","4505","100"
"2000-10-06","0","1935000","1935000","2250","860","4500","430"
"2000-10-02","0","1507500","1507500","2250","670","4500","335"
"2000-09-29","0","900000","900000","2250","400","4500","200"
"2000-09-27","0","1345500","1345500","2250","598","4500","299"
"2000-09-25","0","283500","283500","2250","126","4500","63"
"2000-09-22","0","1116000","1116000","2250","496","4500","248"
"2000-09-20","0","540000","540000","2250","240","4500","120"
"2000-09-15","0","337500","337500","2250","150","4500","75"
"2000-09-13","0","2524500","2524500","2250","1122","4500","561"
"2000-09-11","0","247500","247500","2250","110","4500","55"
"2000-09-08","0","513000","513000","2250","228","4500","114"
"2000-09-06","0","1858500","1858500","2250","826","4500","413"
"2000-09-04","0","454500","454500","2250","202","4500","101"
"2000-09-01","0","3726000","3726000","2250","1656","4500","828"
"2000-08-30","-4.17","1030500","1030500","2250","458","4500","229"
"2000-08-23","0","46950","46950","2348","20","4695","10"
"2000-08-21","-0.09","929610","929610","2348","396","4695","198"
"2000-08-18","0","18800","18800","2350","8","4700","4"
"2000-08-16","-5.81","714400","714400","2350","304","4700","152"
"2000-08-09","-0.2","5708560","5708560","2495","2288","4990","1144"
"2000-07-26","0","100000","100000","2500","40","5000","20"
"2000-07-21","0","9000000","9000000","2500","3600","5000","1800"
"2000-07-19","0","500000","500000","2500","200","5000","100"
"2000-07-12","0","200000","200000","2500","80","5000","40"
"2000-06-28","0","15000","15000","2500","6","5000","3"
"2000-06-19","0","500000","500000","2500","200","5000","100"
"2000-05-22","0","100000","100000","2500","40","5000","20"
"2000-05-15","0","145000","145000","2500","58","5000","29"
"2000-05-12","0","575000","575000","2500","230","5000","115"
"2000-05-05","0","60000","60000","2500","24","5000","12"
"2000-04-26","0","200000","200000","2500","80","5000","40"
"2000-04-19","0","990000","990000","2500","396","5000","198"
"2000-04-12","0","850000","850000","2500","340","5000","170"
"2000-04-07","0","250000","250000","2500","100","5000","50"
"2000-04-05","0","40000","40000","2500","16","5000","8"
"2000-03-31","0","190000","190000","2500","76","5000","38"
"2000-03-29","0","1600000","1600000","2500","640","5000","320"
"2000-03-24","0","1495000","1495000","2500","598","5000","299"
"2000-03-22","0","400000","400000","2500","160","5000","80"
"2000-03-20","0","150000","150000","2500","60","5000","30"
"2000-03-01","0","325000","325000","2500","130","5000","65"
"2000-02-25","-16.67","10030000","10030000","2500","4012","5000","2006"
"2000-02-11","0","60000","60000","3000","20","6000","10"
"2000-02-09","0","60000","60000","3000","20","6000","10"
"2000-02-07","0","90000","90000","3000","30","6000","15"
"2000-01-28","0","60000","60000","3000","20","6000","10"
"2000-01-19","0","420000","420000","3000","140","6000","70"
"2000-01-14","0","630000","630000","3000","210","6000","105"
"2000-01-12","0","264000","264000","3000","88","6000","44"
"2000-01-05","0","1200000","1200000","3000","400","6000","200"
"1999-12-29","0","6702000","6702000","3000","2234","6000","1117"
"1999-12-22","0","3972000","3972000","3000","1324","6000","662"
"1999-12-20","0","136770000","136770000","3000","45590","6000","22795"
"1999-12-17","0","11238000","11238000","3000","3746","6000","1873"
"1999-12-15","0","1782000","1782000","3000","594","6000","297"
"1999-12-13","0","900000","900000","3000","300","6000","150"
"1999-12-10","0","120000","120000","3000","40","6000","20"
"1999-12-08","0","300000","300000","3000","100","6000","50"
"1999-12-06","0","1494000","1494000","3000","498","6000","249"
"1999-12-03","0","1638000","1638000","3000","546","6000","273"
"1999-12-01","0","1170000","1170000","3000","390","6000","195"
"1999-11-26","0","150000","150000","3000","50","6000","25"
"1999-11-24","0","2658000","2658000","3000","886","6000","443"
"1999-11-22","0","1260000","1260000","3000","420","6000","210"
"1999-11-19","0","2844000","2844000","3000","948","6000","474"
"1999-11-17","0","1470000","1470000","3000","490","6000","245"
"1999-11-10","0","888000","888000","3000","296","6000","148"
"1999-11-08","0","6000000","6000000","3000","2000","6000","1000"
"1999-11-05","0.17","8490000","8490000","3000","2830","6000","1415"
"1999-11-03","-0.17","71880","71880","2995","24","5990","12"
"1999-10-29","0","1344000","1344000","3000","448","6000","224"
"1999-10-27","-5.3","60000","60000","3000","20","6000","10"
"1999-10-25","-20.8","1837150","1837150","3168","580","6335","290"
"1999-10-18","","8000000","8000000","4000","2000","8000","1000"
