"Date","Variation","Valeur","Volume Devise Total","Cours Ajuste","Volume Ajuste Total","Cours Normal","Volume Normal Total"
"2026-09-09","0","23058670","23058670","3995","5811","3995","5811"
"2026-09-08","0.5","20225845","20225845","3995","5090","3995","5090"
"2026-09-07","1.92","19558215","19558215","3975","4916","3975","4916"
"2026-09-04","-1.27","19282590","19282590","3900","4908","3900","4908"
"2026-09-03","4.22","24178985","24178985","3950","6205","3950","6205"
"2026-09-02","-1.43","29707545","29707545","3790","7958","3790","7958"
"2026-09-01","1.18","8456870","8456870","3845","2235","3845","2235"
"2026-08-31","2.98","12283365","12283365","3800","3312","3800","3312"
"2026-08-28","0","8937030","8937030","3690","2421","3690","2421"
"2026-08-27","1.1","10848180","10848180","3690","2940","3690","2940"
"2026-08-26","1.39","9372320","9372320","3650","2529","3650","2529"
"2026-08-24","7.46","20227165","20227165","3600","5768","3600","5768"
"2026-08-21","-1.47","14805835","14805835","3350","4381","3350","4381"
"2026-08-20","0.44","16983245","16983245","3400","5006","3400","5006"
"2026-08-19","0","9508785","9508785","3385","2807","3385","2807"
"2026-08-18","2.58","15460545","15460545","3385","4589","3385","4589"
"2026-08-17","4.1","19160195","19160195","3300","5731","3300","5731"
"2026-08-14","-0.63","1353450","1353450","3170","425","3170","425"
"2026-08-13","0.31","5550935","5550935","3190","1744","3190","1744"
"2026-08-12","1.27","4203845","4203845","3180","1330","3180","1330"
"2026-08-11","4.32","4297440","4297440","3140","1379","3140","1379"
"2026-08-10","0","15591180","15591180","3010","5155","3010","5155"
"2026-08-06","7.5","1500325","1500325","3010","499","3010","499"
"2026-08-05","-6.67","10201475","10201475","2800","3530","2800","3530"
"2026-08-04","0.33","6751995","6751995","3000","2257","3000","2257"
"2026-08-03","-0.33","8531950","8531950","2990","2842","2990","2842"
"2026-07-31","0","7608510","7608510","3000","2550","3000","2550"
"2026-07-30","-0.66","19079185","19079185","3000","6722","3000","6722"
"2026-07-29","-2.58","6642985","6642985","3020","2175","3020","2175"
"2026-07-28","-0.8","4055790","4055790","3100","1312","3100","1312"
"2026-07-27","-0.64","4765010","4765010","3125","1523","3125","1523"
"2026-07-24","-1.1","28764510","28764510","3145","9553","3145","9553"
"2026-07-23","0","6509805","6509805","3180","2037","3180","2037"
"2026-07-22","7.43","24257125","24257125","3180","7995","3180","7995"
"2026-07-21","0.34","5058470","5058470","2960","1695","2960","1695"
"2026-07-20","-1.34","8590035","8590035","2950","2880","2950","2880"
"2026-07-17","1.36","9055820","9055820","2990","3023","2990","3023"
"2026-07-16","-6.35","17453180","17453180","2950","5740","2950","5740"
"2026-07-15","0.8","3112255","3112255","3150","990","3150","990"
"2026-07-14","0","32028230","32028230","3125","10553","3125","10553"
"2026-07-13","-0.79","6382500","6382500","3125","2032","3125","2032"
"2026-07-10","0","3717965","3717965","3150","1166","3150","1166"
"2026-07-09","0.32","2283545","2283545","3150","722","3150","722"
"2026-07-08","-0.32","10096415","10096415","3140","3242","3140","3242"
"2026-07-07","0","4827230","4827230","3150","1531","3150","1531"
"2026-07-06","-1.56","7253335","7253335","3150","2287","3150","2287"
"2026-07-03","-2.59","10204635","10204635","3200","3159","3200","3159"
"2026-07-02","0","5913515","5913515","3285","1794","3285","1794"
"2026-07-01","0.15","3695675","3695675","3285","1120","3285","1120"
"2026-06-30","2.02","2822490","2822490","3280","862","3280","862"
"2026-06-29","-1.83","8866290","8866290","3215","2755","3215","2755"
"2026-06-26","-0.76","2478445","2478445","3275","755","3275","755"
"2026-06-25","-0.15","9576155","9576155","3300","3068","3300","3068"
"2026-06-24","-2.65","5865075","5865075","3305","1749","3305","1749"
"2026-06-23","0.59","1939635","1939635","3395","572","3395","572"
"2026-06-22","-1.89","6041335","6041335","3375","1778","3375","1778"
"2026-06-19","0","4863315","4863315","3440","1414","3440","1414"
"2026-06-18","-1.57","7627165","7627165","3440","2210","3440","2210"
"2026-06-17","-2.1","10981450","10981450","3495","3096","3495","3096"
"2026-06-16","2","8022920","8022920","3570","2254","3570","2254"
"2026-06-15","4.48","36963560","36963560","3500","10632","3500","10632"
"2026-06-12","-0.3","23943450","23943450","3350","6978","3350","6978"
"2026-06-11","7.35","44652075","44652075","3360","13302","3360","13302"
"2026-06-10","7.38","21315145","21315145","3130","6932","3130","6932"
"2026-06-09","0.52","12168745","12168745","2915","4267","2915","4267"
"2026-06-08","0","13253145","13253145","2900","4574","2900","4574"
"2026-06-05","-4.92","6524480","6524480","2900","2187","2900","2187"
"2026-06-04","-0.16","8311005","8311005","3050","2737","3050","2737"
"2026-06-03","-5.42","9790400","9790400","3055","3187","3055","3187"
"2026-06-02","0.62","9288700","9288700","3230","2885","3230","2885"
"2026-06-01","0.78","5101775","5101775","3210","1569","3210","1569"
"2026-05-29","6.17","22023775","22023775","3185","7203","3185","7203"
"2026-05-28","4.17","3904805","3904805","3000","1331","3000","1331"
"2026-05-26","0.17","2633010","2633010","2880","914","2880","914"
"2026-05-22","0.52","1587205","1587205","2875","553","2875","553"
"2026-05-21","0.18","4790495","4790495","2860","1675","2860","1675"
"2026-05-20","0.35","2099175","2099175","2855","736","2855","736"
"2026-05-19","0","5807250","5807250","2845","2046","2845","2046"
"2026-05-18","-0.18","4467420","4467420","2845","1572","2845","1572"
"2026-05-15","0","5840100","5840100","2850","2046","2850","2046"
"2026-05-13","-4.36","8530535","8530535","2850","2995","2850","2995"
"2026-05-12","-0.17","22618910","22618910","2980","7588","2980","7588"
"2026-05-11","0.34","23046165","23046165","2985","7803","2985","7803"
"2026-05-08","-1.49","5969495","5969495","2975","1988","2975","1988"
"2026-05-07","0.17","3404115","3404115","3020","1121","3020","1121"
"2026-05-06","-2.58","27335720","27335720","3015","8882","3015","8882"
"2026-05-05","4.03","15137455","15137455","3095","5328","3095","5328"
"2026-05-04","-7.47","28745615","28745615","2975","9521","2975","9521"
"2026-04-30","-0.77","23479055","23479055","3215","7513","3215","7513"
"2026-04-29","-7.43","23924160","23924160","3240","7384","3240","7384"
"2026-04-28","-7.41","5131775","5131775","3500","1466","3500","1466"
"2026-04-27","3.42","19353915","19353915","3780","5041","3780","5041"
"2026-04-24","7.5","11688680","11688680","3655","3262","3655","3262"
"2026-04-23","2.87","3152070","3152070","3400","948","3400","948"
"2026-04-22","2.32","12747660","12747660","3305","3968","3305","3968"
"2026-04-21","-2.56","1773980","1773980","3230","541","3230","541"
"2026-04-20","0.3","560755","560755","3315","167","3315","167"
"2026-04-17","-4.2","8866195","8866195","3305","2653","3305","2653"
"2026-04-16","0.58","2101895","2101895","3450","617","3450","617"
"2026-04-15","0","3785920","3785920","3430","1106","3430","1106"
"2026-04-14","-1.29","2410645","2410645","3430","693","3430","693"
"2026-04-13","0.14","7745715","7745715","3475","2240","3475","2240"
"2026-04-10","1.46","1678770","1678770","3470","485","3470","485"
"2026-04-09","-0.15","5747495","5747495","3420","1677","3420","1677"
"2026-04-08","0.15","4483205","4483205","3425","1296","3425","1296"
"2026-04-07","-5","6722485","6722485","3420","1936","3420","1936"
"2026-04-03","-1.64","1720100","1720100","3600","473","3600","473"
"2026-04-02","0.83","7408250","7408250","3660","2013","3660","2013"
"2026-04-01","-1.89","3294755","3294755","3630","906","3630","906"
"2026-03-31","0.27","27028555","27028555","3700","7431","3700","7431"
"2026-03-30","5.43","13790640","13790640","3690","3724","3690","3724"
"2026-03-27","2.19","4992165","4992165","3500","1428","3500","1428"
"2026-03-26","-1.15","3620030","3620030","3425","1036","3425","1036"
"2026-03-25","-2.26","21120360","21120360","3465","5803","3465","5803"
"2026-03-24","-4.96","7080845","7080845","3545","1941","3545","1941"
"2026-03-23","6.88","16902225","16902225","3730","4655","3730","4655"
"2026-03-19","7.38","13637505","13637505","3490","3953","3490","3953"
"2026-03-18","0","3358475","3358475","3250","1016","3250","1016"
"2026-03-17","-4.27","11421455","11421455","3250","3448","3250","3448"
"2026-03-13","-1.59","1282870","1282870","3395","376","3395","376"
"2026-03-12","1.62","23936395","23936395","3450","6970","3450","6970"
"2026-03-11","-0.15","9977625","9977625","3395","2957","3395","2957"
"2026-03-10","3.03","62166940","62166940","3400","18207","3400","18207"
"2026-03-09","-2.8","9991435","9991435","3300","2969","3300","2969"
"2026-03-06","2.88","21877540","21877540","3395","6462","3395","6462"
"2026-03-05","4.76","10686005","10686005","3300","3361","3300","3361"
"2026-03-04","-5.12","12716690","12716690","3150","3995","3150","3995"
"2026-03-03","-4.05","14072115","14072115","3320","4176","3320","4176"
"2026-03-02","-6.61","13138235","13138235","3460","3727","3460","3727"
"2026-02-27","-1.72","6427885","6427885","3705","1717","3705","1717"
"2026-02-26","3.29","20791590","20791590","3770","5639","3770","5639"
"2026-02-25","3.69","29191395","29191395","3650","7896","3650","7896"
"2026-02-24","-3.56","20569595","20569595","3520","5827","3520","5827"
"2026-02-23","-3.69","16382155","16382155","3650","4413","3650","4413"
"2026-02-20","7.37","33768370","33768370","3790","8915","3790","8915"
"2026-02-19","7.46","18515830","18515830","3530","5246","3530","5246"
"2026-02-18","7.35","28993475","28993475","3285","8968","3285","8968"
"2026-02-17","0.33","25813405","25813405","3060","8475","3060","8475"
"2026-02-16","-0.65","12926010","12926010","3050","4238","3050","4238"
"2026-02-13","-0.32","7932835","7932835","3070","2594","3070","2594"
"2026-02-12","-0.65","7962055","7962055","3080","2598","3080","2598"
"2026-02-11","-0.32","11468930","11468930","3100","3691","3100","3691"
"2026-02-10","0.32","6508790","6508790","3110","2095","3110","2095"
"2026-02-09","0","26210300","26210300","3100","8455","3100","8455"
"2026-02-06","0.16","7565050","7565050","3100","2440","3100","2440"
"2026-02-05","2.15","3840110","3840110","3095","1250","3095","1250"
"2026-02-04","-0.16","12491125","12491125","3030","4102","3030","4102"
"2026-02-03","-0.16","8164225","8164225","3035","2670","3035","2670"
"2026-02-02","1.33","7140420","7140420","3040","2364","3040","2364"
"2026-01-30","-1.64","42145830","42145830","3000","14046","3000","14046"
"2026-01-29","5.17","22785685","22785685","3050","7742","3050","7742"
"2026-01-28","0","9302590","9302590","2900","3205","2900","3205"
"2026-01-27","0.17","797145","797145","2900","275","2900","275"
"2026-01-26","1.58","16220035","16220035","2895","5629","2895","5629"
"2026-01-23","1.79","4962725","4962725","2850","1736","2850","1736"
"2026-01-22","1.82","4017630","4017630","2800","1444","2800","1444"
"2026-01-21","1.85","1654170","1654170","2750","604","2750","604"
"2026-01-20","0","1993740","1993740","2700","737","2700","737"
"2026-01-19","0","6488405","6488405","2700","2411","2700","2411"
"2026-01-16","0","5981880","5981880","2700","2223","2700","2223"
"2026-01-15","1.5","4736815","4736815","2700","1771","2700","1771"
"2026-01-14","-1.66","11285865","11285865","2660","4213","2660","4213"
"2026-01-13","0","2292910","2292910","2705","847","2705","847"
"2026-01-12","-1.28","1299250","1299250","2705","476","2705","476"
"2026-01-09","0.74","4659480","4659480","2740","1714","2740","1714"
"2026-01-08","-0.37","8465160","8465160","2720","3089","2720","3089"
"2026-01-07","-1.8","4076530","4076530","2730","1489","2730","1489"
"2026-01-06","-0.71","6513655","6513655","2780","2348","2780","2348"
"2026-01-05","-4.11","7154680","7154680","2800","2543","2800","2543"
"2026-01-02","0.69","2733045","2733045","2920","936","2920","936"
"2025-12-31","0","5347600","5347600","2900","1806","2900","1806"
"2025-12-30","-4.92","6888810","6888810","2900","2315","2900","2315"
"2025-12-29","-0.97","6507840","6507840","3050","2116","3050","2116"
"2025-12-26","2.33","7037095","7037095","3080","2292","3080","2292"
"2025-12-24","0","2048255","2048255","3010","680","3010","680"
"2025-12-23","-0.5","6647635","6647635","3010","2199","3010","2199"
"2025-12-22","0.17","6596665","6596665","3025","2178","3025","2178"
"2025-12-19","-4.73","6440330","6440330","3020","2096","3020","2096"
"2025-12-18","0","4793180","4793180","3170","1509","3170","1509"
"2025-12-17","-0.31","11916230","11916230","3170","3794","3170","3794"
"2025-12-16","3.92","13960540","13960540","3180","4384","3180","4384"
"2025-12-15","7.37","18594275","18594275","3060","6109","3060","6109"
"2025-12-12","7.34","7542050","7542050","2850","2647","2850","2647"
"2025-12-11","7.49","16047710","16047710","2655","6382","2655","6382"
"2025-12-10","-0.4","4008030","4008030","2470","1614","2470","1614"
"2025-12-09","-0.8","3758915","3758915","2480","1508","2480","1508"
"2025-12-08","-1.77","7166360","7166360","2500","2864","2500","2864"
"2025-12-05","0.39","12107795","12107795","2545","4792","2545","4792"
"2025-12-04","-0.59","7051705","7051705","2535","2769","2535","2769"
"2025-12-03","1.39","13710965","13710965","2550","5427","2550","5427"
"2025-12-02","0.6","5516280","5516280","2515","2199","2515","2199"
"2025-12-01","0","4737750","4737750","2500","1903","2500","1903"
"2025-11-28","0","7075850","7075850","2500","2831","2500","2831"
"2025-11-27","6.84","12064625","12064625","2500","4884","2500","4884"
"2025-11-26","-2.5","1898200","1898200","2340","809","2340","809"
"2025-11-25","1.69","6992470","6992470","2400","2806","2400","2806"
"2025-11-24","0","2081225","2081225","2360","893","2360","893"
"2025-11-21","-1.26","6153740","6153740","2360","2587","2360","2587"
"2025-11-20","-0.42","2362665","2362665","2390","987","2390","987"
"2025-11-19","-1.64","2539205","2539205","2400","1062","2400","1062"
"2025-11-18","-0.41","3939780","3939780","2440","1617","2440","1617"
"2025-11-17","2.94","3435995","3435995","2450","1433","2450","1433"
"2025-11-14","0.85","2463440","2463440","2380","1036","2380","1036"
"2025-11-13","0.85","3699515","3699515","2360","1574","2360","1574"
"2025-11-12","-0.85","4891515","4891515","2340","2079","2340","2079"
"2025-11-11","-0.42","10527525","10527525","2360","4451","2360","4451"
"2025-11-10","1.28","17514140","17514140","2370","7373","2370","7373"
"2025-11-07","3.54","6956940","6956940","2340","2961","2340","2961"
"2025-11-06","6.6","11934500","11934500","2260","5464","2260","5464"
"2025-11-05","1.92","8530930","8530930","2120","4075","2120","4075"
"2025-11-04","-2.35","10654845","10654845","2080","5098","2080","5098"
"2025-11-03","-7.39","5832340","5832340","2130","2711","2130","2711"
"2025-10-31","-3.16","5308675","5308675","2300","2279","2300","2279"
"2025-10-30","-0.21","4246240","4246240","2375","1788","2375","1788"
"2025-10-29","0.21","5203445","5203445","2380","2187","2380","2187"
"2025-10-28","0","10114880","10114880","2375","4268","2375","4268"
"2025-10-27","0.42","18297915","18297915","2375","7705","2375","7705"
"2025-10-24","7.5","13435010","13435010","2365","5724","2365","5724"
"2025-10-23","7.32","52577955","52577955","2200","23981","2200","23981"
"2025-10-22","-6.82","25148910","25148910","2050","11713","2050","11713"
"2025-10-21","-5.17","9029695","9029695","2200","4054","2200","4054"
"2025-10-20","-1.28","13506075","13506075","2320","5800","2320","5800"
"2025-10-17","3.75","31859895","31859895","2350","13465","2350","13465"
"2025-10-16","7.35","13044135","13044135","2265","5759","2265","5759"
"2025-10-15","7.38","6739340","6739340","2110","3194","2110","3194"
"2025-10-14","7.38","7266660","7266660","1965","3699","1965","3699"
"2025-10-13","0.55","2829315","2829315","1830","1561","1830","1561"
"2025-10-10","0.83","2282250","2282250","1820","1268","1820","1268"
"2025-10-09","0","2023840","2023840","1805","1121","1805","1121"
"2025-10-08","0.28","635125","635125","1805","351","1805","351"
"2025-10-07","-0.55","2414865","2414865","1800","1341","1800","1341"
"2025-10-06","0","817685","817685","1810","452","1810","452"
"2025-10-03","-0.55","326750","326750","1810","180","1810","180"
"2025-10-02","0","434960","434960","1820","239","1820","239"
"2025-10-01","-0.27","238760","238760","1820","132","1820","132"
"2025-09-30","2.24","1987635","1987635","1825","1119","1825","1119"
"2025-09-29","-1.38","2307260","2307260","1785","1292","1785","1292"
"2025-09-26","0.56","983325","983325","1810","546","1810","546"
"2025-09-25","-0.55","7360215","7360215","1800","4089","1800","4089"
"2025-09-24","0","1301995","1301995","1810","713","1810","713"
"2025-09-23","0.56","1800530","1800530","1810","999","1810","999"
"2025-09-22","0.56","3892425","3892425","1800","2170","1800","2170"
"2025-09-19","0","884880","884880","1790","494","1790","494"
"2025-09-18","-0.56","657930","657930","1790","366","1790","366"
"2025-09-17","0.28","867950","867950","1800","483","1800","483"
"2025-09-16","-0.83","690720","690720","1795","384","1795","384"
"2025-09-15","0.84","1812550","1812550","1810","1001","1810","1001"
"2025-09-12","0","371440","371440","1795","212","1795","212"
"2025-09-11","4.06","1006645","1006645","1795","574","1795","574"
"2025-09-10","-4.17","3677050","3677050","1725","2083","1725","2083"
"2025-09-09","2.86","4295735","4295735","1800","2452","1800","2452"
"2025-09-08","-1.69","4052520","4052520","1750","2295","1750","2295"
"2025-09-05","1.14","2040605","2040605","1780","1164","1780","1164"
"2025-09-03","-1.12","1410625","1410625","1760","804","1760","804"
"2025-09-02","-1.11","686850","686850","1780","390","1780","390"
"2025-09-01","2.86","631470","631470","1800","355","1800","355"
"2025-08-29","-3.31","720370","720370","1750","414","1750","414"
"2025-08-28","0.56","719325","719325","1810","398","1810","398"
"2025-08-27","-1.64","691920","691920","1800","383","1800","383"
"2025-08-26","-0.27","1935330","1935330","1830","1070","1830","1070"
"2025-08-25","1.94","1469530","1469530","1835","803","1835","803"
"2025-08-22","0","3416285","3416285","1800","1887","1800","1887"
"2025-08-21","2.56","13523960","13523960","1800","7550","1800","7550"
"2025-08-20","0.29","1727855","1727855","1755","985","1755","985"
"2025-08-19","2.94","270925","270925","1750","155","1750","155"
"2025-08-18","-3.68","7930835","7930835","1700","4514","1700","4514"
"2025-08-14","0.86","316500","316500","1765","180","1765","180"
"2025-08-13","0.57","952390","952390","1750","545","1750","545"
"2025-08-12","-1.42","1136610","1136610","1740","671","1740","671"
"2025-08-11","-1.4","3752245","3752245","1765","2120","1765","2120"
"2025-08-08","4.07","1523510","1523510","1790","849","1790","849"
"2025-08-06","1.18","4926720","4926720","1720","2881","1720","2881"
"2025-08-05","-1.16","396160","396160","1700","231","1700","231"
"2025-08-04","1.18","1206040","1206040","1720","705","1720","705"
"2025-08-01","1.19","5280480","5280480","1700","3290","1700","3290"
"2025-07-31","-1.75","26060290","26060290","1680","15439","1680","15439"
"2025-07-30","1.79","24673205","24673205","1710","15396","1710","15396"
"2025-07-29","1.82","1523635","1523635","1680","903","1680","903"
"2025-07-28","0","283800","283800","1650","172","1650","172"
"2025-07-25","2.48","349110","349110","1650","211","1650","211"
"2025-07-24","0","483000","483000","1610","300","1610","300"
"2025-07-23","-2.42","3809850","3809850","1610","2366","1610","2366"
"2025-07-22","-2.94","1590920","1590920","1650","941","1650","941"
"2025-07-21","0","843110","843110","1700","498","1700","498"
"2025-07-18","0.59","1382400","1382400","1700","847","1700","847"
"2025-07-17","0","1101880","1101880","1690","652","1690","652"
"2025-07-16","0","2660755","2660755","1690","1570","1690","1570"
"2025-07-15","-1.46","861410","861410","1690","507","1690","507"
"2025-07-14","0.88","740905","740905","1715","436","1715","436"
"2025-07-11","3.03","544705","544705","1700","323","1700","323"
"2025-07-10","0","1876550","1876550","1650","1137","1650","1137"
"2025-07-09","0","910645","910645","1650","548","1650","548"
"2025-07-08","-2.37","7331300","7331300","1650","4418","1650","4418"
"2025-07-07","-1.17","821270","821270","1690","479","1690","479"
"2025-07-04","-0.58","1556350","1556350","1710","895","1710","895"
"2025-07-03","2.99","3227950","3227950","1720","1871","1720","1871"
"2025-07-02","-1.76","2326460","2326460","1670","1396","1670","1396"
"2025-07-01","-1.16","932150","932150","1700","545","1700","545"
"2025-06-30","0","277920","277920","1720","161","1720","161"
"2025-06-27","4.24","1588590","1588590","1720","936","1720","936"
"2025-06-26","-5.17","9544405","9544405","1650","5721","1650","5721"
"2025-06-25","-7.45","4562990","4562990","1740","2612","1740","2612"
"2025-06-24","-2.08","19036045","19036045","1880","10572","1880","10572"
"2025-06-23","-7.47","2165080","2165080","1920","1112","1920","1112"
"2025-06-20","-0.72","6499705","6499705","2075","3199","2075","3199"
"2025-06-19","7.46","31128430","31128430","2090","15785","2090","15785"
"2025-06-18","5.42","2812970","2812970","1945","1504","1945","1504"
"2025-06-17","0.27","4050385","4050385","1845","2224","1845","2224"
"2025-06-16","0","5051890","5051890","1840","2790","1840","2790"
"2025-06-13","6.98","5625880","5625880","1840","3198","1840","3198"
"2025-06-12","7.5","2831300","2831300","1720","1706","1720","1706"
"2025-06-11","-6.43","7403370","7403370","1600","4545","1600","4545"
"2025-06-10","3.01","4076950","4076950","1710","2420","1710","2420"
"2025-06-05","0","9738890","9738890","1660","6087","1660","6087"
"2025-06-04","3.75","16250020","16250020","1660","10214","1660","10214"
"2025-06-03","0","13019040","13019040","1600","8141","1600","8141"
"2025-06-02","0","576260","576260","1600","360","1600","360"
"2025-05-30","0","3907810","3907810","1600","2463","1600","2463"
"2025-05-28","1.27","2327840","2327840","1600","1467","1600","1467"
"2025-05-27","0","7381760","7381760","1580","4672","1580","4672"
"2025-05-26","-0.94","989605","989605","1580","626","1580","626"
"2025-05-23","-0.31","7798655","7798655","1595","4928","1595","4928"
"2025-05-22","4.92","1092640","1092640","1600","687","1600","687"
"2025-05-21","-4.09","2067380","2067380","1525","1306","1525","1306"
"2025-05-20","-0.63","2138180","2138180","1590","1342","1590","1342"
"2025-05-19","-0.31","7628645","7628645","1600","4768","1600","4768"
"2025-05-16","0","738375","738375","1605","461","1605","461"
"2025-05-15","-0.31","4410680","4410680","1605","2891","1605","2891"
"2025-05-14","0","1111800","1111800","1610","718","1610","718"
"2025-05-13","0","12142875","12142875","1610","7543","1610","7543"
"2025-05-12","0.31","3654150","3654150","1610","2275","1610","2275"
"2025-05-09","-0.31","1683385","1683385","1605","1046","1605","1046"
"2025-05-08","-1.23","1102790","1102790","1610","676","1610","676"
"2025-05-07","-0.31","2615185","2615185","1630","1603","1630","1603"
"2025-05-06","0","1578030","1578030","1635","968","1635","968"
"2025-05-05","-3.82","1545085","1545085","1635","918","1635","918"
"2025-05-02","-2.86","7704080","7704080","1700","4716","1700","4716"
"2025-04-30","-2.78","1618315","1618315","1750","919","1750","919"
"2025-04-29","0","1117780","1117780","1800","621","1800","621"
"2025-04-28","1.12","1189635","1189635","1800","661","1800","661"
"2025-04-25","-1.11","1775800","1775800","1780","1012","1780","1012"
"2025-04-24","1.69","538945","538945","1800","303","1800","303"
"2025-04-23","3.21","124340","124340","1770","70","1770","70"
"2025-04-22","-3.65","1475975","1475975","1715","843","1715","843"
"2025-04-18","0","461020","461020","1780","259","1780","259"
"2025-04-17","3.79","118895","118895","1780","67","1780","67"
"2025-04-16","-3.65","817645","817645","1715","471","1715","471"
"2025-04-15","-1.11","852460","852460","1780","476","1780","476"
"2025-04-14","0","530745","530745","1800","295","1800","295"
"2025-04-11","1.12","7716930","7716930","1800","4333","1800","4333"
"2025-04-10","0","641630","641630","1780","364","1780","364"
"2025-04-09","-0.28","1663830","1663830","1780","944","1780","944"
"2025-04-08","0","756700","756700","1785","438","1785","438"
"2025-04-07","0.28","3636900","3636900","1785","2035","1785","2035"
"2025-04-04","0","1611235","1611235","1780","898","1780","898"
"2025-04-03","0","890000","890000","1780","500","1780","500"
"2025-04-02","0","3759490","3759490","1780","2111","1780","2111"
"2025-04-01","-0.84","7133185","7133185","1780","4204","1780","4204"
"2025-03-28","0","2173995","2173995","1795","1213","1795","1213"
"2025-03-26","0.28","1777145","1777145","1795","993","1795","993"
"2025-03-25","-0.56","3077670","3077670","1790","1714","1790","1714"
"2025-03-24","0.28","3806250","3806250","1800","2115","1800","2115"
"2025-03-21","0","995750","995750","1795","555","1795","555"
"2025-03-20","-2.45","5860800","5860800","1795","3246","1795","3246"
"2025-03-19","0","16931840","16931840","1840","9405","1840","9405"
"2025-03-18","1.66","2949275","2949275","1840","1630","1840","1630"
"2025-03-17","0.56","770280","770280","1810","431","1810","431"
"2025-03-14","0","14040585","14040585","1800","7795","1800","7795"
"2025-03-13","-2.7","8813350","8813350","1800","4891","1800","4891"
"2025-03-12","2.78","1772355","1772355","1850","984","1850","984"
"2025-03-11","0.28","1587010","1587010","1800","918","1800","918"
"2025-03-10","-4.01","546245","546245","1795","304","1795","304"
"2025-03-07","0","2136615","2136615","1870","1200","1870","1200"
"2025-03-06","2.47","377690","377690","1870","204","1870","204"
"2025-03-05","0","418480","418480","1825","231","1825","231"
"2025-03-04","-2.67","2298975","2298975","1825","1258","1825","1258"
"2025-03-03","-0.27","2203045","2203045","1875","1177","1875","1177"
"2025-02-28","4.44","53150","53150","1880","29","1880","29"
"2025-02-27","-4.26","5206995","5206995","1800","2891","1800","2891"
"2025-02-26","0","3030405","3030405","1880","1707","1880","1707"
"2025-02-25","0","7998170","7998170","1880","4322","1880","4322"
"2025-02-24","0","364110","364110","1880","195","1880","195"
"2025-02-21","7.43","17126160","17126160","1880","9783","1880","9783"
"2025-02-20","-7.16","1173045","1173045","1750","655","1750","655"
"2025-02-19","0.27","568025","568025","1885","305","1885","305"
"2025-02-18","1.62","5587060","5587060","1880","3073","1880","3073"
"2025-02-17","1.93","1533180","1533180","1850","832","1850","832"
"2025-02-14","-0.27","389325","389325","1815","214","1815","214"
"2025-02-13","-0.82","74830","74830","1820","41","1820","41"
"2025-02-12","0","42205","42205","1835","23","1835","23"
"2025-02-11","0","1680510","1680510","1835","916","1835","916"
"2025-02-10","0","4712775","4712775","1835","2568","1835","2568"
"2025-02-07","0","1403585","1403585","1835","764","1835","764"
"2025-02-06","0","181420","181420","1835","100","1835","100"
"2025-02-05","0","196170","196170","1835","107","1835","107"
"2025-02-04","0","1715335","1715335","1835","1001","1835","1001"
"2025-02-03","0","184645","184645","1835","104","1835","104"
"2025-01-30","0.27","658220","658220","1835","383","1835","383"
"2025-01-29","-0.54","962395","962395","1830","562","1830","562"
"2025-01-28","-0.27","163360","163360","1840","89","1840","89"
"2025-01-27","0.54","598740","598740","1845","326","1845","326"
"2025-01-24","1.94","1977515","1977515","1835","1108","1835","1108"
"2025-01-23","0.28","621975","621975","1800","340","1800","340"
"2025-01-22","4.66","9126830","9126830","1795","5071","1795","5071"
"2025-01-21","-7.3","1990185","1990185","1715","1131","1715","1131"
"2025-01-20","5.41","807250","807250","1850","451","1850","451"
"2025-01-17","-5.39","12585","12585","1755","7","1755","7"
"2025-01-16","0","73800","73800","1855","40","1855","40"
"2025-01-15","0","315350","315350","1855","170","1855","170"
"2025-01-14","0","407710","407710","1855","223","1855","223"
"2025-01-13","0","1855","1855","1855","1","1855","1"
"2025-01-10","5.1","580000","580000","1855","324","1855","324"
"2025-01-09","-5.11","571005","571005","1765","313","1765","313"
"2025-01-08","-0.27","125505","125505","1860","70","1860","70"
"2025-01-07","-1.84","355385","355385","1865","188","1865","188"
"2025-01-06","0","583300","583300","1900","307","1900","307"
"2025-01-03","-0.26","5910640","5910640","1900","3095","1900","3095"
"2025-01-02","0.26","503755","503755","1905","264","1905","264"
"2024-12-31","0","106400","106400","1900","56","1900","56"
"2024-12-30","-1.04","135740","135740","1900","71","1900","71"
"2024-12-27","6.67","724625","724625","1920","389","1920","389"
"2024-12-26","0","2203300","2203300","1800","1240","1800","1240"
"2024-12-24","0","1662300","1662300","1800","931","1800","931"
"2024-12-23","0","291725","291725","1800","162","1800","162"
"2024-12-20","1.41","1357100","1357100","1800","764","1800","764"
"2024-12-19","-4.05","13776050","13776050","1775","7693","1775","7693"
"2024-12-18","0","780700","780700","1850","422","1850","422"
"2024-12-17","-2.37","903765","903765","1850","483","1850","483"
"2024-12-16","1.88","870450","870450","1895","483","1895","483"
"2024-12-13","-2.11","233615","233615","1860","125","1860","125"
"2024-12-12","0","2672880","2672880","1900","1479","1900","1479"
"2024-12-11","3.83","444960","444960","1900","236","1900","236"
"2024-12-10","-6.15","2050580","2050580","1830","1091","1830","1091"
"2024-12-09","0","549900","549900","1950","282","1950","282"
"2024-12-06","5.98","709550","709550","1950","364","1950","364"
"2024-12-05","-7.07","1678925","1678925","1840","864","1840","864"
"2024-12-04","1.54","1770690","1770690","1980","899","1980","899"
"2024-12-03","-1.52","14233025","14233025","1950","7226","1950","7226"
"2024-12-02","-0.5","502675","502675","1980","269","1980","269"
"2024-11-29","4.74","545975","545975","1990","278","1990","278"
"2024-11-28","0","1220500","1220500","1900","650","1900","650"
"2024-11-27","0","1659750","1659750","1900","876","1900","876"
"2024-11-26","1.33","476370","476370","1900","253","1900","253"
"2024-11-25","-5.3","1125600","1125600","1875","595","1875","595"
"2024-11-22","4.21","1871355","1871355","1980","982","1980","982"
"2024-11-21","0.26","1290095","1290095","1900","679","1900","679"
"2024-11-20","0","1760765","1760765","1895","934","1895","934"
"2024-11-19","6.46","214715","214715","1895","119","1895","119"
"2024-11-18","-4.81","2461135","2461135","1780","1340","1780","1340"
"2024-11-14","-5.79","846620","846620","1870","452","1870","452"
"2024-11-13","7.3","10562330","10562330","1985","5658","1985","5658"
"2024-11-12","-7.5","2145250","2145250","1850","1142","1850","1142"
"2024-11-11","0","1428000","1428000","2000","716","2000","716"
"2024-11-08","0","2498750","2498750","2000","1254","2000","1254"
"2024-11-07","-0.99","1708340","1708340","2000","853","2000","853"
"2024-11-06","0","501195","501195","2020","247","2020","247"
"2024-11-05","-0.74","2081665","2081665","2020","1027","2020","1027"
"2024-11-04","-7.5","11369520","11369520","2035","5309","2035","5309"
"2024-10-31","-1.79","301420","301420","2200","137","2200","137"
"2024-10-30","2.75","24640","24640","2240","11","2240","11"
"2024-10-29","1.4","391280","391280","2180","177","2180","177"
"2024-10-28","0.47","62350","62350","2150","29","2150","29"
"2024-10-25","-4.46","2673130","2673130","2140","1195","2140","1195"
"2024-10-24","-0.22","1425010","1425010","2240","636","2240","636"
"2024-10-23","5.65","96260","96260","2245","44","2245","44"
"2024-10-22","-7.41","4068365","4068365","2125","1797","2125","1797"
"2024-10-21","6.99","4532215","4532215","2295","2098","2295","2098"
"2024-10-18","0","546975","546975","2145","255","2145","255"
"2024-10-17","0.7","2170805","2170805","2145","1052","2145","1052"
"2024-10-16","1.43","708785","708785","2130","336","2130","336"
"2024-10-15","5","1277895","1277895","2100","599","2100","599"
"2024-10-14","-4.31","1410685","1410685","2000","683","2000","683"
"2024-10-11","7.46","1402380","1402380","2090","712","2090","712"
"2024-10-10","-7.38","17882500","17882500","1945","9087","1945","9087"
"2024-10-09","2.94","8210110","8210110","2100","3863","2100","3863"
"2024-10-08","-7.06","6949450","6949450","2040","3313","2040","3313"
"2024-10-07","-0.23","3100750","3100750","2195","1431","2195","1431"
"2024-10-04","-4.35","1591980","1591980","2200","720","2200","720"
"2024-10-03","0","6265060","6265060","2300","2817","2300","2817"
"2024-10-02","0","452470","452470","2300","202","2300","202"
"2024-10-01","0","1650030","1650030","2300","739","2300","739"
"2024-09-30","-1.5","3234035","3234035","2300","1477","2300","1477"
"2024-09-27","-1.27","2739115","2739115","2335","1171","2335","1171"
"2024-09-26","-1.66","682975","682975","2365","298","2365","298"
"2024-09-25","-3.8","2240200","2240200","2405","898","2405","898"
"2024-09-24","-1.77","3167660","3167660","2500","1262","2500","1262"
"2024-09-23","1.6","8979340","8979340","2545","3735","2545","3735"
"2024-09-20","4.81","5443150","5443150","2505","2278","2505","2278"
"2024-09-19","0","5846610","5846610","2390","2484","2390","2484"
"2024-09-18","-7.36","10945990","10945990","2390","4555","2390","4555"
"2024-09-17","-0.19","100735","100735","2580","39","2580","39"
"2024-09-16","-0.19","982170","982170","2585","392","2585","392"
"2024-09-13","-0.38","353900","353900","2590","137","2590","137"
"2024-09-12","6.12","208250","208250","2600","84","2600","84"
"2024-09-11","-7.37","2281200","2281200","2450","885","2450","885"
"2024-09-10","-2.04","648680","648680","2645","245","2645","245"
"2024-09-09","-1.82","3771675","3771675","2700","1392","2700","1392"
"2024-09-06","0","629720","629720","2750","233","2750","233"
"2024-09-05","-1.79","1307450","1307450","2750","478","2750","478"
"2024-09-04","-3.45","705695","705695","2800","250","2800","250"
"2024-09-03","3.94","2679500","2679500","2900","958","2900","958"
"2024-09-02","-0.18","1882030","1882030","2790","676","2790","676"
"2024-08-30","7.5","985805","985805","2795","356","2795","356"
"2024-08-29","1.17","1761790","1761790","2600","678","2600","678"
"2024-08-28","4.9","9903965","9903965","2570","3946","2570","3946"
"2024-08-27","0.82","3351635","3351635","2450","1375","2450","1375"
"2024-08-26","1.25","4602730","4602730","2430","1911","2430","1911"
"2024-08-23","1.05","6814010","6814010","2400","2860","2400","2860"
"2024-08-22","1.06","16949395","16949395","2375","7138","2375","7138"
"2024-08-21","0.21","7936165","7936165","2350","3408","2350","3408"
"2024-08-20","1.3","843500","843500","2345","364","2345","364"
"2024-08-19","1.31","3144520","3144520","2315","1359","2315","1359"
"2024-08-16","3.86","2804950","2804950","2285","1250","2285","1250"
"2024-08-14","-1.79","1827200","1827200","2200","830","2200","830"
"2024-08-13","0","2113850","2113850","2240","946","2240","946"
"2024-08-12","0","20556935","20556935","2240","9191","2240","9191"
"2024-08-09","0.67","674110","674110","2240","302","2240","302"
"2024-08-08","2.53","8614375","8614375","2225","3976","2225","3976"
"2024-08-06","0","7286860","7286860","2170","3358","2170","3358"
"2024-08-05","0","12594455","12594455","2170","5804","2170","5804"
"2024-08-02","-2.69","1381750","1381750","2170","628","2170","628"
"2024-08-01","-0.89","1473650","1473650","2230","661","2230","661"
"2024-07-31","-1.96","2579580","2579580","2250","1145","2250","1145"
"2024-07-30","-0.22","3870030","3870030","2295","1704","2295","1704"
"2024-07-29","1.1","3565320","3565320","2300","1547","2300","1547"
"2024-07-26","-5.01","2267990","2267990","2275","965","2275","965"
"2024-07-25","-0.21","199065","199065","2395","83","2395","83"
"2024-07-24","-0.41","22711225","22711225","2400","9660","2400","9660"
"2024-07-23","0.42","2238730","2238730","2410","946","2410","946"
"2024-07-22","-0.83","1877635","1877635","2400","782","2400","782"
"2024-07-19","7.32","5364645","5364645","2420","2328","2420","2328"
"2024-07-18","2.5","1739850","1739850","2255","773","2255","773"
"2024-07-17","2.33","3709600","3709600","2200","1700","2200","1700"
"2024-07-16","-1.38","7774260","7774260","2150","3614","2150","3614"
"2024-07-15","-2.24","4211280","4211280","2180","1894","2180","1894"
"2024-07-12","3.48","1916565","1916565","2230","883","2230","883"
"2024-07-11","-1.15","1013100","1013100","2155","470","2155","470"
"2024-07-10","1.16","6464275","6464275","2180","2998","2180","2998"
"2024-07-09","0","3696920","3696920","2155","1719","2155","1719"
"2024-07-08","3.61","8798725","8798725","2155","4149","2155","4149"
"2024-07-05","0","2550635","2550635","2080","1224","2080","1224"
"2024-07-04","0.24","5610645","5610645","2080","2704","2080","2704"
"2024-07-03","2.72","1982715","1982715","2075","961","2075","961"
"2024-07-02","0","3911540","3911540","2020","1935","2020","1935"
"2024-07-01","1","4010685","4010685","2020","1991","2020","1991"
"2024-06-28","0","6083740","6083740","2000","3036","2000","3036"
"2024-06-27","-5.44","5730565","5730565","2000","2811","2000","2811"
"2024-06-26","-0.94","190750","190750","2115","90","2115","90"
"2024-06-25","1.91","1843550","1843550","2135","869","2135","869"
"2024-06-24","4.75","9685645","9685645","2095","4806","2095","4806"
"2024-06-21","0.25","15487690","15487690","2000","7744","2000","7744"
"2024-06-20","0","1157100","1157100","1995","580","1995","580"
"2024-06-19","-0.25","11725525","11725525","1995","5867","1995","5867"
"2024-06-18","0.25","4134905","4134905","2000","2070","2000","2070"
"2024-06-14","-0.25","3569120","3569120","1995","1786","1995","1786"
"2024-06-13","2.56","15111305","15111305","2000","7589","2000","7589"
"2024-06-12","-1.52","1072500","1072500","1950","550","1950","550"
"2024-06-11","4.21","3505020","3505020","1980","1828","1980","1828"
"2024-06-10","0.53","628760","628760","1900","332","1900","332"
"2024-06-07","-0.26","1732810","1732810","1890","904","1890","904"
"2024-06-06","1.07","233985","233985","1895","124","1895","124"
"2024-06-05","-1.06","2903640","2903640","1875","1540","1875","1540"
"2024-06-04","3.27","1500700","1500700","1895","811","1895","811"
"2024-06-03","0","4728110","4728110","1835","2582","1835","2582"
"2024-05-31","-0.54","128250","128250","1835","70","1835","70"
"2024-05-30","2.5","11207890","11207890","1845","6232","1845","6232"
"2024-05-29","1.12","4627640","4627640","1800","2589","1800","2589"
"2024-05-28","0","1313800","1313800","1780","735","1780","735"
"2024-05-27","0","114580","114580","1780","65","1780","65"
"2024-05-24","2.01","3615005","3615005","1780","2031","1780","2031"
"2024-05-23","1.16","3779970","3779970","1745","2162","1745","2162"
"2024-05-22","-0.29","7767390","7767390","1725","4488","1725","4488"
"2024-05-21","-0.86","4384755","4384755","1730","2535","1730","2535"
"2024-05-17","-2.24","5264655","5264655","1745","2955","1745","2955"
"2024-05-16","0","1620165","1620165","1785","909","1785","909"
"2024-05-15","2","14977915","14977915","1785","8494","1785","8494"
"2024-05-14","0.29","37579800","37579800","1750","21475","1750","21475"
"2024-05-13","-0.57","11565030","11565030","1745","6632","1745","6632"
"2024-05-10","2.33","3472510","3472510","1755","1990","1755","1990"
"2024-05-08","0.59","2879395","2879395","1715","1688","1715","1688"
"2024-05-07","0","28368010","28368010","1705","16680","1705","16680"
"2024-05-06","-1.73","4468265","4468265","1705","2585","1705","2585"
"2024-05-03","0.87","13208390","13208390","1735","7622","1735","7622"
"2024-05-02","7.5","14391280","14391280","1720","8368","1720","8368"
"2024-04-30","7.38","3448000","3448000","1600","2155","1600","2155"
"2024-04-29","7.19","2632830","2632830","1490","1767","1490","1767"
"2024-04-26","7.34","1590160","1590160","1390","1144","1390","1144"
"2024-04-25","1.17","185640","185640","1295","144","1295","144"
"2024-04-24","0","397660","397660","1280","310","1280","310"
"2024-04-23","-0.78","755790","755790","1280","590","1280","590"
"2024-04-22","0.39","803270","803270","1290","623","1290","623"
"2024-04-19","6.64","313220","313220","1285","246","1285","246"
"2024-04-18","-5.49","2363685","2363685","1205","1877","1205","1877"
"2024-04-17","1.59","50750","50750","1275","40","1275","40"
"2024-04-16","-0.79","525195","525195","1255","418","1255","418"
"2024-04-15","-0.39","121735","121735","1265","96","1265","96"
"2024-04-12","1.2","366680","366680","1270","291","1270","291"
"2024-04-11","-1.18","270500","270500","1255","215","1255","215"
"2024-04-09","0.4","470605","470605","1270","373","1270","373"
"2024-04-08","-0.78","157340","157340","1265","124","1265","124"
"2024-04-05","-0.39","973395","973395","1275","761","1275","761"
"2024-04-04","0","320000","320000","1280","250","1280","250"
"2024-04-03","0","328960","328960","1280","257","1280","257"
"2024-04-02","0","809140","809140","1280","639","1280","639"
"2024-03-29","0","535040","535040","1280","418","1280","418"
"2024-03-28","0","160305","160305","1280","126","1280","126"
"2024-03-27","0","224455","224455","1280","176","1280","176"
"2024-03-26","-0.39","880980","880980","1280","698","1280","698"
"2024-03-25","0.39","1527930","1527930","1285","1190","1285","1190"
"2024-03-22","0","345250","345250","1280","270","1280","270"
"2024-03-21","-0.39","436400","436400","1280","340","1280","340"
"2024-03-20","0","331530","331530","1285","258","1285","258"
"2024-03-19","0","215880","215880","1285","168","1285","168"
"2024-03-18","0","109225","109225","1285","85","1285","85"
"2024-03-15","2.8","359800","359800","1285","280","1285","280"
"2024-03-14","0","112550","112550","1250","90","1250","90"
"2024-03-13","-0.79","1263310","1263310","1250","1009","1250","1009"
"2024-03-12","0.4","401790","401790","1260","319","1260","319"
"2024-03-11","-3.83","360560","360560","1255","264","1255","264"
"2024-03-08","0.77","352400","352400","1305","280","1305","280"
"2024-03-07","0.78","336440","336440","1295","260","1295","260"
"2024-03-06","3.21","947300","947300","1285","755","1285","755"
"2024-03-05","1.63","293770","293770","1245","236","1245","236"
"2024-03-04","-3.92","499440","499440","1225","399","1225","399"
"2024-03-01","-1.92","366860","366860","1275","292","1275","292"
"2024-02-29","0","122900","122900","1300","95","1300","95"
"2024-02-28","0","13000","13000","1300","10","1300","10"
"2024-02-27","4","1235850","1235850","1300","1028","1300","1028"
"2024-02-26","-0.79","61250","61250","1250","49","1250","49"
"2024-02-23","-6.32","2141955","2141955","1260","1698","1260","1698"
"2024-02-22","-0.37","323230","323230","1345","244","1345","244"
"2024-02-21","0.37","269150","269150","1350","200","1350","200"
"2024-02-20","-0.37","136180","136180","1345","101","1345","101"
"2024-02-19","3.85","233500","233500","1350","175","1350","175"
"2024-02-16","-3.35","159800","159800","1300","119","1300","119"
"2024-02-15","5.08","136750","136750","1345","103","1345","103"
"2024-02-14","-7.25","371400","371400","1280","280","1280","280"
"2024-02-13","6.98","911965","911965","1380","661","1380","661"
"2024-02-09","-4.44","77400","77400","1290","60","1290","60"
"2024-02-08","4.65","600065","600065","1350","450","1350","450"
"2024-02-07","-7.19","2515930","2515930","1290","1950","1290","1950"
"2024-02-06","0","138935","138935","1390","100","1390","100"
"2024-02-05","6.92","2391165","2391165","1390","1861","1390","1861"
"2024-02-02","-6.81","75400","75400","1300","58","1300","58"
"2024-02-01","0.36","503640","503640","1395","375","1395","375"
"2024-01-31","0","148110","148110","1390","110","1390","110"
"2024-01-30","7.34","222100","222100","1390","160","1390","160"
"2024-01-29","-7.5","2055850","2055850","1295","1579","1295","1579"
"2024-01-26","3.7","1242135","1242135","1400","910","1400","910"
"2024-01-25","-2.17","1492310","1492310","1350","1087","1350","1087"
"2024-01-24","0","28305","28305","1380","21","1380","21"
"2024-01-23","2.22","481990","481990","1380","356","1380","356"
"2024-01-22","-3.57","285690","285690","1350","216","1350","216"
"2024-01-19","3.7","3136400","3136400","1400","2251","1400","2251"
"2024-01-18","0","107000","107000","1350","80","1350","80"
"2024-01-17","-2.17","1026575","1026575","1350","755","1350","755"
"2024-01-16","0","556970","556970","1380","405","1380","405"
"2024-01-15","6.15","51150","51150","1380","37","1380","37"
"2024-01-12","-5.8","452230","452230","1300","348","1300","348"
"2024-01-11","0.36","1378375","1378375","1380","1005","1380","1005"
"2024-01-10","4.56","71500","71500","1375","52","1375","52"
"2024-01-09","-7.39","571120","571120","1315","421","1315","421"
"2024-01-08","2.53","4291410","4291410","1420","3053","1420","3053"
"2024-01-05","-0.36","83300","83300","1385","60","1385","60"
"2024-01-04","-2.11","1151790","1151790","1390","845","1390","845"
"2024-01-03","0","1403120","1403120","1420","1000","1420","1000"
"2024-01-02","6.77","894595","894595","1420","671","1420","671"
"2023-12-29","2.31","1566130","1566130","1330","1271","1330","1271"
"2023-12-28","-2.99","972500","972500","1300","735","1300","735"
"2023-12-27","0.75","428420","428420","1340","323","1340","323"
"2023-12-26","-0.75","258020","258020","1330","194","1330","194"
"2023-12-22","3.08","266580","266580","1340","205","1340","205"
"2023-12-21","0.39","427955","427955","1300","330","1300","330"
"2023-12-20","0","649590","649590","1295","502","1295","502"
"2023-12-19","0","660870","660870","1295","519","1295","519"
"2023-12-18","0","1723580","1723580","1295","1334","1295","1334"
"2023-12-15","0","25900","25900","1295","20","1295","20"
"2023-12-14","0","1296760","1296760","1295","1002","1295","1002"
"2023-12-13","0","37555","37555","1295","29","1295","29"
"2023-12-12","0","527100","527100","1295","408","1295","408"
"2023-12-11","0","3493515","3493515","1295","2707","1295","2707"
"2023-12-08","0","660450","660450","1295","510","1295","510"
"2023-12-07","5.28","673400","673400","1295","520","1295","520"
"2023-12-06","-4.65","1057210","1057210","1230","823","1230","823"
"2023-12-05","0","506970","506970","1290","393","1290","393"
"2023-12-04","6.61","327530","327530","1290","267","1290","267"
"2023-12-01","-1.63","302500","302500","1210","250","1210","250"
"2023-11-30","0.41","67515","67515","1230","55","1230","55"
"2023-11-29","-0.41","103565","103565","1225","87","1225","87"
"2023-11-28","0.82","858660","858660","1230","716","1230","716"
"2023-11-27","-0.81","347035","347035","1220","284","1220","284"
"2023-11-24","1.65","162525","162525","1230","134","1230","134"
"2023-11-23","0.41","520825","520825","1210","430","1210","430"
"2023-11-22","-2.03","679785","679785","1205","562","1205","562"
"2023-11-21","0.82","750300","750300","1230","610","1230","610"
"2023-11-20","0","29350","29350","1220","24","1220","24"
"2023-11-17","1.67","79220","79220","1220","66","1220","66"
"2023-11-16","3.45","261600","261600","1200","218","1200","218"
"2023-11-14","7.41","1550500","1550500","1160","1447","1160","1447"
"2023-11-13","-3.14","3015565","3015565","1080","2732","1080","2732"
"2023-11-10","0","520455","520455","1115","467","1115","467"
"2023-11-09","0.9","849925","849925","1115","763","1115","763"
"2023-11-08","-6.75","3033515","3033515","1105","2736","1105","2736"
"2023-11-07","0","410030","410030","1185","347","1185","347"
"2023-11-06","-0.42","282050","282050","1185","240","1185","240"
"2023-11-03","-0.83","535500","535500","1190","450","1190","450"
"2023-11-02","7.14","1167330","1167330","1200","1053","1200","1053"
"2023-10-31","0.9","120090","120090","1120","108","1120","108"
"2023-10-30","-7.5","665310","665310","1110","598","1110","598"
"2023-10-27","-3.23","621590","621590","1200","518","1200","518"
"2023-10-26","3.33","248215","248215","1240","203","1240","203"
"2023-10-25","0","111765","111765","1200","93","1200","93"
"2023-10-24","-0.41","784945","784945","1200","653","1200","653"
"2023-10-23","-3.6","573280","573280","1205","475","1205","475"
"2023-10-20","0","77500","77500","1250","62","1250","62"
"2023-10-19","5.49","23750","23750","1250","19","1250","19"
"2023-10-18","-7.42","1191800","1191800","1185","1000","1185","1000"
"2023-10-17","0","23040","23040","1280","18","1280","18"
"2023-10-16","1.59","1373425","1373425","1280","1142","1280","1142"
"2023-10-13","-1.18","574630","574630","1260","458","1260","458"
"2023-10-12","-1.16","1085235","1085235","1275","865","1275","865"
"2023-10-11","0","799790","799790","1290","626","1290","626"
"2023-10-10","-0.77","182445","182445","1290","141","1290","141"
"2023-10-09","6.56","323825","323825","1300","251","1300","251"
"2023-10-06","-0.41","815845","815845","1220","666","1220","666"
"2023-10-05","-4.3","746150","746150","1225","599","1225","599"
"2023-10-04","-0.78","5044180","5044180","1280","4221","1280","4221"
"2023-10-03","0","501660","501660","1290","379","1290","379"
"2023-10-02","3.2","26450","26450","1290","21","1290","21"
"2023-09-28","2.46","834250","834250","1250","681","1250","681"
"2023-09-26","1.67","1737820","1737820","1220","1432","1220","1432"
"2023-09-25","-4","3246905","3246905","1200","2653","1200","2653"
"2023-09-22","-0.4","1558325","1558325","1250","1241","1250","1241"
"2023-09-21","-1.95","483300","483300","1255","385","1255","385"
"2023-09-20","-1.16","209355","209355","1280","163","1280","163"
"2023-09-19","0","38850","38850","1295","30","1295","30"
"2023-09-18","0","663025","663025","1295","511","1295","511"
"2023-09-15","4.86","511860","511860","1295","398","1295","398"
"2023-09-14","-4.63","1818285","1818285","1235","1403","1235","1403"
"2023-09-13","0","6126440","6126440","1295","4902","1295","4902"
"2023-09-12","-0.77","199680","199680","1295","154","1295","154"
"2023-09-11","-1.14","381335","381335","1305","291","1305","291"
"2023-09-08","0","432170","432170","1320","331","1320","331"
"2023-09-07","0","418580","418580","1320","319","1320","319"
"2023-09-06","1.93","127600","127600","1320","98","1320","98"
"2023-09-05","-1.89","623790","623790","1295","481","1295","481"
"2023-09-04","1.54","239280","239280","1320","182","1320","182"
"2023-09-01","-1.52","118835","118835","1300","91","1300","91"
"2023-08-31","0.38","481590","481590","1320","366","1320","366"
"2023-08-30","-0.38","159705","159705","1315","121","1315","121"
"2023-08-29","-4.35","382875","382875","1320","308","1320","308"
"2023-08-28","-0.72","2399080","2399080","1380","1735","1380","1735"
"2023-08-25","-0.71","377900","377900","1390","270","1390","270"
"2023-08-24","4.09","858095","858095","1400","634","1400","634"
"2023-08-23","0","1141905","1141905","1345","849","1345","849"
"2023-08-22","0","12105","12105","1345","9","1345","9"
"2023-08-21","0","1775440","1775440","1345","1324","1345","1324"
"2023-08-18","0","320235","320235","1345","238","1345","238"
"2023-08-17","-7.24","3361635","3361635","1345","2468","1345","2468"
"2023-08-16","1.05","1230740","1230740","1450","851","1450","851"
"2023-08-14","7.49","1058590","1058590","1435","814","1435","814"
"2023-08-11","-7.29","356675","356675","1335","260","1335","260"
"2023-08-10","3.97","1321060","1321060","1440","934","1440","934"
"2023-08-09","0","1065760","1065760","1385","778","1385","778"
"2023-08-08","0","134345","134345","1385","97","1385","97"
"2023-08-04","7.36","32345","32345","1385","25","1385","25"
"2023-08-03","-7.19","1288450","1288450","1290","990","1290","990"
"2023-08-02","0","4326700","4326700","1390","3170","1390","3170"
"2023-08-01","2.96","277800","277800","1390","200","1390","200"
"2023-07-31","-0.37","79920","79920","1350","59","1350","59"
"2023-07-28","0","1104355","1104355","1355","817","1355","817"
"2023-07-27","-2.52","817305","817305","1355","593","1355","593"
"2023-07-26","0.72","119180","119180","1390","86","1390","86"
"2023-07-25","2.22","329460","329460","1380","242","1380","242"
"2023-07-24","3.85","173100","173100","1350","129","1350","129"
"2023-07-21","-7.14","1208150","1208150","1300","924","1300","924"
"2023-07-20","7.28","2055655","2055655","1400","1612","1400","1612"
"2023-07-19","-6.79","190480","190480","1305","146","1305","146"
"2023-07-18","-2.78","396700","396700","1400","283","1400","283"
"2023-07-17","-0.35","1570690","1570690","1440","1088","1440","1088"
"2023-07-14","3.21","1237945","1237945","1445","883","1445","883"
"2023-07-13","0","632800","632800","1400","452","1400","452"
"2023-07-12","0","224000","224000","1400","160","1400","160"
"2023-07-11","-3.11","1951600","1951600","1400","1394","1400","1394"
"2023-07-10","4.71","578965","578965","1445","415","1445","415"
"2023-07-06","-0.72","582740","582740","1380","419","1380","419"
"2023-07-05","6.92","669590","669590","1390","515","1390","515"
"2023-07-04","-5.45","2611900","2611900","1300","1941","1300","1941"
"2023-07-03","-6.14","1024410","1024410","1375","702","1375","702"
"2023-06-30","-0.34","227095","227095","1465","155","1465","155"
"2023-06-29","-0.34","723910","723910","1470","503","1470","503"
"2023-06-27","7.27","45700","45700","1475","33","1475","33"
"2023-06-26","5.36","11955","11955","1375","9","1375","9"
"2023-06-23","0","1513585","1513585","1305","1123","1305","1123"
"2023-06-22","2.35","757225","757225","1305","594","1305","594"
"2023-06-21","7.14","2912545","2912545","1275","2380","1275","2380"
"2023-06-20","-0.42","757000","757000","1190","632","1190","632"
"2023-06-19","0","1733755","1733755","1195","1445","1195","1445"
"2023-06-16","0","99185","99185","1195","83","1195","83"
"2023-06-15","-0.42","1841175","1841175","1195","1539","1195","1539"
"2023-06-14","-1.64","120000","120000","1200","100","1200","100"
"2023-06-13","-0.81","6389880","6389880","1220","5601","1220","5601"
"2023-06-12","2.5","811030","811030","1230","20","1230","20"
"2023-06-09","-2.44","60000","60000","1200","50","1200","50"
"2023-06-08","0","1261980","1261980","1230","1026","1230","1026"
"2023-06-07","0","287820","287820","1230","234","1230","234"
"2023-06-06","6.96","36900","36900","1230","30","1230","30"
"2023-06-05","0.44","1508940","1508940","1150","1312","1150","1312"
"2023-06-02","0","1228770","1228770","1145","1073","1145","1073"
"2023-06-01","0","357240","357240","1145","312","1145","312"
"2023-05-31","-0.43","419195","419195","1145","365","1145","365"
"2023-05-30","0","243800","243800","1150","212","1150","212"
"2023-05-26","0","134550","134550","1150","117","1150","117"
"2023-05-25","-4.17","843985","843985","1150","725","1150","725"
"2023-05-24","0","240000","240000","1200","200","1200","200"
"2023-05-23","0","2529300","2529300","1200","2116","1200","2116"
"2023-05-22","-1.64","463795","463795","1200","382","1200","382"
"2023-05-19","1.67","87660","87660","1220","73","1220","73"
"2023-05-17","0.84","92175","92175","1200","79","1200","79"
"2023-05-16","-0.83","231740","231740","1190","196","1190","196"
"2023-05-15","3.45","270850","270850","1200","226","1200","226"
"2023-05-12","0","559220","559220","1160","482","1160","482"
"2023-05-11","-5.69","272250","272250","1160","230","1160","230"
"2023-05-10","0","592860","592860","1230","482","1230","482"
"2023-05-09","0","82410","82410","1230","67","1230","67"
"2023-05-08","2.5","50130","50130","1230","41","1230","41"
"2023-05-05","0.84","908790","908790","1200","760","1200","760"
"2023-05-04","0","598210","598210","1190","500","1190","500"
"2023-05-03","0","4760","4760","1190","4","1190","4"
"2023-05-02","4.39","109480","109480","1190","92","1190","92"
"2023-04-28","-4.2","354380","354380","1140","302","1140","302"
"2023-04-27","-4.42","497985","497985","1190","403","1190","403"
"2023-04-26","-0.4","1065225","1065225","1245","855","1245","855"
"2023-04-25","0.4","620000","620000","1250","492","1250","492"
"2023-04-24","0","5312380","5312380","1245","4233","1245","4233"
"2023-04-20","2.89","660880","660880","1245","564","1245","564"
"2023-04-19","-2.81","143410","143410","1210","118","1210","118"
"2023-04-17","2.89","138195","138195","1245","111","1245","111"
"2023-04-14","-2.42","18300","18300","1210","15","1210","15"
"2023-04-13","-0.8","96800","96800","1240","78","1240","78"
"2023-04-12","-2.72","499625","499625","1250","405","1250","405"
"2023-04-11","6.64","244915","244915","1285","192","1285","192"
"2023-04-07","0","629000","629000","1205","530","1205","530"
"2023-04-06","-5.12","125580","125580","1205","104","1205","104"
"2023-04-05","-0.39","1208100","1208100","1270","1005","1270","1005"
"2023-04-04","-0.39","432160","432160","1275","341","1275","341"
"2023-04-03","0","25600","25600","1280","20","1280","20"
"2023-03-31","5.79","310680","310680","1280","246","1280","246"
"2023-03-30","-6.92","1435415","1435415","1210","1125","1210","1125"
"2023-03-29","0","245145","245145","1300","189","1300","189"
"2023-03-28","0","13172865","13172865","1300","10288","1300","10288"
"2023-03-27","0.39","1738555","1738555","1300","1342","1300","1342"
"2023-03-24","-0.38","11093995","11093995","1295","8566","1295","8566"
"2023-03-23","0","105300","105300","1300","81","1300","81"
"2023-03-22","0","3410090","3410090","1300","2627","1300","2627"
"2023-03-21","0","127100","127100","1300","98","1300","98"
"2023-03-20","-5.45","378300","378300","1300","291","1300","291"
"2023-03-17","6.18","1089240","1089240","1375","824","1375","824"
"2023-03-16","-6.5","238855","238855","1295","183","1295","183"
"2023-03-15","6.54","4506740","4506740","1385","3466","1385","3466"
"2023-03-14","0","549900","549900","1300","423","1300","423"
"2023-03-13","3.59","312355","312355","1300","243","1300","243"
"2023-03-10","-2.33","7530","7530","1255","6","1255","6"
"2023-03-09","0","726025","726025","1285","565","1285","565"
"2023-03-08","-0.39","90275","90275","1285","70","1285","70"
"2023-03-07","0.78","232200","232200","1290","180","1290","180"
"2023-03-06","6.67","1280","1280","1280","1","1280","1"
"2023-03-03","-2.44","188200","188200","1200","151","1200","151"
"2023-03-02","2.5","1765275","1765275","1230","1470","1230","1470"
"2023-03-01","3.9","1161360","1161360","1200","969","1200","969"
"2023-02-28","1.32","2695850","2695850","1155","2330","1155","2330"
"2023-02-27","-7.32","5983665","5983665","1140","4963","1140","4963"
"2023-02-24","-1.6","651700","651700","1230","540","1230","540"
"2023-02-23","-3.1","163750","163750","1250","131","1250","131"
"2023-02-22","0","11610","11610","1290","9","1290","9"
"2023-02-21","-0.77","398795","398795","1290","318","1290","318"
"2023-02-20","5.69","1271890","1271890","1300","1034","1300","1034"
"2023-02-17","0","1836200","1836200","1230","1493","1230","1493"
"2023-02-16","0.41","608850","608850","1230","495","1230","495"
"2023-02-15","0.82","4909080","4909080","1225","4055","1225","4055"
"2023-02-14","-5.81","689130","689130","1215","547","1215","547"
"2023-02-13","-6.52","1395790","1395790","1290","1083","1290","1083"
"2023-02-10","-1.08","34500","34500","1380","25","1380","25"
"2023-02-09","0","2151235","2151235","1395","1650","1395","1650"
"2023-02-08","-0.36","864740","864740","1395","619","1395","619"
"2023-02-07","0.72","36500","36500","1400","27","1400","27"
"2023-02-06","0","69500","69500","1390","50","1390","50"
"2023-02-03","2.96","4190","4190","1390","3","1390","3"
"2023-02-02","2.27","1171720","1171720","1350","868","1350","868"
"2023-02-01","0.76","133200","133200","1320","100","1320","100"
"2023-01-31","-2.96","288200","288200","1310","220","1310","220"
"2023-01-30","3.45","200735","200735","1350","154","1350","154"
"2023-01-27","0.38","81000","81000","1305","62","1305","62"
"2023-01-26","0","2121600","2121600","1300","1632","1300","1632"
"2023-01-25","0","19500","19500","1300","15","1300","15"
"2023-01-24","0","2600","2600","1300","2","1300","2"
"2023-01-23","0.39","6808125","6808125","1300","5237","1300","5237"
"2023-01-20","0.39","665570","665570","1295","512","1295","512"
"2023-01-19","-0.77","329295","329295","1290","254","1290","254"
"2023-01-18","0","113100","113100","1300","87","1300","87"
"2023-01-17","-7.14","79800","79800","1300","61","1300","61"
"2023-01-16","6.06","1400","1400","1400","1","1400","1"
"2023-01-13","-7.37","6808665","6808665","1320","5158","1320","5158"
"2023-01-12","2.89","338845","338845","1425","260","1425","260"
"2023-01-11","7.36","157915","157915","1385","127","1385","127"
"2023-01-10","-7.19","1264790","1264790","1290","973","1290","973"
"2023-01-09","0","109810","109810","1390","79","1390","79"
"2023-01-06","-4.79","11360","11360","1390","8","1390","8"
"2023-01-04","5.04","193920","193920","1460","138","1460","138"
"2023-01-03","0","283560","283560","1390","204","1390","204"
"2023-01-02","7.34","121060","121060","1390","88","1390","88"
"2022-12-30","0","29850","29850","1295","23","1295","23"
"2022-12-29","-7.5","1494025","1494025","1295","1152","1295","1152"
"2022-12-28","6.46","14000","14000","1400","10","1400","10"
"2022-12-27","0.38","84245","84245","1315","64","1315","64"
"2022-12-23","-3.68","133460","133460","1310","101","1310","101"
"2022-12-22","-6.85","169800","169800","1360","124","1360","124"
"2022-12-19","4.66","55330","55330","1460","42","1460","42"
"2022-12-16","7.31","1395","1395","1395","1","1395","1"
"2022-12-15","0.39","2299790","2299790","1300","1758","1300","1758"
"2022-12-14","-7.5","158200","158200","1295","122","1295","122"
"2022-12-13","0","178900","178900","1400","128","1400","128"
"2022-12-12","0.36","35000","35000","1400","25","1400","25"
"2022-12-09","2.57","53530","53530","1395","39","1395","39"
"2022-12-07","-6.85","222680","222680","1360","158","1360","158"
"2022-12-06","7.35","52400","52400","1460","37","1460","37"
"2022-12-05","-0.37","19040","19040","1360","14","1360","14"
"2022-12-02","-6.83","354320","354320","1365","247","1365","247"
"2022-12-01","-0.68","418475","418475","1465","295","1465","295"
"2022-11-30","-5.45","243375","243375","1475","165","1475","165"
"2022-11-29","-0.32","3120","3120","1560","2","1560","2"
"2022-11-28","-0.63","236315","236315","1565","151","1565","151"
"2022-11-25","-0.32","325475","325475","1575","218","1575","218"
"2022-11-24","0","4740","4740","1580","3","1580","3"
"2022-11-23","5.33","7403665","7403665","1580","5033","1580","5033"
"2022-11-22","6.38","1658005","1658005","1500","1106","1500","1106"
"2022-11-21","0.36","155100","155100","1410","110","1410","110"
"2022-11-18","-3.77","370830","370830","1405","261","1405","261"
"2022-11-17","-2.67","66820","66820","1460","45","1460","45"
"2022-11-16","1.35","286500","286500","1500","193","1500","193"
"2022-11-11","-6.62","740395","740395","1480","496","1480","496"
"2022-11-08","-0.31","166825","166825","1585","105","1585","105"
"2022-11-07","-0.31","80340","80340","1590","51","1590","51"
"2022-11-04","0","151250","151250","1595","95","1595","95"
"2022-11-03","-0.31","901595","901595","1595","601","1595","601"
"2022-11-02","0","2206400","2206400","1600","1379","1600","1379"
"2022-10-28","1.59","48000","48000","1600","30","1600","30"
"2022-10-27","-1.56","474600","474600","1575","301","1575","301"
"2022-10-26","0.31","726695","726695","1600","478","1600","478"
"2022-10-25","-0.31","129200","129200","1595","81","1595","81"
"2022-10-24","0.63","160000","160000","1600","100","1600","100"
"2022-10-21","0","182850","182850","1590","115","1590","115"
"2022-10-20","-0.31","350180","350180","1590","232","1590","232"
"2022-10-19","-0.31","68730","68730","1595","44","1595","44"
"2022-10-18","0","187180","187180","1600","117","1600","117"
"2022-10-17","0.63","415950","415950","1600","260","1600","260"
"2022-10-14","0","79500","79500","1590","50","1590","50"
"2022-10-12","-0.63","157890","157890","1590","99","1590","99"
"2022-10-11","0","1710400","1710400","1600","1069","1600","1069"
"2022-10-10","-1.54","1442075","1442075","1600","901","1600","901"
"2022-10-07","0.62","216125","216125","1625","135","1625","135"
"2022-10-06","0.94","110550","110550","1615","69","1615","69"
"2022-10-05","3.56","1477875","1477875","1600","924","1600","924"
"2022-10-04","-3.44","282885","282885","1545","178","1545","178"
"2022-10-03","0","121300","121300","1600","78","1600","78"
"2022-09-30","0","22400","22400","1600","14","1600","14"
"2022-09-29","0","77400","77400","1600","48","1600","48"
"2022-09-28","0","216000","216000","1600","135","1600","135"
"2022-09-27","0","11200","11200","1600","7","1600","7"
"2022-09-26","0","104000","104000","1600","65","1600","65"
"2022-09-23","0","528000","528000","1600","330","1600","330"
"2022-09-22","0","476030","476030","1600","311","1600","311"
"2022-09-21","0","400000","400000","1600","250","1600","250"
"2022-09-20","0","1023740","1023740","1600","636","1600","636"
"2022-09-19","0","128000","128000","1600","80","1600","80"
"2022-09-16","0","387200","387200","1600","242","1600","242"
"2022-09-15","5.96","634945","634945","1600","397","1600","397"
"2022-09-14","-5.63","77120","77120","1510","50","1510","50"
"2022-09-13","0","1193600","1193600","1600","771","1600","771"
"2022-09-12","0","89500","89500","1600","56","1600","56"
"2022-09-09","-3.03","1216000","1216000","1600","760","1600","760"
"2022-09-08","3.13","468650","468650","1650","299","1650","299"
"2022-09-07","6.31","265835","265835","1600","177","1600","177"
"2022-09-06","-4.44","213250","213250","1505","142","1505","142"
"2022-09-05","5","102940","102940","1575","68","1575","68"
"2022-09-02","0.33","1532195","1532195","1500","1025","1500","1025"
"2022-09-01","-0.33","1059260","1059260","1495","708","1495","708"
"2022-08-31","-4.76","2750990","2750990","1500","1838","1500","1838"
"2022-08-30","-0.94","203565","203565","1575","130","1575","130"
"2022-08-29","-0.31","114330","114330","1590","76","1590","76"
"2022-08-26","-0.31","445300","445300","1595","285","1595","285"
"2022-08-25","-2.74","157050","157050","1600","102","1600","102"
"2022-08-23","1.54","971775","971775","1645","643","1645","643"
"2022-08-22","0","377000","377000","1620","235","1620","235"
"2022-08-19","-1.82","57000","57000","1620","35","1620","35"
"2022-08-18","0","671275","671275","1650","409","1650","409"
"2022-08-17","0","11550","11550","1650","7","1650","7"
"2022-08-16","0","13200","13200","1650","8","1650","8"
"2022-08-12","2.8","1151700","1151700","1650","698","1650","698"
"2022-08-11","0.31","435340","435340","1605","268","1605","268"
"2022-08-10","-3.03","1123200","1123200","1600","702","1600","702"
"2022-08-09","0","1335300","1335300","1650","812","1650","812"
"2022-08-05","-1.79","118245","118245","1650","73","1650","73"
"2022-08-04","5","2788030","2788030","1680","1665","1680","1665"
"2022-08-03","5.96","245500","245500","1600","160","1600","160"
"2022-08-02","-6.5","543350","543350","1510","354","1510","354"
"2022-08-01","-2.12","910450","910450","1615","552","1615","552"
"2022-07-29","0","343100","343100","1650","209","1650","209"
"2022-07-28","0","3861210","3861210","1650","2335","1650","2335"
"2022-07-27","1.54","315150","315150","1650","191","1650","191"
"2022-07-26","-1.52","542775","542775","1625","330","1625","330"
"2022-07-25","0","605550","605550","1650","367","1650","367"
"2022-07-22","0","443825","443825","1650","269","1650","269"
"2022-07-21","0","468600","468600","1650","284","1650","284"
"2022-07-20","0","42900","42900","1650","26","1650","26"
"2022-07-19","-1.79","288570","288570","1650","174","1650","174"
"2022-07-18","0","4710230","4710230","1680","2811","1680","2811"
"2022-07-15","0","1227825","1227825","1680","733","1680","733"
"2022-07-14","0.6","1139905","1139905","1680","681","1680","681"
"2022-07-13","0","1404470","1404470","1670","841","1670","841"
"2022-07-12","-0.6","140280","140280","1670","84","1670","84"
"2022-07-11","0","10080","10080","1680","6","1680","6"
"2022-07-08","0","999150","999150","1680","595","1680","595"
"2022-07-07","-0.3","325920","325920","1680","194","1680","194"
"2022-07-06","0.3","333305","333305","1685","204","1685","204"
"2022-07-05","-0.3","16800","16800","1680","10","1680","10"
"2022-07-04","0","521980","521980","1685","310","1685","310"
"2022-07-01","5.97","121550","121550","1685","80","1685","80"
"2022-06-30","-0.63","601870","601870","1590","378","1590","378"
"2022-06-29","-5.04","32750","32750","1600","20","1600","20"
"2022-06-28","7.32","495680","495680","1685","295","1685","295"
"2022-06-27","7.17","87920","87920","1570","56","1570","56"
"2022-06-24","-6.69","2971900","2971900","1465","2025","1465","2025"
"2022-06-23","7.17","1570","1570","1570","1","1570","1"
"2022-06-22","-1.01","4000580","4000580","1465","2723","1465","2723"
"2022-06-21","0","1795240","1795240","1480","1213","1480","1213"
"2022-06-20","-6.33","3731315","3731315","1480","2344","1480","2344"
"2022-06-17","0","2488500","2488500","1580","1575","1580","1575"
"2022-06-16","-1.25","3965330","3965330","1580","2503","1580","2503"
"2022-06-15","0","162050","162050","1600","101","1600","101"
"2022-06-13","1.27","487080","487080","1600","306","1600","306"
"2022-06-10","-5.67","1258390","1258390","1580","783","1580","783"
"2022-06-09","5.35","100500","100500","1675","60","1675","60"
"2022-06-08","-6.47","194570","194570","1590","122","1590","122"
"2022-06-07","0","3400","3400","1700","2","1700","2"
"2022-06-03","0","350800","350800","1700","212","1700","212"
"2022-06-02","6.92","37400","37400","1700","22","1700","22"
"2022-05-31","-6.74","476705","476705","1590","301","1590","301"
"2022-05-30","0","497690","497690","1705","295","1705","295"
"2022-05-27","7.23","480410","480410","1705","302","1705","302"
"2022-05-25","0","4770","4770","1590","3","1590","3"
"2022-05-24","-0.93","657625","657625","1590","410","1590","410"
"2022-05-23","-0.31","152850","152850","1605","95","1605","95"
"2022-05-20","3.21","497490","497490","1610","309","1610","309"
"2022-05-19","-3.11","1837040","1837040","1560","1159","1560","1159"
"2022-05-18","-5.29","69120","69120","1610","42","1610","42"
"2022-05-17","0","1512030","1512030","1700","889","1700","889"
"2022-05-16","-0.29","1920705","1920705","1700","1127","1700","1127"
"2022-05-13","-2.57","730550","730550","1705","419","1705","419"
"2022-05-12","-2.51","426725","426725","1750","245","1750","245"
"2022-05-11","5.28","44875","44875","1795","25","1795","25"
"2022-05-10","-5.01","204600","204600","1705","120","1705","120"
"2022-05-09","5.28","2733325","2733325","1795","1607","1795","1607"
"2022-05-06","-5.28","2222600","2222600","1705","1306","1705","1306"
"2022-05-05","4.96","27000","27000","1800","15","1800","15"
"2022-05-04","-5.77","269085","269085","1715","157","1715","157"
"2022-05-03","-1.62","32760","32760","1820","18","1820","18"
"2022-04-29","0","555000","555000","1850","300","1850","300"
"2022-04-27","0","185000","185000","1850","100","1850","100"
"2022-04-26","0","1437450","1437450","1850","777","1850","777"
"2022-04-25","0","46250","46250","1850","25","1850","25"
"2022-04-22","0","2266250","2266250","1850","1225","1850","1225"
"2022-04-20","1.93","911770","911770","1850","500","1850","500"
"2022-04-19","0","1095075","1095075","1815","605","1815","605"
"2022-04-15","0","199650","199650","1815","110","1815","110"
"2022-04-14","0","2553770","2553770","1815","1408","1815","1408"
"2022-04-13","-6.44","2488110","2488110","1815","1371","1815","1371"
"2022-04-12","7.48","19400","19400","1940","10","1940","10"
"2022-04-11","-0.82","3085075","3085075","1805","1705","1805","1705"
"2022-04-08","0","131375","131375","1820","72","1820","72"
"2022-04-07","0","199200","199200","1820","110","1820","110"
"2022-04-06","0.55","364000","364000","1820","200","1820","200"
"2022-04-05","-2.16","1072915","1072915","1810","588","1810","588"
"2022-04-04","2.21","87470","87470","1850","48","1850","48"
"2022-04-01","0","814500","814500","1810","450","1810","450"
"2022-03-31","0","1026290","1026290","1810","567","1810","567"
"2022-03-30","0","504990","504990","1810","279","1810","279"
"2022-03-29","-3.72","782850","782850","1810","425","1810","425"
"2022-03-28","7.43","1322260","1322260","1880","704","1880","704"
"2022-03-25","0","464405","464405","1750","271","1750","271"
"2022-03-24","-0.28","134750","134750","1750","77","1750","77"
"2022-03-23","0","114075","114075","1755","65","1755","65"
"2022-03-22","-2.23","2649650","2649650","1755","1524","1755","1524"
"2022-03-21","-1.64","2105500","2105500","1795","1175","1795","1175"
"2022-03-18","4.89","4849240","4849240","1825","2687","1825","2687"
"2022-03-17","2.35","1571965","1571965","1740","917","1740","917"
"2022-03-16","5.26","50200","50200","1700","30","1700","30"
"2022-03-15","0.62","309400","309400","1615","191","1615","191"
"2022-03-14","-5.59","3663190","3663190","1605","2262","1605","2262"
"2022-03-11","4.94","539505","539505","1700","315","1700","315"
"2022-03-10","-4.71","3687080","3687080","1620","2191","1620","2191"
"2022-03-09","-0.29","1242900","1242900","1700","731","1700","731"
"2022-03-08","0.59","23230320","23230320","1705","13623","1705","13623"
"2022-03-07","1.19","1879570","1879570","1695","1120","1695","1120"
"2022-03-04","3.4","839010","839010","1675","518","1675","518"
"2022-03-03","0","1059300","1059300","1620","655","1620","655"
"2022-03-02","0.31","943890","943890","1620","582","1620","582"
"2022-03-01","0","4132845","4132845","1615","2559","1615","2559"
"2022-02-28","-2.12","836280","836280","1615","517","1615","517"
"2022-02-25","0.92","102660","102660","1650","63","1650","63"
"2022-02-24","-1.21","2914545","2914545","1635","1779","1635","1779"
"2022-02-23","0.3","1643825","1643825","1655","1000","1655","1000"
"2022-02-22","-5.44","3364510","3364510","1650","2036","1650","2036"
"2022-02-21","5.44","8725","8725","1745","5","1745","5"
"2022-02-18","3.44","2780495","2780495","1655","1721","1655","1721"
"2022-02-17","0","1025600","1025600","1600","641","1600","641"
"2022-02-16","0","2024600","2024600","1600","1266","1600","1266"
"2022-02-15","-3.32","5495350","5495350","1600","3406","1600","3406"
"2022-02-14","-2.65","2005700","2005700","1655","1210","1655","1210"
"2022-02-11","3.03","129450","129450","1700","78","1700","78"
"2022-02-10","1.54","1944625","1944625","1650","1252","1650","1252"
"2022-02-09","-1.52","756425","756425","1625","462","1625","462"
"2022-02-08","-2.94","159250","159250","1650","95","1650","95"
"2022-02-07","0","119000","119000","1700","70","1700","70"
"2022-02-04","0","804550","804550","1700","499","1700","499"
"2022-02-03","6.25","720800","720800","1700","438","1700","438"
"2022-02-02","-0.93","4379420","4379420","1600","2732","1600","2732"
"2022-02-01","-3.58","32300","32300","1615","20","1615","20"
"2022-01-31","0","92675","92675","1675","55","1675","55"
"2022-01-28","-3.18","234500","234500","1675","140","1675","140"
"2022-01-27","-0.86","418445","418445","1730","241","1730","241"
"2022-01-26","0.87","38390","38390","1745","22","1745","22"
"2022-01-25","0.29","1872700","1872700","1730","1080","1730","1080"
"2022-01-24","0","260150","260150","1725","149","1725","149"
"2022-01-21","0","500250","500250","1725","290","1725","290"
"2022-01-20","5.18","1504775","1504775","1725","897","1725","897"
"2022-01-19","-2.09","365000","365000","1640","220","1640","220"
"2022-01-18","4.04","609700","609700","1675","364","1675","364"
"2022-01-17","6.98","2676560","2676560","1610","1738","1610","1738"
"2022-01-14","5.24","1975920","1975920","1505","1392","1505","1392"
"2022-01-13","-5.61","3374525","3374525","1430","2327","1430","2327"
"2022-01-12","-0.66","2496640","2496640","1515","1656","1515","1656"
"2022-01-11","-4.69","6720870","6720870","1525","4406","1525","4406"
"2022-01-10","-0.31","367200","367200","1600","238","1600","238"
"2022-01-07","-0.31","5623375","5623375","1605","3605","1605","3605"
"2022-01-06","-4.45","1661750","1661750","1610","1011","1610","1011"
"2022-01-05","-3.16","577145","577145","1685","341","1685","341"
"2022-01-04","0","1131000","1131000","1740","649","1740","649"
"2022-01-03","-0.57","241250","241250","1740","139","1740","139"
"2021-12-31","-1.96","774885","774885","1750","442","1750","442"
"2021-12-30","-0.83","284485","284485","1785","159","1785","159"
"2021-12-29","0","1339200","1339200","1800","744","1800","744"
"2021-12-28","-2.7","15914200","15914200","1800","8843","1800","8843"
"2021-12-27","2.49","20440","20440","1850","11","1850","11"
"2021-12-24","-5","186910","186910","1805","101","1805","101"
"2021-12-23","-3.8","2795000","2795000","1900","1471","1900","1471"
"2021-12-22","0","609975","609975","1975","321","1975","321"
"2021-12-21","-0.25","779750","779750","1975","410","1975","410"
"2021-12-20","4.21","323080","323080","1980","170","1980","170"
"2021-12-17","0","1557090","1557090","1900","819","1900","819"
"2021-12-16","0","75650","75650","1900","41","1900","41"
"2021-12-15","2.7","133250","133250","1900","72","1900","72"
"2021-12-14","0","3017250","3017250","1850","1635","1850","1635"
"2021-12-13","-2.89","464500","464500","1850","245","1850","245"
"2021-12-10","-2.81","2367940","2367940","1905","1218","1905","1218"
"2021-12-09","0","5883990","5883990","1960","3002","1960","3002"
"2021-12-08","0","913360","913360","1960","466","1960","466"
"2021-12-07","-2.73","3583660","3583660","1960","1828","1960","1828"
"2021-12-06","0","226930","226930","2015","116","2015","116"
"2021-12-03","-0.49","710605","710605","2015","356","2015","356"
"2021-12-02","1.5","6786070","6786070","2025","3426","2025","3426"
"2021-12-01","0","157640","157640","1995","78","1995","78"
"2021-11-30","-0.25","5376425","5376425","1995","2733","1995","2733"
"2021-11-29","0.25","2066450","2066450","2000","1035","2000","1035"
"2021-11-26","2.05","7990","7990","1995","4","1995","4"
"2021-11-25","0","326485","326485","1955","167","1955","167"
"2021-11-24","-2.25","711000","711000","1955","360","1955","360"
"2021-11-23","2.3","789800","789800","2000","403","2000","403"
"2021-11-22","0.26","491680","491680","1955","246","1955","246"
"2021-11-19","-2.5","473850","473850","1950","243","1950","243"
"2021-11-18","0","831900","831900","2000","416","2000","416"
"2021-11-17","4.44","338895","338895","2000","175","2000","175"
"2021-11-16","-1.79","988140","988140","1915","516","1915","516"
"2021-11-12","0","2377050","2377050","1950","1219","1950","1219"
"2021-11-11","-0.26","477815","477815","1950","248","1950","248"
"2021-11-10","0.26","117555","117555","1955","59","1955","59"
"2021-11-09","0","2670800","2670800","1950","1369","1950","1369"
"2021-11-08","-2.5","337450","337450","1950","170","1950","170"
"2021-11-05","0","5973095","5973095","2000","3037","2000","3037"
"2021-11-04","2.56","2050750","2050750","2000","1018","2000","1018"
"2021-11-03","0.78","617350","617350","1950","312","1950","312"
"2021-10-29","7.5","6945810","6945810","1935","3646","1935","3646"
"2021-10-28","0","2510500","2510500","1800","1372","1800","1372"
"2021-10-27","-0.28","1098020","1098020","1800","607","1800","607"
"2021-10-26","-4.75","758615","758615","1805","415","1805","415"
"2021-10-25","4.99","195185","195185","1895","103","1895","103"
"2021-10-22","0","10863675","10863675","1805","6181","1805","6181"
"2021-10-21","0","2225450","2225450","1805","1235","1805","1235"
"2021-10-20","-2.96","57425","57425","1805","31","1805","31"
"2021-10-19","-6.77","496505","496505","1860","255","1860","255"
"2021-10-15","4.72","4314135","4314135","1995","2236","1995","2236"
"2021-10-14","-2.56","57125","57125","1905","30","1905","30"
"2021-10-13","2.89","3909515","3909515","1955","2016","1955","2016"
"2021-10-12","5.56","4370950","4370950","1900","2408","1900","2408"
"2021-10-11","5.88","20474430","20474430","1800","11495","1800","11495"
"2021-10-08","-1.45","6381485","6381485","1700","3719","1700","3719"
"2021-10-07","0.58","670345","670345","1725","389","1725","389"
"2021-10-06","-0.58","459205","459205","1715","268","1715","268"
"2021-10-05","-4.17","5202815","5202815","1725","3028","1725","3028"
"2021-10-04","-1.1","11064430","11064430","1800","6395","1800","6395"
"2021-10-01","0","3708690","3708690","1820","1973","1820","1973"
"2021-09-30","7.37","16600340","16600340","1820","9763","1820","9763"
"2021-09-29","3.67","878060","878060","1695","522","1695","522"
"2021-09-28","-0.91","433220","433220","1635","265","1635","265"
"2021-09-27","0","452985","452985","1650","278","1650","278"
"2021-09-24","6.45","176915","176915","1650","113","1650","113"
"2021-09-23","0","749825","749825","1550","484","1550","484"
"2021-09-22","3.68","3092265","3092265","1550","2064","1550","2064"
"2021-09-21","0.67","524485","524485","1495","352","1495","352"
"2021-09-20","2.41","1078645","1078645","1485","747","1485","747"
"2021-09-17","-3.01","982715","982715","1450","678","1450","678"
"2021-09-16","3.46","242205","242205","1495","167","1495","167"
"2021-09-15","1.4","5002460","5002460","1445","3492","1445","3492"
"2021-09-14","5.56","391000","391000","1425","289","1425","289"
"2021-09-13","0","54000","54000","1350","40","1350","40"
"2021-09-10","0","181400","181400","1350","138","1350","138"
"2021-09-09","-3.23","387715","387715","1350","285","1350","285"
"2021-09-08","3.33","112095","112095","1395","83","1395","83"
"2021-09-07","0","2646050","2646050","1350","2026","1350","2026"
"2021-09-06","-3.57","477200","477200","1350","360","1350","360"
"2021-09-03","0.72","117545","117545","1400","90","1400","90"
"2021-09-02","7.34","3007870","3007870","1390","2499","1390","2499"
"2021-09-01","-7.5","1417855","1417855","1295","1050","1295","1050"
"2021-08-31","-1.41","1781520","1781520","1400","1258","1400","1258"
"2021-08-30","1.79","2378180","2378180","1420","1690","1420","1690"
"2021-08-27","1.82","1489735","1489735","1395","1078","1395","1078"
"2021-08-26","-1.79","367965","367965","1370","267","1370","267"
"2021-08-25","-0.71","2903020","2903020","1395","2074","1395","2074"
"2021-08-24","-0.35","431340","431340","1405","307","1405","307"
"2021-08-23","0.36","562045","562045","1410","400","1410","400"
"2021-08-20","-0.71","442810","442810","1405","314","1405","314"
"2021-08-19","0.71","578060","578060","1415","410","1415","410"
"2021-08-18","0.36","1997125","1997125","1405","1425","1405","1425"
"2021-08-17","0","876000","876000","1400","625","1400","625"
"2021-08-16","-3.45","960660","960660","1400","678","1400","678"
"2021-08-12","-2.68","2400750","2400750","1450","1616","1450","1616"
"2021-08-11","0.68","4539865","4539865","1490","3065","1490","3065"
"2021-08-10","-0.34","491900","491900","1480","330","1480","330"
"2021-08-09","-1","384430","384430","1485","257","1485","257"
"2021-08-06","0","4063135","4063135","1500","2699","1500","2699"
"2021-08-05","6.76","645830","645830","1500","432","1500","432"
"2021-08-04","1.08","2125260","2125260","1405","1510","1405","1510"
"2021-08-03","0.36","1342880","1342880","1390","967","1390","967"
"2021-08-02","7.36","7462590","7462590","1385","5917","1385","5917"
"2021-07-30","0","994520","994520","1290","773","1290","773"
"2021-07-29","2.79","486920","486920","1290","385","1290","385"
"2021-07-28","0.4","1874095","1874095","1255","1499","1255","1499"
"2021-07-27","6.38","746750","746750","1250","601","1250","601"
"2021-07-26","0","7435790","7435790","1175","6298","1175","6298"
"2021-07-23","-0.42","235000","235000","1175","200","1175","200"
"2021-07-22","0","319730","319730","1180","278","1180","278"
"2021-07-21","2.61","479080","479080","1180","406","1180","406"
"2021-07-19","7.48","28750","28750","1150","25","1150","25"
"2021-07-16","0.94","247795","247795","1070","232","1070","232"
"2021-07-15","-0.47","2456745","2456745","1060","2319","1060","2319"
"2021-07-14","0","59640","59640","1065","56","1065","56"
"2021-07-13","0","378075","378075","1065","355","1065","355"
"2021-07-12","2.9","115020","115020","1065","108","1065","108"
"2021-07-09","-0.96","88670","88670","1035","85","1035","85"
"2021-07-08","0.97","443875","443875","1045","425","1045","425"
"2021-07-07","-0.96","2430315","2430315","1035","2332","1035","2332"
"2021-07-06","-1.88","292600","292600","1045","280","1045","280"
"2021-07-05","0","277245","277245","1065","260","1065","260"
"2021-07-02","-0.47","331525","331525","1065","310","1065","310"
"2021-07-01","0","59920","59920","1070","56","1070","56"
"2021-06-30","0","1101650","1101650","1070","1049","1070","1049"
"2021-06-29","1.9","670120","670120","1070","638","1070","638"
"2021-06-28","0","2300350","2300350","1050","2195","1050","2195"
"2021-06-25","0","12302445","12302445","1050","11651","1050","11651"
"2021-06-24","0.48","1033320","1033320","1050","986","1050","986"
"2021-06-23","0.48","182620","182620","1045","175","1045","175"
"2021-06-22","0","19760","19760","1040","19","1040","19"
"2021-06-21","0","3131805","3131805","1040","3004","1040","3004"
"2021-06-18","-3.7","1503940","1503940","1040","1437","1040","1437"
"2021-06-17","-7.3","57920","57920","1080","50","1080","50"
"2021-06-16","6.39","140050","140050","1165","120","1165","120"
"2021-06-15","-6.81","1160475","1160475","1095","1055","1095","1055"
"2021-06-14","-0.42","1176180","1176180","1175","1001","1175","1001"
"2021-06-11","6.31","6418250","6418250","1180","6102","1180","6102"
"2021-06-10","7.25","5522120","5522120","1110","5277","1110","5277"
"2021-06-09","3.5","319815","319815","1035","309","1035","309"
"2021-06-08","-3.38","523660","523660","1000","506","1000","506"
"2021-06-07","0","1436605","1436605","1035","1383","1035","1383"
"2021-06-04","3.5","2075","2075","1035","2","1035","2"
"2021-06-03","-4.31","319240","319240","1000","307","1000","307"
"2021-06-02","0.48","436310","436310","1045","419","1045","419"
"2021-06-01","0","34285","34285","1040","33","1040","33"
"2021-05-31","0","111280","111280","1040","107","1040","107"
"2021-05-28","-0.48","257920","257920","1040","248","1040","248"
"2021-05-27","0","323950","323950","1045","310","1045","310"
"2021-05-26","0","334400","334400","1045","320","1045","320"
"2021-05-25","3.98","29260","29260","1045","28","1045","28"
"2021-05-21","-3.83","595250","595250","1005","592","1005","592"
"2021-05-20","0","3839795","3839795","1045","3751","1045","3751"
"2021-05-19","0","836000","836000","1045","800","1045","800"
"2021-05-18","4.5","436090","436090","1045","436","1045","436"
"2021-05-17","4.71","555135","555135","1000","559","1000","559"
"2021-05-14","0","113645","113645","955","119","955","119"
"2021-05-11","1.6","61755","61755","955","65","955","65"
"2021-05-10","-1.57","3856180","3856180","940","4069","940","4069"
"2021-05-07","-4.5","550895","550895","955","580","955","580"
"2021-05-06","0","231400","231400","1000","235","1000","235"
"2021-05-05","5.26","188000","188000","1000","188","1000","188"
"2021-05-04","-7.32","1540150","1540150","950","1619","950","1619"
"2021-05-03","6.77","317125","317125","1025","315","1025","315"
"2021-04-30","0","52875","52875","960","55","960","55"
"2021-04-29","5.49","39360","39360","960","41","960","41"
"2021-04-28","0","155995","155995","910","162","910","162"
"2021-04-27","-7.14","604185","604185","910","660","910","660"
"2021-04-26","3.16","21560","21560","980","22","980","22"
"2021-04-23","4.97","135850","135850","950","143","950","143"
"2021-04-22","-6.7","1438950","1438950","905","1590","905","1590"
"2021-04-21","2.11","1788690","1788690","970","1848","970","1848"
"2021-04-20","5.56","285000","285000","950","300","950","300"
"2021-04-19","-7.22","916000","916000","900","1010","900","1010"
"2021-04-16","4.86","9700","9700","970","10","970","10"
"2021-04-15","-4.64","241425","241425","925","261","925","261"
"2021-04-14","0","97000","97000","970","100","970","100"
"2021-04-13","0","3880","3880","970","4","970","4"
"2021-04-12","0","80510","80510","970","83","970","83"
"2021-04-09","0","604425","604425","970","651","970","651"
"2021-04-08","4.3","1940","1940","970","2","970","2"
"2021-04-07","-4.12","198125","198125","930","213","930","213"
"2021-04-02","0","317190","317190","970","327","970","327"
"2021-04-01","7.18","48500","48500","970","50","970","50"
"2021-03-31","-4.74","162815","162815","905","176","905","176"
"2021-03-30","-3.06","170150","170150","950","179","950","179"
"2021-03-29","-0.51","2940","2940","980","3","980","3"
"2021-03-26","0","98495","98495","985","100","985","100"
"2021-03-25","0.51","707400","707400","985","720","985","720"
"2021-03-24","-2","86870","86870","980","88","980","88"
"2021-03-23","0.5","378500","378500","1000","380","1000","380"
"2021-03-22","-0.5","199000","199000","995","200","995","200"
"2021-03-19","0","343000","343000","1000","343","1000","343"
"2021-03-18","0","580000","580000","1000","580","1000","580"
"2021-03-17","-3.38","736000","736000","1000","736","1000","736"
"2021-03-16","-0.48","9315","9315","1035","9","1035","9"
"2021-03-15","0","173730","173730","1040","162","1040","162"
"2021-03-12","6.12","1040","1040","1040","1","1040","1"
"2021-03-11","0","472000","472000","980","480","980","480"
"2021-03-10","-0.51","1739240","1739240","980","1790","980","1790"
"2021-03-09","3.14","116080","116080","985","120","985","120"
"2021-03-08","0","42975","42975","955","45","955","45"
"2021-03-05","0","80570","80570","955","83","955","83"
"2021-03-04","-3.05","72495","72495","955","74","955","74"
"2021-03-03","-1.01","9850","9850","985","10","985","10"
"2021-03-02","6.42","918360","918360","995","1032","995","1032"
"2021-03-01","0","290050","290050","935","305","935","305"
"2021-02-26","0","271150","271150","935","290","935","290"
"2021-02-25","0","314465","314465","935","337","935","337"
"2021-02-24","0","562265","562265","935","599","935","599"
"2021-02-23","-1.06","702900","702900","935","750","935","750"
"2021-02-22","0","2482760","2482760","945","2611","945","2611"
"2021-02-19","0","452490","452490","945","479","945","479"
"2021-02-18","-1.05","4740","4740","945","5","945","5"
"2021-02-17","0","1059875","1059875","955","1111","955","1111"
"2021-02-16","0","359505","359505","955","377","955","377"
"2021-02-15","-1.55","717250","717250","955","740","955","740"
"2021-02-12","0","67900","67900","970","70","970","70"
"2021-02-11","0","5959825","5959825","970","6502","970","6502"
"2021-02-10","-2.02","1876560","1876560","970","1912","970","1912"
"2021-02-09","-4.81","4940255","4940255","990","4995","990","4995"
"2021-02-08","4","11440","11440","1040","11","1040","11"
"2021-02-05","0","35200","35200","1000","34","1000","34"
"2021-02-04","0","172650","172650","1000","170","1000","170"
"2021-02-03","-5.21","96330","96330","1000","96","1000","96"
"2021-02-02","0","130550","130550","1055","130","1055","130"
"2021-02-01","-0.94","5275","5275","1055","5","1055","5"
"2021-01-29","0","5325","5325","1065","5","1065","5"
"2021-01-28","0","128485","128485","1065","124","1065","124"
"2021-01-27","5.97","85550","85550","1065","80","1065","80"
"2021-01-26","0.5","175400","175400","1005","175","1005","175"
"2021-01-25","-7.41","63800","63800","1000","61","1000","61"
"2021-01-22","0.47","1080","1080","1080","1","1080","1"
"2021-01-21","0","5375","5375","1075","5","1075","5"
"2021-01-20","-0.46","5375","5375","1075","5","1075","5"
"2021-01-19","-1.82","54000","54000","1080","50","1080","50"
"2021-01-18","1.85","6222380","6222380","1100","5675","1100","5675"
"2021-01-14","7.46","43200","43200","1080","40","1080","40"
"2021-01-13","0.5","241245","241245","1005","240","1005","240"
"2021-01-12","0","584615","584615","1000","584","1000","584"
"2021-01-11","-6.54","402200","402200","1000","395","1000","395"
"2021-01-08","-0.93","599690","599690","1070","560","1070","560"
"2021-01-07","0","172800","172800","1080","160","1080","160"
"2021-01-06","1.41","201900","201900","1080","190","1080","190"
"2021-01-05","-7.39","1232655","1232655","1065","1156","1065","1156"
"2021-01-04","-7.26","34500","34500","1150","30","1150","30"
"2020-12-31","-4.62","8680","8680","1240","7","1240","7"
"2020-12-28","4.42","43491145","43491145","1300","33500","1300","33500"
"2020-12-24","2.89","7936150","7936150","1245","6530","1245","6530"
"2020-12-23","2.98","12826375","12826375","1210","10677","1210","10677"
"2020-12-22","0","6531825","6531825","1175","5559","1175","5559"
"2020-12-21","7.31","7130825","7130825","1175","6136","1175","6136"
"2020-12-18","7.35","971170","971170","1095","961","1095","961"
"2020-12-17","1.49","1414830","1414830","1020","1403","1020","1403"
"2020-12-16","-1.47","10050000","10050000","1005","10000","1005","10000"
"2020-12-15","2","35200","35200","1020","35","1020","35"
"2020-12-14","0.5","14933445","14933445","1000","14987","1000","14987"
"2020-12-11","3.65","547250","547250","995","550","995","550"
"2020-12-10","6.67","20160","20160","960","21","960","21"
"2020-12-09","-6.74","37770","37770","900","40","900","40"
"2020-12-07","-2.53","18760","18760","965","19","965","19"
"2020-12-04","-0.5","333665","333665","990","336","990","336"
"2020-12-03","0","1990","1990","995","2","995","2"
"2020-12-02","0","9950","9950","995","10","995","10"
"2020-12-01","-1","1476500","1476500","995","1479","995","1479"
"2020-11-27","0.5","57250","57250","1005","57","1005","57"
"2020-11-26","-0.99","10000","10000","1000","10","1000","10"
"2020-11-25","0","75650","75650","1010","75","1010","75"
"2020-11-24","2.02","869030","869030","1010","863","1010","863"
"2020-11-23","-1","620275","620275","990","628","990","628"
"2020-11-20","3.63","8997985","8997985","1000","9015","1000","9015"
"2020-11-19","7.22","4825","4825","965","5","965","5"
"2020-11-18","0","900","900","900","1","900","1"
"2020-11-17","4.65","63000","63000","900","70","900","70"
"2020-11-16","1.78","1757260","1757260","860","2064","860","2064"
"2020-11-13","-0.59","25450","25450","845","30","845","30"
"2020-11-12","4.94","2628990","2628990","850","3246","850","3246"
"2020-11-11","0","56700","56700","810","70","810","70"
"2020-11-10","3.85","313370","313370","810","387","810","387"
"2020-11-09","-3.7","23900","23900","780","30","780","30"
"2020-11-06","0.62","250725","250725","810","310","810","310"
"2020-11-05","0.63","156145","156145","805","194","805","194"
"2020-11-04","0","80000","80000","800","100","800","100"
"2020-11-03","-1.23","82220","82220","800","102","800","102"
"2020-11-02","-1.82","27628000","27628000","810","34510","810","34510"
"2020-10-30","-1.79","80025","80025","825","97","825","97"
"2020-10-28","-1.18","18300","18300","840","22","840","22"
"2020-10-27","-0.58","213500","213500","850","250","850","250"
"2020-10-26","-0.58","168435","168435","855","197","855","197"
"2020-10-23","0","43000","43000","860","50","860","50"
"2020-10-21","7.5","1056460","1056460","860","1323","860","1323"
"2020-10-20","-3.61","12935","12935","800","16","800","16"
"2020-10-19","-1.19","4980","4980","830","6","830","6"
"2020-10-16","-0.59","95690","95690","840","121","840","121"
"2020-10-15","6.96","317765","317765","845","418","845","418"
"2020-10-14","4.64","1407285","1407285","790","1868","790","1868"
"2020-10-13","0.67","15855","15855","755","21","755","21"
"2020-10-12","-5.66","134400","134400","750","175","750","175"
"2020-10-09","6","2390","2390","795","3","795","3"
"2020-10-08","0","213750","213750","750","285","750","285"
"2020-10-07","0","238470","238470","750","324","750","324"
"2020-10-06","-6.25","688980","688980","750","924","750","924"
"2020-10-05","-5.33","266750","266750","800","333","800","333"
"2020-10-02","-0.59","46475","46475","845","55","845","55"
"2020-10-01","0","479650","479650","850","578","850","578"
"2020-09-30","0","102000","102000","850","120","850","120"
"2020-09-29","0","171650","171650","850","201","850","201"
"2020-09-28","4.94","181950","181950","850","225","850","225"
"2020-09-25","-6.9","263690","263690","810","324","810","324"
"2020-09-24","7.41","34800","34800","870","40","870","40"
"2020-09-22","1.25","52650","52650","810","65","810","65"
"2020-09-21","7.38","1549750","1549750","800","2065","800","2065"
"2020-09-18","0","762245","762245","745","1021","745","1021"
"2020-09-17","-6.88","1152445","1152445","745","1467","745","1467"
"2020-09-16","-0.62","680800","680800","800","851","800","851"
"2020-09-15","0","363055","363055","805","451","805","451"
"2020-09-14","0.63","99065","99065","805","123","805","123"
"2020-09-11","7.38","504000","504000","800","630","800","630"
"2020-09-10","-7.45","635250","635250","745","820","745","820"
"2020-09-09","-6.94","1138955","1138955","805","1401","805","1401"
"2020-09-08","-6.99","1175075","1175075","865","1282","865","1282"
"2020-09-07","-5.58","91270","91270","930","97","930","97"
"2020-09-04","-0.51","4925","4925","985","5","985","5"
"2020-09-03","0.51","39525","39525","990","40","990","40"
"2020-09-02","-0.51","179405","179405","985","182","985","182"
"2020-09-01","1.02","98010","98010","990","99","990","99"
"2020-08-31","-1.01","249985","249985","980","254","980","254"
"2020-08-28","-1.49","825600","825600","990","824","990","824"
"2020-08-27","-3.37","922700","922700","1005","916","1005","916"
"2020-08-26","2.97","384650","384650","1040","376","1040","376"
"2020-08-25","-2.88","4823650","4823650","1010","4706","1010","4706"
"2020-08-24","2.97","20828260","20828260","1040","20027","1040","20027"
"2020-08-21","-4.72","315530","315530","1010","313","1010","313"
"2020-08-20","-1.85","203485","203485","1060","191","1060","191"
"2020-08-19","-1.82","60895","60895","1080","56","1080","56"
"2020-08-18","-6.78","25750","25750","1100","22","1100","22"
"2020-08-17","7.27","129800","129800","1180","110","1180","110"
"2020-08-14","0","2280","2280","1100","2","1100","2"
"2020-08-13","0","704000","704000","1100","640","1100","640"
"2020-08-12","0","639135","639135","1100","580","1100","580"
"2020-08-11","0.46","34650640","34650640","1100","31502","1100","31502"
"2020-08-06","-1.35","332880","332880","1095","304","1095","304"
"2020-08-05","1.37","58810","58810","1110","53","1110","53"
"2020-08-04","-0.45","87905","87905","1095","80","1095","80"
"2020-08-03","0","130980","130980","1100","119","1100","119"
"2020-07-30","0.46","1137330","1137330","1100","1034","1100","1034"
"2020-07-29","-1.79","682520","682520","1095","631","1095","631"
"2020-07-28","0","66900","66900","1115","60","1115","60"
"2020-07-27","0","22300","22300","1115","20","1115","20"
"2020-07-24","1.36","134075","134075","1115","120","1115","120"
"2020-07-23","-1.35","22000","22000","1100","20","1100","20"
"2020-07-22","0","31295","31295","1115","28","1115","28"
"2020-07-21","2.29","1376580","1376580","1115","1237","1115","1237"
"2020-07-20","-7.23","457195","457195","1090","413","1090","413"
"2020-07-17","-7.11","229990","229990","1175","195","1175","195"
"2020-07-16","-1.94","49930","49930","1265","41","1265","41"
"2020-07-15","-3.73","3795800","3795800","1290","2920","1290","2920"
"2020-07-14","-2.55","4020","4020","1340","3","1340","3"
"2020-07-13","5.77","11897900","11897900","1375","8804","1375","8804"
"2020-07-10","1.56","1886820","1886820","1300","1458","1300","1458"
"2020-07-09","0","561440","561440","1280","432","1280","432"
"2020-07-08","6.67","330485","330485","1280","272","1280","272"
"2020-07-07","1.69","761270","761270","1200","643","1200","643"
"2020-07-06","2.61","1815560","1815560","1180","1608","1180","1608"
"2020-07-03","0.88","1918710","1918710","1150","1751","1150","1751"
"2020-07-02","-0.87","10743520","10743520","1140","9757","1140","9757"
"2020-07-01","4.55","255600","255600","1150","222","1150","222"
"2020-06-30","1.38","2292790","2292790","1100","2106","1100","2106"
"2020-06-29","0.93","1495855","1495855","1085","1381","1085","1381"
"2020-06-26","6.44","638650","638650","1075","595","1075","595"
"2020-06-25","-6.48","229825","229825","1010","215","1010","215"
"2020-06-24","0","274150","274150","1080","255","1080","255"
"2020-06-23","0.47","277565","277565","1080","257","1080","257"
"2020-06-22","0","305050","305050","1075","289","1075","289"
"2020-06-19","2.38","44685","44685","1075","42","1075","42"
"2020-06-18","-2.33","216520","216520","1050","203","1050","203"
"2020-06-17","-0.92","366540","366540","1075","338","1075","338"
"2020-06-16","-0.91","178865","178865","1085","164","1085","164"
"2020-06-15","0.92","522360","522360","1095","475","1095","475"
"2020-06-12","0.93","279895","279895","1085","258","1085","258"
"2020-06-11","7.5","189735","189735","1075","180","1075","180"
"2020-06-10","2.04","176680","176680","1000","179","1000","179"
"2020-06-09","0","245880","245880","980","256","980","256"
"2020-06-08","2.08","1828140","1828140","980","1918","980","1918"
"2020-06-05","-2.04","483700","483700","960","495","960","495"
"2020-06-04","-1.01","98000","98000","980","100","980","100"
"2020-06-03","-1","135850","135850","990","137","990","137"
"2020-06-02","0","813000","813000","1000","813","1000","813"
"2020-05-29","1.01","1085500","1085500","1000","1087","1000","1087"
"2020-05-28","-0.5","806950","806950","990","810","990","810"
"2020-05-27","1.53","240750","240750","995","241","995","241"
"2020-05-26","-3.92","2233140","2233140","980","2244","980","2244"
"2020-05-25","-0.49","444545","444545","1020","436","1020","436"
"2020-05-22","-4.21","371045","371045","1025","361","1025","361"
"2020-05-19","1.9","689990","689990","1070","645","1070","645"
"2020-05-18","0","249925","249925","1050","240","1050","240"
"2020-05-15","5","601525","601525","1050","577","1050","577"
"2020-05-14","-3.85","2026640","2026640","1000","2020","1000","2020"
"2020-05-13","0","292350","292350","1040","290","1040","290"
"2020-05-12","-1.89","622000","622000","1040","589","1040","589"
"2020-05-11","-0.93","905020","905020","1060","867","1060","867"
"2020-05-08","4.39","141215","141215","1070","132","1070","132"
"2020-05-07","-4.21","339275","339275","1025","331","1025","331"
"2020-05-06","3.88","416650","416650","1070","400","1070","400"
"2020-05-05","-0.96","20600","20600","1030","20","1030","20"
"2020-05-04","-0.95","1183645","1183645","1040","1135","1040","1135"
"2020-04-30","-1.87","1128790","1128790","1050","1075","1050","1075"
"2020-04-29","1.9","225165","225165","1070","212","1070","212"
"2020-04-28","-1.87","400940","400940","1050","378","1050","378"
"2020-04-27","0","85600","85600","1070","80","1070","80"
"2020-04-24","-2.28","73880","73880","1070","69","1070","69"
"2020-04-23","0","24090","24090","1095","22","1095","22"
"2020-04-22","-0.45","221690","221690","1095","202","1095","202"
"2020-04-21","0","443000","443000","1100","400","1100","400"
"2020-04-16","0.46","103375","103375","1100","94","1100","94"
"2020-04-15","7.35","1122375","1122375","1095","1025","1095","1025"
"2020-04-14","2","3861800","3861800","1020","3790","1020","3790"
"2020-04-07","0","1526000","1526000","1000","1526","1000","1526"
"2020-04-06","0","1150910","1150910","1000","1151","1000","1151"
"2020-04-02","5.26","348300","348300","1000","366","1000","366"
"2020-04-01","0","142200","142200","950","149","950","149"
"2020-03-31","-5","1059800","1059800","950","1112","950","1112"
"2020-03-30","0","76000","76000","1000","76","1000","76"
"2020-03-27","5.26","1123600","1123600","1000","1216","1000","1216"
"2020-03-26","-6.86","2132975","2132975","950","2160","950","2160"
"2020-03-25","-7.27","1709520","1709520","1020","1676","1020","1676"
"2020-03-24","-5.98","5730190","5730190","1100","4900","1100","4900"
"2020-03-23","-6.77","637585","637585","1170","538","1170","538"
"2020-03-20","-1.18","153275","153275","1255","122","1255","122"
"2020-03-19","-7.3","946135","946135","1270","733","1270","733"
"2020-03-18","-2.14","61900","61900","1370","45","1370","45"
"2020-03-17","-0.36","9495200","9495200","1400","7168","1400","7168"
"2020-03-16","-2.77","3308930","3308930","1405","2341","1405","2341"
"2020-03-13","-3.34","1167745","1167745","1445","806","1445","806"
"2020-03-12","-0.33","482800","482800","1495","323","1495","323"
"2020-03-11","2.39","443980","443980","1500","300","1500","300"
"2020-03-10","0","146500","146500","1465","100","1465","100"
"2020-03-09","1.03","13956255","13956255","1465","9527","1465","9527"
"2020-03-06","-0.34","306320","306320","1450","211","1450","211"
"2020-03-05","3.56","25825","25825","1455","18","1455","18"
"2020-03-04","0.36","142805","142805","1405","102","1405","102"
"2020-03-03","2.56","297200","297200","1400","205","1400","205"
"2020-03-02","0.74","13650","13650","1365","10","1365","10"
"2020-02-28","3.04","6775","6775","1355","5","1355","5"
"2020-02-27","0.38","669620","669620","1315","507","1315","507"
"2020-02-26","0","2528550","2528550","1310","1930","1310","1930"
"2020-02-25","0","95630","95630","1310","73","1310","73"
"2020-02-24","0.38","147530","147530","1310","113","1310","113"
"2020-02-21","-0.38","339605","339605","1305","259","1305","259"
"2020-02-20","-0.38","170725","170725","1310","130","1310","130"
"2020-02-19","0","143630","143630","1315","102","1315","102"
"2020-02-18","0.77","118350","118350","1315","90","1315","90"
"2020-02-17","-4.04","238945","238945","1305","182","1305","182"
"2020-02-14","0","654260","654260","1360","481","1360","481"
"2020-02-13","-7.17","1173680","1173680","1360","863","1360","863"
"2020-02-12","0","285675","285675","1465","195","1465","195"
"2020-02-11","0","1226365","1226365","1465","833","1465","833"
"2020-02-10","-3.62","5027805","5027805","1465","3419","1465","3419"
"2020-02-07","-2.88","726695","726695","1520","473","1520","473"
"2020-02-06","-0.32","42255","42255","1565","27","1565","27"
"2020-02-05","0","288880","288880","1570","184","1570","184"
"2020-02-04","3.29","519150","519150","1570","335","1570","335"
"2020-02-03","0.33","705480","705480","1520","464","1520","464"
"2020-01-31","1","2636835","2636835","1515","1757","1515","1757"
"2020-01-30","0","2115290","2115290","1500","1414","1500","1414"
"2020-01-29","-1.64","10945500","10945500","1500","7297","1500","7297"
"2020-01-27","-2.24","2550615","2550615","1525","1693","1525","1693"
"2020-01-24","-0.32","1287275","1287275","1560","825","1560","825"
"2020-01-23","0","2293790","2293790","1565","1479","1565","1479"
"2020-01-21","6.83","339435","339435","1565","219","1565","219"
"2020-01-20","4.27","1168790","1168790","1465","806","1465","806"
"2020-01-17","7.25","25210","25210","1405","18","1405","18"
"2020-01-16","0.77","1644215","1644215","1310","1258","1310","1258"
"2020-01-15","0","705900","705900","1300","543","1300","543"
"2020-01-14","0","97400","97400","1300","75","1300","75"
"2020-01-13","0.39","3254740","3254740","1300","2518","1300","2518"
"2020-01-10","5.71","3432880","3432880","1295","2655","1295","2655"
"2020-01-09","1.66","208250","208250","1225","170","1225","170"
"2020-01-08","-4.37","3441300","3441300","1205","2745","1205","2745"
"2020-01-07","0.8","6594825","6594825","1260","5244","1260","5244"
"2020-01-06","-0.4","147140","147140","1250","120","1250","120"
"2020-01-03","0","2838740","2838740","1255","2258","1255","2258"
"2020-01-02","0.4","1526775","1526775","1255","1217","1255","1217"
"2019-12-31","-0.4","758075","758075","1250","605","1250","605"
"2019-12-30","0","499295","499295","1255","399","1255","399"
"2019-12-27","0","3765","3765","1255","3","1255","3"
"2019-12-26","0.4","427955","427955","1255","341","1255","341"
"2019-12-24","-0.4","540000","540000","1250","432","1250","432"
"2019-12-23","0","25100","25100","1255","20","1255","20"
"2019-12-20","0","339200","339200","1255","270","1255","270"
"2019-12-19","-0.4","88300","88300","1255","70","1255","70"
"2019-12-18","0.4","474515","474515","1260","378","1260","378"
"2019-12-17","-0.4","401605","401605","1255","319","1255","319"
"2019-12-16","-1.95","35320","35320","1260","28","1260","28"
"2019-12-13","0","89950","89950","1285","70","1285","70"
"2019-12-12","2.39","792005","792005","1285","628","1285","628"
"2019-12-11","0","778120","778120","1255","620","1255","620"
"2019-12-10","-2.71","406820","406820","1255","324","1255","324"
"2019-12-09","0.78","462620","462620","1290","361","1290","361"
"2019-12-06","1.19","2874045","2874045","1280","2290","1280","2290"
"2019-12-05","-1.94","127000","127000","1265","100","1265","100"
"2019-12-04","0","1653320","1653320","1290","1309","1290","1309"
"2019-12-03","-0.39","296700","296700","1290","230","1290","230"
"2019-11-29","-0.38","3885","3885","1295","3","1295","3"
"2019-11-28","0","442000","442000","1300","340","1300","340"
"2019-11-27","4","130000","130000","1300","100","1300","100"
"2019-11-26","0","40000","40000","1250","32","1250","32"
"2019-11-25","4.17","12500","12500","1250","10","1250","10"
"2019-11-22","-4","928900","928900","1200","772","1200","772"
"2019-11-21","0","31200","31200","1250","25","1250","25"
"2019-11-20","0","11250","11250","1250","9","1250","9"
"2019-11-19","4.17","791450","791450","1250","657","1250","657"
"2019-11-18","0.42","445000","445000","1200","371","1200","371"
"2019-11-14","-0.42","11950","11950","1195","10","1195","10"
"2019-11-13","-3.23","388800","388800","1200","324","1200","324"
"2019-11-12","3.33","280440","280440","1240","234","1240","234"
"2019-11-11","3","52450","52450","1200","45","1200","45"
"2019-11-08","0.43","1061650","1061650","1165","915","1165","915"
"2019-11-07","0","2354800","2354800","1160","2030","1160","2030"
"2019-11-06","0","63550","63550","1160","55","1160","55"
"2019-11-05","-7.2","626400","626400","1160","531","1160","531"
"2019-11-04","0","127500","127500","1250","102","1250","102"
"2019-10-30","0","1071000","1071000","1250","857","1250","857"
"2019-10-29","3.73","453825","453825","1250","363","1250","363"
"2019-10-25","-6.95","511690","511690","1205","408","1205","408"
"2019-10-24","-0.38","162375","162375","1295","125","1295","125"
"2019-10-23","2.36","1511205","1511205","1300","1261","1300","1261"
"2019-10-22","7.17","2985140","2985140","1270","2352","1270","2352"
"2019-10-21","7.24","118500","118500","1185","100","1185","100"
"2019-10-18","-3.49","2277155","2277155","1105","2040","1105","2040"
"2019-10-17","0","51525","51525","1145","45","1145","45"
"2019-10-16","1.78","3264455","3264455","1145","2855","1145","2855"
"2019-10-15","-7.02","1711875","1711875","1125","1494","1125","1494"
"2019-10-14","-6.92","223650","223650","1210","180","1210","180"
"2019-10-11","0","297000","297000","1300","230","1300","230"
"2019-10-10","2.77","19500","19500","1300","15","1300","15"
"2019-10-09","0","12650","12650","1265","10","1265","10"
"2019-10-08","7.2","1191115","1191115","1265","966","1265","966"
"2019-10-07","-0.42","298680","298680","1180","261","1180","261"
"2019-10-04","5.33","79125","79125","1185","69","1185","69"
"2019-10-03","0","55700","55700","1125","50","1125","50"
"2019-10-02","0","22500","22500","1125","20","1125","20"
"2019-10-01","6.13","138500","138500","1125","131","1125","131"
"2019-09-30","-2.75","2323450","2323450","1060","2135","1060","2135"
"2019-09-27","-0.91","2496870","2496870","1090","2279","1090","2279"
"2019-09-26","-4.35","1198205","1198205","1100","1070","1100","1070"
"2019-09-25","0","494205","494205","1150","429","1150","429"
"2019-09-24","0","235750","235750","1150","205","1150","205"
"2019-09-23","0","73515","73515","1150","64","1150","64"
"2019-09-20","0","126500","126500","1150","110","1150","110"
"2019-09-18","0","273085","273085","1150","238","1150","238"
"2019-09-17","0.44","460000","460000","1150","400","1150","400"
"2019-09-16","-0.43","287375","287375","1145","250","1145","250"
"2019-09-13","0.44","1791700","1791700","1150","1558","1150","1558"
"2019-09-12","0.44","2483785","2483785","1145","2171","1145","2171"
"2019-09-11","1.79","268250","268250","1140","235","1140","235"
"2019-09-10","-2.18","2510055","2510055","1120","2234","1120","2234"
"2019-09-09","0","619795","619795","1145","541","1145","541"
"2019-09-06","0","196940","196940","1145","172","1145","172"
"2019-09-04","0.44","456935","456935","1145","400","1145","400"
"2019-09-03","1.79","1168400","1168400","1140","1025","1140","1025"
"2019-09-02","-1.75","580200","580200","1120","510","1120","510"
"2019-08-30","0","11400","11400","1140","10","1140","10"
"2019-08-29","0","645665","645665","1140","576","1140","576"
"2019-08-28","0","2153680","2153680","1140","1924","1140","1924"
"2019-08-27","-0.44","90900","90900","1140","80","1140","80"
"2019-08-26","3.62","424795","424795","1145","371","1145","371"
"2019-08-23","-0.45","483990","483990","1105","438","1105","438"
"2019-08-22","0.45","112110","112110","1110","101","1110","101"
"2019-08-21","0.45","176800","176800","1105","160","1105","160"
"2019-08-20","-0.9","2252765","2252765","1100","2040","1100","2040"
"2019-08-19","-3.48","1147005","1147005","1110","1027","1110","1027"
"2019-08-16","0.44","170200","170200","1150","148","1150","148"
"2019-08-14","0","34350","34350","1145","30","1145","30"
"2019-08-13","0","21755","21755","1145","19","1145","19"
"2019-08-09","3.15","631435","631435","1145","555","1145","555"
"2019-08-08","-0.89","410080","410080","1110","366","1110","366"
"2019-08-06","0","26880","26880","1120","24","1120","24"
"2019-08-05","-0.88","84000","84000","1120","75","1120","75"
"2019-08-02","2.26","97180","97180","1130","86","1130","86"
"2019-08-01","-1.78","55970","55970","1105","50","1105","50"
"2019-07-31","0.45","82975","82975","1125","74","1125","74"
"2019-07-30","2.28","214450","214450","1120","195","1120","195"
"2019-07-26","0.92","229950","229950","1095","210","1095","210"
"2019-07-25","-0.46","595995","595995","1085","547","1085","547"
"2019-07-24","0.46","10900","10900","1090","10","1090","10"
"2019-07-23","0","32650","32650","1085","30","1085","30"
"2019-07-22","0","478480","478480","1085","441","1085","441"
"2019-07-19","0","141050","141050","1085","130","1085","130"
"2019-07-18","0.46","724100","724100","1085","670","1085","670"
"2019-07-17","0","386640","386640","1080","358","1080","358"
"2019-07-16","-0.46","104610","104610","1080","97","1080","97"
"2019-07-15","-3.98","311050","311050","1085","285","1085","285"
"2019-07-12","0","45450","45450","1130","40","1130","40"
"2019-07-11","0","147700","147700","1130","134","1130","134"
"2019-07-10","-0.88","91790","91790","1130","81","1130","81"
"2019-07-08","-0.87","120840","120840","1140","106","1140","106"
"2019-07-05","-4.17","103500","103500","1150","90","1150","90"
"2019-07-03","-1.23","407480","407480","1200","340","1200","340"
"2019-07-02","-0.82","129295","129295","1215","113","1215","113"
"2019-07-01","-0.81","238875","238875","1225","195","1225","195"
"2019-06-28","0.41","220780","220780","1235","179","1235","179"
"2019-06-27","0.82","113560","113560","1230","93","1230","93"
"2019-06-26","-1.61","1220","1220","1220","1","1220","1"
"2019-06-25","0","123750","123750","1240","100","1240","100"
"2019-06-24","-6.06","173550","173550","1240","140","1240","140"
"2019-06-19","-1.49","198000","198000","1320","150","1320","150"
"2019-06-18","0","61590","61590","1340","46","1340","46"
"2019-06-17","-4.29","113700","113700","1340","85","1340","85"
"2019-06-14","-2.1","11200","11200","1400","8","1400","8"
"2019-06-13","0","378750","378750","1430","265","1430","265"
"2019-06-12","-1.38","28600","28600","1430","20","1430","20"
"2019-06-11","0","95700","95700","1450","66","1450","66"
"2019-06-07","0","88450","88450","1450","61","1450","61"
"2019-06-05","-2.68","87000","87000","1450","60","1450","60"
"2019-06-03","6.43","14900","14900","1490","10","1490","10"
"2019-05-31","-5.08","37950","37950","1400","27","1400","27"
"2019-05-29","-0.34","247750","247750","1475","168","1475","168"
"2019-05-28","-1.33","5920","5920","1480","4","1480","4"
"2019-05-27","0","34275","34275","1500","23","1500","23"
"2019-05-24","0","15000","15000","1500","10","1500","10"
"2019-05-23","-5.96","91500","91500","1500","61","1500","61"
"2019-05-22","0.31","508585","508585","1595","320","1595","320"
"2019-05-21","0","820220","820220","1590","516","1590","516"
"2019-05-20","-0.31","160650","160650","1590","105","1590","105"
"2019-05-17","-0.31","724150","724150","1595","453","1595","453"
"2019-05-16","0","2142190","2142190","1600","1339","1600","1339"
"2019-05-15","0.63","2017290","2017290","1600","1268","1600","1268"
"2019-05-14","0","836600","836600","1590","525","1590","525"
"2019-05-13","-1.85","471250","471250","1590","295","1590","295"
"2019-05-10","-1.82","16200","16200","1620","10","1620","10"
"2019-05-09","-2.94","1650","1650","1650","1","1650","1"
"2019-05-08","0","394400","394400","1700","232","1700","232"
"2019-05-07","0","1385700","1385700","1700","836","1700","836"
"2019-05-06","-5.56","3672000","3672000","1700","2160","1700","2160"
"2019-05-03","5.88","126000","126000","1800","70","1800","70"
"2019-05-02","-2.86","510000","510000","1700","300","1700","300"
"2019-04-30","0","302750","302750","1750","173","1750","173"
"2019-04-29","-3.85","2043735","2043735","1750","1175","1750","1175"
"2019-04-26","7.06","8711170","8711170","1820","4986","1820","4986"
"2019-04-25","-2.86","776950","776950","1700","457","1700","457"
"2019-04-24","0","80525","80525","1750","46","1750","46"
"2019-04-23","0.29","749855","749855","1750","429","1750","429"
"2019-04-19","-0.29","1025445","1025445","1745","586","1745","586"
"2019-04-18","-3.85","85750","85750","1750","49","1750","49"
"2019-04-17","-0.27","3258395","3258395","1820","1798","1820","1798"
"2019-04-16","7.35","788150","788150","1825","452","1825","452"
"2019-04-15","3.66","229300","229300","1700","137","1700","137"
"2019-04-12","0.61","2574740","2574740","1640","1566","1640","1566"
"2019-04-11","0","391210","391210","1630","240","1630","240"
"2019-04-10","-0.31","2902765","2902765","1630","1780","1630","1780"
"2019-04-09","0.31","2919480","2919480","1635","1791","1635","1791"
"2019-04-08","1.88","356970","356970","1630","219","1630","219"
"2019-04-05","-1.84","160000","160000","1600","100","1600","100"
"2019-04-04","1.88","4494765","4494765","1630","2792","1630","2792"
"2019-04-03","0","1441340","1441340","1600","906","1600","906"
"2019-04-02","0","622450","622450","1600","389","1600","389"
"2019-04-01","-4.19","5004800","5004800","1600","3128","1600","3128"
"2019-03-29","-0.3","2303450","2303450","1670","1410","1670","1410"
"2019-03-28","0","575605","575605","1675","343","1675","343"
"2019-03-27","0","4685285","4685285","1675","2851","1675","2851"
"2019-03-26","-0.3","1930530","1930530","1675","1207","1675","1207"
"2019-03-25","5.33","9564085","9564085","1680","5634","1680","5634"
"2019-03-22","7.41","156595","156595","1595","101","1595","101"
"2019-03-21","7.22","668250","668250","1485","450","1485","450"
"2019-03-20","7.36","167585","167585","1385","121","1385","121"
"2019-03-19","7.5","1522200","1522200","1290","1180","1290","1180"
"2019-03-18","2.56","198030","198030","1200","169","1200","169"
"2019-03-15","-2.5","62600","62600","1170","52","1170","52"
"2019-03-14","0","180000","180000","1200","150","1200","150"
"2019-03-13","2.56","696900","696900","1200","584","1200","584"
"2019-03-12","0","44460","44460","1170","38","1170","38"
"2019-03-11","-2.5","72200","72200","1170","60","1170","60"
"2019-03-08","0","97290","97290","1200","81","1200","81"
"2019-03-07","0","60000","60000","1200","50","1200","50"
"2019-03-06","0","12000","12000","1200","10","1200","10"
"2019-03-05","-4","15565","15565","1200","13","1200","13"
"2019-03-04","5.04","659900","659900","1250","531","1250","531"
"2019-03-01","-0.83","374420","374420","1190","313","1190","313"
"2019-02-28","-4","83400","83400","1200","70","1200","70"
"2019-02-27","0","225000","225000","1250","186","1250","186"
"2019-02-26","0","210800","210800","1250","174","1250","174"
"2019-02-25","-3.85","28750","28750","1250","23","1250","23"
"2019-02-22","0","164050","164050","1300","126","1300","126"
"2019-02-21","4","31200","31200","1300","24","1300","24"
"2019-02-20","0","67500","67500","1250","54","1250","54"
"2019-02-19","4.17","228790","228790","1250","188","1250","188"
"2019-02-18","3.45","2924240","2924240","1200","2438","1200","2438"
"2019-02-15","0","20799300","20799300","1160","17930","1160","17930"
"2019-02-14","-1.69","7940280","7940280","1160","6843","1160","6843"
"2019-02-13","7.27","3540","3540","1180","3","1180","3"
"2019-02-12","0","4118900","4118900","1100","3744","1100","3744"
"2019-02-11","0","2463500","2463500","1100","2235","1100","2235"
"2019-02-08","0","35927100","35927100","1100","32661","1100","32661"
"2019-02-07","0","6182000","6182000","1100","5620","1100","5620"
"2019-02-06","1.85","175820","175820","1100","174","1100","174"
"2019-02-05","-1.82","1080","1080","1080","1","1080","1"
"2019-02-04","-5.17","117230","117230","1100","106","1100","106"
"2019-02-01","-1.69","73820","73820","1160","63","1160","63"
"2019-01-31","0","104560","104560","1180","92","1180","92"
"2019-01-30","0.43","49560","49560","1180","42","1180","42"
"2019-01-29","0","140150","140150","1175","124","1175","124"
"2019-01-28","-0.42","54265","54265","1175","47","1175","47"
"2019-01-25","0","18880","18880","1180","16","1180","16"
"2019-01-23","-1.67","1181050","1181050","1180","1060","1180","1060"
"2019-01-21","1.27","3049345","3049345","1200","2745","1200","2745"
"2019-01-18","-0.42","89525","89525","1185","75","1185","75"
"2019-01-17","-1.24","3472860","3472860","1190","3114","1190","3114"
"2019-01-16","0.42","3613275","3613275","1205","3000","1205","3000"
"2019-01-15","0","1731000","1731000","1200","1555","1200","1555"
"2019-01-14","0.84","2305800","2305800","1200","2080","1200","2080"
"2019-01-10","0","23800","23800","1190","20","1190","20"
"2019-01-09","-0.83","29800","29800","1190","25","1190","25"
"2019-01-08","0.84","30000","30000","1200","25","1200","25"
"2019-01-07","-0.83","49190","49190","1190","41","1190","41"
"2019-01-04","0","78000","78000","1200","65","1200","65"
"2019-01-03","-0.41","134400","134400","1200","112","1200","112"
"2019-01-02","0.42","542050","542050","1205","450","1205","450"
"2018-12-31","-0.41","458800","458800","1200","380","1200","380"
"2018-12-28","0.42","2866100","2866100","1205","2385","1205","2385"
"2018-12-27","0","480120","480120","1200","422","1200","422"
"2018-12-21","0","12000","12000","1200","10","1200","10"
"2018-12-19","-2.83","122480","122480","1200","101","1200","101"
"2018-12-18","0","209045","209045","1235","181","1235","181"
"2018-12-17","0","1768415","1768415","1235","1539","1235","1539"
"2018-12-14","0","969910","969910","1235","840","1235","840"
"2018-12-13","7.39","716300","716300","1235","580","1235","580"
"2018-12-12","4.55","380600","380600","1150","333","1150","333"
"2018-12-11","4.27","1662925","1662925","1100","1575","1100","1575"
"2018-12-10","6.57","119215","119215","1055","113","1055","113"
"2018-12-07","0","1490940","1490940","990","1506","990","1506"
"2018-12-06","4.21","164910","164910","990","169","990","169"
"2018-12-05","1.06","196190","196190","950","209","950","209"
"2018-12-04","4.44","9584580","9584580","940","10608","940","10608"
"2018-12-03","-4.26","632190","632190","900","709","900","709"
"2018-11-30","-1.05","553000","553000","940","614","940","614"
"2018-11-28","1.06","4446250","4446250","950","4805","950","4805"
"2018-11-27","0","402375","402375","940","430","940","430"
"2018-11-23","-1.05","23550","23550","940","25","940","25"
"2018-11-22","-2.56","1334750","1334750","950","1405","950","1405"
"2018-11-21","-2.5","26325","26325","975","27","975","27"
"2018-11-19","-2.44","80000","80000","1000","80","1000","80"
"2018-11-16","2.5","29750","29750","1025","30","1025","30"
"2018-11-14","-4.76","30600","30600","1000","30","1000","30"
"2018-11-13","0.48","2679550","2679550","1050","2679","1050","2679"
"2018-11-12","0","10450","10450","1045","10","1045","10"
"2018-11-09","-0.48","89450","89450","1045","89","1045","89"
"2018-11-06","0","248050","248050","1050","248","1050","248"
"2018-11-05","-0.47","81900","81900","1050","78","1050","78"
"2018-11-02","0.48","259150","259150","1055","253","1055","253"
"2018-10-31","0","105000","105000","1050","100","1050","100"
"2018-10-26","0","23100","23100","1050","22","1050","22"
"2018-10-25","0","180600","180600","1050","172","1050","172"
"2018-10-24","0","1742780","1742780","1050","1768","1050","1768"
"2018-10-23","0","10500","10500","1050","10","1050","10"
"2018-10-22","0","782500","782500","1050","773","1050","773"
"2018-10-19","0","79250","79250","1050","78","1050","78"
"2018-10-18","0","86500","86500","1050","84","1050","84"
"2018-10-16","-0.47","2100","2100","1050","2","1050","2"
"2018-10-15","-1.86","216275","216275","1055","205","1055","205"
"2018-10-12","7.5","301840","301840","1075","311","1075","311"
"2018-10-11","0","1674280","1674280","1000","1692","1000","1692"
"2018-10-10","-1.96","547100","547100","1000","544","1000","544"
"2018-10-09","-7.27","5100","5100","1020","5","1020","5"
"2018-10-08","0","95700","95700","1100","87","1100","87"
"2018-10-05","0","170250","170250","1100","155","1100","155"
"2018-10-04","0","134660","134660","1100","125","1100","125"
"2018-10-03","0","170325","170325","1100","155","1100","155"
"2018-10-02","0","30800","30800","1100","28","1100","28"
"2018-10-01","-4.35","501710","501710","1100","457","1100","457"
"2018-09-28","0","51750","51750","1150","45","1150","45"
"2018-09-27","-2.54","310905","310905","1150","271","1150","271"
"2018-09-26","-1.26","20060","20060","1180","17","1180","17"
"2018-09-25","-0.42","97195","97195","1195","81","1195","81"
"2018-09-24","0","367200","367200","1200","330","1200","330"
"2018-09-20","0","29750","29750","1200","25","1200","25"
"2018-09-19","0.42","9600","9600","1200","8","1200","8"
"2018-09-18","-0.42","597755","597755","1195","500","1195","500"
"2018-09-17","0","264880","264880","1200","228","1200","228"
"2018-09-14","4.35","1661450","1661450","1200","1507","1200","1507"
"2018-09-13","-4.17","292100","292100","1150","254","1150","254"
"2018-09-12","0","30000","30000","1200","25","1200","25"
"2018-09-11","0","3189900","3189900","1200","2836","1200","2836"
"2018-09-10","0","1080000","1080000","1200","900","1200","900"
"2018-09-07","0","275340","275340","1200","238","1200","238"
"2018-09-06","0","541340","541340","1200","452","1200","452"
"2018-09-05","-6.98","172350","172350","1200","144","1200","144"
"2018-09-04","-0.77","118680","118680","1290","92","1290","92"
"2018-09-03","0","26000","26000","1300","20","1300","20"
"2018-08-31","0.78","1522700","1522700","1300","1266","1300","1266"
"2018-08-30","-0.77","272000","272000","1290","210","1290","210"
"2018-08-29","1.56","774730","774730","1300","609","1300","609"
"2018-08-28","-1.54","85710","85710","1280","66","1280","66"
"2018-08-27","0","285960","285960","1300","220","1300","220"
"2018-08-24","0.78","1983755","1983755","1300","1529","1300","1529"
"2018-08-23","0","168280","168280","1290","132","1290","132"
"2018-08-22","0","83555","83555","1290","65","1290","65"
"2018-08-20","0","150260","150260","1290","118","1290","118"
"2018-08-17","0","91920","91920","1290","75","1290","75"
"2018-08-16","-4.8","255340","255340","1290","197","1290","197"
"2018-08-14","-3.21","1569320","1569320","1355","1158","1355","1158"
"2018-08-13","-2.78","102755","102755","1400","74","1400","74"
"2018-08-10","-0.69","340945","340945","1440","244","1440","244"
"2018-08-09","-1.02","152220","152220","1450","108","1450","108"
"2018-08-08","4.64","643160","643160","1465","456","1465","456"
"2018-08-03","-2.78","794600","794600","1400","569","1400","569"
"2018-08-02","0","28800","28800","1440","20","1440","20"
"2018-08-01","-1.71","150710","150710","1440","104","1440","104"
"2018-07-31","4.64","326650","326650","1465","223","1465","223"
"2018-07-30","-6.04","760360","760360","1400","543","1400","543"
"2018-07-27","-0.67","744300","744300","1490","523","1490","523"
"2018-07-26","0","1122845","1122845","1500","753","1500","753"
"2018-07-25","0","260340","260340","1500","175","1500","175"
"2018-07-24","-7.41","1561400","1561400","1500","1040","1500","1040"
"2018-07-23","-1.52","63905","63905","1620","39","1620","39"
"2018-07-20","1.54","451675","451675","1645","277","1645","277"
"2018-07-19","-1.82","176200","176200","1620","110","1620","110"
"2018-07-18","0","150650","150650","1650","94","1650","94"
"2018-07-17","0","371250","371250","1650","225","1650","225"
"2018-07-16","3.13","120190","120190","1650","70","1650","70"
"2018-07-13","0","171200","171200","1600","107","1600","107"
"2018-07-12","6.67","213000","213000","1600","140","1600","140"
"2018-07-11","-6.25","495000","495000","1500","330","1500","330"
"2018-07-10","2.24","196300","196300","1600","123","1600","123"
"2018-07-09","7.19","186750","186750","1565","120","1565","120"
"2018-07-06","-2.67","203600","203600","1460","140","1460","140"
"2018-07-05","0.33","433500","433500","1500","289","1500","289"
"2018-07-04","-0.33","463825","463825","1495","310","1495","310"
"2018-07-03","0","98580","98580","1500","65","1500","65"
"2018-07-02","0","753000","753000","1500","502","1500","502"
"2018-06-29","0","4612375","4612375","1500","3087","1500","3087"
"2018-06-28","0","180000","180000","1500","120","1500","120"
"2018-06-27","0","164975","164975","1500","110","1500","110"
"2018-06-26","0","64500","64500","1500","43","1500","43"
"2018-06-25","0","30000","30000","1500","20","1500","20"
"2018-06-22","0","1074500","1074500","1500","717","1500","717"
"2018-06-20","0","788100","788100","1500","537","1500","537"
"2018-06-19","0","135450","135450","1500","91","1500","91"
"2018-06-18","0","400300","400300","1500","277","1500","277"
"2018-06-15","1.69","1027825","1027825","1500","697","1500","697"
"2018-06-13","0","140125","140125","1475","95","1475","95"
"2018-06-12","0","63300","63300","1475","43","1475","43"
"2018-06-08","0","589050","589050","1475","400","1475","400"
"2018-06-07","-3.28","1591225","1591225","1475","1058","1475","1058"
"2018-06-06","-0.33","303225","303225","1525","199","1525","199"
"2018-06-05","0","365790","365790","1530","243","1530","243"
"2018-06-04","6.99","664210","664210","1530","443","1530","443"
"2018-06-01","0","344660","344660","1430","242","1430","242"
"2018-05-31","5.93","1647400","1647400","1430","1256","1430","1256"
"2018-05-30","-5.59","804510","804510","1350","597","1350","597"
"2018-05-29","0","310215","310215","1430","222","1430","222"
"2018-05-28","-7.44","796510","796510","1430","557","1430","557"
"2018-05-25","0","23175","23175","1545","15","1545","15"
"2018-05-24","-0.32","448820","448820","1545","312","1545","312"
"2018-05-23","-0.64","108240","108240","1550","72","1550","72"
"2018-05-22","-2.19","489200","489200","1560","330","1560","330"
"2018-05-18","-0.31","40980","40980","1595","26","1595","26"
"2018-05-17","0","1720480","1720480","1600","1148","1600","1148"
"2018-05-16","-1.54","447600","447600","1600","280","1600","280"
"2018-05-15","-2.11","154375","154375","1625","95","1625","95"
"2018-05-14","-0.6","855020","855020","1660","521","1660","521"
"2018-05-11","-1.47","439340","439340","1670","267","1670","267"
"2018-05-09","-0.29","13575","13575","1695","8","1695","8"
"2018-05-08","3.03","340000","340000","1700","200","1700","200"
"2018-05-07","0","404250","404250","1650","245","1650","245"
"2018-05-04","-2.94","245600","245600","1650","148","1650","148"
"2018-05-03","0","58750","58750","1700","35","1700","35"
"2018-05-02","5.26","420400","420400","1700","274","1700","274"
"2018-04-30","-7.45","144145","144145","1615","87","1615","87"
"2018-04-27","-2.51","378695","378695","1745","217","1745","217"
"2018-04-26","-0.28","80620","80620","1790","45","1790","45"
"2018-04-25","-0.28","202935","202935","1795","113","1795","113"
"2018-04-24","0","975675","975675","1800","545","1800","545"
"2018-04-23","0","2626050","2626050","1800","1574","1800","1574"
"2018-04-20","0","87975","87975","1800","49","1800","49"
"2018-04-19","0","197000","197000","1800","115","1800","115"
"2018-04-18","-5.26","37425","37425","1800","20","1800","20"
"2018-04-17","0","1117500","1117500","1900","590","1900","590"
"2018-04-16","0.53","952600","952600","1900","525","1900","525"
"2018-04-13","-3.08","94100","94100","1890","50","1890","50"
"2018-04-11","2.63","1114050","1114050","1950","580","1950","580"
"2018-04-10","0","661900","661900","1900","350","1900","350"
"2018-04-09","0.26","1307750","1307750","1900","715","1900","715"
"2018-04-06","-2.57","31145","31145","1895","16","1895","16"
"2018-04-05","-2.02","197225","197225","1945","105","1945","105"
"2018-04-04","5.87","1475125","1475125","1985","750","1985","750"
"2018-04-03","7.45","2169250","2169250","1875","1229","1875","1229"
"2018-03-30","2.65","613590","613590","1745","360","1745","360"
"2018-03-29","-2.86","2496245","2496245","1700","1464","1700","1464"
"2018-03-28","0","334400","334400","1750","194","1750","194"
"2018-03-27","2.94","339500","339500","1750","194","1750","194"
"2018-03-26","0","246500","246500","1700","145","1700","145"
"2018-03-23","0","675100","675100","1700","397","1700","397"
"2018-03-22","-5.56","416740","416740","1700","243","1700","243"
"2018-03-21","0","293400","293400","1800","163","1800","163"
"2018-03-20","0","1976400","1976400","1800","1098","1800","1098"
"2018-03-19","5.88","45000","45000","1800","25","1800","25"
"2018-03-16","-5.56","1316250","1316250","1700","761","1700","761"
"2018-03-15","-1.64","1168350","1168350","1800","640","1800","640"
"2018-03-14","-3.68","777370","777370","1830","417","1830","417"
"2018-03-13","0","578100","578100","1900","302","1900","302"
"2018-03-12","0","397000","397000","1900","215","1900","215"
"2018-03-09","0.26","443680","443680","1900","234","1900","234"
"2018-03-08","3.55","252120","252120","1895","133","1895","133"
"2018-03-07","4.87","1691855","1691855","1830","968","1830","968"
"2018-03-06","0","1004290","1004290","1745","577","1745","577"
"2018-03-05","0","247415","247415","1745","142","1745","142"
"2018-03-02","0","1780050","1780050","1745","1020","1745","1020"
"2018-03-01","-0.57","2228285","2228285","1745","1285","1745","1285"
"2018-02-28","3.24","2670710","2670710","1755","1533","1755","1533"
"2018-02-27","-4.23","1696860","1696860","1700","986","1700","986"
"2018-02-26","-1.39","505875","505875","1775","285","1775","285"
"2018-02-23","1.41","584200","584200","1800","318","1800","318"
"2018-02-22","7.25","159300","159300","1775","90","1775","90"
"2018-02-21","0.3","466710","466710","1655","275","1655","275"
"2018-02-20","3.13","676200","676200","1650","409","1650","409"
"2018-02-19","-0.62","166150","166150","1600","105","1600","105"
"2018-02-16","7.33","329680","329680","1610","218","1610","218"
"2018-02-15","0.33","1545000","1545000","1500","1030","1500","1030"
"2018-02-14","3.1","367725","367725","1495","246","1495","246"
"2018-02-13","-3.01","2667575","2667575","1450","1800","1450","1800"
"2018-02-12","0","216775","216775","1495","145","1495","145"
"2018-02-09","-0.33","1863330","1863330","1495","1270","1495","1270"
"2018-02-07","0","2010000","2010000","1500","1340","1500","1340"
"2018-02-06","0","382500","382500","1500","255","1500","255"
"2018-02-05","2.39","493250","493250","1500","334","1500","334"
"2018-02-02","-7.28","1246625","1246625","1465","829","1465","829"
"2018-02-01","4.98","1703415","1703415","1580","1125","1580","1125"
"2018-01-31","-7.38","2000035","2000035","1505","1292","1505","1292"
"2018-01-30","0","546750","546750","1625","338","1625","338"
"2018-01-26","1.56","1796225","1796225","1625","1105","1625","1105"
"2018-01-25","-0.62","1836050","1836050","1600","1143","1600","1143"
"2018-01-24","7.33","229860","229860","1610","144","1610","144"
"2018-01-23","-6.25","3348400","3348400","1500","2197","1500","2197"
"2018-01-22","-1.54","923590","923590","1600","572","1600","572"
"2018-01-19","-7.41","855750","855750","1625","474","1625","474"
"2018-01-18","-2.5","265650","265650","1755","148","1755","148"
"2018-01-17","4.35","1492425","1492425","1800","830","1800","830"
"2018-01-16","-7.26","42695","42695","1725","23","1725","23"
"2018-01-15","-1.85","121600","121600","1860","65","1860","65"
"2018-01-12","-2.07","127150","127150","1895","67","1895","67"
"2018-01-11","7.5","768855","768855","1935","451","1935","451"
"2018-01-10","-6.49","601340","601340","1800","320","1800","320"
"2018-01-09","-1.79","1140180","1140180","1925","587","1925","587"
"2018-01-08","-1.26","800045","800045","1960","407","1960","407"
"2018-01-05","0.25","288645","288645","1985","147","1985","147"
"2018-01-04","0","178550","178550","1980","90","1980","90"
"2018-01-03","7.03","201250","201250","1980","103","1980","103"
"2018-01-02","-7.5","1086600","1086600","1850","544","1850","544"
"2017-12-29","0","1220000","1220000","2000","610","2000","610"
"2017-12-28","0.5","4105650","4105650","2000","2054","2000","2054"
"2017-12-27","-0.5","1159945","1159945","1990","596","1990","596"
"2017-12-26","-4.76","1017170","1017170","2000","508","2000","508"
"2017-12-22","-0.94","2303020","2303020","2100","1144","2100","1144"
"2017-12-21","7.34","996100","996100","2120","496","2120","496"
"2017-12-20","4.22","24487435","24487435","1975","13905","1975","13905"
"2017-12-19","4.41","6857090","6857090","1895","3754","1895","3754"
"2017-12-18","7.4","181500","181500","1815","100","1815","100"
"2017-12-15","7.3","546330","546330","1690","345","1690","345"
"2017-12-14","5","138975","138975","1575","93","1575","93"
"2017-12-13","7.14","201560","201560","1500","143","1500","143"
"2017-12-12","7.28","4105","4105","1400","3","1400","3"
"2017-12-11","7.41","368350","368350","1305","296","1305","296"
"2017-12-08","-0.41","1529700","1529700","1215","1259","1215","1259"
"2017-12-07","5.17","9257220","9257220","1220","7620","1220","7620"
"2017-12-06","3.57","1250750","1250750","1160","1059","1160","1059"
"2017-12-05","0","367990","367990","1120","343","1120","343"
"2017-12-04","0.45","777520","777520","1120","721","1120","721"
"2017-11-30","-0.45","1423785","1423785","1115","1359","1115","1359"
"2017-11-29","-7.05","446995","446995","1120","382","1120","382"
"2017-11-28","-7.31","3684850","3684850","1205","2875","1205","2875"
"2017-11-27","-3.35","119250","119250","1300","90","1300","90"
"2017-11-24","-7.24","219375","219375","1345","155","1345","155"
"2017-11-23","-3.33","324810","324810","1450","223","1450","223"
"2017-11-22","-4.76","3172500","3172500","1500","2115","1500","2115"
"2017-11-21","0","174825","174825","1575","111","1575","111"
"2017-11-20","-1.87","1293455","1293455","1575","841","1575","841"
"2017-11-17","-5.59","286075","286075","1605","177","1605","177"
"2017-11-16","4.94","2156325","2156325","1700","1405","1700","1405"
"2017-11-14","-1.82","161000","161000","1620","100","1620","100"
"2017-11-13","-2.94","3300","3300","1650","2","1650","2"
"2017-11-10","0","132400","132400","1700","82","1700","82"
"2017-11-09","6.25","223800","223800","1700","134","1700","134"
"2017-11-08","-5.33","1118515","1118515","1600","672","1600","672"
"2017-11-07","-3.7","724540","724540","1690","429","1690","429"
"2017-11-06","-3.84","184250","184250","1755","102","1755","102"
"2017-11-03","-1.08","54750","54750","1825","30","1825","30"
"2017-11-02","5.13","151295","151295","1845","85","1845","85"
"2017-10-31","-7.14","402545","402545","1755","229","1755","229"
"2017-10-30","-2.33","494660","494660","1890","270","1890","270"
"2017-10-27","-1.78","1935","1935","1935","1","1935","1"
"2017-10-26","1.81","1970","1970","1970","1","1970","1"
"2017-10-25","7.5","1083735","1083735","1935","566","1935","566"
"2017-10-24","0.28","64450","64450","1800","36","1800","36"
"2017-10-23","-7.47","348300","348300","1795","192","1795","192"
"2017-10-20","-2.02","505735","505735","1940","266","1940","266"
"2017-10-19","7.32","637580","637580","1980","332","1980","332"
"2017-10-18","-1.86","3511240","3511240","1845","1922","1845","1922"
"2017-10-16","7.43","1471200","1471200","1880","784","1880","784"
"2017-10-13","-2.78","43968350","43968350","1750","24427","1750","24427"
"2017-10-12","0","554400","554400","1800","308","1800","308"
"2017-10-11","-5.76","693390","693390","1800","364","1800","364"
"2017-10-10","-4.5","114600","114600","1910","60","1910","60"
"2017-10-09","0.25","300000","300000","2000","150","2000","150"
"2017-10-06","-0.25","697850","697850","1995","350","1995","350"
"2017-10-05","0.25","1815590","1815590","2000","930","2000","930"
"2017-10-04","0","19950","19950","1995","10","1995","10"
"2017-10-03","0","69775","69775","1995","35","1995","35"
"2017-10-02","5","523780","523780","1995","274","1995","274"
"2017-09-29","0","539950","539950","1900","284","1900","284"
"2017-09-28","-0.26","369020","369020","1900","194","1900","194"
"2017-09-27","5.83","898780","898780","1905","473","1905","473"
"2017-09-26","0","375000","375000","1800","199","1800","199"
"2017-09-25","0","22700","22700","1800","12","1800","12"
"2017-09-22","5.88","2773150","2773150","1800","1636","1800","1636"
"2017-09-21","4.29","548925","548925","1700","322","1700","322"
"2017-09-20","-7.39","136900","136900","1630","80","1630","80"
"2017-09-19","-5.38","1185880","1185880","1760","660","1760","660"
"2017-09-18","-2.36","705450","705450","1860","376","1860","376"
"2017-09-15","-1.8","250400","250400","1905","130","1905","130"
"2017-09-14","0","452020","452020","1940","233","1940","233"
"2017-09-13","2.11","610300","610300","1940","315","1940","315"
"2017-09-12","-2.06","954040","954040","1900","498","1900","498"
"2017-09-11","4.3","537380","537380","1940","277","1940","277"
"2017-09-08","-4.37","228225","228225","1860","120","1860","120"
"2017-09-07","2.37","2064770","2064770","1945","1063","1945","1063"
"2017-09-06","-2.31","357045","357045","1900","186","1900","186"
"2017-09-05","0","324815","324815","1945","167","1945","167"
"2017-09-04","0","19450","19450","1945","10","1945","10"
"2017-08-31","0","488350","488350","1945","251","1945","251"
"2017-08-30","0","952115","952115","1945","491","1945","491"
"2017-08-29","2.37","95900","95900","1945","50","1945","50"
"2017-08-28","-0.52","413240","413240","1900","209","1900","209"
"2017-08-25","-6.6","1089830","1089830","1910","561","1910","561"
"2017-08-24","3.81","81820","81820","2045","41","2045","41"
"2017-08-23","-0.25","165485","165485","1970","86","1970","86"
"2017-08-22","-1","1299295","1299295","1975","644","1975","644"
"2017-08-21","-5","857850","857850","1995","423","1995","423"
"2017-08-18","-1.41","428520","428520","2100","204","2100","204"
"2017-08-17","1.67","415375","415375","2130","195","2130","195"
"2017-08-16","4.75","7105145","7105145","2095","3519","2095","3519"
"2017-08-14","-6.1","445200","445200","2000","220","2000","220"
"2017-08-11","-6.78","70080360","70080360","2130","28753","2130","28753"
"2017-08-10","7.28","1134520","1134520","2285","528","2285","528"
"2017-08-09","-7.39","1714300","1714300","2130","796","2130","796"
"2017-08-08","0","345750","345750","2300","151","2300","151"
"2017-08-04","0","103500","103500","2300","45","2300","45"
"2017-08-03","-3.97","1940255","1940255","2300","842","2300","842"
"2017-08-02","-4.2","1281370","1281370","2395","526","2395","526"
"2017-08-01","0","319600","319600","2500","128","2500","128"
"2017-07-31","0","255000","255000","2500","102","2500","102"
"2017-07-28","-3.29","295000","295000","2500","119","2500","119"
"2017-07-27","-0.19","3683100","3683100","2585","1430","2585","1430"
"2017-07-26","-0.19","957310","957310","2590","383","2590","383"
"2017-07-25","-0.19","545575","545575","2595","215","2595","215"
"2017-07-24","-2.99","415340","415340","2600","159","2600","159"
"2017-07-21","-0.56","698870","698870","2680","264","2680","264"
"2017-07-20","-0.19","1371710","1371710","2695","508","2695","508"
"2017-07-19","4.05","2624235","2624235","2700","983","2700","983"
"2017-07-18","-0.19","3365440","3365440","2595","1319","2595","1319"
"2017-07-17","1.17","1533820","1533820","2600","593","2600","593"
"2017-07-14","-7.39","1330650","1330650","2570","479","2570","479"
"2017-07-13","-7.5","9771285","9771285","2775","3469","2775","3469"
"2017-07-12","7.33","11876000","11876000","3000","4081","3000","4081"
"2017-07-11","7.5","879200","879200","2795","319","2795","319"
"2017-07-10","0","6575000","6575000","2600","2527","2600","2527"
"2017-07-07","5.05","7458245","7458245","2600","2861","2600","2861"
"2017-07-06","7.38","6132800","6132800","2475","2482","2475","2482"
"2017-07-05","-4.16","230500","230500","2305","100","2305","100"
"2017-07-04","-7.5","974885","974885","2405","400","2405","400"
"2017-07-03","0","2123850","2123850","2600","816","2600","816"
"2017-06-30","-1.52","3014415","3014415","2600","1140","2600","1140"
"2017-06-29","5.81","4211980","4211980","2640","1736","2640","1736"
"2017-06-28","-7.42","369865","369865","2495","147","2495","147"
"2017-06-27","4.26","3765945","3765945","2695","1496","2695","1496"
"2017-06-23","7.48","4748620","4748620","2585","2004","2585","2004"
"2017-06-21","-7.5","2525705","2525705","2405","1041","2405","1041"
"2017-06-20","6.12","1014200","1014200","2600","392","2600","392"
"2017-06-19","-5.77","1923230","1923230","2450","773","2450","773"
"2017-06-16","-3.17","937955","937955","2600","362","2600","362"
"2017-06-15","7.4","2254475","2254475","2685","840","2685","840"
"2017-06-14","0","17221850","17221850","2500","6884","2500","6884"
"2017-06-13","1.21","7696080","7696080","2500","3057","2500","3057"
"2017-06-12","7.39","24789500","24789500","2470","10037","2470","10037"
"2017-06-09","0","414000","414000","2300","180","2300","180"
"2017-06-08","7.48","2992600","2992600","2300","1336","2300","1336"
"2017-06-07","7.27","4766465","4766465","2140","2296","2140","2296"
"2017-06-06","0.25","2044545","2044545","1995","1063","1995","1063"
"2017-06-02","4.74","316460","316460","1990","159","1990","159"
"2017-06-01","0","539890","539890","1900","277","1900","277"
"2017-05-31","-4.76","716600","716600","1900","370","1900","370"
"2017-05-30","0","1172550","1172550","1995","587","1995","587"
"2017-05-29","-0.25","3483495","3483495","1995","1743","1995","1743"
"2017-05-26","-4.08","1326125","1326125","2000","660","2000","660"
"2017-05-24","-7.33","189735","189735","2085","91","2085","91"
"2017-05-23","-6.25","3963245","3963245","2250","1752","2250","1752"
"2017-05-22","0","779585","779585","2400","317","2400","317"
"2017-05-19","-3.61","348320","348320","2400","141","2400","141"
"2017-05-18","-0.4","274800","274800","2490","110","2490","110"
"2017-05-17","0","731425","731425","2500","282","2500","282"
"2017-05-16","-7.41","425000","425000","2500","170","2500","170"
"2017-05-15","0","67500","67500","2700","25","2700","25"
"2017-05-12","-3.4","1525050","1525050","2700","557","2700","557"
"2017-05-11","-0.18","936850","936850","2795","335","2795","335"
"2017-05-10","3.7","968600","968600","2800","349","2800","349"
"2017-05-09","-3.57","2376750","2376750","2700","872","2700","872"
"2017-05-08","-1.75","3521140","3521140","2800","1257","2800","1257"
"2017-05-05","0","319200","319200","2850","112","2850","112"
"2017-05-04","0","1388650","1388650","2850","487","2850","487"
"2017-05-03","-1.72","602100","602100","2850","208","2850","208"
"2017-05-02","-1.53","510580","510580","2900","176","2900","176"
"2017-04-28","0","353400","353400","2945","120","2945","120"
"2017-04-27","-0.17","1237760","1237760","2945","420","2945","420"
"2017-04-26","1.72","1070650","1070650","2950","367","2950","367"
"2017-04-25","-1.69","1120110","1120110","2900","387","2900","387"
"2017-04-24","0","1246705","1246705","2950","418","2950","418"
"2017-04-21","0","1445500","1445500","2950","490","2950","490"
"2017-04-20","0","4613450","4613450","2950","1615","2950","1615"
"2017-04-19","0","2586070","2586070","2950","890","2950","890"
"2017-04-18","-1.67","631250","631250","2950","213","2950","213"
"2017-04-14","0","459000","459000","3000","153","3000","153"
"2017-04-13","0","442955","442955","3000","145","3000","145"
"2017-04-12","-6.1","7518520","7518520","3000","2430","3000","2430"
"2017-04-11","-0.16","2853790","2853790","3195","911","3195","911"
"2017-04-10","-4.48","6694500","6694500","3200","2098","3200","2098"
"2017-04-07","0","2414650","2414650","3350","710","3350","710"
"2017-04-06","-1.33","1983000","1983000","3350","598","3350","598"
"2017-04-05","0","983700","983700","3395","290","3395","290"
"2017-04-04","5.93","889620","889620","3395","272","3395","272"
"2017-04-03","-2.88","10071785","10071785","3205","3140","3205","3140"
"2017-03-31","6.45","2215790","2215790","3300","724","3300","724"
"2017-03-30","-1.43","4673675","4673675","3100","1493","3100","1493"
"2017-03-29","1.29","5613225","5613225","3145","1766","3145","1766"
"2017-03-28","-2.97","52084150","52084150","3105","15156","3105","15156"
"2017-03-27","0","1559950","1559950","3200","483","3200","483"
"2017-03-24","-1.54","1943720","1943720","3200","607","3200","607"
"2017-03-23","-7.14","2864940","2864940","3250","868","3250","868"
"2017-03-22","2.19","1242800","1242800","3500","355","3500","355"
"2017-03-21","-7.43","1403875","1403875","3425","404","3425","404"
"2017-03-20","-5.01","102000","102000","3700","27","3700","27"
"2017-03-17","-2.5","1201410","1201410","3895","314","3895","314"
"2017-03-16","-0.13","4438650","4438650","3995","1135","3995","1135"
"2017-03-15","2.7","7189310","7189310","4000","1867","4000","1867"
"2017-03-14","0.91","1692545","1692545","3895","421","3895","421"
"2017-03-13","-1.03","906310","906310","3860","233","3860","233"
"2017-03-10","0.13","1063795","1063795","3900","273","3900","273"
"2017-03-09","-0.13","4358655","4358655","3895","1125","3895","1125"
"2017-03-08","-1.27","11291500","11291500","3900","2874","3900","2874"
"2017-03-07","-1.25","1317950","1317950","3950","333","3950","333"
"2017-03-06","0.13","3383210","3383210","4000","850","4000","850"
"2017-03-03","1.14","4918190","4918190","3995","1230","3995","1230"
"2017-03-02","-1.25","3679000","3679000","3950","931","3950","931"
"2017-03-01","-5.88","1621050","1621050","4000","401","4000","401"
"2017-02-28","0","10416465","10416465","4250","2543","4250","2543"
"2017-02-27","-1.73","2187940","2187940","4250","528","4250","528"
"2017-02-24","3.84","2278650","2278650","4325","540","4325","540"
"2017-02-23","-7.44","7834810","7834810","4165","1870","4165","1870"
"2017-02-22","-6.25","4246000","4246000","4500","932","4500","932"
"2017-02-21","6.55","3021065","3021065","4800","653","4800","653"
"2017-02-20","-4.15","2139495","2139495","4505","470","4505","470"
"2017-02-17","-0.21","794140","794140","4700","170","4700","170"
"2017-02-16","2.28","762140","762140","4710","161","4710","161"
"2017-02-15","-5.83","5476585","5476585","4605","1189","4605","1189"
"2017-02-14","-1.11","2224115","2224115","4890","466","4890","466"
"2017-02-13","-0.8","4831405","4831405","4945","1003","4945","1003"
"2017-02-10","3.75","1095800","1095800","4985","228","4985","228"
"2017-02-09","0","619565","619565","4805","129","4805","129"
"2017-02-08","2.23","397650","397650","4805","83","4805","83"
"2017-02-07","2.17","6970805","6970805","4700","1511","4700","1511"
"2017-02-06","-4.27","5499170","5499170","4600","1160","4600","1160"
"2017-02-03","-1.84","7965400","7965400","4805","1636","4805","1636"
"2017-02-02","0","260840","260840","4895","55","4895","55"
"2017-02-01","7.35","780980","780980","4895","165","4895","165"
"2017-01-31","0.11","1396015","1396015","4560","305","4560","305"
"2017-01-30","-3.09","9759010","9759010","4555","2036","4555","2036"
"2017-01-27","4.44","3244735","3244735","4700","721","4700","721"
"2017-01-26","0","4401800","4401800","4500","980","4500","980"
"2017-01-25","-4.26","6360230","6360230","4500","1423","4500","1423"
"2017-01-24","4.44","1680905","1680905","4700","359","4700","359"
"2017-01-23","-2.07","1967380","1967380","4500","422","4500","422"
"2017-01-20","-0.11","5852960","5852960","4595","1274","4595","1274"
"2017-01-19","-2.13","3716100","3716100","4600","802","4600","802"
"2017-01-18","0","1743800","1743800","4700","370","4700","370"
"2017-01-17","-2.08","1280800","1280800","4700","270","4700","270"
"2017-01-16","-2.04","1802475","1802475","4800","375","4800","375"
"2017-01-13","-1.9","865300","865300","4900","177","4900","177"
"2017-01-12","0","3249035","3249035","4995","650","4995","650"
"2017-01-11","0","1098980","1098980","4995","220","4995","220"
"2017-01-10","-0.1","199875","199875","4995","40","4995","40"
"2017-01-09","0","910750","910750","5000","186","5000","186"
"2017-01-06","0","3496500","3496500","5000","699","5000","699"
"2017-01-05","0","1883485","1883485","5000","372","5000","372"
"2017-01-04","-4.76","4175250","4175250","5000","798","5000","798"
"2017-01-03","-0.94","1266305","1266305","5250","240","5250","240"
"2017-01-02","-1.4","1110000","1110000","5300","210","5300","210"
"2016-12-30","7.5","586875","586875","5375","117","5375","117"
"2016-12-29","-7.41","12218430","12218430","5000","2413","5000","2413"
"2016-12-28","-0.83","4583405","4583405","5400","865","5400","865"
"2016-12-27","0","3024610","3024610","5445","558","5445","558"
"2016-12-23","1.78","773095","773095","5445","142","5445","142"
"2016-12-22","2.88","856650","856650","5350","159","5350","159"
"2016-12-21","0.97","3975250","3975250","5200","739","5200","739"
"2016-12-20","-5.5","9025300","9025300","5150","1735","5150","1735"
"2016-12-19","0.93","4921500","4921500","5450","928","5450","928"
"2016-12-16","1.89","1948000","1948000","5400","370","5400","370"
"2016-12-15","-1.85","1383180","1383180","5300","260","5300","260"
"2016-12-14","-1.82","7579865","7579865","5400","1401","5400","1401"
"2016-12-13","2.8","2207000","2207000","5500","401","5500","401"
"2016-12-09","0.94","1443500","1443500","5350","274","5350","274"
"2016-12-08","-1.76","600955","600955","5300","115","5300","115"
"2016-12-07","-0.09","4920485","4920485","5395","938","5395","938"
"2016-12-06","0","4913875","4913875","5400","921","5400","921"
"2016-12-05","0.47","2807325","2807325","5400","520","5400","520"
"2016-12-02","7.5","6431500","6431500","5375","1200","5375","1200"
"2016-12-01","-5.75","8101425","8101425","5000","1547","5000","1547"
"2016-11-30","-1.76","5069540","5069540","5305","946","5305","946"
"2016-11-29","0","9812060","9812060","5400","1832","5400","1832"
"2016-11-28","1.41","3300935","3300935","5400","616","5400","616"
"2016-11-25","-3.09","192900","192900","5325","36","5325","36"
"2016-11-24","1.76","1626775","1626775","5495","302","5495","302"
"2016-11-23","0","2655475","2655475","5400","498","5400","498"
"2016-11-22","0","3595950","3595950","5400","672","5400","672"
"2016-11-21","0","7707210","7707210","5400","1484","5400","1484"
"2016-11-18","-1.82","4765200","4765200","5400","851","5400","851"
"2016-11-17","-3.51","5806405","5806405","5500","1058","5500","1058"
"2016-11-16","-1.55","12327025","12327025","5700","2207","5700","2207"
"2016-11-14","5.27","2711235","2711235","5790","476","5790","476"
"2016-11-11","5.77","1185850","1185850","5500","215","5500","215"
"2016-11-10","-4.41","1213500","1213500","5200","225","5200","225"
"2016-11-09","-7.01","2702600","2702600","5440","488","5440","488"
"2016-11-08","4.46","865500","865500","5850","150","5850","150"
"2016-11-07","3.7","5096800","5096800","5600","931","5600","931"
"2016-11-04","5.88","3140200","3140200","5400","584","5400","584"
"2016-11-03","2","2264800","2264800","5100","462","5100","462"
"2016-11-02","0","4285525","4285525","5000","855","5000","855"
"2016-10-31","-3.85","2624800","2624800","5000","519","5000","519"
"2016-10-28","-5.45","4279000","4279000","5200","835","5200","835"
"2016-10-27","-6.78","1878500","1878500","5500","341","5500","341"
"2016-10-26","0","4555200","4555200","5900","786","5900","786"
"2016-10-25","1.72","5581300","5581300","5900","950","5900","950"
"2016-10-24","-3.33","4587000","4587000","5800","782","5800","782"
"2016-10-21","3.45","3127600","3127600","6000","536","6000","536"
"2016-10-20","-3.33","4402800","4402800","5800","735","5800","735"
"2016-10-19","0.17","9997910","9997910","6000","1634","6000","1634"
"2016-10-18","-1.8","5536890","5536890","5990","925","5990","925"
"2016-10-17","-1.53","3199000","3199000","6100","519","6100","519"
"2016-10-14","0","4056685","4056685","6195","659","6195","659"
"2016-10-13","3.25","4015070","4015070","6195","641","6195","641"
"2016-10-12","0.5","4840645","4840645","6000","787","6000","787"
"2016-10-11","-7.44","31190790","31190790","5970","5045","5970","5045"
"2016-10-10","7.5","15051350","15051350","6450","2420","6450","2420"
"2016-10-07","6.57","69387075","69387075","6000","13013","6000","13013"
"2016-10-06","-7.48","42849930","42849930","5630","7611","5630","7611"
"2016-10-05","-7.45","7721865","7721865","6085","1269","6085","1269"
"2016-10-04","-7.46","3241475","3241475","6575","493","6575","493"
"2016-10-03","-7.49","4802980","4802980","7105","676","7105","676"
"2016-09-30","-7.47","3802160","3802160","7680","487","7680","487"
"2016-09-29","-0.3","149842935","149842935","8300","18160","166000","908"
"2016-09-28","0","74062140","74062140","8325","8920","166500","446"
"2016-09-27","0","24719020","24719020","8325","3060","166500","153"
"2016-09-26","-5.93","14794900","14794900","8325","1760","166500","88"
"2016-09-23","-1.67","24420550","24420550","8850","2800","176995","140"
"2016-09-22","0","12325630","12325630","9000","1340","180000","67"
"2016-09-21","3.84","111175890","111175890","9000","11940","180000","597"
"2016-09-20","7.49","13000500","13000500","8667","1500","173340","75"
"2016-09-19","7.51","166571150","166571150","8063","20660","161250","1033"
"2016-09-16","4.17","4740000","4740000","7500","640","150000","32"
"2016-09-15","-0.69","4625000","4625000","7200","640","144000","32"
"2016-09-14","0","41950655","41950655","7250","5600","145000","280"
"2016-09-13","-3.33","5075000","5075000","7250","700","145000","35"
"2016-09-09","3.45","9095000","9095000","7500","1220","150000","61"
"2016-09-08","1.34","723200","723200","7250","100","145000","5"
"2016-09-07","-4.61","56105745","56105745","7154","7760","143085","388"
"2016-09-06","3.45","3994000","3994000","7500","540","150000","27"
"2016-09-05","-5.23","4321040","4321040","7250","580","145000","29"
"2016-09-02","2","24153000","24153000","7650","3220","153000","161"
"2016-09-01","0","899975","899975","7500","120","149995","6"
"2016-08-31","0.67","21890000","21890000","7500","2920","150000","146"
"2016-08-30","2.76","2543950","2543950","7450","340","149000","17"
"2016-08-29","-3.33","10150030","10150030","7250","1400","145000","70"
"2016-08-26","0","1199000","1199000","7500","160","150000","8"
"2016-08-25","0","12243000","12243000","7500","1660","150000","83"
"2016-08-24","3.45","900000","900000","7500","120","150000","6"
"2016-08-23","-3.33","2050000","2050000","7250","280","145000","14"
"2016-08-22","0","1946000","1946000","7500","260","150000","13"
"2016-08-19","1.01","4755000","4755000","7500","640","150000","32"
"2016-08-18","-1","6830500","6830500","7425","920","148500","46"
"2016-08-17","0","1340975","1340975","7500","180","149990","9"
"2016-08-12","4.9","120886970","120886970","7500","16120","150000","806"
"2016-08-11","0","9724000","9724000","7150","1360","143000","68"
"2016-08-10","0","5005000","5005000","7150","700","143000","35"
"2016-08-09","-4.67","5668000","5668000","7150","760","143000","38"
"2016-08-05","0","8450000","8450000","7500","1160","150000","58"
"2016-08-04","0","1500000","1500000","7500","200","150000","10"
"2016-08-03","3.45","585000","585000","7500","80","150000","4"
"2016-08-02","-3.33","12510000","12510000","7250","1720","145000","86"
"2016-08-01","0","38095000","38095000","7500","5080","150000","254"
"2016-07-29","0","2400000","2400000","7500","320","150000","16"
"2016-07-28","-0.66","2084030","2084030","7500","280","150000","14"
"2016-07-27","0","1356015","1356015","7550","180","151000","9"
"2016-07-26","-2.27","1814050","1814050","7550","240","151000","12"
"2016-07-25","3.69","5404500","5404500","7725","720","154500","36"
"2016-07-22","-0.67","8548005","8548005","7450","1140","149000","57"
"2016-07-21","-2.91","14747525","14747525","7500","1940","150005","97"
"2016-07-20","0.32","32876000","32876000","7725","4260","154500","213"
"2016-07-19","-0.32","4924005","4924005","7700","640","154000","32"
"2016-07-15","1.93","35421915","35421915","7725","4680","154500","234"
"2016-07-14","7.5","38282990","38282990","7579","5300","151575","265"
"2016-07-13","0","8739000","8739000","7050","1240","141000","62"
"2016-07-12","-1.34","10414000","10414000","7050","1480","141000","74"
"2016-07-11","-7.5","3965425","3965425","7146","540","142915","27"
"2016-07-08","3.34","21572365","21572365","7725","2900","154500","145"
"2016-07-07","-3.24","25217130","25217130","7475","3360","149500","168"
"2016-07-05","0.32","12654840","12654840","7725","1640","154500","82"
"2016-07-04","-0.65","39459450","39459450","7700","5140","154000","257"
"2016-07-01","-3.13","22564000","22564000","7750","2900","155000","145"
"2016-06-30","0","40712000","40712000","8000","5220","160000","261"
"2016-06-29","-3.61","11176795","11176795","8000","1380","160000","69"
"2016-06-28","7.1","186397710","186397710","8300","23420","166000","1171"
"2016-06-27","-3.13","10952600","10952600","7750","1380","155000","69"
"2016-06-24","5.26","19851025","19851025","8000","2520","160000","126"
"2016-06-23","0.66","2127005","2127005","7600","280","152000","14"
"2016-06-22","0.67","5786000","5786000","7550","760","151000","38"
"2016-06-21","0","9450035","9450035","7500","1260","150000","63"
"2016-06-20","0","81748710","81748710","7500","10900","150000","545"
"2016-06-17","0","187609000","187609000","7500","24840","150000","1242"
"2016-06-16","-5.36","4713500","4713500","7500","620","150000","31"
"2016-06-15","-0.31","13797000","13797000","7925","1740","158500","87"
"2016-06-14","-1.85","2830510","2830510","7950","360","159000","18"
"2016-06-13","1.25","142170770","142170770","8100","18040","162000","902"
"2016-06-10","7.38","34764500","34764500","8000","4540","160000","227"
"2016-06-09","0","4470000","4470000","7450","600","149000","30"
"2016-06-08","0","34608050","34608050","7450","4680","149000","234"
"2016-06-07","0","13101790","13101790","7450","1760","149000","88"
"2016-06-06","2.69","9157910","9157910","7450","1260","149000","63"
"2016-06-03","0.07","3555675","3555675","7255","480","145100","24"
"2016-06-02","0","20612000","20612000","7250","2840","145000","142"
"2016-06-01","-1.36","7403000","7403000","7250","1020","145000","51"
"2016-05-31","1.38","19332500","19332500","7350","2640","147000","132"
"2016-05-30","-2.98","24819450","24819450","7250","3420","145000","171"
"2016-05-27","-0.29","289491945","289491945","7473","40600","149450","2030"
"2016-05-26","1.28","10377635","10377635","7495","1460","149900","73"
"2016-05-25","-1","2812015","2812015","7400","380","148000","19"
"2016-05-24","1.7","4616500","4616500","7475","620","149500","31"
"2016-05-23","-2","14073900","14073900","7350","1880","147000","94"
"2016-05-20","2.04","492745100","492745100","7500","72380","149995","3619"
"2016-05-19","-1.34","13253000","13253000","7350","1780","147000","89"
"2016-05-18","0.34","10281000","10281000","7450","1380","149000","69"
"2016-05-17","1.71","3984500","3984500","7425","540","148500","27"
"2016-05-13","-2.01","4844075","4844075","7300","660","146000","33"
"2016-05-12","-0.67","56761015","56761015","7450","7760","149000","388"
"2016-05-11","-1.96","48840000","48840000","7500","6720","150000","336"
"2016-05-10","2.68","10663940","10663940","7650","1480","153000","74"
"2016-05-09","0","6956800","6956800","7450","1000","149000","50"
"2016-05-06","5","626599925","626599925","7450","88860","149000","4443"
"2016-05-04","7.5","253929665","253929665","7095","35820","141905","1791"
"2016-05-03","7.32","79156690","79156690","6600","12160","132005","608"
"2016-04-29","1.65","18540000","18540000","6150","3080","123000","154"
"2016-04-28","0.83","22528875","22528875","6050","3740","121000","187"
"2016-04-27","-3.82","1016368250","1016368250","6000","170820","119995","8541"
"2016-04-26","-1.41","79795800","79795800","6238","12120","124750","606"
"2016-04-25","7.49","74397155","74397155","6327","11760","126535","588"
"2016-04-22","7.51","146654490","146654490","5886","24920","117710","1246"
"2016-04-21","7.5","1752000","1752000","5475","320","109500","16"
"2016-04-20","7.49","15204480","15204480","5093","3040","101865","152"
"2016-04-19","7.49","130389760","130389760","4738","27520","94760","1376"
"2016-04-18","7.51","1322250","1322250","4408","300","88150","15"
"2016-04-15","-1.2","5146095","5146095","4100","1260","82000","63"
"2016-04-14","1.1","3375755","3375755","4150","820","83000","41"
"2016-04-13","-0.12","8556075","8556075","4105","2080","82100","104"
"2016-04-12","-0.96","5142000","5142000","4110","1240","82200","62"
"2016-04-11","0","15210000","15210000","4150","3660","83000","183"
"2016-04-08","0","35856155","35856155","4150","8640","83000","432"
"2016-04-07","-3.49","67948005","67948005","4150","16020","83000","801"
"2016-04-06","2.38","1716800","1716800","4300","400","86000","20"
"2016-04-05","1.2","1754200","1754200","4200","420","84000","21"
"2016-04-04","0.61","1816000","1816000","4150","440","83000","22"
"2016-04-01","0","4210000","4210000","4125","1020","82500","51"
"2016-03-31","-0.6","59759500","59759500","4125","14400","82500","720"
"2016-03-30","0.24","415000","415000","4150","100","83000","5"
"2016-03-29","-0.24","8861205","8861205","4140","2140","82800","107"
"2016-03-25","0.53","415000","415000","4150","100","83000","5"
"2016-03-23","0.07","247650","247650","4128","60","82550","3"
"2016-03-22","3.13","242500","242500","4125","60","82500","3"
"2016-03-21","0","4240000","4240000","4000","1060","80000","53"
"2016-03-18","-1.84","3696020","3696020","4000","920","80000","46"
"2016-03-17","0","815000","815000","4075","200","81500","10"
"2016-03-16","1.88","724500","724500","4075","180","81500","9"
"2016-03-15","-2.44","4659060","4659060","4000","1160","80000","58"
"2016-03-14","0","1058000","1058000","4100","260","82000","13"
"2016-03-11","0","1382055","1382055","4100","340","82000","17"
"2016-03-10","2.5","491000","491000","4100","120","82000","6"
"2016-03-09","0","1440100","1440100","4000","360","80000","18"
"2016-03-08","0","11840000","11840000","4000","2960","80000","148"
"2016-03-07","0","17998900","17998900","4000","4500","80000","225"
"2016-03-04","1.27","8301500","8301500","4000","2080","80000","104"
"2016-03-03","0","1817000","1817000","3950","460","79000","23"
"2016-03-02","0","1580000","1580000","3950","400","79000","20"
"2016-03-01","0","11297000","11297000","3950","2860","79000","143"
"2016-02-29","-1.25","6956980","6956980","3950","1740","79000","87"
"2016-02-26","0","14800000","14800000","4000","3700","80000","185"
"2016-02-25","0","16479985","16479985","4000","4120","80000","206"
"2016-02-24","0","2159895","2159895","4000","540","79995","27"
"2016-02-23","0.63","1999875","1999875","4000","500","79995","25"
"2016-02-22","0","2226000","2226000","3975","560","79500","28"
"2016-02-19","-0.63","2147500","2147500","3975","540","79500","27"
"2016-02-18","0","5920000","5920000","4000","1480","80000","74"
"2016-02-17","0","5049975","5049975","4000","1260","80000","63"
"2016-02-16","-2.44","2240000","2240000","4000","560","80000","28"
"2016-02-12","3.8","328000","328000","4100","80","82000","4"
"2016-02-11","-1.25","400349500","400349500","3950","98860","79000","4943"
"2016-02-10","-0.62","5143500","5143500","4000","1300","80000","65"
"2016-02-09","0","5957000","5957000","4025","1480","80500","74"
"2016-02-05","-0.62","10384500","10384500","4025","2580","80500","129"
"2016-02-03","3.85","4022050","4022050","4050","1000","81000","50"
"2016-02-02","0","390000","390000","3900","100","78000","5"
"2016-02-01","-2.5","5226000","5226000","3900","1340","78000","67"
"2016-01-29","0","1680000","1680000","4000","420","80000","21"
"2016-01-28","0","400000","400000","4000","100","80000","5"
"2016-01-26","0","5635120","5635120","4000","1440","80000","72"
"2016-01-25","-2.44","8576490","8576490","4000","2140","80005","107"
"2016-01-21","1.23","410000","410000","4100","100","82000","5"
"2016-01-20","-1.22","243000","243000","4050","60","81000","3"
"2016-01-18","1.23","3772000","3772000","4100","920","82000","46"
"2016-01-15","1.25","1620000","1620000","4050","400","81000","20"
"2016-01-14","1.27","2640000","2640000","4000","660","80000","33"
"2016-01-13","-1.25","2228000","2228000","3950","560","79000","28"
"2016-01-12","0","1840000","1840000","4000","460","80000","23"
"2016-01-11","0","2320000","2320000","4000","580","80000","29"
"2016-01-08","-4.65","80000","80000","4000","20","80000","1"
"2016-01-07","-1.29","335600","335600","4195","80","83900","4"
"2016-01-04","0","2185000","2185000","4250","520","85000","26"
"2015-12-31","0","595000","595000","4250","140","85000","7"
"2015-12-30","4.94","4517960","4517960","4250","1120","84995","56"
"2015-12-29","0","4334975","4334975","4050","1100","81000","55"
"2015-12-28","1.25","40663990","40663990","4050","10040","81000","502"
"2015-12-23","-2.44","240000","240000","4000","60","80000","3"
"2015-12-16","2.5","5892000","5892000","4100","1440","82000","72"
"2015-12-15","5.26","2570000","2570000","4000","660","80000","33"
"2015-12-14","-5","3800000","3800000","3800","1000","76000","50"
"2015-12-11","0","4400000","4400000","4000","1100","80000","55"
"2015-12-10","-6.98","496160000","496160000","4000","124040","80000","6202"
"2015-12-09","6.17","32788125","32788125","4300","8080","86000","404"
"2015-12-07","0","4049750","4049750","4050","1000","80995","50"
"2015-12-04","6.55","1874500","1874500","4050","480","81000","24"
"2015-12-03","-4.98","26124875","26124875","3801","6820","76015","341"
"2015-12-02","0.38","2857000","2857000","4000","720","80000","36"
"2015-12-01","0","4718500","4718500","3985","1180","79700","59"
"2015-11-30","-0.38","1269400","1269400","3985","320","79700","16"
"2015-11-27","0","720000","720000","4000","180","80000","9"
"2015-11-26","0","480000","480000","4000","120","80000","6"
"2015-11-25","0","240000","240000","4000","60","80000","3"
"2015-11-23","0","1120000","1120000","4000","280","80000","14"
"2015-11-20","2.56","880000","880000","4000","220","80000","11"
"2015-11-19","-2.5","3068000","3068000","3900","780","78000","39"
"2015-11-18","0","1311000","1311000","4000","340","80000","17"
"2015-11-16","0","2640000","2640000","4000","660","80000","33"
"2015-11-13","0","1184000","1184000","4000","300","80000","15"
"2015-11-12","0","9760000","9760000","4000","2440","80000","122"
"2015-11-11","2.56","80000","80000","4000","20","80000","1"
"2015-11-10","0","2236970","2236970","3900","560","78000","28"
"2015-11-09","0","2286280025","2286280025","3900","617880","78000","30894"
"2015-11-06","4","2466000","2466000","3900","640","78000","32"
"2015-11-05","0","1425000","1425000","3750","380","75000","19"
"2015-11-04","-6.37","2250000","2250000","3750","600","75000","30"
"2015-11-02","-1.11","80100","80100","4005","20","80100","1"
"2015-10-29","0","13365000","13365000","4050","3300","81000","165"
"2015-10-28","-1.22","485990","485990","4050","120","81000","6"
"2015-10-26","0","2502000","2502000","4100","620","82000","31"
"2015-10-23","0","8938000","8938000","4100","2180","82000","109"
"2015-10-22","2.5","2523000","2523000","4100","620","82000","31"
"2015-10-21","0","14481500","14481500","4000","3620","80000","181"
"2015-10-20","0","962500","962500","4000","240","80000","12"
"2015-10-19","0","880000","880000","4000","220","80000","11"
"2015-10-16","0","730500","730500","4000","180","80000","9"
"2015-10-15","-2.44","7968500","7968500","4000","1980","80000","99"
"2015-10-14","-0.61","820000","820000","4100","200","82000","10"
"2015-10-13","0.61","825000","825000","4125","200","82500","10"
"2015-10-09","0","820000","820000","4100","200","82000","10"
"2015-10-07","0","2050000","2050000","4100","500","82000","25"
"2015-10-06","1.23","1800990","1800990","4100","440","82000","22"
"2015-10-05","1.25","21303000","21303000","4050","5260","81000","263"
"2015-10-01","0","2902000","2902000","4000","720","80000","36"
"2015-09-30","0","21920000","21920000","4000","5480","80000","274"
"2015-09-29","2.56","962000","962000","4000","240","80000","12"
"2015-09-28","-4.88","64253800","64253800","3900","15760","78000","788"
"2015-09-23","0","9265900","9265900","4100","2260","82000","113"
"2015-09-22","0","410000","410000","4100","100","82000","5"
"2015-09-21","0","11480000","11480000","4100","2800","82000","140"
"2015-09-18","-0.61","2101500","2101500","4100","540","82000","27"
"2015-09-17","1.85","3359000","3359000","4125","820","82500","41"
"2015-09-16","-1.1","3220000","3220000","4050","800","81000","40"
"2015-09-14","0.49","1222300","1222300","4095","300","81900","15"
"2015-09-11","0.62","81500","81500","4075","20","81500","1"
"2015-09-10","0","4857500","4857500","4050","1200","81000","60"
"2015-09-07","3.85","4009950","4009950","4050","1000","80995","50"
"2015-09-04","-5.45","780000","780000","3900","200","78000","10"
"2015-09-02","-2.37","825000","825000","4125","200","82500","10"
"2015-08-27","3.05","8754500","8754500","4225","2120","84500","106"
"2015-08-26","2.5","1616000","1616000","4100","400","82000","20"
"2015-08-25","2.56","2868500","2868500","4000","720","80000","36"
"2015-08-24","-2.5","15834000","15834000","3900","4060","78000","203"
"2015-08-21","0","1746485","1746485","4000","440","79995","22"
"2015-08-19","0","965025","965025","4000","240","80000","12"
"2015-08-18","-2.44","1290500","1290500","4000","320","80000","16"
"2015-08-17","-0.02","1640000","1640000","4100","400","82000","20"
"2015-08-14","-2.36","246030","246030","4101","60","82010","3"
"2015-08-13","0","21855000","21855000","4200","5200","84000","260"
"2015-08-12","0","2617000","2617000","4200","620","84000","31"
"2015-08-11","-1.18","1514000","1514000","4200","360","84000","18"
"2015-08-10","3.66","3672000","3672000","4250","880","85000","44"
"2015-08-06","0","7436000","7436000","4100","1840","82000","92"
"2015-08-05","1.86","410000","410000","4100","100","82000","5"
"2015-08-04","0.63","719000","719000","4025","180","80500","9"
"2015-08-03","0","18715500","18715500","4000","4680","80000","234"
"2015-07-30","6.67","240000","240000","4000","60","80000","3"
"2015-07-29","-0.66","1500500","1500500","3750","400","75000","20"
"2015-07-28","0.77","12155500","12155500","3775","3240","75500","162"
"2015-07-27","0","9474900","9474900","3746","2560","74925","128"
"2015-07-24","-7.51","1510610","1510610","3746","400","74925","20"
"2015-07-23","-1.22","81000","81000","4050","20","81000","1"
"2015-07-21","0","1230000","1230000","4100","300","82000","15"
"2015-07-20","0","198194000","198194000","4100","48340","82000","2417"
"2015-07-16","0","4263995","4263995","4100","1040","82000","52"
"2015-07-15","5.13","32355305","32355305","4100","8500","82000","425"
"2015-07-13","-4.18","953000","953000","3900","240","78000","12"
"2015-07-10","-0.73","244545","244545","4070","60","81400","3"
"2015-07-09","0","246000","246000","4100","60","82000","3"
"2015-07-08","0","27366360","27366360","4100","6680","82000","334"
"2015-07-07","0","23370000","23370000","4100","5700","82000","285"
"2015-07-06","0","6232000","6232000","4100","1520","82000","76"
"2015-07-03","3.07","2624000","2624000","4100","640","82000","32"
"2015-07-02","7.51","7962050","7962050","3978","2100","79550","105"
"2015-07-01","-1.33","3085000","3085000","3700","840","74000","42"
"2015-06-30","2.04","6237500","6237500","3750","1720","75000","86"
"2015-06-29","2.05","5252050","5252050","3675","1420","73500","71"
"2015-06-26","7.49","792275","792275","3601","220","72025","11"
"2015-06-25","1.52","6407000","6407000","3350","1940","67000","97"
"2015-06-24","0.76","3563990","3563990","3300","1080","66000","54"
"2015-06-23","0.31","1837360","1837360","3275","560","65500","28"
"2015-06-22","0","17446400","17446400","3265","5200","65290","260"
"2015-06-19","7.51","4505010","4505010","3265","1380","65290","69"
"2015-06-18","7.5","364410","364410","3037","120","60735","6"
"2015-06-17","0","1307500","1307500","2825","460","56500","23"
"2015-06-16","2.73","13605000","13605000","2825","5140","56500","257"
"2015-06-15","5.77","1925000","1925000","2750","700","55000","35"
"2015-06-12","0","13308900","13308900","2600","5120","52000","256"
"2015-06-11","5.91","2651600","2651600","2600","1060","52000","53"
"2015-06-10","0.2","49100","49100","2455","20","49100","1"
"2015-06-09","-1.01","29129600","29129600","2450","11840","49000","592"
"2015-06-08","-7.48","16684710","16684710","2475","6720","49490","336"
"2015-06-05","-0.56","267500","267500","2675","100","53500","5"
"2015-06-04","0","537950","537950","2690","200","53795","10"
"2015-06-03","0","537950","537950","2690","200","53795","10"
"2015-06-02","-0.19","1075910","1075910","2690","400","53795","20"
"2015-06-01","-2","4581395","4581395","2695","1700","53900","85"
"2015-05-29","0.92","13455470","13455470","2750","4900","55000","245"
"2015-05-28","-0.91","1912500","1912500","2725","700","54500","35"
"2015-05-27","-0.9","16610000","16610000","2750","6040","55000","302"
"2015-05-26","1.83","29582710","29582710","2775","10760","55500","538"
"2015-05-22","0","929925","929925","2725","340","54495","17"
"2015-05-20","-3.37","871920","871920","2725","320","54495","16"
"2015-05-19","-0.18","3665945","3665945","2820","1300","56395","65"
"2015-05-18","0.89","6270945","6270945","2825","2220","56495","111"
"2015-05-15","-3.45","5040000","5040000","2800","1800","56000","90"
"2015-05-13","4.54","4733570","4733570","2900","1660","57990","83"
"2015-05-12","7.52","1745640","1745640","2774","640","55470","32"
"2015-05-11","7.46","516000","516000","2580","200","51600","10"
"2015-05-07","-7.48","288060","288060","2401","120","48010","6"
"2015-05-06","1.76","1712700","1712700","2595","660","51900","33"
"2015-05-05","1.19","3864770","3864770","2550","1520","51000","76"
"2015-05-04","-2.7","50395","50395","2520","20","50395","1"
"2015-04-30","-0.38","259000","259000","2590","100","51800","5"
"2015-04-29","2.97","520000","520000","2600","200","52000","10"
"2015-04-28","0","1262500","1262500","2525","500","50500","25"
"2015-04-27","-2.88","6464000","6464000","2525","2560","50500","128"
"2015-04-21","0","104000","104000","2600","40","52000","2"
"2015-04-20","0","2907000","2907000","2600","1120","52000","56"
"2015-04-17","1.96","2184000","2184000","2600","840","52000","42"
"2015-04-16","-1.92","31364960","31364960","2550","12300","51000","615"
"2015-04-15","0","676000","676000","2600","260","52000","13"
"2015-04-14","0.08","3951400","3951400","2600","1520","52000","76"
"2015-04-13","0.89","8273400","8273400","2598","3240","51950","162"
"2015-04-10","-6.06","21212000","21212000","2575","8160","51500","408"
"2015-04-09","7.49","5106630","5106630","2741","2000","54825","100"
"2015-04-08","-2.71","15964500","15964500","2550","6260","51000","313"
"2015-04-07","3.8","1936280","1936280","2621","760","52420","38"
"2015-04-03","-7.34","10655700","10655700","2525","4220","50500","211"
"2015-04-02","-0.15","6194400","6194400","2725","2280","54500","114"
"2015-04-01","-7.49","616920","616920","2729","220","54570","11"
"2015-03-31","-1.07","19584680","19584680","2950","6640","58990","332"
"2015-03-30","7.5","4087830","4087830","2982","1380","59630","69"
"2015-03-27","7.52","3186300","3186300","2774","1160","55470","58"
"2015-03-26","7.5","586475","586475","2580","240","51600","12"
"2015-03-24","-0.79","48000","48000","2400","20","48000","1"
"2015-03-23","7.51","923625","923625","2419","400","48375","20"
"2015-03-20","-0.18","1979000","1979000","2250","880","45000","44"
"2015-03-19","0","4642110","4642110","2254","2060","45070","103"
"2015-03-18","7.49","450700","450700","2254","200","45070","10"
"2015-03-17","7.54","838600","838600","2097","400","41930","20"
"2015-03-13","0","2613025","2613025","1950","1340","39005","67"
"2015-03-12","0","6606940","6606940","1950","3320","39005","166"
"2015-03-11","1.3","2925095","2925095","1950","1500","39000","75"
"2015-03-09","1.32","577500","577500","1925","300","38500","15"
"2015-03-05","0","162602000","162602000","1900","85580","38000","4279"
"2015-03-04","-2.56","25704500","25704500","1900","13500","38000","675"
"2015-03-03","0","3666000","3666000","1950","1880","39000","94"
"2015-03-02","0","1052980","1052980","1950","540","38995","27"
"2015-02-27","0","428990","428990","1950","220","38995","11"
"2015-02-26","0","9164800","9164800","1950","4700","39000","235"
"2015-02-25","0","2223000","2223000","1950","1140","39000","57"
"2015-02-24","0","9750000","9750000","1950","5000","39000","250"
"2015-02-23","-1.27","390000","390000","1950","200","39000","10"
"2015-02-20","0","632000","632000","1975","320","39500","16"
"2015-02-19","1.28","5482000","5482000","1975","2800","39500","140"
"2015-02-18","0","195000","195000","1950","100","39000","5"
"2015-02-17","0","1209000","1209000","1950","620","39000","31"
"2015-02-16","0","663000","663000","1950","340","39000","17"
"2015-02-13","0","1092000","1092000","1950","560","39000","28"
"2015-02-12","0","7215000","7215000","1950","3700","39000","185"
"2015-02-11","-2.5","13177010","13177010","1950","6740","39000","337"
"2015-02-10","3.63","1000050","1000050","2000","500","40005","25"
"2015-02-05","-1.03","811500","811500","1930","420","38600","21"
"2015-02-04","1.3","10449200","10449200","1950","5360","39000","268"
"2015-02-03","-0.52","11627100","11627100","1925","6000","38500","300"
"2015-02-02","0","3483000","3483000","1935","1800","38700","90"
"2015-01-30","1.84","464400","464400","1935","240","38700","12"
"2015-01-29","-1.81","1739400","1739400","1900","900","38000","45"
"2015-01-28","0","6113200","6113200","1935","3160","38700","158"
"2015-01-27","4.59","1816500","1816500","1935","940","38700","47"
"2015-01-26","1.37","111000","111000","1850","60","37000","3"
"2015-01-23","-3.95","882720","882720","1825","480","36500","24"
"2015-01-22","-1.81","1900000","1900000","1900","1000","38000","50"
"2015-01-21","4.59","970500","970500","1935","520","38700","26"
"2015-01-20","-4.39","9323450","9323450","1850","4980","37000","249"
"2015-01-19","4.59","774000","774000","1935","400","38700","20"
"2015-01-16","0","1960975","1960975","1850","1060","37000","53"
"2015-01-15","2.78","15640550","15640550","1850","8460","37000","423"
"2015-01-14","-2.7","468000","468000","1800","260","36000","13"
"2015-01-12","0","370000","370000","1850","200","37000","10"
"2015-01-09","0","2960000","2960000","1850","1600","37000","80"
"2015-01-08","-4.39","148000","148000","1850","80","37000","4"
"2015-01-07","7.5","12022200","12022200","1935","6640","38700","332"
"2015-01-06","-6.98","3672000","3672000","1800","2040","36000","102"
"2015-01-05","-0.51","3945400","3945400","1935","2040","38700","102"
"2014-12-31","2.37","1005400","1005400","1945","520","38900","26"
"2014-12-30","0","2242000","2242000","1900","1180","38000","59"
"2014-12-29","0.26","1153000","1153000","1900","620","38000","31"
"2014-12-26","-0.26","378950","378950","1895","200","37895","10"
"2014-12-23","2.7","15108000","15108000","1900","7960","38000","398"
"2014-12-22","-6.57","962000","962000","1850","520","37000","26"
"2014-12-18","1.54","64463800","64463800","1980","32560","39595","1628"
"2014-12-17","-1.76","780000","780000","1950","400","39000","20"
"2014-12-16","2.37","909560","909560","1985","460","39700","23"
"2014-12-15","7.48","39614725","39614725","1939","22400","38780","1120"
"2014-12-12","-7.49","31100150","31100150","1804","17240","36075","862"
"2014-12-11","-1.76","195000","195000","1950","100","39000","5"
"2014-12-09","-0.75","198500","198500","1985","100","39700","5"
"2014-12-08","0","6840870","6840870","2000","3500","39995","175"
"2014-12-05","0","439890","439890","2000","220","39990","11"
"2014-12-04","0","599925","599925","2000","300","39995","15"
"2014-12-02","0","14400000","14400000","2000","7200","40000","360"
"2014-11-26","0","1400000","1400000","2000","700","40000","35"
"2014-11-25","0","960000","960000","2000","480","40000","24"
"2014-11-24","3.9","1119500","1119500","2000","580","40000","29"
"2014-11-21","-3.75","346510","346510","1925","180","38500","9"
"2014-11-20","0","200000","200000","2000","100","40000","5"
"2014-11-19","0","4595835","4595835","2000","2300","40000","115"
"2014-11-18","0","520000","520000","2000","260","40000","13"
"2014-11-17","0","1437500","1437500","2000","720","40000","36"
"2014-11-13","0","15395500","15395500","2000","7700","40000","385"
"2014-11-11","3.9","354775","354775","2000","180","39995","9"
"2014-11-07","0","3080000","3080000","1925","1600","38500","80"
"2014-11-06","-3.02","31366500","31366500","1925","16120","38500","806"
"2014-11-05","7.36","992500","992500","1985","500","39700","25"
"2014-11-04","7.5","3476120","3476120","1849","1880","36980","94"
"2014-11-03","7.5","25662400","25662400","1720","16340","34400","817"
"2014-10-31","2.7","160000","160000","1600","100","32000","5"
"2014-10-30","7.45","34984410","34984410","1558","23900","31165","1195"
"2014-10-28","0","115980","115980","1450","80","28995","4"
"2014-10-27","5.45","1316420","1316420","1450","940","28995","47"
"2014-10-24","1.85","137500","137500","1375","100","27500","5"
"2014-10-23","0","135000","135000","1350","100","27000","5"
"2014-10-21","-1.82","189000","189000","1350","140","27000","7"
"2014-10-20","0","412500","412500","1375","300","27500","15"
"2014-10-17","0","275000","275000","1375","200","27500","10"
"2014-10-16","0","550000","550000","1375","400","27500","20"
"2014-10-15","-0.94","525000","525000","1375","380","27500","19"
"2014-10-14","0","1942500","1942500","1388","1400","27750","70"
"2014-10-13","-7.47","1731400","1731400","1388","1240","27750","62"
"2014-10-10","-6.25","750000","750000","1500","500","30000","25"
"2014-10-08","0","96000","96000","1600","60","32000","3"
"2014-10-03","-0.81","320750","320750","1600","200","32000","10"
"2014-10-02","0","129000","129000","1613","80","32250","4"
"2014-09-30","7.53","1241060","1241060","1613","820","32250","41"
"2014-09-29","0","150000","150000","1500","100","30000","5"
"2014-09-23","5.26","1008000","1008000","1500","700","30000","35"
"2014-09-22","0","573050","573050","1425","400","28505","20"
"2014-09-19","0","228000","228000","1425","160","28500","8"
"2014-09-18","0","741000","741000","1425","520","28500","26"
"2014-09-17","0","171000","171000","1425","120","28500","6"
"2014-09-16","-0.07","6441000","6441000","1425","4520","28500","226"
"2014-09-12","0","57030","57030","1426","40","28515","2"
"2014-09-10","0.07","798280","798280","1426","560","28510","28"
"2014-09-09","0","2907400","2907400","1425","2040","28500","102"
"2014-09-08","0","684145","684145","1425","480","28505","24"
"2014-09-04","-1.72","6472615","6472615","1425","4540","28505","227"
"2014-09-03","0","2790400","2790400","1450","1920","29000","96"
"2014-09-02","0","145000","145000","1450","100","29000","5"
"2014-09-01","0","261000","261000","1450","180","29000","9"
"2014-08-29","0.35","232000","232000","1450","160","29000","8"
"2014-08-28","-4.62","115630","115630","1445","80","28905","4"
"2014-08-27","1","151500","151500","1515","100","30300","5"
"2014-08-26","0.81","5100000","5100000","1500","3400","30000","170"
"2014-08-22","-0.13","1340250","1340250","1488","900","29750","45"
"2014-08-21","0","3867500","3867500","1490","2600","29800","130"
"2014-08-20","0","447000","447000","1490","300","29800","15"
"2014-08-19","4.2","4334000","4334000","1490","2900","29800","145"
"2014-08-14","0.35","485620","485620","1430","340","28605","17"
"2014-08-12","0.35","9774500","9774500","1425","6860","28500","343"
"2014-08-11","0","1420000","1420000","1420","1000","28400","50"
"2014-08-08","-0.21","3984800","3984800","1420","2820","28400","141"
"2014-08-06","0","56900","56900","1423","40","28450","2"
"2014-08-05","-0.14","227600","227600","1423","160","28450","8"
"2014-08-04","0","1396500","1396500","1425","980","28500","49"
"2014-08-01","0","85500","85500","1425","60","28500","3"
"2014-07-31","-1.72","200500","200500","1425","140","28500","7"
"2014-07-30","1.75","464000","464000","1450","320","29000","16"
"2014-07-29","0","2280000","2280000","1425","1600","28500","80"
"2014-07-25","-5.94","3554445","3554445","1425","2480","28500","124"
"2014-07-23","4.99","10077700","10077700","1515","6740","30300","337"
"2014-07-21","0","721250","721250","1443","500","28850","25"
"2014-07-18","7.45","2136285","2136285","1443","1560","28850","78"
"2014-07-17","7.44","266650","266650","1343","200","26850","10"
"2014-07-16","4.17","625000","625000","1250","500","25000","25"
"2014-07-15","3.81","22598940","22598940","1200","19540","24000","977"
"2014-07-14","0","301345","301345","1156","260","23115","13"
"2014-07-11","0.09","739520","739520","1156","640","23110","32"
"2014-07-09","0","346575","346575","1155","300","23105","15"
"2014-07-07","0.43","138600","138600","1155","120","23100","6"
"2014-07-02","0","254000","254000","1150","220","23000","11"
"2014-07-01","0","1380015","1380015","1150","1200","23000","60"
"2014-06-26","-0.43","2300000","2300000","1150","2000","23000","100"
"2014-06-24","-1.7","1397855","1397855","1155","1120","23105","56"
"2014-06-20","2.17","517000","517000","1175","440","23500","22"
"2014-06-18","-6.58","92000","92000","1150","80","23000","4"
"2014-06-17","7.51","49220","49220","1231","40","24610","2"
"2014-06-16","-0.43","321580","321580","1145","280","22895","14"
"2014-06-13","0","805000","805000","1150","700","23000","35"
"2014-06-12","0","1610000","1610000","1150","1400","23000","70"
"2014-06-11","0.44","460000","460000","1150","400","23000","20"
"2014-06-05","0","917375","917375","1145","800","22895","40"
"2014-06-04","7.51","686850","686850","1145","600","22895","30"
"2014-06-03","0","4579500","4579500","1065","4300","21300","215"
"2014-06-02","-7.39","3377450","3377450","1065","3160","21300","158"
"2014-05-30","-0.69","1613000","1613000","1150","1400","23000","70"
"2014-05-26","0.26","1689950","1689950","1158","1460","23150","73"
"2014-05-23","0.43","462000","462000","1155","400","23100","20"
"2014-05-22","0","368010","368010","1150","320","23000","16"
"2014-05-21","0","3910500","3910500","1150","3400","23000","170"
"2014-05-20","0","2852000","2852000","1150","2480","23000","124"
"2014-05-16","0","1110000","1110000","1150","1000","23000","50"
"2014-05-14","0","873300","873300","1150","760","23000","38"
"2014-05-13","0","253055","253055","1150","220","23005","11"
"2014-05-12","0","184040","184040","1150","160","23005","8"
"2014-05-09","4.55","276000","276000","1150","240","23000","12"
"2014-05-06","-1.17","1144000","1144000","1100","1040","22000","52"
"2014-05-05","-3.22","1382045","1382045","1113","1240","22255","62"
"2014-05-02","3.32","765510","765510","1150","680","23000","34"
"2014-04-29","0","667650","667650","1113","600","22255","30"
"2014-04-28","-4.71","1659450","1659450","1113","1480","22255","74"
"2014-04-25","1.57","2651125","2651125","1168","2300","23365","115"
"2014-04-24","-1.54","23000","23000","1150","20","23000","1"
"2014-04-23","-7.52","116825","116825","1168","100","23365","5"
"2014-04-22","0","75765","75765","1263","60","25255","3"
"2014-04-17","7.49","1616640","1616640","1263","1280","25260","64"
"2014-04-16","2.17","470000","470000","1175","400","23500","20"
"2014-04-14","0","138000","138000","1150","120","23000","6"
"2014-04-10","0","3151000","3151000","1150","2740","23000","137"
"2014-04-09","3.32","414140","414140","1150","360","23005","18"
"2014-04-07","-7.25","4064850","4064850","1113","3580","22255","179"
"2014-04-04","4.35","24000","24000","1200","20","24000","1"
"2014-04-03","0","115000","115000","1150","100","23000","5"
"2014-04-02","0","1081000","1081000","1150","940","23000","47"
"2014-04-01","0","3473200","3473200","1150","3020","23000","151"
"2014-03-31","0","1495000","1495000","1150","1300","23000","65"
"2014-03-28","0","2323000","2323000","1150","2020","23000","101"
"2014-03-27","-4.17","692100","692100","1150","600","23000","30"
"2014-03-26","4.35","72000","72000","1200","60","24000","3"
"2014-03-25","-4.17","769000","769000","1150","660","23000","33"
"2014-03-24","4.35","192000","192000","1200","160","24000","8"
"2014-03-21","2.95","690000","690000","1150","600","23000","30"
"2014-03-20","-6.92","2233500","2233500","1117","2000","22335","100"
"2014-03-19","4.35","288000","288000","1200","240","24000","12"
"2014-03-18","0","1265000","1265000","1150","1100","23000","55"
"2014-03-17","1.95","2438000","2438000","1150","2120","23000","106"
"2014-03-13","0","2255250","2255250","1128","2000","22550","100"
"2014-03-12","-1.91","4510055","4510055","1128","4000","22550","200"
"2014-03-11","1.95","483000","483000","1150","420","23000","21"
"2014-03-10","0","1375550","1375550","1128","1220","22550","61"
"2014-03-07","0","563970","563970","1128","500","22555","25"
"2014-03-06","0","451015","451015","1128","400","22550","20"
"2014-03-05","0","653950","653950","1128","580","22550","29"
"2014-03-03","-6","566650","566650","1128","500","22550","25"
"2014-02-28","-0.83","2439850","2439850","1200","2020","24000","101"
"2014-02-27","0","290900","290900","1210","240","24200","12"
"2014-02-26","-3.2","605000","605000","1210","500","24200","25"
"2014-02-25","-2.34","4575195","4575195","1250","3660","25000","183"
"2014-02-24","-5.19","128000","128000","1280","100","25600","5"
"2014-02-21","0.37","913960","913960","1350","680","26995","34"
"2014-02-20","-0.37","215800","215800","1345","160","26900","8"
"2014-02-19","0","864000","864000","1350","640","27000","32"
"2014-02-18","0","1431000","1431000","1350","1060","27000","53"
"2014-02-14","1.12","1350000","1350000","1350","1000","27000","50"
"2014-02-13","-0.67","267000","267000","1335","200","26700","10"
"2014-02-12","7.52","403125","403125","1344","300","26875","15"
"2014-02-10","-5.09","7441550","7441550","1250","5940","25000","297"
"2014-02-05","7.51","1316750","1316750","1317","1000","26335","50"
"2014-02-03","-2","1479015","1479015","1225","1200","24500","60"
"2014-01-31","0","100000","100000","1250","80","25000","4"
"2014-01-30","0","25000","25000","1250","20","25000","1"
"2014-01-28","4.17","1500000","1500000","1250","1200","25000","60"
"2014-01-22","0","528000","528000","1200","440","24000","22"
"2014-01-21","0","768000","768000","1200","640","24000","32"
"2014-01-20","4.35","840000","840000","1200","720","24000","36"
"2014-01-17","-0.43","253000","253000","1150","220","23000","11"
"2014-01-15","2.21","1039500","1039500","1155","900","23100","45"
"2014-01-14","0.18","1705000","1705000","1130","1500","22600","75"
"2014-01-10","0","2255860","2255860","1128","2000","22555","100"
"2014-01-09","-1.48","3254820","3254820","1128","2880","22555","144"
"2014-01-08","1.51","68810","68810","1145","60","22900","3"
"2014-01-07","0","180440","180440","1128","160","22555","8"
"2014-01-03","-1.91","293215","293215","1128","260","22555","13"
"2014-01-02","-0.09","1716000","1716000","1150","1500","23000","75"
"2013-12-31","-6.95","330765","330765","1151","280","23010","14"
"2013-12-30","7.47","247350","247350","1237","200","24735","10"
"2013-12-27","0.09","230100","230100","1151","200","23010","10"
"2013-12-24","1.95","230000","230000","1150","200","23000","10"
"2013-12-23","0.27","384250","384250","1128","340","22550","17"
"2013-12-20","-2.17","337575","337575","1125","300","22505","15"
"2013-12-18","2.22","390500","390500","1150","340","23000","17"
"2013-12-17","0","315050","315050","1125","280","22500","14"
"2013-12-16","0","112500","112500","1125","100","22500","5"
"2013-12-13","-2.17","157500","157500","1125","140","22500","7"
"2013-12-11","4.55","92000","92000","1150","80","23000","4"
"2013-12-10","-2.22","330000","330000","1100","300","22000","15"
"2013-12-09","-6.25","12319500","12319500","1125","10940","22500","547"
"2013-12-06","6.67","2829000","2829000","1200","2360","24000","118"
"2013-12-05","-2.17","1536450","1536450","1125","1360","22500","68"
"2013-12-04","0","68970","68970","1150","60","22990","3"
"2013-12-03","-4.56","69000","69000","1150","60","23000","3"
"2013-11-29","0","5784000","5784000","1205","4800","24100","240"
"2013-11-28","-0.41","240950","240950","1205","200","24095","10"
"2013-11-26","0.83","1766650","1766650","1210","1460","24200","73"
"2013-11-25","-4","651500","651500","1200","540","24000","27"
"2013-11-22","0","4000000","4000000","1250","3200","25000","160"
"2013-11-21","-3.1","12059000","12059000","1250","9760","25000","488"
"2013-11-20","7.5","258000","258000","1290","200","25800","10"
"2013-11-19","6.67","953590","953590","1200","800","24000","40"
"2013-11-18","0","22500","22500","1125","20","22500","1"
"2013-11-12","7.14","131000","131000","1125","120","22500","6"
"2013-11-11","-6.67","42000","42000","1050","40","21000","2"
"2013-11-08","0","157500","157500","1125","140","22500","7"
"2013-11-07","0","450000","450000","1125","400","22500","20"
"2013-11-05","0","6525000","6525000","1125","5800","22500","290"
"2013-11-04","7.14","855150","855150","1125","800","22500","40"
"2013-10-31","2.84","21548605","21548605","1050","21000","21005","1050"
"2013-10-30","7.47","2042500","2042500","1021","2000","20425","100"
"2013-10-29","-0.52","21070000","21070000","950","20600","19000","1030"
"2013-10-28","0.53","4355365","4355365","955","4480","19100","224"
"2013-10-24","0","627000","627000","950","660","19000","33"
"2013-10-23","2.7","380000","380000","950","400","19000","20"
"2013-10-22","-2.12","1443125","1443125","925","1560","18500","78"
"2013-10-21","-0.53","341000","341000","945","360","18900","18"
"2013-10-17","0","3799900","3799900","950","4000","19000","200"
"2013-10-16","0","417900","417900","950","440","18995","22"
"2013-10-14","0","3420000","3420000","950","3600","19000","180"
"2013-10-11","2.7","3348175","3348175","950","3380","19000","169"
"2013-10-08","-7.5","222000","222000","925","240","18500","12"
"2013-10-07","-2.06","12000000","12000000","1000","12000","20000","600"
"2013-10-03","7.47","1211250","1211250","1021","1200","20425","60"
"2013-10-02","0","3040000","3040000","950","3200","19000","160"
"2013-10-01","0","2425800","2425800","950","2540","19000","127"
"2013-09-30","0","931000","931000","950","980","19000","49"
"2013-09-27","-5","1900000","1900000","950","2000","19000","100"
"2013-09-26","-4.76","783070","783070","1000","760","20000","38"
"2013-09-24","3.45","21005","21005","1050","20","21005","1"
"2013-09-23","-3.33","600500","600500","1015","600","20300","30"
"2013-09-20","0","168040","168040","1050","160","21005","8"
"2013-09-18","0","42010","42010","1050","40","21005","2"
"2013-09-17","0","16295975","16295975","1050","15520","21000","776"
"2013-09-16","0","650950","650950","1050","620","21000","31"
"2013-09-13","0","21005","21005","1050","20","21005","1"
"2013-09-12","0","210050","210050","1050","200","21005","10"
"2013-09-11","0","630150","630150","1050","600","21005","30"
"2013-09-10","0","693165","693165","1050","660","21005","33"
"2013-09-09","4.48","4263000","4263000","1050","4060","21000","203"
"2013-09-05","0.5","201000","201000","1005","200","20100","10"
"2013-08-30","0","300000","300000","1000","300","20000","15"
"2013-08-27","5.26","2860000","2860000","1000","2860","20000","143"
"2013-08-26","0","532000","532000","950","560","19000","28"
"2013-08-23","0","1995000","1995000","950","2100","19000","105"
"2013-08-22","0","3800000","3800000","950","4000","19000","200"
"2013-08-20","-4.43","475000","475000","950","500","19000","25"
"2013-08-16","4.63","7910250","7910250","994","7960","19875","398"
"2013-08-13","0","1444000","1444000","950","1520","19000","76"
"2013-08-12","0","456000","456000","950","480","19000","24"
"2013-08-09","-4.04","285000","285000","950","300","19000","15"
"2013-08-05","0.81","990000","990000","990","1000","19800","50"
"2013-08-02","7.44","530280","530280","982","540","19640","27"
"2013-07-31","7.53","731000","731000","914","800","18275","40"
"2013-07-26","-0.58","5440000","5440000","850","6400","17000","320"
"2013-07-25","2.64","273600","273600","855","320","17100","16"
"2013-07-24","7.48","149940","149940","833","180","16660","9"
"2013-07-23","3.33","465000","465000","775","600","15500","30"
"2013-07-22","-7.41","1455000","1455000","750","1940","15000","97"
"2013-07-19","-1.82","1830600","1830600","810","2260","16200","113"
"2013-07-17","0","198000","198000","825","240","16500","12"
"2013-07-16","-4.07","2244000","2244000","825","2720","16500","136"
"2013-07-15","1.18","430000","430000","860","500","17200","25"
"2013-07-12","-1.16","850000","850000","850","1000","17000","50"
"2013-07-10","0","2494000","2494000","860","2900","17200","145"
"2013-07-08","0","172000","172000","860","200","17200","10"
"2013-07-05","0","481600","481600","860","560","17200","28"
"2013-07-04","0","670800","670800","860","780","17200","39"
"2013-07-03","0","619200","619200","860","720","17200","36"
"2013-07-02","-6.42","670800","670800","860","780","17200","39"
"2013-07-01","-7.55","478010","478010","919","520","18385","26"
"2013-06-28","7.46","198750","198750","994","200","19875","10"
"2013-06-27","7.56","184900","184900","925","200","18490","10"
"2013-06-26","7.23","344000","344000","860","400","17200","20"
"2013-06-25","0","401000","401000","802","500","16040","25"
"2013-06-21","7.36","128320","128320","802","160","16040","8"
"2013-06-20","7.48","1045100","1045100","747","1400","14930","70"
"2013-06-19","7.59","1902930","1902930","695","2740","13890","137"
"2013-06-18","7.49","103400","103400","646","160","12925","8"
"2013-06-17","-7.54","1202500","1202500","601","2000","12025","100"
"2013-06-14","-3.7","1495000","1495000","650","2300","13000","115"
"2013-06-13","-6.9","904500","904500","675","1340","13500","67"
"2013-06-11","-6.93","1189000","1189000","725","1640","14500","82"
"2013-06-10","-7.48","731790","731790","779","940","15570","47"
"2013-06-07","-7.47","353430","353430","842","420","16830","21"
"2013-06-06","0","2419270","2419270","910","2660","18190","133"
"2013-06-04","-7.43","964070","964070","910","1060","18190","53"
"2013-06-03","0","648780","648780","983","660","19660","33"
"2013-05-31","0","1159940","1159940","983","1180","19660","59"
"2013-05-29","0","1199260","1199260","983","1220","19660","61"
"2013-05-28","0","7097260","7097260","983","7220","19660","361"
"2013-05-27","7.43","1218920","1218920","983","1240","19660","62"
"2013-05-24","7.52","5230940","5230940","915","5720","18290","286"
"2013-05-23","7.45","5461815","5461815","851","6420","17015","321"
"2013-05-22","7.46","237450","237450","792","300","15830","15"
"2013-05-21","7.59","1104750","1104750","737","1500","14730","75"
"2013-05-17","7.37","561905","561905","685","820","13705","41"
"2013-05-15","2.08","1275000","1275000","638","2000","12750","100"
"2013-05-14","0","137555","137555","625","220","12505","11"
"2013-05-10","-6.99","987895","987895","625","1580","12505","79"
"2013-05-08","7.52","1088640","1088640","672","1620","13440","81"
"2013-05-06","0","6415065","6415065","625","10260","12505","513"
"2013-05-02","5.75","112500","112500","625","180","12500","9"
"2013-04-30","7.45","94600","94600","591","160","11825","8"
"2013-04-26","0","858000","858000","550","1560","11000","78"
"2013-04-18","0","605000","605000","550","1100","11000","55"
"2013-04-16","5.77","1265000","1265000","550","2300","11000","115"
"2013-04-10","0","572000","572000","520","1100","10400","55"
"2013-04-08","0","260000","260000","520","500","10400","25"
"2013-04-05","0","696800","696800","520","1340","10400","67"
"2013-04-03","0","249600","249600","520","480","10400","24"
"2013-03-28","0","20800","20800","520","40","10400","2"
"2013-03-26","4","104000","104000","520","200","10400","10"
"2013-03-21","-3.29","200000","200000","500","400","10000","20"
"2013-03-20","0","1602700","1602700","517","3100","10340","155"
"2013-03-19","7.48","103400","103400","517","200","10340","10"
"2013-03-18","0","1279460","1279460","481","2660","9620","133"
"2013-03-15","-7.5","481000","481000","481","1000","9620","50"
"2013-03-14","0","155925","155925","520","300","10395","15"
"2013-03-12","0","520000","520000","520","1000","10400","50"
"2013-03-11","0","52000","52000","520","100","10400","5"
"2013-03-08","0","208000","208000","520","400","10400","20"
"2013-03-07","0","52000","52000","520","100","10400","5"
"2013-03-06","7.44","104000","104000","520","200","10400","10"
"2013-03-05","7.56","145125","145125","484","300","9675","15"
"2013-03-01","5.88","1098000","1098000","450","2440","9000","122"
"2013-02-25","2.41","680000","680000","425","1600","8500","80"
"2013-02-20","0","1660000","1660000","415","4000","8300","200"
"2013-02-19","0","830000","830000","415","2000","8300","100"
"2013-02-18","0","1228400","1228400","415","2960","8300","148"
"2013-02-15","0","83000","83000","415","200","8300","10"
"2013-02-14","-0.72","149400","149400","415","360","8300","18"
"2013-02-11","0.24","1678350","1678350","418","4020","8350","201"
"2013-02-08","-0.24","433940","433940","417","1040","8345","52"
"2013-02-07","0","217100","217100","418","520","8350","26"
"2013-02-05","-6.9","334000","334000","418","800","8350","40"
"2013-02-04","0","215400","215400","449","480","8975","24"
"2013-02-01","7.42","71800","71800","449","160","8975","8"
"2013-01-31","0","33400","33400","418","80","8350","4"
"2013-01-29","-1.65","133600","133600","418","320","8350","16"
"2013-01-28","0","85000","85000","425","200","8500","10"
"2013-01-25","0","603500","603500","425","1420","8500","71"
"2013-01-22","-5.56","833000","833000","425","1960","8500","98"
"2013-01-21","0","180000","180000","450","400","9000","20"
"2013-01-18","-4.26","162000","162000","450","360","9000","18"
"2013-01-16","-1.05","282000","282000","470","600","9400","30"
"2013-01-15","0","123435","123435","475","260","9495","13"
"2013-01-14","0.42","1045000","1045000","475","2200","9500","110"
"2013-01-11","-0.42","104115","104115","473","220","9465","11"
"2013-01-09","0","237500","237500","475","500","9500","25"
"2013-01-04","0","522500","522500","475","1100","9500","55"
"2013-01-03","0","95000","95000","475","200","9500","10"
"2013-01-02","0","465500","465500","475","980","9500","49"
"2012-12-28","0","494000","494000","475","1040","9500","52"
"2012-12-26","0","380000","380000","475","800","9500","40"
"2012-12-24","0","570000","570000","475","1200","9500","60"
"2012-12-18","0","9500","9500","475","20","9500","1"
"2012-12-14","6.74","1567500","1567500","475","3300","9500","165"
"2012-12-12","7.49","267000","267000","445","600","8900","30"
"2012-12-10","7.53","66240","66240","414","160","8280","8"
"2012-12-04","-7.45","277380","277380","385","720","7705","36"
"2012-12-03","-7.56","266400","266400","416","640","8325","32"
"2012-11-30","0","216000","216000","450","480","9000","24"
"2012-11-29","0","45000","45000","450","100","9000","5"
"2012-11-28","0","243000","243000","450","540","9000","27"
"2012-11-27","0","9000","9000","450","20","9000","1"
"2012-11-26","0","378000","378000","450","840","9000","42"
"2012-11-23","-6.25","72000","72000","450","160","9000","8"
"2012-11-22","-6.8","96000","96000","480","200","9600","10"
"2012-11-21","-1.9","484100","484100","515","940","10300","47"
"2012-11-20","-2.78","315000","315000","525","600","10500","30"
"2012-11-12","0","162000","162000","540","300","10800","15"
"2012-11-09","0","21600","21600","540","40","10800","2"
"2012-11-08","7.36","97200","97200","540","180","10800","9"
"2012-11-07","-7.54","150825","150825","503","300","10055","15"
"2012-11-06","-7.48","250010","250010","544","460","10870","23"
"2012-11-02","-7.4","4923250","4923250","588","8380","11750","419"
"2012-10-25","6.37","2514600","2514600","635","3960","12700","198"
"2012-10-24","0","2326350","2326350","597","3900","11930","195"
"2012-10-23","0","178950","178950","597","300","11930","15"
"2012-10-22","7.57","596500","596500","597","1000","11930","50"
"2012-10-19","6.73","3241200","3241200","555","5840","11100","292"
"2012-10-17","4","1248000","1248000","520","2400","10400","120"
"2012-10-16","3.31","100000","100000","500","200","10000","10"
"2012-10-15","7.56","10032975","10032975","484","20740","9675","1037"
"2012-10-11","3.45","567000","567000","450","1260","9000","63"
"2012-10-10","7.67","2050840","2050840","435","4720","8690","236"
"2012-10-09","7.45","3015705","3015705","404","7460","8085","373"
"2012-10-04","7.43","692300","692300","376","1840","7525","92"
"2012-10-02","0","875000","875000","350","2500","7000","125"
"2012-09-28","0","140000","140000","350","400","7000","20"
"2012-09-27","0","700000","700000","350","2000","7000","100"
"2012-09-26","0","70000","70000","350","200","7000","10"
"2012-09-25","0","7000","7000","350","20","7000","1"
"2012-09-20","0","728000","728000","350","2080","7000","104"
"2012-09-18","0","70000","70000","350","200","7000","10"
"2012-09-14","0","497000","497000","350","1420","7000","71"
"2012-09-11","0","63000","63000","350","180","7000","9"
"2012-09-10","0","70000","70000","350","200","7000","10"
"2012-09-07","0","518000","518000","350","1480","7000","74"
"2012-09-06","-6.91","126000","126000","350","360","7000","18"
"2012-09-05","7.43","112875","112875","376","300","7525","15"
"2012-09-03","0","1463000","1463000","350","4180","7000","209"
"2012-08-31","0","336000","336000","350","960","7000","48"
"2012-08-30","0","609000","609000","350","1740","7000","87"
"2012-08-28","4.48","77000","77000","350","220","7000","11"
"2012-08-27","0","13400","13400","335","40","6700","2"
"2012-08-21","-0.89","435500","435500","335","1300","6700","65"
"2012-08-16","0","722250","722250","338","2140","6750","107"
"2012-08-14","0","506250","506250","338","1500","6750","75"
"2012-08-13","0","675000","675000","338","2000","6750","100"
"2012-08-10","7.3","2760750","2760750","338","8180","6750","409"
"2012-08-09","5","138600","138600","315","440","6300","22"
"2012-08-08","5.26","180000","180000","300","600","6000","30"
"2012-08-02","2.52","193800","193800","285","680","5700","34"
"2012-08-01","0","5550","5550","278","20","5550","1"
"2012-07-26","-6.71","55500","55500","278","200","5550","10"
"2012-07-25","-5.4","595000","595000","298","2000","5950","100"
"2012-07-24","-3.08","1814400","1814400","315","5760","6300","288"
"2012-07-18","3.17","260000","260000","325","800","6500","40"
"2012-07-13","0","226800","226800","315","720","6300","36"
"2012-07-11","0","63000","63000","315","200","6300","10"
"2012-07-10","0","252000","252000","315","800","6300","40"
"2012-07-05","5.7","189000","189000","315","600","6300","30"
"2012-06-28","0","148750","148750","298","500","5950","25"
"2012-06-22","0","89250","89250","298","300","5950","15"
"2012-06-21","0","119000","119000","298","400","5950","20"
"2012-06-20","-0.67","267750","267750","298","900","5950","45"
"2012-06-08","-6.25","192000","192000","300","640","6000","32"
"2012-06-07","-1.23","64000","64000","320","200","6400","10"
"2012-05-30","-7.43","420875","420875","324","1300","6475","65"
"2012-05-29","0","139900","139900","350","400","6995","20"
"2012-05-24","0","21000","21000","350","60","7000","3"
"2012-05-16","0","378000","378000","350","1080","7000","54"
"2012-05-09","-6.67","196140","196140","350","560","7005","28"
"2012-05-03","0","345000","345000","375","920","7500","46"
"2012-04-30","-11.14","450000","450000","375","1200","7500","60"
"2012-04-24","-0.24","472920","472920","422","1120","8445","56"
"2012-04-23","-0.47","599950","599950","423","1420","8450","71"
"2012-04-20","-4.49","237860","237860","425","560","8495","28"
"2012-04-18","0","133500","133500","445","300","8900","15"
"2012-04-17","0","3471000","3471000","445","7800","8900","390"
"2012-04-16","0","4336735","4336735","445","9740","8905","487"
"2012-04-10","0","890000","890000","445","2000","8900","100"
"2012-04-06","0","356000","356000","445","800","8900","40"
"2012-04-05","0","453900","453900","445","1020","8900","51"
"2012-04-02","0","195800","195800","445","440","8900","22"
"2012-03-30","0","320400","320400","445","720","8900","36"
"2012-03-29","0","133500","133500","445","300","8900","15"
"2012-03-28","0","382700","382700","445","860","8900","43"
"2012-03-26","0","1904600","1904600","445","4280","8900","214"
"2012-03-23","0","587400","587400","445","1320","8900","66"
"2012-03-12","-0.89","71200","71200","445","160","8900","8"
"2012-03-09","0","314300","314300","449","700","8980","35"
"2012-03-08","0.22","179600","179600","449","400","8980","20"
"2012-03-07","-0.44","689150","689150","448","1540","8950","77"
"2012-03-01","0","765000","765000","450","1700","9000","85"
"2012-02-24","-5.26","108000","108000","450","240","9000","12"
"2012-02-22","0","95000","95000","475","200","9500","10"
"2012-02-21","13.1","95000","95000","475","200","9500","10"
"2012-02-17","0","294000","294000","420","700","8400","35"
"2012-02-14","0","42000","42000","420","100","8400","5"
"2012-02-09","5","126000","126000","420","300","8400","15"
"2012-02-08","0.5","80000","80000","400","200","8000","10"
"2012-02-01","-0.5","2744475","2744475","398","6900","7955","345"
"2012-01-27","6.67","552000","552000","400","1380","8000","69"
"2012-01-25","0","892500","892500","375","1039180","7500","51959"
"2012-01-24","0","37500","37500","375","100","7500","5"
"2012-01-23","0","37500","37500","375","100","7500","5"
"2012-01-19","0","975000","975000","375","2600","7500","130"
"2012-01-18","0.81","75000","75000","375","200","7500","10"
"2012-01-17","0","744500","744500","372","2000","7445","100"
"2012-01-16","0","893400","893400","372","2400","7445","120"
"2012-01-09","-6.53","744500","744500","372","2000","7445","100"
"2012-01-06","-7.44","119325","119325","398","300","7955","15"
"2012-01-04","15.59","473000","473000","430","1100","8600","55"
"2011-12-30","24","148900","148900","372","400","7445","20"
"2011-12-06","-7.12","300000","300000","300","1000","6000","50"
"2011-12-02","0","903000","903000","323","2800","6450","140"
"2011-12-01","0","1290000","1290000","323","4000","6450","200"
"2011-11-30","0","4108650","4108650","323","12740","6450","637"
"2011-11-28","7.67","451500","451500","323","1400","6450","70"
"2011-11-25","3.45","228000","228000","300","760","6000","38"
"2011-11-24","0","1200600","1200600","290","4140","5800","207"
"2011-11-23","11.54","638000","638000","290","2200","5800","110"
"2011-11-18","4","161200","161200","260","620","5200","31"
"2011-11-11","6.38","170000","170000","250","680","5000","34"
"2011-11-10","2.17","329000","329000","235","1400","4700","70"
"2011-11-08","0","460000","460000","230","2000","4600","100"
"2011-11-04","2.22","317400","317400","230","1380","4600","69"
"2011-11-03","0","972000","972000","225","4320","4500","216"
"2011-11-02","0","112500","112500","225","500","4500","25"
"2011-10-31","12.5","63000","63000","225","280","4500","14"
"2011-10-25","0","56000","56000","200","280","4000","14"
"2011-10-18","0","224000","224000","200","1120","4000","56"
"2011-10-13","0","328000","328000","200","1640","4000","82"
"2011-10-10","0","60000","60000","200","300","4000","15"
"2011-10-06","0","80000","80000","200","400","4000","20"
"2011-09-27","0","60000","60000","200","300","4000","15"
"2011-09-23","0","140000","140000","200","700","4000","35"
"2011-09-22","2.56","48000","48000","200","240","4000","12"
"2011-09-20","1.04","140400","140400","195","720","3900","36"
"2011-08-11","0","42350","42350","193","220","3850","11"
"2011-08-10","0","812350","812350","193","4220","3850","211"
"2011-08-09","7.82","388850","388850","193","2020","3850","101"
"2011-08-05","15.48","308310","308310","179","1720","3585","86"
"2011-07-04","0","18630","18630","155","120","3105","6"
"2011-06-28","-7.74","96255","96255","155","620","3105","31"
"2011-06-24","0","164150","164150","168","980","3350","49"
"2011-06-08","0","83875","83875","168","500","3355","25"
"2011-06-03","-0.59","53600","53600","168","320","3350","16"
"2011-05-31","-14.65","132015","132015","169","780","3385","39"
"2011-05-12","-1","94800","94800","198","480","3950","24"
"2011-03-24","-4.76","44000","44000","200","220","4000","11"
"2011-01-25","0","71400","71400","210","340","4200","17"
"2011-01-24","-6.67","42000","42000","210","200","4200","10"
"2011-01-06","0","202500","202500","225","900","4500","45"
"2011-01-05","0","400500","400500","225","1780","4500","89"
"2010-12-29","0","58500","58500","225","260","4500","13"
"2010-12-27","0","49500","49500","225","220","4500","11"
"2010-12-24","0","90000","90000","225","400","4500","20"
"2010-11-23","0","90000","90000","225","400","4500","20"
"2010-11-18","0","76500","76500","225","340","4500","17"
"2010-11-12","0","63000","63000","225","280","4500","14"
"2010-11-09","0","45000","45000","225","200","4500","10"
"2010-11-03","0","45000","45000","225","200","4500","10"
"2010-10-25","0","45000","45000","225","200","4500","10"
"2010-10-14","7.14","45000","45000","225","200","4500","10"
"2010-10-01","0","58800","58800","210","280","4200","14"
"2010-09-30","-2.33","184800","184800","210","880","4200","44"
"2010-09-15","7.5","43000","43000","215","200","4300","10"
"2010-09-09","-4.76","256000","256000","200","1280","4000","64"
"2010-09-08","0","125700","125700","210","600","4190","30"
"2010-09-07","0","4200","4200","210","20","4200","1"
"2010-09-01","0","109200","109200","210","520","4200","26"
"2010-08-30","0","42000","42000","210","200","4200","10"
"2010-08-24","5","42000","42000","210","200","4200","10"
"2010-08-23","0","220000","220000","200","1100","4000","55"
"2010-08-19","0","120000","120000","200","600","4000","30"
"2010-08-18","0","148000","148000","200","740","4000","37"
"2010-08-16","2.56","40000","40000","200","200","4000","10"
"2010-08-11","0","58500","58500","195","300","3900","15"
"2010-08-10","-2.5","234000","234000","195","1200","3900","60"
"2010-07-26","0","160000","160000","200","800","4000","40"
"2010-07-23","0","40000","40000","200","200","4000","10"
"2010-07-15","0","120000","120000","200","600","4000","30"
"2010-06-23","-5.21","428000","428000","200","2140","4000","107"
"2010-06-10","7.65","42150","42150","211","200","4215","10"
"2010-06-09","15.29","39250","39250","196","200","3925","10"
"2010-06-01","-2.86","227800","227800","170","1340","3400","67"
"2010-05-31","2.94","115500","115500","175","660","3500","33"
"2010-05-18","0","71400","71400","170","420","3400","21"
"2010-05-14","0","47600","47600","170","280","3400","14"
"2010-05-11","0","359870","359870","170","2120","3395","106"
"2010-05-10","0","105400","105400","170","620","3400","31"
"2010-05-04","0","278390","278390","170","1640","3395","82"
"2010-04-28","-6.08","428400","428400","170","2520","3400","126"
"2010-04-23","-7.65","116000","116000","181","640","3625","32"
"2010-04-01","0","82215","82215","196","420","3915","21"
"2010-03-29","0","58800","58800","196","300","3920","15"
"2010-03-24","-2","129360","129360","196","660","3920","33"
"2010-03-18","0","100000","100000","200","500","4000","25"
"2010-03-16","0","20000","20000","200","100","4000","5"
"2010-03-12","0","64000","64000","200","320","4000","16"
"2010-03-11","-9.91","80000","80000","200","400","4000","20"
"2010-03-04","0","22200","22200","222","100","4440","5"
"2010-03-03","0","128760","128760","222","580","4440","29"
"2010-03-02","0","159840","159840","222","720","4440","36"
"2010-02-03","0","88800","88800","222","400","4440","20"
"2010-01-18","0","44450","44450","222","200","4445","10"
"2010-01-15","0","44450","44450","222","200","4445","10"
"2010-01-11","0","13335","13335","222","60","4445","3"
"2010-01-08","0","111125","111125","222","500","4445","25"
"2010-01-07","0","208915","208915","222","940","4445","47"
"2010-01-06","0","44450","44450","222","200","4445","10"
"2010-01-04","0","48895","48895","222","220","4445","11"
"2009-12-23","0","4440","4440","222","20","4440","1"
"2009-12-18","0","35520","35520","222","160","4440","8"
"2009-12-09","0","133200","133200","222","600","4440","30"
"2009-12-08","0","26640","26640","222","120","4440","6"
"2009-12-07","0","62160","62160","222","280","4440","14"
"2009-11-30","0","53280","53280","222","240","4440","12"
"2009-11-25","0","53280","53280","222","240","4440","12"
"2009-11-24","-0.45","93345","93345","222","420","4445","21"
"2009-11-10","0","44500","44500","223","200","4450","10"
"2009-10-22","0","44500","44500","223","200","4450","10"
"2009-10-20","1.36","80100","80100","223","360","4450","18"
"2009-10-19","-1.35","39600","39600","220","180","4400","9"
"2009-10-01","0","133500","133500","223","600","4450","30"
"2009-09-15","0","17800","17800","223","80","4450","4"
"2009-09-09","0","280350","280350","223","1260","4450","63"
"2009-09-04","0","137950","137950","223","620","4450","31"
"2009-09-02","0","57850","57850","223","260","4450","13"
"2009-09-01","0","271755","271755","223","1220","4455","61"
"2009-08-24","0","98010","98010","223","440","4455","22"
"2009-08-21","0","71280","71280","223","320","4455","16"
"2009-08-20","0.45","35640","35640","223","160","4455","8"
"2009-08-05","0","44450","44450","222","200","4445","10"
"2009-07-30","0","44450","44450","222","200","4445","10"
"2009-07-29","0","79830","79830","222","360","4435","18"
"2009-07-27","0","133350","133350","222","600","4445","30"
"2009-07-24","0","44450","44450","222","200","4445","10"
"2009-07-22","0","204470","204470","222","920","4445","46"
"2009-07-21","0","212880","212880","222","960","4435","48"
"2009-07-20","0","314885","314885","222","1420","4435","71"
"2009-07-15","0","4435","4435","222","20","4435","1"
"2009-07-14","0","119745","119745","222","540","4435","27"
"2009-07-13","0","110875","110875","222","500","4435","25"
"2009-07-10","0","84265","84265","222","380","4435","19"
"2009-07-09","0","177400","177400","222","800","4435","40"
"2009-07-03","0","443500","443500","222","2000","4435","100"
"2009-06-23","0","4445","4445","222","20","4445","1"
"2009-06-22","-0.45","44450","44450","222","200","4445","10"
"2009-06-18","0","26700","26700","223","120","4450","6"
"2009-06-15","0","106800","106800","223","480","4450","24"
"2009-05-11","-7.47","66750","66750","223","300","4450","15"
"2009-05-08","0","9620","9620","241","40","4810","2"
"2009-05-04","-7.31","173160","173160","241","720","4810","36"
"2009-04-30","0","140400","140400","260","540","5200","27"
"2009-04-29","0","46800","46800","260","180","5200","9"
"2009-04-27","0","5200","5200","260","20","5200","1"
"2009-03-30","-5.45","104000","104000","260","400","5200","20"
"2009-03-27","0","44000","44000","275","160","5500","8"
"2009-03-20","0","11000","11000","275","40","5500","2"
"2009-03-11","0","22000","22000","275","80","5500","4"
"2009-03-10","-3.51","187000","187000","275","680","5500","34"
"2009-02-17","0","11400","11400","285","40","5700","2"
"2009-02-16","0","456000","456000","285","1600","5700","80"
"2009-01-05","0","11400","11400","285","40","5700","2"
"2008-12-12","0","148200","148200","285","520","5700","26"
"2008-11-27","0","91200","91200","285","320","5700","16"
"2008-11-25","0","285000","285000","285","1000","5700","50"
"2008-11-24","0","57000","57000","285","200","5700","10"
"2008-11-18","0","2337000","2337000","285","8200","5700","410"
"2008-11-17","-1.38","581400","581400","285","2040","5700","102"
"2008-11-06","0","1155000","1155000","289","4000","5775","200"
"2008-11-04","-14.24","866250","866250","289","3000","5775","150"
"2008-10-31","-8.17","67450","67450","337","200","6745","10"
"2008-10-23","-14.25","557080","557080","367","1520","7330","76"
"2008-10-20","-7.56","231120","231120","428","540","8560","27"
"2008-10-17","-7.4","647500","647500","463","1400","9250","70"
"2008-10-16","-3.85","810000","810000","500","1620","10000","81"
"2008-10-15","-6.31","156000","156000","520","300","10400","15"
"2008-10-13","-7.5","1110000","1110000","555","2000","11100","100"
"2008-10-10","-4","120000","120000","600","200","12000","10"
"2008-10-09","-3.85","125000","125000","625","200","12500","10"
"2008-10-06","0","65000","65000","650","100","13000","5"
"2008-10-03","-13.33","2366000","2366000","650","3640","13000","182"
"2008-10-01","-11.45","300000","300000","750","400","15000","20"
"2008-09-23","-26.73","795710","795710","847","940","16930","47"
"2008-09-09","-7.52","2983125","2983125","1156","2580","23125","129"
"2008-09-08","6.56","11100000","11100000","1250","8880","25000","444"
"2008-09-05","7.52","3237480","3237480","1173","2760","23460","138"
"2008-09-04","7.49","1113075","1113075","1091","1020","21825","51"
"2008-09-03","7.41","730980","730980","1015","720","20305","36"
"2008-09-02","7.51","3853560","3853560","945","4080","18890","204"
"2008-09-01","7.46","11321520","11321520","879","12880","17580","644"
"2008-08-29","24.13","18857315","18857315","818","23060","16355","1153"
"2008-08-26","7.5","1027260","1027260","659","1560","13170","78"
"2008-08-25","15.66","1409325","1409325","613","2300","12255","115"
"2008-08-21","6","477225","477225","530","900","10605","45"
"2008-08-20","2.04","260000","260000","500","520","10000","26"
"2008-08-19","1.03","2098270","2098270","490","4280","9805","214"
"2008-08-18","6.59","310560","310560","485","640","9705","32"
"2008-08-13","6.31","163800","163800","455","360","9100","18"
"2008-08-06","-0.47","692550","692550","428","1620","8550","81"
"2008-08-05","7.23","516000","516000","430","1200","8600","60"
"2008-07-31","6.93","264330","264330","401","660","8010","33"
"2008-07-30","0","1110000","1110000","375","2960","7500","148"
"2008-07-25","7.14","165000","165000","375","440","7500","22"
"2008-07-24","2.94","1631000","1631000","350","4660","7000","233"
"2008-07-23","1.49","81600","81600","340","240","6800","12"
"2008-07-18","3.72","335000","335000","335","1000","6700","50"
"2008-07-14","4.19","212850","212850","323","660","6450","33"
"2008-07-02","6.53","1240000","1240000","310","4000","6200","200"
"2008-06-27","0","3866975","3866975","291","4865840","5815","243292"
"2008-06-25","0","58150","58150","291","200","5815","10"
"2008-06-24","2.11","92960","92960","291","320","5810","16"
"2008-06-18","1.79","3995700","3995700","285","14020","5700","701"
"2008-06-17","0","56050","56050","280","200","5605","10"
"2008-06-16","0","50400","50400","280","180","5600","9"
"2008-06-13","4.48","5656000","5656000","280","20200","5600","1010"
"2008-06-10","0.75","39392050","39392050","268","147260","5350","7363"
"2008-06-04","0","111720","111720","266","420","5320","21"
"2008-06-03","7.26","207480","207480","266","780","5320","39"
"2008-05-22","0","54450","54450","248","220","4950","11"
"2008-05-20","-0.8","133650","133650","248","540","4950","27"
"2008-05-16","0","365000","365000","250","1460","5000","73"
"2008-05-15","0","820000","820000","250","3280","5000","164"
"2008-05-14","0","1225000","1225000","250","4900","5000","245"
"2008-05-13","0","1605000","1605000","250","6420","5000","321"
"2008-05-07","6.38","305000","305000","250","1220","5000","61"
"2008-05-06","2.17","51755","51755","235","220","4705","11"
"2008-04-25","2.22","69000","69000","230","300","4600","15"
"2008-04-24","7.14","54000","54000","225","240","4500","12"
"2008-04-10","-2.33","252000","252000","210","1200","4200","60"
"2008-04-08","0","309600","309600","215","1440","4300","72"
"2008-04-07","0","348300","348300","215","1620","4300","81"
"2008-04-04","-6.52","425700","425700","215","1980","4300","99"
"2008-04-03","0","92000","92000","230","400","4600","20"
"2008-04-02","0","46000","46000","230","200","4600","10"
"2008-03-31","0","46000","46000","230","200","4600","10"
"2008-03-28","2.22","92000","92000","230","400","4600","20"
"2008-03-27","0","18000","18000","225","80","4500","4"
"2008-03-26","0","270000","270000","225","1200","4500","60"
"2008-03-25","0","225000","225000","225","1000","4500","50"
"2008-03-18","5.63","1548000","1548000","225","6880","4500","344"
"2008-03-17","0","38250","38250","213","180","4250","9"
"2008-03-14","1.43","272000","272000","213","1280","4250","64"
"2008-03-13","0","37845","37845","210","180","4205","9"
"2008-03-11","0","563470","563470","210","2680","4205","134"
"2008-03-10","-6.67","252300","252300","210","1200","4205","60"
"2008-03-04","0","180000","180000","225","800","4500","40"
"2008-03-03","0","117000","117000","225","520","4500","26"
"2008-02-29","0","45000","45000","225","200","4500","10"
"2008-02-26","7.14","175500","175500","225","780","4500","39"
"2008-02-20","0","126000","126000","210","600","4200","30"
"2008-02-19","-2.33","100800","100800","210","480","4200","24"
"2008-02-18","0","86000","86000","215","400","4300","20"
"2008-02-15","-6.52","86000","86000","215","400","4300","20"
"2008-01-29","0","46000","46000","230","200","4600","10"
"2008-01-28","0","23000","23000","230","100","4600","5"
"2008-01-25","7.48","193200","193200","230","840","4600","42"
"2008-01-16","-7.36","286760","286760","214","1340","4280","67"
"2008-01-09","0","9250","9250","231","40","4625","2"
"2008-01-04","-7.6","430125","430125","231","1860","4625","93"
"2007-12-11","0","5000","5000","250","20","5000","1"
"2007-12-07","0","50000","50000","250","200","5000","10"
"2007-12-06","0","15000","15000","250","60","5000","3"
"2007-12-05","-4.94","765000","765000","250","3060","5000","153"
"2007-12-03","-2.59","362250","362250","263","1380","5250","69"
"2007-11-30","0","27000","27000","270","100","5400","5"
"2007-11-22","-7.53","442800","442800","270","1640","5400","82"
"2007-11-20","-7.3","862840","862840","292","2960","5830","148"
"2007-11-12","0","113400","113400","315","360","6300","18"
"2007-11-08","0","491400","491400","315","1560","6300","78"
"2007-11-06","0","170100","170100","315","540","6300","27"
"2007-11-02","8.62","113400","113400","315","360","6300","18"
"2007-10-26","-4.92","580000","580000","290","2000","5800","100"
"2007-10-22","0.66","762500","762500","305","2500","6100","125"
"2007-10-19","0","695750","695750","303","2300","6050","115"
"2007-10-18","1","181500","181500","303","600","6050","30"
"2007-10-17","0","60000","60000","300","200","6000","10"
"2007-10-16","3.45","348290","348290","300","1160","6005","58"
"2007-10-10","5.45","127600","127600","290","440","5800","22"
"2007-10-04","5.77","71500","71500","275","260","5500","13"
"2007-10-03","6.12","52000","52000","260","200","5200","10"
"2007-10-01","15.02","299205","299205","245","1220","4905","61"
"2007-09-27","7.58","182750","182750","213","860","4250","43"
"2007-09-24","15.79","47460","47460","198","240","3955","12"
"2007-09-19","23.91","61650","61650","171","360","3425","18"
"2007-09-13","2.22","27650","27650","138","200","2765","10"
"2007-09-11","5.47","35100","35100","135","260","2700","13"
"2007-09-10","2.4","163200","163200","128","1280","2550","64"
"2007-09-04","5.93","60120","60120","125","480","2505","24"
"2007-09-03","0","242050","242050","118","2060","2350","103"
"2007-08-31","7.27","58750","58750","118","500","2350","25"
"2007-08-27","1.85","22050","22050","110","200","2205","10"
"2007-08-02","-6.09","49450","49450","108","460","2150","23"
"2007-07-31","0","48300","48300","115","420","2300","21"
"2007-07-25","1.77","20700","20700","115","180","2300","9"
"2007-07-19","7.62","99220","99220","113","880","2255","44"
"2007-07-13","5","153300","153300","105","1460","2100","73"
"2007-07-05","0","204000","204000","100","2040","2000","102"
"2007-07-03","0","100000","100000","100","1000","2000","50"
"2007-06-29","0","400000","400000","100","4000","2000","200"
"2007-06-21","0","464000","464000","100","4640","2000","232"
"2007-06-14","0","30000","30000","100","300","2000","15"
"2007-06-12","0","262000","262000","100","2620","2000","131"
"2007-06-05","0","12000","12000","100","120","2000","6"
"2007-05-08","0","6000","6000","100","60","2000","3"
"2007-04-30","0","20000","20000","100","200","2000","10"
"2007-03-21","0","20000","20000","100","200","2000","10"
"2007-03-20","0","10000","10000","100","100","2000","5"
"2007-01-12","0","20000","20000","100","200","2000","10"
"2007-01-10","0","48000","48000","100","480","2000","24"
"2006-11-30","0","6000","6000","100","60","2000","3"
"2006-11-24","0","4000","4000","100","40","2000","2"
"2006-11-22","0","18000","18000","100","180","2000","9"
"2006-11-13","0","40000","40000","100","400","2000","20"
"2006-10-27","0","20000","20000","100","200","2000","10"
"2006-10-09","0","42000","42000","100","420","2000","21"
"2006-09-15","0","34000","34000","100","340","2000","17"
"2006-09-11","0","6000","6000","100","60","2000","3"
"2006-08-30","0","230000","230000","100","2300","2000","115"
"2006-08-25","0","52000","52000","100","520","2000","26"
"2006-08-23","0","12000","12000","100","120","2000","6"
"2006-08-10","0","12000","12000","100","120","2000","6"
"2006-08-09","0","24000","24000","100","240","2000","12"
"2006-08-03","0","76000","76000","100","760","2000","38"
"2006-07-17","0","230000","230000","100","2300","2000","115"
"2006-07-14","0","2000","2000","100","20","2000","1"
"2006-07-10","-9.09","210000","210000","100","2100","2000","105"
"2006-05-24","0","57200","57200","110","520","2200","26"
"2006-05-12","6.8","70400","70400","110","640","2200","32"
"2006-04-24","-7.21","43050","43050","103","420","2050","21"
"2006-03-23","0","28730","28730","111","260","2210","13"
"2006-03-22","0","2210","2210","111","20","2210","1"
"2006-03-15","0","70720","70720","111","640","2210","32"
"2006-03-07","0","17680","17680","111","160","2210","8"
"2006-02-28","0","35360","35360","111","320","2210","16"
"2006-02-27","0","35360","35360","111","320","2210","16"
"2006-02-22","0","70720","70720","111","640","2210","32"
"2006-02-17","0.91","125970","125970","111","1140","2210","57"
"2006-02-07","0","70400","70400","110","640","2200","32"
"2006-01-12","0","2200","2200","110","20","2200","1"
"2006-01-03","0","26400","26400","110","240","2200","12"
"2005-12-14","0","83600","83600","110","760","2200","38"
"2005-12-06","0","281600","281600","110","2560","2200","128"
"2005-10-31","0","19800","19800","110","180","2200","9"
"2005-10-18","-7.56","257400","257400","110","2340","2200","117"
"2005-10-07","8.18","28440","28440","119","240","2370","12"
"2005-09-29","4.76","52920","52920","110","480","2205","24"
"2005-09-27","5","67200","67200","105","640","2100","32"
"2005-09-22","0","250000","250000","100","2500","2000","125"
"2005-08-31","0","100000","100000","100","1000","2000","50"
"2005-08-09","0","40000","40000","100","400","2000","20"
"2005-08-02","17.65","124310","124310","100","1240","2005","62"
"2005-07-27","0","17000","17000","85","200","1700","10"
"2005-07-08","0","54400","54400","85","640","1700","32"
"2005-07-04","0","935000","935000","85","11000","1700","550"
"2005-06-30","-8.6","1208700","1208700","85","14220","1700","711"
"2005-06-20","0","1850","1850","93","20","1850","1"
"2005-06-10","0","61050","61050","93","660","1850","33"
"2005-06-07","0","92500","92500","93","1000","1850","50"
"2005-06-01","0","44400","44400","93","480","1850","24"
"2005-05-18","0","96460","96460","93","1040","1855","52"
"2005-04-27","0","14840","14840","93","160","1855","8"
"2005-04-07","0","16695","16695","93","180","1855","9"
"2005-03-18","0","44400","44400","93","480","1850","24"
"2005-03-15","0","22200","22200","93","240","1850","12"
"2005-02-25","0","83250","83250","93","900","1850","45"
"2005-02-08","0","305250","305250","93","3300","1850","165"
"2005-02-02","0","62900","62900","93","680","1850","34"
"2005-01-25","0","11100","11100","93","120","1850","6"
"2004-12-30","0","14800","14800","93","160","1850","8"
"2004-12-06","0","1850","1850","93","20","1850","1"
"2004-11-29","0","31450","31450","93","340","1850","17"
"2004-11-02","0","296000","296000","93","3200","1850","160"
"2004-10-15","0","296800","296800","93","3200","1855","160"
"2004-09-28","0","12950","12950","93","140","1850","7"
"2004-09-10","2.2","1067450","1067450","93","11540","1850","577"
"2004-08-24","0","10860","10860","91","120","1810","6"
"2004-08-18","0","57920","57920","91","640","1810","32"
"2004-08-16","1.11","18100","18100","91","200","1810","10"
"2004-08-10","0","10800","10800","90","120","1800","6"
"2004-08-09","5.88","18000","18000","90","200","1800","10"
"2004-07-27","0","40800","40800","85","480","1700","24"
"2004-07-22","0","17000","17000","85","200","1700","10"
"2004-07-21","0","15300","15300","85","180","1700","9"
"2004-07-12","-1.16","15300","15300","85","180","1700","9"
"2004-05-25","0","17100","17100","86","200","1710","10"
"2004-05-19","0","20520","20520","86","240","1710","12"
"2004-05-12","1.18","17100","17100","86","200","1710","10"
"2004-04-30","0","17000","17000","85","200","1700","10"
"2004-04-27","0","136000","136000","85","1600","1700","80"
"2004-04-02","0","13600","13600","85","160","1700","8"
"2004-03-10","0","142800","142800","85","1680","1700","84"
"2004-03-09","0","40800","40800","85","480","1700","24"
"2004-02-23","0","20400","20400","85","240","1700","12"
"2004-01-29","0","10200","10200","85","120","1700","6"
"2004-01-19","0","159800","159800","85","1880","1700","94"
"2004-01-16","2.41","569500","569500","85","6700","1700","335"
"2004-01-14","-6.74","393890","393890","83","4760","1655","238"
"2003-11-12","0","199920","199920","89","2240","1785","112"
"2003-10-27","0","17850","17850","89","200","1785","10"
"2003-10-23","0","35700","35700","89","400","1785","20"
"2003-10-20","0","17850","17850","89","200","1785","10"
"2003-10-16","-1.11","17850","17850","89","200","1785","10"
"2003-10-10","0","21600","21600","90","240","1800","12"
"2003-09-24","0","43200","43200","90","480","1800","24"
"2003-09-16","0","64800","64800","90","720","1800","36"
"2003-09-15","0","18000","18000","90","200","1800","10"
"2003-09-08","0","25200","25200","90","280","1800","14"
"2003-08-29","0","3600","3600","90","40","1800","2"
"2003-08-27","0","45000","45000","90","500","1800","25"
"2003-08-26","0","25200","25200","90","280","1800","14"
"2003-08-21","0","117000","117000","90","1300","1800","65"
"2003-08-18","0","36000","36000","90","400","1800","20"
"2003-08-11","0","185400","185400","90","2060","1800","103"
"2003-08-08","0","180000","180000","90","2000","1800","100"
"2003-08-04","-3.23","108000","108000","90","1200","1800","60"
"2003-08-01","0","20350","20350","93","220","1850","11"
"2003-07-31","0","349650","349650","93","3780","1850","189"
"2003-07-21","-7","37000","37000","93","400","1850","20"
"2003-05-14","0","20000","20000","100","200","2000","10"
"2003-03-21","0","424000","424000","100","4240","2000","212"
"2003-01-30","0","154000","154000","100","1540","2000","77"
"2003-01-24","-5.66","46000","46000","100","460","2000","23"
"2003-01-23","-0.93","25500","25500","106","240","2125","12"
"2002-12-30","-6.96","213000","213000","107","2000","2130","100"
"2002-12-10","0","29900","29900","115","260","2300","13"
"2002-11-13","0","52900","52900","115","460","2300","23"
"2002-09-26","0","41400","41400","115","360","2300","18"
"2002-09-17","-0.86","156400","156400","115","1360","2300","68"
"2002-09-12","0","69450","69450","116","600","2315","30"
"2002-08-16","0","43985","43985","116","380","2315","19"
"2002-08-14","0","13890","13890","116","120","2315","6"
"2002-08-05","-7.2","78710","78710","116","680","2315","34"
"2002-08-02","0","104175","104175","125","900","2500","45"
"2002-07-31","-13.79","270000","270000","125","2160","2500","108"
"2002-07-12","-10.49","284200","284200","145","1960","2900","98"
"2002-06-04","-7.43","324000","324000","162","2000","3240","100"
"2002-03-06","0","3500","3500","175","20","3500","1"
"2002-01-10","-2.78","231000","231000","175","1320","3500","66"
"2002-01-02","-6.74","216000","216000","180","1200","3600","60"
"2001-12-14","-1.03","30800","30800","193","160","3850","8"
"2001-12-13","-2.01","163800","163800","195","840","3900","42"
"2001-10-15","-0.5","39850","39850","199","200","3985","10"
"2001-09-19","0","543320","543320","200","2720","3995","136"
"2001-09-12","0","12000","12000","200","60","4000","3"
"2001-09-07","-2.44","172000","172000","200","860","4000","43"
"2001-08-29","0","409000","409000","205","2000","4090","100"
"2001-08-24","-2.38","794430","794430","205","3880","4095","194"
"2001-08-22","-6.67","596400","596400","210","2840","4200","142"
"2001-08-16","0","269700","269700","225","1200","4495","60"
"2001-08-13","-6.25","238500","238500","225","1060","4500","53"
"2001-07-23","6.67","240000","240000","240","1000","4800","50"
"2001-07-20","-6.25","450000","450000","225","2000","4500","100"
"2001-07-18","-1.23","62335","62335","240","260","4795","13"
"2001-05-30","-0.82","72825","72825","243","300","4855","15"
"2001-05-23","0","234720","234720","245","960","4890","48"
"2001-05-21","-2","195600","195600","245","800","4890","40"
"2001-05-16","0","224550","224550","250","900","4990","45"
"2001-05-14","0","404595","404595","250","1620","4995","81"
"2001-05-11","0","275000","275000","250","1100","5000","55"
"2001-05-09","0","150000","150000","250","600","5000","30"
"2001-04-11","0","30000","30000","250","120","5000","6"
"2001-04-04","0","255000","255000","250","1020","5000","51"
"2001-03-02","0","100000","100000","250","400","5000","20"
"2001-02-21","0","340000","340000","250","1360","5000","68"
"2001-02-14","-1.96","115000","115000","250","460","5000","23"
"2001-02-09","0","51000","51000","255","200","5100","10"
"2001-02-07","-3.77","102000","102000","255","400","5100","20"
"2001-02-05","0","530000","530000","265","2000","5300","100"
"2001-01-31","-1.85","254400","254400","265","960","5300","48"
"2001-01-29","0","226800","226800","270","840","5400","42"
"2001-01-26","-0.37","243000","243000","270","900","5400","45"
"2001-01-24","0","16230","16230","271","60","5410","3"
"2001-01-19","0","346240","346240","271","1280","5410","64"
"2001-01-17","0.37","183940","183940","271","680","5410","34"
"2001-01-10","0","32400","32400","270","120","5400","6"
"2001-01-05","0","124200","124200","270","460","5400","23"
"2000-12-26","0","54000","54000","270","200","5400","10"
"2000-12-22","-1.82","448200","448200","270","1660","5400","83"
"2000-12-20","0","27500","27500","275","100","5500","5"
"2000-12-18","-7.09","60500","60500","275","220","5500","11"
"2000-12-15","0","183210","183210","296","620","5910","31"
"2000-12-06","7.64","16175670","16175670","296","54740","5910","2737"
"2000-12-01","0","5500","5500","275","20","5500","1"
"2000-11-27","0","181500","181500","275","660","5500","33"
"2000-11-24","0","110000","110000","275","400","5500","20"
"2000-11-22","0","27500","27500","275","100","5500","5"
"2000-11-17","0","55000","55000","275","200","5500","10"
"2000-11-16","0","71500","71500","275","260","5500","13"
"2000-11-13","0","44000","44000","275","160","5500","8"
"2000-11-06","0","203500","203500","275","740","5500","37"
"2000-11-03","0","192500","192500","275","700","5500","35"
"2000-10-20","-1.79","302500","302500","275","1100","5500","55"
"2000-10-18","0","33570","33570","280","120","5595","6"
"2000-10-13","0","134280","134280","280","480","5595","24"
"2000-10-11","0","72735","72735","280","260","5595","13"
"2000-10-09","0","285345","285345","280","1020","5595","51"
"2000-10-06","0","229395","229395","280","820","5595","41"
"2000-10-04","0","173445","173445","280","620","5595","31"
"2000-10-02","0","33570","33570","280","120","5595","6"
"2000-09-29","0","27975","27975","280","100","5595","5"
"2000-09-22","0","22380","22380","280","80","5595","4"
"2000-09-20","0","44760","44760","280","160","5595","8"
"2000-09-15","0","112000","112000","280","400","5600","20"
"2000-09-08","0","392000","392000","280","1400","5600","70"
"2000-09-06","0","168000","168000","280","600","5600","30"
"2000-08-23","-6.67","610400","610400","280","2180","5600","109"
"2000-08-16","0.33","47960","47960","300","160","5995","8"
"2000-08-14","0","364475","364475","299","1220","5975","61"
"2000-08-11","-0.33","256925","256925","299","860","5975","43"
"2000-07-28","0","959200","959200","300","3200","5995","160"
"2000-07-26","0","1212000","1212000","300","4040","6000","202"
"2000-07-21","-3.23","84000","84000","300","280","6000","14"
"2000-07-12","-4.62","868000","868000","310","2800","6200","140"
"2000-07-10","0","117000","117000","325","360","6500","18"
"2000-07-07","0","110500","110500","325","340","6500","17"
"2000-06-30","0","136500","136500","325","420","6500","21"
"2000-06-21","-12.16","565500","565500","325","1740","6500","87"
"2000-06-09","0","133200","133200","370","360","7400","18"
"2000-06-07","0","111000","111000","370","300","7400","15"
"2000-06-02","0","118400","118400","370","320","7400","16"
"2000-05-31","0","44400","44400","370","120","7400","6"
"2000-05-26","0","74000","74000","370","200","7400","10"
"2000-05-24","0","362600","362600","370","980","7400","49"
"2000-05-22","0","111000","111000","370","300","7400","15"
"2000-05-17","0","51555800","51555800","370","139340","7400","6967"
"2000-05-15","0","185000","185000","370","500","7400","25"
"2000-05-12","-1.33","370000","370000","370","1000","7400","50"
"2000-05-10","0","74950","74950","375","200","7495","10"
"2000-05-08","0","300000","300000","375","800","7500","40"
"2000-05-05","0","300000","300000","375","800","7500","40"
"2000-05-03","4.75","2175000","2175000","375","5800","7500","290"
"2000-04-26","-4.53","500500","500500","358","1400","7150","70"
"2000-04-21","0","367500","367500","375","980","7500","49"
"2000-04-19","0","1237500","1237500","375","3300","7500","165"
"2000-04-17","0","120000","120000","375","320","7500","16"
"2000-04-14","0","2025000","2025000","375","5400","7500","270"
"2000-04-12","0","780000","780000","375","2080","7500","104"
"2000-04-10","0","1552500","1552500","375","4140","7500","207"
"2000-04-07","0","6960000","6960000","375","18560","7500","928"
"2000-04-05","0","1207500","1207500","375","3220","7500","161"
"2000-04-03","-6.25","937500","937500","375","2500","7500","125"
"2000-03-31","","10800000","10800000","400","27000","8000","1350"
