"Date","Variation","Valeur","Volume Devise Total","Cours Ajuste","Volume Ajuste Total","Cours Normal","Volume Normal Total"
"2026-09-09","-1.46","56334135","56334135","13500","4045","13500","4045"
"2026-09-08","-0.07","34765265","34765265","13700","2492","13700","2492"
"2026-09-07","1.56","22184240","22184240","13710","1613","13710","1613"
"2026-09-04","0","71473065","71473065","13500","5189","13500","5189"
"2026-09-03","5.06","19718075","19718075","13500","1482","13500","1482"
"2026-09-02","0.78","9196330","9196330","12850","713","12850","713"
"2026-09-01","-1.89","16918800","16918800","12750","1309","12750","1309"
"2026-08-31","-0.04","76566215","76566215","12995","6285","12995","6285"
"2026-08-28","2.36","5494975","5494975","13000","426","13000","426"
"2026-08-27","1.68","9228370","9228370","12700","720","12700","720"
"2026-08-26","4.08","21775205","21775205","12490","1763","12490","1763"
"2026-08-24","-1.19","27633895","27633895","12000","2285","12000","2285"
"2026-08-21","0.45","11643150","11643150","12145","965","12145","965"
"2026-08-20","-0.45","40990875","40990875","12090","3424","12090","3424"
"2026-08-19","1.46","24573980","24573980","12145","2046","12145","2046"
"2026-08-18","0.63","19069220","19069220","11970","1599","11970","1599"
"2026-08-17","2.45","7726190","7726190","11895","664","11895","664"
"2026-08-14","0","11762640","11762640","11610","1013","11610","1013"
"2026-08-13","0.04","25214365","25214365","11610","2186","11610","2186"
"2026-08-12","-0.39","13297345","13297345","11605","1143","11605","1143"
"2026-08-11","-2.02","16918905","16918905","11650","1444","11650","1444"
"2026-08-10","-0.08","21749150","21749150","11890","1883","11890","1883"
"2026-08-06","4.39","5634750","5634750","11900","478","11900","478"
"2026-08-05","-4.2","5708735","5708735","11400","487","11400","487"
"2026-08-04","0","29926495","29926495","11900","2599","11900","2599"
"2026-08-03","0","7958140","7958140","11900","669","11900","669"
"2026-07-31","2.15","3601685","3601685","11900","305","11900","305"
"2026-07-30","-1.27","11405600","11405600","11650","973","11650","973"
"2026-07-29","-1.09","8850250","8850250","11800","747","11800","747"
"2026-07-28","-0.08","4920450","4920450","11930","418","11930","418"
"2026-07-27","0.97","2702290","2702290","11940","226","11940","226"
"2026-07-24","-0.63","13481040","13481040","11825","1139","11825","1139"
"2026-07-23","0","6666380","6666380","11900","561","11900","561"
"2026-07-22","-0.58","8097995","8097995","11900","684","11900","684"
"2026-07-21","0.59","22868395","22868395","11970","1949","11970","1949"
"2026-07-20","5.31","18972960","18972960","11900","1672","11900","1672"
"2026-07-17","0.36","8405140","8405140","11300","744","11300","744"
"2026-07-16","-0.13","9579770","9579770","11260","850","11260","850"
"2026-07-15","-0.22","6576600","6576600","11275","583","11275","583"
"2026-07-14","-0.35","50020590","50020590","11300","4501","11300","4501"
"2026-07-13","-6.4","4274965","4274965","11340","364","11340","364"
"2026-07-10","0.96","14728385","14728385","12115","1262","12115","1262"
"2026-07-09","0","76717135","76717135","12000","6443","12000","6443"
"2026-07-08","-0.33","33586655","33586655","12000","2961","12000","2961"
"2026-07-07","0","5658105","5658105","12040","470","12040","470"
"2026-07-06","-0.04","8354215","8354215","12040","696","12040","696"
"2026-07-03","0","5757875","5757875","12045","479","12045","479"
"2026-07-02","-0.45","7678700","7678700","12045","643","12045","643"
"2026-07-01","0.83","19137260","19137260","12100","1667","12100","1667"
"2026-06-30","0","8970725","8970725","12000","760","12000","760"
"2026-06-29","0.84","71736660","71736660","12000","6430","12000","6430"
"2026-06-26","-0.83","10097100","10097100","11900","843","11900","843"
"2026-06-25","-0.99","4402205","4402205","12000","365","12000","365"
"2026-06-24","0","7134800","7134800","12120","588","12120","588"
"2026-06-23","1.42","30528205","30528205","12120","2697","12120","2697"
"2026-06-22","-0.33","7787750","7787750","11950","652","11950","652"
"2026-06-19","0","6564630","6564630","11990","582","11990","582"
"2026-06-18","0.76","8925105","8925105","11990","758","11990","758"
"2026-06-17","-0.87","11035710","11035710","11900","922","11900","922"
"2026-06-16","-0.37","18743735","18743735","12005","1559","12005","1559"
"2026-06-15","-1.19","2343770","2343770","12050","194","12050","194"
"2026-06-12","0.79","4823680","4823680","12195","398","12195","398"
"2026-06-11","1.26","6258980","6258980","12100","522","12100","522"
"2026-06-10","-0.42","4521820","4521820","11950","377","11950","377"
"2026-06-09","2.56","14353985","14353985","12000","1204","12000","1204"
"2026-06-08","5.41","10864000","10864000","11700","961","11700","961"
"2026-06-05","0.45","6952400","6952400","11100","628","11100","628"
"2026-06-04","0.45","9907825","9907825","11050","897","11050","897"
"2026-06-03","0","6310600","6310600","11000","572","11000","572"
"2026-06-02","-0.23","15973635","15973635","11000","1450","11000","1450"
"2026-06-01","0","4189600","4189600","11025","380","11025","380"
"2026-05-29","-0.23","6317220","6317220","11025","575","11025","575"
"2026-05-28","-0.5","8061570","8061570","11050","741","11050","741"
"2026-05-26","0.09","4068110","4068110","11105","367","11105","367"
"2026-05-22","-0.05","7241500","7241500","11095","654","11095","654"
"2026-05-21","-0.89","9299510","9299510","11100","838","11100","838"
"2026-05-20","1.82","16875720","16875720","11200","1510","11200","1510"
"2026-05-19","3.38","9562335","9562335","11000","863","11000","863"
"2026-05-18","7.47","4621395","4621395","10640","454","10640","454"
"2026-05-15","4.16","7630045","7630045","9900","770","9900","770"
"2026-05-13","1.17","8042660","8042660","9505","821","9505","821"
"2026-05-12","3.3","12951190","12951190","9395","1414","9395","1414"
"2026-05-11","0","4793670","4793670","9095","527","9095","527"
"2026-05-08","2.19","5206065","5206065","9095","582","9095","582"
"2026-05-07","-1.11","10035750","10035750","8900","1124","8900","1124"
"2026-05-06","-0.99","9818475","9818475","9000","1087","9000","1087"
"2026-05-05","-3.3","10291515","10291515","9090","1131","9090","1131"
"2026-05-04","4.5","23419855","23419855","9400","2465","9400","2465"
"2026-04-30","7.47","3268715","3268715","8995","364","8995","364"
"2026-04-29","7.45","5944535","5944535","8370","713","8370","713"
"2026-04-28","7.45","5881180","5881180","7790","755","7790","755"
"2026-04-27","0.69","972570","972570","7250","135","7250","135"
"2026-04-24","-1.37","884960","884960","7200","122","7200","122"
"2026-04-23","-1.35","1195050","1195050","7300","163","7300","163"
"2026-04-22","-1.14","1217410","1217410","7400","163","7400","163"
"2026-04-21","3.96","2021435","2021435","7485","288","7485","288"
"2026-04-20","0.84","3662590","3662590","7200","506","7200","506"
"2026-04-17","0","998490","998490","7140","139","7140","139"
"2026-04-16","-0.14","2744120","2744120","7140","402","7140","402"
"2026-04-15","0","4800490","4800490","7150","716","7150","716"
"2026-04-14","0","2911700","2911700","7150","414","7150","414"
"2026-04-13","-1.38","2250095","2250095","7150","318","7150","318"
"2026-04-10","0.69","1251290","1251290","7250","173","7250","173"
"2026-04-09","-1.37","3219000","3219000","7200","442","7200","442"
"2026-04-08","-2.67","2078690","2078690","7300","283","7300","283"
"2026-04-07","1.35","3699300","3699300","7500","502","7500","502"
"2026-04-03","0","1102600","1102600","7400","149","7400","149"
"2026-04-02","0","1427750","1427750","7400","195","7400","195"
"2026-04-01","-1.33","1483550","1483550","7400","199","7400","199"
"2026-03-31","1.35","40639685","40639685","7500","5328","7500","5328"
"2026-03-30","0.68","6453290","6453290","7400","863","7400","863"
"2026-03-27","0.68","1666330","1666330","7350","228","7350","228"
"2026-03-26","-2.67","5041025","5041025","7300","690","7300","690"
"2026-03-25","0","3711415","3711415","7500","496","7500","496"
"2026-03-24","-2.6","1439725","1439725","7500","192","7500","192"
"2026-03-23","0","3178705","3178705","7700","425","7700","425"
"2026-03-19","-1.16","2343910","2343910","7700","313","7700","313"
"2026-03-18","-0.13","1160760","1160760","7790","149","7790","149"
"2026-03-17","0.84","33913200","33913200","7800","4378","7800","4378"
"2026-03-13","-0.83","5929545","5929545","7735","763","7735","763"
"2026-03-12","-0.57","49063630","49063630","7800","6292","7800","6292"
"2026-03-11","1.1","4241860","4241860","7845","558","7845","558"
"2026-03-10","0.13","10253230","10253230","7760","1325","7760","1325"
"2026-03-09","0.06","4649005","4649005","7750","596","7750","596"
"2026-03-06","-0.06","24857430","24857430","7745","3215","7745","3215"
"2026-03-05","-4.44","7911055","7911055","7750","1023","7750","1023"
"2026-03-04","0","106817520","106817520","8110","13201","8110","13201"
"2026-03-03","7.42","6083215","6083215","8110","790","8110","790"
"2026-03-02","-1.76","4671870","4671870","7550","625","7550","625"
"2026-02-27","7.48","24559980","24559980","7685","3313","7685","3313"
"2026-02-26","6.72","11958900","11958900","7150","1749","7150","1749"
"2026-02-25","4.61","55793690","55793690","6700","8651","6700","8651"
"2026-02-24","6.66","3123910","3123910","6405","488","6405","488"
"2026-02-23","-6.9","29784635","29784635","6005","4611","6005","4611"
"2026-02-20","2.46","29422920","29422920","6450","4723","6450","4723"
"2026-02-19","-0.08","3544345","3544345","6295","582","6295","582"
"2026-02-18","0.16","4268590","4268590","6300","678","6300","678"
"2026-02-17","-0.16","2436750","2436750","6290","403","6290","403"
"2026-02-16","-1.56","3939260","3939260","6300","644","6300","644"
"2026-02-13","1.59","1439135","1439135","6400","227","6400","227"
"2026-02-12","-1.56","20344145","20344145","6300","3211","6300","3211"
"2026-02-11","-0.16","8037790","8037790","6400","1255","6400","1255"
"2026-02-10","0.23","20758135","20758135","6410","3243","6410","3243"
"2026-02-09","7.48","15269495","15269495","6395","2401","6395","2401"
"2026-02-06","-6.89","51033925","51033925","5950","8368","5950","8368"
"2026-02-05","7.39","2224010","2224010","6390","350","6390","350"
"2026-02-04","-4.8","10675730","10675730","5950","1774","5950","1774"
"2026-02-03","0.73","5163685","5163685","6250","826","6250","826"
"2026-02-02","0.08","2315325","2315325","6205","370","6205","370"
"2026-01-30","0.81","2213265","2213265","6200","358","6200","358"
"2026-01-29","0.49","2735290","2735290","6150","445","6150","445"
"2026-01-28","0","3544740","3544740","6120","579","6120","579"
"2026-01-27","1.83","3582840","3582840","6120","591","6120","591"
"2026-01-26","-0.08","5787830","5787830","6010","963","6010","963"
"2026-01-23","0.17","1134705","1134705","6015","188","6015","188"
"2026-01-22","1.78","2457335","2457335","6005","410","6005","410"
"2026-01-21","0","1345200","1345200","5900","228","5900","228"
"2026-01-20","1.64","1062200","1062200","5900","179","5900","179"
"2026-01-19","0.09","2528740","2528740","5805","436","5805","436"
"2026-01-16","0","10582355","10582355","5800","1825","5800","1825"
"2026-01-15","0","12459495","12459495","5800","2154","5800","2154"
"2026-01-14","0","9604110","9604110","5800","1657","5800","1657"
"2026-01-13","0.09","1995100","1995100","5800","344","5800","344"
"2026-01-12","0","1807850","1807850","5795","312","5795","312"
"2026-01-09","-0.09","1394615","1394615","5795","242","5795","242"
"2026-01-08","0","464000","464000","5800","80","5800","80"
"2026-01-07","0","4117435","4117435","5800","714","5800","714"
"2026-01-06","0.78","5656845","5656845","5800","980","5800","980"
"2026-01-05","-0.78","2208575","2208575","5755","382","5755","382"
"2026-01-02","0","2209800","2209800","5800","381","5800","381"
"2025-12-31","0","5735700","5735700","5800","989","5800","989"
"2025-12-30","0","2656360","2656360","5800","458","5800","458"
"2025-12-29","0","1775215","1775215","5800","307","5800","307"
"2025-12-26","0.87","4083100","4083100","5800","704","5800","704"
"2025-12-24","-0.86","2185350","2185350","5750","377","5750","377"
"2025-12-23","0","4413795","4413795","5800","761","5800","761"
"2025-12-22","-4.92","3280265","3280265","5800","561","5800","561"
"2025-12-19","0.91","2276800","2276800","6100","375","6100","375"
"2025-12-18","-0.08","2633190","2633190","6045","464","6045","464"
"2025-12-17","-0.98","912065","912065","6050","150","6050","150"
"2025-12-16","0","1776025","1776025","6110","291","6110","291"
"2025-12-15","0","4929490","4929490","6110","808","6110","808"
"2025-12-12","0.16","1098215","1098215","6110","180","6110","180"
"2025-12-11","0","1446300","1446300","6100","237","6100","237"
"2025-12-10","0","9369600","9369600","6100","1536","6100","1536"
"2025-12-09","0","1128500","1128500","6100","185","6100","185"
"2025-12-08","0","3329610","3329610","6100","546","6100","546"
"2025-12-05","0","1853445","1853445","6100","304","6100","304"
"2025-12-04","0","10028000","10028000","6100","1645","6100","1645"
"2025-12-03","0","1501925","1501925","6100","247","6100","247"
"2025-12-02","0.08","2173725","2173725","6100","359","6100","359"
"2025-12-01","0","10185655","10185655","6095","1670","6095","1670"
"2025-11-28","-0.08","1730015","1730015","6095","287","6095","287"
"2025-11-27","-0.33","1773655","1773655","6100","292","6100","292"
"2025-11-26","0.33","697750","697750","6120","115","6120","115"
"2025-11-25","0","21554600","21554600","6100","3591","6100","3591"
"2025-11-24","-0.08","8759710","8759710","6100","1435","6100","1435"
"2025-11-21","1.75","20303490","20303490","6105","3326","6105","3326"
"2025-11-20","-1.64","1143520","1143520","6000","188","6000","188"
"2025-11-19","-0.49","5511940","5511940","6100","910","6100","910"
"2025-11-18","0","2141380","2141380","6130","352","6130","352"
"2025-11-17","0","1985845","1985845","6130","324","6130","324"
"2025-11-14","0","4516640","4516640","6130","751","6130","751"
"2025-11-13","0.49","415990","415990","6130","69","6130","69"
"2025-11-12","0","4198600","4198600","6100","690","6100","690"
"2025-11-11","1.67","1630000","1630000","6100","270","6100","270"
"2025-11-10","0","6776470","6776470","6000","1121","6000","1121"
"2025-11-07","0.93","3982070","3982070","6000","667","6000","667"
"2025-11-06","-0.08","2957755","2957755","5945","499","5945","499"
"2025-11-05","0.85","9414500","9414500","5950","1587","5950","1587"
"2025-11-04","-2.4","9023825","9023825","5900","1523","5900","1523"
"2025-11-03","-1.63","61435165","61435165","6045","10391","6045","10391"
"2025-10-31","0.74","2084540","2084540","6145","340","6145","340"
"2025-10-30","0","2017435","2017435","6100","329","6100","329"
"2025-10-29","-1.29","2292490","2292490","6100","372","6100","372"
"2025-10-28","0","3299220","3299220","6180","534","6180","534"
"2025-10-27","-0.24","2038665","2038665","6180","334","6180","334"
"2025-10-24","-0.8","3372760","3372760","6195","548","6195","548"
"2025-10-23","0.81","1087295","1087295","6245","175","6245","175"
"2025-10-22","0.73","7452380","7452380","6195","1224","6195","1224"
"2025-10-21","2.16","7779310","7779310","6150","1277","6150","1277"
"2025-10-20","-0.91","4275445","4275445","6020","707","6020","707"
"2025-10-17","0.41","10850330","10850330","6075","1800","6075","1800"
"2025-10-16","-0.58","1501700","1501700","6050","249","6050","249"
"2025-10-15","1.16","3193005","3193005","6085","527","6085","527"
"2025-10-14","-0.25","21731120","21731120","6015","3597","6015","3597"
"2025-10-13","-0.08","2820045","2820045","6030","468","6030","468"
"2025-10-10","0.75","10947085","10947085","6035","1830","6035","1830"
"2025-10-09","1.61","13361920","13361920","5990","2257","5990","2257"
"2025-10-08","0.08","2019800","2019800","5895","343","5895","343"
"2025-10-07","0.51","3825390","3825390","5890","652","5890","652"
"2025-10-06","0.09","11693635","11693635","5860","1996","5860","1996"
"2025-10-03","0.09","3162605","3162605","5855","540","5855","540"
"2025-10-02","0.34","4863615","4863615","5850","834","5850","834"
"2025-10-01","-0.34","917640","917640","5830","156","5830","156"
"2025-09-30","-0.85","14953790","14953790","5850","2601","5850","2601"
"2025-09-29","-1.67","1229330","1229330","5900","207","5900","207"
"2025-09-26","-1.64","2913195","2913195","6000","508","6000","508"
"2025-09-25","-1.45","4195670","4195670","6100","684","6100","684"
"2025-09-24","-0.24","2197550","2197550","6190","355","6190","355"
"2025-09-23","-0.4","2059925","2059925","6205","335","6205","335"
"2025-09-22","-0.24","7184275","7184275","6230","1221","6230","1221"
"2025-09-19","0.64","22131310","22131310","6245","3682","6245","3682"
"2025-09-18","-0.72","1548145","1548145","6205","248","6205","248"
"2025-09-17","0.24","2353510","2353510","6250","377","6250","377"
"2025-09-16","-0.24","3336840","3336840","6235","536","6235","536"
"2025-09-15","0","4789680","4789680","6250","768","6250","768"
"2025-09-12","0.73","2769515","2769515","6250","444","6250","444"
"2025-09-11","-0.48","26251125","26251125","6205","4207","6205","4207"
"2025-09-10","0.56","4693890","4693890","6235","755","6235","755"
"2025-09-09","-0.4","5530300","5530300","6200","895","6200","895"
"2025-09-08","0.24","34423500","34423500","6225","5624","6225","5624"
"2025-09-05","0","5594875","5594875","6210","903","6210","903"
"2025-09-03","0.4","8734615","8734615","6210","1409","6210","1409"
"2025-09-02","-0.08","2252370","2252370","6185","364","6185","364"
"2025-09-01","1.48","3590740","3590740","6190","584","6190","584"
"2025-08-29","1.24","1402650","1402650","6100","229","6100","229"
"2025-08-28","-2.35","5574365","5574365","6025","912","6025","912"
"2025-08-27","1.15","4983420","4983420","6170","816","6170","816"
"2025-08-26","0.16","5944025","5944025","6100","983","6100","983"
"2025-08-25","1.5","4503675","4503675","6090","750","6090","750"
"2025-08-22","0","9622790","9622790","6000","1594","6000","1594"
"2025-08-21","0","1960400","1960400","6000","327","6000","327"
"2025-08-20","0","2069625","2069625","6000","345","6000","345"
"2025-08-19","0","2615560","2615560","6000","437","6000","437"
"2025-08-18","1.69","3311785","3311785","6000","558","6000","558"
"2025-08-14","-1.67","1578580","1578580","5900","267","5900","267"
"2025-08-13","0","2531000","2531000","6000","422","6000","422"
"2025-08-12","0.42","3028620","3028620","6000","507","6000","507"
"2025-08-11","-0.42","3525705","3525705","5975","592","5975","592"
"2025-08-08","-1.64","10491065","10491065","6000","1772","6000","1772"
"2025-08-06","1.67","3031680","3031680","6100","504","6100","504"
"2025-08-05","1.95","7089200","7089200","6000","1190","6000","1190"
"2025-08-04","-1.92","8356235","8356235","5885","1404","5885","1404"
"2025-08-01","1.69","1552240","1552240","6000","260","6000","260"
"2025-07-31","-1.58","1966385","1966385","5900","328","5900","328"
"2025-07-30","0","538800","538800","5995","90","5995","90"
"2025-07-29","-0.08","1198745","1198745","5995","200","5995","200"
"2025-07-28","0","5707560","5707560","6000","963","6000","963"
"2025-07-25","-0.83","3144055","3144055","6000","523","6000","523"
"2025-07-24","0","2257990","2257990","6050","375","6050","375"
"2025-07-23","0.08","2507920","2507920","6050","415","6050","415"
"2025-07-22","-0.08","695725","695725","6045","115","6045","115"
"2025-07-21","-0.17","1208720","1208720","6050","199","6050","199"
"2025-07-18","7.26","1850780","1850780","6060","311","6060","311"
"2025-07-17","-6.61","35656675","35656675","5650","6311","5650","6311"
"2025-07-16","2.37","3432685","3432685","6050","574","6050","574"
"2025-07-15","0","1534550","1534550","5910","258","5910","258"
"2025-07-14","-2.31","1709410","1709410","5910","286","5910","286"
"2025-07-11","0.83","3689110","3689110","6050","613","6050","613"
"2025-07-10","3.36","1679115","1679115","6000","287","6000","287"
"2025-07-09","-4.05","1483740","1483740","5805","255","5805","255"
"2025-07-08","-0.82","1355525","1355525","6050","223","6050","223"
"2025-07-07","1.67","4129760","4129760","6100","693","6100","693"
"2025-07-04","-1.07","899405","899405","6000","149","6000","149"
"2025-07-03","0.25","3790125","3790125","6065","662","6065","662"
"2025-07-02","-0.82","388700","388700","6050","64","6050","64"
"2025-07-01","1.67","1723000","1723000","6100","287","6100","287"
"2025-06-30","0","8152565","8152565","6000","1368","6000","1368"
"2025-06-27","-1.64","6370740","6370740","6000","1062","6000","1062"
"2025-06-26","2.43","1803535","1803535","6100","296","6100","296"
"2025-06-25","-5.4","1885560","1885560","5955","307","5955","307"
"2025-06-24","-0.08","755750","755750","6295","120","6295","120"
"2025-06-23","0.16","3280700","3280700","6300","521","6300","521"
"2025-06-20","0","596690","596690","6290","95","6290","95"
"2025-06-19","-0.16","1581380","1581380","6290","257","6290","257"
"2025-06-18","0","1217310","1217310","6300","195","6300","195"
"2025-06-17","0","12793170","12793170","6300","2029","6300","2029"
"2025-06-16","-1.41","3483400","3483400","6300","549","6300","549"
"2025-06-13","-0.08","5993485","5993485","6390","943","6390","943"
"2025-06-12","0","4260495","4260495","6395","670","6395","670"
"2025-06-11","0","5929805","5929805","6395","933","6395","933"
"2025-06-10","0.71","4896000","4896000","6395","771","6395","771"
"2025-06-05","0.08","895350","895350","6350","141","6350","141"
"2025-06-04","-0.08","21283930","21283930","6345","3583","6345","3583"
"2025-06-03","0.79","4873530","4873530","6350","774","6350","774"
"2025-06-02","-0.79","3310860","3310860","6300","528","6300","528"
"2025-05-30","0.79","1794100","1794100","6350","284","6350","284"
"2025-05-28","-1.56","988575","988575","6300","156","6300","156"
"2025-05-27","0","2025690","2025690","6400","328","6400","328"
"2025-05-26","0","3313870","3313870","6400","549","6400","549"
"2025-05-23","1.59","20473820","20473820","6400","3253","6400","3253"
"2025-05-22","0.8","2328955","2328955","6300","373","6300","373"
"2025-05-21","6.56","1786470","1786470","6250","292","6250","292"
"2025-05-20","-5.4","3463895","3463895","5865","570","5865","570"
"2025-05-19","0","960000","960000","6200","155","6200","155"
"2025-05-16","1.14","9819970","9819970","6200","1602","6200","1602"
"2025-05-15","0","734250","734250","6130","120","6130","120"
"2025-05-14","0","2380350","2380350","6130","389","6130","389"
"2025-05-13","0.49","8433965","8433965","6130","1399","6130","1399"
"2025-05-12","0.16","5643660","5643660","6100","927","6100","927"
"2025-05-09","0.66","4183640","4183640","6090","687","6090","687"
"2025-05-08","-1.31","51059555","51059555","6050","8588","6050","8588"
"2025-05-07","0.49","10312400","10312400","6130","1695","6130","1695"
"2025-05-06","1.67","3393975","3393975","6100","565","6100","565"
"2025-05-05","-4.31","3574260","3574260","6000","599","6000","599"
"2025-05-02","-2.03","54617185","54617185","6270","9129","6270","9129"
"2025-04-30","0.08","7757170","7757170","6400","1227","6400","1227"
"2025-04-29","0","1442295","1442295","6395","226","6395","226"
"2025-04-28","1.67","1196000","1196000","6395","187","6395","187"
"2025-04-25","0.24","6583645","6583645","6290","1046","6290","1046"
"2025-04-24","1.21","3168915","3168915","6275","509","6275","509"
"2025-04-23","-0.16","1110440","1110440","6200","179","6200","179"
"2025-04-22","-0.64","20606625","20606625","6210","3433","6210","3433"
"2025-04-18","0.81","1296550","1296550","6250","209","6250","209"
"2025-04-17","3.33","2744250","2744250","6200","437","6200","437"
"2025-04-16","-4.76","6182400","6182400","6000","1008","6000","1008"
"2025-04-15","1.61","2780860","2780860","6300","447","6300","447"
"2025-04-14","-1.59","3101330","3101330","6200","507","6200","507"
"2025-04-11","0","2654850","2654850","6300","422","6300","422"
"2025-04-10","-0.32","2384100","2384100","6300","388","6300","388"
"2025-04-09","-2.47","5281975","5281975","6320","833","6320","833"
"2025-04-08","-0.23","1963215","1963215","6480","305","6480","305"
"2025-04-07","1.48","1580535","1580535","6495","244","6495","244"
"2025-04-04","-0.78","3968310","3968310","6400","610","6400","610"
"2025-04-03","-1.83","10935515","10935515","6450","1677","6450","1677"
"2025-04-02","-0.45","4132065","4132065","6570","628","6570","628"
"2025-04-01","0.3","11177830","11177830","6600","1698","6600","1698"
"2025-03-28","0.53","5930510","5930510","6580","904","6580","904"
"2025-03-26","-0.08","1295190","1295190","6545","198","6545","198"
"2025-03-25","0","14582720","14582720","6550","2241","6550","2241"
"2025-03-24","1.55","2880700","2880700","6550","443","6550","443"
"2025-03-21","-0.77","8518000","8518000","6450","1329","6450","1329"
"2025-03-20","0","5253030","5253030","6500","804","6500","804"
"2025-03-19","-1.52","13580550","13580550","6500","2091","6500","2091"
"2025-03-18","0","5780210","5780210","6600","882","6600","882"
"2025-03-17","0.3","11578640","11578640","6600","1779","6600","1779"
"2025-03-14","-0.08","72602595","72602595","6580","11033","6580","11033"
"2025-03-13","-0.08","1462725","1462725","6585","222","6585","222"
"2025-03-12","1.38","3238230","3238230","6590","497","6590","497"
"2025-03-11","0.78","4505400","4505400","6500","693","6500","693"
"2025-03-10","0.78","6384720","6384720","6450","985","6450","985"
"2025-03-07","-0.7","36823220","36823220","6400","5696","6400","5696"
"2025-03-06","0.7","10532195","10532195","6445","1645","6445","1645"
"2025-03-05","3.06","1911245","1911245","6400","297","6400","297"
"2025-03-04","0.24","3796725","3796725","6210","612","6210","612"
"2025-03-03","3.08","3278700","3278700","6195","542","6195","542"
"2025-02-28","-1.48","20746530","20746530","6010","3447","6010","3447"
"2025-02-27","1.33","1293200","1293200","6100","212","6100","212"
"2025-02-26","-1.15","7458330","7458330","6020","1234","6020","1234"
"2025-02-25","-0.16","5129210","5129210","6090","841","6090","841"
"2025-02-24","0","4621150","4621150","6100","759","6100","759"
"2025-02-21","0","1919055","1919055","6100","316","6100","316"
"2025-02-20","1.75","10731255","10731255","6100","1787","6100","1787"
"2025-02-19","0","7232620","7232620","5995","1206","5995","1206"
"2025-02-18","0","1492755","1492755","5995","249","5995","249"
"2025-02-17","0.42","8266865","8266865","5995","1382","5995","1382"
"2025-02-14","0.34","3247885","3247885","5970","545","5970","545"
"2025-02-13","0.08","3841455","3841455","5950","647","5950","647"
"2025-02-12","-0.08","755015","755015","5945","127","5945","127"
"2025-02-11","-0.58","3708950","3708950","5950","624","5950","624"
"2025-02-10","-0.17","1868940","1868940","5985","313","5985","313"
"2025-02-07","0.08","1067110","1067110","5995","178","5995","178"
"2025-02-06","0","3416005","3416005","5990","574","5990","574"
"2025-02-05","0.08","5359925","5359925","5990","895","5990","895"
"2025-02-04","0.59","30400795","30400795","5985","5232","5985","5232"
"2025-02-03","2.59","54859080","54859080","5950","9300","5950","9300"
"2025-01-31","-1.69","6237680","6237680","5800","1068","5800","1068"
"2025-01-30","3.51","16056315","16056315","5900","2735","5900","2735"
"2025-01-29","-1.72","5487390","5487390","5700","967","5700","967"
"2025-01-28","3.57","2174660","2174660","5800","377","5800","377"
"2025-01-27","0","20439250","20439250","5600","3589","5600","3589"
"2025-01-24","1.08","1936840","1936840","5600","347","5600","347"
"2025-01-23","-0.18","4593030","4593030","5540","827","5540","827"
"2025-01-22","0","2750000","2750000","5550","494","5550","494"
"2025-01-21","-0.54","4477010","4477010","5550","805","5550","805"
"2025-01-20","0.54","1681860","1681860","5580","302","5580","302"
"2025-01-17","0","4986935","4986935","5550","903","5550","903"
"2025-01-16","-0.8","2757805","2757805","5550","497","5550","497"
"2025-01-15","0","6892605","6892605","5595","1234","5595","1234"
"2025-01-14","-0.62","2645025","2645025","5595","472","5595","472"
"2025-01-13","-1.05","3955430","3955430","5630","701","5630","701"
"2025-01-10","0.71","2502305","2502305","5690","446","5690","446"
"2025-01-09","1.8","5143705","5143705","5650","910","5650","910"
"2025-01-08","-2.63","8737265","8737265","5550","1540","5550","1540"
"2025-01-07","0","3987160","3987160","5700","702","5700","702"
"2025-01-06","0.88","1755500","1755500","5700","310","5700","310"
"2025-01-03","-0.7","5698515","5698515","5650","1007","5650","1007"
"2025-01-02","0.09","1058340","1058340","5690","186","5690","186"
"2024-12-31","-0.09","1779660","1779660","5685","313","5685","313"
"2024-12-30","0","904085","904085","5690","159","5690","159"
"2024-12-27","0","5394120","5394120","5690","948","5690","948"
"2024-12-26","0.26","2786515","2786515","5690","491","5690","491"
"2024-12-24","-0.09","2023850","2023850","5675","358","5675","358"
"2024-12-23","-0.09","3310480","3310480","5680","591","5680","591"
"2024-12-20","-0.09","4170260","4170260","5685","733","5685","733"
"2024-12-19","-0.09","2610845","2610845","5690","460","5690","460"
"2024-12-18","-1.21","4080790","4080790","5695","719","5695","719"
"2024-12-17","-0.09","2688665","2688665","5765","478","5765","478"
"2024-12-16","-0.09","5831800","5831800","5770","1015","5770","1015"
"2024-12-13","0","753595","753595","5775","131","5775","131"
"2024-12-12","3.22","11621130","11621130","5775","2012","5775","2012"
"2024-12-11","-3.2","4042920","4042920","5595","705","5595","705"
"2024-12-10","-0.52","4186660","4186660","5780","729","5780","729"
"2024-12-09","3.75","69674145","69674145","5810","12649","5810","12649"
"2024-12-06","-1.67","4002415","4002415","5600","706","5600","706"
"2024-12-05","0","2663440","2663440","5695","475","5695","475"
"2024-12-04","-0.09","1777545","1777545","5695","314","5695","314"
"2024-12-03","-3.23","6559345","6559345","5700","1174","5700","1174"
"2024-12-02","7.09","14706615","14706615","5890","2664","5890","2664"
"2024-11-29","0.92","5783410","5783410","5500","1058","5500","1058"
"2024-11-28","-0.91","26724290","26724290","5450","4927","5450","4927"
"2024-11-27","0.92","3551950","3551950","5500","651","5500","651"
"2024-11-26","0","6663420","6663420","5450","1231","5450","1231"
"2024-11-25","0.93","6528075","6528075","5450","1206","5450","1206"
"2024-11-22","0.93","1944060","1944060","5400","360","5400","360"
"2024-11-21","-0.93","1923550","1923550","5350","357","5350","357"
"2024-11-20","0","3382430","3382430","5400","626","5400","626"
"2024-11-19","-0.92","5552085","5552085","5400","1021","5400","1021"
"2024-11-18","0","3464675","3464675","5450","637","5450","637"
"2024-11-14","2.54","657780","657780","5450","122","5450","122"
"2024-11-13","-2.48","5590895","5590895","5315","1034","5315","1034"
"2024-11-12","2.83","972950","972950","5450","179","5450","179"
"2024-11-11","-0.93","26203440","26203440","5300","4937","5300","4937"
"2024-11-08","0","5712355","5712355","5350","1112","5350","1112"
"2024-11-07","0","2238310","2238310","5350","419","5350","419"
"2024-11-06","6.15","1699495","1699495","5350","329","5350","329"
"2024-11-05","-7.44","77513385","77513385","5040","14170","5040","14170"
"2024-11-04","-1","4252910","4252910","5445","775","5445","775"
"2024-10-31","0","1430000","1430000","5500","260","5500","260"
"2024-10-30","1.01","4274245","4274245","5500","784","5500","784"
"2024-10-29","0.74","4481255","4481255","5445","827","5445","827"
"2024-10-28","-0.18","5810130","5810130","5405","1075","5405","1075"
"2024-10-25","-0.09","2249175","2249175","5415","415","5415","415"
"2024-10-24","0","4342620","4342620","5420","802","5420","802"
"2024-10-23","0.37","3265220","3265220","5420","604","5420","604"
"2024-10-22","-0.46","2767755","2767755","5400","512","5400","512"
"2024-10-21","0","2415625","2415625","5425","445","5425","445"
"2024-10-18","0.09","203446830","203446830","5425","38242","5425","38242"
"2024-10-17","0.37","299697615","299697615","5420","56540","5420","56540"
"2024-10-16","0","14596005","14596005","5400","2748","5400","2748"
"2024-10-15","-0.46","1528200","1528200","5400","283","5400","283"
"2024-10-14","0.46","10944930","10944930","5425","2026","5425","2026"
"2024-10-11","0.09","9243965","9243965","5400","1721","5400","1721"
"2024-10-10","-1.82","3205060","3205060","5395","592","5395","592"
"2024-10-09","1.76","8435500","8435500","5495","1557","5495","1557"
"2024-10-08","0","4342360","4342360","5400","821","5400","821"
"2024-10-07","-3.31","5936910","5936910","5400","1093","5400","1093"
"2024-10-04","-0.09","5200000","5200000","5585","941","5585","941"
"2024-10-03","1.64","1758200","1758200","5590","320","5590","320"
"2024-10-02","0","9275580","9275580","5500","1685","5500","1685"
"2024-10-01","-3.85","3817980","3817980","5500","686","5500","686"
"2024-09-30","-0.52","19555720","19555720","5720","3586","5720","3586"
"2024-09-27","4.55","12652605","12652605","5750","2241","5750","2241"
"2024-09-26","-1.79","24969440","24969440","5500","4546","5500","4546"
"2024-09-25","-2.61","2658530","2658530","5600","482","5600","482"
"2024-09-24","-1.46","68551170","68551170","5750","11921","5750","11921"
"2024-09-23","-1.93","4754290","4754290","5835","824","5835","824"
"2024-09-20","0","3260470","3260470","5950","549","5950","549"
"2024-09-19","0","6623075","6623075","5950","1114","5950","1114"
"2024-09-18","-0.83","11601775","11601775","5950","1949","5950","1949"
"2024-09-17","0","2990980","2990980","6000","499","6000","499"
"2024-09-16","0.42","13188065","13188065","6000","2366","6000","2366"
"2024-09-13","0.42","2124775","2124775","5975","355","5975","355"
"2024-09-12","-0.83","3089100","3089100","5950","516","5950","516"
"2024-09-11","0","6896680","6896680","6000","1155","6000","1155"
"2024-09-10","0.84","8094720","8094720","6000","1351","6000","1351"
"2024-09-09","-0.25","5100195","5100195","5950","856","5950","856"
"2024-09-06","0.25","22358725","22358725","5965","3825","5965","3825"
"2024-09-05","-0.34","2378815","2378815","5950","399","5950","399"
"2024-09-04","0.08","32616345","32616345","5970","5530","5970","5530"
"2024-09-03","0","6252185","6252185","5965","1060","5965","1060"
"2024-09-02","-0.08","6987975","6987975","5965","1188","5965","1188"
"2024-08-30","0","7422695","7422695","5970","1255","5970","1255"
"2024-08-29","-0.25","4289190","4289190","5970","738","5970","738"
"2024-08-28","-0.25","9311765","9311765","5985","1559","5985","1559"
"2024-08-27","7.14","2833500","2833500","6000","492","6000","492"
"2024-08-26","0","8156905","8156905","5600","1464","5600","1464"
"2024-08-23","0.09","11035560","11035560","5600","1977","5600","1977"
"2024-08-22","0.09","6385905","6385905","5595","1142","5595","1142"
"2024-08-21","-0.18","7317410","7317410","5590","1308","5590","1308"
"2024-08-20","0.09","10852260","10852260","5600","1939","5600","1939"
"2024-08-19","1.27","7920160","7920160","5595","1428","5595","1428"
"2024-08-16","0","8274015","8274015","5525","1499","5525","1499"
"2024-08-14","0.45","8649735","8649735","5525","1572","5525","1572"
"2024-08-13","0.82","9366500","9366500","5500","1703","5500","1703"
"2024-08-12","-0.82","9240520","9240520","5455","1703","5455","1703"
"2024-08-09","-0.36","7112070","7112070","5500","1293","5500","1293"
"2024-08-08","2.22","15501985","15501985","5520","2874","5520","2874"
"2024-08-06","-2.7","9457260","9457260","5400","1747","5400","1747"
"2024-08-05","2.78","17870170","17870170","5550","3297","5550","3297"
"2024-08-02","3.85","14526000","14526000","5400","2690","5400","2690"
"2024-08-01","-3.7","44457410","44457410","5200","8778","5200","8778"
"2024-07-31","0","6537180","6537180","5400","1210","5400","1210"
"2024-07-30","0.09","5504670","5504670","5400","1022","5400","1022"
"2024-07-29","-0.09","3677300","3677300","5395","681","5395","681"
"2024-07-26","0","11442600","11442600","5400","2119","5400","2119"
"2024-07-25","-0.37","1833070","1833070","5400","339","5400","339"
"2024-07-24","0","3504085","3504085","5420","648","5420","648"
"2024-07-23","-0.09","6513505","6513505","5420","1210","5420","1210"
"2024-07-22","0","6878950","6878950","5425","1271","5425","1271"
"2024-07-19","0","2115700","2115700","5425","390","5425","390"
"2024-07-18","-0.09","2371955","2371955","5425","437","5425","437"
"2024-07-17","0.28","61978560","61978560","5430","11442","5430","11442"
"2024-07-16","0","7459485","7459485","5415","1377","5415","1377"
"2024-07-15","-0.18","20345520","20345520","5415","3803","5415","3803"
"2024-07-12","0","4467200","4467200","5425","829","5425","829"
"2024-07-11","0","9133945","9133945","5425","1708","5425","1708"
"2024-07-10","-0.09","265780","265780","5425","49","5425","49"
"2024-07-09","1.88","1297435","1297435","5430","239","5430","239"
"2024-07-08","1.52","6718205","6718205","5330","1258","5330","1258"
"2024-07-05","0","1773440","1773440","5250","337","5250","337"
"2024-07-04","-1.41","1568850","1568850","5250","295","5250","295"
"2024-07-03","0","43277370","43277370","5325","8535","5325","8535"
"2024-07-02","-0.09","824415","824415","5325","157","5325","157"
"2024-07-01","0.09","771565","771565","5330","145","5330","145"
"2024-06-28","-0.09","1246950","1246950","5325","234","5325","234"
"2024-06-27","-0.09","32492665","32492665","5330","6553","5330","6553"
"2024-06-26","0","1552320","1552320","5335","291","5335","291"
"2024-06-25","-0.09","7402705","7402705","5335","1427","5335","1427"
"2024-06-24","0","983875","983875","5340","186","5340","186"
"2024-06-21","1.91","5231810","5231810","5340","1002","5340","1002"
"2024-06-20","0.29","4719475","4719475","5240","902","5240","902"
"2024-06-19","-0.19","13363000","13363000","5225","2564","5225","2564"
"2024-06-18","0.67","6256935","6256935","5235","1211","5235","1211"
"2024-06-14","1.17","1231800","1231800","5200","237","5200","237"
"2024-06-13","-1.15","1001840","1001840","5140","193","5140","193"
"2024-06-12","0","726995","726995","5200","140","5200","140"
"2024-06-11","-0.95","1224640","1224640","5200","235","5200","235"
"2024-06-10","0.19","1436965","1436965","5250","287","5250","287"
"2024-06-07","-0.19","43553850","43553850","5240","8699","5240","8699"
"2024-06-06","0.19","3998560","3998560","5250","763","5250","763"
"2024-06-05","-0.19","29700610","29700610","5240","5924","5240","5924"
"2024-06-04","2.14","83621770","83621770","5250","16294","5250","16294"
"2024-06-03","0","2122145","2122145","5140","417","5140","417"
"2024-05-31","0.19","2451615","2451615","5140","484","5140","484"
"2024-05-30","0","3268710","3268710","5130","637","5130","637"
"2024-05-29","0","2882855","2882855","5130","563","5130","563"
"2024-05-28","0","3782485","3782485","5130","743","5130","743"
"2024-05-27","-0.29","2056015","2056015","5130","400","5130","400"
"2024-05-24","0","5206155","5206155","5145","1014","5145","1014"
"2024-05-23","0","670785","670785","5145","131","5145","131"
"2024-05-22","2.9","1776670","1776670","5145","349","5145","349"
"2024-05-21","-2.82","1438220","1438220","5000","287","5000","287"
"2024-05-17","4.15","12168005","12168005","5145","2354","5145","2354"
"2024-05-16","-0.2","851200","851200","4940","172","4940","172"
"2024-05-15","5.32","28902885","28902885","4950","6132","4950","6132"
"2024-05-14","-1.78","13276790","13276790","4700","2821","4700","2821"
"2024-05-13","-0.1","7095390","7095390","4785","1484","4785","1484"
"2024-05-10","-2.84","3665340","3665340","4790","761","4790","761"
"2024-05-08","-0.4","27011395","27011395","4930","5698","4930","5698"
"2024-05-07","-0.7","2111455","2111455","4950","427","4950","427"
"2024-05-06","-0.3","2208650","2208650","4985","453","4985","453"
"2024-05-03","6.5","12115200","12115200","5000","2471","5000","2471"
"2024-05-02","7.44","15455965","15455965","4695","3432","4695","3432"
"2024-04-30","-0.11","454960","454960","4370","104","4370","104"
"2024-04-29","0","1268625","1268625","4375","291","4375","291"
"2024-04-26","-0.11","1270175","1270175","4375","296","4375","296"
"2024-04-25","0","1625980","1625980","4380","383","4380","383"
"2024-04-24","-1.46","1613770","1613770","4380","370","4380","370"
"2024-04-23","1.25","3504380","3504380","4445","795","4445","795"
"2024-04-22","-0.23","90751310","90751310","4390","20672","4390","20672"
"2024-04-19","-1.01","110675","110675","4400","25","4400","25"
"2024-04-18","-0.11","2069015","2069015","4445","475","4445","475"
"2024-04-17","1.14","1199250","1199250","4450","272","4450","272"
"2024-04-16","-1.12","1440950","1440950","4400","328","4400","328"
"2024-04-15","0","18739850","18739850","4450","4258","4450","4258"
"2024-04-12","-0.67","334050","334050","4450","77","4450","77"
"2024-04-11","-0.33","503340","503340","4480","114","4480","114"
"2024-04-09","0","1245980","1245980","4495","278","4495","278"
"2024-04-08","6.9","10435945","10435945","4495","2323","4495","2323"
"2024-04-05","-5.51","846395","846395","4205","194","4205","194"
"2024-04-04","-0.89","2813820","2813820","4450","658","4450","658"
"2024-04-03","-0.11","773150","773150","4490","178","4490","178"
"2024-04-02","-0.11","2198640","2198640","4495","495","4495","495"
"2024-03-29","0","116970","116970","4500","26","4500","26"
"2024-03-28","0.11","755590","755590","4500","168","4500","168"
"2024-03-27","3.33","3115955","3115955","4495","706","4495","706"
"2024-03-26","0","2337755","2337755","4350","536","4350","536"
"2024-03-25","0","7319020","7319020","4350","1694","4350","1694"
"2024-03-22","-1.02","779685","779685","4350","179","4350","179"
"2024-03-21","0","578515","578515","4395","137","4395","137"
"2024-03-20","-0.11","1503340","1503340","4395","342","4395","342"
"2024-03-19","0","167160","167160","4400","38","4400","38"
"2024-03-18","0.23","15095890","15095890","4400","3509","4400","3509"
"2024-03-15","-0.11","215305","215305","4390","49","4390","49"
"2024-03-14","0","131850","131850","4395","30","4395","30"
"2024-03-13","-1.24","1139570","1139570","4395","266","4395","266"
"2024-03-12","-0.78","361530","361530","4450","81","4450","81"
"2024-03-11","4.42","3500365","3500365","4485","787","4485","787"
"2024-03-08","-0.12","1542290","1542290","4295","361","4295","361"
"2024-03-07","1.18","461500","461500","4300","108","4300","108"
"2024-03-06","-1.16","2610760","2610760","4250","611","4250","611"
"2024-03-05","-4.23","1249825","1249825","4300","288","4300","288"
"2024-03-04","0","376955","376955","4490","84","4490","84"
"2024-03-01","0","236440","236440","4490","53","4490","53"
"2024-02-29","-0.11","421190","421190","4490","95","4490","95"
"2024-02-28","0","3865890","3865890","4495","878","4495","878"
"2024-02-27","-0.11","1793780","1793780","4495","405","4495","405"
"2024-02-26","-2.17","913250","913250","4500","203","4500","203"
"2024-02-23","-0.76","297690","297690","4600","65","4600","65"
"2024-02-22","0","1853100","1853100","4635","400","4635","400"
"2024-02-21","1.87","5853345","5853345","4635","1357","4635","1357"
"2024-02-20","-2.05","1830115","1830115","4550","419","4550","419"
"2024-02-19","-1.06","964195","964195","4645","215","4645","215"
"2024-02-16","4.33","1554300","1554300","4695","346","4695","346"
"2024-02-15","5.88","5924115","5924115","4500","1365","4500","1365"
"2024-02-14","0","1261530","1261530","4250","298","4250","298"
"2024-02-13","-2.3","1872400","1872400","4250","444","4250","444"
"2024-02-09","0","1066625","1066625","4350","248","4350","248"
"2024-02-08","0.69","1710640","1710640","4350","394","4350","394"
"2024-02-07","-0.69","504015","504015","4320","117","4320","117"
"2024-02-06","0","585800","585800","4350","135","4350","135"
"2024-02-05","-0.8","3526520","3526520","4350","823","4350","823"
"2024-02-02","-0.34","1875025","1875025","4385","427","4385","427"
"2024-02-01","0.46","2414270","2414270","4400","551","4400","551"
"2024-01-31","-0.23","1922820","1922820","4380","439","4380","439"
"2024-01-30","0.23","1573495","1573495","4390","359","4390","359"
"2024-01-29","0","1645365","1645365","4380","378","4380","378"
"2024-01-26","-0.11","600650","600650","4380","138","4380","138"
"2024-01-25","-0.11","368070","368070","4385","84","4385","84"
"2024-01-24","0","351200","351200","4390","80","4390","80"
"2024-01-23","0","920460","920460","4390","210","4390","210"
"2024-01-22","0","424550","424550","4390","97","4390","97"
"2024-01-19","-0.23","1911255","1911255","4390","435","4390","435"
"2024-01-18","0","844800","844800","4400","192","4400","192"
"2024-01-17","0","755540","755540","4400","172","4400","172"
"2024-01-16","0.11","3527510","3527510","4400","803","4400","803"
"2024-01-15","0.8","1426520","1426520","4395","325","4395","325"
"2024-01-12","-7.43","2593590","2593590","4360","579","4360","579"
"2024-01-11","3.52","3737025","3737025","4710","821","4710","821"
"2024-01-10","-3.19","1958175","1958175","4550","421","4550","421"
"2024-01-09","0","310200","310200","4700","66","4700","66"
"2024-01-08","0","1309635","1309635","4700","278","4700","278"
"2024-01-05","0","728500","728500","4700","155","4700","155"
"2024-01-04","-0.74","245080","245080","4700","52","4700","52"
"2024-01-03","0.42","408595","408595","4735","87","4735","87"
"2024-01-02","-1.15","151020","151020","4715","32","4715","32"
"2023-12-29","-0.31","2235550","2235550","4770","472","4770","472"
"2023-12-28","5.16","7330075","7330075","4785","1577","4785","1577"
"2023-12-27","0.11","5796275","5796275","4550","1277","4550","1277"
"2023-12-26","-0.11","2196725","2196725","4545","484","4545","484"
"2023-12-22","0.55","549550","549550","4550","121","4550","121"
"2023-12-21","0","607225","607225","4525","134","4525","134"
"2023-12-20","-2.06","780875","780875","4525","170","4525","170"
"2023-12-19","-0.54","537780","537780","4620","121","4620","121"
"2023-12-18","-0.75","4439270","4439270","4645","998","4645","998"
"2023-12-15","0","455060","455060","4680","102","4680","102"
"2023-12-14","-0.32","2396020","2396020","4680","528","4680","528"
"2023-12-13","0","1386755","1386755","4695","299","4695","299"
"2023-12-12","0","2112585","2112585","4695","465","4695","465"
"2023-12-11","-0.11","1697985","1697985","4695","373","4695","373"
"2023-12-08","-0.95","869155","869155","4700","189","4700","189"
"2023-12-07","0","3574425","3574425","4745","792","4745","792"
"2023-12-06","-0.11","2171245","2171245","4745","461","4745","461"
"2023-12-05","-0.73","7508110","7508110","4750","1581","4750","1581"
"2023-12-04","-0.31","5723195","5723195","4785","1195","4785","1195"
"2023-12-01","-0.52","3146475","3146475","4800","663","4800","663"
"2023-11-30","-1.13","739675","739675","4825","161","4825","161"
"2023-11-29","-1.31","204660","204660","4880","42","4880","42"
"2023-11-28","7.5","5885195","5885195","4945","1266","4945","1266"
"2023-11-27","2.22","4122800","4122800","4600","912","4600","912"
"2023-11-24","4.65","8008540","8008540","4500","1969","4500","1969"
"2023-11-23","-4.44","1981950","1981950","4300","459","4300","459"
"2023-11-22","0.33","13796430","13796430","4500","3133","4500","3133"
"2023-11-21","-0.33","3606045","3606045","4485","817","4485","817"
"2023-11-20","0","1609400","1609400","4500","368","4500","368"
"2023-11-17","4.65","6418360","6418360","4500","1449","4500","1449"
"2023-11-16","0","36315200","36315200","4300","8577","4300","8577"
"2023-11-14","-2.16","118380","118380","4300","27","4300","27"
"2023-11-13","-0.11","2917110","2917110","4395","682","4395","682"
"2023-11-10","0","1302090","1302090","4400","296","4400","296"
"2023-11-09","0","1794390","1794390","4400","408","4400","408"
"2023-11-08","-1.68","1483150","1483150","4400","336","4400","336"
"2023-11-07","-0.33","2991500","2991500","4475","667","4475","667"
"2023-11-06","2.05","1987170","1987170","4490","445","4490","445"
"2023-11-03","-1.23","11750610","11750610","4400","2823","4400","2823"
"2023-11-02","-1","6651905","6651905","4455","1486","4455","1486"
"2023-10-31","-0.99","4088985","4088985","4500","904","4500","904"
"2023-10-30","0","2132045","2132045","4545","471","4545","471"
"2023-10-27","-0.11","4430805","4430805","4545","979","4545","979"
"2023-10-26","1.11","5152270","5152270","4550","1143","4550","1143"
"2023-10-25","-6.25","104734495","104734495","4500","22222","4500","22222"
"2023-10-24","0","1519225","1519225","4800","315","4800","315"
"2023-10-23","-2.04","2360360","2360360","4800","489","4800","489"
"2023-10-20","2.3","2682920","2682920","4900","560","4900","560"
"2023-10-19","0","2355120","2355120","4790","493","4790","493"
"2023-10-18","0","1460800","1460800","4790","305","4790","305"
"2023-10-17","0","2670770","2670770","4790","558","4790","558"
"2023-10-16","0","6752080","6752080","4790","1414","4790","1414"
"2023-10-13","0","2190860","2190860","4790","458","4790","458"
"2023-10-12","0","6354345","6354345","4790","1361","4790","1361"
"2023-10-11","-0.1","4945475","4945475","4790","1041","4790","1041"
"2023-10-10","-0.1","10395780","10395780","4795","2135","4795","2135"
"2023-10-09","0","9685015","9685015","4800","2071","4800","2071"
"2023-10-06","0","2102235","2102235","4800","438","4800","438"
"2023-10-05","0","5441985","5441985","4800","1134","4800","1134"
"2023-10-04","-0.93","10963760","10963760","4800","2277","4800","2277"
"2023-10-03","0","12735915","12735915","4845","2647","4845","2647"
"2023-10-02","0","1414740","1414740","4845","292","4845","292"
"2023-09-28","-0.1","12897725","12897725","4845","2673","4845","2673"
"2023-09-26","-0.92","1637730","1637730","4850","335","4850","335"
"2023-09-25","4.15","11021175","11021175","4895","2327","4895","2327"
"2023-09-22","-2.08","39880735","39880735","4700","8515","4700","8515"
"2023-09-21","-1.94","20854765","20854765","4800","4335","4800","4335"
"2023-09-20","-0.1","1879500","1879500","4895","385","4895","385"
"2023-09-19","0","3156275","3156275","4900","640","4900","640"
"2023-09-18","0","7247200","7247200","4900","1478","4900","1478"
"2023-09-15","-0.81","7303655","7303655","4900","1490","4900","1490"
"2023-09-14","-0.2","5857465","5857465","4940","1189","4940","1189"
"2023-09-13","-6.6","23104195","23104195","4950","4628","4950","4628"
"2023-09-12","-1.76","44403895","44403895","5300","8335","5300","8335"
"2023-09-11","0.84","3638700","3638700","5395","679","5395","679"
"2023-09-08","-0.09","12626550","12626550","5350","2371","5350","2371"
"2023-09-07","0","6289630","6289630","5355","1181","5355","1181"
"2023-09-06","1.04","9829565","9829565","5355","1848","5355","1848"
"2023-09-05","0","9418100","9418100","5300","1777","5300","1777"
"2023-09-04","0.38","4162630","4162630","5300","786","5300","786"
"2023-09-01","0.57","3821890","3821890","5280","731","5280","731"
"2023-08-31","2.94","30549925","30549925","5250","6064","5250","6064"
"2023-08-30","0","4938475","4938475","5100","963","5100","963"
"2023-08-29","2","46806165","46806165","5100","9353","5100","9353"
"2023-08-28","-4.76","92086120","92086120","5000","18315","5000","18315"
"2023-08-25","5","8561875","8561875","5250","1631","5250","1631"
"2023-08-24","-4.76","38793640","38793640","5000","7671","5000","7671"
"2023-08-23","0","2215500","2215500","5250","422","5250","422"
"2023-08-22","0.48","4863825","4863825","5250","928","5250","928"
"2023-08-21","0","5506505","5506505","5225","1054","5225","1054"
"2023-08-18","0","3578510","3578510","5225","685","5225","685"
"2023-08-17","0.48","11673420","11673420","5225","2247","5225","2247"
"2023-08-16","0","1047440","1047440","5200","202","5200","202"
"2023-08-14","1.66","2672800","2672800","5200","514","5200","514"
"2023-08-11","0.2","2562760","2562760","5115","502","5115","502"
"2023-08-10","-1.83","2705050","2705050","5105","528","5105","528"
"2023-08-09","-1.7","7146840","7146840","5200","1394","5200","1394"
"2023-08-08","0","1777105","1777105","5290","336","5290","336"
"2023-08-04","-0.19","1978490","1978490","5290","375","5290","375"
"2023-08-03","0","354975","354975","5300","67","5300","67"
"2023-08-02","-1.12","830300","830300","5300","157","5300","157"
"2023-08-01","-0.19","26800","26800","5360","5","5360","5"
"2023-07-31","1.32","717180","717180","5370","136","5370","136"
"2023-07-28","6","15536375","15536375","5300","3099","5300","3099"
"2023-07-27","0","2905000","2905000","5000","581","5000","581"
"2023-07-26","0","3202720","3202720","5000","644","5000","644"
"2023-07-25","0.7","8127075","8127075","5000","1635","5000","1635"
"2023-07-24","-0.1","32425355","32425355","4965","6753","4965","6753"
"2023-07-21","0","40835170","40835170","4970","8216","4970","8216"
"2023-07-20","0","211890485","211890485","4970","44565","4970","44565"
"2023-07-19","-0.1","19187900","19187900","4970","3860","4970","3860"
"2023-07-18","0.3","179168445","179168445","4975","37185","4975","37185"
"2023-07-17","0.2","11410040","11410040","4960","2302","4960","2302"
"2023-07-14","0","7019100","7019100","4950","1418","4950","1418"
"2023-07-13","0","17280500","17280500","4950","3491","4950","3491"
"2023-07-12","3.13","3700200","3700200","4950","766","4950","766"
"2023-07-11","-3.03","9299150","9299150","4800","1906","4800","1906"
"2023-07-10","0","6818460","6818460","4950","1377","4950","1377"
"2023-07-07","-0.5","4594700","4594700","4950","926","4950","926"
"2023-07-06","-0.2","1460310","1460310","4975","297","4975","297"
"2023-07-05","0","171920560","171920560","4985","36179","4985","36179"
"2023-07-04","-0.1","1864400","1864400","4985","375","4985","375"
"2023-07-03","0","1785395","1785395","4990","358","4990","358"
"2023-06-30","0","1527800","1527800","4990","320","4990","320"
"2023-06-29","4.18","4355740","4355740","4990","906","4990","906"
"2023-06-27","-0.1","6606390","6606390","4790","1378","4790","1378"
"2023-06-26","-4","7655220","7655220","4795","1596","4795","1596"
"2023-06-23","0.1","1486850","1486850","4995","310","4995","310"
"2023-06-22","4.07","6839470","6839470","4990","1406","4990","1406"
"2023-06-21","0","25851245","25851245","4795","5441","4795","5441"
"2023-06-20","-0.1","3524865","3524865","4795","735","4795","735"
"2023-06-19","0","8769040","8769040","4800","1840","4800","1840"
"2023-06-16","0.1","14197075","14197075","4800","2987","4800","2987"
"2023-06-15","0.21","6169880","6169880","4795","1290","4795","1290"
"2023-06-14","-2.25","1411685","1411685","4785","294","4785","294"
"2023-06-13","-0.1","165990","165990","4895","34","4895","34"
"2023-06-12","-1.01","6959125","6959125","4900","420","4900","420"
"2023-06-09","0","2587510","2587510","4950","527","4950","527"
"2023-06-08","0","3326400","3326400","4950","672","4950","672"
"2023-06-07","0","2354000","2354000","4950","490","4950","490"
"2023-06-06","-0.8","3533110","3533110","4950","714","4950","714"
"2023-06-05","0.81","2216435","2216435","4990","449","4990","449"
"2023-06-02","-1","510000","510000","4950","103","4950","103"
"2023-06-01","0","1004000","1004000","5000","201","5000","201"
"2023-05-31","0","2674400","2674400","5000","535","5000","535"
"2023-05-30","0","864600","864600","5000","174","5000","174"
"2023-05-26","-2.34","10428275","10428275","5000","2080","5000","2080"
"2023-05-25","-0.1","4365480","4365480","5120","894","5120","894"
"2023-05-24","0","4416510","4416510","5125","892","5125","892"
"2023-05-23","6.77","1974395","1974395","5125","396","5125","396"
"2023-05-22","0.42","1137710","1137710","4800","238","4800","238"
"2023-05-19","-1.44","8245575","8245575","4780","1677","4780","1677"
"2023-05-17","-4.72","1479870","1479870","4850","300","4850","300"
"2023-05-16","0","1168900","1168900","5090","230","5090","230"
"2023-05-15","0","687150","687150","5090","135","5090","135"
"2023-05-12","0","20360","20360","5090","4","5090","4"
"2023-05-11","-0.1","356915","356915","5090","71","5090","71"
"2023-05-10","-0.1","1206460","1206460","5095","237","5095","237"
"2023-05-09","-0.49","259450","259450","5100","51","5100","51"
"2023-05-08","-0.39","2922050","2922050","5125","588","5125","588"
"2023-05-05","-0.1","1399775","1399775","5145","272","5145","272"
"2023-05-04","0","2068530","2068530","5150","420","5150","420"
"2023-05-02","1.18","1367235","1367235","5150","268","5150","268"
"2023-04-28","-1.17","1321280","1321280","5090","275","5090","275"
"2023-04-27","0","6023935","6023935","5150","1186","5150","1186"
"2023-04-26","0","308400","308400","5150","60","5150","60"
"2023-04-25","0.1","2594545","2594545","5150","512","5150","512"
"2023-04-24","-0.1","102900","102900","5145","20","5145","20"
"2023-04-20","-0.39","708940","708940","5150","140","5150","140"
"2023-04-19","-0.39","1024285","1024285","5170","198","5170","198"
"2023-04-17","0","233150","233150","5190","45","5190","45"
"2023-04-14","-0.1","93470","93470","5190","18","5190","18"
"2023-04-13","0.1","192080","192080","5195","37","5195","37"
"2023-04-12","-0.1","2112860","2112860","5190","408","5190","408"
"2023-04-11","0","812600","812600","5195","157","5195","157"
"2023-04-07","-0.1","410850","410850","5195","80","5195","80"
"2023-04-06","2.16","1690900","1690900","5200","331","5200","331"
"2023-04-05","2.62","1302890","1302890","5090","261","5090","261"
"2023-04-04","0","800480","800480","4960","161","4960","161"
"2023-04-03","-4.62","1441990","1441990","4960","286","4960","286"
"2023-03-31","-0.67","12157150","12157150","5200","2338","5200","2338"
"2023-03-30","0","1805790","1805790","5235","346","5235","346"
"2023-03-29","0.67","240975","240975","5235","46","5235","46"
"2023-03-28","0","6421725","6421725","5200","1246","5200","1246"
"2023-03-27","-0.86","6148725","6148725","5200","1256","5200","1256"
"2023-03-24","-0.1","2212800","2212800","5245","425","5245","425"
"2023-03-23","0","334650","334650","5250","65","5250","65"
"2023-03-22","0","14670185","14670185","5250","2877","5250","2877"
"2023-03-21","0","1344250","1344250","5250","261","5250","261"
"2023-03-20","-0.94","645650","645650","5250","123","5250","123"
"2023-03-17","1.92","4551180","4551180","5300","875","5300","875"
"2023-03-16","0","400400","400400","5200","77","5200","77"
"2023-03-15","-2.35","1940225","1940225","5200","368","5200","368"
"2023-03-14","-0.28","496230","496230","5325","93","5325","93"
"2023-03-13","-0.19","1186080","1186080","5340","222","5340","222"
"2023-03-10","0","2498330","2498330","5350","467","5350","467"
"2023-03-09","0","2070150","2070150","5350","387","5350","387"
"2023-03-08","0.19","14659450","14659450","5350","2780","5350","2780"
"2023-03-07","-0.19","270440","270440","5340","52","5340","52"
"2023-03-06","2.98","369975","369975","5350","70","5350","70"
"2023-03-03","-0.1","81950","81950","5195","16","5195","16"
"2023-03-02","-1.7","1161900","1161900","5200","221","5200","221"
"2023-03-01","1.73","737750","737750","5290","141","5290","141"
"2023-02-28","4","9009050","9009050","5200","1835","5200","1835"
"2023-02-27","-5.66","1283740","1283740","5000","251","5000","251"
"2023-02-24","-0.93","81646400","81646400","5300","16450","5300","16450"
"2023-02-23","0","1186470","1186470","5350","225","5350","225"
"2023-02-22","2.88","24665300","24665300","5350","4743","5350","4743"
"2023-02-21","0","19089035","19089035","5200","3665","5200","3665"
"2023-02-20","-2.8","2883300","2883300","5200","554","5200","554"
"2023-02-17","2.98","9262725","9262725","5350","1798","5350","1798"
"2023-02-16","-1.8","2698345","2698345","5195","527","5195","527"
"2023-02-15","0","582050","582050","5290","110","5290","110"
"2023-02-14","0","679025","679025","5290","128","5290","128"
"2023-02-13","5.8","5375800","5375800","5290","1070","5290","1070"
"2023-02-10","-5.66","17559890","17559890","5000","3495","5000","3495"
"2023-02-09","0.09","1318685","1318685","5300","249","5300","249"
"2023-02-08","-0.38","1049820","1049820","5295","198","5295","198"
"2023-02-07","-0.19","308080","308080","5315","58","5315","58"
"2023-02-06","0.09","1832155","1832155","5325","359","5325","359"
"2023-02-03","-0.19","83840","83840","5320","16","5320","16"
"2023-02-02","6.6","9109300","9109300","5330","1829","5330","1829"
"2023-02-01","-6.37","10553360","10553360","5000","2110","5000","2110"
"2023-01-31","-0.09","85440","85440","5340","16","5340","16"
"2023-01-30","-0.09","26685","26685","5345","5","5345","5"
"2023-01-27","1.04","7241550","7241550","5350","1406","5350","1406"
"2023-01-26","4.33","10659300","10659300","5295","2140","5295","2140"
"2023-01-25","1.5","1726675","1726675","5075","346","5075","346"
"2023-01-24","-1.48","827000","827000","5000","163","5000","163"
"2023-01-23","-4.15","10150","10150","5075","2","5075","2"
"2023-01-20","6.11","7374200","7374200","5295","1477","5295","1477"
"2023-01-19","0","1457080","1457080","4990","292","4990","292"
"2023-01-18","-2.16","29118850","29118850","4990","5835","4990","5835"
"2023-01-17","7.37","25663670","25663670","5100","5040","5100","5040"
"2023-01-16","-6.86","717750","717750","4750","142","4750","142"
"2023-01-13","0","7945665","7945665","5100","1557","5100","1557"
"2023-01-12","0","9646050","9646050","5100","1881","5100","1881"
"2023-01-11","-4.67","706850","706850","5100","136","5100","136"
"2023-01-10","0","481200","481200","5350","90","5350","90"
"2023-01-09","0","650350","650350","5350","122","5350","122"
"2023-01-06","0","524300","524300","5350","98","5350","98"
"2023-01-05","-0.93","184200","184200","5350","36","5350","36"
"2023-01-04","0","287800","287800","5400","56","5400","56"
"2023-01-03","-1.19","124200","124200","5400","23","5400","23"
"2023-01-02","0","278715","278715","5465","51","5465","51"
"2022-12-30","0","708335","708335","5465","130","5465","130"
"2022-12-29","0","43720","43720","5465","8","5465","8"
"2022-12-28","0","894350","894350","5465","164","5465","164"
"2022-12-27","-0.55","8208090","8208090","5465","1584","5465","1584"
"2022-12-23","0.27","6649775","6649775","5495","1216","5495","1216"
"2022-12-22","-0.36","3098980","3098980","5480","583","5480","583"
"2022-12-21","-0.81","283300","283300","5500","52","5500","52"
"2022-12-20","3.64","1587050","1587050","5545","291","5545","291"
"2022-12-19","-2.28","1643550","1643550","5350","303","5350","303"
"2022-12-16","-0.54","181515","181515","5475","33","5475","33"
"2022-12-15","1.01","4504075","4504075","5505","823","5505","823"
"2022-12-14","4.91","130586190","130586190","5450","26045","5450","26045"
"2022-12-13","-1.98","535085","535085","5195","103","5195","103"
"2022-12-12","6","4557800","4557800","5300","910","5300","910"
"2022-12-09","6.38","5379800","5379800","5000","1126","5000","1126"
"2022-12-08","-1.05","164600","164600","4700","35","4700","35"
"2022-12-07","0","8602500","8602500","4750","1867","4750","1867"
"2022-12-06","2.15","721730","721730","4750","155","4750","155"
"2022-12-05","0","227425","227425","4650","50","4650","50"
"2022-12-02","0","1968780","1968780","4650","426","4650","426"
"2022-12-01","2.65","10031400","10031400","4650","2228","4650","2228"
"2022-11-30","0","2786800","2786800","4530","615","4530","615"
"2022-11-29","-3.62","1020805","1020805","4530","220","4530","220"
"2022-11-28","-0.63","3808570","3808570","4700","809","4700","809"
"2022-11-25","0","734780","734780","4730","159","4730","159"
"2022-11-24","-0.42","879840","879840","4730","186","4730","186"
"2022-11-23","0","2218250","2218250","4750","467","4750","467"
"2022-11-22","0","4066000","4066000","4750","856","4750","856"
"2022-11-21","0","1453300","1453300","4750","306","4750","306"
"2022-11-18","0","1504860","1504860","4750","321","4750","321"
"2022-11-17","1.06","564500","564500","4750","120","4750","120"
"2022-11-16","-2.08","1345750","1345750","4700","282","4700","282"
"2022-11-14","0","110800","110800","4800","23","4800","23"
"2022-11-11","-4","992440","992440","4800","201","4800","201"
"2022-11-10","0.1","715000","715000","5000","143","5000","143"
"2022-11-09","-3.85","16172065","16172065","4995","3237","4995","3237"
"2022-11-08","-1.98","6953725","6953725","5195","1370","5195","1370"
"2022-11-07","-1.76","1772750","1772750","5300","340","5300","340"
"2022-11-04","-0.09","1532605","1532605","5395","291","5395","291"
"2022-11-03","-0.28","189075","189075","5400","35","5400","35"
"2022-11-02","-0.64","3402420","3402420","5415","627","5415","627"
"2022-10-31","0.46","49050","49050","5450","9","5450","9"
"2022-10-28","4.33","4620795","4620795","5425","876","5425","876"
"2022-10-27","0","93475","93475","5200","18","5200","18"
"2022-10-26","-0.86","591525","591525","5200","114","5200","114"
"2022-10-25","0","1062395","1062395","5245","210","5245","210"
"2022-10-24","0.87","2407000","2407000","5245","464","5245","464"
"2022-10-21","1.96","1815600","1815600","5200","353","5200","353"
"2022-10-20","-0.97","201231700","201231700","5100","40245","5100","40245"
"2022-10-19","-6.36","139055","139055","5150","27","5150","27"
"2022-10-18","6.8","12850000","12850000","5500","2491","5500","2491"
"2022-10-17","-4.63","14766450","14766450","5150","2854","5150","2854"
"2022-10-14","3.85","32400","32400","5400","6","5400","6"
"2022-10-13","0","1616890","1616890","5200","310","5200","310"
"2022-10-12","2.46","494000","494000","5200","95","5200","95"
"2022-10-11","-2.4","22441565","22441565","5075","4409","5075","4409"
"2022-10-10","-2.35","13294540","13294540","5200","2538","5200","2538"
"2022-10-07","-1.39","1544275","1544275","5325","285","5325","285"
"2022-10-06","-0.74","13122700","13122700","5400","2502","5400","2502"
"2022-10-05","0","574240","574240","5440","106","5440","106"
"2022-10-04","-0.09","1639110","1639110","5440","314","5440","314"
"2022-10-03","-1","136545","136545","5445","25","5445","25"
"2022-09-30","3.77","5461160","5461160","5500","1025","5500","1025"
"2022-09-29","-0.93","245500","245500","5300","46","5300","46"
"2022-09-28","0","288900","288900","5350","54","5350","54"
"2022-09-27","0","58850","58850","5350","11","5350","11"
"2022-09-26","-0.83","1097330","1097330","5350","206","5350","206"
"2022-09-23","-1.91","5607955","5607955","5395","1048","5395","1048"
"2022-09-22","1.85","7638255","7638255","5500","1418","5500","1418"
"2022-09-21","0.93","311615","311615","5400","58","5400","58"
"2022-09-20","-6.14","12925645","12925645","5350","2414","5350","2414"
"2022-09-19","3.64","824000","824000","5700","150","5700","150"
"2022-09-16","1.85","1211640","1211640","5500","224","5500","224"
"2022-09-15","-1.82","1117800","1117800","5400","207","5400","207"
"2022-09-14","1.85","709945","709945","5500","131","5500","131"
"2022-09-13","0","1016000","1016000","5400","190","5400","190"
"2022-09-12","-0.92","319400","319400","5400","60","5400","60"
"2022-09-09","0.93","625650","625650","5450","117","5450","117"
"2022-09-08","0","3230505","3230505","5400","616","5400","616"
"2022-09-07","0","17655285","17655285","5400","3394","5400","3394"
"2022-09-06","0","5549900","5549900","5400","1027","5400","1027"
"2022-09-05","0","993600","993600","5400","184","5400","184"
"2022-09-02","-0.92","688650","688650","5400","127","5400","127"
"2022-09-01","-0.73","245450","245450","5450","45","5450","45"
"2022-08-31","5.68","65756640","65756640","5490","12615","5490","12615"
"2022-08-30","0","15718755","15718755","5195","3026","5195","3026"
"2022-08-29","0","129865","129865","5195","25","5195","25"
"2022-08-26","0","8072585","8072585","5195","1591","5195","1591"
"2022-08-25","0.1","12757590","12757590","5195","2458","5195","2458"
"2022-08-24","0","6648210","6648210","5190","1284","5190","1284"
"2022-08-23","0","207600","207600","5190","40","5190","40"
"2022-08-22","0","11602480","11602480","5190","2312","5190","2312"
"2022-08-19","0","1425205","1425205","5190","279","5190","279"
"2022-08-18","3.59","103800","103800","5190","20","5190","20"
"2022-08-17","-5.38","1757900","1757900","5010","345","5010","345"
"2022-08-16","-1.03","79425","79425","5295","15","5295","15"
"2022-08-12","0.94","946010","946010","5350","177","5350","177"
"2022-08-11","2.02","1874010","1874010","5300","360","5300","360"
"2022-08-10","-0.1","213105","213105","5195","41","5195","41"
"2022-08-09","0","774825","774825","5200","152","5200","152"
"2022-08-05","0","1450575","1450575","5200","282","5200","282"
"2022-08-04","0","837200","837200","5200","161","5200","161"
"2022-08-03","-1.89","4045360","4045360","5200","778","5200","778"
"2022-08-02","1.92","1368500","1368500","5300","263","5300","263"
"2022-08-01","0","702000","702000","5200","135","5200","135"
"2022-07-29","0.97","760500","760500","5200","150","5200","150"
"2022-07-28","0","46350","46350","5150","9","5150","9"
"2022-07-27","0.1","46767290","46767290","5150","9080","5150","9080"
"2022-07-26","-0.1","5542655","5542655","5145","1086","5145","1086"
"2022-07-25","0","272850","272850","5150","53","5150","53"
"2022-07-22","0","668000","668000","5150","130","5150","130"
"2022-07-21","0.98","852310","852310","5150","166","5150","166"
"2022-07-20","-0.97","560850","560850","5100","109","5100","109"
"2022-07-19","0","77250","77250","5150","15","5150","15"
"2022-07-18","0","306500","306500","5150","60","5150","60"
"2022-07-15","-0.1","1384680","1384680","5150","270","5150","270"
"2022-07-14","0.1","10717870","10717870","5155","2098","5155","2098"
"2022-07-13","0.98","103000","103000","5150","20","5150","20"
"2022-07-12","-3.68","1179000","1179000","5100","230","5100","230"
"2022-07-11","0","485585","485585","5295","93","5295","93"
"2022-07-08","-0.09","317750","317750","5295","60","5295","60"
"2022-07-07","0","615350","615350","5300","120","5300","120"
"2022-07-06","0","1515300","1515300","5300","286","5300","286"
"2022-07-05","6.43","15118020","15118020","5300","2917","5300","2917"
"2022-07-04","-0.4","3354340","3354340","4980","653","4980","653"
"2022-07-01","-4.94","1965720","1965720","5000","392","5000","392"
"2022-06-30","0","410280","410280","5260","78","5260","78"
"2022-06-29","5.2","4753600","4753600","5260","923","5260","923"
"2022-06-28","-5.66","4807455","4807455","5000","961","5000","961"
"2022-06-27","0","18125400","18125400","5300","3425","5300","3425"
"2022-06-24","0","763200","763200","5300","144","5300","144"
"2022-06-23","0","392200","392200","5300","74","5300","74"
"2022-06-22","0","2522800","2522800","5300","476","5300","476"
"2022-06-21","-0.93","216700","216700","5300","42","5300","42"
"2022-06-20","0","1676200","1676200","5350","332","5350","332"
"2022-06-17","0","460100","460100","5350","86","5350","86"
"2022-06-16","0","726600","726600","5350","136","5350","136"
"2022-06-15","-0.37","1059300","1059300","5350","198","5350","198"
"2022-06-14","-0.09","1284650","1284650","5370","241","5370","241"
"2022-06-13","3.37","723500","723500","5375","135","5375","135"
"2022-06-10","0","286000","286000","5200","55","5200","55"
"2022-06-09","-1.89","1060200","1060200","5200","214","5200","214"
"2022-06-08","0","618080","618080","5300","117","5300","117"
"2022-06-07","-1.85","699300","699300","5300","131","5300","131"
"2022-06-03","0","1452150","1452150","5400","271","5400","271"
"2022-06-02","0","518400","518400","5400","96","5400","96"
"2022-06-01","4.65","27385985","27385985","5400","5618","5400","5618"
"2022-05-31","0","784775","784775","5160","153","5160","153"
"2022-05-30","7.5","2477170","2477170","5160","503","5160","503"
"2022-05-27","-1.84","1623880","1623880","4800","335","4800","335"
"2022-05-25","4.49","1545215","1545215","4890","316","4890","316"
"2022-05-24","-4.29","661125","661125","4680","138","4680","138"
"2022-05-23","0.31","2003610","2003610","4890","420","4890","420"
"2022-05-20","7.03","4638000","4638000","4875","1013","4875","1013"
"2022-05-19","-6.08","2457020","2457020","4555","513","4555","513"
"2022-05-18","2.11","27873610","27873610","4850","5944","4850","5944"
"2022-05-17","-0.94","11607565","11607565","4750","2546","4750","2546"
"2022-05-16","-0.1","1827555","1827555","4795","381","4795","381"
"2022-05-13","-1.54","5164550","5164550","4800","1070","4800","1070"
"2022-05-12","0.1","721510","721510","4875","148","4875","148"
"2022-05-11","0.31","2848890","2848890","4870","592","4870","592"
"2022-05-10","-0.31","732400","732400","4855","151","4855","151"
"2022-05-09","-0.2","229160","229160","4870","47","4870","47"
"2022-05-06","0","808495","808495","4880","173","4880","173"
"2022-05-05","6.09","11515700","11515700","4880","2448","4880","2448"
"2022-05-04","-2.13","2293380","2293380","4600","502","4600","502"
"2022-05-03","-3.79","802400","802400","4700","170","4700","170"
"2022-04-29","7.36","4843575","4843575","4885","1075","4885","1075"
"2022-04-27","6.93","108786680","108786680","4550","24200","4550","24200"
"2022-04-26","-3.3","569920","569920","4255","133","4255","133"
"2022-04-25","-1.79","3280945","3280945","4400","735","4400","735"
"2022-04-22","0","264575","264575","4480","59","4480","59"
"2022-04-21","0.67","1095545","1095545","4480","246","4480","246"
"2022-04-20","0","642250","642250","4450","147","4450","147"
"2022-04-19","2.18","2013655","2013655","4450","455","4450","455"
"2022-04-14","-2.13","345180","345180","4355","79","4355","79"
"2022-04-13","1.14","343550","343550","4450","78","4450","78"
"2022-04-12","2.33","264000","264000","4400","60","4400","60"
"2022-04-11","-2.27","328200","328200","4300","76","4300","76"
"2022-04-08","0","291900","291900","4400","67","4400","67"
"2022-04-07","1.15","193600","193600","4400","44","4400","44"
"2022-04-06","-1.14","5703295","5703295","4350","1307","4350","1307"
"2022-04-05","1.15","1087100","1087100","4400","251","4400","251"
"2022-04-04","-1.14","3017125","3017125","4350","690","4350","690"
"2022-04-01","-2.11","1749425","1749425","4400","398","4400","398"
"2022-03-31","3.21","968900","968900","4495","216","4495","216"
"2022-03-30","-1.91","997490","997490","4355","228","4355","228"
"2022-03-29","0","901200","901200","4440","203","4440","203"
"2022-03-28","0","1349760","1349760","4440","304","4440","304"
"2022-03-25","-0.11","626040","626040","4440","141","4440","141"
"2022-03-24","2.07","17780","17780","4445","4","4445","4"
"2022-03-23","0.11","910150","910150","4355","209","4355","209"
"2022-03-22","-2.25","888740","888740","4350","202","4350","202"
"2022-03-21","3.49","601300","601300","4450","136","4450","136"
"2022-03-18","0","3710900","3710900","4300","863","4300","863"
"2022-03-16","0","49301295","49301295","4300","11492","4300","11492"
"2022-03-15","0","10205055","10205055","4300","2375","4300","2375"
"2022-03-14","0","2601500","2601500","4300","605","4300","605"
"2022-03-11","0","44263890","44263890","4300","10306","4300","10306"
"2022-03-10","-3.04","6347180","6347180","4300","1466","4300","1466"
"2022-03-09","2.54","2444565","2444565","4435","557","4435","557"
"2022-03-08","-0.35","2742050","2742050","4325","634","4325","634"
"2022-03-07","-0.23","3029790","3029790","4340","705","4340","705"
"2022-03-04","-0.68","1107535","1107535","4350","253","4350","253"
"2022-03-03","-0.11","389820","389820","4380","89","4380","89"
"2022-03-02","2.57","1414335","1414335","4385","330","4385","330"
"2022-03-01","4.27","6433075","6433075","4275","1569","4275","1569"
"2022-02-28","0.12","32285425","32285425","4100","7856","4100","7856"
"2022-02-25","1.61","6856845","6856845","4095","1674","4095","1674"
"2022-02-24","0","18748520","18748520","4030","4618","4030","4618"
"2022-02-23","7.47","4897025","4897025","4030","1285","4030","1285"
"2022-02-22","-7.41","29827765","29827765","3750","7468","3750","7468"
"2022-02-21","-1.22","51604775","51604775","4050","12603","4050","12603"
"2022-02-18","-3.3","15388555","15388555","4100","3775","4100","3775"
"2022-02-17","-1.97","3592680","3592680","4240","831","4240","831"
"2022-02-16","0.58","998325","998325","4325","231","4325","231"
"2022-02-15","-2.27","2725025","2725025","4300","632","4300","632"
"2022-02-14","0","5020400","5020400","4400","1141","4400","1141"
"2022-02-11","-1.12","2741930","2741930","4400","618","4400","618"
"2022-02-10","0","1210540","1210540","4450","277","4450","277"
"2022-02-09","2.42","11510880","11510880","4450","2691","4450","2691"
"2022-02-08","-1.25","15385650","15385650","4345","3520","4345","3520"
"2022-02-07","0","9046490","9046490","4400","2056","4400","2056"
"2022-02-04","2.33","461200","461200","4400","107","4400","107"
"2022-02-03","0","8014700","8014700","4300","1829","4300","1829"
"2022-02-02","0.58","300250","300250","4300","70","4300","70"
"2022-02-01","-2.84","171000","171000","4275","40","4275","40"
"2022-01-31","0","628800","628800","4400","143","4400","143"
"2022-01-28","0","18536320","18536320","4400","4549","4400","4549"
"2022-01-27","0","1025000","1025000","4400","233","4400","233"
"2022-01-26","-1.12","202400","202400","4400","46","4400","46"
"2022-01-25","0","2235670","2235670","4450","515","4450","515"
"2022-01-24","0","922385","922385","4450","210","4450","210"
"2022-01-21","0","4450","4450","4450","1","4450","1"
"2022-01-20","-1","1802250","1802250","4450","405","4450","405"
"2022-01-19","1.01","546950","546950","4495","122","4495","122"
"2022-01-18","-0.67","465770","465770","4450","104","4450","104"
"2022-01-17","-0.11","886725","886725","4480","198","4480","198"
"2022-01-14","1.93","695075","695075","4485","155","4485","155"
"2022-01-13","0","236900","236900","4400","54","4400","54"
"2022-01-12","1.15","1724350","1724350","4400","394","4400","394"
"2022-01-11","0","195720","195720","4350","45","4350","45"
"2022-01-10","0","369470","369470","4350","85","4350","85"
"2022-01-07","0","1009200","1009200","4350","235","4350","235"
"2022-01-06","-2.03","627840","627840","4350","144","4350","144"
"2022-01-05","-0.22","8880","8880","4440","2","4440","2"
"2022-01-04","-1.11","199950","199950","4450","45","4450","45"
"2022-01-03","4.77","292500","292500","4500","65","4500","65"
"2021-12-31","-2.05","3539615","3539615","4295","827","4295","827"
"2021-12-30","3.18","1712900","1712900","4385","397","4385","397"
"2021-12-29","-5.56","521700","521700","4250","123","4250","123"
"2021-12-28","0","620700","620700","4500","141","4500","141"
"2021-12-27","-1.1","144000","144000","4500","32","4500","32"
"2021-12-24","2.25","1173750","1173750","4550","261","4550","261"
"2021-12-23","0","376450","376450","4450","85","4450","85"
"2021-12-22","0","431505","431505","4450","97","4450","97"
"2021-12-21","0.23","342180","342180","4450","77","4450","77"
"2021-12-20","0","466440","466440","4440","106","4440","106"
"2021-12-17","0.91","48440","48440","4440","11","4440","11"
"2021-12-16","0.69","228180","228180","4400","53","4400","53"
"2021-12-15","0","711330","711330","4370","163","4370","163"
"2021-12-14","4.05","339235","339235","4370","80","4370","80"
"2021-12-13","-3.45","2169600","2169600","4200","516","4200","516"
"2021-12-10","-2.25","174000","174000","4350","40","4350","40"
"2021-12-09","5.95","347100","347100","4450","78","4450","78"
"2021-12-08","-2.33","1016755","1016755","4200","242","4200","242"
"2021-12-07","-4.23","17348840","17348840","4300","4030","4300","4030"
"2021-12-06","4.42","573460","573460","4490","134","4490","134"
"2021-12-03","-4.44","443900","443900","4300","105","4300","105"
"2021-12-02","0","943690","943690","4500","224","4500","224"
"2021-12-01","-1.96","459000","459000","4500","102","4500","102"
"2021-11-30","4.32","2425620","2425620","4590","529","4590","529"
"2021-11-29","4.76","56600","56600","4400","13","4400","13"
"2021-11-26","-4.55","142800","142800","4200","34","4200","34"
"2021-11-25","0","222075","222075","4400","53","4400","53"
"2021-11-24","4.76","1681700","1681700","4400","401","4400","401"
"2021-11-23","0","4659990","4659990","4200","1107","4200","1107"
"2021-11-22","0","481710","481710","4200","115","4200","115"
"2021-11-19","-6.56","8912415","8912415","4200","2122","4200","2122"
"2021-11-18","1.01","449500","449500","4495","100","4495","100"
"2021-11-17","0","44750","44750","4450","10","4450","10"
"2021-11-16","0","333750","333750","4450","75","4450","75"
"2021-11-12","0","111250","111250","4450","25","4450","25"
"2021-11-11","1.25","796530","796530","4450","179","4450","179"
"2021-11-10","-1.12","2544645","2544645","4395","580","4395","580"
"2021-11-09","-0.11","311325","311325","4445","70","4445","70"
"2021-11-08","-1.11","1870610","1870610","4450","418","4450","418"
"2021-11-05","1.12","341980","341980","4500","76","4500","76"
"2021-11-04","-0.67","903350","903350","4450","203","4450","203"
"2021-11-03","7.31","1296150","1296150","4480","291","4480","291"
"2021-10-29","0","10050250","10050250","4175","2350","4175","2350"
"2021-10-28","-7.12","3968545","3968545","4175","891","4175","891"
"2021-10-27","-0.11","5839990","5839990","4495","1402","4495","1402"
"2021-10-26","0","213750","213750","4500","51","4500","51"
"2021-10-25","0","14112310","14112310","4500","3262","4500","3262"
"2021-10-22","0","17891800","17891800","4500","3976","4500","3976"
"2021-10-21","0","5512615","5512615","4500","1229","4500","1229"
"2021-10-20","1.12","20378055","20378055","4500","4530","4500","4530"
"2021-10-19","-1","245740","245740","4450","55","4450","55"
"2021-10-15","-0.11","265205","265205","4495","59","4495","59"
"2021-10-14","0","3528620","3528620","4500","785","4500","785"
"2021-10-13","0","2441750","2441750","4500","543","4500","543"
"2021-10-12","0","350500","350500","4500","78","4500","78"
"2021-10-11","2.27","7424995","7424995","4500","1650","4500","1650"
"2021-10-08","0","1249600","1249600","4400","284","4400","284"
"2021-10-07","0.11","1616090","1616090","4400","368","4400","368"
"2021-10-06","-2.22","294765","294765","4395","67","4395","67"
"2021-10-05","0","238260","238260","4495","53","4495","53"
"2021-10-04","2.16","185140215","185140215","4495","44074","4495","44074"
"2021-10-01","4.76","816550","816550","4400","191","4400","191"
"2021-09-30","-2.78","20348400","20348400","4200","4767","4200","4767"
"2021-09-29","2.73","385595","385595","4320","92","4320","92"
"2021-09-28","-1.06","251030","251030","4205","58","4205","58"
"2021-09-27","1.19","7005650","7005650","4250","1649","4250","1649"
"2021-09-24","0","14453900","14453900","4200","3437","4200","3437"
"2021-09-23","0","714150","714150","4200","170","4200","170"
"2021-09-22","0","2146200","2146200","4200","511","4200","511"
"2021-09-21","0","34993200","34993200","4200","8331","4200","8331"
"2021-09-20","0","13196520","13196520","4200","3114","4200","3114"
"2021-09-17","-2.33","2226000","2226000","4200","530","4200","530"
"2021-09-16","2.38","645000","645000","4300","150","4300","150"
"2021-09-15","0","22336620","22336620","4200","5289","4200","5289"
"2021-09-14","0","3717525","3717525","4200","885","4200","885"
"2021-09-13","0","390600","390600","4200","93","4200","93"
"2021-09-10","-6.67","216015","216015","4200","50","4200","50"
"2021-09-09","7.14","148060","148060","4500","35","4500","35"
"2021-09-08","-2.33","5317500","5317500","4200","1182","4200","1182"
"2021-09-07","0","2106400","2106400","4300","526","4300","526"
"2021-09-06","0","22696300","22696300","4300","5278","4300","5278"
"2021-09-03","0","94600","94600","4300","22","4300","22"
"2021-09-02","-2.16","96300","96300","4300","22","4300","22"
"2021-09-01","-0.11","2241150","2241150","4395","515","4395","515"
"2021-08-31","0","382925","382925","4400","88","4400","88"
"2021-08-30","1.15","1373400","1373400","4400","314","4400","314"
"2021-08-27","-1.14","2366400","2366400","4350","544","4350","544"
"2021-08-26","0","96800","96800","4400","22","4400","22"
"2021-08-25","2.33","2617000","2617000","4400","595","4400","595"
"2021-08-24","-4.44","14536400","14536400","4300","3379","4300","3379"
"2021-08-23","1.12","1584000","1584000","4500","352","4500","352"
"2021-08-20","0","5519740","5519740","4450","1227","4450","1227"
"2021-08-19","-0.67","990200","990200","4450","221","4450","221"
"2021-08-18","-0.44","2271360","2271360","4480","507","4480","507"
"2021-08-17","0","989050","989050","4500","220","4500","220"
"2021-08-16","0","2355500","2355500","4500","524","4500","524"
"2021-08-13","0.11","2864825","2864825","4500","637","4500","637"
"2021-08-12","0","1528175","1528175","4495","340","4495","340"
"2021-08-11","0","998010","998010","4495","224","4495","224"
"2021-08-10","0","2099165","2099165","4495","467","4495","467"
"2021-08-09","3.33","5433750","5433750","4495","1259","4495","1259"
"2021-08-06","-2.9","8348575","8348575","4350","1941","4350","1941"
"2021-08-05","-0.44","815660","815660","4480","182","4480","182"
"2021-08-04","-2.07","1618875","1618875","4500","376","4500","376"
"2021-08-03","-2.13","647975","647975","4595","141","4595","141"
"2021-08-02","1.95","11676850","11676850","4695","2605","4695","2605"
"2021-07-30","7.09","13911765","13911765","4605","3222","4605","3222"
"2021-07-29","7.5","182388420","182388420","4300","49196","4300","49196"
"2021-07-28","-6.98","22834420","22834420","4000","5448","4000","5448"
"2021-07-27","-3.48","56947920","56947920","4300","13232","4300","13232"
"2021-07-26","7.48","3620665","3620665","4455","813","4455","813"
"2021-07-23","-1.19","6058720","6058720","4145","1550","4145","1550"
"2021-07-22","0.12","8261160","8261160","4195","1969","4195","1969"
"2021-07-21","2.2","451600","451600","4190","112","4190","112"
"2021-07-19","5.81","229140","229140","4100","59","4100","59"
"2021-07-16","6.9","26567325","26567325","3875","7405","3875","7405"
"2021-07-15","-6.45","12285465","12285465","3625","3402","3625","3402"
"2021-07-14","4.45","14514025","14514025","3875","4106","3875","4106"
"2021-07-13","-6.08","2627220","2627220","3710","702","3710","702"
"2021-07-12","-3.66","285924655","285924655","3950","72384","3950","72384"
"2021-07-09","-2.26","307799300","307799300","4100","75073","4100","75073"
"2021-07-08","-0.83","662070","662070","4195","156","4195","156"
"2021-07-07","-4.84","12614220","12614220","4230","2980","4230","2980"
"2021-07-06","-0.11","1353660","1353660","4445","310","4445","310"
"2021-07-05","0","883600","883600","4450","202","4450","202"
"2021-07-02","-1.11","543875","543875","4450","122","4450","122"
"2021-07-01","0","1062000","1062000","4500","236","4500","236"
"2021-06-30","2.27","3423000","3423000","4500","762","4500","762"
"2021-06-29","7.32","15034530","15034530","4400","3520","4400","3520"
"2021-06-28","-3.42","480165","480165","4100","116","4100","116"
"2021-06-25","-1.05","42450","42450","4245","10","4245","10"
"2021-06-24","-0.23","30030","30030","4290","7","4290","7"
"2021-06-23","0","3916750","3916750","4300","911","4300","911"
"2021-06-22","4.88","3167445","3167445","4300","754","4300","754"
"2021-06-21","0","642200","642200","4100","157","4100","157"
"2021-06-18","4.06","19074100","19074100","4100","4828","4100","4828"
"2021-06-17","0","1639480","1639480","3940","417","3940","417"
"2021-06-16","-0.13","70920","70920","3940","18","3940","18"
"2021-06-15","-0.13","240645","240645","3945","61","3945","61"
"2021-06-14","0.13","1086970","1086970","3950","276","3950","276"
"2021-06-11","-0.13","331830","331830","3945","85","3945","85"
"2021-06-10","1.28","33875800","33875800","3950","8590","3950","8590"
"2021-06-09","0","105300","105300","3900","27","3900","27"
"2021-06-08","0","9866250","9866250","3900","2530","3900","2530"
"2021-06-07","0","5528970","5528970","3900","1418","3900","1418"
"2021-06-04","0","429600","429600","3900","113","3900","113"
"2021-06-03","0","12871255","12871255","3900","3301","3900","3301"
"2021-06-02","-2.62","480040","480040","3900","121","3900","121"
"2021-06-01","-2.32","200250","200250","4005","50","4005","50"
"2021-05-31","5.13","8095000","8095000","4100","2000","4100","2000"
"2021-05-28","7.14","1864415","1864415","3900","495","3900","495"
"2021-05-27","1.11","2580125","2580125","3640","715","3640","715"
"2021-05-26","4.65","5745800","5745800","3600","1631","3600","1631"
"2021-05-25","4.24","333680","333680","3440","97","3440","97"
"2021-05-21","3.13","3840200","3840200","3300","1155","3300","1155"
"2021-05-20","-3.03","1065450","1065450","3200","325","3200","325"
"2021-05-19","0","898350","898350","3300","269","3300","269"
"2021-05-18","0","23714520","23714520","3300","7168","3300","7168"
"2021-05-17","0","3776000","3776000","3300","1145","3300","1145"
"2021-05-14","1.54","432225","432225","3300","131","3300","131"
"2021-05-11","0","10538200","10538200","3250","3229","3250","3229"
"2021-05-10","-1.52","367250","367250","3250","113","3250","113"
"2021-05-07","1.54","15818175","15818175","3300","4931","3300","4931"
"2021-05-06","-1.52","489250","489250","3250","149","3250","149"
"2021-05-05","0","1917300","1917300","3300","581","3300","581"
"2021-05-04","0","1161600","1161600","3300","352","3300","352"
"2021-05-03","-2.94","1857475","1857475","3300","551","3300","551"
"2021-04-30","0.15","679235","679235","3400","200","3400","200"
"2021-04-29","0","886235","886235","3395","261","3395","261"
"2021-04-28","-1.59","1196975","1196975","3395","355","3395","355"
"2021-04-26","0.29","1581180","1581180","3450","462","3450","462"
"2021-04-23","0","10486050","10486050","3440","3110","3440","3110"
"2021-04-22","-0.15","6430725","6430725","3440","1879","3440","1879"
"2021-04-21","0","6105345","6105345","3445","1821","3445","1821"
"2021-04-20","1.47","6247495","6247495","3445","1859","3445","1859"
"2021-04-19","0","162980","162980","3395","48","3395","48"
"2021-04-16","-0.15","291025","291025","3395","86","3395","86"
"2021-04-15","3.03","1543335","1543335","3400","454","3400","454"
"2021-04-14","-2.8","474245","474245","3300","141","3300","141"
"2021-04-13","4.95","855895","855895","3395","267","3395","267"
"2021-04-12","-7.44","1189225","1189225","3235","365","3235","365"
"2021-04-09","2.79","2970600","2970600","3495","850","3495","850"
"2021-04-08","0","5232975","5232975","3400","1536","3400","1536"
"2021-04-07","5.59","7126400","7126400","3400","2134","3400","2134"
"2021-04-06","-5.29","226820","226820","3220","67","3220","67"
"2021-04-02","0","2323000","2323000","3400","715","3400","715"
"2021-04-01","-6.85","979400","979400","3400","284","3400","284"
"2021-03-31","7.35","31058900","31058900","3650","9067","3650","9067"
"2021-03-30","3.03","5877025","5877025","3400","1740","3400","1740"
"2021-03-29","3.94","1779725","1779725","3300","552","3300","552"
"2021-03-26","4.1","25854040","25854040","3175","8209","3175","8209"
"2021-03-25","-3.17","2242760","2242760","3050","713","3050","713"
"2021-03-24","0.16","592010","592010","3150","188","3150","188"
"2021-03-23","-0.16","8777340","8777340","3145","2825","3145","2825"
"2021-03-22","1.61","1976350","1976350","3150","629","3150","629"
"2021-03-19","-1.59","1345340","1345340","3100","431","3100","431"
"2021-03-18","0.16","826885","826885","3150","263","3150","263"
"2021-03-17","-0.16","1264940","1264940","3145","272","3145","272"
"2021-03-16","0.16","1940505","1940505","3150","617","3150","617"
"2021-03-15","0","239020","239020","3145","76","3145","76"
"2021-03-12","0","41482010","41482010","3145","13752","3145","13752"
"2021-03-11","0.16","1459450","1459450","3145","470","3145","470"
"2021-03-10","0","3958200","3958200","3140","1318","3140","1318"
"2021-03-09","4.67","5901280","5901280","3140","1959","3140","1959"
"2021-03-05","-3.23","1136250","1136250","3000","375","3000","375"
"2021-03-04","0","242165","242165","3100","78","3100","78"
"2021-03-03","-1.59","546450","546450","3100","175","3100","175"
"2021-03-02","0","1302075","1302075","3150","425","3150","425"
"2021-03-01","0","313050","313050","3150","99","3150","99"
"2021-02-26","2.44","2105250","2105250","3150","670","3150","670"
"2021-02-25","0.82","60119000","60119000","3075","20550","3075","20550"
"2021-02-24","0","167750","167750","3050","55","3050","55"
"2021-02-23","0","163000","163000","3050","54","3050","54"
"2021-02-22","1.84","16228355","16228355","3050","5410","3050","5410"
"2021-02-19","-0.17","3658750","3658750","2995","1220","2995","1220"
"2021-02-18","0.17","3287205","3287205","3000","1097","3000","1097"
"2021-02-17","-0.17","610800","610800","2995","205","2995","205"
"2021-02-16","0.17","1997450","1997450","3000","666","3000","666"
"2021-02-15","0","284525","284525","2995","95","2995","95"
"2021-02-12","0.17","487285","487285","2995","164","2995","164"
"2021-02-11","0","62790","62790","2990","21","2990","21"
"2021-02-10","3.1","14965","14965","2990","5","2990","5"
"2021-02-09","-3.01","295050","295050","2900","100","2900","100"
"2021-02-08","0","149500","149500","2990","50","2990","50"
"2021-02-05","-0.17","175800","175800","2990","60","2990","60"
"2021-02-04","-0.17","289000","289000","2995","99","2995","99"
"2021-02-03","0","1881000","1881000","3000","627","3000","627"
"2021-02-02","0","96850","96850","3000","32","3000","32"
"2021-02-01","0","1005000","1005000","3000","335","3000","335"
"2021-01-29","0.33","2618770","2618770","3000","874","3000","874"
"2021-01-28","-0.17","1246360","1246360","2990","416","2990","416"
"2021-01-27","0.17","3649420","3649420","2995","1222","2995","1222"
"2021-01-26","0.5","3827570","3827570","2990","1283","2990","1283"
"2021-01-25","0","663425","663425","2975","223","2975","223"
"2021-01-22","2.59","178450","178450","2975","61","2975","61"
"2021-01-21","-2.68","61050","61050","2900","21","2900","21"
"2021-01-20","3.29","2667360","2667360","2980","922","2980","922"
"2021-01-19","1.94","1417175","1417175","2885","492","2885","492"
"2021-01-18","-1.91","145425","145425","2830","51","2830","51"
"2021-01-15","-0.17","420850","420850","2885","150","2885","150"
"2021-01-14","-0.34","2760550","2760550","2890","952","2890","952"
"2021-01-13","0.35","174000","174000","2900","60","2900","60"
"2021-01-12","-0.34","118490","118490","2890","41","2890","41"
"2021-01-11","3.57","1044000","1044000","2900","360","2900","360"
"2021-01-08","0","20521050","20521050","2800","7594","2800","7594"
"2021-01-07","-3.45","6067800","6067800","2800","2167","2800","2167"
"2021-01-06","3.57","1388950","1388950","2900","503","2900","503"
"2021-01-04","-6.35","2924000","2924000","2800","1040","2800","1040"
"2020-12-31","1.53","5980000","5980000","2990","2000","2990","2000"
"2020-12-30","5.18","409000","409000","2945","143","2945","143"
"2020-12-29","0","45772800","45772800","2800","15276","2800","15276"
"2020-12-28","-3.28","479775","479775","2800","167","2800","167"
"2020-12-24","-3.34","43425","43425","2895","15","2895","15"
"2020-12-23","3.28","1026920","1026920","2995","357","2995","357"
"2020-12-22","0","1382900","1382900","2900","511","2900","511"
"2020-12-21","3.57","754950","754950","2900","253","2900","253"
"2020-12-18","-6.2","1414000","1414000","2800","505","2800","505"
"2020-12-17","-0.33","906740","906740","2985","303","2985","303"
"2020-12-16","0","749225","749225","2995","255","2995","255"
"2020-12-15","5.09","5613400","5613400","2995","1876","2995","1876"
"2020-12-14","5.56","2532825","2532825","2850","913","2850","913"
"2020-12-11","0","15548205","15548205","2700","5759","2700","5759"
"2020-12-10","0","2243680","2243680","2700","831","2700","831"
"2020-12-09","0","5650400","5650400","2700","2102","2700","2102"
"2020-12-08","0.75","7034950","7034950","2700","2607","2700","2607"
"2020-12-07","-0.74","3363680","3363680","2680","1255","2680","1255"
"2020-12-04","0","911565","911565","2700","342","2700","342"
"2020-12-03","0.37","6507310","6507310","2700","2410","2700","2410"
"2020-12-02","-0.37","15149540","15149540","2690","5611","2690","5611"
"2020-12-01","0","35078400","35078400","2700","12992","2700","12992"
"2020-11-30","0","1039500","1039500","2700","385","2700","385"
"2020-11-27","-3.57","13344700","13344700","2700","4961","2700","4961"
"2020-11-26","0","2379750","2379750","2800","850","2800","850"
"2020-11-25","-1.75","4173800","4173800","2800","1489","2800","1489"
"2020-11-24","5.56","3481070","3481070","2850","1223","2850","1223"
"2020-11-23","0","3702390","3702390","2700","1372","2700","1372"
"2020-11-20","0","1174500","1174500","2700","435","2700","435"
"2020-11-19","0","54124200","54124200","2700","20046","2700","20046"
"2020-11-18","0.19","1331580","1331580","2700","494","2700","494"
"2020-11-17","-0.19","156310","156310","2695","58","2695","58"
"2020-11-13","0","1407450","1407450","2700","536","2700","536"
"2020-11-12","0","8595250","8595250","2700","3308","2700","3308"
"2020-11-11","0","756250","756250","2700","280","2700","280"
"2020-11-10","-4.76","1900875","1900875","2700","697","2700","697"
"2020-11-09","-0.18","2835","2835","2835","1","2835","1"
"2020-11-06","1.79","852000","852000","2840","300","2840","300"
"2020-11-05","0.18","1199600","1199600","2790","430","2790","430"
"2020-11-04","3.15","7313575","7313575","2785","2702","2785","2702"
"2020-11-03","0","70160","70160","2700","26","2700","26"
"2020-11-02","0","742500","742500","2700","275","2700","275"
"2020-10-30","0","17004600","17004600","2700","6298","2700","6298"
"2020-10-28","0","22349840","22349840","2700","8865","2700","8865"
"2020-10-27","0","40500","40500","2700","15","2700","15"
"2020-10-26","0","3858300","3858300","2700","1429","2700","1429"
"2020-10-23","0","1843600","1843600","2700","704","2700","704"
"2020-10-22","0","72900","72900","2700","27","2700","27"
"2020-10-21","-2.88","159300","159300","2700","59","2700","59"
"2020-10-20","0.36","277730","277730","2780","100","2780","100"
"2020-10-19","-0.18","27700","27700","2770","10","2770","10"
"2020-10-16","2.97","1267400","1267400","2775","460","2775","460"
"2020-10-15","-0.19","322845","322845","2695","122","2695","122"
"2020-10-14","-2.88","747500","747500","2700","277","2700","277"
"2020-10-13","0","27800","27800","2780","10","2780","10"
"2020-10-12","0","22240","22240","2780","8","2780","8"
"2020-10-09","-0.36","141780","141780","2780","51","2780","51"
"2020-10-07","7.31","13950","13950","2790","5","2790","5"
"2020-10-06","-6.81","718500","718500","2600","275","2600","275"
"2020-10-05","7.31","684360","684360","2790","251","2790","251"
"2020-10-02","-6.81","163510","163510","2600","62","2600","62"
"2020-10-01","-0.18","217630","217630","2790","78","2790","78"
"2020-09-30","-3.45","114720","114720","2795","41","2795","41"
"2020-09-29","3.39","4957120","4957120","2895","1778","2895","1778"
"2020-09-28","-1.06","174260","174260","2800","62","2800","62"
"2020-09-25","7.4","10738225","10738225","2830","4055","2830","4055"
"2020-09-24","7.33","182750","182750","2635","78","2635","78"
"2020-09-23","-16.5","118985","118985","2455","47","2455","47"
"2020-09-22","-2","16668855","16668855","2940","5682","2940","5682"
"2020-09-21","1.69","243000","243000","3000","81","3000","81"
"2020-09-18","3.87","234900","234900","2950","80","2950","80"
"2020-09-17","-4.7","1541600","1541600","2840","540","2840","540"
"2020-09-16","-3.72","424600","424600","2980","142","2980","142"
"2020-09-15","-0.16","558985","558985","3095","181","3095","181"
"2020-09-14","3.33","350300","350300","3100","113","3100","113"
"2020-09-11","5.63","2717375","2717375","3000","906","3000","906"
"2020-09-10","0","220251250","220251250","2840","78656","2840","78656"
"2020-09-09","1.61","3165850","3165850","2840","1115","2840","1115"
"2020-09-08","7.5","4952725","4952725","2795","1901","2795","1901"
"2020-09-07","-7.14","5018130","5018130","2600","1845","2600","1845"
"2020-09-04","-1.41","646800","646800","2800","230","2800","230"
"2020-09-03","0","3279890","3279890","2840","1172","2840","1172"
"2020-09-02","1.43","2021700","2021700","2840","712","2840","712"
"2020-09-01","-6.98","98000","98000","2800","35","2800","35"
"2020-08-31","7.5","543130","543130","3010","181","3010","181"
"2020-08-28","0","6274400","6274400","2800","2268","2800","2268"
"2020-08-27","0","13024955","13024955","2800","4641","2800","4641"
"2020-08-26","-1.41","1175590","1175590","2800","418","2800","418"
"2020-08-25","-0.35","673080","673080","2840","237","2840","237"
"2020-08-24","0","14250","14250","2850","5","2850","5"
"2020-08-21","-1.72","102650","102650","2850","36","2850","36"
"2020-08-20","7.41","2900","2900","2900","1","2900","1"
"2020-08-19","0","1782050","1782050","2700","660","2700","660"
"2020-08-18","-1.82","2732655","2732655","2700","1012","2700","1012"
"2020-08-17","-1.79","2845200","2845200","2750","1034","2750","1034"
"2020-08-14","0","109200","109200","2800","39","2800","39"
"2020-08-13","5.66","9400735","9400735","2800","3507","2800","3507"
"2020-08-12","-7.02","4733520","4733520","2650","1760","2650","1760"
"2020-08-11","0.53","17100","17100","2850","6","2850","6"
"2020-08-10","-2.24","1747395","1747395","2835","611","2835","611"
"2020-08-05","0","440800","440800","2900","152","2900","152"
"2020-08-04","-3.17","628900","628900","2900","216","2900","216"
"2020-08-03","3.28","530115","530115","2995","177","2995","177"
"2020-07-29","-3.33","101000","101000","2900","34","2900","34"
"2020-07-27","0","417000","417000","3000","139","3000","139"
"2020-07-24","3.45","382000","382000","3000","130","3000","130"
"2020-07-23","0","628165","628165","2900","220","2900","220"
"2020-07-22","0","385700","385700","2900","133","2900","133"
"2020-07-21","0","269700","269700","2900","93","2900","93"
"2020-07-20","0","592375","592375","2900","208","2900","208"
"2020-07-17","0","1769000","1769000","2900","610","2900","610"
"2020-07-16","0","620600","620600","2900","214","2900","214"
"2020-07-15","0","849700","849700","2900","293","2900","293"
"2020-07-14","-3.33","2452200","2452200","2900","844","2900","844"
"2020-07-13","-6.25","2446000","2446000","3000","810","3000","810"
"2020-07-10","0","118400","118400","3200","37","3200","37"
"2020-07-09","6.67","12066450","12066450","3200","4198","3200","4198"
"2020-07-08","0","45000","45000","3000","15","3000","15"
"2020-07-07","0","149975","149975","3000","50","3000","50"
"2020-07-06","-4.61","1866000","1866000","3000","622","3000","622"
"2020-07-03","-0.16","1320700","1320700","3145","429","3145","429"
"2020-07-02","-7.35","99685","99685","3150","31","3150","31"
"2020-07-01","0.15","1246760","1246760","3400","367","3400","367"
"2020-06-30","6.09","4006010","4006010","3395","1259","3395","1259"
"2020-06-29","6.67","1948500","1948500","3200","640","3200","640"
"2020-06-25","0","119900","119900","3000","40","3000","40"
"2020-06-24","-1.32","276500","276500","3000","92","3000","92"
"2020-06-23","-0.33","152000","152000","3040","50","3040","50"
"2020-06-22","7.02","3050000","3050000","3050","1000","3050","1000"
"2020-06-19","0","2468100","2468100","2850","866","2850","866"
"2020-06-18","0","26285550","26285550","2850","9223","2850","9223"
"2020-06-17","0","7316500","7316500","2850","2565","2850","2565"
"2020-06-16","-1.72","1384150","1384150","2850","484","2850","484"
"2020-06-15","1.75","14500","14500","2900","5","2900","5"
"2020-06-12","-5","5915400","5915400","2850","2074","2850","2074"
"2020-06-11","0","788975","788975","3000","263","3000","263"
"2020-06-10","0","164750","164750","3000","55","3000","55"
"2020-06-09","5.08","600000","600000","3000","200","3000","200"
"2020-06-08","-4.83","5869135","5869135","2855","2025","2855","2025"
"2020-06-05","1.87","2640610","2640610","3000","882","3000","882"
"2020-06-04","0","209190","209190","2945","72","2945","72"
"2020-06-03","5.18","1562950","1562950","2945","530","2945","530"
"2020-06-02","-4.92","656805","656805","2800","225","2800","225"
"2020-05-29","0","11780","11780","2945","4","2945","4"
"2020-05-28","0","374400","374400","2945","128","2945","128"
"2020-05-27","0","1142660","1142660","2945","388","2945","388"
"2020-05-26","0","29450","29450","2945","10","2945","10"
"2020-05-25","-0.17","58950","58950","2945","20","2945","20"
"2020-05-22","0","841700","841700","2950","305","2950","305"
"2020-05-15","0","44250","44250","2950","15","2950","15"
"2020-05-14","0","212200","212200","2950","72","2950","72"
"2020-05-13","7.27","2674835","2674835","2950","989","2950","989"
"2020-05-12","0","2691805","2691805","2750","970","2750","970"
"2020-05-11","-6.78","1041250","1041250","2750","375","2750","375"
"2020-05-08","-0.84","840730","840730","2950","298","2950","298"
"2020-05-07","-0.83","479250","479250","2975","160","2975","160"
"2020-05-06","7.14","2976650","2976650","3000","1062","3000","1062"
"2020-05-05","1.82","56000","56000","2800","20","2800","20"
"2020-04-29","-1.79","555925","555925","2750","199","2750","199"
"2020-04-28","0","75600","75600","2800","27","2800","27"
"2020-04-24","0","719600","719600","2800","257","2800","257"
"2020-04-23","0","140000","140000","2800","50","2800","50"
"2020-04-22","-3.45","3891370","3891370","2800","1390","2800","1390"
"2020-04-21","3.57","5800","5800","2900","2","2900","2"
"2020-04-20","-1.75","485100","485100","2800","172","2800","172"
"2020-04-16","-2.73","4809500","4809500","2850","1690","2850","1690"
"2020-04-14","5.02","39660415","39660415","2930","14169","2930","14169"
"2020-04-10","-0.18","4402620","4402620","2790","1578","2790","1578"
"2020-04-09","-0.18","438815","438815","2795","157","2795","157"
"2020-04-08","5.66","293000","293000","2800","110","2800","110"
"2020-04-07","-5.36","535980","535980","2650","202","2650","202"
"2020-04-06","0.36","2377535","2377535","2800","851","2800","851"
"2020-04-03","0","2241090","2241090","2790","812","2790","812"
"2020-04-02","1.27","248310","248310","2790","89","2790","89"
"2020-04-01","0","1385015","1385015","2755","502","2755","502"
"2020-03-31","-3.33","195550","195550","2755","70","2755","70"
"2020-03-30","-3.39","359110","359110","2850","123","2850","123"
"2020-03-27","-1.67","634000","634000","2950","212","2950","212"
"2020-03-26","7.14","1212600","1212600","3000","433","3000","433"
"2020-03-25","1.63","56000","56000","2800","20","2800","20"
"2020-03-24","-1.61","22132050","22132050","2755","7922","2755","7922"
"2020-03-23","0","590800","590800","2800","211","2800","211"
"2020-03-20","0","2052400","2052400","2800","733","2800","733"
"2020-03-19","0","1802525","1802525","2800","644","2800","644"
"2020-03-18","0","196000","196000","2800","70","2800","70"
"2020-03-17","0","285600","285600","2800","102","2800","102"
"2020-03-16","0","2779200","2779200","2800","999","2800","999"
"2020-03-13","0","308000","308000","2800","110","2800","110"
"2020-03-12","0","1789150","1789150","2800","639","2800","639"
"2020-03-11","1.82","1004620","1004620","2800","359","2800","359"
"2020-03-10","1.85","110000","110000","2750","40","2750","40"
"2020-03-09","0","3043640","3043640","2700","1127","2700","1127"
"2020-03-06","-3.23","2970855","2970855","2700","1097","2700","1097"
"2020-03-05","-0.36","265675","265675","2790","95","2790","95"
"2020-03-04","0","386700","386700","2800","139","2800","139"
"2020-03-03","-3.61","5157500","5157500","2800","1840","2800","1840"
"2020-03-02","3.75","17430","17430","2905","6","2905","6"
"2020-02-28","0","2190400","2190400","2800","769","2800","769"
"2020-02-27","-3.45","314980","314980","2800","109","2800","109"
"2020-02-26","-2.68","261000","261000","2900","90","2900","90"
"2020-02-25","6.43","104350","104350","2980","35","2980","35"
"2020-02-24","-6.04","239830","239830","2800","84","2800","84"
"2020-02-20","-0.17","170045","170045","2980","57","2980","57"
"2020-02-19","0","35820","35820","2985","12","2985","12"
"2020-02-18","0","94800","94800","2985","30","2985","30"
"2020-02-14","5.85","29850","29850","2985","10","2985","10"
"2020-02-13","-6","218520","218520","2820","78","2820","78"
"2020-02-12","-6.69","1761000","1761000","3000","587","3000","587"
"2020-02-11","0.31","803750","803750","3215","251","3215","251"
"2020-02-10","-0.31","1070370","1070370","3205","334","3205","334"
"2020-02-07","0.16","16075","16075","3215","5","3215","5"
"2020-02-06","-0.16","1414640","1414640","3210","440","3210","440"
"2020-02-04","0.31","106080","106080","3215","33","3215","33"
"2020-02-03","0.16","150685","150685","3205","47","3205","47"
"2020-01-31","0","1110400","1110400","3200","347","3200","347"
"2020-01-30","0","127900","127900","3200","40","3200","40"
"2020-01-29","0.16","452080","452080","3200","141","3200","141"
"2020-01-28","3.06","5551445","5551445","3195","1788","3195","1788"
"2020-01-27","0","12967300","12967300","3100","4183","3100","4183"
"2020-01-24","3.33","1173400","1173400","3100","391","3100","391"
"2020-01-23","0","3405000","3405000","3000","1135","3000","1135"
"2020-01-22","0","815000","815000","3000","265","3000","265"
"2020-01-21","0","3751490","3751490","3000","1251","3000","1251"
"2020-01-20","0.17","1564270","1564270","3000","522","3000","522"
"2020-01-17","-0.17","104875","104875","2995","35","2995","35"
"2020-01-16","7.14","426000","426000","3000","142","3000","142"
"2020-01-15","0.36","1760890","1760890","2800","639","2800","639"
"2020-01-14","-0.36","703080","703080","2790","252","2790","252"
"2020-01-13","3.51","916335","916335","2800","337","2800","337"
"2020-01-10","-3.39","733630","733630","2705","269","2705","269"
"2020-01-09","3.7","4603185","4603185","2800","1703","2800","1703"
"2020-01-08","0","815505","815505","2700","300","2700","300"
"2020-01-07","0","2250100","2250100","2700","833","2700","833"
"2020-01-06","0.19","16135350","16135350","2700","5980","2700","5980"
"2020-01-03","0.37","485250","485250","2695","180","2695","180"
"2020-01-02","-4.11","1250100","1250100","2685","465","2685","465"
"2019-12-31","0","14000","14000","2800","5","2800","5"
"2019-12-30","0.18","60953330","60953330","2800","22413","2800","22413"
"2019-12-27","0","2277940","2277940","2795","814","2795","814"
"2019-12-26","0","2623370","2623370","2795","941","2795","941"
"2019-12-24","-0.18","354965","354965","2795","127","2795","127"
"2019-12-23","-0.36","532100","532100","2800","190","2800","190"
"2019-12-20","-2.94","14174485","14174485","2810","5043","2810","5043"
"2019-12-19","0.17","460330","460330","2895","159","2895","159"
"2019-12-18","0","365510","365510","2890","128","2890","128"
"2019-12-17","4.9","2908210","2908210","2890","1035","2890","1035"
"2019-12-16","0","278255","278255","2755","101","2755","101"
"2019-12-13","-1.61","5347590","5347590","2755","1910","2755","1910"
"2019-12-12","3.7","834250","834250","2800","302","2800","302"
"2019-12-11","0","4398300","4398300","2700","1629","2700","1629"
"2019-12-10","3.85","6290955","6290955","2700","2341","2700","2341"
"2019-12-09","0","8377200","8377200","2600","3222","2600","3222"
"2019-12-06","-3.7","18704305","18704305","2600","6961","2600","6961"
"2019-12-05","0","367890","367890","2700","137","2700","137"
"2019-12-04","0","955800","955800","2700","354","2700","354"
"2019-12-03","0","5205100","5205100","2700","1928","2700","1928"
"2019-12-02","-5.26","3578400","3578400","2700","1322","2700","1322"
"2019-11-29","5.56","2828100","2828100","2850","1000","2850","1000"
"2019-11-28","0","909900","909900","2700","337","2700","337"
"2019-11-27","-2.88","640390","640390","2700","236","2700","236"
"2019-11-26","-0.18","347875","347875","2780","125","2780","125"
"2019-11-25","3.15","27850","27850","2785","10","2785","10"
"2019-11-22","-3.57","815400","815400","2700","302","2700","302"
"2019-11-21","0","176700","176700","2800","63","2800","63"
"2019-11-20","0","728000","728000","2800","260","2800","260"
"2019-11-19","-0.36","207200","207200","2800","74","2800","74"
"2019-11-18","0","28100","28100","2810","10","2810","10"
"2019-11-14","-1.4","320945","320945","2810","114","2810","114"
"2019-11-13","1.42","498750","498750","2850","175","2850","175"
"2019-11-12","-1.4","2065765","2065765","2810","730","2810","730"
"2019-11-11","1.79","4924800","4924800","2850","1743","2850","1743"
"2019-11-08","0","95200","95200","2800","34","2800","34"
"2019-11-07","0","173600","173600","2800","62","2800","62"
"2019-11-06","-1.75","3288750","3288750","2800","1155","2800","1155"
"2019-11-05","0","11400","11400","2850","4","2850","4"
"2019-11-04","0","14250","14250","2850","5","2850","5"
"2019-10-31","1.79","19950","19950","2850","7","2850","7"
"2019-10-30","-1.23","1667210","1667210","2800","583","2800","583"
"2019-10-29","0.53","2555890","2555890","2835","906","2835","906"
"2019-10-28","-2.59","7574520","7574520","2820","2686","2820","2686"
"2019-10-24","-0.17","3163870","3163870","2895","1091","2895","1091"
"2019-10-22","0","9667010","9667010","2900","3417","2900","3417"
"2019-10-21","0","1413400","1413400","2900","486","2900","486"
"2019-10-18","-3.33","5274500","5274500","2900","1800","2900","1800"
"2019-10-17","0","282000","282000","3000","94","3000","94"
"2019-10-15","-6.69","234000","234000","3000","78","3000","78"
"2019-10-14","7.35","631195","631195","3215","198","3215","198"
"2019-10-11","5.09","518410","518410","2995","173","2995","173"
"2019-10-09","1.79","285025","285025","2850","100","2850","100"
"2019-10-08","-6.51","1355225","1355225","2800","468","2800","468"
"2019-10-04","0.17","3123300","3123300","2995","1042","2995","1042"
"2019-10-03","0","5980","5980","2990","2","2990","2"
"2019-10-02","6.79","149500","149500","2990","50","2990","50"
"2019-09-30","0","560000","560000","2800","200","2800","200"
"2019-09-27","0","221200","221200","2800","79","2800","79"
"2019-09-26","-1.75","56000","56000","2800","20","2800","20"
"2019-09-25","1.79","206740","206740","2850","72","2850","72"
"2019-09-24","0.54","98000","98000","2800","35","2800","35"
"2019-09-23","-7.17","1926485","1926485","2785","690","2785","690"
"2019-09-20","0","30000","30000","3000","10","3000","10"
"2019-09-19","4.53","435000","435000","3000","145","3000","145"
"2019-09-18","-7.42","468140","468140","2870","162","2870","162"
"2019-09-17","0","77500","77500","3100","25","3100","25"
"2019-09-16","0","240174350","240174350","3100","80057","3100","80057"
"2019-09-13","0","9300","9300","3100","3","3100","3"
"2019-09-12","-1.74","952700","952700","3100","302","3100","302"
"2019-09-11","0.16","797510","797510","3155","252","3155","252"
"2019-09-10","5","578705","578705","3150","184","3150","184"
"2019-09-09","0","36090","36090","3000","12","3000","12"
"2019-09-04","0","690000","690000","3000","230","3000","230"
"2019-09-03","0","252000","252000","3000","84","3000","84"
"2019-09-02","0","187800","187800","3000","62","3000","62"
"2019-08-29","-4.46","27000","27000","3000","9","3000","9"
"2019-08-28","2.95","43960","43960","3140","14","3140","14"
"2019-08-27","0","1667380","1667380","3050","547","3050","547"
"2019-08-26","-3.02","122000","122000","3050","40","3050","40"
"2019-08-23","0","34595","34595","3145","11","3145","11"
"2019-08-22","4.83","44030","44030","3145","14","3145","14"
"2019-08-21","-6.25","2464185","2464185","3000","814","3000","814"
"2019-08-20","1.59","507500","507500","3200","161","3200","161"
"2019-08-19","0","522900","522900","3150","166","3150","166"
"2019-08-16","-4.55","37800","37800","3150","12","3150","12"
"2019-08-14","4.43","95700","95700","3300","29","3300","29"
"2019-08-13","-4.24","140640","140640","3160","43","3160","43"
"2019-08-09","0","66000","66000","3300","20","3300","20"
"2019-08-08","0","33000","33000","3300","10","3300","10"
"2019-08-06","1.69","1803100","1803100","3300","557","3300","557"
"2019-08-05","0","16225","16225","3245","5","3245","5"
"2019-08-02","-0.15","32450","32450","3245","10","3245","10"
"2019-08-01","0","9304960","9304960","3250","2863","3250","2863"
"2019-07-31","-7.14","202600","202600","3250","60","3250","60"
"2019-07-30","6.06","1375500","1375500","3500","393","3500","393"
"2019-07-29","0","297100","297100","3300","90","3300","90"
"2019-07-25","-0.9","123900","123900","3300","38","3300","38"
"2019-07-24","7.42","233100","233100","3330","70","3330","70"
"2019-07-22","-1.59","848125","848125","3100","265","3100","265"
"2019-07-17","1.61","31500","31500","3150","10","3150","10"
"2019-07-16","0","31000","31000","3100","10","3100","10"
"2019-07-15","3.33","1333000","1333000","3100","430","3100","430"
"2019-07-12","-3.23","376850","376850","3000","124","3000","124"
"2019-07-11","1.64","387500","387500","3100","125","3100","125"
"2019-07-10","0","112850","112850","3050","37","3050","37"
"2019-07-09","-1.61","400900","400900","3050","128","3050","128"
"2019-07-08","0","6472800","6472800","3100","2088","3100","2088"
"2019-07-05","1.64","204600","204600","3100","66","3100","66"
"2019-07-04","1.67","529500","529500","3050","174","3050","174"
"2019-07-03","-3.23","1788000","1788000","3000","587","3000","587"
"2019-07-02","2.65","244900","244900","3100","80","3100","80"
"2019-07-01","-0.98","6040","6040","3020","2","3020","2"
"2019-06-28","0.99","244000","244000","3050","80","3050","80"
"2019-06-27","0","69460","69460","3020","23","3020","23"
"2019-06-26","0","2283500","2283500","3020","761","3020","761"
"2019-06-25","-0.98","286640","286640","3020","94","3020","94"
"2019-06-24","-1.61","30805000","30805000","3050","10100","3050","10100"
"2019-06-21","0","4916100","4916100","3100","1538","3100","1538"
"2019-06-20","0","31000","31000","3100","10","3100","10"
"2019-06-19","0","1602700","1602700","3100","517","3100","517"
"2019-06-18","0","34100","34100","3100","11","3100","11"
"2019-06-17","-3.13","94900","94900","3100","30","3100","30"
"2019-06-14","0","17384800","17384800","3200","5432","3200","5432"
"2019-06-13","-1.84","15249460","15249460","3200","4761","3200","4761"
"2019-06-12","0.62","528020","528020","3260","163","3260","163"
"2019-06-07","1.89","4831500","4831500","3240","1510","3240","1510"
"2019-06-06","2.58","361800","361800","3180","120","3180","120"
"2019-06-05","-2.52","6288850","6288850","3100","2028","3100","2028"
"2019-06-03","0","127200","127200","3180","40","3180","40"
"2019-05-31","0","98580","98580","3180","31","3180","31"
"2019-05-29","0","143100","143100","3180","45","3180","45"
"2019-05-28","6","402840","402840","3180","127","3180","127"
"2019-05-27","-5.96","605700","605700","3000","200","3000","200"
"2019-05-24","2.9","678140","678140","3190","206","3190","206"
"2019-05-23","-2.97","130395","130395","3100","42","3100","42"
"2019-05-22","0.47","734850","734850","3195","230","3195","230"
"2019-05-20","2.58","6360","6360","3180","2","3180","2"
"2019-05-17","3.16","565305","565305","3100","186","3100","186"
"2019-05-16","-1.48","1901435","1901435","3005","631","3005","631"
"2019-05-15","0","305000","305000","3050","100","3050","100"
"2019-05-14","0.66","183000","183000","3050","60","3050","60"
"2019-05-13","-0.66","987920","987920","3030","324","3030","324"
"2019-05-10","-4.09","1026500","1026500","3050","332","3050","332"
"2019-05-09","0","1240100","1240100","3180","390","3180","390"
"2019-05-08","2.58","810780","810780","3180","261","3180","261"
"2019-05-07","0","34100","34100","3100","11","3100","11"
"2019-05-06","-2.52","69160","69160","3100","22","3100","22"
"2019-05-03","-0.47","540600","540600","3180","170","3180","170"
"2019-05-02","0","399375","399375","3195","125","3195","125"
"2019-04-30","0","28755","28755","3195","9","3195","9"
"2019-04-29","6.5","1858230","1858230","3195","618","3195","618"
"2019-04-26","0","441750","441750","3000","145","3000","145"
"2019-04-25","3.45","879000","879000","3000","293","3000","293"
"2019-04-24","3.57","514540","514540","2900","178","2900","178"
"2019-04-23","0","2379500","2379500","2800","850","2800","850"
"2019-04-17","0","280400","280400","2800","101","2800","101"
"2019-04-16","0","2990400","2990400","2800","1068","2800","1068"
"2019-04-15","3.7","28000","28000","2800","10","2800","10"
"2019-04-12","-1.82","1229430","1229430","2700","452","2700","452"
"2019-04-11","1.85","4286185","4286185","2750","1571","2750","1571"
"2019-04-10","-1.82","240550","240550","2700","89","2700","89"
"2019-04-09","-0.72","156700","156700","2750","57","2750","57"
"2019-04-08","-3.82","942700","942700","2770","340","2770","340"
"2019-04-05","0","31680","31680","2880","11","2880","11"
"2019-04-04","2.86","72000","72000","2880","25","2880","25"
"2019-04-03","-2.78","28000","28000","2800","10","2800","10"
"2019-04-02","-0.17","561140","561140","2880","200","2880","200"
"2019-04-01","-0.17","219410","219410","2885","76","2885","76"
"2019-03-29","1.4","3351875","3351875","2890","1160","2890","1160"
"2019-03-28","0","54150","54150","2850","19","2850","19"
"2019-03-27","-1.04","145435","145435","2850","51","2850","51"
"2019-03-26","-0.35","184320","184320","2880","64","2880","64"
"2019-03-25","-0.34","1286075","1286075","2890","445","2890","445"
"2019-03-22","0","1023700","1023700","2900","353","2900","353"
"2019-03-21","-3.01","156600","156600","2900","54","2900","54"
"2019-03-20","3.1","6156900","6156900","2990","2061","2990","2061"
"2019-03-19","-2.85","81200","81200","2900","28","2900","28"
"2019-03-18","-0.17","38820","38820","2985","13","2985","13"
"2019-03-15","-0.17","107640","107640","2990","36","2990","36"
"2019-03-14","0.17","47920","47920","2995","16","2995","16"
"2019-03-13","0","2406950","2406950","2990","805","2990","805"
"2019-03-12","-0.33","1073410","1073410","2990","359","2990","359"
"2019-03-11","0","858000","858000","3000","286","3000","286"
"2019-03-07","0","3519000","3519000","3000","1173","3000","1173"
"2019-03-06","0","3171000","3171000","3000","1057","3000","1057"
"2019-03-05","0","149900","149900","3000","50","3000","50"
"2019-03-04","0","147000","147000","3000","49","3000","49"
"2019-03-01","0","1278000","1278000","3000","426","3000","426"
"2019-02-28","0","660000","660000","3000","220","3000","220"
"2019-02-27","0","606000","606000","3000","202","3000","202"
"2019-02-26","0","942650","942650","3000","313","3000","313"
"2019-02-25","-3.23","183000","183000","3000","60","3000","60"
"2019-02-22","3.33","560800","560800","3100","179","3100","179"
"2019-02-21","0","90075","90075","3000","30","3000","30"
"2019-02-20","-6.25","363900","363900","3000","120","3000","120"
"2019-02-19","0","73600","73600","3200","23","3200","23"
"2019-02-18","0","320000","320000","3200","100","3200","100"
"2019-02-15","0","16000","16000","3200","5","3200","5"
"2019-02-14","0","448000","448000","3200","140","3200","140"
"2019-02-13","3.23","25600","25600","3200","8","3200","8"
"2019-02-12","-3.13","361500","361500","3100","115","3100","115"
"2019-02-11","0","105600","105600","3200","33","3200","33"
"2019-02-08","0","80000","80000","3200","25","3200","25"
"2019-02-07","0","44800","44800","3200","14","3200","14"
"2019-02-06","-0.78","172800","172800","3200","54","3200","54"
"2019-02-05","7.5","2270750","2270750","3225","752","3225","752"
"2019-02-01","0","34200","34200","3000","11","3000","11"
"2019-01-31","-6.25","422770","422770","3000","132","3000","132"
"2019-01-30","6.67","3200","3200","3200","1","3200","1"
"2019-01-29","-4.76","6599590","6599590","3000","2197","3000","2197"
"2019-01-28","1.61","15750","15750","3150","5","3150","5"
"2019-01-25","-4.47","390600","390600","3100","126","3100","126"
"2019-01-24","-4.56","682990","682990","3245","207","3245","207"
"2019-01-23","-5.56","112200","112200","3400","33","3400","33"
"2019-01-22","0.14","309600","309600","3600","86","3600","86"
"2019-01-21","5.74","539055","539055","3595","161","3595","161"
"2019-01-17","0","914600","914600","3400","269","3400","269"
"2019-01-16","-0.73","119300","119300","3400","35","3400","35"
"2019-01-14","-2.14","782770","782770","3425","228","3425","228"
"2019-01-11","0","256250","256250","3500","73","3500","73"
"2019-01-09","-4.11","371100","371100","3500","105","3500","105"
"2019-01-08","-5.19","167750","167750","3650","45","3650","45"
"2019-01-07","0","955500","955500","3850","247","3850","247"
"2019-01-04","4.05","472700","472700","3850","124","3850","124"
"2019-01-03","-4.76","14877000","14877000","3700","4020","3700","4020"
"2019-01-02","0","155390","155390","3885","40","3885","40"
"2018-12-31","-0.38","3885","3885","3885","1","3885","1"
"2018-12-28","-2.38","2458830","2458830","3900","632","3900","632"
"2018-12-26","2.44","589750","589750","3995","150","3995","150"
"2018-12-24","5.98","663000","663000","3900","170","3900","170"
"2018-12-21","7.45","504160","504160","3680","137","3680","137"
"2018-12-20","0.74","9364515","9364515","3425","2737","3425","2737"
"2018-12-19","-0.87","71458000","71458000","3400","21017","3400","21017"
"2018-12-18","-2","216160","216160","3430","62","3430","62"
"2018-12-17","-2.51","175000","175000","3500","50","3500","50"
"2018-12-14","-5.53","563785","563785","3590","156","3590","156"
"2018-12-13","-1.17","247350","247350","3800","65","3800","65"
"2018-12-12","-1.41","3845","3845","3845","1","3845","1"
"2018-12-10","0","175500","175500","3900","45","3900","45"
"2018-12-07","0","261300","261300","3900","67","3900","67"
"2018-12-05","0.13","791410","791410","3900","203","3900","203"
"2018-12-04","-2.63","85690","85690","3895","22","3895","22"
"2018-11-29","0","20000","20000","4000","5","4000","5"
"2018-11-28","0","2068000","2068000","4000","507","4000","507"
"2018-11-27","0","40000","40000","4000","10","4000","10"
"2018-11-26","0","344000","344000","4000","86","4000","86"
"2018-11-23","6.67","2894150","2894150","4000","749","4000","749"
"2018-11-22","0","18900","18900","3750","5","3750","5"
"2018-11-21","-1.32","275390","275390","3750","73","3750","73"
"2018-11-19","2.7","140350","140350","3800","37","3800","37"
"2018-11-16","5.26","893550","893550","3700","254","3700","254"
"2018-11-14","0","316350","316350","3515","90","3515","90"
"2018-11-13","-2.36","10163335","10163335","3515","3009","3515","3009"
"2018-11-12","4.35","2888550","2888550","3600","803","3600","803"
"2018-11-08","0","13800","13800","3450","4","3450","4"
"2018-11-07","0","69000","69000","3450","20","3450","20"
"2018-11-06","7.48","2250450","2250450","3450","701","3450","701"
"2018-11-05","0.31","16803290","16803290","3210","5235","3210","5235"
"2018-11-02","0","54400","54400","3200","17","3200","17"
"2018-10-31","0","96000","96000","3200","30","3200","30"
"2018-10-30","0.16","518340","518340","3200","162","3200","162"
"2018-10-29","0","92435","92435","3195","29","3195","29"
"2018-10-26","0","111865","111865","3195","35","3195","35"
"2018-10-24","-0.47","60200535","60200535","3195","18682","3195","18682"
"2018-10-23","0","258900","258900","3210","80","3210","80"
"2018-10-22","-1.23","19260","19260","3210","6","3210","6"
"2018-10-19","1.56","94250","94250","3250","29","3250","29"
"2018-10-18","-4.05","96000","96000","3200","30","3200","30"
"2018-10-17","-1.91","73955","73955","3335","22","3335","22"
"2018-10-16","6.25","7993000","7993000","3400","2438","3400","2438"
"2018-10-15","-3.03","1344000","1344000","3200","420","3200","420"
"2018-10-11","3.29","216285","216285","3300","65","3300","65"
"2018-10-10","-7.39","245290","245290","3195","72","3195","72"
"2018-10-09","-1.43","520000","520000","3450","150","3450","150"
"2018-10-08","-2.78","1038400","1038400","3500","293","3500","293"
"2018-10-05","-1.23","487240","487240","3600","135","3600","135"
"2018-10-04","0","5145275","5145275","3645","1402","3645","1402"
"2018-10-03","0","272250","272250","3645","75","3645","75"
"2018-10-02","0","167670","167670","3645","46","3645","46"
"2018-09-28","1.25","662630","662630","3645","184","3645","184"
"2018-09-27","0","25200","25200","3600","7","3600","7"
"2018-09-26","-2.7","2110800","2110800","3600","580","3600","580"
"2018-09-25","-1.33","407000","407000","3700","110","3700","110"
"2018-09-24","1.35","75500","75500","3750","20","3750","20"
"2018-09-21","2.78","18500","18500","3700","5","3700","5"
"2018-09-19","0","1155550","1155550","3600","321","3600","321"
"2018-09-18","0","2527200","2527200","3600","702","3600","702"
"2018-09-17","-0.14","3495675","3495675","3600","971","3600","971"
"2018-09-14","-1.23","925510","925510","3605","257","3605","257"
"2018-09-13","-7.48","154850","154850","3650","40","3650","40"
"2018-09-10","-1.13","39695","39695","3945","10","3945","10"
"2018-09-07","-0.25","183560","183560","3990","46","3990","46"
"2018-09-06","0","52000","52000","4000","13","4000","13"
"2018-09-05","0","400000","400000","4000","100","4000","100"
"2018-09-04","-3.15","7757925","7757925","4000","1947","4000","1947"
"2018-08-30","0","20650","20650","4130","5","4130","5"
"2018-08-29","-0.48","336110","336110","4130","81","4130","81"
"2018-08-28","-0.48","1166350","1166350","4150","281","4150","281"
"2018-08-27","0.48","575460","575460","4170","138","4170","138"
"2018-08-24","0","41500","41500","4150","10","4150","10"
"2018-08-23","6.41","910900","910900","4150","221","4150","221"
"2018-08-22","2.63","390000","390000","3900","100","3900","100"
"2018-08-20","5.56","15647950","15647950","3800","4281","3800","4281"
"2018-08-17","-3.87","1521930","1521930","3600","412","3600","412"
"2018-08-16","-1.45","1937530","1937530","3745","516","3745","516"
"2018-08-14","0","5316500","5316500","3800","1402","3800","1402"
"2018-08-13","-2.44","924490","924490","3800","238","3800","238"
"2018-08-10","0","4092480","4092480","3895","1076","3895","1076"
"2018-08-09","-0.13","837575","837575","3895","215","3895","215"
"2018-08-08","0.13","314850","314850","3900","80","3900","80"
"2018-08-03","-0.13","1840800","1840800","3895","470","3895","470"
"2018-08-02","1.3","623600","623600","3900","160","3900","160"
"2018-08-01","1.18","73150","73150","3850","19","3850","19"
"2018-07-31","0.13","1024540","1024540","3805","266","3805","266"
"2018-07-30","-2.56","526000","526000","3800","137","3800","137"
"2018-07-27","-2.5","215650","215650","3900","56","3900","56"
"2018-07-26","0","260000","260000","4000","65","4000","65"
"2018-07-25","0","760000","760000","4000","190","4000","190"
"2018-07-24","-0.62","60800","60800","4000","15","4000","15"
"2018-07-23","-1.83","159375","159375","4025","39","4025","39"
"2018-07-20","2.63","7826500","7826500","4100","2057","4100","2057"
"2018-07-19","2.44","9841100","9841100","3995","2442","3995","2442"
"2018-07-18","-2.5","163800","163800","3900","42","3900","42"
"2018-07-17","0","240000","240000","4000","60","4000","60"
"2018-07-16","-1.23","328300","328300","4000","82","4000","82"
"2018-07-13","-1.22","81600","81600","4050","20","4050","20"
"2018-07-12","-1.2","743750","743750","4100","181","4100","181"
"2018-07-11","-6","2554250","2554250","4150","612","4150","612"
"2018-07-10","-0.67","159470","159470","4415","36","4415","36"
"2018-07-09","0","288725","288725","4445","65","4445","65"
"2018-07-06","0","66725","66725","4445","15","4445","15"
"2018-07-05","-1.22","283060","283060","4445","63","4445","63"
"2018-07-03","7.14","2406360","2406360","4500","535","4500","535"
"2018-07-02","1.2","237300","237300","4200","57","4200","57"
"2018-06-29","1.22","332000","332000","4150","80","4150","80"
"2018-06-28","-1.2","459200","459200","4100","112","4100","112"
"2018-06-27","0.61","720875","720875","4150","175","4150","175"
"2018-06-26","-0.6","22611825","22611825","4125","5529","4125","5529"
"2018-06-25","-1.19","79350","79350","4150","19","4150","19"
"2018-06-22","5","470400","470400","4200","112","4200","112"
"2018-06-21","0","326750","326750","4000","82","4000","82"
"2018-06-20","0","232000","232000","4000","58","4000","58"
"2018-06-19","0","3126930","3126930","4000","795","4000","795"
"2018-06-18","2.56","20000","20000","4000","5","4000","5"
"2018-06-15","-2.5","3920450","3920450","3900","1005","3900","1005"
"2018-06-13","0.13","444000","444000","4000","111","4000","111"
"2018-06-12","0","531335","531335","3995","133","3995","133"
"2018-06-08","0.5","441220","441220","3995","111","3995","111"
"2018-06-07","0","59625","59625","3975","15","3975","15"
"2018-06-06","7.43","2387575","2387575","3975","625","3975","625"
"2018-06-05","0.14","533400","533400","3700","146","3700","146"
"2018-06-04","-2.76","15560080","15560080","3695","4200","3695","4200"
"2018-06-01","-2.44","1079850","1079850","3800","281","3800","281"
"2018-05-31","6.71","520275","520275","3895","140","3895","140"
"2018-05-30","0","693500","693500","3650","190","3650","190"
"2018-05-28","-6.05","46419075","46419075","3650","12660","3650","12660"
"2018-05-25","-0.38","3462325","3462325","3885","890","3885","890"
"2018-05-24","0","39000","39000","3900","10","3900","10"
"2018-05-23","5.98","1328650","1328650","3900","351","3900","351"
"2018-05-22","-7.42","144700","144700","3680","39","3680","39"
"2018-05-18","0.63","38024875","38024875","3975","10402","3975","10402"
"2018-05-17","5.33","38213325","38213325","3950","9674","3950","9674"
"2018-05-16","-3.85","7969990","7969990","3750","2160","3750","2160"
"2018-05-15","-1.89","273000","273000","3900","70","3900","70"
"2018-05-14","0","1284225","1284225","3975","324","3975","324"
"2018-05-11","1.92","278250","278250","3975","70","3975","70"
"2018-05-09","2.63","159900","159900","3900","41","3900","41"
"2018-05-08","-2.56","190000","190000","3800","50","3800","50"
"2018-05-07","-2.5","937675","937675","3900","245","3900","245"
"2018-05-04","0","599130","599130","4000","150","4000","150"
"2018-05-03","0","68000","68000","4000","17","4000","17"
"2018-05-02","0","5151250","5151250","4000","1288","4000","1288"
"2018-04-30","-2.44","6498700","6498700","4000","1606","4000","1606"
"2018-04-27","0.74","704940","704940","4100","175","4100","175"
"2018-04-26","-1.93","5433750","5433750","4070","1326","4070","1326"
"2018-04-25","-1.19","6182610","6182610","4150","1505","4150","1505"
"2018-04-24","-3.78","8282500","8282500","4200","1970","4200","1970"
"2018-04-23","5.18","417600","417600","4365","100","4365","100"
"2018-04-20","1.22","7772290","7772290","4150","1929","4150","1929"
"2018-04-19","-2.38","352075","352075","4100","85","4100","85"
"2018-04-18","-5.62","1287480","1287480","4200","306","4200","306"
"2018-04-17","-2.41","280610","280610","4450","63","4450","63"
"2018-04-16","6.05","998000","998000","4560","226","4560","226"
"2018-04-13","-0.23","4989690","4989690","4300","1094","4300","1094"
"2018-04-12","7.48","215500","215500","4310","50","4310","50"
"2018-04-10","0.25","537450","537450","4010","126","4010","126"
"2018-04-09","-2.44","75900","75900","4000","18","4000","18"
"2018-04-06","-2.38","964700","964700","4100","235","4100","235"
"2018-04-05","0","1707925","1707925","4200","408","4200","408"
"2018-04-04","0","357000","357000","4200","85","4200","85"
"2018-04-03","3.19","1865430","1865430","4200","457","4200","457"
"2018-03-30","-7.5","1419215","1419215","4070","343","4070","343"
"2018-03-29","-1.12","3910940","3910940","4400","887","4400","887"
"2018-03-28","-0.89","1985140","1985140","4450","446","4450","446"
"2018-03-27","-1.75","1055390","1055390","4490","236","4490","236"
"2018-03-26","-0.44","654175","654175","4570","145","4570","145"
"2018-03-23","-2.34","969990","969990","4590","211","4590","211"
"2018-03-22","0","1287650","1287650","4700","274","4700","274"
"2018-03-21","0","129038000","129038000","4700","27455","4700","27455"
"2018-03-20","0","10412200","10412200","4700","2255","4700","2255"
"2018-03-19","1.84","1874125","1874125","4700","387","4700","387"
"2018-03-16","-1.81","192275","192275","4615","41","4615","41"
"2018-03-15","-1.98","2471595","2471595","4700","526","4700","526"
"2018-03-14","4.01","382005","382005","4795","79","4795","79"
"2018-03-13","-1.91","3511650","3511650","4610","765","4610","765"
"2018-03-12","7.31","922785","922785","4700","197","4700","197"
"2018-03-09","7.48","586290","586290","4380","141","4380","141"
"2018-03-08","0","130400","130400","4075","32","4075","32"
"2018-03-07","0","288200","288200","4075","71","4075","71"
"2018-03-06","2","984550","984550","4075","242","4075","242"
"2018-03-05","5.27","1567855","1567855","3995","414","3995","414"
"2018-03-02","0","2202450","2202450","3795","580","3795","580"
"2018-03-01","2.57","2433810","2433810","3795","652","3795","652"
"2018-02-28","-2.5","1262755","1262755","3700","337","3700","337"
"2018-02-27","5.42","4201290","4201290","3795","1132","3795","1132"
"2018-02-26","-4","5410695","5410695","3600","1492","3600","1492"
"2018-02-23","0.67","3541700","3541700","3750","954","3750","954"
"2018-02-22","-0.67","249275","249275","3725","67","3725","67"
"2018-02-21","1.35","3793205","3793205","3750","1018","3750","1018"
"2018-02-20","0","4386050","4386050","3700","1177","3700","1177"
"2018-02-19","-1.33","4319100","4319100","3700","1153","3700","1153"
"2018-02-16","-1.32","2275890","2275890","3750","607","3750","607"
"2018-02-15","0","8364000","8364000","3800","2290","3800","2290"
"2018-02-14","0","2029400","2029400","3800","541","3800","541"
"2018-02-13","0","1191750","1191750","3800","315","3800","315"
"2018-02-12","2.7","717660","717660","3800","194","3800","194"
"2018-02-09","0","128983755","128983755","3700","35755","3700","35755"
"2018-02-08","1.37","3700000","3700000","3700","1000","3700","1000"
"2018-02-07","0","1626950","1626950","3650","460","3650","460"
"2018-02-06","-1.08","5532300","5532300","3650","1570","3650","1570"
"2018-02-05","-1.6","2504225","2504225","3690","682","3690","682"
"2018-02-02","-1.32","1425450","1425450","3750","380","3750","380"
"2018-02-01","2.7","2323845","2323845","3800","661","3800","661"
"2018-01-31","-5.13","889200","889200","3700","237","3700","237"
"2018-01-30","-2.5","837000","837000","3900","211","3900","211"
"2018-01-29","-5.99","2800000","2800000","4000","700","4000","700"
"2018-01-26","-7.5","544255","544255","4255","121","4255","121"
"2018-01-25","-5.93","345850","345850","4600","76","4600","76"
"2018-01-24","-1.21","4124250","4124250","4890","891","4890","891"
"2018-01-23","-1","154290","154290","4950","31","4950","31"
"2018-01-22","-5.66","872000","872000","5000","168","5000","168"
"2018-01-19","-1.85","286000","286000","5300","54","5300","54"
"2018-01-18","-6.9","2160350","2160350","5400","386","5400","386"
"2018-01-17","5.45","346350","346350","5800","60","5800","60"
"2018-01-16","2.52","259250","259250","5500","47","5500","47"
"2018-01-15","-7.5","441530","441530","5365","77","5365","77"
"2018-01-12","0","794600","794600","5800","137","5800","137"
"2018-01-11","-0.85","249400","249400","5800","43","5800","43"
"2018-01-10","0","1020240","1020240","5850","175","5850","175"
"2018-01-09","0","128740","128740","5850","22","5850","22"
"2018-01-08","-0.85","3216500","3216500","5850","550","5850","550"
"2018-01-05","0","2784300","2784300","5900","477","5900","477"
"2018-01-04","-0.34","505950","505950","5900","86","5900","86"
"2018-01-03","2.07","292240","292240","5920","49","5920","49"
"2018-01-02","-1.86","440400","440400","5800","75","5800","75"
"2017-12-29","7.45","5424850","5424850","5910","979","5910","979"
"2017-12-28","5.77","10389500","10389500","5500","1889","5500","1889"
"2017-12-27","0","3010720","3010720","5200","580","51995","58"
"2017-12-26","-0.19","1834010","1834010","5200","360","51995","36"
"2017-12-22","7.42","762600","762600","5210","150","52100","15"
"2017-12-21","5.43","1261000","1261000","4850","260","48500","26"
"2017-12-20","6.98","460000","460000","4600","100","46000","10"
"2017-12-19","0","4300000","4300000","4300","1000","43000","100"
"2017-12-18","6.3","4089750","4089750","4300","950","43000","95"
"2017-12-15","7.49","3310675","3310675","4045","900","40445","90"
"2017-12-14","7.51","376250","376250","3763","100","37625","10"
"2017-12-13","6.06","846550","846550","3500","270","35000","27"
"2017-12-12","0","13767830","13767830","3300","4290","33000","429"
"2017-12-11","5.97","330000","330000","3300","100","33000","10"
"2017-12-08","7.49","4897945","4897945","3114","1680","31140","168"
"2017-12-07","-0.07","2607940","2607940","2897","900","28970","90"
"2017-12-05","-0.03","1507230","1507230","2899","520","28985","52"
"2017-12-04","-3.33","2053000","2053000","2900","690","29000","69"
"2017-11-30","0","2132000","2132000","3000","710","30000","71"
"2017-11-29","0","1270500","1270500","3000","420","30000","42"
"2017-11-28","0","299975","299975","3000","100","29995","10"
"2017-11-27","-5.51","1283225","1283225","3000","410","30000","41"
"2017-11-24","-7.49","193070","193070","3175","60","31750","6"
"2017-11-23","-7.47","171600","171600","3432","50","34320","5"
"2017-11-22","-7.46","487990","487990","3709","130","37090","13"
"2017-11-21","-7.44","40080","40080","4008","10","40080","1"
"2017-11-14","-0.46","432900","432900","4330","100","43300","10"
"2017-11-10","0","348000","348000","4350","80","43500","8"
"2017-11-08","-5.43","522000","522000","4350","120","43500","12"
"2017-11-07","-2.25","2186600","2186600","4600","480","46000","48"
"2017-11-03","0","800020","800020","4706","170","47060","17"
"2017-11-02","0","1507040","1507040","4706","320","47060","32"
"2017-10-31","-7.51","188240","188240","4706","40","47060","4"
"2017-10-30","-7.49","206625","206625","5088","40","50875","4"
"2017-10-26","-0.9","219980","219980","5500","40","54995","4"
"2017-10-23","0","166500","166500","5550","30","55500","3"
"2017-10-20","0","222000","222000","5550","40","55500","4"
"2017-10-19","0","1942500","1942500","5550","350","55500","35"
"2017-10-18","0","111000","111000","5550","20","55500","2"
"2017-10-17","0","2664000","2664000","5550","480","55500","48"
"2017-10-16","-0.89","5579380","5579380","5550","1000","55500","100"
"2017-10-13","2.6","68276175","68276175","5600","12510","56000","1251"
"2017-10-12","-7.49","1480650","1480650","5458","270","54575","27"
"2017-10-11","5.36","73566815","73566815","5900","12470","58995","1247"
"2017-10-09","-5.08","5600000","5600000","5600","1000","56000","100"
"2017-10-06","-1.67","767000","767000","5900","130","59000","13"
"2017-10-03","-1.64","6679875","6679875","6000","1140","60000","114"
"2017-10-02","-5.43","1220000","1220000","6100","200","61000","20"
"2017-09-29","7.5","6129000","6129000","6450","1020","64500","102"
"2017-09-28","1.69","2340000","2340000","6000","390","60000","39"
"2017-09-27","-1.67","116000","116000","5900","20","59000","2"
"2017-09-22","2.04","180000","180000","6000","30","60000","3"
"2017-09-21","0","2762800","2762800","5880","470","58800","47"
"2017-09-20","-2","16193990","16193990","5880","2750","58800","275"
"2017-09-15","0","299975","299975","6000","50","59995","5"
"2017-09-14","0","840000","840000","6000","140","60000","14"
"2017-09-13","0","960000","960000","6000","160","60000","16"
"2017-09-12","0.17","6599800","6599800","6000","1100","60000","110"
"2017-09-11","0","119800","119800","5990","20","59900","2"
"2017-09-07","-0.17","179700","179700","5990","30","59900","3"
"2017-09-06","5.26","335000","335000","6000","60","60000","6"
"2017-09-05","-5","3249000","3249000","5700","570","57000","57"
"2017-09-04","-3.07","900000","900000","6000","150","60000","15"
"2017-08-31","-0.16","1961800","1961800","6190","320","61900","32"
"2017-08-23","3.33","16330000","16330000","6200","2840","62000","284"
"2017-08-22","0","240000","240000","6000","40","60000","4"
"2017-08-21","7.14","11856830","11856830","6000","2020","60000","202"
"2017-08-18","-6.98","8612000","8612000","5600","1520","56000","152"
"2017-08-17","7.48","3653500","3653500","6020","650","60200","65"
"2017-08-16","0.07","1156695","1156695","5601","200","56005","20"
"2017-08-14","-7.49","167895","167895","5597","30","55965","3"
"2017-08-11","-2.42","4842000","4842000","6050","780","60500","78"
"2017-08-10","3.33","120713475","120713475","6200","19490","61995","1949"
"2017-08-09","-0.02","13559980","13559980","6000","2260","60000","226"
"2017-08-08","0.02","3120250","3120250","6001","520","60005","52"
"2017-08-04","0","600000","600000","6000","100","60000","10"
"2017-08-03","-4","420000","420000","6000","70","60000","7"
"2017-08-02","4.17","12675490","12675490","6250","2030","62500","203"
"2017-08-01","0","1030500","1030500","6000","180","60000","18"
"2017-07-31","0","779990","779990","6000","130","60000","13"
"2017-07-28","-3.23","1200000","1200000","6000","200","60000","20"
"2017-07-26","-1.59","743995","743995","6200","120","62000","12"
"2017-07-25","-0.79","125990","125990","6300","20","62995","2"
"2017-07-24","0","317500","317500","6350","50","63500","5"
"2017-07-20","-0.78","317500","317500","6350","50","63500","5"
"2017-07-19","0","128000","128000","6400","20","64000","2"
"2017-07-18","0","2880000","2880000","6400","450","64000","45"
"2017-07-17","3.23","192000","192000","6400","30","64000","3"
"2017-07-14","6.9","6152000","6152000","6200","1110","62000","111"
"2017-07-13","5.45","608000","608000","5800","110","58000","11"
"2017-07-12","-5.17","13090000","13090000","5500","2380","55000","238"
"2017-07-11","-3.33","598000","598000","5800","100","58000","10"
"2017-07-10","0","2999975","2999975","6000","500","60000","50"
"2017-07-06","0","2096000","2096000","6000","350","60000","35"
"2017-07-05","0","4255150","4255150","6000","710","59995","71"
"2017-07-04","-4.76","300000","300000","6000","50","60000","5"
"2017-07-03","0","630000","630000","6300","100","63000","10"
"2017-06-30","6.42","7489000","7489000","6300","1270","63000","127"
"2017-06-29","-7.5","118400","118400","5920","20","59200","2"
"2017-06-28","6.67","3259000","3259000","6400","540","64000","54"
"2017-06-27","6.76","8960595","8960595","6000","1610","60000","161"
"2017-06-23","0.34","12119350","12119350","5620","2160","56200","216"
"2017-06-21","1.84","1269010","1269010","5601","230","56005","23"
"2017-06-20","-0.02","3915050","3915050","5500","710","55000","71"
"2017-06-19","0.02","9287765","9287765","5501","1680","55005","168"
"2017-06-16","0","33278000","33278000","5500","6050","55000","605"
"2017-06-15","-6.78","32995010","32995010","5500","5970","55000","597"
"2017-06-14","1.64","1534000","1534000","5900","260","59000","26"
"2017-06-13","7.5","999150","999150","5805","180","58050","18"
"2017-06-12","1.77","108000","108000","5400","20","54000","2"
"2017-06-08","-3.53","7824495","7824495","5306","1470","53055","147"
"2017-06-07","0","796000","796000","5500","140","55000","14"
"2017-06-06","3.77","550500","550500","5500","100","55000","10"
"2017-06-02","-4.5","4112500","4112500","5300","740","53000","74"
"2017-06-01","0","1405045","1405045","5550","250","55500","25"
"2017-05-30","-7.5","10141465","10141465","5550","1700","55500","170"
"2017-05-29","0","9779245","9779245","6000","1630","60000","163"
"2017-05-26","0","11220000","11220000","6000","1870","60000","187"
"2017-05-24","-6.98","7690000","7690000","6000","1260","60000","126"
"2017-05-23","7.5","4521000","4521000","6450","740","64500","74"
"2017-05-22","0","5100000","5100000","6000","850","60000","85"
"2017-05-19","-3.23","13624055","13624055","6000","2270","60000","227"
"2017-05-18","-1.59","1656120","1656120","6200","270","62000","27"
"2017-05-17","0","4340450","4340450","6300","670","63000","67"
"2017-05-16","-6.24","5887000","5887000","6300","910","63000","91"
"2017-05-12","7.5","1453185","1453185","6719","230","67185","23"
"2017-05-11","-0.79","187500","187500","6250","30","62500","3"
"2017-05-09","0","9324000","9324000","6300","1480","63000","148"
"2017-05-08","0","1323000","1323000","6300","210","63000","21"
"2017-05-05","0","4374495","4374495","6300","690","62995","69"
"2017-05-04","-5.97","9501000","9501000","6300","1500","63000","150"
"2017-05-03","0","16211560","16211560","6700","2450","67000","245"
"2017-05-02","3.08","2540000","2540000","6700","400","67000","40"
"2017-04-28","0","195000","195000","6500","30","65000","3"
"2017-04-27","1.56","193000","193000","6500","30","65000","3"
"2017-04-26","-1.54","1812980","1812980","6400","280","64000","28"
"2017-04-25","-5.11","4928985","4928985","6500","730","65000","73"
"2017-04-24","-2.14","753495","753495","6850","110","68495","11"
"2017-04-21","2.93","2724000","2724000","7000","400","70000","40"
"2017-04-20","-2.84","1380050","1380050","6801","200","68005","20"
"2017-04-19","1.89","352350","352350","7000","50","70000","5"
"2017-04-18","-0.43","1793700","1793700","6870","260","68700","26"
"2017-04-14","-0.01","4278050","4278050","6900","620","69000","62"
"2017-04-13","2.24","1852600","1852600","6901","270","69005","27"
"2017-04-12","3.85","337500","337500","6750","50","67500","5"
"2017-04-11","0","1300000","1300000","6500","200","65000","20"
"2017-04-10","0","6630000","6630000","6500","1020","65000","102"
"2017-04-07","-3.7","6240000","6240000","6500","960","65000","96"
"2017-04-06","3.85","67500","67500","6750","10","67500","1"
"2017-04-05","-3.7","1885000","1885000","6500","290","65000","29"
"2017-04-04","0","67500","67500","6750","10","67500","1"
"2017-04-03","0.75","535400","535400","6750","80","67500","8"
"2017-03-31","1.52","1508950","1508950","6700","230","67000","23"
"2017-03-30","6.45","2344010","2344010","6600","370","66000","37"
"2017-03-29","-4.62","1126500","1126500","6200","180","62000","18"
"2017-03-28","0","195000","195000","6500","30","65000","3"
"2017-03-27","-2.99","1606000","1606000","6500","230","65000","23"
"2017-03-24","7.2","323000","323000","6700","50","67000","5"
"2017-03-23","0.99","1573300","1573300","6250","250","62500","25"
"2017-03-22","-7.49","2610965","2610965","6189","400","61885","40"
"2017-03-21","-5.77","893300","893300","6690","130","66900","13"
"2017-03-20","-2.74","4260000","4260000","7100","600","71000","60"
"2017-03-15","-0.68","876500","876500","7300","120","73000","12"
"2017-03-14","5.76","5819000","5819000","7350","800","73500","80"
"2017-03-13","-1.42","10542550","10542550","6950","1520","69500","152"
"2017-03-10","-0.7","773000","773000","7050","110","70500","11"
"2017-03-09","-0.01","497000","497000","7100","70","71000","7"
"2017-03-08","-0.69","284020","284020","7101","40","71005","4"
"2017-03-07","0.69","1067550","1067550","7150","150","71500","15"
"2017-03-06","-4.04","213015","213015","7101","30","71005","3"
"2017-03-03","-1.33","19462115","19462115","7400","2630","74000","263"
"2017-03-02","1.35","6975000","6975000","7500","930","75000","93"
"2017-03-01","0","2960000","2960000","7400","400","74000","40"
"2017-02-28","0","14799000","14799000","7400","2000","74000","200"
"2017-02-27","0","369975","369975","7400","50","73995","5"
"2017-02-24","0","370000","370000","7400","50","74000","5"
"2017-02-23","0","370000","370000","7400","50","74000","5"
"2017-02-22","3.5","874500","874500","7400","120","74000","12"
"2017-02-21","0","20091500","20091500","7150","2810","71500","281"
"2017-02-20","-3.38","858000","858000","7150","120","71500","12"
"2017-02-17","-0.67","296000","296000","7400","40","74000","4"
"2017-02-16","-0.67","372500","372500","7450","50","74500","5"
"2017-02-13","6.99","525000","525000","7500","70","75000","7"
"2017-02-10","0.14","1121100","1121100","7010","160","70100","16"
"2017-02-08","6.79","2662000","2662000","7000","390","70000","39"
"2017-02-03","0.85","852150","852150","6555","130","65550","13"
"2017-02-01","-6.2","325000","325000","6500","50","65000","5"
"2017-01-30","5","2731700","2731700","6930","400","69300","40"
"2017-01-27","1.93","525500","525500","6600","80","66000","8"
"2017-01-26","-4.78","2658000","2658000","6475","410","64750","41"
"2017-01-25","-0.73","1433000","1433000","6800","210","68000","21"
"2017-01-24","-1.15","685000","685000","6850","100","68500","10"
"2017-01-23","0","1801800","1801800","6930","260","69300","26"
"2017-01-20","1.17","2683500","2683500","6930","390","69300","39"
"2017-01-19","-2.14","3288000","3288000","6850","480","68500","48"
"2017-01-18","0","70000","70000","7000","10","70000","1"
"2017-01-17","0.56","700000","700000","7000","100","70000","10"
"2017-01-16","7.51","348025","348025","6961","50","69605","5"
"2017-01-13","-7.5","1395750","1395750","6475","210","64750","21"
"2017-01-12","0","280000","280000","7000","40","70000","4"
"2017-01-11","-1.41","1480000","1480000","7000","210","70000","21"
"2017-01-10","1.43","71000","71000","7100","10","71000","1"
"2017-01-09","-4.11","713500","713500","7000","100","70000","10"
"2017-01-05","-6.61","374800","374800","7300","50","73000","5"
"2017-01-04","-7.49","2076330","2076330","7817","260","78165","26"
"2016-12-30","5.63","3965990","3965990","8450","490","84500","49"
"2016-12-29","2.37","22225190","22225190","8000","2870","80000","287"
"2016-12-27","7.5","10569095","10569095","7815","1460","78150","146"
"2016-12-23","-0.12","945100","945100","7270","130","72700","13"
"2016-12-21","-0.29","1454180","1454180","7279","200","72790","20"
"2016-12-19","-5.19","147985","147985","7300","20","72995","2"
"2016-12-14","-1.28","154000","154000","7700","20","77000","2"
"2016-12-09","0","1326000","1326000","7800","170","78000","17"
"2016-12-08","-1.27","234000","234000","7800","30","78000","3"
"2016-12-06","-1.25","2370000","2370000","7900","300","79000","30"
"2016-12-05","2.7","2728200","2728200","8000","350","80000","35"
"2016-12-02","6.71","2126800","2126800","7790","290","77900","29"
"2016-11-30","-6.29","22995000","22995000","7300","3150","73000","315"
"2016-11-29","0.13","3018800","3018800","7790","410","77900","41"
"2016-11-28","6.58","1001800","1001800","7780","130","77800","13"
"2016-11-25","1.53","6819000","6819000","7300","970","73000","97"
"2016-11-24","2.71","4139500","4139500","7190","590","71900","59"
"2016-11-23","-2.78","3990000","3990000","7000","570","70000","57"
"2016-11-22","4.35","10847000","10847000","7200","1560","72000","156"
"2016-11-18","6.15","3199000","3199000","6900","470","69000","47"
"2016-11-17","0","16016000","16016000","6500","2470","65000","247"
"2016-11-16","-7.14","1577920","1577920","6500","230","65000","23"
"2016-11-14","0","839940","839940","7000","120","69995","12"
"2016-11-11","2.94","1120000","1120000","7000","160","70000","16"
"2016-11-10","-1.45","3648610","3648610","6800","530","68000","53"
"2016-11-09","0","207000","207000","6900","30","69000","3"
"2016-11-08","-1.43","207000","207000","6900","30","69000","3"
"2016-11-07","0","140000","140000","7000","20","70000","2"
"2016-11-04","0","350000","350000","7000","50","70000","5"
"2016-11-03","0","280000","280000","7000","40","70000","4"
"2016-11-02","-4.11","1284000","1284000","7000","180","70000","18"
"2016-10-31","-2.67","1032000","1032000","7300","140","73000","14"
"2016-10-28","0","150000","150000","7500","20","75000","2"
"2016-10-27","0","224985","224985","7500","30","74995","3"
"2016-10-26","-6.25","2275000","2275000","7500","290","75000","29"
"2016-10-25","0.63","20274500","20274500","8000","2550","80000","255"
"2016-10-21","-0.63","1510500","1510500","7950","190","79500","19"
"2016-10-20","-1.23","318515","318515","8000","40","80000","4"
"2016-10-19","0","4454725","4454725","8100","550","80995","55"
"2016-10-17","-1.22","6075000","6075000","8100","750","81000","75"
"2016-10-14","1.23","2048000","2048000","8200","250","82000","25"
"2016-10-13","0","20407000","20407000","8100","2520","81000","252"
"2016-10-12","-3.57","33095030","33095030","8100","4040","81000","404"
"2016-10-11","0","2435990","2435990","8400","290","84000","29"
"2016-10-07","0","756000","756000","8400","90","84000","9"
"2016-10-06","-1.81","57365000","57365000","8400","6820","84000","682"
"2016-10-05","0.05","8726655","8726655","8555","1020","85550","102"
"2016-10-04","1.2","513005","513005","8551","60","85505","6"
"2016-09-30","0","422500","422500","8450","50","84500","5"
"2016-09-29","0","1862515","1862515","8450","220","84500","22"
"2016-09-28","0","4394000","4394000","8450","520","84500","52"
"2016-09-27","0","1267555","1267555","8450","150","84500","15"
"2016-09-26","-1.17","1690000","1690000","8450","200","84500","20"
"2016-09-21","0","3909000","3909000","8550","460","85500","46"
"2016-09-20","-0.58","6176000","6176000","8550","720","85500","72"
"2016-09-19","1.18","172000","172000","8600","20","86000","2"
"2016-09-15","0","2805000","2805000","8500","330","85000","33"
"2016-09-14","1.19","765000","765000","8500","90","85000","9"
"2016-09-13","3.7","904000","904000","8400","110","84000","11"
"2016-09-08","0","6885000","6885000","8100","850","81000","85"
"2016-09-07","-0.01","1377000","1377000","8100","170","80995","17"
"2016-09-06","1.26","9180070","9180070","8101","1140","81005","114"
"2016-09-05","-1.25","24309875","24309875","8000","3020","80000","302"
"2016-09-02","-2.4","1140110","1140110","8101","140","81010","14"
"2016-09-01","-2.35","2397075","2397075","8300","290","83000","29"
"2016-08-31","0","85000","85000","8500","10","85000","1"
"2016-08-30","0","680000","680000","8500","80","85000","8"
"2016-08-29","4.93","25888115","25888115","8500","3070","85000","307"
"2016-08-26","0.62","81005","81005","8101","10","81005","1"
"2016-08-25","0","161020","161020","8051","20","80510","2"
"2016-08-23","-3","1975990","1975990","8051","240","80505","24"
"2016-08-22","2.47","912955","912955","8300","110","82995","11"
"2016-08-19","1.24","328020","328020","8100","40","81000","4"
"2016-08-18","0","160015","160015","8001","20","80005","2"
"2016-08-17","0","80005","80005","8001","10","80005","1"
"2016-08-16","0","1360090","1360090","8001","170","80005","17"
"2016-08-12","0.01","960060","960060","8001","120","80005","12"
"2016-08-11","-5.88","80000","80000","8000","10","80000","1"
"2016-08-10","1.24","598955","598955","8500","70","85000","7"
"2016-08-09","7.5","3676290","3676290","8396","440","83955","44"
"2016-08-05","0.13","14526600","14526600","7810","1860","78100","186"
"2016-08-04","0","78000","78000","7800","10","78000","1"
"2016-08-03","-0.13","26374600","26374600","7800","3380","78000","338"
"2016-08-02","0","4611900","4611900","7810","590","78100","59"
"2016-08-01","-0.51","3373100","3373100","7810","430","78100","43"
"2016-07-29","-1.88","14595500","14595500","7850","1850","78500","185"
"2016-07-27","0","3197395","3197395","8000","400","80000","40"
"2016-07-26","-3.61","19733000","19733000","8000","2460","80000","246"
"2016-07-25","1.22","3071000","3071000","8300","370","83000","37"
"2016-07-22","5.11","164163500","164163500","8200","20390","82000","2039"
"2016-07-21","0","2791015","2791015","7801","350","78005","35"
"2016-07-20","-3.69","79678925","79678925","7801","10210","78005","1021"
"2016-07-19","-1.22","5182995","5182995","8100","640","81000","64"
"2016-07-15","-3.53","82566000","82566000","8200","10070","82000","1007"
"2016-07-14","0","2370000","2370000","8500","280","85000","28"
"2016-07-13","3.26","850000","850000","8500","100","85000","10"
"2016-07-12","-2","25032000","25032000","8232","3040","82320","304"
"2016-07-08","2.44","1344000","1344000","8400","160","84000","16"
"2016-07-07","-3.53","13966500","13966500","8200","1650","82000","165"
"2016-07-04","-5.56","29666350","29666350","8500","3490","85000","349"
"2016-07-01","-2.17","4680000","4680000","9000","520","90000","52"
"2016-06-30","-0.11","2300120","2300120","9200","250","92000","25"
"2016-06-29","-4.1","736500","736500","9210","80","92100","8"
"2016-06-28","-2","10092040","10092040","9604","1030","96040","103"
"2016-06-27","0","290080","290080","9800","30","98000","3"
"2016-06-23","6.51","83445455","83445455","9800","9470","98000","947"
"2016-06-22","0.01","2574120","2574120","9201","270","92010","27"
"2016-06-21","-0.01","30269250","30269250","9200","3290","92000","329"
"2016-06-17","0","5520600","5520600","9201","600","92010","60"
"2016-06-16","0.01","5888110","5888110","9201","640","92005","64"
"2016-06-15","-0.01","12605005","12605005","9200","1370","92000","137"
"2016-06-14","-0.1","368020","368020","9201","40","92005","4"
"2016-06-13","0.1","460500","460500","9210","50","92100","5"
"2016-06-10","0.01","1748010","1748010","9201","190","92005","19"
"2016-06-09","-1.6","3864000","3864000","9200","420","92000","42"
"2016-06-08","1.63","187000","187000","9350","20","93500","2"
"2016-06-07","-3.16","5104985","5104985","9200","550","92000","55"
"2016-06-06","0","950025","950025","9500","100","95000","10"
"2016-06-03","4.38","95000","95000","9500","10","95000","1"
"2016-06-02","0.01","91005","91005","9101","10","91005","1"
"2016-06-01","0","10647000","10647000","9100","1170","91000","117"
"2016-05-31","0","3822030","3822030","9100","420","91000","42"
"2016-05-30","-2.15","3549000","3549000","9100","390","91000","39"
"2016-05-27","1.09","465000","465000","9300","50","93000","5"
"2016-05-26","-5.15","8330970","8330970","9200","900","92000","90"
"2016-05-25","-2.02","679000","679000","9700","70","97000","7"
"2016-05-24","-1","198000","198000","9900","20","99000","2"
"2016-05-23","-0.99","600005","600005","10000","60","100000","6"
"2016-05-20","-1.94","4444000","4444000","10100","440","101000","44"
"2016-05-19","0","618000","618000","10300","60","103000","6"
"2016-05-18","7.29","103000","103000","10300","10","103000","1"
"2016-05-17","1.04","1542000","1542000","9600","160","96000","16"
"2016-05-13","-2.05","7410390","7410390","9501","780","95005","78"
"2016-05-12","2.11","970000","970000","9700","100","97000","10"
"2016-05-11","0","9778000","9778000","9500","1040","95000","104"
"2016-05-10","-1.56","22482715","22482715","9500","2330","95000","233"
"2016-05-09","0","4728870","4728870","9651","490","96510","49"
"2016-05-06","-0.51","12595680","12595680","9651","1280","96505","128"
"2016-05-04","0","9376200","9376200","9700","960","97000","96"
"2016-05-03","0.83","86983000","86983000","9700","9020","97000","902"
"2016-04-29","-0.82","292400","292400","9620","30","96200","3"
"2016-04-28","-3","3980000","3980000","9700","410","97000","41"
"2016-04-27","-2.91","202000","202000","10000","20","100000","2"
"2016-04-26","-0.96","8857570","8857570","10300","860","102995","86"
"2016-04-25","0","104000","104000","10400","10","104000","1"
"2016-04-22","4","115976050","115976050","10400","11610","104000","1161"
"2016-04-20","-1.96","400000","400000","10000","40","100000","4"
"2016-04-19","6.03","101877400","101877400","10200","10190","102000","1019"
"2016-04-18","-7.5","96200","96200","9620","10","96200","1"
"2016-04-14","4","70800050","70800050","10400","7220","104000","722"
"2016-04-13","0","600000","600000","10000","60","100000","6"
"2016-04-12","2.03","3642335","3642335","10000","370","100000","37"
"2016-04-11","-1.99","6468425","6468425","9801","660","98005","66"
"2016-04-08","2.03","400000","400000","10000","40","100000","4"
"2016-04-05","1.03","2646135","2646135","9801","270","98005","27"
"2016-04-04","-6","34738055","34738055","9701","3500","97005","350"
"2016-03-31","7.5","210388200","210388200","10320","21860","103200","2186"
"2016-03-30","-1.03","5870000","5870000","9600","610","96000","61"
"2016-03-29","1.04","19588000","19588000","9700","2040","97000","204"
"2016-03-24","0","16343040","16343040","9600","1710","96000","171"
"2016-03-23","-0.52","7976800","7976800","9600","830","96000","83"
"2016-03-22","0","7044500","7044500","9650","730","96500","73"
"2016-03-21","-0.52","1737000","1737000","9650","180","96500","18"
"2016-03-18","2.11","388000","388000","9700","40","97000","4"
"2016-03-17","-3.06","2580000","2580000","9500","270","95000","27"
"2016-03-16","1.03","1858000","1858000","9800","190","98000","19"
"2016-03-15","0","13871000","13871000","9700","1430","97000","143"
"2016-03-14","-0.01","98746000","98746000","9700","10180","97000","1018"
"2016-03-11","0.01","296470050","296470050","9701","30100","97005","3010"
"2016-03-10","0.26","5770000","5770000","9700","600","97000","60"
"2016-03-09","0.77","5386525","5386525","9675","560","96750","56"
"2016-03-08","0","576005","576005","9601","60","96005","6"
"2016-03-07","-0.76","1342060","1342060","9601","140","96005","14"
"2016-03-04","1.84","644825750","644825750","9675","68400","96750","6840"
"2016-03-03","-0.01","380000","380000","9500","40","95000","4"
"2016-03-01","0.01","2755160","2755160","9501","290","95010","29"
"2016-02-29","4.96","7185000","7185000","9500","750","95000","75"
"2016-02-26","-6.45","1058005","1058005","9051","110","90505","11"
"2016-02-25","7.5","671000","671000","9675","70","96750","7"
"2016-02-23","0","13680000","13680000","9000","1520","90000","152"
"2016-02-22","-5.66","69276200","69276200","9000","7650","90000","765"
"2016-02-19","0.42","52942440","52942440","9540","5550","95400","555"
"2016-02-18","-0.52","2945000","2945000","9500","310","95000","31"
"2016-02-17","0.53","79567000","79567000","9550","8350","95500","835"
"2016-02-16","-0.52","1900000","1900000","9500","200","95000","20"
"2016-02-15","4.37","191000","191000","9550","20","95500","2"
"2016-02-12","0","10703995","10703995","9150","1180","91500","118"
"2016-02-11","0","91500","91500","9150","10","91500","1"
"2016-02-10","0","183000000","183000000","9150","20000","91500","2000"
"2016-02-09","0","1921395","1921395","9150","210","91495","21"
"2016-02-08","-4.19","44269495","44269495","9150","4660","91495","466"
"2016-02-04","-1.55","546855700","546855700","9550","56270","95500","5627"
"2016-02-03","2.11","505885000","505885000","9700","53250","97000","5325"
"2016-02-02","-2.06","18001200","18001200","9500","1890","95000","189"
"2016-02-01","-1.92","3588550","3588550","9700","370","97000","37"
"2016-01-29","7.5","46492800","46492800","9890","5150","98900","515"
"2016-01-28","1.1","1748000","1748000","9200","190","92000","19"
"2016-01-27","1.11","6825000","6825000","9100","750","91000","75"
"2016-01-26","1.12","981010","981010","9000","110","90000","11"
"2016-01-25","0","5696155","5696155","8900","640","89000","64"
"2016-01-22","-1.66","356000","356000","8900","40","89000","4"
"2016-01-21","-2.69","4615995","4615995","9050","510","90500","51"
"2016-01-19","0","18105000","18105000","9300","1940","93000","194"
"2016-01-18","4.49","2604000","2604000","9300","280","93000","28"
"2016-01-15","-1.98","178000","178000","8900","20","89000","2"
"2016-01-14","-4.92","200515000","200515000","9080","22080","90800","2208"
"2016-01-13","1.6","17674200","17674200","9550","1880","95500","188"
"2016-01-11","-4.08","1533990","1533990","9400","160","94000","16"
"2016-01-08","-0.51","97995","97995","9800","10","97995","1"
"2016-01-07","0.51","886500","886500","9850","90","98500","9"
"2016-01-06","-0.51","392000","392000","9800","40","98000","4"
"2016-01-05","-5.29","590500","590500","9850","60","98500","6"
"2016-01-04","0","3111890","3111890","10400","300","103995","30"
"2015-12-30","-0.95","124250350","124250350","10400","11970","103995","1197"
"2015-12-28","5.11","54854500","54854500","10500","5590","105000","559"
"2015-12-23","7.42","20149675","20149675","9990","2130","99900","213"
"2015-12-22","-1.17","13206000","13206000","9300","1420","93000","142"
"2015-12-18","0","1882000","1882000","9410","200","94100","20"
"2015-12-17","0","2622200","2622200","9410","280","94100","28"
"2015-12-16","6.93","7151600","7151600","9410","760","94100","76"
"2015-12-15","-1.12","2401000","2401000","8800","270","88000","27"
"2015-12-14","-7.29","6853000","6853000","8900","770","89000","77"
"2015-12-11","-1.03","96000","96000","9600","10","96000","1"
"2015-12-09","-1.02","2424885","2424885","9700","250","97000","25"
"2015-12-08","5.25","1233985","1233985","9800","130","97995","13"
"2015-12-07","-4.99","31246555","31246555","9311","3340","93105","334"
"2015-12-03","-0.51","14017925","14017925","9800","1440","98000","144"
"2015-12-02","3.68","5003000","5003000","9850","510","98500","51"
"2015-12-01","0","1045000","1045000","9500","110","95000","11"
"2015-11-30","-4.04","25816840","25816840","9500","2630","95000","263"
"2015-11-27","4.21","1484925","1484925","9900","150","98995","15"
"2015-11-26","2.15","12094000","12094000","9500","1280","95000","128"
"2015-11-25","2.2","336191000","336191000","9300","37350","93000","3735"
"2015-11-24","0","44760175","44760175","9100","5070","91000","507"
"2015-11-23","5.2","3037755","3037755","9100","340","91000","34"
"2015-11-20","0.99","2154000","2154000","8650","250","86500","25"
"2015-11-19","1.96","2735850","2735850","8565","320","85650","32"
"2015-11-18","1.82","168000","168000","8400","20","84000","2"
"2015-11-17","0.24","1485000","1485000","8250","180","82500","18"
"2015-11-16","0.37","3360175","3360175","8230","410","82300","41"
"2015-11-13","-4.09","3480700","3480700","8200","420","82000","42"
"2015-11-12","0.71","1084457700","1084457700","8550","126850","85500","12685"
"2015-11-11","2.91","1038782400","1038782400","8490","125000","84900","12500"
"2015-11-10","0","165000","165000","8250","20","82500","2"
"2015-11-09","0","25410000","25410000","8250","3080","82500","308"
"2015-11-06","0","165000","165000","8250","20","82500","2"
"2015-11-04","0","1650000","1650000","8250","200","82500","20"
"2015-11-02","0.46","4278970","4278970","8250","520","82500","52"
"2015-10-30","-0.47","574805","574805","8212","70","82115","7"
"2015-10-29","0.01","9983665","9983665","8251","1210","82510","121"
"2015-10-23","0.6","19137120","19137120","8250","2320","82500","232"
"2015-10-22","0.01","410170","410170","8201","50","82005","5"
"2015-10-21","0","418681750","418681750","8200","51050","82000","5105"
"2015-10-20","0","1065510","1065510","8200","130","82000","13"
"2015-10-19","-0.01","246000","246000","8200","30","82000","3"
"2015-10-16","0.01","246010","246010","8201","30","82005","3"
"2015-10-15","0.6","246000","246000","8200","30","82000","3"
"2015-10-14","-1.8","214933590","214933590","8151","26210","81510","2621"
"2015-10-13","1.22","5471000","5471000","8300","660","83000","66"
"2015-10-12","-0.01","2296005","2296005","8200","280","82000","28"
"2015-10-09","0","445441305","445441305","8201","54190","82005","5419"
"2015-10-08","0.01","164010000","164010000","8201","20000","82005","2000"
"2015-10-07","0","7712000","7712000","8200","940","82000","94"
"2015-10-06","0.6","55017000","55017000","8200","6710","82000","671"
"2015-10-05","-0.6","5653590","5653590","8151","690","81510","69"
"2015-10-02","0.6","1968000","1968000","8200","240","82000","24"
"2015-10-01","0.01","23475220","23475220","8151","2880","81510","288"
"2015-09-30","1.24","26632150","26632150","8150","3290","81500","329"
"2015-09-29","-1.11","1785550","1785550","8050","220","80500","22"
"2015-09-28","1.75","63793240","63793240","8140","8000","81400","800"
"2015-09-25","-1.23","6650990","6650990","8000","830","80000","83"
"2015-09-23","0.62","179895500","179895500","8100","21980","81000","2198"
"2015-09-22","0.63","1207500","1207500","8050","150","80500","15"
"2015-09-21","-2.44","6235000","6235000","8000","770","80000","77"
"2015-09-18","2.5","81995","81995","8200","10","81995","1"
"2015-09-17","-1.23","2720000","2720000","8000","340","80000","34"
"2015-09-15","-1.22","243000","243000","8100","30","81000","3"
"2015-09-14","0","1066000","1066000","8200","130","82000","13"
"2015-09-11","2.5","8200000","8200000","8200","1000","82000","100"
"2015-09-10","0","4576000","4576000","8000","570","80000","57"
"2015-09-09","-1.23","6046000","6046000","8000","750","80000","75"
"2015-09-08","1.25","487000","487000","8100","60","81000","6"
"2015-09-07","0","23600000","23600000","8000","2950","80000","295"
"2015-09-04","-2.44","45845000","45845000","8000","5660","80000","566"
"2015-09-03","0","57646015","57646015","8200","7030","82000","703"
"2015-09-02","1.23","4520010","4520010","8200","550","82000","55"
"2015-09-01","-0.61","81000","81000","8100","10","81000","1"
"2015-08-31","0","17351500","17351500","8150","2140","81500","214"
"2015-08-27","0.62","46856185","46856185","8150","5900","81500","590"
"2015-08-26","1.25","4845000","4845000","8100","600","81000","60"
"2015-08-25","0","4075000","4075000","8000","510","80000","51"
"2015-08-24","1.27","29102525","29102525","8000","3640","80000","364"
"2015-08-21","0","4840000","4840000","7900","610","79000","61"
"2015-08-20","0","2212995","2212995","7900","280","79000","28"
"2015-08-19","1.28","1027000","1027000","7900","130","79000","13"
"2015-08-18","0","205489000","205489000","7800","26320","78000","2632"
"2015-08-17","-2.5","552000","552000","7800","70","78000","7"
"2015-08-14","0","800000","800000","8000","100","80000","10"
"2015-08-13","-1.23","10239860","10239860","8000","1280","79995","128"
"2015-08-12","-0.61","2349000","2349000","8100","290","81000","29"
"2015-08-11","1.88","2721500","2721500","8150","340","81500","34"
"2015-08-10","3.36","5309875","5309875","8000","680","79995","68"
"2015-08-04","7.5","27394000","27394000","7740","3540","77400","354"
"2015-08-03","0","936000","936000","7200","130","72000","13"
"2015-07-31","2.84","792000","792000","7200","110","72000","11"
"2015-07-30","0","140105","140105","7001","20","70005","2"
"2015-07-29","0.01","40320150","40320150","7001","5760","70010","576"
"2015-07-28","0","14002000","14002000","7000","2000","70000","200"
"2015-07-27","-5.41","2454000","2454000","7000","350","70000","35"
"2015-07-24","-7.5","6734000","6734000","7400","910","74000","91"
"2015-07-23","0","400000","400000","8000","50","80000","5"
"2015-07-22","0","400000","400000","8000","50","80000","5"
"2015-07-20","-1.84","320000","320000","8000","40","80000","4"
"2015-07-13","7.24","42074900","42074900","8150","5500","81500","550"
"2015-07-10","0","380000","380000","7600","50","76000","5"
"2015-07-09","-0.26","10642600","10642600","7600","1400","76000","140"
"2015-07-08","1.6","27005100","27005100","7620","3600","76200","360"
"2015-07-06","7.13","6300000","6300000","7500","840","75000","84"
"2015-07-03","0.01","420055","420055","7001","60","70005","6"
"2015-07-02","-0.14","350000","350000","7000","50","70000","5"
"2015-06-30","0.14","210300","210300","7010","30","70100","3"
"2015-06-26","0","70000","70000","7000","10","70000","1"
"2015-06-25","-1.41","560000","560000","7000","80","70000","8"
"2015-06-23","0","8139000","8139000","7100","1150","71000","115"
"2015-06-22","0.72","1988000","1988000","7100","280","71000","28"
"2015-06-18","-7.49","190239015","190239015","7049","26990","70485","2699"
"2015-06-17","0","76200","76200","7620","10","76200","1"
"2015-06-15","7.48","35548800","35548800","7620","4960","76200","496"
"2015-06-12","0","709000","709000","7090","100","70900","10"
"2015-06-11","2.01","1418000","1418000","7090","200","70900","20"
"2015-06-10","0.72","834000","834000","6950","120","69500","12"
"2015-06-05","0","483000","483000","6900","70","69000","7"
"2015-06-04","0","759025","759025","6900","110","69000","11"
"2015-06-02","-0.01","207000","207000","6900","30","69000","3"
"2015-06-01","0.17","3312025","3312025","6901","480","69005","48"
"2015-05-29","5.98","1033275","1033275","6889","150","68885","15"
"2015-05-28","-5.63","2007000","2007000","6500","300","65000","30"
"2015-05-27","-0.03","7996215","7996215","6888","1160","68880","116"
"2015-05-26","-0.14","1722500","1722500","6890","250","68900","25"
"2015-05-22","6.15","2035300","2035300","6900","310","69000","31"
"2015-05-21","0.26","177116050","177116050","6500","27250","65000","2725"
"2015-05-20","7.49","9215450","9215450","6483","1430","64825","143"
"2015-05-18","7.5","603050","603050","6031","100","60305","10"
"2015-05-13","2","34894200","34894200","5610","6220","56100","622"
"2015-05-12","0","43780700","43780700","5500","7960","55000","796"
"2015-05-11","0","2587400","2587400","5500","470","55000","47"
"2015-05-08","0","275000","275000","5500","50","55000","5"
"2015-05-07","-6.78","550000","550000","5500","100","55000","10"
"2015-05-06","7.27","236000","236000","5900","40","59000","4"
"2015-05-05","-5.53","663225","663225","5500","120","55000","12"
"2015-05-04","-7.5","116440","116440","5822","20","58220","2"
"2015-04-30","-0.88","62940","62940","6294","10","62940","1"
"2015-04-29","0","1587500","1587500","6350","250","63500","25"
"2015-04-28","-0.78","19058000","19058000","6350","2980","63500","298"
"2015-04-27","-1.39","39120900","39120900","6400","6080","64000","608"
"2015-04-22","0","3240600","3240600","6490","500","64900","50"
"2015-04-21","-0.92","46504400","46504400","6490","7100","64900","710"
"2015-04-20","4.05","317260","317260","6550","50","65500","5"
"2015-04-17","-4.48","4001485","4001485","6295","610","62945","61"
"2015-04-15","-0.15","66224500","66224500","6590","10050","65900","1005"
"2015-04-14","0","4157985","4157985","6600","630","65995","63"
"2015-04-13","4.86","4751990","4751990","6600","720","65995","72"
"2015-04-09","-4.64","3147000","3147000","6294","500","62940","50"
"2015-04-08","0","660000","660000","6600","100","66000","10"
"2015-04-07","0","3755000","3755000","6600","570","66000","57"
"2015-04-03","1.54","3269000","3269000","6600","500","66000","50"
"2015-04-02","0","454990","454990","6500","70","65000","7"
"2015-03-31","0","1698000","1698000","6500","260","65000","26"
"2015-03-30","-1.52","14593000","14593000","6500","2220","65000","222"
"2015-03-27","0","1320000","1320000","6600","200","66000","20"
"2015-03-26","0","2111990","2111990","6600","320","66000","32"
"2015-03-25","0","7194000","7194000","6600","1090","66000","109"
"2015-03-24","0","4552500","4552500","6600","690","66000","69"
"2015-03-23","0","1980000","1980000","6600","300","66000","30"
"2015-03-20","0","3366000","3366000","6600","510","66000","51"
"2015-03-19","0","41646000","41646000","6600","6310","66000","631"
"2015-03-18","0","131000","131000","6600","20","66000","2"
"2015-03-17","0","7656000","7656000","6600","1160","66000","116"
"2015-03-16","-1.49","1916875","1916875","6600","290","66000","29"
"2015-03-13","-2.19","34505000","34505000","6700","5150","67000","515"
"2015-03-12","1.48","13048500","13048500","6850","1940","68500","194"
"2015-03-11","-2.17","7883000","7883000","6750","1160","67500","116"
"2015-03-10","-1.43","279000","279000","6900","40","69000","4"
"2015-03-09","-5.41","37017230","37017230","7000","5270","70000","527"
"2015-03-06","0","1406000","1406000","7400","190","74000","19"
"2015-03-05","-1.33","444000","444000","7400","60","74000","6"
"2015-03-04","7.45","4546925","4546925","7500","640","75000","64"
"2015-03-03","0","418800","418800","6980","60","69800","6"
"2015-03-02","0","1116800","1116800","6980","160","69800","16"
"2015-02-27","-0.11","979800","979800","6980","140","69800","14"
"2015-02-25","7.51","1831375","1831375","6988","280","69875","28"
"2015-02-24","0","1813500","1813500","6500","280","65000","28"
"2015-02-23","0.78","2727500","2727500","6500","420","65000","42"
"2015-02-20","-0.77","903000","903000","6450","140","64500","14"
"2015-02-19","0","2535000","2535000","6500","390","65000","39"
"2015-02-18","0","2600000","2600000","6500","400","65000","40"
"2015-02-17","0.78","1495000","1495000","6500","230","65000","23"
"2015-02-13","-0.77","1226700","1226700","6450","190","64500","19"
"2015-02-12","0","22750270","22750270","6500","3500","65000","350"
"2015-02-11","0","325000","325000","6500","50","65000","5"
"2015-02-10","-0.02","15371180","15371180","6500","2360","65000","236"
"2015-02-05","-7.13","325725090","325725090","6501","50100","65010","5010"
"2015-02-04","6.06","804000","804000","7000","120","70000","12"
"2015-02-03","0.76","3710620","3710620","6600","560","66000","56"
"2015-02-02","-6.43","1768500","1768500","6550","270","65500","27"
"2015-01-30","0","69995","69995","7000","10","69995","1"
"2015-01-29","-4.11","46130000","46130000","7000","6590","70000","659"
"2015-01-28","4.29","1360000","1360000","7300","190","73000","19"
"2015-01-27","-6.54","1129000","1129000","7000","160","70000","16"
"2015-01-26","-1.42","973700","973700","7490","130","74900","13"
"2015-01-23","-1.31","2279625","2279625","7598","300","75975","30"
"2015-01-22","0","76990","76990","7699","10","76990","1"
"2015-01-20","2.65","1814430","1814430","7699","240","76990","24"
"2015-01-19","0","300000","300000","7500","40","75000","4"
"2015-01-15","-4.01","1725000","1725000","7500","230","75000","23"
"2015-01-14","0","781250","781250","7813","100","78125","10"
"2015-01-13","0","156250","156250","7813","20","78125","2"
"2015-01-12","-5.87","471375","471375","7813","60","78125","6"
"2015-01-06","-1.73","7967985","7967985","8300","960","83000","96"
"2015-01-05","-6.16","760095","760095","8446","90","84455","9"
"2015-01-02","-1.42","90000","90000","9000","10","90000","1"
"2014-12-31","1.44","56842310","56842310","9130","6230","91300","623"
"2014-12-30","5.88","13675000","13675000","9000","1520","90000","152"
"2014-12-29","6.92","2635000","2635000","8500","310","85000","31"
"2014-12-26","6","137801185","137801185","7950","18310","79500","1831"
"2014-12-24","1.35","79425000","79425000","7500","10590","75000","1059"
"2014-12-23","0","33095140","33095140","7400","4560","74000","456"
"2014-12-22","0","14947000","14947000","7400","2020","73995","202"
"2014-12-19","7.25","65829500","65829500","7400","9380","74000","938"
"2014-12-18","2.99","205999055","205999055","6900","31040","69000","3104"
"2014-12-17","3.4","7744500","7744500","6700","1200","67000","120"
"2014-12-16","-0.31","128047955","128047955","6480","20100","64800","2010"
"2014-12-15","0","41275000","41275000","6500","6350","65000","635"
"2014-12-12","0","263900","263900","6500","40","65000","4"
"2014-12-11","0","6498000","6498000","6500","1000","65000","100"
"2014-12-10","-1.52","10419805","10419805","6500","1600","65000","160"
"2014-12-09","0","66000","66000","6600","10","66000","1"
"2014-12-08","-1.93","20069200","20069200","6600","3040","66000","304"
"2014-12-05","-3.86","101210000","101210000","6730","15000","67300","1500"
"2014-12-04","2.19","18547500","18547500","7000","2700","70000","270"
"2014-12-03","2.01","7660500","7660500","6850","1130","68500","113"
"2014-12-02","6.59","314912750","314912750","6715","52300","67150","5230"
"2014-11-28","0","6361000","6361000","6300","1010","63000","101"
"2014-11-27","0","42776975","42776975","6300","6790","63000","679"
"2014-11-26","0","29610000","29610000","6300","4700","63000","470"
"2014-11-25","0","10141000","10141000","6300","1610","63000","161"
"2014-11-24","0","6858000","6858000","6300","1090","63000","109"
"2014-11-20","5","14490000","14490000","6300","2300","63000","230"
"2014-11-18","-1.64","39305000","39305000","6000","6550","60000","655"
"2014-11-14","1.67","183000","183000","6100","30","61000","3"
"2014-11-13","0","600000","600000","6000","100","60000","10"
"2014-11-12","0","39900000","39900000","6000","6650","60000","665"
"2014-11-11","0","480000","480000","6000","80","60000","8"
"2014-11-10","0","120000","120000","6000","20","60000","2"
"2014-11-07","0","7620000","7620000","6000","1270","60000","127"
"2014-11-06","2.04","6358275","6358275","6000","1080","60000","108"
"2014-11-05","-2","58800","58800","5880","10","58800","1"
"2014-11-03","0","2639825","2639825","6000","440","60000","44"
"2014-10-31","0","5999550","5999550","6000","1000","60000","100"
"2014-10-30","0","420000","420000","6000","70","60000","7"
"2014-10-29","-5.41","300000000","300000000","6000","50000","60000","5000"
"2014-10-24","7.51","9244725","9244725","6343","1500","63425","150"
"2014-10-23","1.72","5877000","5877000","5900","1000","59000","100"
"2014-10-22","0","84580000","84580000","5800","15100","58000","1510"
"2014-10-20","4.5","116000","116000","5800","20","58000","2"
"2014-10-17","0","7825500","7825500","5550","1410","55500","141"
"2014-10-16","0","877712280","877712280","5550","159570","55500","15957"
"2014-10-15","0","1000500","1000500","5550","180","55500","18"
"2014-10-14","0","614500","614500","5550","110","55500","11"
"2014-10-13","0.91","111000","111000","5550","20","55500","2"
"2014-10-10","-5.17","5852000","5852000","5500","1060","55000","106"
"2014-10-08","-6.45","290000","290000","5800","50","58000","5"
"2014-10-02","-0.8","4474000","4474000","6200","720","62000","72"
"2014-10-01","0","1491480","1491480","6250","240","62500","24"
"2014-09-29","2.46","31601500","31601500","6250","5520","62500","552"
"2014-09-26","1.67","2928000","2928000","6100","480","61000","48"
"2014-09-24","3.09","12300000","12300000","6000","2050","60000","205"
"2014-09-19","5.72","349200","349200","5820","60","58200","6"
"2014-09-16","-1.7","2593450","2593450","5505","470","55050","47"
"2014-09-15","1.63","280000","280000","5600","50","56000","5"
"2014-09-12","-5","5712700","5712700","5510","1000","55100","100"
"2014-09-11","0.87","5158600","5158600","5800","890","58000","89"
"2014-09-10","4.45","57500","57500","5750","10","57500","1"
"2014-09-09","0","330300","330300","5505","60","55050","6"
"2014-09-08","0.07","55050","55050","5505","10","55050","1"
"2014-09-05","0","55010","55010","5501","10","55010","1"
"2014-09-04","1.85","21755930","21755930","5501","3940","55010","394"
"2014-09-02","0.9","324060","324060","5401","60","54010","6"
"2014-09-01","-2.69","267625","267625","5353","50","53525","5"
"2014-08-29","-5.16","9570870","9570870","5501","1740","55005","174"
"2014-08-28","1.22","3645600","3645600","5800","630","58000","63"
"2014-08-26","5.14","343800","343800","5730","60","57300","6"
"2014-08-25","0","46870000","46870000","5450","8600","54500","860"
"2014-08-22","0","272500","272500","5450","50","54500","5"
"2014-08-21","0","2943000","2943000","5450","540","54500","54"
"2014-08-20","0","272500","272500","5450","50","54500","5"
"2014-08-19","7.5","8175000","8175000","5450","1500","54500","150"
"2014-08-18","1.4","36856830","36856830","5070","7270","50700","727"
"2014-08-12","-3.85","250000","250000","5000","50","50000","5"
"2014-08-11","4","69552500","69552500","5200","13710","52000","1371"
"2014-08-06","0","26350000","26350000","5000","5270","50000","527"
"2014-08-04","1.81","24450000","24450000","5000","4890","50000","489"
"2014-08-01","0.02","540155","540155","4911","110","49105","11"
"2014-07-31","-1.8","9834600","9834600","4910","2000","49100","200"
"2014-07-25","0","1000000","1000000","5000","200","50000","20"
"2014-07-22","0","3800000","3800000","5000","760","50000","76"
"2014-07-21","0","400000","400000","5000","80","50000","8"
"2014-07-18","0","2500000","2500000","5000","500","50000","50"
"2014-07-17","0","1003000","1003000","5000","200","50000","20"
"2014-07-15","0","1674095","1674095","5000","330","50000","33"
"2014-07-14","0.99","200000","200000","5000","40","50000","4"
"2014-07-10","-0.98","7087185","7087185","4951","1430","49505","143"
"2014-07-09","2.04","6550000","6550000","5000","1310","50000","131"
"2014-07-07","-2","265255770","265255770","4900","54120","49000","5412"
"2014-07-04","0","6200000","6200000","5000","1240","50000","124"
"2014-07-03","0","5000000","5000000","5000","1000","50000","100"
"2014-07-02","2.04","2000000","2000000","5000","400","50000","40"
"2014-07-01","-7.16","735540930","735540930","4900","150100","49000","15010"
"2014-06-27","7.49","527800","527800","5278","100","52780","10"
"2014-06-26","0.16","2946000","2946000","4910","600","49100","60"
"2014-06-24","0","4965720","4965720","4902","1010","49020","101"
"2014-06-20","0.04","490200","490200","4902","100","49020","10"
"2014-06-19","-5.77","405773000","405773000","4900","81640","49000","8164"
"2014-06-18","0","884000","884000","5200","170","52000","17"
"2014-06-17","0","26312000","26312000","5200","5060","52000","506"
"2014-06-16","-0.95","13542000","13542000","5200","2580","52000","258"
"2014-06-13","0","4252500","4252500","5250","810","52500","81"
"2014-06-12","-0.94","630000","630000","5250","120","52500","12"
"2014-06-11","0","14681000","14681000","5300","2770","53000","277"
"2014-06-10","0","210000","210000","5300","40","53000","4"
"2014-06-06","0","318000","318000","5300","60","53000","6"
"2014-06-05","0","159000","159000","5300","30","53000","3"
"2014-06-04","0","3442500","3442500","5300","650","53000","65"
"2014-06-03","3.9","631000","631000","5300","120","53000","12"
"2014-06-02","0.02","2448085","2448085","5101","480","51005","48"
"2014-05-30","-3.86","567000","567000","5100","110","51000","11"
"2014-05-28","4.02","212180","212180","5305","40","53045","4"
"2014-05-27","-3.86","10247235","10247235","5100","2000","51000","200"
"2014-05-26","2","6446530","6446530","5305","1220","53045","122"
"2014-05-23","0.02","1508145","1508145","5201","290","52005","29"
"2014-05-22","-3.7","468000","468000","5200","90","52000","9"
"2014-05-21","0.47","15348000","15348000","5400","2880","54000","288"
"2014-05-20","0","2920750","2920750","5375","570","53750","57"
"2014-05-15","7.5","1343750","1343750","5375","250","53750","25"
"2014-05-13","0.2","100000","100000","5000","20","50000","2"
"2014-05-09","-7.4","99800","99800","4990","20","49900","2"
"2014-05-08","7.5","269425","269425","5389","50","53885","5"
"2014-05-07","-7.49","250650","250650","5013","50","50130","5"
"2014-05-05","-7.49","54185","54185","5419","10","54185","1"
"2014-05-02","-7.49","175725","175725","5858","30","58575","3"
"2014-04-30","-7.49","1139760","1139760","6332","180","63320","18"
"2014-04-29","-7.5","342250","342250","6845","50","68450","5"
"2014-04-11","-1.33","591950","591950","7400","80","73995","8"
"2014-04-09","0","2250000","2250000","7500","300","75000","30"
"2014-04-08","0","1424930","1424930","7500","190","75000","19"
"2014-04-07","0","2549840","2549840","7500","340","75000","34"
"2014-04-04","-2.6","149990","149990","7500","20","74995","2"
"2014-04-01","0","2052000","2052000","7700","270","77000","27"
"2014-03-28","6.94","15296000","15296000","7700","2000","77000","200"
"2014-03-27","0","288000","288000","7200","40","72000","4"
"2014-03-26","3.37","86273810","86273810","7200","12050","72000","1205"
"2014-03-25","3.74","208950","208950","6965","30","69650","3"
"2014-03-24","-3.6","813165","813165","6714","120","67135","12"
"2014-03-21","3.74","3054350","3054350","6965","450","69650","45"
"2014-03-19","7.49","30440840","30440840","6714","4900","67135","490"
"2014-03-17","7.5","624550","624550","6246","100","62455","10"
"2014-03-14","0","20469935","20469935","5810","3500","58100","350"
"2014-03-12","-3.66","238100","238100","5810","40","58100","4"
"2014-03-10","0","1206100","1206100","6031","200","60305","20"
"2014-03-07","0","120610","120610","6031","20","60305","2"
"2014-03-05","-6.97","301525","301525","6031","50","60305","5"
"2014-03-04","7.49","1620125","1620125","6483","250","64825","25"
"2014-02-28","7.5","1173050","1173050","6031","200","60305","20"
"2014-02-25","0","14980700","14980700","5610","2650","56100","265"
"2014-02-24","-1.58","1575500","1575500","5610","280","56100","28"
"2014-02-21","0","1026000","1026000","5700","180","57000","18"
"2014-02-20","0","1368000","1368000","5700","240","57000","24"
"2014-02-19","0","4218000","4218000","5700","740","57000","74"
"2014-02-18","0","9576000","9576000","5700","1680","57000","168"
"2014-02-17","-1.38","2514400","2514400","5700","440","57000","44"
"2014-02-14","-0.34","1213800","1213800","5780","210","57800","21"
"2014-02-13","0","27839000","27839000","5800","4800","58000","480"
"2014-02-12","-6.45","406000","406000","5800","70","58000","7"
"2014-02-11","6.9","802100","802100","6200","130","62000","13"
"2014-02-10","4.47","580000","580000","5800","100","58000","10"
"2014-02-05","-0.86","166545","166545","5552","30","55515","3"
"2014-02-04","3.7","4312000","4312000","5600","770","56000","77"
"2014-01-30","0","6912000","6912000","5400","1280","54000","128"
"2014-01-29","0","3294000","3294000","5400","610","54000","61"
"2014-01-28","-6.9","4652000","4652000","5400","840","54000","84"
"2014-01-24","-7.2","2900000","2900000","5800","500","58000","50"
"2014-01-23","0","1437500","1437500","6250","230","62500","23"
"2014-01-22","0.56","1125000","1125000","6250","180","62500","18"
"2014-01-20","-7.49","574410","574410","6215","90","62145","9"
"2014-01-17","-7.49","335900","335900","6718","50","67180","5"
"2014-01-15","-7.49","7261500","7261500","7262","1000","72615","100"
"2014-01-07","-1.88","235500","235500","7850","30","78500","3"
"2014-01-03","-1.96","480000","480000","8000","60","80000","6"
"2013-12-31","5.7","14245600","14245600","8160","1800","81600","180"
"2013-12-30","-7.5","2204000","2204000","7720","270","77200","27"
"2013-12-24","7.5","12616910","12616910","8346","1520","83455","152"
"2013-12-23","-0.21","26397445","26397445","7764","3400","77635","340"
"2013-12-20","0.22","1788380","1788380","7780","230","77800","23"
"2013-12-18","0","3881500","3881500","7763","500","77630","50"
"2013-12-17","2.14","37760170","37760170","7763","4870","77630","487"
"2013-12-16","-2.1","8951100","8951100","7600","1190","76000","119"
"2013-12-13","7.49","1630230","1630230","7763","210","77630","21"
"2013-12-12","7.5","12059905","12059905","7222","1670","72215","167"
"2013-12-11","7.49","27121280","27121280","6718","4110","67180","411"
"2013-12-10","0","3187245","3187245","6250","510","62495","51"
"2013-12-09","4.17","625000","625000","6250","100","62500","10"
"2013-12-05","0","300000","300000","6000","50","60000","5"
"2013-12-04","1.69","10140000","10140000","6000","1690","60000","169"
"2013-12-03","0","1770000","1770000","5900","300","59000","30"
"2013-12-02","0","28851000","28851000","5900","4890","59000","489"
"2013-11-28","1.71","12036000","12036000","5900","2040","59000","204"
"2013-11-27","0.02","8354565","8354565","5801","1430","58005","143"
"2013-11-25","0","290000","290000","5800","50","58000","5"
"2013-11-21","1.75","3246000","3246000","5800","560","58000","56"
"2013-11-20","5.56","228000","228000","5700","40","57000","4"
"2013-11-19","-5.26","107300","107300","5400","20","54000","2"
"2013-11-18","5.56","3990000","3990000","5700","700","57000","70"
"2013-11-14","0","1134000","1134000","5400","210","54000","21"
"2013-11-11","1.31","81810000","81810000","5400","15150","54000","1515"
"2013-11-08","0","53300","53300","5330","10","53300","1"
"2013-11-07","-1.3","159900","159900","5330","30","53300","3"
"2013-11-06","0","162000","162000","5400","30","54000","3"
"2013-11-05","0.93","702000","702000","5400","130","54000","13"
"2013-11-04","0","24556500","24556500","5350","4590","53500","459"
"2013-10-31","0","3451000","3451000","5350","660","53500","66"
"2013-10-29","0","4115500","4115500","5350","770","53500","77"
"2013-10-28","7","3317000","3317000","5350","620","53500","62"
"2013-10-25","2.04","1200000","1200000","5000","240","50000","24"
"2013-10-24","-0.41","735000","735000","4900","150","49000","15"
"2013-10-22","0.41","2308900","2308900","4920","470","49200","47"
"2013-10-21","0.41","2937215","2937215","4900","590","49000","59"
"2013-10-18","-7.37","2391200","2391200","4880","490","48800","49"
"2013-10-16","0","632075","632075","5268","120","52675","12"
"2013-10-14","7.51","842800","842800","5268","160","52675","16"
"2013-10-11","-1.9","343000","343000","4900","70","49000","7"
"2013-10-10","-7.5","549450","549450","4995","110","49950","11"
"2013-10-09","6.87","4212000","4212000","5400","780","54000","78"
"2013-10-07","7.51","3043355","3043355","5053","610","50525","61"
"2013-10-04","-0.04","564000","564000","4700","120","47000","12"
"2013-10-03","-2.04","705225","705225","4702","150","47015","15"
"2013-10-01","2.11","190010","190010","4800","40","48000","4"
"2013-09-30","0","987105","987105","4701","210","47005","21"
"2013-09-27","0","611065","611065","4701","130","47005","13"
"2013-09-26","0","940200","940200","4701","200","47010","20"
"2013-09-25","1.73","3337355","3337355","4701","710","47005","71"
"2013-09-24","-1.68","231025","231025","4621","50","46205","5"
"2013-09-23","2.17","9446205","9446205","4700","2010","47000","201"
"2013-09-19","0","138000","138000","4600","30","46000","3"
"2013-09-18","2.22","36418025","36418025","4600","7660","46000","766"
"2013-09-17","-2.17","13635400","13635400","4500","3030","45000","303"
"2013-09-16","2.22","10724500","10724500","4600","2350","46000","235"
"2013-09-12","0","2385000","2385000","4500","530","45000","53"
"2013-09-11","0","4230000","4230000","4500","940","45000","94"
"2013-09-10","0","4500000","4500000","4500","1000","45000","100"
"2013-09-09","0","11565000","11565000","4500","2570","45000","257"
"2013-09-06","0","4905000","4905000","4500","1090","45000","109"
"2013-09-05","0","90000","90000","4500","20","45000","2"
"2013-09-03","-2.17","8010000","8010000","4500","1780","45000","178"
"2013-09-02","0","8970000","8970000","4600","1950","46000","195"
"2013-08-30","0","64768000","64768000","4600","14080","46000","1408"
"2013-08-29","0","1978000","1978000","4600","430","46000","43"
"2013-08-28","0","4278000","4278000","4600","930","46000","93"
"2013-08-27","0","3864000","3864000","4600","840","46000","84"
"2013-08-26","-6.12","5934000","5934000","4600","1290","46000","129"
"2013-08-23","0","441000","441000","4900","90","49000","9"
"2013-08-21","0","2646000","2646000","4900","540","49000","54"
"2013-08-20","0","6909000","6909000","4900","1410","49000","141"
"2013-08-19","0","833000","833000","4900","170","49000","17"
"2013-08-16","0","24647000","24647000","4900","5030","49000","503"
"2013-08-14","0","2450000","2450000","4900","500","49000","50"
"2013-08-13","0","1764000","1764000","4900","360","49000","36"
"2013-08-09","0","2548000","2548000","4900","520","49000","52"
"2013-08-06","0","9947000","9947000","4900","2030","49000","203"
"2013-07-29","6.06","5537000","5537000","4900","1130","49000","113"
"2013-07-26","-5.71","3234000","3234000","4620","700","46200","70"
"2013-07-23","6.5","490000","490000","4900","100","49000","10"
"2013-07-19","0","7176780","7176780","4601","1560","46005","156"
"2013-07-16","0.02","5796630","5796630","4601","1260","46005","126"
"2013-07-12","2.22","2162000","2162000","4600","470","46000","47"
"2013-07-10","-2.17","585000","585000","4500","130","45000","13"
"2013-07-08","0","1242000","1242000","4600","270","46000","27"
"2013-07-05","0","12512000","12512000","4600","2720","46000","272"
"2013-07-04","-0.5","781915","781915","4600","170","45995","17"
"2013-07-03","7.49","416070","416070","4623","90","46230","9"
"2013-07-01","0","215025","215025","4301","50","43005","5"
"2013-06-28","7.5","430050","430050","4301","100","43005","10"
"2013-06-27","1.65","6400800","6400800","4001","1600","40005","160"
"2013-06-19","-7.5","6573120","6573120","3936","1670","39360","167"
"2013-06-18","-7.5","808450","808450","4255","190","42550","19"
"2013-06-17","0.22","1150000","1150000","4600","250","46000","25"
"2013-06-14","0","1468800","1468800","4590","320","45900","32"
"2013-06-12","-0.22","4727700","4727700","4590","1030","45900","103"
"2013-06-11","0","735920","735920","4600","160","45995","16"
"2013-06-06","0","1150000","1150000","4600","250","46000","25"
"2013-06-04","1.08","1150000","1150000","4600","250","46000","25"
"2013-06-03","-1.07","682575","682575","4551","150","45505","15"
"2013-05-29","-6.98","280738000","280738000","4600","61030","46000","6103"
"2013-05-28","7.5","494500","494500","4945","100","49450","10"
"2013-05-22","-6.98","2392000","2392000","4600","520","46000","52"
"2013-05-21","7.5","543950","543950","4945","110","49450","11"
"2013-05-14","2.22","460000","460000","4600","100","46000","10"
"2013-05-07","0","135000","135000","4500","30","45000","3"
"2013-05-02","0","495000","495000","4500","110","45000","11"
"2013-04-30","0","1170000","1170000","4500","260","45000","26"
"2013-04-29","0","135000","135000","4500","30","45000","3"
"2013-04-25","0","1215000","1215000","4500","270","45000","27"
"2013-04-24","0","90000","90000","4500","20","45000","2"
"2013-04-23","2.27","2025000","2025000","4500","450","45000","45"
"2013-04-22","0","35684000","35684000","4400","8110","44000","811"
"2013-04-17","0","132000","132000","4400","30","44000","3"
"2013-04-16","-4.82","1100000","1100000","4400","250","44000","25"
"2013-04-12","7.49","462250","462250","4623","100","46225","10"
"2013-04-08","0.02","430050","430050","4301","100","43005","10"
"2013-04-05","0","258000","258000","4300","60","43000","6"
"2013-04-04","-4.44","30831000","30831000","4300","7170","43000","717"
"2013-04-03","0","6120000","6120000","4500","1360","45000","136"
"2013-03-29","6.86","28260000","28260000","4500","6280","45000","628"
"2013-03-27","0.24","799995","799995","4211","190","42105","19"
"2013-03-20","0.02","8863055","8863055","4201","2110","42005","211"
"2013-03-13","0","9114000","9114000","4200","2170","42000","217"
"2013-03-08","-0.02","546000","546000","4200","130","42000","13"
"2013-03-05","-0.02","420050","420050","4201","100","42005","10"
"2013-03-04","0.02","3823820","3823820","4202","910","42020","91"
"2013-02-26","0.02","13233150","13233150","4201","3150","42010","315"
"2013-02-25","0","2646000","2646000","4200","630","42000","63"
"2013-02-22","0","39564000","39564000","4200","9420","42000","942"
"2013-02-20","0","210000","210000","4200","50","42000","5"
"2013-02-19","0","210000","210000","4200","50","42000","5"
"2013-02-15","0","34104000","34104000","4200","8120","42000","812"
"2013-02-12","0","672000","672000","4200","160","42000","16"
"2013-02-11","0","3990000","3990000","4200","950","42000","95"
"2013-02-08","0","42000","42000","4200","10","42000","1"
"2013-02-07","2.44","420000","420000","4200","100","42000","10"
"2013-02-05","0","369000","369000","4100","90","41000","9"
"2013-02-01","0","164000","164000","4100","40","41000","4"
"2013-01-31","0","41000000","41000000","4100","10000","41000","1000"
"2013-01-30","-1.2","11890000","11890000","4100","2900","41000","290"
"2013-01-29","0","207500","207500","4150","50","41500","5"
"2013-01-28","1.22","415000","415000","4150","100","41500","10"
"2013-01-25","0","984000","984000","4100","240","41000","24"
"2013-01-23","2.24","1599000","1599000","4100","390","41000","39"
"2013-01-22","0.25","561400","561400","4010","140","40100","14"
"2013-01-18","-1.23","1000000","1000000","4000","250","40000","25"
"2013-01-17","1.25","526500","526500","4050","130","40500","13"
"2013-01-15","0","1360000","1360000","4000","340","40000","34"
"2013-01-14","-0.02","8520000","8520000","4000","2130","40000","213"
"2013-01-11","-4.74","7720965","7720965","4001","1930","40005","193"
"2013-01-10","0","1385835","1385835","4200","330","41995","33"
"2013-01-09","0","923890","923890","4200","220","41995","22"
"2013-01-08","0","3738000","3738000","4200","890","42000","89"
"2013-01-04","0","1176000","1176000","4200","280","42000","28"
"2012-12-28","5","7266000","7266000","4200","1730","42000","173"
"2012-12-27","0","2080000","2080000","4000","520","40000","52"
"2012-12-24","0","3000000","3000000","4000","750","40000","75"
"2012-12-21","0","4600000","4600000","4000","1150","40000","115"
"2012-12-20","-4.76","5200000","5200000","4000","1300","40000","130"
"2012-12-19","5","1176000","1176000","4200","280","42000","28"
"2012-12-18","0","400000","400000","4000","100","40000","10"
"2012-12-17","0","360000","360000","4000","90","40000","9"
"2012-12-13","0","200000","200000","4000","50","40000","5"
"2012-12-12","-6.98","5240000","5240000","4000","1310","40000","131"
"2012-12-06","7.5","387000","387000","4300","90","43000","9"
"2012-12-04","0","21480000","21480000","4000","5370","40000","537"
"2012-12-03","0","6480000","6480000","4000","1620","40000","162"
"2012-11-30","-6.98","13760000","13760000","4000","3440","40000","344"
"2012-11-29","7.47","1161000","1161000","4300","270","43000","27"
"2012-11-27","0.03","3920490","3920490","4001","980","40005","98"
"2012-11-23","-0.02","800000","800000","4000","200","40000","20"
"2012-11-22","0.03","4120515","4120515","4001","1030","40005","103"
"2012-11-21","0","800000","800000","4000","200","40000","20"
"2012-11-19","6.02","8640000","8640000","4000","2160","40000","216"
"2012-11-16","7.49","4074840","4074840","3773","1080","37730","108"
"2012-11-13","6.3","456300","456300","3510","130","35100","13"
"2012-11-09","0.03","660400","660400","3302","200","33020","20"
"2012-11-06","-0.03","2310700","2310700","3301","700","33010","70"
"2012-11-02","0.06","11258115","11258115","3302","3410","33015","341"
"2012-10-30","0.3","23760000","23760000","3300","7200","33000","720"
"2012-10-29","-0.3","16450000","16450000","3290","5000","32900","500"
"2012-10-25","0","17490000","17490000","3300","5300","33000","530"
"2012-10-24","0","37257000","37257000","3300","11290","33000","1129"
"2012-10-23","0","16500000","16500000","3300","5000","33000","500"
"2012-10-19","0","1320000","1320000","3300","400","33000","40"
"2012-10-18","6.11","11187000","11187000","3300","3390","33000","339"
"2012-10-17","-5.76","311000","311000","3110","100","31100","10"
"2012-10-15","0.15","50853000","50853000","3300","15410","33000","1541"
"2012-10-12","-0.15","5766250","5766250","3295","1750","32950","175"
"2012-10-09","0","297000","297000","3300","90","33000","9"
"2012-10-08","0","9999000","9999000","3300","3030","33000","303"
"2012-10-05","6.76","16500000","16500000","3300","5000","33000","500"
"2012-10-04","0.03","649005","649005","3091","210","30905","21"
"2012-09-28","0","30900","30900","3090","10","30900","1"
"2012-09-24","6.55","3028200","3028200","3090","980","30900","98"
"2012-09-21","0","2117000","2117000","2900","730","29000","73"
"2012-09-19","0","1450000","1450000","2900","500","29000","50"
"2012-09-18","0","696000","696000","2900","240","29000","24"
"2012-09-17","7.41","290000","290000","2900","100","29000","10"
"2012-09-13","0.75","1404000","1404000","2700","520","27000","52"
"2012-09-11","-0.74","1366800","1366800","2680","510","26800","51"
"2012-09-10","0","27000","27000","2700","10","27000","1"
"2012-09-07","1.5","432000","432000","2700","160","27000","16"
"2012-09-06","0.34","58759400","58759400","2660","22090","26600","2209"
"2012-09-04","0","5963625","5963625","2651","2250","26505","225"
"2012-09-03","-1.81","2411955","2411955","2651","910","26505","91"
"2012-08-31","0","270000","270000","2700","100","27000","10"
"2012-08-30","1.89","729000","729000","2700","270","27000","27"
"2012-08-28","0","212000","212000","2650","80","26500","8"
"2012-08-27","-6.98","212000","212000","2650","80","26500","8"
"2012-08-23","7.47","1538460","1538460","2849","540","28490","54"
"2012-08-21","-6.95","344565","344565","2651","130","26505","13"
"2012-08-17","7.51","370305","370305","2849","130","28485","13"
"2012-08-03","0","132500","132500","2650","50","26500","5"
"2012-07-31","0","53000","53000","2650","20","26500","2"
"2012-07-27","6","954000","954000","2650","360","26500","36"
"2012-07-19","-7.41","850000","850000","2500","340","25000","34"
"2012-07-18","0","405000","405000","2700","150","27000","15"
"2012-07-17","3.81","270000","270000","2700","100","27000","10"
"2012-07-16","0","390075","390075","2601","150","26005","15"
"2012-07-11","4.04","8035545","8035545","2601","3090","26005","309"
"2012-07-10","0.64","6000000","6000000","2500","2400","25000","240"
"2012-07-09","7.49","621000","621000","2484","250","24840","25"
"2012-06-26","0","254210","254210","2311","110","23110","11"
"2012-06-25","0","184880","184880","2311","80","23110","8"
"2012-06-15","0.43","300365","300365","2311","130","23105","13"
"2012-06-14","-0.82","230050","230050","2301","100","23005","10"
"2012-06-11","0.87","348000","348000","2320","150","23200","15"
"2012-06-08","0","920000","920000","2300","400","23000","40"
"2012-06-06","0","2852000","2852000","2300","1240","23000","124"
"2012-06-05","0","1104000","1104000","2300","480","23000","48"
"2012-06-04","-4.17","1449000","1449000","2300","630","23000","63"
"2012-06-01","-1.64","192000","192000","2400","80","24000","8"
"2012-05-31","-12.86","463600","463600","2440","190","24400","19"
"2012-05-25","-0.71","4928000","4928000","2800","1760","28000","176"
"2012-05-21","0.71","1043400","1043400","2820","370","28200","37"
"2012-05-18","0","2100000","2100000","2800","750","28000","75"
"2012-05-15","0","224000","224000","2800","80","28000","8"
"2012-05-14","0","644000","644000","2800","230","28000","23"
"2012-05-11","0","980000","980000","2800","350","28000","35"
"2012-05-10","1.82","4424000","4424000","2800","1580","28000","158"
"2012-05-09","0","55000","55000","2750","20","27500","2"
"2012-05-08","3.77","330000","330000","2750","120","27500","12"
"2012-04-30","1.88","1060000","1060000","2650","400","26500","40"
"2012-04-24","0","390150","390150","2601","150","26010","15"
"2012-04-20","0","1066410","1066410","2601","410","26010","41"
"2012-04-19","2","260100","260100","2601","100","26010","10"
"2012-04-16","-1.66","2677500","2677500","2550","1050","25500","105"
"2012-04-12","0.04","1322175","1322175","2593","510","25925","51"
"2012-04-11","0","25920","25920","2592","10","25920","1"
"2012-04-05","0","648000","648000","2592","250","25920","25"
"2012-04-04","0","648000","648000","2592","250","25920","25"
"2012-04-02","7.46","233280","233280","2592","90","25920","9"
"2012-03-27","0.21","4678310","4678310","2412","1940","24115","194"
"2012-03-26","0.04","240650","240650","2407","100","24065","10"
"2012-03-23","0.04","1395480","1395480","2406","580","24060","58"
"2012-03-20","0.21","1250600","1250600","2405","520","24050","52"
"2012-03-16","-4","216000","216000","2400","90","24000","9"
"2012-03-15","0","1875000","1875000","2500","750","25000","75"
"2012-03-14","2.04","1125000","1125000","2500","450","25000","45"
"2012-03-13","-5.77","12323500","12323500","2450","5030","24500","503"
"2012-03-09","0","3744000","3744000","2600","1440","26000","144"
"2012-03-06","0","6864000","6864000","2600","2640","26000","264"
"2012-03-02","0","936000","936000","2600","360","26000","36"
"2012-03-01","0","546000","546000","2600","210","26000","21"
"2012-02-29","-3.02","3510000","3510000","2600","1350","26000","135"
"2012-02-28","-7.49","804150","804150","2681","300","26805","30"
"2012-02-27","0","1477725","1477725","2898","510","28975","51"
"2012-02-24","7.33","1303875","1303875","2898","450","28975","45"
"2012-02-23","5.8","3645000","3645000","2700","1350","27000","135"
"2012-02-22","7.5","765450","765450","2552","300","25515","30"
"2012-02-21","7.37","2017475","2017475","2374","850","23735","85"
"2012-02-20","0.32","862095","862095","2211","390","22105","39"
"2012-02-17","7.51","1432275","1432275","2204","650","22035","65"
"2012-02-16","4.59","1025000","1025000","2050","500","20500","50"
"2012-02-15","0.41","1078000","1078000","1960","550","19600","55"
"2012-02-14","0.05","2439375","2439375","1952","1250","19515","125"
"2012-02-10","0","995010","995010","1951","510","19510","51"
"2012-02-08","0.05","253565","253565","1951","130","19505","13"
"2012-02-07","0","585000","585000","1950","300","19500","30"
"2012-02-06","-4.18","565500","565500","1950","290","19500","29"
"2012-02-03","-7.5","630850","630850","2035","310","20350","31"
"2012-02-02","0","440000","440000","2200","200","22000","20"
"2012-02-01","-0.36","1320000","1320000","2200","600","22000","60"
"2012-01-26","15.54","9096960","9096960","2208","4120","22080","412"
"2012-01-20","0.58","573300","573300","1911","300","19110","30"
"2012-01-17","0","551000","551000","1900","290","19000","29"
"2012-01-16","0","190000","190000","1900","100","19000","10"
"2012-01-13","2.15","323000","323000","1900","170","19000","17"
"2012-01-12","0.54","334800","334800","1860","180","18600","18"
"2012-01-04","2.78","222000","222000","1850","120","18500","12"
"2011-12-29","5.88","432000","432000","1800","240","18000","24"
"2011-12-28","0","952000","952000","1700","560","17000","56"
"2011-12-27","-5.56","952000","952000","1700","560","17000","56"
"2011-12-22","0","396000","396000","1800","220","18000","22"
"2011-12-21","0","270000","270000","1800","150","18000","15"
"2011-12-20","2.86","450000","450000","1800","250","18000","25"
"2011-12-08","0","1225000","1225000","1750","700","17500","70"
"2011-12-07","0","262500","262500","1750","150","17500","15"
"2011-12-06","0","280000","280000","1750","160","17500","16"
"2011-12-05","0","87500","87500","1750","50","17500","5"
"2011-12-02","0","175000","175000","1750","100","17500","10"
"2011-12-01","2.94","1137500","1137500","1750","650","17500","65"
"2011-11-25","-2.86","374000","374000","1700","220","17000","22"
"2011-11-24","0","52500","52500","1750","30","17500","3"
"2011-11-23","0","420000","420000","1750","240","17500","24"
"2011-11-22","0","910000","910000","1750","520","17500","52"
"2011-11-21","0","875000","875000","1750","500","17500","50"
"2011-11-18","2.88","892500","892500","1750","510","17500","51"
"2011-11-17","0.06","663390","663390","1701","390","17010","39"
"2011-11-16","6.25","339900","339900","1700","200","16995","20"
"2011-11-14","-0.06","3696000","3696000","1600","2310","16000","231"
"2011-11-10","0.06","288180","288180","1601","180","16010","18"
"2011-11-09","-3.03","1152000","1152000","1600","720","16000","72"
"2011-11-08","0","1155000","1155000","1650","700","16500","70"
"2011-11-03","-6.25","478500","478500","1650","290","16500","29"
"2011-10-31","3.53","2076800","2076800","1760","1180","17600","118"
"2011-10-28","3.03","1394000","1394000","1700","820","17000","82"
"2011-10-27","-2.94","3184500","3184500","1650","1930","16500","193"
"2011-10-25","3.03","255000","255000","1700","150","17000","15"
"2011-10-21","3.13","577500","577500","1650","350","16500","35"
"2011-10-14","-3.03","480000","480000","1600","300","16000","30"
"2011-10-10","0","99000","99000","1650","60","16500","6"
"2011-10-07","0","1881000","1881000","1650","1140","16500","114"
"2011-10-06","0","313500","313500","1650","190","16500","19"
"2011-10-05","0","363000","363000","1650","220","16500","22"
"2011-09-30","0","33000","33000","1650","20","16500","2"
"2011-09-28","0","264000","264000","1650","160","16500","16"
"2011-09-27","0","165000","165000","1650","100","16500","10"
"2011-09-23","0","16500","16500","1650","10","16500","1"
"2011-09-22","0","165000","165000","1650","100","16500","10"
"2011-09-20","0","165000","165000","1650","100","16500","10"
"2011-09-19","0","132000","132000","1650","80","16500","8"
"2011-09-16","0","132000","132000","1650","80","16500","8"
"2011-09-15","0","528000","528000","1650","320","16500","32"
"2011-09-14","0","165000","165000","1650","100","16500","10"
"2011-09-09","0","907500","907500","1650","550","16500","55"
"2011-09-07","3.13","19536000","19536000","1650","11840","16500","1184"
"2011-09-05","0","2112000","2112000","1600","1320","16000","132"
"2011-09-01","0","848000","848000","1600","530","16000","53"
"2011-08-29","6.6","160000","160000","1600","100","16000","10"
"2011-08-24","0","225075","225075","1501","150","15005","15"
"2011-08-22","0.07","1500500","1500500","1501","1000","15005","100"
"2011-08-18","0","105000","105000","1500","70","15000","7"
"2011-08-17","0","105000","105000","1500","70","15000","7"
"2011-08-09","0","450000","450000","1500","300","15000","30"
"2011-08-05","-6.25","570000","570000","1500","380","15000","38"
"2011-08-04","0","160000","160000","1600","100","16000","10"
"2011-08-03","0","144000","144000","1600","90","16000","9"
"2011-08-02","0.63","976000","976000","1600","610","16000","61"
"2011-08-01","0","63600","63600","1590","40","15900","4"
"2011-07-29","0","174900","174900","1590","110","15900","11"
"2011-07-27","-0.31","1462800","1462800","1590","920","15900","92"
"2011-07-26","6.33","4864750","4864750","1595","3050","15950","305"
"2011-07-22","7.14","810000","810000","1500","540","15000","54"
"2011-07-21","0","56000","56000","1400","40","14000","4"
"2011-07-20","0","504000","504000","1400","360","14000","36"
"2011-07-19","-6.67","126000","126000","1400","90","14000","9"
"2011-07-18","-6.25","375000","375000","1500","250","15000","25"
"2011-07-13","0","176000","176000","1600","110","16000","11"
"2011-07-12","-2.97","176000","176000","1600","110","16000","11"
"2011-07-11","-3","857480","857480","1649","520","16490","52"
"2011-07-08","0","663000","663000","1700","390","17000","39"
"2011-07-06","0","187000","187000","1700","110","17000","11"
"2011-06-29","0","1258000","1258000","1700","740","17000","74"
"2011-06-28","0","4913000","4913000","1700","2890","17000","289"
"2011-06-27","0","2108000","2108000","1700","1240","17000","124"
"2011-06-23","0","646000","646000","1700","380","17000","38"
"2011-06-22","0","1309000","1309000","1700","770","17000","77"
"2011-06-21","0","1921000","1921000","1700","1130","17000","113"
"2011-06-20","0","1428000","1428000","1700","840","17000","84"
"2011-06-17","0","9639000","9639000","1700","5670","17000","567"
"2011-06-16","5.39","1360000","1360000","1700","800","17000","80"
"2011-06-15","7.53","16447500","16447500","1613","10200","16125","1020"
"2011-06-14","7.07","390000","390000","1500","260","15000","26"
"2011-06-10","0.21","4707360","4707360","1401","3360","14010","336"
"2011-06-09","0","34937500","34937500","1398","25000","13975","2500"
"2011-06-08","0","7071350","7071350","1398","5060","13975","506"
"2011-06-07","0","6051175","6051175","1398","4330","13975","433"
"2011-06-06","15.54","27764280","27764280","1398","19860","13980","1986"
"2011-05-13","0.83","72600","72600","1210","60","12100","6"
"2011-05-10","0","288000","288000","1200","240","12000","24"
"2011-05-04","0","120000","120000","1200","100","12000","10"
"2011-04-14","0","120000","120000","1200","100","12000","10"
"2011-03-16","0","60000","60000","1200","50","12000","5"
"2011-03-01","0","36000","36000","1200","30","12000","3"
"2011-02-10","0","588000","588000","1200","490","12000","49"
"2011-02-07","0","312000","312000","1200","260","12000","26"
"2011-02-03","3.36","120000","120000","1200","100","12000","10"
"2011-01-28","0","591855","591855","1161","510","11605","51"
"2011-01-27","-3.33","835560","835560","1161","720","11605","72"
"2011-01-26","0.08","2606170","2606170","1201","2170","12010","217"
"2011-01-14","0","1008000","1008000","1200","840","12000","84"
"2011-01-12","0","192000","192000","1200","160","12000","16"
"2011-01-11","0","336000","336000","1200","280","12000","28"
"2011-01-07","4.35","156000","156000","1200","130","12000","13"
"2010-12-23","0","2173500","2173500","1150","1890","11500","189"
"2010-12-22","0","11500","11500","1150","10","11500","1"
"2010-12-21","4.55","575000","575000","1150","500","11500","50"
"2010-12-17","0","220000","220000","1100","200","11000","20"
"2010-12-13","0","11000","11000","1100","10","11000","1"
"2010-12-09","0","121000","121000","1100","110","11000","11"
"2010-12-08","0","924000","924000","1100","840","11000","84"
"2010-12-07","-4.35","605000","605000","1100","550","11000","55"
"2010-12-06","-3.77","115000","115000","1150","100","11500","10"
"2010-12-03","-0.83","657250","657250","1195","550","11950","55"
"2010-12-02","0","1602650","1602650","1205","1330","12050","133"
"2010-11-30","0","433800","433800","1205","360","12050","36"
"2010-11-26","0","1506250","1506250","1205","1250","12050","125"
"2010-11-25","0","433800","433800","1205","360","12050","36"
"2010-11-23","-3.6","3615000","3615000","1205","3000","12050","300"
"2010-11-19","-3.85","375000","375000","1250","300","12500","30"
"2010-11-11","0","195000","195000","1300","150","13000","15"
"2010-11-10","0","195000","195000","1300","150","13000","15"
"2010-11-09","0","13000","13000","1300","10","13000","1"
"2010-11-08","0","260000","260000","1300","200","13000","20"
"2010-11-05","4","130000","130000","1300","100","13000","10"
"2010-11-02","0","175000","175000","1250","140","12500","14"
"2010-10-29","0","862500","862500","1250","690","12500","69"
"2010-10-27","0","112500","112500","1250","90","12500","9"
"2010-10-26","-3.85","900000","900000","1250","720","12500","72"
"2010-10-22","0","26000","26000","1300","20","13000","2"
"2010-10-21","0.78","234000","234000","1300","180","13000","18"
"2010-10-20","7.5","219300","219300","1290","170","12900","17"
"2010-10-15","0","36000","36000","1200","30","12000","3"
"2010-10-14","4.35","216000","216000","1200","180","12000","18"
"2010-10-13","-4.17","1932000","1932000","1150","1680","11500","168"
"2010-10-12","-0.83","2376000","2376000","1200","1980","12000","198"
"2010-10-11","3.6","121000","121000","1210","100","12100","10"
"2010-09-29","0","46720","46720","1168","40","11680","4"
"2010-09-22","0","116800","116800","1168","100","11680","10"
"2010-09-20","0","46720","46720","1168","40","11680","4"
"2010-09-16","1.57","256960","256960","1168","220","11680","22"
"2010-09-09","2.22","1345500","1345500","1150","1170","11500","117"
"2010-09-07","1.35","1338750","1338750","1125","1190","11250","119"
"2010-09-03","0","133200","133200","1110","120","11100","12"
"2010-09-02","-7.5","133200","133200","1110","120","11100","12"
"2010-08-31","0","119950","119950","1200","100","11995","10"
"2010-08-30","0","11995","11995","1200","10","11995","1"
"2010-08-26","8.11","119950","119950","1200","100","11995","10"
"2010-08-23","-7.5","2364300","2364300","1110","2130","11100","213"
"2010-08-20","3.45","491795","491795","1200","410","11995","41"
"2010-08-19","0.87","939600","939600","1160","810","11600","81"
"2010-08-18","0","161000","161000","1150","140","11500","14"
"2010-08-17","0","23000","23000","1150","20","11500","2"
"2010-08-12","0","69000","69000","1150","60","11500","6"
"2010-08-11","-4.17","414000","414000","1150","360","11500","36"
"2010-08-05","0","119950","119950","1200","100","11995","10"
"2010-08-04","0.59","623740","623740","1200","520","11995","52"
"2010-08-02","7.48","178950","178950","1193","150","11930","15"
"2010-07-29","0","111000","111000","1110","100","11100","10"
"2010-07-28","0.63","1487400","1487400","1110","1340","11100","134"
"2010-07-27","0","870975","870975","1103","790","11025","79"
"2010-07-23","0.27","220500","220500","1103","200","11025","20"
"2010-07-21","0","440000","440000","1100","400","11000","40"
"2010-07-20","0","1650000","1650000","1100","1500","11000","150"
"2010-07-15","0","33000","33000","1100","30","11000","3"
"2010-07-14","-0.9","132000","132000","1100","120","11000","12"
"2010-07-12","0","210900","210900","1110","190","11100","19"
"2010-07-09","-7.5","344100","344100","1110","310","11100","31"
"2010-07-06","0","107955","107955","1200","90","11995","9"
"2010-06-29","-4.76","359850","359850","1200","300","11995","30"
"2010-06-25","0.72","1260000","1260000","1260","1000","12600","100"
"2010-06-23","0.08","250200","250200","1251","200","12510","20"
"2010-06-22","-0.79","250000","250000","1250","200","12500","20"
"2010-06-17","0","214200","214200","1260","170","12600","17"
"2010-06-16","0","403200","403200","1260","320","12600","32"
"2010-06-15","0","630000","630000","1260","500","12600","50"
"2010-06-14","0","12600","12600","1260","10","12600","1"
"2010-06-10","-3.08","113400","113400","1260","90","12600","9"
"2010-06-09","0","91000","91000","1300","70","13000","7"
"2010-05-27","3.17","377000","377000","1300","290","13000","29"
"2010-05-25","0.8","264600","264600","1260","210","12600","21"
"2010-05-21","0","1000000","1000000","1250","800","12500","80"
"2010-05-20","-0.79","250000","250000","1250","200","12500","20"
"2010-05-19","0","252000","252000","1260","200","12600","20"
"2010-05-17","0","37800","37800","1260","30","12600","3"
"2010-05-07","0","75600","75600","1260","60","12600","6"
"2010-05-06","-0.32","579600","579600","1260","460","12600","46"
"2010-05-05","0","252800","252800","1264","200","12640","20"
"2010-05-04","-0.08","2591200","2591200","1264","2050","12640","205"
"2010-05-03","-0.39","1404150","1404150","1265","1110","12650","111"
"2010-04-30","-0.7","203200","203200","1270","160","12700","16"
"2010-04-23","0","230220","230220","1279","180","12790","18"
"2010-04-22","-0.08","2238250","2238250","1279","1750","12790","175"
"2010-04-21","-3.76","4838400","4838400","1280","3780","12800","378"
"2010-04-20","2.86","1010800","1010800","1330","760","13300","76"
"2010-04-19","7.48","555775","555775","1293","430","12925","43"
"2010-04-16","1.69","240500","240500","1203","200","12025","20"
"2010-04-15","7.55","555775","555775","1183","470","11825","47"
"2010-04-12","0.92","187000","187000","1100","170","11000","17"
"2010-04-09","0","675800","675800","1090","620","10900","62"
"2010-04-08","0","109000","109000","1090","100","10900","10"
"2010-04-06","0","283400","283400","1090","260","10900","26"
"2010-04-02","0","10900","10900","1090","10","10900","1"
"2010-04-01","0","555900","555900","1090","510","10900","51"
"2010-03-30","0","109000","109000","1090","100","10900","10"
"2010-03-29","0","359700","359700","1090","330","10900","33"
"2010-03-26","0","490500","490500","1090","450","10900","45"
"2010-03-24","3.81","109000","109000","1090","100","10900","10"
"2010-03-23","5","5775000","5775000","1050","5500","10500","550"
"2010-03-19","5.26","500000","500000","1000","500","10000","50"
"2010-03-12","2.7","95000","95000","950","100","9500","10"
"2010-03-08","15.63","416025","416025","925","450","9245","45"
"2010-02-18","-3.96","3728000","3728000","800","4660","8000","466"
"2010-02-17","-7.44","740925","740925","833","890","8325","89"
"2010-02-15","0","63000","63000","900","70","9000","7"
"2010-02-11","0","918000","918000","900","1020","9000","102"
"2010-02-10","-1.42","891000","891000","900","990","9000","99"
"2010-02-09","-7.5","7167050","7167050","913","7850","9130","785"
"2010-02-04","7.52","98650","98650","987","100","9865","10"
"2010-02-03","-0.22","3222180","3222180","918","3510","9180","351"
"2010-02-02","-2.65","92000","92000","920","100","9200","10"
"2010-01-29","0","236250","236250","945","250","9450","25"
"2010-01-28","0","349650","349650","945","370","9450","37"
"2010-01-27","0","311850","311850","945","330","9450","33"
"2010-01-26","0","945000","945000","945","1000","9450","100"
"2010-01-25","-0.53","2390850","2390850","945","2530","9450","253"
"2010-01-21","-4.04","1092500","1092500","950","1150","9500","115"
"2010-01-20","-1","297000","297000","990","300","9900","30"
"2010-01-19","0","100000","100000","1000","100","10000","10"
"2010-01-15","0","50000","50000","1000","50","10000","5"
"2010-01-14","-0.99","250000","250000","1000","250","10000","25"
"2010-01-13","0","121140","121140","1010","120","10095","12"
"2010-01-06","0","131300","131300","1010","130","10100","13"
"2010-01-05","0","151500","151500","1010","150","10100","15"
"2010-01-04","-0.98","454500","454500","1010","450","10100","45"
"2009-12-31","-0.97","1479000","1479000","1020","1450","10200","145"
"2009-12-28","0","20600","20600","1030","20","10300","2"
"2009-12-24","-0.96","1050600","1050600","1030","1020","10300","102"
"2009-12-22","-0.95","2672800","2672800","1040","2570","10400","257"
"2009-12-16","-3.67","315000","315000","1050","300","10500","30"
"2009-12-15","0","109000","109000","1090","100","10900","10"
"2009-12-08","6.86","272500","272500","1090","250","10900","25"
"2009-12-04","0.39","4171800","4171800","1020","4090","10200","409"
"2009-12-01","0.1","995190","995190","1016","980","10155","98"
"2009-11-23","0.5","812000","812000","1015","800","10150","80"
"2009-11-20","0.9","474700","474700","1010","470","10100","47"
"2009-11-18","-1.38","5005000","5005000","1001","5000","10010","500"
"2009-11-16","0","101500","101500","1015","100","10150","10"
"2009-11-13","0","274050","274050","1015","270","10150","27"
"2009-11-12","0","30450","30450","1015","30","10150","3"
"2009-11-10","0","456750","456750","1015","450","10150","45"
"2009-11-06","1","1015000","1015000","1015","1000","10150","100"
"2009-11-02","0","30150","30150","1005","30","10050","3"
"2009-10-29","-4.74","140700","140700","1005","140","10050","14"
"2009-10-26","0","200450","200450","1055","190","10550","19"
"2009-10-19","0","10550","10550","1055","10","10550","1"
"2009-10-15","-4.09","94950","94950","1055","90","10550","9"
"2009-10-14","10","121000","121000","1100","110","11000","11"
"2009-10-07","0","290000","290000","1000","290","10000","29"
"2009-10-06","0","1490000","1490000","1000","1490","10000","149"
"2009-10-05","0","2800000","2800000","1000","2800","10000","280"
"2009-09-30","-4.76","980000","980000","1000","980","10000","98"
"2009-09-25","0","21000","21000","1050","20","10500","2"
"2009-09-23","-0.47","294000","294000","1050","280","10500","28"
"2009-09-18","-0.47","432550","432550","1055","410","10550","41"
"2009-09-16","0.95","243800","243800","1060","230","10600","23"
"2009-09-15","2.54","567000","567000","1050","540","10500","54"
"2009-09-14","0","112640","112640","1024","110","10240","11"
"2009-09-11","0","706560","706560","1024","690","10240","69"
"2009-09-10","-2.48","880640","880640","1024","860","10240","86"
"2009-09-03","0","630000","630000","1050","600","10500","60"
"2009-09-02","0","808500","808500","1050","770","10500","77"
"2009-09-01","0","63000","63000","1050","60","10500","6"
"2009-08-31","0","105000","105000","1050","100","10500","10"
"2009-08-28","0","1050000","1050000","1050","1000","10500","100"
"2009-08-27","0","199500","199500","1050","190","10500","19"
"2009-08-25","0","31500","31500","1050","30","10500","3"
"2009-08-24","0","4242000","4242000","1050","4040","10500","404"
"2009-08-19","0","1186500","1186500","1050","1130","10500","113"
"2009-08-18","0","525000","525000","1050","500","10500","50"
"2009-08-17","0","472500","472500","1050","450","10500","45"
"2009-08-14","0","84000","84000","1050","80","10500","8"
"2009-08-13","-2.78","651000","651000","1050","620","10500","62"
"2009-08-05","0","32400","32400","1080","30","10800","3"
"2009-08-04","-1.82","453600","453600","1080","420","10800","42"
"2009-07-30","0","11000","11000","1100","10","11000","1"
"2009-07-29","-0.9","110000","110000","1100","100","11000","10"
"2009-07-28","-0.09","421800","421800","1110","380","11100","38"
"2009-07-23","-3.39","144430","144430","1111","130","11110","13"
"2009-07-22","0","34500","34500","1150","30","11500","3"
"2009-07-21","-0.09","264500","264500","1150","230","11500","23"
"2009-07-20","0","322140","322140","1151","280","11505","28"
"2009-07-17","0","759330","759330","1151","660","11505","66"
"2009-07-16","0","69030","69030","1151","60","11505","6"
"2009-07-15","0.09","184080","184080","1151","160","11505","16"
"2009-07-14","1.32","471500","471500","1150","410","11500","41"
"2009-07-13","2.07","238350","238350","1135","210","11350","21"
"2009-07-09","1","277875","277875","1112","250","11115","25"
"2009-07-07","0","143130","143130","1101","130","11010","13"
"2009-07-03","0","363330","363330","1101","330","11010","33"
"2009-07-01","0.09","220200","220200","1101","200","11010","20"
"2009-06-24","0","11000","11000","1100","10","11000","1"
"2009-06-19","0","1254000","1254000","1100","1140","11000","114"
"2009-06-16","0","1100000","1100000","1100","1000","11000","100"
"2009-06-15","0","99000","99000","1100","90","11000","9"
"2009-06-11","0","55000","55000","1100","50","11000","5"
"2009-06-05","0","440000","440000","1100","400","11000","40"
"2009-05-28","0","11000","11000","1100","10","11000","1"
"2009-05-27","0","99000","99000","1100","90","11000","9"
"2009-05-26","0","55000","55000","1100","50","11000","5"
"2009-05-25","0","330000","330000","1100","300","11000","30"
"2009-05-20","0","77000","77000","1100","70","11000","7"
"2009-05-18","0","220000","220000","1100","200","11000","20"
"2009-04-29","0","440000","440000","1100","400","11000","40"
"2009-04-28","0","187000","187000","1100","170","11000","17"
"2009-04-21","0","88000","88000","1100","80","11000","8"
"2009-04-20","-1.17","220000","220000","1100","200","11000","20"
"2009-04-17","0","1056875","1056875","1113","950","11125","95"
"2009-04-16","-7.48","1301625","1301625","1113","1170","11125","117"
"2009-04-15","0","432900","432900","1203","360","12025","36"
"2009-04-03","0","96200","96200","1203","80","12025","8"
"2009-04-02","0","589225","589225","1203","490","12025","49"
"2009-04-01","0","96200","96200","1203","80","12025","8"
"2009-03-31","0","613275","613275","1203","510","12025","51"
"2009-03-30","-7.46","757575","757575","1203","630","12025","63"
"2009-03-23","0","351000","351000","1300","270","13000","27"
"2009-03-20","-7.14","468000","468000","1300","360","13000","36"
"2009-03-12","0","126000","126000","1400","90","14000","9"
"2009-03-06","0","560000","560000","1400","400","14000","40"
"2009-02-26","0","7434000","7434000","1400","5310","14000","531"
"2009-02-24","-6.42","14000000","14000000","1400","10000","14000","1000"
"2009-02-04","0","149600","149600","1496","100","14960","10"
"2009-02-02","0","29920","29920","1496","20","14960","2"
"2009-01-27","0","74800","74800","1496","50","14960","5"
"2009-01-20","0","29920","29920","1496","20","14960","2"
"2009-01-16","0","104720","104720","1496","70","14960","7"
"2009-01-09","0","14960","14960","1496","10","14960","1"
"2008-12-31","7.47","478720","478720","1496","320","14960","32"
"2008-12-30","7.49","12931680","12931680","1392","9290","13920","929"
"2008-12-29","-7.5","530950","530950","1295","410","12950","41"
"2008-12-05","0","14000","14000","1400","10","14000","1"
"2008-11-21","-6.67","1078000","1078000","1400","770","14000","77"
"2008-11-19","-6.25","2010000","2010000","1500","1340","15000","134"
"2008-11-11","0","272000","272000","1600","170","16000","17"
"2008-11-07","0","16000","16000","1600","10","16000","1"
"2008-11-04","4.58","352000","352000","1600","220","16000","22"
"2008-10-31","0","2065500","2065500","1530","1350","15300","135"
"2008-10-30","-4.38","275400","275400","1530","180","15300","18"
"2008-10-23","0","144000","144000","1600","90","16000","9"
"2008-10-17","0","32000","32000","1600","20","16000","2"
"2008-10-16","0","480000","480000","1600","300","16000","30"
"2008-10-15","0","544000","544000","1600","340","16000","34"
"2008-10-14","0","160000","160000","1600","100","16000","10"
"2008-10-10","0","1168000","1168000","1600","730","16000","73"
"2008-10-08","-3.03","656000","656000","1600","410","16000","41"
"2008-10-06","3.13","214500","214500","1650","130","16500","13"
"2008-10-03","0","112000","112000","1600","70","16000","7"
"2008-10-02","0","32000","32000","1600","20","16000","2"
"2008-10-01","0","576000","576000","1600","360","16000","36"
"2008-09-29","0","176000","176000","1600","110","16000","11"
"2008-09-26","0","2192000","2192000","1600","1370","16000","137"
"2008-09-25","0","64000","64000","1600","40","16000","4"
"2008-09-23","0.63","1104000","1104000","1600","690","16000","69"
"2008-09-22","-0.63","461100","461100","1590","290","15900","29"
"2008-09-19","0","64000","64000","1600","40","16000","4"
"2008-09-18","7.38","5456000","5456000","1600","3410","16000","341"
"2008-09-12","7.43","223500","223500","1490","150","14900","15"
"2008-09-11","7.52","1053740","1053740","1387","760","13865","76"
"2008-09-09","7.5","877200","877200","1290","680","12900","68"
"2008-09-08","0","1068000","1068000","1200","890","12000","89"
"2008-09-04","0","264000","264000","1200","220","12000","22"
"2008-09-03","0","96000","96000","1200","80","12000","8"
"2008-08-29","0","360000","360000","1200","300","12000","30"
"2008-08-27","0","12000","12000","1200","10","12000","1"
"2008-08-25","0","60000","60000","1200","50","12000","5"
"2008-08-05","0","156000","156000","1200","130","12000","13"
"2008-07-29","0","288000","288000","1200","240","12000","24"
"2008-07-28","0","264000","264000","1200","220","12000","22"
"2008-07-25","0","1188000","1188000","1200","990","12000","99"
"2008-07-18","0","804000","804000","1200","670","12000","67"
"2008-07-17","0","1464000","1464000","1200","1220","12000","122"
"2008-07-15","0","408000","408000","1200","340","12000","34"
"2008-07-11","-0.08","324000","324000","1200","270","12000","27"
"2008-07-04","0.08","168070","168070","1201","140","12005","14"
"2008-07-02","0","288000","288000","1200","240","12000","24"
"2008-07-01","0","600000","600000","1200","500","12000","50"
"2008-06-26","0","9024000","9024000","1200","7520","12000","752"
"2008-06-25","0","24000","24000","1200","20","12000","2"
"2008-06-23","0","2820000","2820000","1200","2350","12000","235"
"2008-06-18","0","1080000","1080000","1200","900","12000","90"
"2008-06-17","0","72000","72000","1200","60","12000","6"
"2008-06-12","0","48000","48000","1200","40","12000","4"
"2008-06-11","0","312000","312000","1200","260","12000","26"
"2008-06-09","0","876000","876000","1200","730","12000","73"
"2008-06-06","0","6912000","6912000","1200","5760","12000","576"
"2008-06-02","0","120000","120000","1200","100","12000","10"
"2008-05-22","0","12000","12000","1200","10","12000","1"
"2008-05-21","0","132000","132000","1200","110","12000","11"
"2008-05-19","0","432000","432000","1200","360","12000","36"
"2008-05-16","0","324000","324000","1200","270","12000","27"
"2008-05-15","0","180000","180000","1200","150","12000","15"
"2008-05-14","0","708000","708000","1200","590","12000","59"
"2008-05-13","0","840000","840000","1200","700","12000","70"
"2008-05-09","0","1116000","1116000","1200","930","12000","93"
"2008-05-08","0","300000","300000","1200","250","12000","25"
"2008-05-07","0","2256000","2256000","1200","1880","12000","188"
"2008-04-30","0","108000","108000","1200","90","12000","9"
"2008-04-29","0","12000","12000","1200","10","12000","1"
"2008-04-23","0","240000","240000","1200","200","12000","20"
"2008-04-17","7.05","372000","372000","1200","310","12000","31"
"2008-04-16","0.99","235305","235305","1121","210","11205","21"
"2008-04-09","0","399600","399600","1110","360","11100","36"
"2008-04-08","0.91","643800","643800","1110","580","11100","58"
"2008-04-04","0","198000","198000","1100","180","11000","18"
"2008-04-03","0","429000","429000","1100","390","11000","39"
"2008-04-02","7.21","1606000","1606000","1100","1460","11000","146"
"2008-03-25","0","10255","10255","1026","10","10255","1"
"2008-03-14","0.1","984480","984480","1026","960","10255","96"
"2008-03-13","0","30750","30750","1025","30","10250","3"
"2008-03-12","0","461250","461250","1025","450","10250","45"
"2008-03-11","2.5","246000","246000","1025","240","10250","24"
"2008-03-05","0.6","240000","240000","1000","240","10000","24"
"2008-02-18","0","198800","198800","994","200","9940","20"
"2008-02-15","-0.6","288260","288260","994","290","9940","29"
"2008-02-14","0.6","5710000","5710000","1000","5710","10000","571"
"2008-02-12","0","159040","159040","994","160","9940","16"
"2008-02-11","0","49700","49700","994","50","9940","5"
"2008-02-08","0","99400","99400","994","100","9940","10"
"2008-02-06","0","9940","9940","994","10","9940","1"
"2008-02-01","0","29820","29820","994","30","9940","3"
"2008-01-30","7.46","149100","149100","994","150","9940","15"
"2008-01-21","0","5346500","5346500","925","5780","9250","578"
"2008-01-18","-6.57","638250","638250","925","690","9250","69"
"2008-01-17","0","386100","386100","990","390","9900","39"
"2008-01-15","-0.1","297000","297000","990","300","9900","30"
"2008-01-14","0","29715","29715","991","30","9905","3"
"2008-01-08","0","99050","99050","991","100","9905","10"
"2008-01-07","0","148575","148575","991","150","9905","15"
"2008-01-04","0","891450","891450","991","900","9905","90"
"2008-01-03","4.21","108955","108955","991","110","9905","11"
"2008-01-02","-4.42","114060","114060","951","120","9505","12"
"2007-12-28","0","557200","557200","995","560","9950","56"
"2007-12-27","0","587050","587050","995","590","9950","59"
"2007-12-26","-0.6","368150","368150","995","370","9950","37"
"2007-12-24","0","40040","40040","1001","40","10010","4"
"2007-12-20","-0.1","800800","800800","1001","800","10010","80"
"2007-12-17","0.1","140280","140280","1002","140","10020","14"
"2007-12-14","0","750750","750750","1001","750","10010","75"
"2007-11-30","11.22","220220","220220","1001","220","10010","22"
"2007-11-22","0","36000","36000","900","40","9000","4"
"2007-11-20","0","4347000","4347000","900","4830","9000","483"
"2007-11-19","0","180000","180000","900","200","9000","20"
"2007-11-16","0","1008000","1008000","900","1120","9000","112"
"2007-11-14","0","567000","567000","900","630","9000","63"
"2007-11-13","0","243000","243000","900","270","9000","27"
"2007-11-09","0","351000","351000","900","390","9000","39"
"2007-11-08","0","549000","549000","900","610","9000","61"
"2007-10-31","0","522000","522000","900","580","9000","58"
"2007-10-30","-2.17","8748000","8748000","900","9720","9000","972"
"2007-10-29","-0.11","202400","202400","920","220","9200","22"
"2007-10-26","0.11","920500","920500","921","1000","9205","100"
"2007-10-25","0","791200","791200","920","860","9200","86"
"2007-10-24","-3.16","211600","211600","920","230","9200","23"
"2007-10-23","-4.04","769500","769500","950","810","9500","81"
"2007-10-22","-2.94","198000","198000","990","200","9900","20"
"2007-10-19","0","10200","10200","1020","10","10200","1"
"2007-10-16","-1.92","224400","224400","1020","220","10200","22"
"2007-10-04","-1.89","228800","228800","1040","220","10400","22"
"2007-09-27","0","63600","63600","1060","60","10600","6"
"2007-09-25","0","53000","53000","1060","50","10600","5"
"2007-09-24","-0.93","1409800","1409800","1060","1330","10600","133"
"2007-09-21","0","738300","738300","1070","690","10700","69"
"2007-09-20","0","417300","417300","1070","390","10700","39"
"2007-09-19","0","898800","898800","1070","840","10700","84"
"2007-09-18","-2.73","588500","588500","1070","550","10700","55"
"2007-09-17","2.8","275000","275000","1100","250","11000","25"
"2007-09-14","0","609900","609900","1070","570","10700","57"
"2007-09-13","0","214000","214000","1070","200","10700","20"
"2007-09-12","0","2696400","2696400","1070","2520","10700","252"
"2007-09-11","1.9","4440500","4440500","1070","4150","10700","415"
"2007-09-10","0","1060500","1060500","1050","1010","10500","101"
"2007-09-07","5","231000","231000","1050","220","10500","22"
"2007-09-04","6.84","300000","300000","1000","300","10000","30"
"2007-09-03","0","28080","28080","936","30","9360","3"
"2007-08-31","-6.4","936000","936000","936","1000","9360","100"
"2007-08-22","0","70000","70000","1000","70","10000","7"
"2007-08-21","0","20000","20000","1000","20","10000","2"
"2007-08-20","6.95","400000","400000","1000","400","10000","40"
"2007-08-14","3.89","93500","93500","935","100","9350","10"
"2007-08-10","3.45","2025000","2025000","900","2250","9000","225"
"2007-08-08","0.58","400200","400200","870","460","8700","46"
"2007-08-02","7.99","2344150","2344150","865","2710","8650","271"
"2007-07-13","0.13","840525","840525","801","1050","8005","105"
"2007-07-02","0","40000","40000","800","50","8000","5"
"2007-06-27","0","160000","160000","800","200","8000","20"
"2007-06-21","6.67","160000","160000","800","200","8000","20"
"2007-06-19","1.35","157500","157500","750","210","7500","21"
"2007-06-18","0","14800","14800","740","20","7400","2"
"2007-06-15","12.8","96200","96200","740","130","7400","13"
"2007-06-04","0.92","203205","203205","656","310","6555","31"
"2007-05-24","-0.31","78000","78000","650","120","6500","12"
"2007-05-18","0.15","618925","618925","652","950","6515","95"
"2007-05-04","0","6505","6505","651","10","6505","1"
"2007-04-25","5","104080","104080","651","160","6505","16"
"2007-03-26","0","496000","496000","620","800","6200","80"
"2007-03-23","-7.46","198400","198400","620","320","6200","32"
"2007-03-14","0","40200","40200","670","60","6700","6"
"2007-03-13","0","93800","93800","670","140","6700","14"
"2007-02-27","0","1728600","1728600","670","2580","6700","258"
"2007-02-09","0","187600","187600","670","280","6700","28"
"2007-02-08","7.89","690100","690100","670","1030","6700","103"
"2007-01-31","0.16","310250","310250","621","500","6205","50"
"2007-01-26","0","12400","12400","620","20","6200","2"
"2007-01-23","0","527000","527000","620","850","6200","85"
"2007-01-17","0","372000","372000","620","600","6200","60"
"2007-01-05","0","55800","55800","620","90","6200","9"
"2007-01-03","0","272800","272800","620","440","6200","44"
"2007-01-02","0","43400","43400","620","70","6200","7"
"2006-12-26","-7.46","124000","124000","620","200","6200","20"
"2006-12-14","0","402000","402000","670","600","6700","60"
"2006-12-07","0","3283000","3283000","670","4900","6700","490"
"2006-12-06","1.52","3417000","3417000","670","5100","6700","510"
"2006-12-05","1.54","52800","52800","660","80","6600","8"
"2006-12-04","0","1300000","1300000","650","2000","6500","200"
"2006-12-01","4.84","117000","117000","650","180","6500","18"
"2006-11-23","0","18600","18600","620","30","6200","3"
"2006-11-22","0","18600","18600","620","30","6200","3"
"2006-11-17","0","217000","217000","620","350","6200","35"
"2006-11-13","0","142600","142600","620","230","6200","23"
"2006-11-06","0","80600","80600","620","130","6200","13"
"2006-11-02","0","43400","43400","620","70","6200","7"
"2006-10-26","0","173600","173600","620","280","6200","28"
"2006-10-17","0","24800","24800","620","40","6200","4"
"2006-10-11","0","49600","49600","620","80","6200","8"
"2006-10-10","0","334800","334800","620","540","6200","54"
"2006-10-06","0","520800","520800","620","840","6200","84"
"2006-10-02","-6.06","372000","372000","620","600","6200","60"
"2006-09-28","-1.49","99000","99000","660","150","6600","15"
"2006-09-20","0","67000","67000","670","100","6700","10"
"2006-09-19","0","442200","442200","670","660","6700","66"
"2006-09-11","-1.62","783900","783900","670","1170","6700","117"
"2006-09-06","1.64","68050","68050","681","100","6805","10"
"2006-08-31","0","6700","6700","670","10","6700","1"
"2006-08-24","0","6700","6700","670","10","6700","1"
"2006-08-21","0","147400","147400","670","220","6700","22"
"2006-08-16","-4.29","221100","221100","670","330","6700","33"
"2006-08-04","0","245000","245000","700","350","7000","35"
"2006-08-01","0","7000","7000","700","10","7000","1"
"2006-07-28","0","7000","7000","700","10","7000","1"
"2006-07-27","4.48","98000","98000","700","140","7000","14"
"2006-07-21","0","46900","46900","670","70","6700","7"
"2006-07-11","0.6","234500","234500","670","350","6700","35"
"2006-07-07","0.76","239760","239760","666","360","6660","36"
"2006-06-23","0.15","568460","568460","661","860","6610","86"
"2006-06-22","0","52800","52800","660","80","6600","8"
"2006-06-09","0","2052600","2052600","660","3110","6600","311"
"2006-06-06","0","132000","132000","660","200","6600","20"
"2006-06-02","0","66000","66000","660","100","6600","10"
"2006-06-01","0","85800","85800","660","130","6600","13"
"2006-05-31","0","132000","132000","660","200","6600","20"
"2006-05-30","0","178200","178200","660","270","6600","27"
"2006-05-26","0","844800","844800","660","1280","6600","128"
"2006-05-24","0","937200","937200","660","1420","6600","142"
"2006-05-18","0","6600","6600","660","10","6600","1"
"2006-05-17","0","726000","726000","660","1100","6600","110"
"2006-05-16","0","363000","363000","660","550","6600","55"
"2006-05-11","1.38","382800","382800","660","580","6600","58"
"2006-05-10","0","6505","6505","651","10","6505","1"
"2006-05-08","0","617975","617975","651","950","6505","95"
"2006-05-03","4.16","175635","175635","651","270","6505","27"
"2006-05-02","2.46","743750","743750","625","1190","6250","119"
"2006-04-25","1.33","549000","549000","610","900","6100","90"
"2006-04-21","0","6015","6015","602","10","6015","1"
"2006-04-14","0.33","114285","114285","602","190","6015","19"
"2006-03-30","0","1992000","1992000","600","3320","6000","332"
"2006-03-28","0","642000","642000","600","1070","6000","107"
"2006-03-20","0","6000","6000","600","10","6000","1"
"2006-03-17","0","120000","120000","600","200","6000","20"
"2006-03-15","0","162000","162000","600","270","6000","27"
"2006-03-09","0","6000","6000","600","10","6000","1"
"2006-03-08","-0.17","6480000","6480000","600","10800","6000","1080"
"2006-03-06","0","12010","12010","601","20","6005","2"
"2006-03-01","0","6005","6005","601","10","6005","1"
"2006-02-24","0.17","60050","60050","601","100","6005","10"
"2006-02-20","-4.76","138000","138000","600","230","6000","23"
"2006-02-14","5","69300","69300","630","110","6300","11"
"2006-02-13","-25","1386000","1386000","600","2310","6000","231"
"2006-01-09","0.63","80000","80000","800","100","8000","10"
"2005-12-29","15.55","246450","246450","795","310","7950","31"
"2005-12-27","7.5","68800","68800","688","100","6880","10"
"2005-12-23","6.67","160000","160000","640","250","6400","25"
"2005-12-22","0","18000","18000","600","30","6000","3"
"2005-12-19","0","150000","150000","600","250","6000","25"
"2005-12-13","0","60000","60000","600","100","6000","10"
"2005-12-12","6.01","180000","180000","600","300","6000","30"
"2005-12-08","0.18","190873215","190873215","566","337530","5655","33753"
"2005-12-02","0.89","14125000","14125000","565","25000","5650","2500"
"2005-11-30","-7.44","571200","571200","560","1020","5600","102"
"2005-11-24","0.83","121000","121000","605","200","6050","20"
"2005-11-18","0","18000","18000","600","30","6000","3"
"2005-11-11","0","162000","162000","600","270","6000","27"
"2005-11-09","0","246000","246000","600","410","6000","41"
"2005-11-08","0","12000","12000","600","20","6000","2"
"2005-10-31","0","126000","126000","600","210","6000","21"
"2005-10-28","7.14","60000","60000","600","100","6000","10"
"2005-10-21","0","285600","285600","560","510","5600","51"
"2005-10-20","0","140000","140000","560","250","5600","25"
"2005-10-19","0","560000","560000","560","1000","5600","100"
"2005-10-18","0","2100000","2100000","560","3750","5600","375"
"2005-10-17","0","364000","364000","560","650","5600","65"
"2005-10-14","0","56000","56000","560","100","5600","10"
"2005-10-13","0","599200","599200","560","1070","5600","107"
"2005-10-11","0","151200","151200","560","270","5600","27"
"2005-10-07","-6.67","280000","280000","560","500","5600","50"
"2005-10-06","0","1019150","1019150","600","1700","5995","170"
"2005-10-04","-1.8","89925","89925","600","150","5995","15"
"2005-10-03","-7.42","305250","305250","611","500","6105","50"
"2005-09-30","0","131900","131900","660","200","6595","20"
"2005-09-22","0","389400","389400","660","590","6600","59"
"2005-09-21","0","39600","39600","660","60","6600","6"
"2005-09-20","0","132000","132000","660","200","6600","20"
"2005-09-19","0","52800","52800","660","80","6600","8"
"2005-09-16","0","46200","46200","660","70","6600","7"
"2005-09-13","0","66000","66000","660","100","6600","10"
"2005-09-12","-5.71","257400","257400","660","390","6600","39"
"2005-09-09","6.06","168000","168000","700","240","7000","24"
"2005-09-01","0","132000","132000","660","200","6600","20"
"2005-08-26","1.54","250800","250800","660","380","6600","38"
"2005-08-05","0","39000","39000","650","60","6500","6"
"2005-07-12","0","156000","156000","650","240","6500","24"
"2005-07-11","-0.15","97500","97500","650","150","6500","15"
"2005-07-08","0","117090","117090","651","180","6505","18"
"2005-07-07","-2.84","240685","240685","651","370","6505","37"
"2005-07-05","-2.19","73700","73700","670","110","6700","11"
"2005-06-22","5.22","150700","150700","685","220","6850","22"
"2005-06-14","0","6505","6505","651","10","6505","1"
"2005-06-08","-7.13","3382600","3382600","651","5200","6505","520"
"2005-06-03","0.14","133190","133190","701","190","7010","19"
"2005-05-30","13.82","154000","154000","700","220","7000","22"
"2005-05-17","-6.82","774900","774900","615","1260","6150","126"
"2005-05-13","-22.35","798600","798600","660","1210","6600","121"
"2005-04-15","0","17000","17000","850","20","8500","2"
"2005-03-31","0","8500","8500","850","10","8500","1"
"2005-03-25","-5.56","170000","170000","850","200","8500","20"
"2005-03-10","-5.26","108000","108000","900","120","9000","12"
"2005-03-09","-8.65","95000","95000","950","100","9500","10"
"2004-12-31","15.56","4056000","4056000","1040","3900","10400","390"
"2004-12-23","0","1260000","1260000","900","1400","9000","140"
"2004-12-21","3.93","72000","72000","900","80","9000","8"
"2004-12-20","7.44","69280","69280","866","80","8660","8"
"2004-12-17","7.47","64480","64480","806","80","8060","8"
"2004-12-16","15.38","60000","60000","750","80","7500","8"
"2004-12-13","0","13000","13000","650","20","6500","2"
"2004-12-09","0","6500","6500","650","10","6500","1"
"2004-12-07","0","396500","396500","650","610","6500","61"
"2004-12-06","0","110500","110500","650","170","6500","17"
"2004-11-25","0","71500","71500","650","110","6500","11"
"2004-11-23","0","143000","143000","650","220","6500","22"
"2004-11-16","0.31","2054000","2054000","650","3160","6500","316"
"2004-11-03","0","129500","129500","648","200","6475","20"
"2004-10-29","0","181300","181300","648","280","6475","28"
"2004-10-28","-0.31","5885775","5885775","648","9090","6475","909"
"2004-10-27","-7.14","1625000","1625000","650","2500","6500","250"
"2004-10-22","0","1295000","1295000","700","1850","7000","185"
"2004-10-20","-5.41","3171000","3171000","700","4530","7000","453"
"2004-10-12","0","207200","207200","740","280","7400","28"
"2004-10-11","0","148000","148000","740","200","7400","20"
"2004-10-08","0","1050800","1050800","740","1420","7400","142"
"2004-10-06","0","325600","325600","740","440","7400","44"
"2004-09-30","0","7947600","7947600","740","10740","7400","1074"
"2004-09-29","-7.5","214600","214600","740","290","7400","29"
"2004-09-13","-4.76","2400000","2400000","800","3000","8000","300"
"2004-08-27","-1.18","6148800","6148800","840","7320","8400","732"
"2004-08-24","-5.56","93500","93500","850","110","8500","11"
"2004-08-16","0","180000","180000","900","200","9000","20"
"2004-07-22","0","9000","9000","900","10","9000","1"
"2004-07-14","0","18000","18000","900","20","9000","2"
"2004-07-02","0","27000","27000","900","30","9000","3"
"2004-06-24","0","16641000","16641000","900","18490","9000","1849"
"2004-06-18","0","45000","45000","900","50","9000","5"
"2004-06-04","0","18000","18000","900","20","9000","2"
"2004-04-16","0","180000","180000","900","200","9000","20"
"2004-04-08","0","45000","45000","900","50","9000","5"
"2004-02-17","0","27000","27000","900","30","9000","3"
"2004-02-10","-9.09","1530000","1530000","900","1700","9000","170"
"2004-01-12","-0.5","99000","99000","990","100","9900","10"
"2003-12-30","1.53","1641750","1641750","995","1650","9950","165"
"2003-12-29","3.16","196000","196000","980","200","9800","20"
"2003-12-23","-4.33","7600000","7600000","950","8000","9500","800"
"2003-12-19","7.35","1092300","1092300","993","1100","9930","110"
"2003-12-18","7.56","711865","711865","925","770","9245","77"
"2003-12-17","7.5","688000","688000","860","800","8600","80"
"2003-11-12","0","864000","864000","800","1080","8000","108"
"2003-11-06","-5.88","160000","160000","800","200","8000","20"
"2003-10-29","0","85000","85000","850","100","8500","10"
"2003-10-24","0","85000","85000","850","100","8500","10"
"2003-10-22","0","85000","85000","850","100","8500","10"
"2003-10-16","6.25","85000","85000","850","100","8500","10"
"2003-10-13","-3.61","720000","720000","800","900","8000","90"
"2003-10-08","-2.7","83000","83000","830","100","8300","10"
"2003-09-25","0","42650","42650","853","50","8530","5"
"2003-09-23","0","1535400","1535400","853","1800","8530","180"
"2003-09-19","0","85300","85300","853","100","8530","10"
"2003-09-18","0","426500","426500","853","500","8530","50"
"2003-09-12","0","725050","725050","853","850","8530","85"
"2003-09-11","0","895650","895650","853","1050","8530","105"
"2003-09-09","6.63","68240","68240","853","80","8530","8"
"2003-09-08","1.27","88525","88525","800","110","8000","11"
"2003-09-02","0","221060","221060","790","280","7895","28"
"2003-09-01","0","386855","386855","790","490","7895","49"
"2003-08-29","0","576335","576335","790","730","7895","73"
"2003-08-26","0","773710","773710","790","980","7895","98"
"2003-08-25","-7.39","78950","78950","790","100","7895","10"
"2003-07-29","0","853000","853000","853","1000","8530","100"
"2003-07-11","0","85250","85250","853","100","8525","10"
"2003-07-10","16.69","85300","85300","853","100","8530","10"
"2003-07-04","0","1008780","1008780","731","1380","7310","138"
"2003-07-03","0","2595050","2595050","731","3550","7310","355"
"2003-07-02","0","1008780","1008780","731","1380","7310","138"
"2003-07-01","-2.53","197370","197370","731","270","7310","27"
"2003-06-30","0","757500","757500","750","1010","7500","101"
"2003-06-27","0","615000","615000","750","820","7500","82"
"2003-06-26","-5.06","487500","487500","750","650","7500","65"
"2003-06-20","-7.39","908500","908500","790","1150","7900","115"
"2003-05-15","-0.12","85300","85300","853","100","8530","10"
"2003-05-07","0","8535","8535","854","10","8535","1"
"2003-04-29","0","256050","256050","854","300","8535","30"
"2003-04-11","0","85350","85350","854","100","8535","10"
"2003-04-10","-0.12","85400","85400","854","100","8540","10"
"2003-04-09","-0.35","93995","93995","855","110","8545","11"
"2003-04-08","0","171600","171600","858","200","8580","20"
"2003-03-21","-0.23","68640","68640","858","80","8580","8"
"2003-03-20","-7.43","1461150","1461150","860","1700","8595","170"
"2003-03-13","0","37160","37160","929","40","9290","4"
"2003-01-22","0","46450","46450","929","50","9290","5"
"2003-01-17","0","46450","46450","929","50","9290","5"
"2003-01-09","0","92900","92900","929","100","9290","10"
"2003-01-03","0","483080","483080","929","520","9290","52"
"2003-01-02","-0.11","882550","882550","929","950","9290","95"
"2002-12-31","-6.53","93000","93000","930","100","9300","10"
"2002-12-30","-7.44","99500","99500","995","100","9950","10"
"2002-12-27","7.5","290250","290250","1075","270","10750","27"
"2002-12-17","0","590000","590000","1000","590","10000","59"
"2002-12-11","0","2600000","2600000","1000","2600","10000","260"
"2002-11-28","0","470000","470000","1000","470","10000","47"
"2002-11-19","0","100000","100000","1000","100","10000","10"
"2002-11-07","0","130000","130000","1000","130","10000","13"
"2002-10-28","0","2160000","2160000","1000","2160","10000","216"
"2002-10-23","0","900000","900000","1000","900","10000","90"
"2002-10-15","0","100000","100000","1000","100","10000","10"
"2002-10-02","0","1080000","1080000","1000","1080","10000","108"
"2002-09-18","0","100000","100000","1000","100","10000","10"
"2002-09-17","0","100000","100000","1000","100","10000","10"
"2002-09-12","0","4510000","4510000","1000","4510","10000","451"
"2002-09-02","0","100000","100000","1000","100","10000","10"
"2002-08-26","0","100000","100000","1000","100","10000","10"
"2002-08-23","0","4500000","4500000","1000","4500","10000","450"
"2002-08-20","-3.75","1000000","1000000","1000","1000","10000","100"
"2002-08-16","-0.1","135070","135070","1039","130","10390","13"
"2002-08-13","-0.95","104000","104000","1040","100","10400","10"
"2002-08-06","0","199500","199500","1050","190","10500","19"
"2002-08-05","0","105000","105000","1050","100","10500","10"
"2002-07-29","0","105000","105000","1050","100","10500","10"
"2002-07-17","0","84000","84000","1050","80","10500","8"
"2002-07-12","0","94500","94500","1050","90","10500","9"
"2002-07-01","0","105000","105000","1050","100","10500","10"
"2002-06-20","0","105000","105000","1050","100","10500","10"
"2002-06-07","0","105000","105000","1050","100","10500","10"
"2002-06-04","0","241500","241500","1050","230","10500","23"
"2002-05-30","0","105000","105000","1050","100","10500","10"
"2002-05-28","0","210000","210000","1050","200","10500","20"
"2002-05-23","0","735000","735000","1050","700","10500","70"
"2002-05-14","-0.1","588000","588000","1050","560","10500","56"
"2002-05-10","0","157650","157650","1051","150","10510","15"
"2002-05-06","0","105100","105100","1051","100","10510","10"
"2002-04-23","0","220710","220710","1051","210","10510","21"
"2002-04-22","0","567540","567540","1051","540","10510","54"
"2002-04-19","-4.45","315300","315300","1051","300","10510","30"
"2002-04-18","4.76","242000","242000","1100","220","11000","22"
"2002-04-17","-4.55","1417500","1417500","1050","1350","10500","135"
"2002-04-10","0","110000","110000","1100","100","11000","10"
"2002-04-09","-0.9","220000","220000","1100","200","11000","20"
"2002-04-04","0","66600","66600","1110","60","11100","6"
"2002-04-03","0","11100","11100","1110","10","11100","1"
"2002-04-02","0","44400","44400","1110","40","11100","4"
"2002-03-28","0","1998000","1998000","1110","1800","11100","180"
"2002-03-27","0","55500","55500","1110","50","11100","5"
"2002-03-26","-7.5","111000000","111000000","1110","100000","11100","10000"
"2002-03-25","0","60000","60000","1200","50","12000","5"
"2002-03-11","0","120000","120000","1200","100","12000","10"
"2002-03-08","0","396000","396000","1200","330","12000","33"
"2002-03-07","0","132000","132000","1200","110","12000","11"
"2002-03-04","-3.3","264000","264000","1200","220","12000","22"
"2002-02-28","-14.41","310250","310250","1241","250","12410","25"
"2002-02-25","0","29000","29000","1450","20","14500","2"
"2002-02-05","-2.68","188500","188500","1450","130","14500","13"
"2002-01-29","-3.87","149000","149000","1490","100","14900","10"
"2002-01-03","0","108500","108500","1550","70","15500","7"
"2001-12-31","15.5","16848500","16848500","1550","10870","15500","1087"
"2001-12-27","7.53","5956260","5956260","1342","4440","13415","444"
"2001-12-24","7.49","1435200","1435200","1248","1150","12480","115"
"2001-12-21","7.5","1161000","1161000","1161","1000","11610","100"
"2001-12-10","0","820800","820800","1080","760","10800","76"
"2001-12-06","0","108000","108000","1080","100","10800","10"
"2001-12-03","0","10800","10800","1080","10","10800","1"
"2001-11-30","-1.82","529200","529200","1080","490","10800","49"
"2001-11-23","0","220000","220000","1100","200","11000","20"
"2001-11-21","0","110000","110000","1100","100","11000","10"
"2001-11-19","0","220000","220000","1100","200","11000","20"
"2001-11-13","0","11000","11000","1100","10","11000","1"
"2001-10-29","0","253000","253000","1100","230","11000","23"
"2001-10-26","0","330000","330000","1100","300","11000","30"
"2001-10-24","-7.02","110000","110000","1100","100","11000","10"
"2001-10-22","7.55","94600","94600","1183","80","11825","8"
"2001-10-19","1.85","902000","902000","1100","820","11000","82"
"2001-10-17","0","129600","129600","1080","120","10800","12"
"2001-10-15","0","270000","270000","1080","250","10800","25"
"2001-10-12","0","1749600","1749600","1080","1620","10800","162"
"2001-10-10","-6.09","216000","216000","1080","200","10800","20"
"2001-09-26","0","2300000","2300000","1150","2000","11500","200"
"2001-09-21","-2.95","805000","805000","1150","700","11500","70"
"2001-09-14","0","485850","485850","1185","410","11850","41"
"2001-09-12","0","983550","983550","1185","830","11850","83"
"2001-09-07","0","355500","355500","1185","300","11850","30"
"2001-09-05","0","118500","118500","1185","100","11850","10"
"2001-08-29","0","296250","296250","1185","250","11850","25"
"2001-08-24","0","379200","379200","1185","320","11850","32"
"2001-08-22","0","308100","308100","1185","260","11850","26"
"2001-08-10","0","2393700","2393700","1185","2020","11850","202"
"2001-08-08","0","154050","154050","1185","130","11850","13"
"2001-08-03","0","414750","414750","1185","350","11850","35"
"2001-08-01","0","296250","296250","1185","250","11850","25"
"2001-07-27","0","391050","391050","1185","330","11850","33"
"2001-07-23","0","237000","237000","1185","200","11850","20"
"2001-07-20","-1.25","165900","165900","1185","140","11850","14"
"2001-07-11","0","120000","120000","1200","100","12000","10"
"2001-07-06","0","360000","360000","1200","300","12000","30"
"2001-07-02","0","300000","300000","1200","250","12000","25"
"2001-06-29","0","240000","240000","1200","200","12000","20"
"2001-06-15","0","660000","660000","1200","550","12000","55"
"2001-06-13","0","1044000","1044000","1200","870","12000","87"
"2001-06-08","0","1200000","1200000","1200","1000","12000","100"
"2001-05-30","0","480000","480000","1200","400","12000","40"
"2001-05-25","-0.17","2592000","2592000","1200","2160","12000","216"
"2001-05-23","0.17","552920","552920","1202","460","12020","46"
"2001-05-11","0","816000","816000","1200","680","12000","68"
"2001-05-09","0","480000","480000","1200","400","12000","40"
"2001-05-04","0","480000","480000","1200","400","12000","40"
"2001-04-30","0","672000","672000","1200","560","12000","56"
"2001-04-27","0","1800000","1800000","1200","1500","12000","150"
"2001-04-25","0","324000","324000","1200","270","12000","27"
"2001-04-20","1.69","13656000","13656000","1200","11380","12000","1138"
"2001-04-18","7.27","271400","271400","1180","230","11800","23"
"2001-04-17","0","2013000","2013000","1100","1830","11000","183"
"2001-04-13","0","1617000","1617000","1100","1470","11000","147"
"2001-04-11","0","330000","330000","1100","300","11000","30"
"2001-04-06","0","3080000","3080000","1100","2800","11000","280"
"2001-03-30","1.85","429000","429000","1100","390","11000","39"
"2001-03-28","0.93","2160000","2160000","1080","2000","10800","200"
"2001-03-26","1.9","802500","802500","1070","750","10700","75"
"2001-03-23","0","2341500","2341500","1050","2230","10500","223"
"2001-03-21","0","210000","210000","1050","200","10500","20"
"2001-03-16","0","2089500","2089500","1050","1990","10500","199"
"2001-03-14","0","73500","73500","1050","70","10500","7"
"2001-03-12","0","315000","315000","1050","300","10500","30"
"2001-03-09","0","514500","514500","1050","490","10500","49"
"2001-03-07","0","2037000","2037000","1050","1940","10500","194"
"2001-03-06","-4.55","483000","483000","1050","460","10500","46"
"2001-02-28","0","1199000","1199000","1100","1090","11000","109"
"2001-02-26","0","55000","55000","1100","50","11000","5"
"2001-02-23","0","902000","902000","1100","820","11000","82"
"2001-02-21","0","880000","880000","1100","800","11000","80"
"2001-02-19","0","858000","858000","1100","780","11000","78"
"2001-02-16","0","550000","550000","1100","500","11000","50"
"2001-02-14","-4.26","23694000","23694000","1100","21540","11000","2154"
"2001-02-09","0","149370","149370","1149","130","11490","13"
"2001-02-07","-0.09","114900","114900","1149","100","11490","10"
"2001-01-31","0","23000","23000","1150","20","11500","2"
"2001-01-26","0","1173000","1173000","1150","1020","11500","102"
"2001-01-24","0","287500","287500","1150","250","11500","25"
"2001-01-22","0","345000","345000","1150","300","11500","30"
"2001-01-19","0","736000","736000","1150","640","11500","64"
"2001-01-17","-4.01","2369000","2369000","1150","2060","11500","206"
"2001-01-12","0","455050","455050","1198","380","11975","38"
"2001-01-03","-0.08","682575","682575","1198","570","11975","57"
"2001-01-02","0","59950","59950","1199","50","11990","5"
"2000-12-22","-0.08","515570","515570","1199","430","11990","43"
"2000-12-15","0","120000","120000","1200","100","12000","10"
"2000-12-13","0","48000","48000","1200","40","12000","4"
"2000-12-11","-0.83","288000","288000","1200","240","12000","24"
"2000-12-08","-0.82","3690500","3690500","1210","3050","12100","305"
"2000-12-01","0","48800","48800","1220","40","12200","4"
"2000-11-29","0","695400","695400","1220","570","12200","57"
"2000-11-27","0","390400","390400","1220","320","12200","32"
"2000-11-22","0","2037400","2037400","1220","1670","12200","167"
"2000-11-17","0","61000","61000","1220","50","12200","5"
"2000-11-10","0","366000","366000","1220","300","12200","30"
"2000-11-06","1.67","158600","158600","1220","130","12200","13"
"2000-11-03","0","408000","408000","1200","340","12000","34"
"2000-11-02","0","60000","60000","1200","50","12000","5"
"2000-10-18","0","1848000","1848000","1200","1540","12000","154"
"2000-10-13","-1.64","924000","924000","1200","770","12000","77"
"2000-10-11","0","195200","195200","1220","160","12200","16"
"2000-10-06","0","353800","353800","1220","290","12200","29"
"2000-10-04","0","244000","244000","1220","200","12200","20"
"2000-09-27","0","3464800","3464800","1220","2840","12200","284"
"2000-09-20","1.41","244000","244000","1220","200","12200","20"
"2000-09-15","-3.3","3198650","3198650","1203","2660","12025","266"
"2000-09-11","0","28000","28000","1244","23","14000","2"
"2000-09-01","0","700000","700000","1244","563","14000","50"
"2000-08-30","0","84000","84000","1244","68","14000","6"
"2000-08-23","0","140000","140000","1244","113","14000","10"
"2000-08-11","-6.68","280000","280000","1244","225","14000","20"
"2000-08-09","0","30000","30000","1333","23","15000","2"
"2000-07-26","-3.27","900000","900000","1333","675","15000","60"
"2000-07-21","3.38","3301500","3301500","1378","2396","15500","213"
"2000-07-19","7.15","1800000","1800000","1333","1350","15000","120"
"2000-07-17","3.67","4340000","4340000","1244","3488","14000","310"
"2000-07-12","3.81","6412500","6412500","1200","5344","13500","475"
"2000-07-10","0","130000","130000","1156","113","13000","10"
"2000-07-07","0","338000","338000","1156","293","13000","26"
"2000-06-30","0","52000","52000","1156","45","13000","4"
"2000-06-26","4.05","260000","260000","1156","225","13000","20"
"2000-06-23","0","1012500","1012500","1111","911","12500","81"
"2000-06-21","0","17125000","17125000","1111","15413","12500","1370"
"2000-06-16","0","24787500","24787500","1111","22309","12500","1983"
"2000-06-09","0","50000","50000","1111","45","12500","4"
"2000-05-29","0","375000","375000","1111","338","12500","30"
"2000-05-26","0","62500","62500","1111","56","12500","5"
"2000-05-17","0","212500","212500","1111","191","12500","17"
"2000-05-15","0","150000","150000","1111","135","12500","12"
"2000-05-12","0","437500","437500","1111","394","12500","35"
"2000-05-05","0","12500","12500","1111","11","12500","1"
"2000-05-03","0","187500","187500","1111","169","12500","15"
"2000-04-28","0","2537500","2537500","1111","2284","12500","203"
"2000-04-21","0","125000","125000","1111","113","12500","10"
"2000-04-19","0","437500","437500","1111","394","12500","35"
"2000-04-14","2.4","375000","375000","1111","338","12500","30"
"2000-04-12","0","2893770","2893770","1085","2666","12210","237"
"2000-04-10","0","48840","48840","1085","45","12210","4"
"2000-04-07","0","244200","244200","1085","225","12210","20"
"2000-03-31","0.09","598290","598290","1085","551","12210","49"
"2000-03-29","0","48800","48800","1084","45","12200","4"
"2000-03-24","0","244000","244000","1084","225","12200","20"
"2000-03-15","0","719800","719800","1084","664","12200","59"
"2000-03-13","0","610000","610000","1084","563","12200","50"
"2000-03-10","0","183000","183000","1084","169","12200","15"
"2000-03-08","0","183000","183000","1084","169","12200","15"
"2000-03-06","0","5209400","5209400","1084","4804","12200","427"
"2000-03-03","-0.46","2342400","2342400","1084","2160","12200","192"
"2000-03-01","-0.37","2315250","2315250","1089","2126","12250","189"
"2000-02-28","-5.45","5166000","5166000","1093","4725","12300","420"
"2000-02-18","-3.67","871000","871000","1156","754","13000","67"
"2000-02-16","-3.54","162000","162000","1200","135","13500","12"
"2000-02-09","0","349875","349875","1244","281","13995","25"
"2000-02-04","0","14000","14000","1244","11","14000","1"
"2000-02-02","0","378000","378000","1244","304","14000","27"
"2000-01-28","0","350000","350000","1244","281","14000","25"
"2000-01-26","-6.68","126000","126000","1244","101","14000","9"
"2000-01-17","-6.26","150000","150000","1333","113","15000","10"
"2000-01-14","-5.89","160000","160000","1422","113","16000","10"
"2000-01-10","0","169950","169950","1511","113","16995","10"
"1999-12-29","0","850000","850000","1511","563","17000","50"
"1999-12-20","0","119000","119000","1511","79","17000","7"
"1999-12-17","0","8500000","8500000","1511","5625","17000","500"
"1999-12-10","3","28186000","28186000","1511","18653","17000","1658"
"1999-12-08","3.16","759000","759000","1467","518","16500","46"
"1999-12-06","6.76","4320000","4320000","1422","3038","16000","270"
"1999-12-03","-0.08","749500","749500","1332","563","14990","50"
"1999-12-01","3.41","749750","749750","1333","563","14995","50"
"1999-11-26","0","1885000","1885000","1289","1463","14500","130"
"1999-11-24","3.62","17487000","17487000","1289","13568","14500","1206"
"1999-11-22","-3.79","700000","700000","1244","563","14000","50"
"1999-11-19","0","1455000","1455000","1293","1125","14550","100"
"1999-11-17","-3.36","291000","291000","1293","225","14550","20"
"1999-11-10","7.56","301000","301000","1338","225","15050","20"
"1999-11-08","0","196000","196000","1244","158","14000","14"
"1999-11-05","-3.79","1204000","1204000","1244","968","14000","86"
"1999-11-03","0","785700","785700","1293","608","14550","54"
"1999-10-29","0","1396800","1396800","1293","1080","14550","96"
"1999-10-27","2.78","1411350","1411350","1293","1091","14550","97"
"1999-10-25","0.4","1556500","1556500","1258","1238","14150","110"
"1999-10-22","0.72","1593300","1593300","1253","1271","14100","113"
"1999-10-20","1.39","1400000","1400000","1244","1125","14000","100"
"1999-10-15","0","25944000","25944000","1227","21150","13800","1880"
"1999-10-13","0","13800000","13800000","1227","11250","13800","1000"
"1999-10-11","0","1380000","1380000","1227","1125","13800","100"
"1999-10-08","0","1380000","1380000","1227","1125","13800","100"
"1999-10-06","0","2511600","2511600","1227","2048","13800","182"
"1999-10-04","0","1380000","1380000","1227","1125","13800","100"
"1999-10-01","0","8280000","8280000","1227","6750","13800","600"
"1999-09-29","-0.08","2760000","2760000","1227","2250","13800","200"
"1999-09-24","-1.29","138100","138100","1228","113","13810","10"
"1999-09-17","0","139950","139950","1244","113","13995","10"
"1999-09-13","0","111960","111960","1244","90","13995","8"
"1999-09-10","0","139950","139950","1244","113","13995","10"
"1999-09-06","0","112000","112000","1244","90","14000","8"
"1999-09-03","0","252000","252000","1244","203","14000","18"
"1999-09-01","0","378000","378000","1244","304","14000","27"
"1999-08-27","0","210000","210000","1244","169","14000","15"
"1999-08-25","-6.68","770000","770000","1244","619","14000","55"
"1999-08-23","-4.65","510000","510000","1333","383","15000","34"
"1999-08-16","-7.48","1415250","1415250","1398","1013","15725","90"
"1999-08-11","-5.03","850000","850000","1511","563","17000","50"
"1999-08-02","2.25","1790000","1790000","1591","1125","17900","100"
"1999-07-30","-2.69","875000","875000","1556","563","17500","50"
"1999-07-28","-0.06","1799000","1799000","1599","1125","17990","100"
"1999-07-26","0","900000","900000","1600","563","18000","50"
"1999-07-23","5.89","1800000","1800000","1600","1125","18000","100"
"1999-07-21","2.03","1870000","1870000","1511","1238","17000","110"
"1999-07-19","7.47","1666500","1666500","1481","1125","16665","100"
"1999-07-14","-13.88","124040","124040","1378","90","15505","8"
"1999-06-23","0","1836000","1836000","1600","1148","18000","102"
"1999-06-21","0","3600000","3600000","1600","2250","18000","200"
"1999-06-18","3.9","10332000","10332000","1600","6458","18000","574"
"1999-06-16","7.47","1732000","1732000","1540","1125","17320","100"
"1999-06-14","7.5","2176200","2176200","1433","1519","16120","135"
"1999-06-11","3.41","1199600","1199600","1333","900","14995","80"
"1999-06-07","0","377000","377000","1289","293","14500","26"
"1999-06-02","-3.3","1595000","1595000","1289","1238","14500","110"
"1999-05-28","0","195000","195000","1333","146","15000","13"
"1999-05-17","0","150000","150000","1333","113","15000","10"
"1999-05-14","0","300000","300000","1333","225","15000","20"
"1999-04-30","-0.07","300000","300000","1333","225","15000","20"
"1999-04-21","0.08","600200","600200","1334","450","15005","40"
"1999-04-19","-0.07","2085000","2085000","1333","1564","15000","139"
"1999-04-16","0","630210","630210","1334","473","15005","42"
"1999-04-14","-6.19","150050","150050","1334","113","15005","10"
"1999-04-12","0","1600000","1600000","1422","1125","16000","100"
"1999-04-09","0","192000","192000","1422","135","16000","12"
"1999-04-07","6.68","400000","400000","1422","281","16000","25"
"1999-04-02","0","3795000","3795000","1333","2846","15000","253"
"1999-03-31","0","1155000","1155000","1333","866","15000","77"
"1999-03-26","0","16740000","16740000","1333","12555","15000","1116"
"1999-03-24","0","45585000","45585000","1333","34189","15000","3039"
"1999-03-19","0","900000","900000","1333","675","15000","60"
"1999-03-17","0","720000","720000","1333","540","15000","48"
"1999-03-12","0","195000","195000","1333","146","15000","13"
"1999-03-10","0","27300000","27300000","1333","20475","15000","1820"
"1999-03-08","0","8325000","8325000","1333","6244","15000","555"
"1999-03-05","0","6075000","6075000","1333","4556","15000","405"
"1999-03-03","0","9510000","9510000","1333","7133","15000","634"
"1999-02-26","0","150000","150000","1333","113","15000","10"
"1999-02-24","3.41","8250000","8250000","1333","6188","15000","550"
"1999-02-19","-3.3","145000","145000","1289","113","14500","10"
"1999-02-17","0","750000","750000","1333","563","15000","50"
"1999-02-15","0","52500000","52500000","1333","39375","15000","3500"
"1999-02-10","0","60075000","60075000","1333","45056","15000","4005"
"1999-02-08","0","150000","150000","1333","113","15000","10"
"1999-02-05","3.41","30000000","30000000","1333","22500","15000","2000"
"1999-02-03","0","565500","565500","1289","439","14500","39"
"1999-02-01","0","43500","43500","1289","34","14500","3"
"1999-01-29","-3.3","3262500","3262500","1289","2531","14500","225"
"1999-01-27","3.57","10650000","10650000","1333","7988","15000","710"
"1999-01-22","0","4197750","4197750","1287","3263","14475","290"
"1999-01-13","-3.45","72375","72375","1287","56","14475","5"
"1999-01-11","0","180000","180000","1333","135","15000","12"
"1999-01-08","3.41","990000","990000","1333","743","15000","66"
"1998-12-30","0","1943000","1943000","1289","1508","14500","134"
"1998-12-28","3.62","1537000","1537000","1289","1193","14500","106"
"1998-12-23","4.36","770000","770000","1244","619","14000","55"
"1998-12-16","-7.53","6948970","6948970","1192","5828","13415","518"
"1998-12-14","-3.45","145000","145000","1289","113","14500","10"
"1998-12-11","7.32","5241980","5241980","1335","3926","15020","349"
"1998-12-09","-3.49","1036000","1036000","1244","833","14000","74"
"1998-12-02","3.62","174000","174000","1289","135","14500","12"
"1998-11-23","7.61","238000","238000","1244","191","14000","17"
"1998-11-18","-3.67","78000","78000","1156","68","13000","6"
"1998-11-13","0","15241500","15241500","1200","12701","13500","1129"
"1998-11-11","-6.9","2160000","2160000","1200","1800","13500","160"
"1998-11-06","0","159500","159500","1289","124","14500","11"
"1998-10-30","0","406000","406000","1289","315","14500","28"
"1998-10-28","-7.33","72500","72500","1289","56","14500","5"
"1998-10-26","-13.06","156500","156500","1391","113","15650","10"
"1998-10-21","0","5112000","5112000","1600","3195","18000","284"
"1998-10-19","0","72000","72000","1600","45","18000","4"
"1998-10-16","24.13","2628000","2628000","1600","1643","18000","146"
"1998-10-09","0","130500","130500","1289","101","14500","9"
"1998-10-07","0","7728500","7728500","1289","5996","14500","533"
"1998-10-05","0","19430000","19430000","1289","15075","14500","1340"
"1998-09-16","","1667500","1667500","1289","1294","14500","115"
