"Date","Variation","Valeur","Volume Devise Total","Cours Ajuste","Volume Ajuste Total","Cours Normal","Volume Normal Total"
"2026-09-09","-1.02","809294715","809294715","38800","20855","38800","20855"
"2026-09-08","1.29","328023285","328023285","39200","8447","39200","8447"
"2026-09-07","0.52","855717135","855717135","38700","22135","38700","22135"
"2026-09-04","1.32","225033075","225033075","38500","5866","38500","5866"
"2026-09-03","2.29","750283845","750283845","38000","19765","38000","19765"
"2026-09-02","0.41","311129560","311129560","37150","8293","37150","8293"
"2026-09-01","1.09","550447130","550447130","37000","14706","37000","14706"
"2026-08-31","-0.27","210823825","210823825","36600","5737","36600","5737"
"2026-08-28","1.94","139491890","139491890","36700","3808","36700","3808"
"2026-08-27","4.05","806061695","806061695","36000","22423","36000","22423"
"2026-08-26","-5.21","407755355","407755355","34600","11432","34600","11432"
"2026-08-24","-1.3","269512075","269512075","36500","7346","36500","7346"
"2026-08-21","7.5","476857575","476857575","36980","13615","36980","13615"
"2026-08-20","0","551471870","551471870","34400","16045","34400","16045"
"2026-08-19","5.85","161414665","161414665","34400","4867","34400","4867"
"2026-08-18","1.88","96238200","96238200","32500","3006","32500","3006"
"2026-08-17","0","845632835","845632835","31900","26510","31900","26510"
"2026-08-14","-0.3","157349630","157349630","31900","4924","31900","4924"
"2026-08-13","-0.02","511142430","511142430","31995","16026","31995","16026"
"2026-08-12","0","261053330","261053330","32000","8175","32000","8175"
"2026-08-11","0","127066935","127066935","32000","4023","32000","4023"
"2026-08-10","3.23","422928115","422928115","32000","13529","32000","13529"
"2026-08-06","2.65","74676980","74676980","31000","2386","31000","2386"
"2026-08-05","-3.82","133644215","133644215","30200","4338","30200","4338"
"2026-08-04","1.29","2401664105","2401664105","31400","78663","31400","78663"
"2026-08-03","0","316230750","316230750","31000","10204","31000","10204"
"2026-07-31","0","94556805","94556805","31000","3054","31000","3054"
"2026-07-30","0","282375400","282375400","31000","9126","31000","9126"
"2026-07-29","-0.02","488417850","488417850","31000","15736","31000","15736"
"2026-07-28","-0.02","145577115","145577115","31005","4654","31005","4654"
"2026-07-27","-1.54","298127920","298127920","31010","9508","31010","9508"
"2026-07-24","-0.96","168609455","168609455","31495","5370","31495","5370"
"2026-07-23","0.95","55119550","55119550","31800","1750","31800","1750"
"2026-07-22","0","95669955","95669955","31500","3044","31500","3044"
"2026-07-21","-1.56","157082045","157082045","31500","5020","31500","5020"
"2026-07-20","0","119907030","119907030","32000","3745","32000","3745"
"2026-07-17","0","62480935","62480935","32000","1944","32000","1944"
"2026-07-16","-1.54","106084500","106084500","32000","3283","32000","3283"
"2026-07-15","3.16","1139621070","1139621070","32500","35123","32500","35123"
"2026-07-14","1.96","1527966115","1527966115","31505","49192","31505","49192"
"2026-07-13","0","190869975","190869975","30900","6174","30900","6174"
"2026-07-10","-0.32","53986425","53986425","30900","1744","30900","1744"
"2026-07-09","0","439897440","439897440","31000","14206","31000","14206"
"2026-07-08","3.68","215267340","215267340","31000","7124","31000","7124"
"2026-07-07","1.36","81865715","81865715","29900","2772","29900","2772"
"2026-07-06","0","189944695","189944695","29500","6452","29500","6452"
"2026-07-03","0.02","93064145","93064145","29500","3155","29500","3155"
"2026-07-02","0.67","74349580","74349580","29495","2523","29495","2523"
"2026-07-01","2.81","50725285","50725285","29300","1736","29300","1736"
"2026-06-30","0.71","54444080","54444080","28500","1891","28500","1891"
"2026-06-29","-2.41","202399550","202399550","28300","7093","28300","7093"
"2026-06-26","1.4","41730495","41730495","29000","1441","29000","1441"
"2026-06-25","0.3","42733350","42733350","28600","1483","28600","1483"
"2026-06-24","0.04","187844245","187844245","28515","6582","28515","6582"
"2026-06-23","0.19","134334475","134334475","28505","4703","28505","4703"
"2026-06-22","1.07","67857430","67857430","28450","2392","28450","2392"
"2026-06-19","0.54","610935905","610935905","28150","21619","28150","21619"
"2026-06-18","-0.71","242100315","242100315","28000","8608","28000","8608"
"2026-06-17","-0.02","433934665","433934665","28200","15431","28200","15431"
"2026-06-16","-0.69","210341135","210341135","28205","7434","28205","7434"
"2026-06-15","0","563852915","563852915","28400","19827","28400","19827"
"2026-06-12","0","155832765","155832765","28400","5490","28400","5490"
"2026-06-11","0.53","122737590","122737590","28400","4338","28400","4338"
"2026-06-10","-0.6","143170390","143170390","28250","5058","28250","5058"
"2026-06-09","-0.28","223704595","223704595","28420","7867","28420","7867"
"2026-06-08","0","141698030","141698030","28500","4966","28500","4966"
"2026-06-05","-3.36","336610935","336610935","28500","11752","28500","11752"
"2026-06-04","-1.7","84075755","84075755","29490","2830","29490","2830"
"2026-06-03","6.01","352804515","352804515","30000","12185","30000","12185"
"2026-06-02","-0.35","186932295","186932295","28300","6603","28300","6603"
"2026-06-01","-0.18","134592875","134592875","28400","4741","28400","4741"
"2026-05-29","0.89","216189200","216189200","28450","7613","28450","7613"
"2026-05-28","-0.88","415351440","415351440","28200","14603","28200","14603"
"2026-05-26","-0.18","40272445","40272445","28450","1415","28450","1415"
"2026-05-22","-1.38","71523480","71523480","28500","2514","28500","2514"
"2026-05-21","0.17","231162635","231162635","28900","8016","28900","8016"
"2026-05-20","0","276398150","276398150","28850","9571","28850","9571"
"2026-05-19","0.17","190508080","190508080","28850","6591","28850","6591"
"2026-05-18","-0.35","428648545","428648545","28800","14844","28800","14844"
"2026-05-15","-0.17","571888105","571888105","28900","19775","28900","19775"
"2026-05-13","0.14","152220125","152220125","28950","5261","28950","5261"
"2026-05-12","-0.31","361564440","361564440","28910","12483","28910","12483"
"2026-05-11","0.35","478552670","478552670","29000","16538","29000","16538"
"2026-05-08","0","97139105","97139105","28900","3362","28900","3362"
"2026-05-07","0","281367950","281367950","28900","9737","28900","9737"
"2026-05-06","0","269372410","269372410","28900","9322","28900","9322"
"2026-05-05","-0.34","324057845","324057845","28900","11179","28900","11179"
"2026-05-04","1.05","105072570","105072570","29000","3627","29000","3627"
"2026-04-30","0","158814515","158814515","28700","5534","28700","5534"
"2026-04-29","1.06","353007740","353007740","28700","12315","28700","12315"
"2026-04-28","-0.35","183148845","183148845","28400","6428","28400","6428"
"2026-04-27","0","191177850","191177850","28500","6725","28500","6725"
"2026-04-24","0","67453800","67453800","28500","2367","28500","2367"
"2026-04-23","0","125955950","125955950","28500","4421","28500","4421"
"2026-04-22","0","408761210","408761210","28500","14307","28500","14307"
"2026-04-21","0.35","256574300","256574300","28500","8984","28500","8984"
"2026-04-20","-0.33","74163075","74163075","28400","2611","28400","2611"
"2026-04-17","3.62","38941880","38941880","28495","1367","28495","1367"
"2026-04-16","-3.51","175263070","175263070","27500","6225","27500","6225"
"2026-04-15","1.79","563155145","563155145","28500","19792","28500","19792"
"2026-04-14","-2.78","1644345145","1644345145","28000","57899","28000","57899"
"2026-04-13","0","84433790","84433790","28800","2934","28800","2934"
"2026-04-10","0.02","1381210985","1381210985","28800","49298","28800","49298"
"2026-04-09","-0.02","99524405","99524405","28795","3476","28795","3476"
"2026-04-08","-0.69","247825475","247825475","28800","8598","28800","8598"
"2026-04-07","0","65604190","65604190","29000","2263","29000","2263"
"2026-04-03","0.35","15204200","15204200","29000","526","29000","526"
"2026-04-02","-0.34","60234280","60234280","28900","2101","28900","2101"
"2026-04-01","0","37300525","37300525","29000","1291","29000","1291"
"2026-03-31","2.02","96966475","96966475","29000","3397","29000","3397"
"2026-03-30","0.09","138325515","138325515","28425","4872","28425","4872"
"2026-03-27","-0.09","226876415","226876415","28400","7988","28400","7988"
"2026-03-26","1.5","34827155","34827155","28425","1233","28425","1233"
"2026-03-25","-0.71","154515325","154515325","28005","5456","28005","5456"
"2026-03-24","0.02","122564370","122564370","28205","4303","28205","4303"
"2026-03-23","-2.08","479581820","479581820","28200","16961","28200","16961"
"2026-03-19","-0.67","97548285","97548285","28800","3365","28800","3365"
"2026-03-18","0","64375570","64375570","28995","2221","28995","2221"
"2026-03-17","0.03","385118220","385118220","28995","13330","28995","13330"
"2026-03-13","-0.05","165246885","165246885","28985","5704","28985","5704"
"2026-03-12","0.69","369165105","369165105","29000","12780","29000","12780"
"2026-03-11","-0.69","201010590","201010590","28800","6979","28800","6979"
"2026-03-10","0","509493730","509493730","29000","17574","29000","17574"
"2026-03-09","0.17","364841670","364841670","29000","12631","29000","12631"
"2026-03-06","0.87","821942060","821942060","28950","28571","28950","28571"
"2026-03-05","1.77","112664355","112664355","28700","3933","28700","3933"
"2026-03-04","-3.59","291971775","291971775","28200","10054","28200","10054"
"2026-03-03","0.83","784122885","784122885","29250","27046","29250","27046"
"2026-03-02","-0.99","242142750","242142750","29010","8297","29010","8297"
"2026-02-27","0.34","468578320","468578320","29300","16082","29300","16082"
"2026-02-26","0","201735620","201735620","29200","6915","29200","6915"
"2026-02-25","1.39","316995200","316995200","29200","10964","29200","10964"
"2026-02-24","-1.37","92474200","92474200","28800","3206","28800","3206"
"2026-02-23","0.69","352128235","352128235","29200","12142","29200","12142"
"2026-02-20","2.84","208528400","208528400","29000","7282","29000","7282"
"2026-02-19","0.36","322218435","322218435","28200","11376","28200","11376"
"2026-02-18","0.38","385666860","385666860","28100","13795","28100","13795"
"2026-02-17","0.43","191263135","191263135","27995","6841","27995","6841"
"2026-02-16","-0.39","64946330","64946330","27875","2342","27875","2342"
"2026-02-13","2.57","250160390","250160390","27985","8995","27985","8995"
"2026-02-12","-0.04","90180895","90180895","27285","3326","27285","3326"
"2026-02-11","0.57","80317010","80317010","27295","2963","27295","2963"
"2026-02-10","-0.02","167464030","167464030","27140","6192","27140","6192"
"2026-02-09","0.54","47766540","47766540","27145","1763","27145","1763"
"2026-02-06","0.19","54530455","54530455","27000","2023","27000","2023"
"2026-02-05","0.19","65687780","65687780","26950","2442","26950","2442"
"2026-02-04","0","74935580","74935580","26900","2814","26900","2814"
"2026-02-03","0","41876680","41876680","26900","1565","26900","1565"
"2026-02-02","-0.19","61383465","61383465","26900","2297","26900","2297"
"2026-01-30","3.63","48404555","48404555","26950","1797","26950","1797"
"2026-01-29","1.96","46457440","46457440","26005","1789","26005","1789"
"2026-01-28","0.02","290498380","290498380","25505","11352","25505","11352"
"2026-01-27","0","263058715","263058715","25500","10319","25500","10319"
"2026-01-26","0","105365735","105365735","25500","4133","25500","4133"
"2026-01-23","0.02","140789495","140789495","25500","5530","25500","5530"
"2026-01-22","-0.02","94315870","94315870","25495","3700","25495","3700"
"2026-01-21","0","98198320","98198320","25500","3853","25500","3853"
"2026-01-20","0","51255165","51255165","25500","2011","25500","2011"
"2026-01-19","0","50381790","50381790","25500","1977","25500","1977"
"2026-01-16","0","262188955","262188955","25500","10446","25500","10446"
"2026-01-15","0","250741320","250741320","25500","9957","25500","9957"
"2026-01-14","0.37","77148080","77148080","25500","3047","25500","3047"
"2026-01-13","-0.37","37446465","37446465","25405","1470","25405","1470"
"2026-01-12","0","65318430","65318430","25500","2574","25500","2574"
"2026-01-09","0","66770570","66770570","25500","2619","25500","2619"
"2026-01-08","0","39544915","39544915","25500","1555","25500","1555"
"2026-01-07","0","35229640","35229640","25500","1387","25500","1387"
"2026-01-06","2.02","75068925","75068925","25500","2947","25500","2947"
"2026-01-05","-3.85","76672255","76672255","24995","3073","24995","3073"
"2026-01-02","-0.48","59203710","59203710","25995","2383","25995","2383"
"2025-12-31","7.05","320887590","320887590","26120","12627","26120","12627"
"2025-12-30","-1.61","203368810","203368810","24400","8279","24400","8279"
"2025-12-29","-0.4","434475335","434475335","24800","17598","24800","17598"
"2025-12-26","0","1612812305","1612812305","24900","64785","24900","64785"
"2025-12-24","-0.4","75939625","75939625","24900","3047","24900","3047"
"2025-12-23","0","66375680","66375680","25000","2653","25000","2653"
"2025-12-22","-0.4","137946050","137946050","25000","5518","25000","5518"
"2025-12-19","0.38","2994889360","2994889360","25100","119059","25100","119059"
"2025-12-18","-0.77","508431390","508431390","25005","20321","25005","20321"
"2025-12-17","0","142395835","142395835","25200","5682","25200","5682"
"2025-12-16","0.38","148356020","148356020","25200","5893","25200","5893"
"2025-12-15","-1.55","44498160","44498160","25105","1747","25105","1747"
"2025-12-12","2","28586455","28586455","25500","1119","25500","1119"
"2025-12-11","-1.96","204745640","204745640","25000","8044","25000","8044"
"2025-12-10","0","71748105","71748105","25500","2812","25500","2812"
"2025-12-09","0","76513190","76513190","25500","3002","25500","3002"
"2025-12-08","-1.16","160650470","160650470","25500","6256","25500","6256"
"2025-12-05","0.39","535805105","535805105","25800","20922","25800","20922"
"2025-12-04","-0.96","1168472485","1168472485","25700","45643","25700","45643"
"2025-12-03","0","81779700","81779700","25950","3189","25950","3189"
"2025-12-02","-0.19","55105800","55105800","25950","2138","25950","2138"
"2025-12-01","1.56","103856570","103856570","26000","3923","26000","3923"
"2025-11-28","0.69","42444915","42444915","25600","1665","25600","1665"
"2025-11-27","-0.68","27080780","27080780","25425","1062","25425","1062"
"2025-11-26","0.79","550210665","550210665","25600","21639","25600","21639"
"2025-11-25","0.99","293394300","293394300","25400","11633","25400","11633"
"2025-11-24","0.2","338225750","338225750","25150","13475","25150","13475"
"2025-11-21","-1.57","57088725","57088725","25100","2246","25100","2246"
"2025-11-20","0.39","52468750","52468750","25500","2061","25500","2061"
"2025-11-19","1.6","728613010","728613010","25400","29111","25400","29111"
"2025-11-18","-1.96","264537240","264537240","25000","10562","25000","10562"
"2025-11-17","0","83703050","83703050","25500","3322","25500","3322"
"2025-11-14","-1.92","557451395","557451395","25500","21842","25500","21842"
"2025-11-13","2.14","70857565","70857565","26000","2779","26000","2779"
"2025-11-12","-0.57","264711940","264711940","25455","10311","25455","10311"
"2025-11-11","-1.16","1402572045","1402572045","25600","54748","25600","54748"
"2025-11-10","-0.38","182104410","182104410","25900","7040","25900","7040"
"2025-11-07","0.04","103044225","103044225","26000","3964","26000","3964"
"2025-11-06","-0.04","67286745","67286745","25990","2598","25990","2598"
"2025-11-05","-0.38","67151820","67151820","26000","2579","26000","2579"
"2025-11-04","0","1128219580","1128219580","26100","43257","26100","43257"
"2025-11-03","-0.02","870713570","870713570","26100","33115","26100","33115"
"2025-10-31","-0.36","76645415","76645415","26105","2923","26105","2923"
"2025-10-30","-0.57","65947600","65947600","26200","2502","26200","2502"
"2025-10-29","-0.57","286423885","286423885","26350","10883","26350","10883"
"2025-10-28","0","208402545","208402545","26500","7909","26500","7909"
"2025-10-27","-0.75","107419485","107419485","26500","4052","26500","4052"
"2025-10-24","0.02","156078475","156078475","26700","5885","26700","5885"
"2025-10-23","0.77","226691965","226691965","26695","8588","26695","8588"
"2025-10-22","1.11","209710980","209710980","26490","7950","26490","7950"
"2025-10-21","-0.57","572238920","572238920","26200","21759","26200","21759"
"2025-10-20","1.35","150637765","150637765","26350","5742","26350","5742"
"2025-10-17","0","83051740","83051740","26000","3184","26000","3184"
"2025-10-16","-1.89","214203915","214203915","26000","8209","26000","8209"
"2025-10-15","2.12","617864115","617864115","26500","23708","26500","23708"
"2025-10-14","0","103415930","103415930","25950","3978","25950","3978"
"2025-10-13","-0.19","385208075","385208075","25950","14821","25950","14821"
"2025-10-10","0","75415355","75415355","26000","2900","26000","2900"
"2025-10-09","-0.38","221288390","221288390","26000","8529","26000","8529"
"2025-10-08","0.38","1306465430","1306465430","26100","50564","26100","50564"
"2025-10-07","0","196520275","196520275","26000","7572","26000","7572"
"2025-10-06","0.41","296274275","296274275","26000","11435","26000","11435"
"2025-10-03","0","43044020","43044020","25895","1664","25895","1664"
"2025-10-02","0.76","89498375","89498375","25895","3480","25895","3480"
"2025-10-01","0.37","34227890","34227890","25700","1336","25700","1336"
"2025-09-30","0","51636715","51636715","25605","2007","25605","2007"
"2025-09-29","0.39","67796540","67796540","25605","2644","25605","2644"
"2025-09-26","-1.53","73168770","73168770","25505","2839","25505","2839"
"2025-09-25","0","98100260","98100260","25900","3795","25900","3795"
"2025-09-24","-0.35","53099630","53099630","25900","2059","25900","2059"
"2025-09-23","0.29","137007245","137007245","25990","5301","25990","5301"
"2025-09-22","-0.04","132637665","132637665","25915","5125","25915","5125"
"2025-09-19","0.52","123326355","123326355","25925","4771","25925","4771"
"2025-09-18","-0.42","40994030","40994030","25790","1589","25790","1589"
"2025-09-17","0","127667890","127667890","25900","4958","25900","4958"
"2025-09-16","0.39","218189245","218189245","25900","8508","25900","8508"
"2025-09-15","-0.37","78762620","78762620","25800","3060","25800","3060"
"2025-09-12","0.37","151321400","151321400","25895","5909","25895","5909"
"2025-09-11","0","60702665","60702665","25800","2353","25800","2353"
"2025-09-10","1.53","54004040","54004040","25800","2132","25800","2132"
"2025-09-09","-0.35","64644220","64644220","25410","2558","25410","2558"
"2025-09-08","0","27368325","27368325","25500","1075","25500","1075"
"2025-09-05","1.59","162313960","162313960","25500","6363","25500","6363"
"2025-09-03","0.6","163824840","163824840","25100","6577","25100","6577"
"2025-09-02","0","40808030","40808030","24950","1633","24950","1633"
"2025-09-01","-0.2","61743190","61743190","24950","2470","24950","2470"
"2025-08-29","0","107708445","107708445","25000","4308","25000","4308"
"2025-08-28","0","39650545","39650545","25000","1585","25000","1585"
"2025-08-27","-0.08","101715585","101715585","25000","4068","25000","4068"
"2025-08-26","0.89","184505060","184505060","25020","7389","25020","7389"
"2025-08-25","0.4","648373470","648373470","24800","26010","24800","26010"
"2025-08-22","-0.38","277083360","277083360","24700","11210","24700","11210"
"2025-08-21","-0.18","96183330","96183330","24795","3883","24795","3883"
"2025-08-20","-0.04","47015895","47015895","24840","1894","24840","1894"
"2025-08-19","0","168507435","168507435","24850","6779","24850","6779"
"2025-08-18","-0.2","127687570","127687570","24850","5123","24850","5123"
"2025-08-14","0","229038520","229038520","24900","9189","24900","9189"
"2025-08-13","0","27715640","27715640","24900","1112","24900","1112"
"2025-08-12","0","667609050","667609050","24900","26863","24900","26863"
"2025-08-11","-0.38","592085190","592085190","24900","23776","24900","23776"
"2025-08-08","-0.02","1088637690","1088637690","24995","43684","24995","43684"
"2025-08-06","1.42","113476505","113476505","25000","4579","25000","4579"
"2025-08-05","-1.4","42109890","42109890","24650","1688","24650","1688"
"2025-08-04","0","116980910","116980910","25000","4688","25000","4688"
"2025-08-01","0","52373970","52373970","25000","2095","25000","2095"
"2025-07-31","0","79296940","79296940","25000","3170","25000","3170"
"2025-07-30","-1.38","88767590","88767590","25000","3545","25000","3545"
"2025-07-29","1.4","175707020","175707020","25350","6987","25350","6987"
"2025-07-28","-3.81","620380920","620380920","25000","24282","25000","24282"
"2025-07-25","3.96","177650240","177650240","25990","7002","25990","7002"
"2025-07-24","-0.4","481461675","481461675","25000","19407","25000","19407"
"2025-07-23","0","128831080","128831080","25100","5134","25100","5134"
"2025-07-22","-0.99","153974645","153974645","25100","6157","25100","6157"
"2025-07-21","-0.2","132484275","132484275","25350","5275","25350","5275"
"2025-07-18","0.79","26128970","26128970","25400","1039","25400","1039"
"2025-07-17","-1.18","297568405","297568405","25200","11808","25200","11808"
"2025-07-16","1.19","635677890","635677890","25500","25217","25500","25217"
"2025-07-15","0.38","44194880","44194880","25200","1755","25200","1755"
"2025-07-14","-1.55","37498745","37498745","25105","1489","25105","1489"
"2025-07-11","-1.92","38346385","38346385","25500","1518","25500","1518"
"2025-07-10","4","82235600","82235600","26000","3253","26000","3253"
"2025-07-09","-0.4","58995740","58995740","25000","2357","25000","2357"
"2025-07-08","-1.57","41443635","41443635","25100","1653","25100","1653"
"2025-07-07","-1.83","24370010","24370010","25500","972","25500","972"
"2025-07-04","-0.02","115668800","115668800","25975","4554","25975","4554"
"2025-07-03","3.59","578317825","578317825","25980","22987","25980","22987"
"2025-07-02","-0.48","120439735","120439735","25080","4814","25080","4814"
"2025-07-01","-2.33","70850015","70850015","25200","2828","25200","2828"
"2025-06-30","3.61","142046390","142046390","25800","5641","25800","5641"
"2025-06-27","-4.23","143907190","143907190","24900","5736","24900","5736"
"2025-06-26","1.96","5685035","5685035","26000","221","26000","221"
"2025-06-25","0","648481475","648481475","25500","25845","25500","25845"
"2025-06-24","0","174543535","174543535","25500","6952","25500","6952"
"2025-06-23","-1.73","95070930","95070930","25500","3791","25500","3791"
"2025-06-20","1.31","538022760","538022760","25950","21043","25950","21043"
"2025-06-19","0.45","197561960","197561960","25615","7861","25615","7861"
"2025-06-18","0.08","188373725","188373725","25500","7392","25500","7392"
"2025-06-17","2.33","283241020","283241020","25480","11366","25480","11366"
"2025-06-16","0","102414295","102414295","24900","4109","24900","4109"
"2025-06-13","-0.4","523558125","523558125","24900","21005","24900","21005"
"2025-06-12","0","488689295","488689295","25000","19553","25000","19553"
"2025-06-11","0","891570835","891570835","25000","35662","25000","35662"
"2025-06-10","0","476180925","476180925","25000","19045","25000","19045"
"2025-06-05","0","147011750","147011750","25000","5889","25000","5889"
"2025-06-04","0","1829338220","1829338220","25000","73169","25000","73169"
"2025-06-03","0","117520325","117520325","25000","4662","25000","4662"
"2025-06-02","0","537007630","537007630","25000","21488","25000","21488"
"2025-05-30","0.4","696176760","696176760","25000","27955","25000","27955"
"2025-05-28","-0.18","111235905","111235905","24900","4484","24900","4484"
"2025-05-27","1.82","90792340","90792340","24945","3668","24945","3668"
"2025-05-26","-2.37","150882660","150882660","24500","6042","24500","6042"
"2025-05-23","-0.42","36799255","36799255","25095","1466","25095","1466"
"2025-05-22","-2.89","39268855","39268855","25200","1553","25200","1553"
"2025-05-21","-2.06","170116985","170116985","25950","6546","25950","6546"
"2025-05-20","-0.39","595224225","595224225","26495","22722","26495","22722"
"2025-05-19","0","1861765700","1861765700","26600","69455","26600","69455"
"2025-05-16","-0.56","65471075","65471075","26600","2450","26600","2450"
"2025-05-15","0","59722100","59722100","26750","2233","26750","2233"
"2025-05-14","0.19","156191740","156191740","26750","5857","26750","5857"
"2025-05-13","0","158315675","158315675","26700","5931","26700","5931"
"2025-05-12","0.38","198340220","198340220","26700","7446","26700","7446"
"2025-05-09","0.43","461680540","461680540","26600","17574","26600","17574"
"2025-05-08","-0.06","175696910","175696910","26485","6583","26485","6583"
"2025-05-07","0","35284770","35284770","26500","1335","26500","1335"
"2025-05-06","1.92","1237666585","1237666585","26500","46754","26500","46754"
"2025-05-05","0.41","44727735","44727735","26000","1720","26000","1720"
"2025-05-02","3.17","31516965","31516965","25895","1237","25895","1237"
"2025-04-30","0.44","24405070","24405070","25100","976","25100","976"
"2025-04-29","0.36","106850525","106850525","24990","4274","24990","4274"
"2025-04-28","0.2","18316005","18316005","24900","736","24900","736"
"2025-04-25","1.43","13622850","13622850","24850","554","24850","554"
"2025-04-24","-1.61","36898245","36898245","24500","1507","24500","1507"
"2025-04-23","3.75","44500555","44500555","24900","1803","24900","1803"
"2025-04-22","0","630862235","630862235","24000","26210","24000","26210"
"2025-04-18","-3.6","205319740","205319740","24000","8517","24000","8517"
"2025-04-17","0.02","130036015","130036015","24895","5381","24895","5381"
"2025-04-16","-0.18","56659360","56659360","24890","2298","24890","2298"
"2025-04-15","-0.22","95614020","95614020","24935","3844","24935","3844"
"2025-04-14","-0.04","73859410","73859410","24990","2956","24990","2956"
"2025-04-11","-0.4","40180730","40180730","25000","1606","25000","1606"
"2025-04-10","-0.2","32308030","32308030","25100","1288","25100","1288"
"2025-04-09","-0.2","459868800","459868800","25150","18375","25150","18375"
"2025-04-08","0.4","172693785","172693785","25200","6860","25200","6860"
"2025-04-07","-0.81","25472135","25472135","25100","1009","25100","1009"
"2025-04-04","0.82","4933910","4933910","25305","195","25305","195"
"2025-04-03","-0.79","77173060","77173060","25100","3064","25100","3064"
"2025-04-02","0.4","95948495","95948495","25300","3818","25300","3818"
"2025-04-01","0.8","28047385","28047385","25200","1119","25200","1119"
"2025-03-28","-0.4","145710165","145710165","25000","5826","25000","5826"
"2025-03-26","0.6","34897125","34897125","25100","1395","25100","1395"
"2025-03-25","-1.77","144373735","144373735","24950","5770","24950","5770"
"2025-03-24","0.79","325086935","325086935","25400","12948","25400","12948"
"2025-03-21","-0.2","205927635","205927635","25200","8225","25200","8225"
"2025-03-20","-0.2","93675975","93675975","25250","3743","25250","3743"
"2025-03-19","-0.39","393261575","393261575","25300","15720","25300","15720"
"2025-03-18","0","22978110","22978110","25400","906","25400","906"
"2025-03-17","1.6","329942535","329942535","25400","12973","25400","12973"
"2025-03-14","0","74355930","74355930","25000","2922","25000","2922"
"2025-03-13","-1.77","241931660","241931660","25000","9552","25000","9552"
"2025-03-12","-0.2","25730785","25730785","25450","1011","25450","1011"
"2025-03-11","0","72063895","72063895","25500","3013","25500","3013"
"2025-03-10","-0.39","919994540","919994540","25500","36568","25500","36568"
"2025-03-07","0","658508260","658508260","25600","25817","25600","25817"
"2025-03-06","0","898079335","898079335","25600","35218","25600","35218"
"2025-03-05","0.02","27608295","27608295","25600","1078","25600","1078"
"2025-03-04","-0.79","153941075","153941075","25595","6026","25595","6026"
"2025-03-03","0.16","58735825","58735825","25800","2290","25800","2290"
"2025-02-28","-0.16","32602545","32602545","25760","1272","25760","1272"
"2025-02-27","0.02","442911360","442911360","25800","17337","25800","17337"
"2025-02-26","-0.79","69373780","69373780","25795","2694","25795","2694"
"2025-02-25","-1.89","45363115","45363115","26000","1735","26000","1735"
"2025-02-24","0.28","121390730","121390730","26500","4717","26500","4717"
"2025-02-21","1.83","593915095","593915095","26425","22531","26425","22531"
"2025-02-20","1.76","53210395","53210395","25950","2076","25950","2076"
"2025-02-19","0","1079380050","1079380050","25500","42331","25500","42331"
"2025-02-18","2","119355470","119355470","25500","4683","25500","4683"
"2025-02-17","-1.96","61739250","61739250","25000","2440","25000","2440"
"2025-02-14","0.02","219204355","219204355","25500","8608","25500","8608"
"2025-02-13","-0.02","150796200","150796200","25495","5964","25495","5964"
"2025-02-12","0.39","45387755","45387755","25500","1786","25500","1786"
"2025-02-11","1.07","22860850","22860850","25400","905","25400","905"
"2025-02-10","-1.45","27784730","27784730","25130","1096","25130","1096"
"2025-02-07","0","106253075","106253075","25500","4085","25500","4085"
"2025-02-06","2","17182975","17182975","25500","670","25500","670"
"2025-02-05","0","106655190","106655190","25000","4302","25000","4302"
"2025-02-04","0.58","307333640","307333640","25000","12299","25000","12299"
"2025-02-03","-0.54","19808940","19808940","24855","796","24855","796"
"2025-01-31","2","17599005","17599005","24990","709","24990","709"
"2025-01-30","-2","103924220","103924220","24500","4225","24500","4225"
"2025-01-29","0","75228065","75228065","25000","3030","25000","3030"
"2025-01-28","2.04","35621505","35621505","25000","1447","25000","1447"
"2025-01-27","1.22","113994155","113994155","24500","4707","24500","4707"
"2025-01-24","0.44","47067840","47067840","24205","1940","24205","1940"
"2025-01-23","0","15228250","15228250","24100","631","24100","631"
"2025-01-22","0.42","33291680","33291680","24100","1385","24100","1385"
"2025-01-21","0","74954750","74954750","24000","3116","24000","3116"
"2025-01-20","-2.02","30745580","30745580","24000","1279","24000","1279"
"2025-01-17","2.06","27604975","27604975","24495","1145","24495","1145"
"2025-01-16","0.63","108167675","108167675","24000","4508","24000","4508"
"2025-01-15","0.21","73753435","73753435","23850","3071","23850","3071"
"2025-01-14","-0.42","41942250","41942250","23800","1757","23800","1757"
"2025-01-13","0","54430650","54430650","23900","2284","23900","2284"
"2025-01-10","0.21","20506630","20506630","23900","860","23900","860"
"2025-01-09","0.21","40700100","40700100","23850","1708","23850","1708"
"2025-01-08","0","143721825","143721825","23800","6037","23800","6037"
"2025-01-07","-0.42","97663765","97663765","23800","4096","23800","4096"
"2025-01-06","-0.42","25474430","25474430","23900","1067","23900","1067"
"2025-01-03","0","14027390","14027390","24000","588","24000","588"
"2025-01-02","0","13335660","13335660","24000","559","24000","559"
"2024-12-31","0.84","525381670","525381670","24000","21957","24000","21957"
"2024-12-30","-0.21","172929590","172929590","23800","7264","23800","7264"
"2024-12-27","-0.21","50660440","50660440","23850","2130","23850","2130"
"2024-12-26","-0.42","47110800","47110800","23900","1975","23900","1975"
"2024-12-24","0","40193400","40193400","24000","1681","24000","1681"
"2024-12-23","0","55767285","55767285","24000","2338","24000","2338"
"2024-12-20","0.84","97913685","97913685","24000","4090","24000","4090"
"2024-12-19","-0.83","249847045","249847045","23800","10524","23800","10524"
"2024-12-18","0.44","323327060","323327060","24000","13496","24000","13496"
"2024-12-17","-0.02","39207525","39207525","23895","1644","23895","1644"
"2024-12-16","-0.42","109106895","109106895","23900","4572","23900","4572"
"2024-12-13","1.05","55912840","55912840","24000","2341","24000","2341"
"2024-12-12","-1.04","184589720","184589720","23750","7730","23750","7730"
"2024-12-11","0.42","893092765","893092765","24000","37366","24000","37366"
"2024-12-10","0","158365625","158365625","23900","6631","23900","6631"
"2024-12-09","0.21","72237995","72237995","23900","3029","23900","3029"
"2024-12-06","0","51272515","51272515","23850","2149","23850","2149"
"2024-12-05","0.53","149883820","149883820","23850","6306","23850","6306"
"2024-12-04","0.13","2232804360","2232804360","23725","94582","23725","94582"
"2024-12-03","0.06","268077660","268077660","23695","11323","23695","11323"
"2024-12-02","-0.29","91760245","91760245","23680","3873","23680","3873"
"2024-11-29","0.21","198628615","198628615","23750","8391","23750","8391"
"2024-11-28","0.21","81820040","81820040","23700","3457","23700","3457"
"2024-11-27","0","33107130","33107130","23650","1398","23650","1398"
"2024-11-26","-0.21","150438415","150438415","23650","6364","23650","6364"
"2024-11-25","-0.42","255422980","255422980","23700","10791","23700","10791"
"2024-11-22","0.63","66327855","66327855","23800","2792","23800","2792"
"2024-11-21","-0.21","352758035","352758035","23650","14914","23650","14914"
"2024-11-20","-0.02","165005150","165005150","23700","6964","23700","6964"
"2024-11-19","0","129050390","129050390","23705","5450","23705","5450"
"2024-11-18","-0.4","261762290","261762290","23705","11043","23705","11043"
"2024-11-14","-0.21","36388485","36388485","23800","1531","23800","1531"
"2024-11-13","0.42","451347850","451347850","23850","18996","23850","18996"
"2024-11-12","0.21","529632875","529632875","23750","22352","23750","22352"
"2024-11-11","-0.02","370179045","370179045","23700","15516","23700","15516"
"2024-11-08","0.44","45867170","45867170","23705","1937","23705","1937"
"2024-11-07","0","169065955","169065955","23600","7172","23600","7172"
"2024-11-06","0","152731680","152731680","23600","6477","23600","6477"
"2024-11-05","0","790310950","790310950","23600","33486","23600","33486"
"2024-11-04","-0.42","144905240","144905240","23600","6140","23600","6140"
"2024-10-31","0.59","693882905","693882905","23700","29162","23700","29162"
"2024-10-30","0.15","91582450","91582450","23560","3864","23560","3864"
"2024-10-29","0.09","26608350","26608350","23525","1127","23525","1127"
"2024-10-28","0.02","64449990","64449990","23505","2741","23505","2741"
"2024-10-25","0","123722015","123722015","23500","5275","23500","5275"
"2024-10-24","0.9","194623620","194623620","23500","8312","23500","8312"
"2024-10-23","0.41","2482413900","2482413900","23290","107464","23290","107464"
"2024-10-22","1.05","21737210","21737210","23195","943","23195","943"
"2024-10-21","-0.2","93044100","93044100","22955","4047","22955","4047"
"2024-10-18","0","26187675","26187675","23000","1142","23000","1142"
"2024-10-17","0.44","384322695","384322695","23000","16756","23000","16756"
"2024-10-16","-0.43","382624815","382624815","22900","16699","22900","16699"
"2024-10-15","-1.5","765846195","765846195","23000","32845","23000","32845"
"2024-10-14","-1.06","125343245","125343245","23350","5340","23350","5340"
"2024-10-11","-0.84","140749215","140749215","23600","5953","23600","5953"
"2024-10-10","0.42","1579961675","1579961675","23800","66387","23800","66387"
"2024-10-09","-0.61","73527305","73527305","23700","3099","23700","3099"
"2024-10-08","1.42","500949745","500949745","23845","21099","23845","21099"
"2024-10-07","-0.38","30560875","30560875","23510","1305","23510","1305"
"2024-10-04","0.43","1200613145","1200613145","23600","50900","23600","50900"
"2024-10-03","1.21","2810688450","2810688450","23500","119112","23500","119112"
"2024-10-02","0.09","2280266285","2280266285","23220","98284","23220","98284"
"2024-10-01","0","1013425660","1013425660","23200","43652","23200","43652"
"2024-09-30","-3.31","39360340","39360340","23200","1662","23200","1662"
"2024-09-27","0.4","529064895","529064895","23995","23134","23995","23134"
"2024-09-26","-0.42","26582230","26582230","23900","1144","23900","1144"
"2024-09-25","0.42","77522790","77522790","24000","3337","24000","3337"
"2024-09-24","-0.42","100061525","100061525","23900","4197","23900","4197"
"2024-09-23","0","64808030","64808030","24000","2706","24000","2706"
"2024-09-20","0","1018328645","1018328645","24000","42433","24000","42433"
"2024-09-19","0","262769200","262769200","24000","11011","24000","11011"
"2024-09-18","0","447069565","447069565","24000","18683","24000","18683"
"2024-09-17","0","8739620","8739620","24000","364","24000","364"
"2024-09-16","0","84434315","84434315","24000","3518","24000","3518"
"2024-09-13","2.13","215778795","215778795","24000","9009","24000","9009"
"2024-09-12","2.15","594617840","594617840","23500","25442","23500","25442"
"2024-09-11","0.02","94743095","94743095","23005","4115","23005","4115"
"2024-09-10","0.66","34479275","34479275","23000","1499","23000","1499"
"2024-09-09","-0.44","160235660","160235660","22850","6940","22850","6940"
"2024-09-06","0.37","117085850","117085850","22950","5098","22950","5098"
"2024-09-05","0.59","275802045","275802045","22865","11947","22865","11947"
"2024-09-04","-1.17","224201240","224201240","22730","9842","22730","9842"
"2024-09-03","1.41","17662680","17662680","23000","771","23000","771"
"2024-09-02","0.8","29878720","29878720","22680","1317","22680","1317"
"2024-08-30","0","1812694940","1812694940","22500","80571","22500","80571"
"2024-08-29","0.22","210352985","210352985","22500","9309","22500","9309"
"2024-08-28","0","101113945","101113945","22450","4499","22450","4499"
"2024-08-27","-0.22","92933115","92933115","22450","4129","22450","4129"
"2024-08-26","0.02","34624530","34624530","22500","1544","22500","1544"
"2024-08-23","1.1","35172145","35172145","22495","1579","22495","1579"
"2024-08-22","0","40473825","40473825","22250","1818","22250","1818"
"2024-08-21","0.61","352995700","352995700","22250","15899","22250","15899"
"2024-08-20","0","85078585","85078585","22115","3850","22115","3850"
"2024-08-19","0.52","179214195","179214195","22115","8116","22115","8116"
"2024-08-16","0","211591100","211591100","22000","9618","22000","9618"
"2024-08-14","-0.02","258967270","258967270","22000","11772","22000","11772"
"2024-08-13","0.02","262632600","262632600","22005","11938","22005","11938"
"2024-08-12","0","649147770","649147770","22000","29507","22000","29507"
"2024-08-09","4.81","69369410","69369410","22000","3269","22000","3269"
"2024-08-08","1.4","234262600","234262600","20990","11164","20990","11164"
"2024-08-06","0","55631580","55631580","20700","2676","20700","2676"
"2024-08-05","0.49","112438070","112438070","20700","5427","20700","5427"
"2024-08-02","0","519743695","519743695","20600","25180","20600","25180"
"2024-08-01","-0.48","227037960","227037960","20600","11003","20600","11003"
"2024-07-31","0.05","171429160","171429160","20700","8267","20700","8267"
"2024-07-30","-0.05","29142225","29142225","20690","1412","20690","1412"
"2024-07-29","0.98","90979575","90979575","20700","4447","20700","4447"
"2024-07-26","0.49","25092040","25092040","20500","1229","20500","1229"
"2024-07-25","0.15","98834325","98834325","20400","4854","20400","4854"
"2024-07-24","0.3","55117075","55117075","20370","2703","20370","2703"
"2024-07-23","-0.93","85829715","85829715","20310","4199","20310","4199"
"2024-07-22","-0.02","114949095","114949095","20500","5606","20500","5606"
"2024-07-19","1.51","568631165","568631165","20505","28025","20505","28025"
"2024-07-18","1","735381780","735381780","20200","35605","20200","35605"
"2024-07-17","0.05","64824330","64824330","20000","3244","20000","3244"
"2024-07-16","0.45","39060110","39060110","19990","1956","19990","1956"
"2024-07-15","1.02","14381645","14381645","19900","726","19900","726"
"2024-07-12","-0.51","23073610","23073610","19700","1168","19700","1168"
"2024-07-11","0.25","85490395","85490395","19800","4327","19800","4327"
"2024-07-10","0.28","69353400","69353400","19750","3521","19750","3521"
"2024-07-09","1","90827860","90827860","19695","4653","19695","4653"
"2024-07-08","0.54","61587815","61587815","19500","3169","19500","3169"
"2024-07-05","-0.03","26509810","26509810","19395","1368","19395","1368"
"2024-07-04","0.52","1592904200","1592904200","19400","81794","19400","81794"
"2024-07-03","-0.52","38139985","38139985","19300","1978","19300","1978"
"2024-07-02","1.02","335220250","335220250","19400","17280","19400","17280"
"2024-07-01","-0.9","73389815","73389815","19205","3817","19205","3817"
"2024-06-28","0.68","700297250","700297250","19380","36293","19380","36293"
"2024-06-27","-0.28","80264300","80264300","19250","4161","19250","4161"
"2024-06-26","-0.59","37800130","37800130","19305","1953","19305","1953"
"2024-06-25","-0.05","81011915","81011915","19420","4183","19420","4183"
"2024-06-24","-0.36","23616070","23616070","19430","1216","19430","1216"
"2024-06-21","0.28","1033960900","1033960900","19500","53023","19500","53023"
"2024-06-20","0.23","52943760","52943760","19445","2729","19445","2729"
"2024-06-19","0.52","140914735","140914735","19400","7294","19400","7294"
"2024-06-18","-0.16","17017245","17017245","19300","887","19300","887"
"2024-06-14","0.42","32470150","32470150","19330","1694","19330","1694"
"2024-06-13","0.26","88458355","88458355","19250","4624","19250","4624"
"2024-06-12","0.52","1178513625","1178513625","19200","61491","19200","61491"
"2024-06-11","0.53","41762270","41762270","19100","2191","19100","2191"
"2024-06-10","-1.04","20943265","20943265","19000","1097","19000","1097"
"2024-06-07","0.52","60074280","60074280","19200","3139","19200","3139"
"2024-06-06","-1.04","26086000","26086000","19100","1361","19100","1361"
"2024-06-05","0","25362145","25362145","19300","1325","19300","1325"
"2024-06-04","0.52","71958540","71958540","19300","3748","19300","3748"
"2024-06-03","0","48329810","48329810","19200","2520","19200","2520"
"2024-05-31","1.05","888303350","888303350","19200","46386","19200","46386"
"2024-05-30","-1.02","97271165","97271165","19000","5132","19000","5132"
"2024-05-29","-0.03","37051865","37051865","19195","1949","19195","1949"
"2024-05-28","1.05","85986230","85986230","19200","4526","19200","4526"
"2024-05-27","0","136410585","136410585","19000","7210","19000","7210"
"2024-05-24","1.6","1331099345","1331099345","19000","70155","19000","70155"
"2024-05-23","1.08","196128350","196128350","18700","10584","18700","10584"
"2024-05-22","0.82","580038500","580038500","18500","31374","18500","31374"
"2024-05-21","-0.16","68193380","68193380","18350","3764","18350","3764"
"2024-05-17","-0.57","59440890","59440890","18380","3285","18380","3285"
"2024-05-16","-2.68","75712860","75712860","18485","4193","18485","4193"
"2024-05-15","-2.59","485263280","485263280","18995","26890","18995","26890"
"2024-05-14","0","250013345","250013345","19500","12825","19500","12825"
"2024-05-13","0","232100670","232100670","19500","11921","19500","11921"
"2024-05-10","0","63483425","63483425","19500","3257","19500","3257"
"2024-05-08","1.04","60015385","60015385","19500","3093","19500","3093"
"2024-05-07","0","74068450","74068450","19300","3835","19300","3835"
"2024-05-06","0","34875800","34875800","19300","1807","19300","1807"
"2024-05-03","0.52","25844030","25844030","19300","1342","19300","1342"
"2024-05-02","0","20565940","20565940","19200","1077","19200","1077"
"2024-04-30","1.05","226726005","226726005","19200","11932","19200","11932"
"2024-04-29","0","277376635","277376635","19000","14603","19000","14603"
"2024-04-26","0","432963680","432963680","19000","22788","19000","22788"
"2024-04-25","2.43","11053675","11053675","19000","582","19000","582"
"2024-04-24","-2.37","82245195","82245195","18550","4365","18550","4365"
"2024-04-23","0","340075140","340075140","19000","18337","19000","18337"
"2024-04-22","0","238208380","238208380","19000","12822","19000","12822"
"2024-04-19","0","29770810","29770810","19000","1567","19000","1567"
"2024-04-18","0","114475500","114475500","19000","6158","19000","6158"
"2024-04-17","0","29722525","29722525","19000","1565","19000","1565"
"2024-04-16","0","7477870","7477870","19000","394","19000","394"
"2024-04-15","0","24110960","24110960","19000","1269","19000","1269"
"2024-04-12","0","27223290","27223290","19000","1447","19000","1447"
"2024-04-11","0","50221385","50221385","19000","2661","19000","2661"
"2024-04-09","5.56","11986850","11986850","19000","629","19000","629"
"2024-04-08","0.61","119977870","119977870","18000","6703","18000","6703"
"2024-04-05","0","186125140","186125140","17890","10399","17890","10399"
"2024-04-04","-0.06","278092940","278092940","17890","15536","17890","15536"
"2024-04-03","0","41556080","41556080","17900","2322","17900","2322"
"2024-04-02","0","693672210","693672210","17900","38863","17900","38863"
"2024-03-29","0","45383175","45383175","17900","2539","17900","2539"
"2024-03-28","0","74758400","74758400","17900","4177","17900","4177"
"2024-03-27","0","267865150","267865150","17900","15004","17900","15004"
"2024-03-26","0","1741314140","1741314140","17900","97815","17900","97815"
"2024-03-25","0","72146500","72146500","17900","4031","17900","4031"
"2024-03-22","0.03","42214415","42214415","17900","2359","17900","2359"
"2024-03-21","0.06","48917200","48917200","17895","2735","17895","2735"
"2024-03-20","0","32783450","32783450","17885","1834","17885","1834"
"2024-03-19","-0.03","40159660","40159660","17885","2248","17885","2248"
"2024-03-18","0.45","45630260","45630260","17890","2557","17890","2557"
"2024-03-15","-0.47","160811345","160811345","17810","9023","17810","9023"
"2024-03-14","0","11933705","11933705","17895","668","17895","668"
"2024-03-13","0.25","176666635","176666635","17895","9920","17895","9920"
"2024-03-12","-0.25","441806630","441806630","17850","24821","17850","24821"
"2024-03-11","-0.03","28506220","28506220","17895","1494","17895","1494"
"2024-03-08","0","19212620","19212620","17900","1077","17900","1077"
"2024-03-07","0.03","106161460","106161460","17900","5940","17900","5940"
"2024-03-06","0.03","39400860","39400860","17895","2212","17895","2212"
"2024-03-05","-0.06","15184145","15184145","17890","856","17890","856"
"2024-03-04","0","95205235","95205235","17900","5348","17900","5348"
"2024-03-01","0.06","379367755","379367755","17900","21244","17900","21244"
"2024-02-29","-0.03","211047365","211047365","17890","11883","17890","11883"
"2024-02-28","-0.03","36535790","36535790","17895","2052","17895","2052"
"2024-02-27","0","125596850","125596850","17900","7065","17900","7065"
"2024-02-26","0.28","40593685","40593685","17900","2270","17900","2270"
"2024-02-23","2","41849310","41849310","17850","2388","17850","2388"
"2024-02-22","0.63","122789040","122789040","17500","7131","17500","7131"
"2024-02-21","0","21254325","21254325","17390","1238","17390","1238"
"2024-02-20","1.1","370148540","370148540","17390","21762","17390","21762"
"2024-02-19","0","171267160","171267160","17200","10069","17200","10069"
"2024-02-16","0","17338340","17338340","17200","1017","17200","1017"
"2024-02-15","1.18","605675975","605675975","17200","35634","17200","35634"
"2024-02-14","0","115608225","115608225","17000","6801","17000","6801"
"2024-02-13","-1.16","238724645","238724645","17000","14043","17000","14043"
"2024-02-09","0","7630225","7630225","17200","447","17200","447"
"2024-02-08","1.18","85159800","85159800","17200","5009","17200","5009"
"2024-02-07","0","149205600","149205600","17000","8777","17000","8777"
"2024-02-06","0","374333390","374333390","17000","22019","17000","22019"
"2024-02-05","0","220893565","220893565","17000","13005","17000","13005"
"2024-02-02","0","305101920","305101920","17000","17947","17000","17947"
"2024-02-01","0","123804810","123804810","17000","7295","17000","7295"
"2024-01-31","0","32928690","32928690","17000","1937","17000","1937"
"2024-01-30","0","115544875","115544875","17000","6797","17000","6797"
"2024-01-29","0","33364470","33364470","17000","1962","17000","1962"
"2024-01-26","-1.96","86195440","86195440","17000","5070","17000","5070"
"2024-01-25","2","46067890","46067890","17340","2709","17340","2709"
"2024-01-24","0","80624140","80624140","17000","4757","17000","4757"
"2024-01-23","-1.16","25347000","25347000","17000","1491","17000","1491"
"2024-01-22","1.18","86005995","86005995","17200","5056","17200","5056"
"2024-01-19","-2.3","156609240","156609240","17000","9212","17000","9212"
"2024-01-18","0.03","91597650","91597650","17400","5337","17400","5337"
"2024-01-17","0.26","324251600","324251600","17395","19063","17395","19063"
"2024-01-16","0.29","249314510","249314510","17350","14652","17350","14652"
"2024-01-15","1.76","36002430","36002430","17300","2091","17300","2091"
"2024-01-12","0","173315655","173315655","17000","10195","17000","10195"
"2024-01-11","-2.86","44137170","44137170","17000","2576","17000","2576"
"2024-01-10","0","193057545","193057545","17500","11199","17500","11199"
"2024-01-09","-2.75","183975200","183975200","17500","10678","17500","10678"
"2024-01-08","0","657850485","657850485","17995","38594","17995","38594"
"2024-01-05","0","165155040","165155040","17995","9611","17995","9611"
"2024-01-04","-0.03","92703630","92703630","17995","5300","17995","5300"
"2024-01-03","0.11","58644385","58644385","18000","3358","18000","3358"
"2024-01-02","0","37518205","37518205","17980","2129","17980","2129"
"2023-12-29","-0.11","398896220","398896220","17980","22726","17980","22726"
"2023-12-28","0.08","449983765","449983765","18000","25725","18000","25725"
"2023-12-27","1.07","158353895","158353895","17985","9028","17985","9028"
"2023-12-26","1.74","603908500","603908500","17795","35210","17795","35210"
"2023-12-22","3.49","151385120","151385120","17490","8937","17490","8937"
"2023-12-21","0","68235945","68235945","16900","4039","16900","4039"
"2023-12-20","0","394064750","394064750","16900","23197","16900","23197"
"2023-12-19","0","87294020","87294020","16900","5166","16900","5166"
"2023-12-18","-0.59","147057160","147057160","16900","8700","16900","8700"
"2023-12-15","-1.16","35232015","35232015","17000","2073","17000","2073"
"2023-12-14","-0.23","34829200","34829200","17200","2038","17200","2038"
"2023-12-13","-0.03","115001840","115001840","17240","6759","17240","6759"
"2023-12-12","1.44","77729565","77729565","17245","4573","17245","4573"
"2023-12-11","0","188788360","188788360","17000","11125","17000","11125"
"2023-12-08","0","18649665","18649665","17000","1098","17000","1098"
"2023-12-07","0","281144825","281144825","17000","16563","17000","16563"
"2023-12-06","0","23553610","23553610","17000","1393","17000","1393"
"2023-12-05","-0.58","132126725","132126725","17000","7800","17000","7800"
"2023-12-04","-0.58","108258950","108258950","17100","6366","17100","6366"
"2023-12-01","0","49187440","49187440","17200","2890","17200","2890"
"2023-11-30","0","159457510","159457510","17200","9378","17200","9378"
"2023-11-29","0","34536830","34536830","17200","2034","17200","2034"
"2023-11-28","-0.55","70332385","70332385","17200","4133","17200","4133"
"2023-11-27","0","118332495","118332495","17295","6984","17295","6984"
"2023-11-24","0","11623650","11623650","17295","679","17295","679"
"2023-11-23","0.29","86406075","86406075","17295","5091","17295","5091"
"2023-11-22","0.29","22672120","22672120","17245","1327","17245","1327"
"2023-11-21","0.61","81390425","81390425","17195","4780","17195","4780"
"2023-11-20","-0.35","42274070","42274070","17090","2497","17090","2497"
"2023-11-17","0","220835885","220835885","17150","12984","17150","12984"
"2023-11-16","0.88","115175940","115175940","17150","6770","17150","6770"
"2023-11-14","0","95469500","95469500","17000","5616","17000","5616"
"2023-11-13","-0.58","118726800","118726800","17000","6984","17000","6984"
"2023-11-10","0","178659525","178659525","17100","10519","17100","10519"
"2023-11-09","0.65","75727365","75727365","17100","4474","17100","4474"
"2023-11-08","0","91400435","91400435","16990","5447","16990","5447"
"2023-11-07","0","36103205","36103205","16990","2151","16990","2151"
"2023-11-06","-0.06","122244630","122244630","16990","7254","16990","7254"
"2023-11-03","0.29","67109535","67109535","17000","3981","17000","3981"
"2023-11-02","0","537669730","537669730","16950","32543","16950","32543"
"2023-10-31","3.99","19875770","19875770","16950","1183","16950","1183"
"2023-10-30","-1.21","202355590","202355590","16300","12415","16300","12415"
"2023-10-27","-2.05","292981030","292981030","16500","17971","16500","17971"
"2023-10-26","3.34","212560965","212560965","16845","13038","16845","13038"
"2023-10-25","0","50285245","50285245","16300","3085","16300","3085"
"2023-10-24","0","28328130","28328130","16300","1739","16300","1739"
"2023-10-23","0","56877710","56877710","16300","3492","16300","3492"
"2023-10-20","-0.61","611590780","611590780","16300","37719","16300","37719"
"2023-10-19","0.61","36213700","36213700","16400","2222","16400","2222"
"2023-10-18","0","49199390","49199390","16300","3023","16300","3023"
"2023-10-17","0","87192415","87192415","16300","5369","16300","5369"
"2023-10-16","0","54555535","54555535","16300","3358","16300","3358"
"2023-10-13","0","54896020","54896020","16300","3373","16300","3373"
"2023-10-12","0","53853085","53853085","16300","3307","16300","3307"
"2023-10-11","0","119327425","119327425","16300","7369","16300","7369"
"2023-10-10","0","75866650","75866650","16300","4671","16300","4671"
"2023-10-09","-0.61","41936500","41936500","16300","2582","16300","2582"
"2023-10-06","0.61","83568975","83568975","16400","5146","16400","5146"
"2023-10-05","0.62","589837050","589837050","16300","36591","16300","36591"
"2023-10-04","-0.61","153387145","153387145","16200","9464","16200","9464"
"2023-10-03","0","33376355","33376355","16300","2050","16300","2050"
"2023-10-02","-0.61","112060125","112060125","16300","6876","16300","6876"
"2023-09-29","0","139483655","139483655","16400","8543","16400","8543"
"2023-09-28","0","135261785","135261785","16400","8392","16400","8392"
"2023-09-26","-0.61","171825455","171825455","16400","10478","16400","10478"
"2023-09-25","-0.6","25444805","25444805","16500","1548","16500","1548"
"2023-09-22","0.61","128941725","128941725","16600","7811","16600","7811"
"2023-09-21","-1.2","86776945","86776945","16500","5252","16500","5252"
"2023-09-20","0","52415055","52415055","16700","3162","16700","3162"
"2023-09-19","0","26594250","26594250","16700","1608","16700","1608"
"2023-09-18","0","24972725","24972725","16700","1512","16700","1512"
"2023-09-15","-0.89","373054190","373054190","16700","22496","16700","22496"
"2023-09-14","0.9","97539525","97539525","16850","5876","16850","5876"
"2023-09-13","0","12595450","12595450","16700","763","16700","763"
"2023-09-12","0.33","51440625","51440625","16700","3129","16700","3129"
"2023-09-11","0.27","52396530","52396530","16645","3207","16645","3207"
"2023-09-08","-0.6","75526200","75526200","16600","4600","16600","4600"
"2023-09-07","0","140198450","140198450","16700","8546","16700","8546"
"2023-09-06","0","60132715","60132715","16700","3628","16700","3628"
"2023-09-05","1.27","56404450","56404450","16700","3466","16700","3466"
"2023-09-04","-1.11","28973185","28973185","16490","1756","16490","1756"
"2023-09-01","1.99","56566645","56566645","16675","3511","16675","3511"
"2023-08-31","0.31","72662420","72662420","16350","4502","16350","4502"
"2023-08-30","0","21713555","21713555","16300","1340","16300","1340"
"2023-08-29","0","106071245","106071245","16300","6581","16300","6581"
"2023-08-28","-0.06","10166025","10166025","16300","625","16300","625"
"2023-08-25","0.03","58366665","58366665","16310","3639","16310","3639"
"2023-08-24","-0.55","86303685","86303685","16305","5376","16305","5376"
"2023-08-23","2.47","80065180","80065180","16395","4966","16395","4966"
"2023-08-22","-1.84","938758920","938758920","16000","58650","16000","58650"
"2023-08-21","-0.61","67706390","67706390","16300","4159","16300","4159"
"2023-08-18","0","519795900","519795900","16400","31888","16400","31888"
"2023-08-17","-2.29","332956005","332956005","16400","20245","16400","20245"
"2023-08-16","1.11","36043645","36043645","16785","2154","16785","2154"
"2023-08-14","-0.6","97411640","97411640","16600","5850","16600","5850"
"2023-08-11","0","205495500","205495500","16700","12447","16700","12447"
"2023-08-10","0","85856155","85856155","16700","5150","16700","5150"
"2023-08-09","1.52","160725045","160725045","16700","9733","16700","9733"
"2023-08-08","-0.3","221515140","221515140","16450","13523","16450","13523"
"2023-08-04","0.3","157013935","157013935","16500","9587","16500","9587"
"2023-08-03","-2.08","131457430","131457430","16450","7961","16450","7961"
"2023-08-02","-1.09","31335285","31335285","16800","1861","16800","1861"
"2023-08-01","0","19462590","19462590","16985","1152","16985","1152"
"2023-07-31","0","120231680","120231680","16985","7105","16985","7105"
"2023-07-28","0.92","174194440","174194440","16985","10354","16985","10354"
"2023-07-27","2","69374790","69374790","16830","4198","16830","4198"
"2023-07-26","0.92","214254095","214254095","16500","13019","16500","13019"
"2023-07-25","1.55","135185105","135185105","16350","8383","16350","8383"
"2023-07-24","-0.62","77413485","77413485","16100","4821","16100","4821"
"2023-07-21","1.25","245169325","245169325","16200","15246","16200","15246"
"2023-07-20","1.98","221601235","221601235","16000","14125","16000","14125"
"2023-07-19","0","103198210","103198210","15690","6578","15690","6578"
"2023-07-18","0.06","13557215","13557215","15690","864","15690","864"
"2023-07-17","0.03","29243885","29243885","15680","1867","15680","1867"
"2023-07-14","-0.1","198594345","198594345","15675","12792","15675","12792"
"2023-07-13","-0.06","49569245","49569245","15690","3161","15690","3161"
"2023-07-12","0.64","42194690","42194690","15700","2702","15700","2702"
"2023-07-11","-0.64","28527380","28527380","15600","1827","15600","1827"
"2023-07-10","0.64","227162000","227162000","15700","14563","15700","14563"
"2023-07-07","0.65","177204350","177204350","15600","11433","15600","11433"
"2023-07-06","0.65","32030560","32030560","15500","2074","15500","2074"
"2023-07-05","0","26334480","26334480","15400","1710","15400","1710"
"2023-07-04","0","32595255","32595255","15400","2119","15400","2119"
"2023-07-03","0","135886115","135886115","15400","8860","15400","8860"
"2023-06-30","0.65","148469975","148469975","15400","9686","15400","9686"
"2023-06-29","-0.62","17782870","17782870","15300","1161","15300","1161"
"2023-06-27","0.62","24769315","24769315","15395","1617","15395","1617"
"2023-06-26","0.1","163934645","163934645","15300","10721","15300","10721"
"2023-06-23","0","8904310","8904310","15285","584","15285","584"
"2023-06-22","0.56","53100345","53100345","15285","3493","15285","3493"
"2023-06-21","0.33","385144390","385144390","15200","25340","15200","25340"
"2023-06-20","0","118487935","118487935","15150","7821","15150","7821"
"2023-06-19","0.33","51213100","51213100","15150","3383","15150","3383"
"2023-06-16","0","476731590","476731590","15100","31526","15100","31526"
"2023-06-15","0.67","29175600","29175600","15100","1945","15100","1945"
"2023-06-14","-0.99","81213160","81213160","15000","5411","15000","5411"
"2023-06-13","0","107749485","107749485","15150","7149","15150","7149"
"2023-06-12","-1.62","84561575","84561575","15150","3236","15150","3236"
"2023-06-09","2.7","579034415","579034415","15400","38607","15400","38607"
"2023-06-08","0.03","490035750","490035750","14995","32868","14995","32868"
"2023-06-07","-0.03","17264140","17264140","14990","1163","14990","1163"
"2023-06-06","0","53424165","53424165","14995","3599","14995","3599"
"2023-06-05","0.03","17685835","17685835","14995","1190","14995","1190"
"2023-06-02","0","15220660","15220660","14990","1018","14990","1018"
"2023-06-01","-0.07","12820470","12820470","14990","855","14990","855"
"2023-05-31","0","78664120","78664120","15000","5277","15000","5277"
"2023-05-30","0","174750235","174750235","15000","11654","15000","11654"
"2023-05-26","0","21096420","21096420","15000","1410","15000","1410"
"2023-05-25","0.33","228394060","228394060","15000","15323","15000","15323"
"2023-05-24","0.34","30386900","30386900","14950","2038","14950","2038"
"2023-05-23","0","279072380","279072380","14900","18751","14900","18751"
"2023-05-22","0.68","419523175","419523175","14900","28170","14900","28170"
"2023-05-19","-1.33","66365525","66365525","14800","4489","14800","4489"
"2023-05-17","0","17573040","17573040","15000","1183","15000","1183"
"2023-05-16","0","10616445","10616445","15000","710","15000","710"
"2023-05-15","-9.06","30788785","30788785","15000","2067","15000","2067"
"2023-05-12","1.2","285212120","285212120","16495","17568","16495","17568"
"2023-05-11","1.88","1073237980","1073237980","16300","67063","16300","67063"
"2023-05-10","0.06","108767900","108767900","16000","6798","16000","6798"
"2023-05-09","0","66549900","66549900","15990","4170","15990","4170"
"2023-05-08","0.06","160820620","160820620","15990","10054","15990","10054"
"2023-05-05","-0.09","125880780","125880780","15980","7868","15980","7868"
"2023-05-04","-0.03","179819535","179819535","15995","11239","15995","11239"
"2023-05-03","0.09","197583105","197583105","16000","12390","16000","12390"
"2023-05-02","-0.03","18254290","18254290","15985","1147","15985","1147"
"2023-04-28","0","41339540","41339540","15990","2595","15990","2595"
"2023-04-27","-0.06","33094390","33094390","15990","2072","15990","2072"
"2023-04-26","0","737667525","737667525","16000","46115","16000","46115"
"2023-04-25","0.09","110335945","110335945","16000","6896","16000","6896"
"2023-04-24","0.53","258689290","258689290","15985","16178","15985","16178"
"2023-04-20","0.63","61162950","61162950","15900","3868","15900","3868"
"2023-04-19","0","33756450","33756450","15800","2141","15800","2141"
"2023-04-17","0","44981570","44981570","15800","2854","15800","2854"
"2023-04-14","0.57","92714975","92714975","15800","5889","15800","5889"
"2023-04-13","-0.57","60296125","60296125","15710","3821","15710","3821"
"2023-04-12","0","203106645","203106645","15800","12851","15800","12851"
"2023-04-11","-0.25","44959480","44959480","15800","2854","15800","2854"
"2023-04-07","0.25","111312760","111312760","15840","7050","15840","7050"
"2023-04-06","0.16","139637985","139637985","15800","8849","15800","8849"
"2023-04-05","-0.03","112566560","112566560","15775","7191","15775","7191"
"2023-04-04","-0.03","39173260","39173260","15780","2495","15780","2495"
"2023-04-03","-0.09","14874580","14874580","15785","945","15785","945"
"2023-03-31","0","98327120","98327120","15800","6222","15800","6222"
"2023-03-30","-0.28","776551945","776551945","15800","49149","15800","49149"
"2023-03-29","0.35","160321920","160321920","15845","10166","15845","10166"
"2023-03-28","0.57","119420245","119420245","15790","7570","15790","7570"
"2023-03-27","0","45062565","45062565","15700","2876","15700","2876"
"2023-03-24","-0.63","13189655","13189655","15700","839","15700","839"
"2023-03-23","-0.63","122554710","122554710","15800","7744","15800","7744"
"2023-03-22","0.7","238996990","238996990","15900","15124","15900","15124"
"2023-03-21","-0.66","5791335","5791335","15790","369","15790","369"
"2023-03-20","-0.66","128533070","128533070","15895","8098","15895","8098"
"2023-03-17","0","303777475","303777475","16000","19201","16000","19201"
"2023-03-16","-0.59","13997890","13997890","16000","879","16000","879"
"2023-03-15","0","91589850","91589850","16095","5728","16095","5728"
"2023-03-14","-0.03","28577280","28577280","16095","1790","16095","1790"
"2023-03-13","0","92476525","92476525","16100","5776","16100","5776"
"2023-03-10","0.63","33337700","33337700","16100","2075","16100","2075"
"2023-03-09","-0.31","216640275","216640275","16000","13533","16000","13533"
"2023-03-08","-0.31","125260295","125260295","16050","7823","16050","7823"
"2023-03-07","-0.62","390558050","390558050","16100","24265","16100","24265"
"2023-03-06","0.03","733578485","733578485","16200","45310","16200","45310"
"2023-03-03","0","350668510","350668510","16195","21694","16195","21694"
"2023-03-02","-0.64","62984235","62984235","16195","3886","16195","3886"
"2023-03-01","-0.58","17940450","17940450","16300","1104","16300","1104"
"2023-02-28","2.82","114229190","114229190","16395","7024","16395","7024"
"2023-02-27","1.63","754040395","754040395","15945","47984","15945","47984"
"2023-02-24","1.88","351011735","351011735","15690","22593","15690","22593"
"2023-02-23","-0.26","1105195390","1105195390","15400","71763","15400","71763"
"2023-02-22","0.26","61831030","61831030","15440","4015","15440","4015"
"2023-02-21","0.03","95976890","95976890","15400","6237","15400","6237"
"2023-02-20","0.62","61745050","61745050","15395","4011","15395","4011"
"2023-02-17","0","280603505","280603505","15300","18325","15300","18325"
"2023-02-16","-0.03","343242470","343242470","15300","22423","15300","22423"
"2023-02-15","0.03","108016240","108016240","15305","7023","15305","7023"
"2023-02-14","0.33","161108700","161108700","15300","10529","15300","10529"
"2023-02-13","0.33","26882195","26882195","15250","1767","15250","1767"
"2023-02-10","0.33","181606510","181606510","15200","11986","15200","11986"
"2023-02-09","0.17","618668465","618668465","15150","40952","15150","40952"
"2023-02-08","-0.13","418126075","418126075","15125","27679","15125","27679"
"2023-02-07","-0.3","329536590","329536590","15145","21823","15145","21823"
"2023-02-06","0","50433995","50433995","15190","3337","15190","3337"
"2023-02-03","0","52340635","52340635","15190","3465","15190","3465"
"2023-02-02","-0.03","277799855","277799855","15190","18404","15190","18404"
"2023-02-01","0","91436930","91436930","15195","6053","15195","6053"
"2023-01-31","0","634238945","634238945","15195","42237","15195","42237"
"2023-01-30","-0.03","38942060","38942060","15195","2572","15195","2572"
"2023-01-27","0","25848365","25848365","15200","1703","15200","1703"
"2023-01-26","0","12208835","12208835","15200","805","15200","805"
"2023-01-25","0","490634045","490634045","15200","32697","15200","32697"
"2023-01-24","1.33","220972630","220972630","15200","14636","15200","14636"
"2023-01-23","1.01","176297270","176297270","15000","11817","15000","11817"
"2023-01-20","0.34","392069090","392069090","14850","26471","14850","26471"
"2023-01-19","-0.67","185627210","185627210","14800","12539","14800","12539"
"2023-01-18","0.4","14104620","14104620","14900","953","14900","953"
"2023-01-17","-0.4","43965220","43965220","14840","2962","14840","2962"
"2023-01-16","0","59445205","59445205","14900","4032","14900","4032"
"2023-01-13","-0.67","162993210","162993210","14900","10938","14900","10938"
"2023-01-12","1.35","38196715","38196715","15000","2585","15000","2585"
"2023-01-11","0","11410435","11410435","14800","769","14800","769"
"2023-01-10","-1.33","364657525","364657525","14800","24572","14800","24572"
"2023-01-09","0","121975010","121975010","15000","8148","15000","8148"
"2023-01-06","-1.06","11948490","11948490","15000","813","15000","813"
"2023-01-05","-0.79","52435630","52435630","15160","3489","15160","3489"
"2023-01-04","-0.62","213070430","213070430","15280","14371","15280","14371"
"2023-01-03","-0.13","3724615","3724615","15375","242","15375","242"
"2023-01-02","1.28","196142370","196142370","15395","13037","15395","13037"
"2022-12-30","-1.62","413984015","413984015","15200","27609","15200","27609"
"2022-12-29","0","253262705","253262705","15450","16423","15450","16423"
"2022-12-28","-0.32","146400640","146400640","15450","9580","15450","9580"
"2022-12-27","-0.64","236990585","236990585","15500","15542","15500","15542"
"2022-12-23","1.33","117527245","117527245","15600","7626","15600","7626"
"2022-12-22","4.02","255161690","255161690","15395","17425","15395","17425"
"2022-12-21","1.37","21138195","21138195","14800","1442","14800","1442"
"2022-12-20","0","50528725","50528725","14600","3466","14600","3466"
"2022-12-19","0","13564600","13564600","14600","932","14600","932"
"2022-12-16","0","11860635","11860635","14600","815","14600","815"
"2022-12-15","2.1","79818565","79818565","14600","5581","14600","5581"
"2022-12-14","-1.31","10584335","10584335","14300","734","14300","734"
"2022-12-13","-0.07","654429760","654429760","14490","45147","14490","45147"
"2022-12-12","-0.68","200878235","200878235","14500","13854","14500","13854"
"2022-12-09","0","16100385","16100385","14600","1117","14600","1117"
"2022-12-08","-0.34","202568695","202568695","14600","13840","14600","13840"
"2022-12-07","0.03","129966520","129966520","14650","8876","14650","8876"
"2022-12-06","-0.03","108771880","108771880","14645","7536","14645","7536"
"2022-12-05","-0.34","10989170","10989170","14650","755","14650","755"
"2022-12-02","-0.34","11917175","11917175","14700","819","14700","819"
"2022-12-01","0.34","158498250","158498250","14750","10844","14750","10844"
"2022-11-30","-0.64","139596955","139596955","14700","9619","14700","9619"
"2022-11-29","-0.03","26821050","26821050","14795","1838","14795","1838"
"2022-11-28","0.07","167336945","167336945","14800","11543","14800","11543"
"2022-11-25","3.07","173387100","173387100","14790","11989","14790","11989"
"2022-11-24","0.35","55016670","55016670","14350","3845","14350","3845"
"2022-11-23","-0.69","36549335","36549335","14300","2544","14300","2544"
"2022-11-22","0","69046130","69046130","14400","4797","14400","4797"
"2022-11-21","-0.66","13627220","13627220","14400","946","14400","946"
"2022-11-18","-0.03","132917595","132917595","14495","9223","14495","9223"
"2022-11-17","0","44887060","44887060","14500","3096","14500","3096"
"2022-11-16","0","293658800","293658800","14500","20500","14500","20500"
"2022-11-14","0","13043150","13043150","14500","901","14500","901"
"2022-11-11","0.69","502945915","502945915","14500","35151","14500","35151"
"2022-11-10","0","228581755","228581755","14400","15874","14400","15874"
"2022-11-09","-0.69","364892995","364892995","14400","25340","14400","25340"
"2022-11-08","-2.03","55336430","55336430","14500","3811","14500","3811"
"2022-11-07","0","11798110","11798110","14800","817","14800","817"
"2022-11-04","0.03","451989295","451989295","14800","31328","14800","31328"
"2022-11-03","-1.27","3252455","3252455","14795","218","14795","218"
"2022-11-02","4.06","331189400","331189400","14985","22987","14985","22987"
"2022-10-31","0","163055200","163055200","14400","11323","14400","11323"
"2022-10-28","0","458282080","458282080","14400","31835","14400","31835"
"2022-10-27","0","287880195","287880195","14400","19992","14400","19992"
"2022-10-26","0","142819255","142819255","14400","9921","14400","9921"
"2022-10-25","-0.28","554463565","554463565","14400","38500","14400","38500"
"2022-10-24","0","45875995","45875995","14440","3182","14440","3182"
"2022-10-21","-0.07","69075430","69075430","14440","4783","14440","4783"
"2022-10-20","-0.34","73268495","73268495","14450","5070","14450","5070"
"2022-10-19","-0.68","61731845","61731845","14500","4256","14500","4256"
"2022-10-18","-0.54","38653500","38653500","14600","2660","14600","2660"
"2022-10-17","1.59","14563010","14563010","14680","996","14680","996"
"2022-10-14","-0.34","98982360","98982360","14450","6827","14450","6827"
"2022-10-13","-0.68","243866020","243866020","14500","16867","14500","16867"
"2022-10-12","-0.68","110808200","110808200","14600","7630","14600","7630"
"2022-10-11","0","251850140","251850140","14700","17347","14700","17347"
"2022-10-10","-0.34","182212690","182212690","14700","12384","14700","12384"
"2022-10-07","0.34","119378065","119378065","14750","8144","14750","8144"
"2022-10-06","1.31","29238420","29238420","14700","2011","14700","2011"
"2022-10-05","-1.63","50117340","50117340","14510","3433","14510","3433"
"2022-10-04","1.72","33833675","33833675","14750","2331","14750","2331"
"2022-10-03","0","98352150","98352150","14500","6777","14500","6777"
"2022-09-30","-0.65","114315620","114315620","14500","7873","14500","7873"
"2022-09-29","-0.03","101356475","101356475","14595","6960","14595","6960"
"2022-09-28","0","342697395","342697395","14600","23504","14600","23504"
"2022-09-27","-1.02","725938970","725938970","14600","49723","14600","49723"
"2022-09-26","0","63915395","63915395","14750","4367","14750","4367"
"2022-09-23","0","29870055","29870055","14750","2029","14750","2029"
"2022-09-22","-0.03","71351290","71351290","14750","4871","14750","4871"
"2022-09-21","0","9518550","9518550","14755","647","14755","647"
"2022-09-20","-0.3","78029435","78029435","14755","5289","14755","5289"
"2022-09-19","1.23","121851615","121851615","14800","8334","14800","8334"
"2022-09-16","0.14","18866085","18866085","14620","1285","14620","1285"
"2022-09-15","0","796878075","796878075","14600","54581","14600","54581"
"2022-09-14","0.69","57906005","57906005","14600","3991","14600","3991"
"2022-09-13","0","146691815","146691815","14500","10112","14500","10112"
"2022-09-12","-0.75","24724565","24724565","14500","1700","14500","1700"
"2022-09-09","-0.61","31785315","31785315","14610","2173","14610","2173"
"2022-09-08","0.62","76505945","76505945","14700","5204","14700","5204"
"2022-09-07","-0.61","537992960","537992960","14610","36600","14610","36600"
"2022-09-06","-0.34","591407905","591407905","14700","40227","14700","40227"
"2022-09-05","-0.24","90346180","90346180","14750","6125","14750","6125"
"2022-09-02","-0.03","285564420","285564420","14785","19357","14785","19357"
"2022-09-01","-0.03","35799605","35799605","14790","2428","14790","2428"
"2022-08-31","0","198397175","198397175","14795","13441","14795","13441"
"2022-08-30","-0.03","125314695","125314695","14795","8504","14795","8504"
"2022-08-29","0.1","39531265","39531265","14800","2673","14800","2673"
"2022-08-26","-0.03","20138995","20138995","14785","1368","14785","1368"
"2022-08-25","0","62372695","62372695","14790","4238","14790","4238"
"2022-08-24","0.61","95083490","95083490","14790","6491","14790","6491"
"2022-08-23","-0.68","43177110","43177110","14700","2935","14700","2935"
"2022-08-22","0","21336680","21336680","14800","1444","14800","1444"
"2022-08-19","0","98200735","98200735","14800","6656","14800","6656"
"2022-08-18","-0.47","37071945","37071945","14800","2513","14800","2513"
"2022-08-17","0","32674260","32674260","14870","2210","14870","2210"
"2022-08-16","0.47","188673170","188673170","14870","12750","14870","12750"
"2022-08-12","-0.5","28283295","28283295","14800","1911","14800","1911"
"2022-08-11","0","405366215","405366215","14875","27265","14875","27265"
"2022-08-10","0.51","21844280","21844280","14875","1470","14875","1470"
"2022-08-09","0","54647405","54647405","14800","3692","14800","3692"
"2022-08-05","0.03","141305110","141305110","14800","9605","14800","9605"
"2022-08-04","0.65","490884115","490884115","14795","33403","14795","33403"
"2022-08-03","0.68","52518340","52518340","14700","3585","14700","3585"
"2022-08-02","0","34230515","34230515","14600","2343","14600","2343"
"2022-08-01","-1.95","62052225","62052225","14600","4258","14600","4258"
"2022-07-29","-0.03","111187010","111187010","14890","7626","14890","7626"
"2022-07-28","0","31024045","31024045","14895","2096","14895","2096"
"2022-07-27","-0.03","28468930","28468930","14895","1921","14895","1921"
"2022-07-26","-0.6","66163440","66163440","14900","4517","14900","4517"
"2022-07-25","3.77","172734360","172734360","14990","11931","14990","11931"
"2022-07-22","-0.38","520848980","520848980","14445","35926","14445","35926"
"2022-07-21","0.38","15445050","15445050","14500","1068","14500","1068"
"2022-07-20","-0.03","128618805","128618805","14445","8901","14445","8901"
"2022-07-19","-1.37","166052810","166052810","14450","11491","14450","11491"
"2022-07-18","1.1","38101285","38101285","14650","2629","14650","2629"
"2022-07-15","0.28","11017845","11017845","14490","762","14490","762"
"2022-07-14","0","75259420","75259420","14450","5214","14450","5214"
"2022-07-13","0","77961875","77961875","14450","5409","14450","5409"
"2022-07-12","-0.28","10422335","10422335","14450","721","14450","721"
"2022-07-11","0.03","9720220","9720220","14490","671","14490","671"
"2022-07-08","0.63","121457300","121457300","14485","8434","14485","8434"
"2022-07-07","-0.03","18398150","18398150","14395","1276","14395","1276"
"2022-07-06","-0.59","42835730","42835730","14400","2975","14400","2975"
"2022-07-05","1.29","33122385","33122385","14485","2324","14485","2324"
"2022-07-04","-1","91910645","91910645","14300","6397","14300","6397"
"2022-07-01","-0.31","11722245","11722245","14445","820","14445","820"
"2022-06-30","0","9882015","9882015","14490","685","14490","685"
"2022-06-29","-0.07","199096255","199096255","14490","13842","14490","13842"
"2022-06-28","0.03","181242555","181242555","14500","12500","14500","12500"
"2022-06-27","0","359058470","359058470","14495","24762","14495","24762"
"2022-06-24","-0.72","41076035","41076035","14495","2830","14495","2830"
"2022-06-23","0.72","26247325","26247325","14600","1805","14600","1805"
"2022-06-22","-0.72","98688300","98688300","14495","6800","14495","6800"
"2022-06-21","0.69","91731775","91731775","14600","6325","14600","6325"
"2022-06-20","-0.68","214572800","214572800","14500","14771","14500","14771"
"2022-06-17","-0.68","18024325","18024325","14600","1233","14600","1233"
"2022-06-16","0.65","14990980","14990980","14700","1020","14700","1020"
"2022-06-15","-0.65","27097335","27097335","14605","1844","14605","1844"
"2022-06-14","0","119106545","119106545","14700","8191","14700","8191"
"2022-06-13","-0.34","38395190","38395190","14700","2611","14700","2611"
"2022-06-10","0.99","33367315","33367315","14750","2281","14750","2281"
"2022-06-09","-0.03","35367945","35367945","14605","2419","14605","2419"
"2022-06-08","0.07","218496460","218496460","14610","14867","14610","14867"
"2022-06-07","0.27","174084110","174084110","14600","11887","14600","11887"
"2022-06-03","-0.61","21000950","21000950","14560","1438","14560","1438"
"2022-06-02","0","94339120","94339120","14650","6441","14650","6441"
"2022-06-01","-0.68","274336715","274336715","14650","18668","14650","18668"
"2022-05-31","0.68","43786090","43786090","14750","2996","14750","2996"
"2022-05-30","0.34","81124990","81124990","14650","5560","14650","5560"
"2022-05-27","0","41629260","41629260","14600","2856","14600","2856"
"2022-05-25","0.62","517670535","517670535","14600","35571","14600","35571"
"2022-05-24","0.07","522346515","522346515","14510","36015","14510","36015"
"2022-05-23","0","214476400","214476400","14500","14784","14500","14784"
"2022-05-20","-1.49","100630725","100630725","14500","6944","14500","6944"
"2022-05-19","-0.03","26711400","26711400","14720","1833","14720","1833"
"2022-05-18","-1.83","8869795","8869795","14725","610","14725","610"
"2022-05-17","-3.63","46752915","46752915","15000","3211","15000","3211"
"2022-05-16","-5.26","3950565","3950565","15565","249","15565","249"
"2022-05-13","2.82","1378458920","1378458920","16430","86136","16430","86136"
"2022-05-12","-0.13","122558735","122558735","15980","7678","15980","7678"
"2022-05-11","0","29358135","29358135","16000","1835","16000","1835"
"2022-05-10","0","165025455","165025455","16000","10314","16000","10314"
"2022-05-09","0","169756405","169756405","16000","10588","16000","10588"
"2022-05-06","0","454374200","454374200","16000","28383","16000","28383"
"2022-05-05","0.16","754230875","754230875","16000","47176","16000","47176"
"2022-05-04","0.19","136700215","136700215","15975","8574","15975","8574"
"2022-05-03","-0.03","22781245","22781245","15945","1429","15945","1429"
"2022-04-29","0.22","107475180","107475180","15950","6743","15950","6743"
"2022-04-27","-0.47","86633120","86633120","15915","5431","15915","5431"
"2022-04-26","0","40283270","40283270","15990","2520","15990","2520"
"2022-04-25","-0.03","67623385","67623385","15990","4228","15990","4228"
"2022-04-22","0","152366345","152366345","15995","9525","15995","9525"
"2022-04-21","0.03","570239455","570239455","15995","35859","15995","35859"
"2022-04-20","0.57","513938500","513938500","15990","32322","15990","32322"
"2022-04-19","0","496363660","496363660","15900","31217","15900","31217"
"2022-04-15","0","12583260","12583260","15900","791","15900","791"
"2022-04-14","0.32","269593810","269593810","15900","16957","15900","16957"
"2022-04-13","0.32","85517750","85517750","15850","5409","15850","5409"
"2022-04-12","0","103657570","103657570","15800","6561","15800","6561"
"2022-04-11","-0.63","67508365","67508365","15800","4252","15800","4252"
"2022-04-08","0","18509110","18509110","15900","1164","15900","1164"
"2022-04-07","0.63","19988340","19988340","15900","1265","15900","1265"
"2022-04-06","0.32","117169345","117169345","15800","7436","15800","7436"
"2022-04-05","-0.16","406205015","406205015","15750","25792","15750","25792"
"2022-04-04","0.8","1977330","1977330","15775","126","15775","126"
"2022-04-01","-0.95","86694860","86694860","15650","5542","15650","5542"
"2022-03-31","-0.6","167845280","167845280","15800","10671","15800","10671"
"2022-03-30","1.89","8077960","8077960","15895","516","15895","516"
"2022-03-29","0.61","528783945","528783945","15600","33932","15600","33932"
"2022-03-28","-2.48","32830430","32830430","15505","2107","15505","2107"
"2022-03-25","1.96","204485435","204485435","15900","13128","15900","13128"
"2022-03-24","0.61","62567225","62567225","15595","4034","15595","4034"
"2022-03-23","-0.58","41163235","41163235","15500","2646","15500","2646"
"2022-03-22","0.58","154810305","154810305","15590","9986","15590","9986"
"2022-03-21","0","11323970","11323970","15500","735","15500","735"
"2022-03-18","-0.61","484806970","484806970","15500","31332","15500","31332"
"2022-03-17","0","21906240","21906240","15595","1408","15595","1408"
"2022-03-16","0.48","36495440","36495440","15595","2347","15595","2347"
"2022-03-15","0.06","28265150","28265150","15520","1817","15520","1817"
"2022-03-14","-0.58","35859860","35859860","15510","2301","15510","2301"
"2022-03-11","0.65","4367000","4367000","15600","280","15600","280"
"2022-03-10","-1.52","15054985","15054985","15500","961","15500","961"
"2022-03-09","3.55","16124165","16124165","15740","1023","15740","1023"
"2022-03-08","-4.4","43092895","43092895","15200","2722","15200","2722"
"2022-03-07","-0.63","99611200","99611200","15900","6254","15900","6254"
"2022-03-04","-1.3","810652270","810652270","16000","49777","16000","49777"
"2022-03-03","0.06","72096025","72096025","16210","4410","16210","4410"
"2022-03-02","-1.22","176152755","176152755","16200","10691","16200","10691"
"2022-03-01","-0.58","96666930","96666930","16400","5859","16400","5859"
"2022-02-28","2.39","836068195","836068195","16495","50700","16495","50700"
"2022-02-25","7.47","156970890","156970890","16110","9904","16110","9904"
"2022-02-24","0","77150540","77150540","14990","5145","14990","5145"
"2022-02-23","2.32","255870465","255870465","14990","17445","14990","17445"
"2022-02-22","0","109151920","109151920","14650","7452","14650","7452"
"2022-02-21","-0.17","32357970","32357970","14650","2206","14650","2206"
"2022-02-18","0.51","11773925","11773925","14675","805","14675","805"
"2022-02-17","0.1","17749195","17749195","14600","1218","14600","1218"
"2022-02-16","0","49602450","49602450","14585","3419","14585","3419"
"2022-02-15","0","29428340","29428340","14585","2027","14585","2027"
"2022-02-14","1.99","557652310","557652310","14585","38459","14585","38459"
"2022-02-11","0.35","24008185","24008185","14300","1672","14300","1672"
"2022-02-10","0.71","150976105","150976105","14250","10596","14250","10596"
"2022-02-09","0.35","146720950","146720950","14150","10263","14150","10263"
"2022-02-08","0","80416625","80416625","14100","5702","14100","5702"
"2022-02-07","0","79424255","79424255","14100","5633","14100","5633"
"2022-02-04","0.39","721167150","721167150","14100","51517","14100","51517"
"2022-02-03","0.46","413986865","413986865","14045","29571","14045","29571"
"2022-02-02","-0.14","11905710","11905710","13980","851","13980","851"
"2022-02-01","0.18","23524375","23524375","14000","1687","14000","1687"
"2022-01-31","0.54","62616335","62616335","13975","4488","13975","4488"
"2022-01-28","-0.54","245813280","245813280","13900","17649","13900","17649"
"2022-01-27","0.5","37709910","37709910","13975","2706","13975","2706"
"2022-01-26","-0.32","71860835","71860835","13905","5160","13905","5160"
"2022-01-25","0.36","65202625","65202625","13950","4683","13950","4683"
"2022-01-24","-0.64","158041660","158041660","13900","11354","13900","11354"
"2022-01-21","0.36","401540765","401540765","13990","28712","13990","28712"
"2022-01-20","-0.36","177254940","177254940","13940","12709","13940","12709"
"2022-01-19","0","130003215","130003215","13990","9335","13990","9335"
"2022-01-18","0.65","230118315","230118315","13990","16540","13990","16540"
"2022-01-17","-0.5","66516190","66516190","13900","4774","13900","4774"
"2022-01-14","0.5","4945700","4945700","13970","354","13970","354"
"2022-01-13","0","14198925","14198925","13900","1020","13900","1020"
"2022-01-12","-0.64","10980110","10980110","13900","785","13900","785"
"2022-01-11","0","44674160","44674160","13990","3223","13990","3223"
"2022-01-10","0.29","52768080","52768080","13990","3808","13990","3808"
"2022-01-07","-0.25","306835105","306835105","13950","21964","13950","21964"
"2022-01-06","0.25","99267130","99267130","13985","7095","13985","7095"
"2022-01-05","0.04","257486270","257486270","13950","18521","13950","18521"
"2022-01-04","-0.04","261732360","261732360","13945","18708","13945","18708"
"2022-01-03","-0.18","7014770","7014770","13950","502","13950","502"
"2021-12-31","-0.04","125273540","125273540","13975","8971","13975","8971"
"2021-12-30","-0.07","25818370","25818370","13980","1852","13980","1852"
"2021-12-29","0.65","186789230","186789230","13990","13438","13990","13438"
"2021-12-28","0","39310240","39310240","13900","2830","13900","2830"
"2021-12-27","-0.57","225510750","225510750","13900","16247","13900","16247"
"2021-12-24","-0.14","28178360","28178360","13980","2013","13980","2013"
"2021-12-23","0.14","116410260","116410260","14000","8373","14000","8373"
"2021-12-22","2.04","365752090","365752090","13980","26207","13980","26207"
"2021-12-21","0.81","67444490","67444490","13700","4959","13700","4959"
"2021-12-20","0.67","15665045","15665045","13590","1155","13590","1155"
"2021-12-17","0","644679000","644679000","13500","47754","13500","47754"
"2021-12-16","0","536043205","536043205","13500","39707","13500","39707"
"2021-12-15","-2.17","54862905","54862905","13500","4063","13500","4063"
"2021-12-14","1.85","373148615","373148615","13800","27623","13800","27623"
"2021-12-13","-1.45","327614070","327614070","13550","24150","13550","24150"
"2021-12-10","-1.08","68144300","68144300","13750","4962","13750","4962"
"2021-12-09","0.36","7150100","7150100","13900","516","13900","516"
"2021-12-08","-0.36","28746840","28746840","13850","2073","13850","2073"
"2021-12-07","0","54044290","54044290","13900","3898","13900","3898"
"2021-12-06","0","618054940","618054940","13900","44463","13900","44463"
"2021-12-03","-0.57","310827585","310827585","13900","22279","13900","22279"
"2021-12-02","0.07","26865060","26865060","13980","1923","13980","1923"
"2021-12-01","-0.07","32063385","32063385","13970","2314","13970","2314"
"2021-11-30","2.01","174037000","174037000","13980","12450","13980","12450"
"2021-11-29","0.04","409375540","409375540","13705","29978","13705","29978"
"2021-11-26","0.04","294750695","294750695","13700","21579","13700","21579"
"2021-11-25","-0.04","37516590","37516590","13695","2739","13695","2739"
"2021-11-24","-0.72","177522015","177522015","13700","12947","13700","12947"
"2021-11-23","-0.54","55645115","55645115","13800","4037","13800","4037"
"2021-11-22","0","492962850","492962850","13875","35718","13875","35718"
"2021-11-19","-0.18","284080010","284080010","13875","20528","13875","20528"
"2021-11-18","0","248937460","248937460","13900","17916","13900","17916"
"2021-11-17","-0.71","459909930","459909930","13900","33013","13900","33013"
"2021-11-16","0","215750460","215750460","14000","15411","14000","15411"
"2021-11-12","-0.64","12269185","12269185","14000","880","14000","880"
"2021-11-11","0.64","69551660","69551660","14090","4971","14090","4971"
"2021-11-10","0.18","19576470","19576470","14000","1402","14000","1402"
"2021-11-09","1.23","23849220","23849220","13975","1725","13975","1725"
"2021-11-08","-1.32","12026565","12026565","13805","867","13805","867"
"2021-11-05","-0.07","32893575","32893575","13990","2376","13990","2376"
"2021-11-04","-0.04","125084415","125084415","14000","8910","14000","8910"
"2021-11-03","-0.67","98926380","98926380","14005","7024","14005","7024"
"2021-10-29","0.75","328949750","328949750","14100","23393","14100","23393"
"2021-10-28","-0.07","42778285","42778285","13995","3057","13995","3057"
"2021-10-27","-0.04","20631725","20631725","14005","1473","14005","1473"
"2021-10-26","0.79","90128280","90128280","14010","6440","14010","6440"
"2021-10-25","-0.68","110219265","110219265","13900","7909","13900","7909"
"2021-10-22","-0.07","131605250","131605250","13995","9408","13995","9408"
"2021-10-21","0","18166725","18166725","14005","1297","14005","1297"
"2021-10-20","0.04","44679930","44679930","14005","3188","14005","3188"
"2021-10-19","0","77103085","77103085","14000","5506","14000","5506"
"2021-10-15","-0.11","124706890","124706890","14000","8888","14000","8888"
"2021-10-14","-0.6","11521905","11521905","14015","821","14015","821"
"2021-10-13","0.71","166860530","166860530","14100","11904","14100","11904"
"2021-10-12","1.49","502967445","502967445","14000","35958","14000","35958"
"2021-10-11","0","71341510","71341510","13795","5196","13795","5196"
"2021-10-08","0.69","22640825","22640825","13795","1641","13795","1641"
"2021-10-07","-0.18","51424375","51424375","13700","3745","13700","3745"
"2021-10-06","0.18","38368915","38368915","13725","2772","13725","2772"
"2021-10-05","1.48","51581015","51581015","13700","3772","13700","3772"
"2021-10-04","-1.46","56303525","56303525","13500","4156","13500","4156"
"2021-10-01","1.48","1754870515","1754870515","13700","130452","13700","130452"
"2021-09-30","0","117570960","117570960","13500","8709","13500","8709"
"2021-09-29","0","108553500","108553500","13500","8041","13500","8041"
"2021-09-28","0","83736180","83736180","13500","6197","13500","6197"
"2021-09-27","0","404888985","404888985","13500","29957","13500","29957"
"2021-09-24","-3.57","836429545","836429545","13500","61888","13500","61888"
"2021-09-23","2.94","44484530","44484530","14000","3259","14000","3259"
"2021-09-22","0","29645260","29645260","13600","2178","13600","2178"
"2021-09-21","0","107222950","107222950","13600","7886","13600","7886"
"2021-09-20","0","1076471020","1076471020","13600","79701","13600","79701"
"2021-09-17","0.74","19240440","19240440","13600","1416","13600","1416"
"2021-09-16","0","74657860","74657860","13500","5528","13500","5528"
"2021-09-15","0","490538290","490538290","13500","36330","13500","36330"
"2021-09-14","-1.1","862665850","862665850","13500","63850","13500","63850"
"2021-09-13","-0.29","21298170","21298170","13650","1559","13650","1559"
"2021-09-10","0","25201595","25201595","13690","1841","13690","1841"
"2021-09-09","-0.04","31379495","31379495","13690","2292","13690","2292"
"2021-09-08","0.33","726420590","726420590","13695","53166","13695","53166"
"2021-09-07","-0.36","69820455","69820455","13650","5106","13650","5106"
"2021-09-06","0","26634915","26634915","13700","1951","13700","1951"
"2021-09-03","0","11408370","11408370","13700","833","13700","833"
"2021-09-02","0.15","157830330","157830330","13700","11522","13700","11522"
"2021-09-01","-0.15","11677100","11677100","13680","853","13680","853"
"2021-08-31","0","22207385","22207385","13700","1629","13700","1629"
"2021-08-30","-0.69","87441350","87441350","13700","6457","13700","6457"
"2021-08-27","0.69","202901280","202901280","13795","14805","13795","14805"
"2021-08-26","-0.72","23848515","23848515","13700","1730","13700","1730"
"2021-08-25","-0.72","172309150","172309150","13800","12632","13800","12632"
"2021-08-24","-0.71","61492250","61492250","13900","4403","13900","4403"
"2021-08-23","0","28832585","28832585","14000","2062","14000","2062"
"2021-08-20","-1.69","34947125","34947125","14000","2495","14000","2495"
"2021-08-19","1.68","90961225","90961225","14240","6497","14240","6497"
"2021-08-18","0.04","37229405","37229405","14005","2659","14005","2659"
"2021-08-17","0.04","150341665","150341665","14000","10739","14000","10739"
"2021-08-16","-0.04","12633925","12633925","13995","903","13995","903"
"2021-08-13","0","8427735","8427735","14000","602","14000","602"
"2021-08-12","0","86967575","86967575","14000","6212","14000","6212"
"2021-08-11","0","18359240","18359240","14000","1315","14000","1315"
"2021-08-10","-1.75","53725725","53725725","14000","3839","14000","3839"
"2021-08-09","-0.25","24683500","24683500","14250","1741","14250","1741"
"2021-08-06","0.04","93673885","93673885","14285","6642","14285","6642"
"2021-08-05","1.56","22932050","22932050","14280","1623","14280","1623"
"2021-08-04","0.14","17776485","17776485","14060","1265","14060","1265"
"2021-08-03","-1.47","31677135","31677135","14040","2241","14040","2241"
"2021-08-02","-0.21","54422750","54422750","14250","3819","14250","3819"
"2021-07-30","0.04","10683450","10683450","14280","751","14280","751"
"2021-07-29","0","71711230","71711230","14275","5096","14275","5096"
"2021-07-28","-0.07","27924185","27924185","14275","1965","14275","1965"
"2021-07-27","0.6","45703935","45703935","14285","3233","14285","3233"
"2021-07-26","-0.53","11019220","11019220","14200","776","14200","776"
"2021-07-23","-0.1","343540230","343540230","14275","24074","14275","24074"
"2021-07-22","0.63","12136290","12136290","14290","853","14290","853"
"2021-07-21","1.43","190116300","190116300","14200","13397","14200","13397"
"2021-07-19","4.48","80455060","80455060","14000","5930","14000","5930"
"2021-07-16","0","34513065","34513065","13400","2632","13400","2632"
"2021-07-15","0","3484665","3484665","13400","260","13400","260"
"2021-07-14","0.71","4220990","4220990","13400","315","13400","315"
"2021-07-13","0","8876400","8876400","13305","662","13305","662"
"2021-07-12","-1.44","4028325","4028325","13305","299","13305","299"
"2021-07-09","1.5","1752433000","1752433000","13500","139617","13500","139617"
"2021-07-08","0","282093435","282093435","13300","21529","13300","21529"
"2021-07-07","-0.75","195936890","195936890","13300","14796","13300","14796"
"2021-07-06","-0.74","740418100","740418100","13400","55045","13400","55045"
"2021-07-05","0","9315100","9315100","13500","690","13500","690"
"2021-07-02","0.75","458683565","458683565","13500","33979","13500","33979"
"2021-07-01","-0.74","17439090","17439090","13400","1296","13400","1296"
"2021-06-30","0","128302950","128302950","13500","9505","13500","9505"
"2021-06-29","-2.46","134596285","134596285","13500","9969","13500","9969"
"2021-06-28","0","47114120","47114120","13840","3483","13840","3483"
"2021-06-25","1.99","49138910","49138910","13840","3647","13840","3647"
"2021-06-24","-0.04","36851030","36851030","13570","2719","13570","2719"
"2021-06-23","-1.99","80764495","80764495","13575","5961","13575","5961"
"2021-06-22","0.98","191562705","191562705","13850","13874","13850","13874"
"2021-06-21","-1.33","55856330","55856330","13715","4042","13715","4042"
"2021-06-18","0.25","8812690","8812690","13900","633","13900","633"
"2021-06-17","-0.25","26796175","26796175","13865","1928","13865","1928"
"2021-06-16","0.32","50294580","50294580","13900","3619","13900","3619"
"2021-06-15","0.4","11276725","11276725","13855","816","13855","816"
"2021-06-14","1.4","9754335","9754335","13800","708","13800","708"
"2021-06-11","0.22","15759545","15759545","13610","1144","13610","1144"
"2021-06-10","0.04","115651200","115651200","13580","8506","13580","8506"
"2021-06-09","0.22","284998635","284998635","13575","21034","13575","21034"
"2021-06-08","0","34908975","34908975","13545","2581","13545","2581"
"2021-06-07","0.33","18995275","18995275","13545","1405","13545","1405"
"2021-06-04","-0.55","132958740","132958740","13500","9848","13500","9848"
"2021-06-03","0","50903260","50903260","13575","3758","13575","3758"
"2021-06-02","-1.56","59558270","59558270","13575","4395","13575","4395"
"2021-06-01","-0.07","68347690","68347690","13790","5040","13790","5040"
"2021-05-31","-3.5","21963075","21963075","13800","1587","13800","1587"
"2021-05-28","-0.69","75434850","75434850","14300","5386","14300","5386"
"2021-05-27","-0.69","84605695","84605695","14400","5839","14400","5839"
"2021-05-26","2.47","752954265","752954265","14500","52076","14500","52076"
"2021-05-25","1.07","80731175","80731175","14150","5717","14150","5717"
"2021-05-21","2.94","200610605","200610605","14000","14540","14000","14540"
"2021-05-20","0.74","249077120","249077120","13600","18449","13600","18449"
"2021-05-19","0","33353850","33353850","13500","2478","13500","2478"
"2021-05-18","-0.74","270012820","270012820","13500","19999","13500","19999"
"2021-05-17","0.74","248788965","248788965","13600","18478","13600","18478"
"2021-05-14","-9.73","369300810","369300810","13500","27339","13500","27339"
"2021-05-11","3.1","872438725","872438725","14955","58533","14955","58533"
"2021-05-10","0.03","92849635","92849635","14505","6402","14505","6402"
"2021-05-07","2.15","798590135","798590135","14500","55666","14500","55666"
"2021-05-06","1.39","133437900","133437900","14195","9491","14195","9491"
"2021-05-05","0","516475710","516475710","14000","36892","14000","36892"
"2021-05-04","1.41","1727261040","1727261040","14000","123426","14000","123426"
"2021-05-03","-0.29","692515460","692515460","13805","50420","13805","50420"
"2021-04-30","0","114293575","114293575","13845","8340","13845","8340"
"2021-04-29","1.06","17451105","17451105","13845","1268","13845","1268"
"2021-04-28","0.74","22235005","22235005","13700","1634","13700","1634"
"2021-04-27","0.29","12482655","12482655","13600","919","13600","919"
"2021-04-26","-1.7","17153380","17153380","13560","1264","13560","1264"
"2021-04-23","-0.68","26124270","26124270","13795","1916","13795","1916"
"2021-04-22","-0.68","72944030","72944030","13890","5219","13890","5219"
"2021-04-21","-0.11","201978270","201978270","13985","14441","13985","14441"
"2021-04-20","2.12","1284636100","1284636100","14000","91836","14000","91836"
"2021-04-19","0.15","197117630","197117630","13710","14376","13710","14376"
"2021-04-16","1.41","942295205","942295205","13690","69562","13690","69562"
"2021-04-15","2.16","491696980","491696980","13500","36506","13500","36506"
"2021-04-14","1.65","484624405","484624405","13215","36741","13215","36741"
"2021-04-13","0.78","112400035","112400035","13000","8664","13000","8664"
"2021-04-12","-0.73","201005370","201005370","12900","15584","12900","15584"
"2021-04-09","0.08","96577450","96577450","12995","7444","12995","7444"
"2021-04-08","0.66","67844725","67844725","12985","5256","12985","5256"
"2021-04-07","0","73593015","73593015","12900","5705","12900","5705"
"2021-04-06","0.82","66103130","66103130","12900","5145","12900","5145"
"2021-04-02","-0.04","9402455","9402455","12795","735","12795","735"
"2021-04-01","-0.78","19597600","19597600","12800","1535","12800","1535"
"2021-03-31","3.16","74498140","74498140","12900","5792","12900","5792"
"2021-03-30","0.04","865555","865555","12505","69","12505","69"
"2021-03-29","0","365683570","365683570","12500","29365","12500","29365"
"2021-03-26","1.17","22532205","22532205","12500","1828","12500","1828"
"2021-03-25","-1.16","647022735","647022735","12355","51958","12355","51958"
"2021-03-24","0","18002150","18002150","12500","1440","12500","1440"
"2021-03-23","-3.74","1488782580","1488782580","12500","119099","12500","119099"
"2021-03-22","-0.12","14954495","14954495","12985","1188","12985","1188"
"2021-03-19","4","23622850","23622850","13000","1830","13000","1830"
"2021-03-18","1.21","8653300","8653300","12500","695","12500","695"
"2021-03-17","0.41","9514050","9514050","12350","741","12350","741"
"2021-03-16","0","11019245","11019245","12300","872","12300","872"
"2021-03-15","0.82","22355100","22355100","12300","1831","12300","1831"
"2021-03-12","-2.4","15733925","15733925","12200","1285","12200","1285"
"2021-03-11","0.81","14203380","14203380","12500","1139","12500","1139"
"2021-03-10","-1.51","7841020","7841020","12400","627","12400","627"
"2021-03-09","-0.08","27085250","27085250","12590","2153","12590","2153"
"2021-03-08","-2.14","29869045","29869045","12600","2362","12600","2362"
"2021-03-05","-0.46","33375505","33375505","12875","2590","12875","2590"
"2021-03-04","-0.46","59309975","59309975","12935","4574","12935","4574"
"2021-03-03","-0.04","208552480","208552480","12995","16063","12995","16063"
"2021-03-02","0","594340685","594340685","13000","45764","13000","45764"
"2021-03-01","1.76","68473060","68473060","13000","5273","13000","5273"
"2021-02-26","7.44","102297345","102297345","12775","8285","12775","8285"
"2021-02-25","2.06","64578985","64578985","11890","5500","11890","5500"
"2021-02-24","1.3","45647055","45647055","11650","3935","11650","3935"
"2021-02-23","1.72","11175080","11175080","11500","973","11500","973"
"2021-02-22","0.13","179176375","179176375","11305","15850","11305","15850"
"2021-02-19","-0.09","278560965","278560965","11290","24718","11290","24718"
"2021-02-18","0","515286175","515286175","11300","45794","11300","45794"
"2021-02-17","0.89","64868415","64868415","11300","5787","11300","5787"
"2021-02-16","0","152070465","152070465","11200","13578","11200","13578"
"2021-02-15","0","94633495","94633495","11200","8452","11200","8452"
"2021-02-12","-1.93","78712960","78712960","11200","7028","11200","7028"
"2021-02-11","1.96","102633235","102633235","11420","9125","11420","9125"
"2021-02-10","0.04","24380110","24380110","11200","2177","11200","2177"
"2021-02-09","-0.04","17501605","17501605","11195","1563","11195","1563"
"2021-02-08","-0.8","80940510","80940510","11200","7221","11200","7221"
"2021-02-05","-1.74","1844493425","1844493425","11290","163189","11290","163189"
"2021-02-04","-0.09","9854930","9854930","11490","857","11490","857"
"2021-02-03","2.22","624154180","624154180","11500","55212","11500","55212"
"2021-02-02","0.45","295128780","295128780","11250","26176","11250","26176"
"2021-02-01","1.82","574989170","574989170","11200","51350","11200","51350"
"2021-01-29","-4.26","1034679300","1034679300","11000","93927","11000","93927"
"2021-01-28","-0.09","14770450","14770450","11490","1285","11490","1285"
"2021-01-27","0","154677730","154677730","11500","13455","11500","13455"
"2021-01-26","0.04","8806405","8806405","11500","766","11500","766"
"2021-01-25","-0.04","176716425","176716425","11495","15372","11495","15372"
"2021-01-22","0.13","39288860","39288860","11500","3417","11500","3417"
"2021-01-21","-0.13","383849270","383849270","11485","33452","11485","33452"
"2021-01-20","0.04","54963005","54963005","11500","4781","11500","4781"
"2021-01-19","-2.17","272167275","272167275","11495","23651","11495","23651"
"2021-01-18","-1.22","246138030","246138030","11750","20889","11750","20889"
"2021-01-15","-0.88","441845220","441845220","11895","37267","11895","37267"
"2021-01-14","-3.96","349478850","349478850","12000","29122","12000","29122"
"2021-01-13","-0.04","148747750","148747750","12495","12109","12495","12109"
"2021-01-12","0","25944775","25944775","12500","2095","12500","2095"
"2021-01-11","-1.57","98577145","98577145","12500","7888","12500","7888"
"2021-01-08","0","45175320","45175320","12700","3597","12700","3597"
"2021-01-07","1.6","29266725","29266725","12700","2340","12700","2340"
"2021-01-06","-5.66","1817425","1817425","12500","145","12500","145"
"2021-01-05","1.92","62021150","62021150","13250","4767","13250","4767"
"2021-01-04","-3.7","10392450","10392450","13000","829","13000","829"
"2020-12-31","0","882240170","882240170","13500","65366","13500","65366"
"2020-12-30","0","447936670","447936670","13500","33409","13500","33409"
"2020-12-29","-1.42","230924685","230924685","13500","17153","13500","17153"
"2020-12-28","5.35","143831640","143831640","13695","10922","13695","10922"
"2020-12-24","0","96424140","96424140","13000","7417","13000","7417"
"2020-12-23","-5.76","14292505","14292505","13000","1099","13000","1099"
"2020-12-22","-0.36","217257210","217257210","13795","16102","13795","16102"
"2020-12-21","1.06","91313275","91313275","13845","6702","13845","6702"
"2020-12-18","-1.19","2369097050","2369097050","13700","182233","13700","182233"
"2020-12-17","7.48","5503749575","5503749575","13865","423086","13865","423086"
"2020-12-16","7.5","39245230","39245230","12900","3205","12900","3205"
"2020-12-15","4.8","540940975","540940975","12000","46812","12000","46812"
"2020-12-14","-0.43","1597021370","1597021370","11450","139468","11450","139468"
"2020-12-11","0","16778625","16778625","11500","1467","11500","1467"
"2020-12-10","2.22","374180275","374180275","11500","32672","11500","32672"
"2020-12-09","-3.43","973329500","973329500","11250","86428","11250","86428"
"2020-12-08","1.3","68282275","68282275","11650","5920","11650","5920"
"2020-12-07","0.88","54476980","54476980","11500","4757","11500","4757"
"2020-12-04","1.79","412180195","412180195","11400","37322","11400","37322"
"2020-12-03","0","223020480","223020480","11200","20007","11200","20007"
"2020-12-02","0","12331890","12331890","11200","1100","11200","1100"
"2020-12-01","0","43380850","43380850","11200","3844","11200","3844"
"2020-11-30","-0.88","296168450","296168450","11200","26422","11200","26422"
"2020-11-27","1.25","72953530","72953530","11300","6476","11300","6476"
"2020-11-26","-1.02","27823220","27823220","11160","2492","11160","2492"
"2020-11-25","0.09","26059035","26059035","11275","2311","11275","2311"
"2020-11-24","-1.18","298589825","298589825","11265","26438","11265","26438"
"2020-11-23","-0.44","54450040","54450040","11400","4820","11400","4820"
"2020-11-20","0.57","168403300","168403300","11450","15087","11450","15087"
"2020-11-19","-0.13","102406575","102406575","11385","9044","11385","9044"
"2020-11-18","0","30859820","30859820","11400","2708","11400","2708"
"2020-11-17","0","164859610","164859610","11400","14454","11400","14454"
"2020-11-16","-0.78","452074545","452074545","11400","39399","11400","39399"
"2020-11-13","0.35","15033380","15033380","11490","1309","11490","1309"
"2020-11-12","-0.43","12741770","12741770","11450","1111","11450","1111"
"2020-11-11","0","18974750","18974750","11500","1658","11500","1658"
"2020-11-10","0.88","573140520","573140520","11500","49840","11500","49840"
"2020-11-09","-0.87","43646600","43646600","11400","3791","11400","3791"
"2020-11-06","-0.86","24053520","24053520","11500","2096","11500","2096"
"2020-11-05","0.87","10070475","10070475","11600","875","11600","875"
"2020-11-04","0","625968000","625968000","11500","54432","11500","54432"
"2020-11-03","-4.17","81738470","81738470","11500","7103","11500","7103"
"2020-11-02","4.35","5096190","5096190","12000","442","12000","442"
"2020-10-30","5.02","32479290","32479290","11500","2942","11500","2942"
"2020-10-28","0.92","16502025","16502025","10950","1513","10950","1513"
"2020-10-27","3.33","24529780","24529780","10850","2333","10850","2333"
"2020-10-26","-4.42","1599260815","1599260815","10500","152304","10500","152304"
"2020-10-23","-0.14","23111675","23111675","10985","2109","10985","2109"
"2020-10-22","0.14","357769415","357769415","11000","32582","11000","32582"
"2020-10-21","0","444029575","444029575","10985","40532","10985","40532"
"2020-10-20","-1.48","143985255","143985255","10985","13091","10985","13091"
"2020-10-19","-0.31","104691460","104691460","11150","9418","11150","9418"
"2020-10-16","-0.09","117560490","117560490","11185","10543","11185","10543"
"2020-10-15","-0.93","88191950","88191950","11195","7874","11195","7874"
"2020-10-14","-0.44","187689005","187689005","11300","16611","11300","16611"
"2020-10-13","-0.74","280499905","280499905","11350","24633","11350","24633"
"2020-10-12","-0.13","51610175","51610175","11435","4520","11435","4520"
"2020-10-09","-0.35","5937810","5937810","11450","517","11450","517"
"2020-10-08","0","44101055","44101055","11490","3841","11490","3841"
"2020-10-07","-0.04","75025130","75025130","11490","6529","11490","6529"
"2020-10-06","-0.04","8130355","8130355","11495","707","11495","707"
"2020-10-05","0","20113660","20113660","11500","1749","11500","1749"
"2020-10-02","-0.86","66381480","66381480","11500","5756","11500","5756"
"2020-10-01","0","42158985","42158985","11600","3636","11600","3636"
"2020-09-30","0","39379365","39379365","11600","3414","11600","3414"
"2020-09-29","0","160421290","160421290","11600","13934","11600","13934"
"2020-09-28","-0.77","219452785","219452785","11600","18918","11600","18918"
"2020-09-25","-0.09","210867810","210867810","11690","18039","11690","18039"
"2020-09-24","-0.38","34894600","34894600","11700","2983","11700","2983"
"2020-09-23","-0.34","6313835","6313835","11745","540","11745","540"
"2020-09-22","-0.13","58881420","58881420","11785","5072","11785","5072"
"2020-09-21","-0.8","61128840","61128840","11800","5229","11800","5229"
"2020-09-18","-0.04","36783135","36783135","11895","3092","11895","3092"
"2020-09-17","0.42","103157195","103157195","11900","8678","11900","8678"
"2020-09-16","-1.25","179523025","179523025","11850","15142","11850","15142"
"2020-09-15","-3.15","93858665","93858665","12000","7891","12000","7891"
"2020-09-14","1.98","8437605","8437605","12390","694","12390","694"
"2020-09-11","-2.02","44857255","44857255","12150","3693","12150","3693"
"2020-09-10","1.64","16362060","16362060","12400","1342","12400","1342"
"2020-09-09","0","6377700","6377700","12200","529","12200","529"
"2020-09-08","-1.61","86125645","86125645","12200","7108","12200","7108"
"2020-09-07","-0.32","33487095","33487095","12400","2720","12400","2720"
"2020-09-04","0.32","5660600","5660600","12440","457","12440","457"
"2020-09-03","0.81","9495880","9495880","12400","767","12400","767"
"2020-09-02","-1.13","36552950","36552950","12300","2961","12300","2961"
"2020-09-01","-0.4","63652900","63652900","12440","5114","12440","5114"
"2020-08-31","0.32","13817995","13817995","12490","1110","12490","1110"
"2020-08-28","0","168046945","168046945","12450","13480","12450","13480"
"2020-08-27","-1.15","281779300","281779300","12450","22566","12450","22566"
"2020-08-26","-0.04","30353300","30353300","12595","2413","12595","2413"
"2020-08-25","0.04","113774110","113774110","12600","9177","12600","9177"
"2020-08-24","-0.43","101169275","101169275","12595","8140","12595","8140"
"2020-08-21","-0.67","1507055","1507055","12650","119","12650","119"
"2020-08-20","0.28","75194760","75194760","12735","5953","12735","5953"
"2020-08-19","-0.35","36834665","36834665","12700","2914","12700","2914"
"2020-08-18","0","44229700","44229700","12745","3477","12745","3477"
"2020-08-17","-0.43","112654170","112654170","12745","8840","12745","8840"
"2020-08-14","0.08","32356265","32356265","12800","2566","12800","2566"
"2020-08-13","-0.08","81291620","81291620","12790","6468","12790","6468"
"2020-08-12","-0.58","38474310","38474310","12800","3076","12800","3076"
"2020-08-11","3.04","57621780","57621780","12875","4550","12875","4550"
"2020-08-10","-2.99","21675480","21675480","12495","1736","12495","1736"
"2020-08-06","-0.04","29952130","29952130","12880","2498","12880","2498"
"2020-08-05","3.08","205903240","205903240","12885","17072","12885","17072"
"2020-08-04","5.26","93872195","93872195","12500","7849","12500","7849"
"2020-08-03","-1.04","18396330","18396330","11875","1551","11875","1551"
"2020-07-30","0.42","39764920","39764920","12000","3307","12000","3307"
"2020-07-29","-0.38","1355866545","1355866545","11950","113948","11950","113948"
"2020-07-28","-1.56","176473245","176473245","11995","14703","11995","14703"
"2020-07-27","-0.04","29432160","29432160","12185","2417","12185","2417"
"2020-07-24","0","97887460","97887460","12190","8031","12190","8031"
"2020-07-23","-0.08","24258945","24258945","12190","1990","12190","1990"
"2020-07-22","-1.17","357958590","357958590","12200","29106","12200","29106"
"2020-07-21","-0.84","222583570","222583570","12345","18009","12345","18009"
"2020-07-20","-0.32","39440480","39440480","12450","3180","12450","3180"
"2020-07-17","0.73","61904470","61904470","12490","4959","12490","4959"
"2020-07-16","-0.8","21774715","21774715","12400","1755","12400","1755"
"2020-07-15","0","94282440","94282440","12500","7545","12500","7545"
"2020-07-14","0","43974950","43974950","12500","3518","12500","3518"
"2020-07-13","0","16636310","16636310","12500","1331","12500","1331"
"2020-07-10","0","14699445","14699445","12500","1176","12500","1176"
"2020-07-09","0","91202825","91202825","12500","7296","12500","7296"
"2020-07-08","-2.34","253569110","253569110","12500","20246","12500","20246"
"2020-07-07","-0.7","6571530","6571530","12800","511","12800","511"
"2020-07-06","-0.08","27724925","27724925","12890","2150","12890","2150"
"2020-07-03","0","55093030","55093030","12900","4240","12900","4240"
"2020-07-02","-0.73","44931185","44931185","12900","3499","12900","3499"
"2020-07-01","0.04","63873575","63873575","12995","4916","12995","4916"
"2020-06-30","0.04","19767150","19767150","12990","1522","12990","1522"
"2020-06-29","-0.04","16671520","16671520","12985","1285","12985","1285"
"2020-06-26","0.7","66660340","66660340","12990","5160","12990","5160"
"2020-06-25","-0.65","41520330","41520330","12900","3212","12900","3212"
"2020-06-24","-0.08","23021890","23021890","12985","1774","12985","1774"
"2020-06-23","0.04","233956415","233956415","12995","18645","12995","18645"
"2020-06-22","-0.04","12740795","12740795","12990","986","12990","986"
"2020-06-19","0.89","1183505260","1183505260","12995","94637","12995","94637"
"2020-06-18","0","118636855","118636855","12880","9220","12880","9220"
"2020-06-17","-0.92","132902120","132902120","12880","10253","12880","10253"
"2020-06-16","0","36554335","36554335","13000","2812","13000","2812"
"2020-06-15","-3.7","38771520","38771520","13000","2956","13000","2956"
"2020-06-12","-0.07","519995035","519995035","13500","38313","13500","38313"
"2020-06-11","-3.36","70228190","70228190","13510","5088","13510","5088"
"2020-06-10","-0.11","67031655","67031655","13980","4797","13980","4797"
"2020-06-09","0","43844085","43844085","13995","3134","13995","3134"
"2020-06-08","0","80238485","80238485","13995","5744","13995","5744"
"2020-06-05","-0.04","66447155","66447155","13995","4748","13995","4748"
"2020-06-04","3.63","123474195","123474195","14000","8835","14000","8835"
"2020-06-03","-3.5","15209935","15209935","13510","1108","13510","1108"
"2020-06-02","3.82","424889205","424889205","14000","31471","14000","31471"
"2020-05-29","1.39","338595745","338595745","13485","25126","13485","25126"
"2020-05-28","-0.71","25096600","25096600","13300","1885","13300","1885"
"2020-05-27","3.88","107832805","107832805","13395","8329","13395","8329"
"2020-05-26","-0.04","3672875","3672875","12895","285","12895","285"
"2020-05-25","0.04","11402780","11402780","12900","884","12900","884"
"2020-05-22","3.12","40350610","40350610","12895","3176","12895","3176"
"2020-05-19","0.04","14701565","14701565","12505","1175","12505","1175"
"2020-05-18","-12.28","17696500","17696500","12500","1410","12500","1410"
"2020-05-15","0.25","27507165","27507165","14250","1933","14250","1933"
"2020-05-14","-0.07","249765435","249765435","14215","17558","14215","17558"
"2020-05-13","1.61","164341465","164341465","14225","11558","14225","11558"
"2020-05-12","0.65","36044655","36044655","14000","2575","14000","2575"
"2020-05-11","0.07","78677380","78677380","13910","5689","13910","5689"
"2020-05-08","0.11","82880490","82880490","13900","5969","13900","5969"
"2020-05-07","-0.11","16398285","16398285","13885","1181","13885","1181"
"2020-05-06","0","61923550","61923550","13900","4455","13900","4455"
"2020-05-05","0.04","154542015","154542015","13900","11117","13900","11117"
"2020-05-04","-0.04","164236010","164236010","13895","11752","13895","11752"
"2020-04-30","0.04","27828000","27828000","13900","2002","13900","2002"
"2020-04-29","-3.51","49656655","49656655","13895","3535","13895","3535"
"2020-04-28","0","79463575","79463575","14400","5700","14400","5700"
"2020-04-27","0","277264425","277264425","14400","19910","14400","19910"
"2020-04-24","1.48","453140025","453140025","14400","32575","14400","32575"
"2020-04-23","7.5","16908735","16908735","14190","1271","14190","1271"
"2020-04-22","0.76","41662560","41662560","13200","3156","13200","3156"
"2020-04-21","0.77","569727120","569727120","13100","43492","13100","43492"
"2020-04-20","0","91755615","91755615","13000","7058","13000","7058"
"2020-04-17","0","808444350","808444350","13000","62188","13000","62188"
"2020-04-16","0","1041914960","1041914960","13000","80165","13000","80165"
"2020-04-15","0","168338875","168338875","13000","12949","13000","12949"
"2020-04-14","0","376224875","376224875","13000","28815","13000","28815"
"2020-04-10","0","55902500","55902500","13000","4300","13000","4300"
"2020-04-09","0","253565150","253565150","13000","19505","13000","19505"
"2020-04-08","0","1130219960","1130219960","13000","86940","13000","86940"
"2020-04-07","0","260714820","260714820","13000","20061","13000","20061"
"2020-04-06","0","134433790","134433790","13000","10341","13000","10341"
"2020-04-03","0.23","452447450","452447450","13000","34807","13000","34807"
"2020-04-02","0","69973400","69973400","12970","5419","12970","5419"
"2020-04-01","-0.19","65850265","65850265","12970","5100","12970","5100"
"2020-03-31","0","95538125","95538125","12995","7364","12995","7364"
"2020-03-30","0","74008005","74008005","12995","5695","12995","5695"
"2020-03-27","-0.04","53191905","53191905","12995","4091","12995","4091"
"2020-03-26","-1.7","60077420","60077420","13000","4595","13000","4595"
"2020-03-25","-0.15","42626300","42626300","13225","3225","13225","3225"
"2020-03-24","0.91","23614235","23614235","13245","1783","13245","1783"
"2020-03-23","-2.78","839945125","839945125","13125","63154","13125","63154"
"2020-03-20","0","412450350","412450350","13500","30545","13500","30545"
"2020-03-19","-3.5","1050478000","1050478000","13500","77727","13500","77727"
"2020-03-18","-0.71","43667415","43667415","13990","3120","13990","3120"
"2020-03-17","-1.47","75329740","75329740","14090","5346","14090","5346"
"2020-03-16","-1.38","106330680","106330680","14300","7414","14300","7414"
"2020-03-13","0","25619935","25619935","14500","1767","14500","1767"
"2020-03-12","0.35","207533315","207533315","14500","14319","14500","14319"
"2020-03-11","-1.7","180943585","180943585","14450","12429","14450","12429"
"2020-03-10","0.68","42275660","42275660","14700","2897","14700","2897"
"2020-03-09","-0.82","76847770","76847770","14600","5257","14600","5257"
"2020-03-06","0","11454195","11454195","14720","778","14720","778"
"2020-03-05","-0.54","31345830","31345830","14720","2118","14720","2118"
"2020-03-04","-1.33","72166150","72166150","14800","4813","14800","4813"
"2020-03-03","-3.23","26510000","26510000","15000","1767","15000","1767"
"2020-03-02","3.37","11487975","11487975","15500","771","15500","771"
"2020-02-28","-0.03","21254075","21254075","14995","1417","14995","1417"
"2020-02-27","2.74","764539310","764539310","15000","52309","15000","52309"
"2020-02-26","0.69","48022625","48022625","14600","3306","14600","3306"
"2020-02-25","-1.36","297968125","297968125","14500","20560","14500","20560"
"2020-02-24","0.68","25360275","25360275","14700","1746","14700","1746"
"2020-02-21","0","32514300","32514300","14600","2227","14600","2227"
"2020-02-20","0","30709180","30709180","14600","2105","14600","2105"
"2020-02-19","-2.63","44751400","44751400","14600","3041","14600","3041"
"2020-02-18","0","21175125","21175125","14995","1413","14995","1413"
"2020-02-17","2.71","208072330","208072330","14995","14302","14995","14302"
"2020-02-14","0","15665785","15665785","14600","1073","14600","1073"
"2020-02-13","-0.34","92267810","92267810","14600","6320","14600","6320"
"2020-02-12","-2.33","28227480","28227480","14650","1936","14650","1936"
"2020-02-11","3.45","63688135","63688135","15000","4335","15000","4335"
"2020-02-10","-3.33","17163570","17163570","14500","1153","14500","1153"
"2020-02-07","-0.73","314135810","314135810","15000","20848","15000","20848"
"2020-02-06","-1.91","61282265","61282265","15110","4020","15110","4020"
"2020-02-05","-0.61","46089220","46089220","15405","2990","15405","2990"
"2020-02-04","-0.32","22595800","22595800","15500","1460","15500","1460"
"2020-02-03","0","56014270","56014270","15550","3604","15550","3604"
"2020-01-31","-0.32","41537325","41537325","15550","2672","15550","2672"
"2020-01-30","0","38283770","38283770","15600","2472","15600","2472"
"2020-01-29","0","424846110","424846110","15600","27246","15600","27246"
"2020-01-28","-0.64","615338285","615338285","15600","39444","15600","39444"
"2020-01-27","-0.63","166828675","166828675","15700","10591","15700","10591"
"2020-01-24","0","88139865","88139865","15800","5580","15800","5580"
"2020-01-23","0","18107530","18107530","15800","1151","15800","1151"
"2020-01-22","-1.25","77685675","77685675","15800","4918","15800","4918"
"2020-01-21","0","25728000","25728000","16000","1608","16000","1608"
"2020-01-20","0","95569550","95569550","16000","5973","16000","5973"
"2020-01-17","2.24","16114490","16114490","16000","1019","16000","1019"
"2020-01-16","0.74","265700","265700","15650","17","15650","17"
"2020-01-15","0.23","2964195","2964195","15535","191","15535","191"
"2020-01-14","0","535215135","535215135","15500","34530","15500","34530"
"2020-01-13","0","1076512850","1076512850","15500","69461","15500","69461"
"2020-01-10","0","288781970","288781970","15500","18647","15500","18647"
"2020-01-09","3.33","370646875","370646875","15500","24709","15500","24709"
"2020-01-08","-6.25","43735675","43735675","15000","2846","15000","2846"
"2020-01-07","-3.03","13297485","13297485","16000","831","16000","831"
"2020-01-06","-1.79","3675500","3675500","16500","222","16500","222"
"2020-01-03","-0.59","430200","430200","16800","26","16800","26"
"2020-01-02","-0.56","8384030","8384030","16900","497","16900","497"
"2019-12-31","0.56","403292395","403292395","16995","23869","16995","23869"
"2019-12-30","-0.59","416527020","416527020","16900","25866","16900","25866"
"2019-12-27","6.25","348732720","348732720","17000","21458","17000","21458"
"2019-12-26","0","71869810","71869810","16000","4492","16000","4492"
"2019-12-24","6.74","110298320","110298320","16000","7188","16000","7188"
"2019-12-23","6.39","28205515","28205515","14990","1927","14990","1927"
"2019-12-20","0.64","127276250","127276250","14090","9091","14090","9091"
"2019-12-19","0.04","115681585","115681585","14000","8265","14000","8265"
"2019-12-18","-0.04","154447560","154447560","13995","11037","13995","11037"
"2019-12-17","0","298895890","298895890","14000","21377","14000","21377"
"2019-12-16","0","18256000","18256000","14000","1304","14000","1304"
"2019-12-13","0","37662690","37662690","14000","2696","14000","2696"
"2019-12-12","-0.71","133214820","133214820","14000","9511","14000","9511"
"2019-12-11","0.71","196243270","196243270","14100","13881","14100","13881"
"2019-12-10","-2.71","36798205","36798205","14000","2575","14000","2575"
"2019-12-09","-0.66","7926600","7926600","14390","551","14390","551"
"2019-12-06","-0.1","48972370","48972370","14485","3400","14485","3400"
"2019-12-05","0.07","10816610","10816610","14500","747","14500","747"
"2019-12-04","-1.29","22519855","22519855","14490","1550","14490","1550"
"2019-12-03","-0.07","203959295","203959295","14680","13885","14680","13885"
"2019-12-02","-0.03","305893695","305893695","14690","20949","14690","20949"
"2019-11-29","-0.03","7334530","7334530","14695","499","14695","499"
"2019-11-28","-0.31","348711960","348711960","14700","23700","14700","23700"
"2019-11-27","-0.03","14434365","14434365","14745","979","14745","979"
"2019-11-26","-0.27","19905440","19905440","14750","1349","14750","1349"
"2019-11-25","-0.03","23703975","23703975","14790","1605","14790","1605"
"2019-11-22","0","87473005","87473005","14795","5930","14795","5930"
"2019-11-21","0.03","213621705","213621705","14795","14452","14795","14452"
"2019-11-20","-0.07","680134525","680134525","14790","45972","14790","45972"
"2019-11-19","0","339665890","339665890","14800","22964","14800","22964"
"2019-11-18","0.34","50486645","50486645","14800","3399","14800","3399"
"2019-11-14","-0.34","159578130","159578130","14750","10818","14750","10818"
"2019-11-13","-0.03","18116540","18116540","14800","1224","14800","1224"
"2019-11-12","0.71","484230500","484230500","14805","32848","14805","32848"
"2019-11-11","-1.87","231333150","231333150","14700","15454","14700","15454"
"2019-11-08","0","194572180","194572180","14980","12995","14980","12995"
"2019-11-07","0","10188465","10188465","14980","683","14980","683"
"2019-11-06","0","71600915","71600915","14980","4787","14980","4787"
"2019-11-05","-0.07","973375295","973375295","14980","64986","14980","64986"
"2019-11-04","-0.03","118613865","118613865","14990","8029","14990","8029"
"2019-10-31","-0.03","959665","959665","14995","64","14995","64"
"2019-10-30","0","42418660","42418660","15000","2829","15000","2829"
"2019-10-29","0.2","19510020","19510020","15000","1301","15000","1301"
"2019-10-28","0.07","39569405","39569405","14970","2638","14970","2638"
"2019-10-25","-0.27","32819285","32819285","14960","2188","14960","2188"
"2019-10-24","0","125982195","125982195","15000","8399","15000","8399"
"2019-10-23","0","1701390000","1701390000","15000","113426","15000","113426"
"2019-10-22","0","62660480","62660480","15000","4177","15000","4177"
"2019-10-21","0","609753510","609753510","15000","40650","15000","40650"
"2019-10-18","0.6","371372305","371372305","15000","24758","15000","24758"
"2019-10-17","-0.6","72647650","72647650","14910","4843","14910","4843"
"2019-10-16","0.67","768472265","768472265","15000","51368","15000","51368"
"2019-10-15","0.71","5561480","5561480","14900","375","14900","375"
"2019-10-14","0.61","30222320","30222320","14795","2043","14795","2043"
"2019-10-11","0","28467755","28467755","14705","1936","14705","1936"
"2019-10-10","0.03","7593895","7593895","14705","516","14705","516"
"2019-10-09","-0.68","54700145","54700145","14700","3720","14700","3720"
"2019-10-08","-1","212238490","212238490","14800","14291","14800","14291"
"2019-10-07","-0.3","9899070","9899070","14950","662","14950","662"
"2019-10-04","-0.03","9080830","9080830","14995","606","14995","606"
"2019-10-03","1.21","80841315","80841315","15000","5395","15000","5395"
"2019-10-02","-1.23","457255200","457255200","14820","30490","14820","30490"
"2019-10-01","0","386439595","386439595","15005","25745","15005","25745"
"2019-09-30","-1.22","113701240","113701240","15005","7566","15005","7566"
"2019-09-27","0.23","87626770","87626770","15190","5769","15190","5769"
"2019-09-26","-0.2","54357415","54357415","15155","3578","15155","3578"
"2019-09-25","-0.07","253735190","253735190","15185","16700","15185","16700"
"2019-09-24","-0.03","18030715","18030715","15195","1188","15195","1188"
"2019-09-23","0","1606767355","1606767355","15200","105758","15200","105758"
"2019-09-20","-0.62","227108880","227108880","15200","14943","15200","14943"
"2019-09-19","-0.65","62126605","62126605","15295","4051","15295","4051"
"2019-09-18","-0.29","17310205","17310205","15395","1123","15395","1123"
"2019-09-17","-0.23","48434140","48434140","15440","3140","15440","3140"
"2019-09-16","-0.16","610238270","610238270","15475","39380","15475","39380"
"2019-09-13","0","99358375","99358375","15500","6408","15500","6408"
"2019-09-12","-0.32","690778975","690778975","15500","44566","15500","44566"
"2019-09-11","-1.89","73274145","73274145","15550","4639","15550","4639"
"2019-09-10","-0.94","10598795","10598795","15850","666","15850","666"
"2019-09-09","-0.62","409293650","409293650","16000","25580","16000","25580"
"2019-09-06","-0.62","148195560","148195560","16100","9172","16100","9172"
"2019-09-05","0","44714235","44714235","16200","2748","16200","2748"
"2019-09-04","0","20055260","20055260","16200","1238","16200","1238"
"2019-09-03","0.56","104061685","104061685","16200","6487","16200","6487"
"2019-09-02","-1.74","21654820","21654820","16110","1328","16110","1328"
"2019-08-30","-0.33","6636295","6636295","16395","405","16395","405"
"2019-08-29","-0.3","14186105","14186105","16450","860","16450","860"
"2019-08-28","0","136470995","136470995","16500","8275","16500","8275"
"2019-08-27","-0.6","124630900","124630900","16500","7519","16500","7519"
"2019-08-26","0.12","56219720","56219720","16600","3389","16600","3389"
"2019-08-23","-0.09","21079010","21079010","16580","1271","16580","1271"
"2019-08-22","-0.03","143971660","143971660","16595","8673","16595","8673"
"2019-08-21","0","36898095","36898095","16600","2223","16600","2223"
"2019-08-20","-1.78","85548165","85548165","16600","5137","16600","5137"
"2019-08-19","-0.29","10393310","10393310","16900","616","16900","616"
"2019-08-16","-0.29","33648460","33648460","16950","1988","16950","1988"
"2019-08-14","0.59","28809470","28809470","17000","1695","17000","1695"
"2019-08-13","-0.59","680200765","680200765","16900","40012","16900","40012"
"2019-08-09","0","10583900","10583900","17000","622","17000","622"
"2019-08-08","0","1279441200","1279441200","17000","75249","17000","75249"
"2019-08-06","0","617511485","617511485","17000","36322","17000","36322"
"2019-08-05","0","11457160","11457160","17000","674","17000","674"
"2019-08-02","0.03","139970770","139970770","17000","8233","17000","8233"
"2019-08-01","0","23618960","23618960","16995","1390","16995","1390"
"2019-07-31","1.77","17875525","17875525","16995","1054","16995","1054"
"2019-07-30","0.57","341431080","341431080","16700","20465","16700","20465"
"2019-07-29","0","46403270","46403270","16605","2802","16605","2802"
"2019-07-26","0.03","68757700","68757700","16605","4142","16605","4142"
"2019-07-25","0","152577220","152577220","16600","9190","16600","9190"
"2019-07-24","0","16881585","16881585","16600","1017","16600","1017"
"2019-07-23","-0.54","23539640","23539640","16600","1423","16600","1423"
"2019-07-22","0","196974660","196974660","16690","11957","16690","11957"
"2019-07-19","1.18","54817385","54817385","16690","3322","16690","3322"
"2019-07-18","0.03","546237890","546237890","16495","33106","16495","33106"
"2019-07-17","0","21312880","21312880","16490","1292","16490","1292"
"2019-07-16","0.06","654229050","654229050","16490","39651","16490","39651"
"2019-07-15","0.09","177459915","177459915","16480","10772","16480","10772"
"2019-07-12","0.06","452936715","452936715","16465","27495","16465","27495"
"2019-07-11","-0.27","33038930","33038930","16455","2007","16455","2007"
"2019-07-10","0","28385370","28385370","16500","1725","16500","1725"
"2019-07-09","0.3","44652895","44652895","16500","2711","16500","2711"
"2019-07-08","-0.3","51901315","51901315","16450","3151","16450","3151"
"2019-07-05","-1.08","242703940","242703940","16500","14609","16500","14609"
"2019-07-04","1.09","73542300","73542300","16680","4435","16680","4435"
"2019-07-03","0","23941635","23941635","16500","1451","16500","1451"
"2019-07-02","0","68387245","68387245","16500","4145","16500","4145"
"2019-07-01","0","801061420","801061420","16500","48547","16500","48547"
"2019-06-28","-1.17","948665730","948665730","16500","57494","16500","57494"
"2019-06-27","1.18","30344075","30344075","16695","1830","16695","1830"
"2019-06-26","0","308842130","308842130","16500","18719","16500","18719"
"2019-06-25","0.58","57899270","57899270","16500","3519","16500","3519"
"2019-06-24","-1.74","78144850","78144850","16405","4727","16405","4727"
"2019-06-21","-0.03","76982090","76982090","16695","4653","16695","4653"
"2019-06-20","-0.45","10476065","10476065","16700","627","16700","627"
"2019-06-19","0","70417760","70417760","16775","4203","16775","4203"
"2019-06-18","0","91121735","91121735","16775","5428","16775","5428"
"2019-06-17","-0.53","128644450","128644450","16775","7664","16775","7664"
"2019-06-14","-0.18","87548910","87548910","16865","5191","16865","5191"
"2019-06-13","-0.5","789218250","789218250","16895","46522","16895","46522"
"2019-06-12","-0.03","45841290","45841290","16980","2711","16980","2711"
"2019-06-11","-0.06","21734710","21734710","16985","1279","16985","1279"
"2019-06-07","0","3313615","3313615","16995","195","16995","195"
"2019-06-06","0","338789185","338789185","16995","20041","16995","20041"
"2019-06-05","0.03","235754665","235754665","16995","13896","16995","13896"
"2019-06-03","-0.03","45333665","45333665","16990","2674","16990","2674"
"2019-05-31","-0.03","149424820","149424820","16995","8809","16995","8809"
"2019-05-29","0.29","64581850","64581850","17000","3799","17000","3799"
"2019-05-28","-0.24","53988995","53988995","16950","3177","16950","3177"
"2019-05-27","-0.06","150795000","150795000","16990","8871","16990","8871"
"2019-05-24","0","479319040","479319040","17000","28193","17000","28193"
"2019-05-23","0.06","327962500","327962500","17000","19292","17000","19292"
"2019-05-22","-0.06","304680335","304680335","16990","17923","16990","17923"
"2019-05-21","0","97944000","97944000","17000","5762","17000","5762"
"2019-05-20","-0.03","123665795","123665795","17000","7273","17000","7273"
"2019-05-17","-0.03","81505930","81505930","17005","4763","17005","4763"
"2019-05-16","-0.53","76296445","76296445","17010","4457","17010","4457"
"2019-05-15","-0.58","543618500","543618500","17100","31480","17100","31480"
"2019-05-14","0","14878000","14878000","17200","865","17200","865"
"2019-05-13","-1.66","38656855","38656855","17200","2327","17200","2327"
"2019-05-10","-7.9","131159490","131159490","17490","7495","17490","7495"
"2019-05-09","-0.05","11492150","11492150","18990","605","18990","605"
"2019-05-08","-2.56","154518050","154518050","19000","8135","19000","8135"
"2019-05-07","4.81","315254895","315254895","19500","16650","19500","16650"
"2019-05-06","-2.05","26050950","26050950","18605","1376","18605","1376"
"2019-05-03","-1.09","1405629635","1405629635","18995","73985","18995","73985"
"2019-05-02","-0.49","67450125","67450125","19205","3524","19205","3524"
"2019-04-30","-0.26","14498215","14498215","19300","751","19300","751"
"2019-04-29","0","43440225","43440225","19350","2249","19350","2249"
"2019-04-26","0","16346710","16346710","19350","845","19350","845"
"2019-04-25","0.26","375649900","375649900","19350","19385","19350","19385"
"2019-04-24","0","23816200","23816200","19300","1234","19300","1234"
"2019-04-23","0","23082720","23082720","19300","1196","19300","1196"
"2019-04-19","0","656200","656200","19300","34","19300","34"
"2019-04-18","-0.92","190764225","190764225","19300","9887","19300","9887"
"2019-04-17","2.53","116774905","116774905","19480","5999","19480","5999"
"2019-04-16","0","151576570","151576570","19000","7949","19000","7949"
"2019-04-15","-1.53","53082480","53082480","19000","2789","19000","2789"
"2019-04-12","-0.8","6094985","6094985","19295","315","19295","315"
"2019-04-11","-1.02","19472505","19472505","19450","995","19450","995"
"2019-04-10","-0.25","52401000","52401000","19650","2669","19650","2669"
"2019-04-09","0","33535730","33535730","19700","1704","19700","1704"
"2019-04-08","0","40550335","40550335","19700","2057","19700","2057"
"2019-04-05","-0.13","13021775","13021775","19700","661","19700","661"
"2019-04-04","1.15","33203750","33203750","19725","1690","19725","1690"
"2019-04-03","0","29090195","29090195","19500","1490","19500","1490"
"2019-04-02","-0.26","252584850","252584850","19500","12953","19500","12953"
"2019-04-01","-0.26","26618470","26618470","19550","1361","19550","1361"
"2019-03-29","-0.38","186193445","186193445","19600","9528","19600","9528"
"2019-03-28","-0.38","10970380","10970380","19675","557","19675","557"
"2019-03-27","0.77","25846330","25846330","19750","1311","19750","1311"
"2019-03-26","-0.51","25632050","25632050","19600","1302","19600","1302"
"2019-03-25","-1.01","42253065","42253065","19700","2135","19700","2135"
"2019-03-22","-0.48","14616220","14616220","19900","731","19900","731"
"2019-03-21","-0.03","8978035","8978035","19995","449","19995","449"
"2019-03-20","2.04","63721780","63721780","20000","3192","20000","3192"
"2019-03-19","0.26","933123140","933123140","19600","47620","19600","47620"
"2019-03-18","-0.26","397352475","397352475","19550","20373","19550","20373"
"2019-03-15","0.26","145439185","145439185","19600","7439","19600","7439"
"2019-03-14","0.03","27709410","27709410","19550","1417","19550","1417"
"2019-03-13","-0.03","34911050","34911050","19545","1788","19545","1788"
"2019-03-12","0.28","465982535","465982535","19550","23894","19550","23894"
"2019-03-11","-0.03","64377195","64377195","19495","3305","19495","3305"
"2019-03-08","0","402651315","402651315","19500","20699","19500","20699"
"2019-03-07","-0.51","68685955","68685955","19500","3512","19500","3512"
"2019-03-06","-1.51","25873450","25873450","19600","1314","19600","1314"
"2019-03-05","-0.45","69521325","69521325","19900","3485","19900","3485"
"2019-03-04","-0.05","188108370","188108370","19990","9407","19990","9407"
"2019-03-01","-1.48","83097120","83097120","20000","4118","20000","4118"
"2019-02-28","7.12","456688885","456688885","20300","22911","20300","22911"
"2019-02-27","2.43","120789405","120789405","18950","6469","18950","6469"
"2019-02-26","6.84","19163845","19163845","18500","1067","18500","1067"
"2019-02-25","0.09","25422815","25422815","17315","1463","17315","1463"
"2019-02-22","1.17","15690875","15690875","17300","912","17300","912"
"2019-02-21","0","77078410","77078410","17100","4506","17100","4506"
"2019-02-20","0","5112890","5112890","17100","299","17100","299"
"2019-02-19","0","40007220","40007220","17100","2352","17100","2352"
"2019-02-18","0.59","229791275","229791275","17100","13517","17100","13517"
"2019-02-15","0","85858650","85858650","17000","5049","17000","5049"
"2019-02-14","0","86521700","86521700","17000","5091","17000","5091"
"2019-02-13","0","488894475","488894475","17000","28760","17000","28760"
"2019-02-12","0","32489775","32489775","17000","1920","17000","1920"
"2019-02-11","0.89","871746590","871746590","17000","51284","17000","51284"
"2019-02-08","-3.66","369390110","369390110","16850","21823","16850","21823"
"2019-02-07","4.73","40876430","40876430","17490","2427","17490","2427"
"2019-02-06","1.52","378828140","378828140","16700","23320","16700","23320"
"2019-02-05","-0.27","30893005","30893005","16450","1872","16450","1872"
"2019-02-04","-0.33","71453230","71453230","16495","4329","16495","4329"
"2019-02-01","-0.9","33557200","33557200","16550","2010","16550","2010"
"2019-01-31","-0.6","830843935","830843935","16700","49763","16700","49763"
"2019-01-30","0","75141150","75141150","16800","4469","16800","4469"
"2019-01-29","0","19405045","19405045","16800","1155","16800","1155"
"2019-01-28","-1.18","25080415","25080415","16800","1487","16800","1487"
"2019-01-25","1.19","14370440","14370440","17000","853","17000","853"
"2019-01-24","0","72942685","72942685","16800","4342","16800","4342"
"2019-01-23","-0.56","477045785","477045785","16800","28392","16800","28392"
"2019-01-22","-0.47","864596695","864596695","16895","51378","16895","51378"
"2019-01-21","0","28853100","28853100","16975","1702","16975","1702"
"2019-01-18","0","81172965","81172965","16975","4781","16975","4781"
"2019-01-17","-0.03","228654955","228654955","16975","13471","16975","13471"
"2019-01-16","0.47","36207685","36207685","16980","2131","16980","2131"
"2019-01-15","-0.56","155580525","155580525","16900","9155","16900","9155"
"2019-01-14","-0.03","584498655","584498655","16995","34389","16995","34389"
"2019-01-11","0","21370475","21370475","17000","1260","17000","1260"
"2019-01-10","0","508317770","508317770","17000","29904","17000","29904"
"2019-01-09","0.06","63411460","63411460","17000","3731","17000","3731"
"2019-01-08","0","265178140","265178140","16990","15603","16990","15603"
"2019-01-07","-0.06","67157385","67157385","16990","3971","16990","3971"
"2019-01-04","0","10648200","10648200","17000","626","17000","626"
"2019-01-03","6.25","35779160","35779160","17000","2187","17000","2187"
"2019-01-02","0","1266740085","1266740085","16000","77923","16000","77923"
"2018-12-31","-5.88","580422245","580422245","16000","34964","16000","34964"
"2018-12-28","0","923494335","923494335","17000","54424","17000","54424"
"2018-12-27","3.03","425425080","425425080","17000","25844","17000","25844"
"2018-12-26","3.13","646341675","646341675","16500","39177","16500","39177"
"2018-12-24","0","93301000","93301000","16000","5826","16000","5826"
"2018-12-21","3.23","136122790","136122790","16000","8601","16000","8601"
"2018-12-20","-3.13","50599730","50599730","15500","3164","15500","3164"
"2018-12-19","-5.88","85452620","85452620","16000","5108","16000","5108"
"2018-12-18","-1.13","30561445","30561445","17000","1786","17000","1786"
"2018-12-17","-0.86","343124895","343124895","17195","19955","17195","19955"
"2018-12-14","-0.26","608127895","608127895","17345","35019","17345","35019"
"2018-12-13","-0.63","56283600","56283600","17390","3236","17390","3236"
"2018-12-12","-0.85","299700925","299700925","17500","17120","17500","17120"
"2018-12-11","-0.28","179393305","179393305","17650","10233","17650","10233"
"2018-12-10","-0.51","365153365","365153365","17700","20539","17700","20539"
"2018-12-07","-0.06","26739140","26739140","17790","1503","17790","1503"
"2018-12-06","0.06","40572745","40572745","17800","2281","17800","2281"
"2018-12-05","-0.06","2422908230","2422908230","17790","136195","17790","136195"
"2018-12-04","0","32729120","32729120","17800","1841","17800","1841"
"2018-12-03","-1.11","176202535","176202535","17800","9899","17800","9899"
"2018-11-30","1.12","20769715","20769715","18000","1165","18000","1165"
"2018-11-29","-1.11","226165450","226165450","17800","12593","17800","12593"
"2018-11-28","0.28","33579685","33579685","18000","1868","18000","1868"
"2018-11-27","-0.28","19169250","19169250","17950","1067","17950","1067"
"2018-11-26","-2.15","36743550","36743550","18000","2027","18000","2027"
"2018-11-23","-0.57","27432995","27432995","18395","1515","18395","1515"
"2018-11-22","1.09","484477120","484477120","18500","26769","18500","26769"
"2018-11-21","-1.08","32421155","32421155","18300","1768","18300","1768"
"2018-11-19","0","35173590","35173590","18500","1894","18500","1894"
"2018-11-16","-1.07","165835345","165835345","18500","8956","18500","8956"
"2018-11-14","0","152782065","152782065","18700","8205","18700","8205"
"2018-11-13","1.08","154108875","154108875","18700","8281","18700","8281"
"2018-11-12","-1.07","30709975","30709975","18500","1654","18500","1654"
"2018-11-09","0","6370635","6370635","18700","342","18700","342"
"2018-11-08","-1.32","835356845","835356845","18700","44565","18700","44565"
"2018-11-07","0","1432496640","1432496640","18950","76405","18950","76405"
"2018-11-06","-0.26","414973880","414973880","18950","22049","18950","22049"
"2018-11-05","0","147343550","147343550","19000","7756","19000","7756"
"2018-11-02","0","272528235","272528235","19000","14376","19000","14376"
"2018-10-31","1.6","66004675","66004675","19000","3487","19000","3487"
"2018-10-30","-1.53","362256330","362256330","18700","19351","18700","19351"
"2018-10-29","0","261353000","261353000","18990","13972","18990","13972"
"2018-10-26","0","429828565","429828565","18990","22920","18990","22920"
"2018-10-25","0","19749210","19749210","18990","1040","18990","1040"
"2018-10-24","-0.05","9396380","9396380","18990","503","18990","503"
"2018-10-23","-2.54","401063995","401063995","19000","21096","19000","21096"
"2018-10-22","0","16047545","16047545","19495","823","19495","823"
"2018-10-19","-0.03","18482910","18482910","19495","951","19495","951"
"2018-10-18","0.26","70221025","70221025","19500","3660","19500","3660"
"2018-10-17","-0.21","57863415","57863415","19450","2970","19450","2970"
"2018-10-16","-2.31","103808690","103808690","19490","5308","19490","5308"
"2018-10-15","0.03","26426395","26426395","19950","1342","19950","1342"
"2018-10-12","0.25","41970810","41970810","19945","2132","19945","2132"
"2018-10-11","-0.28","8659580","8659580","19895","439","19895","439"
"2018-10-10","-0.2","190314145","190314145","19950","9586","19950","9586"
"2018-10-09","-0.05","949673600","949673600","19990","48609","19990","48609"
"2018-10-08","0","185184575","185184575","20000","9457","20000","9457"
"2018-10-05","0","206633425","206633425","20000","10561","20000","10561"
"2018-10-04","0","217713595","217713595","20000","10894","20000","10894"
"2018-10-03","0","84078100","84078100","20000","4204","20000","4204"
"2018-10-02","-0.5","58163430","58163430","20000","2900","20000","2900"
"2018-10-01","-0.02","29026210","29026210","20100","1439","20100","1439"
"2018-09-28","0.02","59826225","59826225","20105","2985","20105","2985"
"2018-09-27","0.5","30153385","30153385","20100","1504","20100","1504"
"2018-09-26","0","219658015","219658015","20000","10982","20000","10982"
"2018-09-25","0","385819555","385819555","20000","19292","20000","19292"
"2018-09-24","0","7095320","7095320","20000","355","20000","355"
"2018-09-21","0","407177540","407177540","20000","20359","20000","20359"
"2018-09-20","0","86767995","86767995","20000","4371","20000","4371"
"2018-09-19","-0.99","11063060","11063060","20000","553","20000","553"
"2018-09-18","0","28571250","28571250","20200","1424","20200","1424"
"2018-09-17","-1.44","27022075","27022075","20200","1321","20200","1321"
"2018-09-14","0.47","1629441960","1629441960","20495","79894","20495","79894"
"2018-09-13","-0.49","505767900","505767900","20400","24676","20400","24676"
"2018-09-12","-0.97","131868150","131868150","20500","6404","20500","6404"
"2018-09-11","-1.41","30645310","30645310","20700","1471","20700","1471"
"2018-09-10","-0.02","16008160","16008160","20995","765","20995","765"
"2018-09-07","-0.47","295558140","295558140","21000","14044","21000","14044"
"2018-09-06","0.48","20559260","20559260","21100","977","21100","977"
"2018-09-05","-1.2","65433305","65433305","21000","3092","21000","3092"
"2018-09-04","0.02","789592575","789592575","21255","37158","21255","37158"
"2018-09-03","-0.21","12037850","12037850","21250","566","21250","566"
"2018-08-31","-0.02","51789100","51789100","21295","2433","21295","2433"
"2018-08-30","0","71863880","71863880","21300","3374","21300","3374"
"2018-08-29","-0.07","194880060","194880060","21300","9156","21300","9156"
"2018-08-28","0.02","114645760","114645760","21315","5382","21315","5382"
"2018-08-27","0.05","16588420","16588420","21310","778","21310","778"
"2018-08-24","0.05","99017025","99017025","21300","4648","21300","4648"
"2018-08-23","-0.07","311499085","311499085","21290","14631","21290","14631"
"2018-08-22","-0.21","416664295","416664295","21305","19553","21305","19553"
"2018-08-20","-0.21","540109230","540109230","21350","25270","21350","25270"
"2018-08-17","0","37466325","37466325","21395","1754","21395","1754"
"2018-08-16","0.07","165313560","165313560","21395","7739","21395","7739"
"2018-08-14","0","71142135","71142135","21380","3330","21380","3330"
"2018-08-13","0","48256745","48256745","21380","2257","21380","2257"
"2018-08-10","-0.02","41534960","41534960","21380","1944","21380","1944"
"2018-08-09","-0.09","18106935","18106935","21385","846","21385","846"
"2018-08-08","0.19","71253550","71253550","21405","3329","21405","3329"
"2018-08-03","0.02","90432540","90432540","21365","4224","21365","4224"
"2018-08-02","0.05","194687620","194687620","21360","9133","21360","9133"
"2018-08-01","-0.7","1046841825","1046841825","21350","49070","21350","49070"
"2018-07-31","0","62785795","62785795","21500","2923","21500","2923"
"2018-07-30","-0.23","348245315","348245315","21500","16149","21500","16149"
"2018-07-27","0","80127455","80127455","21550","3717","21550","3717"
"2018-07-26","0.21","379246160","379246160","21550","17562","21550","17562"
"2018-07-25","-0.44","78816035","78816035","21505","3663","21505","3663"
"2018-07-24","0.42","104108975","104108975","21600","4841","21600","4841"
"2018-07-23","-1.1","458594865","458594865","21510","21154","21510","21154"
"2018-07-20","-0.68","46630020","46630020","21750","2142","21750","2142"
"2018-07-19","-0.9","94485525","94485525","21900","4299","21900","4299"
"2018-07-18","0.48","60495200","60495200","22100","2770","22100","2770"
"2018-07-17","-0.48","211535955","211535955","21995","9629","21995","9629"
"2018-07-16","0.25","146267200","146267200","22100","6627","22100","6627"
"2018-07-13","-0.25","5621330","5621330","22045","255","22045","255"
"2018-07-12","0","65707275","65707275","22100","2977","22100","2977"
"2018-07-11","-0.67","122536340","122536340","22100","5542","22100","5542"
"2018-07-10","-0.22","573011135","573011135","22250","25826","22250","25826"
"2018-07-09","-0.22","47470295","47470295","22300","2136","22300","2136"
"2018-07-06","-0.2","789406615","789406615","22350","35560","22350","35560"
"2018-07-05","-0.02","21151820","21151820","22395","945","22395","945"
"2018-07-04","-0.22","127272250","127272250","22400","5681","22400","5681"
"2018-07-03","0.67","114055260","114055260","22450","5077","22450","5077"
"2018-07-02","0","48246150","48246150","22300","2159","22300","2159"
"2018-06-29","0","2908655","2908655","22300","130","22300","130"
"2018-06-28","-0.45","614447445","614447445","22300","27421","22300","27421"
"2018-06-27","-0.47","12900735","12900735","22400","574","22400","574"
"2018-06-26","0.67","743353525","743353525","22505","33185","22505","33185"
"2018-06-25","-1.74","443835015","443835015","22355","19594","22355","19594"
"2018-06-22","-1.04","48779035","48779035","22750","2153","22750","2153"
"2018-06-21","-0.04","7347610","7347610","22990","321","22990","321"
"2018-06-20","0","21572060","21572060","23000","940","23000","940"
"2018-06-19","0","415168395","415168395","23000","18051","23000","18051"
"2018-06-18","0","32755300","32755300","23000","1423","23000","1423"
"2018-06-15","0","1014277000","1014277000","23000","44099","23000","44099"
"2018-06-13","0","81767860","81767860","23000","3555","23000","3555"
"2018-06-12","0.44","463439215","463439215","23000","20254","23000","20254"
"2018-06-08","0","102649750","102649750","22900","4489","22900","4489"
"2018-06-07","1.33","281878400","281878400","22900","12373","22900","12373"
"2018-06-06","0","45704645","45704645","22600","2022","22600","2022"
"2018-06-05","0.44","106721580","106721580","22600","4723","22600","4723"
"2018-06-04","0.45","468768175","468768175","22500","20834","22500","20834"
"2018-06-01","0.45","89364840","89364840","22400","4004","22400","4004"
"2018-05-31","0.11","34378210","34378210","22300","1541","22300","1541"
"2018-05-30","0.34","93129320","93129320","22275","4189","22275","4189"
"2018-05-29","0","71921315","71921315","22200","3240","22200","3240"
"2018-05-28","-0.43","79720350","79720350","22200","3582","22200","3582"
"2018-05-25","-0.02","131414665","131414665","22295","5900","22295","5900"
"2018-05-24","0.88","77283080","77283080","22300","3466","22300","3466"
"2018-05-23","-1.76","58378525","58378525","22105","2635","22105","2635"
"2018-05-22","-2.17","112688830","112688830","22500","4971","22500","4971"
"2018-05-18","-2.54","313771400","313771400","23000","13694","23000","13694"
"2018-05-17","-1.65","34342100","34342100","23600","1449","23600","1449"
"2018-05-16","1.03","79444810","79444810","23995","3365","23995","3365"
"2018-05-15","0","1076918890","1076918890","23750","44900","23750","44900"
"2018-05-14","0","54588040","54588040","23750","2307","23750","2307"
"2018-05-11","0.64","681419600","681419600","23750","28651","23750","28651"
"2018-05-09","0","42646010","42646010","23600","1807","23600","1807"
"2018-05-08","-1.26","28134080","28134080","23600","1191","23600","1191"
"2018-05-07","0.21","120465355","120465355","23900","5047","23900","5047"
"2018-05-04","1","48459740","48459740","23850","2033","23850","2033"
"2018-05-03","0.49","290943640","290943640","23615","12343","23615","12343"
"2018-05-02","-0.09","284789055","284789055","23500","12115","23500","12115"
"2018-04-30","0","470400","470400","23520","20","23520","20"
"2018-04-27","0.04","14836190","14836190","23520","631","23520","631"
"2018-04-26","0.26","80309500","80309500","23510","3415","23510","3415"
"2018-04-25","0.86","83622625","83622625","23450","3570","23450","3570"
"2018-04-24","-0.64","120154215","120154215","23250","5145","23250","5145"
"2018-04-23","-0.21","141688910","141688910","23400","6055","23400","6055"
"2018-04-20","0.64","23739110","23739110","23450","1015","23450","1015"
"2018-04-19","0.43","4713665","4713665","23300","203","23300","203"
"2018-04-18","-0.04","35589040","35589040","23200","1534","23200","1534"
"2018-04-17","0.04","213277090","213277090","23210","9190","23210","9190"
"2018-04-16","0","29962180","29962180","23200","1302","23200","1302"
"2018-04-13","0","740027660","740027660","23200","31920","23200","31920"
"2018-04-12","-0.43","338756095","338756095","23200","14619","23200","14619"
"2018-04-11","1.26","398101105","398101105","23300","17307","23300","17307"
"2018-04-10","0.04","10793110","10793110","23010","469","23010","469"
"2018-04-09","0.83","44435675","44435675","23000","1932","23000","1932"
"2018-04-06","0.04","26570550","26570550","22810","1164","22810","1164"
"2018-04-05","0","185148570","185148570","22800","8120","22800","8120"
"2018-04-04","0","592748475","592748475","22800","26012","22800","26012"
"2018-04-03","-1.3","38083630","38083630","22800","1655","22800","1655"
"2018-03-30","0.22","45208505","45208505","23100","1960","23100","1960"
"2018-03-29","-1.07","51489390","51489390","23050","2224","23050","2224"
"2018-03-28","-1.46","53483800","53483800","23300","2276","23300","2276"
"2018-03-27","1.92","325986340","325986340","23645","13910","23645","13910"
"2018-03-26","0.87","1435324005","1435324005","23200","61875","23200","61875"
"2018-03-23","0.88","106884705","106884705","23000","4659","23000","4659"
"2018-03-22","0","52180740","52180740","22800","2292","22800","2292"
"2018-03-21","0.44","399414975","399414975","22800","17588","22800","17588"
"2018-03-20","0.44","75681770","75681770","22700","3335","22700","3335"
"2018-03-19","0.42","24679635","24679635","22600","1093","22600","1093"
"2018-03-16","0.02","507754530","507754530","22505","22570","22505","22570"
"2018-03-15","1.81","371961840","371961840","22500","16732","22500","16732"
"2018-03-14","0.41","82555560","82555560","22100","3690","22100","3690"
"2018-03-13","0.07","167998290","167998290","22010","7666","22010","7666"
"2018-03-12","-1.15","422759825","422759825","21995","19206","21995","19206"
"2018-03-09","3.39","19398445","19398445","22250","891","22250","891"
"2018-03-08","-0.39","542720740","542720740","21520","25241","21520","25241"
"2018-03-07","0.49","477224560","477224560","21605","22196","21605","22196"
"2018-03-06","0","739689590","739689590","21500","34403","21500","34403"
"2018-03-05","0","614085900","614085900","21500","28562","21500","28562"
"2018-03-02","0","35218750","35218750","21500","1638","21500","1638"
"2018-03-01","0","65096620","65096620","21500","3028","21500","3028"
"2018-02-28","0","21556655","21556655","21500","1000","21500","1000"
"2018-02-27","-0.9","1054549680","1054549680","21500","48577","21500","48577"
"2018-02-26","-0.02","35309530","35309530","21695","1632","21695","1632"
"2018-02-23","-0.91","48554070","48554070","21700","2218","21700","2218"
"2018-02-22","-0.45","69672710","69672710","21900","3174","21900","3174"
"2018-02-21","-1.12","86694250","86694250","22000","3916","22000","3916"
"2018-02-20","0","78670575","78670575","22250","3529","22250","3529"
"2018-02-19","0","34295475","34295475","22250","1537","22250","1537"
"2018-02-16","-0.67","145150060","145150060","22250","6485","22250","6485"
"2018-02-15","0","22550335","22550335","22400","1005","22400","1005"
"2018-02-14","0.67","1228839045","1228839045","22400","54883","22400","54883"
"2018-02-13","-0.58","27429265","27429265","22250","1230","22250","1230"
"2018-02-12","0.09","32830405","32830405","22380","1468","22380","1468"
"2018-02-09","0","30047670","30047670","22360","1342","22360","1342"
"2018-02-08","-0.18","32599565","32599565","22360","1458","22360","1458"
"2018-02-07","0.67","3750510","3750510","22400","168","22400","168"
"2018-02-06","-0.67","194028190","194028190","22250","8732","22250","8732"
"2018-02-05","-0.88","67723770","67723770","22400","3014","22400","3014"
"2018-02-02","-1.31","8488065","8488065","22600","376","22600","376"
"2018-02-01","1.76","1909882340","1909882340","22900","84880","22900","84880"
"2018-01-31","0","493739290","493739290","22505","21944","22505","21944"
"2018-01-30","0.07","762634765","762634765","22505","33898","22505","33898"
"2018-01-29","-0.02","45734385","45734385","22490","2052","22490","2052"
"2018-01-26","-0.02","14155545","14155545","22495","630","22495","630"
"2018-01-25","0","1463443785","1463443785","22500","65064","22500","65064"
"2018-01-24","0","1449878845","1449878845","22500","64439","22500","64439"
"2018-01-23","0","599197680","599197680","22500","26631","22500","26631"
"2018-01-22","-0.04","61268930","61268930","22500","2723","22500","2723"
"2018-01-19","0.04","77840100","77840100","22510","3462","22510","3462"
"2018-01-18","0","26860930","26860930","22500","1191","22500","1191"
"2018-01-17","0.67","37516000","37516000","22500","1667","22500","1667"
"2018-01-16","-0.67","22928575","22928575","22350","1024","22350","1024"
"2018-01-15","-0.02","13521640","13521640","22500","601","22500","601"
"2018-01-12","0.02","6774520","6774520","22505","301","22505","301"
"2018-01-11","0","2732152315","2732152315","22500","121693","22500","121693"
"2018-01-10","0","128240650","128240650","22500","5649","22500","5649"
"2018-01-09","1.12","554606015","554606015","22500","24805","22500","24805"
"2018-01-08","-0.67","19186245","19186245","22250","860","22250","860"
"2018-01-05","-0.44","21278840","21278840","22400","947","22400","947"
"2018-01-04","-0.88","58431605","58431605","22500","2597","22500","2597"
"2018-01-03","-1.3","4518435","4518435","22700","199","22700","199"
"2018-01-02","-2.13","2410985","2410985","23000","104","23000","104"
"2017-12-29","3.98","634394950","634394950","23500","27835","23500","27835"
"2017-12-28","2.73","19709845","19709845","22600","886","22600","886"
"2017-12-27","0","367453060","367453060","22000","16699","22000","16699"
"2017-12-26","-1.79","1066828640","1066828640","22000","48403","22000","48403"
"2017-12-22","1.82","75956645","75956645","22400","3447","22400","3447"
"2017-12-21","0","33483590","33483590","22000","1522","22000","1522"
"2017-12-20","0","311575900","311575900","22000","14166","22000","14166"
"2017-12-19","0.23","63785580","63785580","22000","2910","22000","2910"
"2017-12-18","-0.23","242299000","242299000","21950","11245","21950","11245"
"2017-12-15","4.41","21435300","21435300","22000","1012","22000","1012"
"2017-12-14","-6.36","95344010","95344010","21070","4443","21070","4443"
"2017-12-13","-0.44","102321490","102321490","22500","4557","22500","4557"
"2017-12-12","0.02","117917300","117917300","22600","5223","22600","5223"
"2017-12-11","-1.33","24326510","24326510","22595","1071","22595","1071"
"2017-12-08","0","594686910","594686910","22900","25968","22900","25968"
"2017-12-07","0","377172860","377172860","22900","16470","22900","16470"
"2017-12-06","0.44","31331200","31331200","22900","1372","22900","1372"
"2017-12-05","0","824097880","824097880","22800","35988","22800","35988"
"2017-12-04","-0.44","765842150","765842150","22800","33448","22800","33448"
"2017-11-30","1.76","740743790","740743790","22900","32356","22900","32356"
"2017-11-29","0.02","59330240","59330240","22505","2626","22505","2626"
"2017-11-28","1.35","430851980","430851980","22500","18778","22500","18778"
"2017-11-27","-0.45","50021810","50021810","22200","2242","22200","2242"
"2017-11-24","-0.89","28516180","28516180","22300","1267","22300","1267"
"2017-11-23","-2.15","8114760","8114760","22500","358","22500","358"
"2017-11-22","4.52","1305556845","1305556845","22995","56832","22995","56832"
"2017-11-21","-0.45","82304570","82304570","22000","3918","22000","3918"
"2017-11-20","-2.64","96548405","96548405","22100","4290","22100","4290"
"2017-11-17","-0.44","26262100","26262100","22700","1152","22700","1152"
"2017-11-16","0","97358115","97358115","22800","4276","22800","4276"
"2017-11-14","-0.44","1202422140","1202422140","22800","52524","22800","52524"
"2017-11-13","0","10131050","10131050","22900","442","22900","442"
"2017-11-10","-0.02","13058935","13058935","22900","570","22900","570"
"2017-11-09","-0.41","610904555","610904555","22905","26561","22905","26561"
"2017-11-08","0","245018750","245018750","23000","10653","23000","10653"
"2017-11-07","0.41","1766808870","1766808870","23000","76818","23000","76818"
"2017-11-06","-0.41","127173840","127173840","22905","5529","22905","5529"
"2017-11-03","0","240534625","240534625","23000","10457","23000","10457"
"2017-11-02","0","113903055","113903055","23000","4955","23000","4955"
"2017-10-31","0.02","182458240","182458240","23000","7961","23000","7961"
"2017-10-30","-0.02","1798030","1798030","22995","79","22995","79"
"2017-10-27","0","182959275","182959275","23000","8263","23000","8263"
"2017-10-26","0.02","30962925","30962925","23000","1350","23000","1350"
"2017-10-25","-0.02","546382180","546382180","22995","24151","22995","24151"
"2017-10-24","-0.43","71309865","71309865","23000","3103","23000","3103"
"2017-10-23","0","119064660","119064660","23100","5160","23100","5160"
"2017-10-20","-0.86","178016885","178016885","23100","7704","23100","7704"
"2017-10-19","0.87","42713390","42713390","23300","1848","23300","1848"
"2017-10-18","-0.86","79585340","79585340","23100","3430","23100","3430"
"2017-10-17","1.26","35924140","35924140","23300","1554","23300","1554"
"2017-10-16","-1.24","220632620","220632620","23010","9482","23010","9482"
"2017-10-13","-0.21","11919725","11919725","23300","511","23300","511"
"2017-10-12","0","1196877340","1196877340","23350","50951","23350","50951"
"2017-10-11","0.21","220118945","220118945","23350","9445","23350","9445"
"2017-10-10","0.43","44143320","44143320","23300","1893","23300","1893"
"2017-10-09","-0.85","13431870","13431870","23200","583","23200","583"
"2017-10-06","1.3","504874150","504874150","23400","21760","23400","21760"
"2017-10-05","0.43","8216800","8216800","23100","357","23100","357"
"2017-10-04","-0.86","533621295","533621295","23000","23012","23000","23012"
"2017-10-03","-0.41","130096200","130096200","23200","5611","23200","5611"
"2017-10-02","-0.66","366643050","366643050","23295","15703","23295","15703"
"2017-09-29","0","326198150","326198150","23450","13987","23450","13987"
"2017-09-28","0.43","597288080","597288080","23450","25728","23450","25728"
"2017-09-27","0.21","321178630","321178630","23350","13788","23350","13788"
"2017-09-26","-0.64","831217150","831217150","23300","35598","23300","35598"
"2017-09-25","0","44741550","44741550","23450","1914","23450","1914"
"2017-09-22","-0.21","111369055","111369055","23450","4766","23450","4766"
"2017-09-21","0.6","188240955","188240955","23500","8048","23500","8048"
"2017-09-20","-0.38","90574990","90574990","23360","3869","23360","3869"
"2017-09-19","0.41","235092120","235092120","23450","10050","23450","10050"
"2017-09-18","-1.25","76370290","76370290","23355","3247","23355","3247"
"2017-09-15","-0.63","807456625","807456625","23650","33866","23650","33866"
"2017-09-14","-0.42","870027085","870027085","23800","36425","23800","36425"
"2017-09-13","0","332623625","332623625","23900","13916","23900","13916"
"2017-09-12","0","199207940","199207940","23900","8309","23900","8309"
"2017-09-11","0.34","100367210","100367210","23900","4193","23900","4193"
"2017-09-08","-0.75","15992300","15992300","23820","668","23820","668"
"2017-09-07","0","511778770","511778770","24000","21326","24000","21326"
"2017-09-06","0","533890340","533890340","24000","22246","24000","22246"
"2017-09-05","0","328340100","328340100","24000","13681","24000","13681"
"2017-09-04","1.27","253266230","253266230","24000","10567","24000","10567"
"2017-08-31","-2.05","510095320","510095320","23700","21253","23700","21253"
"2017-08-30","0.81","8166160","8166160","24195","342","24195","342"
"2017-08-29","1.27","194058700","194058700","24000","8168","24000","8168"
"2017-08-28","0.77","31144290","31144290","23700","1322","23700","1322"
"2017-08-25","-0.34","511580220","511580220","23520","21762","23520","21762"
"2017-08-24","0.34","75901790","75901790","23600","3220","23600","3220"
"2017-08-23","0.02","25549950","25549950","23520","1086","23520","1086"
"2017-08-22","0.04","159280275","159280275","23515","6770","23515","6770"
"2017-08-21","0","207820015","207820015","23505","8830","23505","8830"
"2017-08-18","-1.26","1175608785","1175608785","23505","50004","23505","50004"
"2017-08-17","-0.81","319496750","319496750","23805","13314","23805","13314"
"2017-08-16","-2.04","290545885","290545885","24000","12075","24000","12075"
"2017-08-14","1.66","110750025","110750025","24500","4567","24500","4567"
"2017-08-11","0.42","225733300","225733300","24100","9400","24100","9400"
"2017-08-10","-2.04","65625800","65625800","24000","2734","24000","2734"
"2017-08-09","1.66","200414150","200414150","24500","8282","24500","8282"
"2017-08-08","0","595255660","595255660","24100","24685","24100","24685"
"2017-08-04","0.42","1299980605","1299980605","24100","54200","24100","54200"
"2017-08-03","0","550093605","550093605","24000","23102","24000","23102"
"2017-08-02","0","18954745","18954745","24000","802","24000","802"
"2017-08-01","2.11","608086600","608086600","24000","25845","24000","25845"
"2017-07-31","-1.24","634163925","634163925","23505","26472","23505","26472"
"2017-07-28","0","100715425","100715425","23800","4253","23800","4253"
"2017-07-27","0.83","127071525","127071525","23800","5376","23800","5376"
"2017-07-26","0.02","1932011235","1932011235","23605","78922","23605","78922"
"2017-07-25","0.21","97546400","97546400","23600","4130","23600","4130"
"2017-07-24","-1.88","41750680","41750680","23550","1740","23550","1740"
"2017-07-21","-2.04","8404200","8404200","24000","353","24000","353"
"2017-07-20","2.08","579787600","579787600","24500","23772","24500","23772"
"2017-07-19","1.69","447208260","447208260","24000","18642","24000","18642"
"2017-07-18","0.4","50948875","50948875","23600","2163","23600","2163"
"2017-07-17","-2.06","35285610","35285610","23505","1500","23505","1500"
"2017-07-14","2.08","71096600","71096600","24000","2978","24000","2978"
"2017-07-13","0.02","30422945","30422945","23510","1295","23510","1295"
"2017-07-12","0","60123675","60123675","23505","2558","23505","2558"
"2017-07-11","0.02","397537225","397537225","23505","16633","23505","16633"
"2017-07-10","-2.08","52128000","52128000","23500","2218","23500","2218"
"2017-07-07","0","1942184600","1942184600","24000","80983","24000","80983"
"2017-07-06","0","175503300","175503300","24000","7314","24000","7314"
"2017-07-05","2.11","39122390","39122390","24000","1664","24000","1664"
"2017-07-04","0","134997635","134997635","23505","5712","23505","5712"
"2017-07-03","-2.06","31805855","31805855","23505","1353","23505","1353"
"2017-06-30","3.45","814050495","814050495","24000","33998","24000","33998"
"2017-06-29","-3.33","37144775","37144775","23200","1597","23200","1597"
"2017-06-28","2.56","335211360","335211360","24000","14025","24000","14025"
"2017-06-27","1.25","40100410","40100410","23400","1728","23400","1728"
"2017-06-23","-3.71","12305455","12305455","23110","528","23110","528"
"2017-06-21","0","102029220","102029220","24000","4364","24000","4364"
"2017-06-20","2.13","85577990","85577990","24000","3638","24000","3638"
"2017-06-19","0","3317138820","3317138820","23500","138358","23500","138358"
"2017-06-16","0.19","144447520","144447520","23500","6154","23500","6154"
"2017-06-15","-0.19","1308563280","1308563280","23455","55875","23455","55875"
"2017-06-14","-1.26","318286705","318286705","23500","13518","23500","13518"
"2017-06-13","2.37","244399370","244399370","23800","10407","23800","10407"
"2017-06-12","0.65","36874030","36874030","23250","1591","23250","1591"
"2017-06-09","-4.72","27789125","27789125","23100","1195","23100","1195"
"2017-06-08","-1.04","4130367265","4130367265","24245","172201","24245","172201"
"2017-06-07","4.26","303948715","303948715","24500","13108","24500","13108"
"2017-06-06","1.73","41686870","41686870","23500","1809","23500","1809"
"2017-06-02","-3.75","15493700","15493700","23100","669","23100","669"
"2017-06-01","-2.04","4368600","4368600","24000","183","24000","183"
"2017-05-31","6.99","98888485","98888485","24500","4274","24500","4274"
"2017-05-30","-0.87","1287514950","1287514950","22900","55974","22900","55974"
"2017-05-29","0.43","26224285","26224285","23100","1139","23100","1139"
"2017-05-26","-6.12","602567945","602567945","23000","26198","23000","26198"
"2017-05-24","6.52","1520482625","1520482625","24500","65177","24500","65177"
"2017-05-23","0.88","68648745","68648745","23000","3028","23000","3028"
"2017-05-22","-0.87","932257000","932257000","22800","40537","22800","40537"
"2017-05-19","0","344723000","344723000","23000","14993","23000","14993"
"2017-05-18","-4.17","461099275","461099275","23000","20044","23000","20044"
"2017-05-17","4.35","1508264120","1508264120","24000","65550","24000","65550"
"2017-05-16","2.22","110751300","110751300","23000","4897","23000","4897"
"2017-05-15","-4.26","58149975","58149975","22500","2584","22500","2584"
"2017-05-12","4.44","35514160","35514160","23500","1544","23500","1544"
"2017-05-11","-6.25","33295015","33295015","22500","1465","22500","1465"
"2017-05-10","-0.41","7024700","7024700","24000","292","24000","292"
"2017-05-09","0.42","13394695","13394695","24100","558","24100","558"
"2017-05-08","-0.41","4140319540","4140319540","24000","172506","24000","172506"
"2017-05-05","0.42","11283665","11283665","24100","468","24100","468"
"2017-05-04","-0.04","262584030","262584030","24000","10728","24000","10728"
"2017-05-03","0","8356315","8356315","24010","348","24010","348"
"2017-05-02","0.04","64058730","64058730","24010","2669","24010","2669"
"2017-04-28","-2.04","13374400","13374400","24000","556","24000","556"
"2017-04-27","2.08","422390080","422390080","24500","17597","24500","17597"
"2017-04-26","0","1254720225","1254720225","24000","52280","24000","52280"
"2017-04-25","2.11","621118650","621118650","24000","25844","24000","25844"
"2017-04-24","-0.09","1236900135","1236900135","23505","51542","23505","51542"
"2017-04-21","-1.98","147260895","147260895","23525","6122","23525","6122"
"2017-04-20","-0.83","39375310","39375310","24000","1647","24000","1647"
"2017-04-19","-1.02","61919695","61919695","24200","2533","24200","2533"
"2017-04-18","0.62","41117550","41117550","24450","1710","24450","1710"
"2017-04-14","1.25","1601200","1601200","24300","66","24300","66"
"2017-04-13","0.63","113047770","113047770","24000","4729","24000","4729"
"2017-04-12","-1.08","892763230","892763230","23850","37207","23850","37207"
"2017-04-11","-1.59","8215220","8215220","24110","337","24110","337"
"2017-04-10","0","57522950","57522950","24500","2350","24500","2350"
"2017-04-07","2.06","1557912800","1557912800","24500","63589","24500","63589"
"2017-04-06","-3.21","1637518735","1637518735","24005","66828","24005","66828"
"2017-04-05","0","35809745","35809745","24800","1434","24800","1434"
"2017-04-04","-0.8","19511695","19511695","24800","781","24800","781"
"2017-04-03","0","1035864810","1035864810","25000","41432","25000","41432"
"2017-03-31","0","8670265","8670265","25000","348","25000","348"
"2017-03-30","0","382637990","382637990","25000","15309","25000","15309"
"2017-03-29","3.31","21480425","21480425","25000","874","25000","874"
"2017-03-28","-3.2","28076775","28076775","24200","1143","24200","1143"
"2017-03-27","0","212706885","212706885","25000","8509","25000","8509"
"2017-03-24","0","110200410","110200410","25000","4408","25000","4408"
"2017-03-23","0","22654505","22654505","25000","906","25000","906"
"2017-03-22","0","3184024810","3184024810","25000","126623","25000","126623"
"2017-03-21","0","248618200","248618200","25000","9944","25000","9944"
"2017-03-20","-0.79","33079735","33079735","25000","1325","25000","1325"
"2017-03-17","0.8","264155535","264155535","25200","10566","25200","10566"
"2017-03-16","0","143694815","143694815","25000","5743","25000","5743"
"2017-03-15","0.2","45803595","45803595","25000","1833","25000","1833"
"2017-03-14","0","604495635","604495635","24950","24205","24950","24205"
"2017-03-13","-0.2","7737275","7737275","24950","310","24950","310"
"2017-03-10","-0.02","101497650","101497650","25000","4060","25000","4060"
"2017-03-09","0","42869210","42869210","25005","1715","25005","1715"
"2017-03-08","0.02","735127885","735127885","25005","29402","25005","29402"
"2017-03-07","-0.1","504025665","504025665","25000","20160","25000","20160"
"2017-03-06","-0.4","9285755","9285755","25025","371","25025","371"
"2017-03-03","-0.1","209077825","209077825","25125","8314","25125","8314"
"2017-03-02","0.34","453557220","453557220","25150","18041","25150","18041"
"2017-03-01","-0.36","92121205","92121205","25065","3675","25065","3675"
"2017-02-28","0","1073180310","1073180310","25155","42668","25155","42668"
"2017-02-27","0.12","196981480","196981480","25155","7836","25155","7836"
"2017-02-24","-0.04","35003140","35003140","25125","1393","25125","1393"
"2017-02-23","-0.1","115775965","115775965","25135","4609","25135","4609"
"2017-02-22","0.64","652076700","652076700","25160","25940","25160","25940"
"2017-02-21","-0.99","1814386465","1814386465","25000","72148","25000","72148"
"2017-02-20","0.6","30316275","30316275","25250","1207","25250","1207"
"2017-02-17","0.38","350232885","350232885","25100","13880","25100","13880"
"2017-02-16","0.02","556181850","556181850","25005","22008","25005","22008"
"2017-02-15","0","104907535","104907535","25000","4196","25000","4196"
"2017-02-14","0","24050000","24050000","25000","962","25000","962"
"2017-02-13","0","400936965","400936965","25000","16069","25000","16069"
"2017-02-10","0.4","84572045","84572045","25000","3394","25000","3394"
"2017-02-09","-0.4","23561000","23561000","24900","945","24900","945"
"2017-02-08","0.4","194708805","194708805","25000","7794","25000","7794"
"2017-02-07","1.3","1676277280","1676277280","24900","67345","24900","67345"
"2017-02-06","0.33","57841125","57841125","24580","2354","24580","2354"
"2017-02-03","0","478203980","478203980","24500","19513","24500","19513"
"2017-02-02","1.64","396835750","396835750","24500","16204","24500","16204"
"2017-02-01","-0.08","13838535","13838535","24105","573","24105","573"
"2017-01-31","0.48","831080300","831080300","24125","34302","24125","34302"
"2017-01-30","0","327096210","327096210","24010","13621","24010","13621"
"2017-01-27","0.04","16875240","16875240","24010","703","24010","703"
"2017-01-26","0","93219335","93219335","24000","3884","24000","3884"
"2017-01-25","0","27626300","27626300","24000","1151","24000","1151"
"2017-01-24","-1.23","29382820","29382820","24000","1223","24000","1223"
"2017-01-23","-0.82","1257278070","1257278070","24300","52379","24300","52379"
"2017-01-20","0","142751300","142751300","24500","5828","24500","5828"
"2017-01-19","0.82","275453750","275453750","24500","11221","24500","11221"
"2017-01-18","-0.82","11723550","11723550","24300","481","24300","481"
"2017-01-17","1.24","610075885","610075885","24500","24933","24500","24933"
"2017-01-16","-0.41","17315205","17315205","24200","713","24200","713"
"2017-01-13","-0.8","2337230","2337230","24300","96","24300","96"
"2017-01-12","0","14327840","14327840","24495","587","24495","587"
"2017-01-11","1.85","42062785","42062785","24495","1735","24495","1735"
"2017-01-10","-0.21","14812750","14812750","24050","614","24050","614"
"2017-01-09","0.42","57419300","57419300","24100","2382","24100","2382"
"2017-01-06","-1.23","12981250","12981250","24000","539","24000","539"
"2017-01-05","0.83","572813825","572813825","24300","23579","24300","23579"
"2017-01-04","0","25775665","25775665","24100","1069","24100","1069"
"2017-01-03","-1.61","491798020","491798020","24100","20393","24100","20393"
"2017-01-02","-2.02","57361515","57361515","24495","2390","24495","2390"
"2016-12-30","3.33","151939820","151939820","25000","6160","25000","6160"
"2016-12-29","-2.24","17904750","17904750","24195","745","24195","745"
"2016-12-28","0.2","80407075","80407075","24750","3307","24750","3307"
"2016-12-27","2.92","17926225","17926225","24700","750","24700","750"
"2016-12-23","0.42","91241765","91241765","24000","3834","24000","3834"
"2016-12-22","-3.34","21574200","21574200","23900","928","23900","928"
"2016-12-21","7.5","183046590","183046590","24725","7591","24725","7591"
"2016-12-20","-2.17","49557825","49557825","23000","2137","23000","2137"
"2016-12-19","-2.04","159733645","159733645","23510","6657","23510","6657"
"2016-12-16","-0.95","98681300","98681300","24000","4037","24000","4037"
"2016-12-15","-1.12","21132805","21132805","24230","870","24230","870"
"2016-12-14","0.64","183972470","183972470","24505","7563","24505","7563"
"2016-12-13","1.46","57018100","57018100","24350","2364","24350","2364"
"2016-12-09","-0.02","79659850","79659850","24000","3319","24000","3319"
"2016-12-08","-1.62","584663060","584663060","24005","24360","24005","24360"
"2016-12-07","0.41","125364095","125364095","24400","5204","24400","5204"
"2016-12-06","1.25","1251346725","1251346725","24300","52128","24300","52128"
"2016-12-05","-0.02","1188983240","1188983240","24000","49534","24000","49534"
"2016-12-02","0.02","554367430","554367430","24005","22818","24005","22818"
"2016-12-01","0","84982350","84982350","24000","3542","24000","3542"
"2016-11-30","-0.21","472172600","472172600","24000","19700","24000","19700"
"2016-11-29","-0.62","46856095","46856095","24050","1942","24050","1942"
"2016-11-28","-0.82","49795550","49795550","24200","2053","24200","2053"
"2016-11-25","-0.2","163402200","163402200","24400","6670","24400","6670"
"2016-11-24","-0.61","33478160","33478160","24450","1366","24450","1366"
"2016-11-23","0.39","65460480","65460480","24600","2647","24600","2647"
"2016-11-22","0.02","51651865","51651865","24505","2108","24505","2108"
"2016-11-21","0","1132144890","1132144890","24500","46210","24500","46210"
"2016-11-18","0","1015108710","1015108710","24500","41433","24500","41433"
"2016-11-17","0","914083035","914083035","24500","37311","24500","37311"
"2016-11-16","1.45","386508030","386508030","24500","15975","24500","15975"
"2016-11-14","-3.36","1400501950","1400501950","24150","58350","24150","58350"
"2016-11-11","1.75","188688490","188688490","24990","7675","24990","7675"
"2016-11-10","0.24","234128385","234128385","24560","9533","24560","9533"
"2016-11-09","-1.98","45564630","45564630","24500","1863","24500","1863"
"2016-11-08","5.91","538958485","538958485","24995","22023","24995","22023"
"2016-11-07","1.22","152570145","152570145","23600","6486","23600","6486"
"2016-11-04","0.43","905254795","905254795","23315","38895","23315","38895"
"2016-11-03","0.5","81924570","81924570","23215","3530","23215","3530"
"2016-11-02","0.43","199528125","199528125","23100","8671","23100","8671"
"2016-10-31","-0.02","94555965","94555965","23000","4111","23000","4111"
"2016-10-28","0.02","69267175","69267175","23005","2998","23005","2998"
"2016-10-27","-0.02","59388100","59388100","23000","2582","23000","2582"
"2016-10-26","0.02","935322795","935322795","23005","40664","23005","40664"
"2016-10-25","1.68","2254440535","2254440535","23000","98547","23000","98547"
"2016-10-24","1.16","214007105","214007105","22620","9536","22620","9536"
"2016-10-21","0.72","35509270","35509270","22360","1589","22360","1589"
"2016-10-20","-0.85","23864225","23864225","22200","1077","22200","1077"
"2016-10-19","4.14","30566600","30566600","22390","1367","22390","1367"
"2016-10-18","-4.21","17213620","17213620","21500","818","21500","818"
"2016-10-17","-0.02","55439945","55439945","22445","2466","22445","2466"
"2016-10-14","-0.22","48204985","48204985","22450","2170","22450","2170"
"2016-10-13","-0.44","54459175","54459175","22500","2419","22500","2419"
"2016-10-12","-0.86","145789185","145789185","22600","6398","22600","6398"
"2016-10-11","-0.89","20065285","20065285","22795","880","22795","880"
"2016-10-10","-0.86","589965440","589965440","23000","25653","23000","25653"
"2016-10-07","0.87","200545230","200545230","23200","8727","23200","8727"
"2016-10-06","0.44","116058765","116058765","23000","5069","23000","5069"
"2016-10-05","0.44","93663620","93663620","22900","4099","22900","4099"
"2016-10-04","0.88","59546805","59546805","22800","2629","22800","2629"
"2016-10-03","-0.44","162830880","162830880","22600","7155","22600","7155"
"2016-09-30","-0.44","40372150","40372150","22700","1786","22700","1786"
"2016-09-29","1.33","388999805","388999805","22800","17171","22800","17171"
"2016-09-28","-1.36","32248780","32248780","22500","1424","22500","1424"
"2016-09-27","-0.26","326412510","326412510","22810","14312","22810","14312"
"2016-09-26","-0.13","56751635","56751635","22870","2486","22870","2486"
"2016-09-23","0","30161465","30161465","22900","1322","22900","1322"
"2016-09-22","0.44","64991625","64991625","22900","2839","22900","2839"
"2016-09-21","-0.83","351505155","351505155","22800","15350","22800","15350"
"2016-09-20","0.83","152353315","152353315","22990","6661","22990","6661"
"2016-09-19","-0.87","412296320","412296320","22800","17945","22800","17945"
"2016-09-16","0.11","41703225","41703225","23000","1814","23000","1814"
"2016-09-15","0.33","138770550","138770550","22975","6046","22975","6046"
"2016-09-14","0","46559300","46559300","22900","2033","22900","2033"
"2016-09-13","-0.43","36018225","36018225","22900","1572","22900","1572"
"2016-09-09","0.2","174976110","174976110","23000","7577","23000","7577"
"2016-09-08","-4.35","3076525","3076525","22955","134","22955","134"
"2016-09-07","4.96","68920630","68920630","24000","2944","24000","2944"
"2016-09-06","0.02","71074470","71074470","22865","3105","22865","3105"
"2016-09-05","-0.39","130299855","130299855","22860","5689","22860","5689"
"2016-09-02","0.61","527167485","527167485","22950","23023","22950","23023"
"2016-09-01","0.26","64801745","64801745","22810","2848","22810","2848"
"2016-08-31","0.22","35853900","35853900","22750","1586","22750","1586"
"2016-08-30","-0.87","17080305","17080305","22700","748","22700","748"
"2016-08-29","0.22","82567980","82567980","22900","3608","22900","3608"
"2016-08-26","-0.22","88401190","88401190","22850","3865","22850","3865"
"2016-08-25","0.31","88101330","88101330","22900","3852","22900","3852"
"2016-08-24","-0.09","660073890","660073890","22830","28827","22830","28827"
"2016-08-23","0.09","214238160","214238160","22850","9396","22850","9396"
"2016-08-22","0.09","69010290","69010290","22830","3021","22830","3021"
"2016-08-19","-0.02","41969290","41969290","22810","1840","22810","1840"
"2016-08-18","0.02","71698990","71698990","22815","3139","22815","3139"
"2016-08-17","-0.22","42940665","42940665","22810","1881","22810","1881"
"2016-08-16","-0.17","143153695","143153695","22860","6252","22860","6252"
"2016-08-12","0","19848815","19848815","22900","867","22900","867"
"2016-08-11","0.2","180448865","180448865","22900","7879","22900","7879"
"2016-08-10","-0.04","48821405","48821405","22855","2137","22855","2137"
"2016-08-09","0.29","126058595","126058595","22865","5523","22865","5523"
"2016-08-05","-0.26","62258710","62258710","22800","2729","22800","2729"
"2016-08-04","-0.61","140658030","140658030","22860","6137","22860","6137"
"2016-08-03","0.66","10800735","10800735","23000","471","23000","471"
"2016-08-02","0","39884155","39884155","22850","1746","22850","1746"
"2016-08-01","0.2","437175540","437175540","22850","19171","22850","19171"
"2016-07-29","0.02","21294130","21294130","22805","933","22805","933"
"2016-07-28","0","175422855","175422855","22800","7674","22800","7674"
"2016-07-27","0","286548605","286548605","22800","12567","22800","12567"
"2016-07-26","-0.44","154316460","154316460","22800","6759","22800","6759"
"2016-07-25","-0.43","65586775","65586775","22900","2865","22900","2865"
"2016-07-22","0","80478715","80478715","23000","3508","23000","3508"
"2016-07-21","1.34","132871650","132871650","23000","5872","23000","5872"
"2016-07-20","-0.02","33328800","33328800","22695","1487","22695","1487"
"2016-07-19","3.18","135417435","135417435","22700","6114","22700","6114"
"2016-07-18","-3.3","50025845","50025845","22000","2254","22000","2254"
"2016-07-15","0.15","442455640","442455640","22750","19580","22750","19580"
"2016-07-14","0.46","569814525","569814525","22715","25075","22715","25075"
"2016-07-13","0","976505900","976505900","22610","42976","22610","42976"
"2016-07-12","-1.27","656662175","656662175","22610","29019","22610","29019"
"2016-07-11","1.33","75267400","75267400","22900","3323","22900","3323"
"2016-07-08","-1.74","35624230","35624230","22600","1553","22600","1553"
"2016-07-07","0.88","2274069730","2274069730","23000","98927","23000","98927"
"2016-07-05","-0.22","791801415","791801415","22800","34811","22800","34811"
"2016-07-04","-0.65","1749683775","1749683775","22850","76585","22850","76585"
"2016-07-01","0.44","68887065","68887065","23000","3002","23000","3002"
"2016-06-30","-0.24","325924000","325924000","22900","14271","22900","14271"
"2016-06-29","-0.17","908658360","908658360","22955","39838","22955","39838"
"2016-06-28","-0.02","58318325","58318325","22995","2536","22995","2536"
"2016-06-27","0.02","172397685","172397685","23000","7500","23000","7500"
"2016-06-24","-1.1","1413760925","1413760925","22995","61466","22995","61466"
"2016-06-23","-1.06","170678145","170678145","23250","7333","23250","7333"
"2016-06-22","-0.84","60795140","60795140","23500","2577","23500","2577"
"2016-06-21","-0.84","70221755","70221755","23700","2958","23700","2958"
"2016-06-20","-0.4","253432720","253432720","23900","10599","23900","10599"
"2016-06-17","-0.02","328724185","328724185","23995","13771","23995","13771"
"2016-06-16","0","31615690","31615690","24000","1320","24000","1320"
"2016-06-15","3.9","17305410","17305410","24000","741","24000","741"
"2016-06-14","0.85","31726465","31726465","23100","1378","23100","1378"
"2016-06-13","-0.41","512209780","512209780","22905","22265","22905","22265"
"2016-06-10","0","37322070","37322070","23000","1623","23000","1623"
"2016-06-09","1.72","1053594040","1053594040","23000","45809","23000","45809"
"2016-06-08","-1.7","25179800","25179800","22610","1101","22610","1101"
"2016-06-07","0","202758980","202758980","23000","8835","23000","8835"
"2016-06-06","0","665707555","665707555","23000","28969","23000","28969"
"2016-06-03","0","2191398465","2191398465","23000","95275","23000","95275"
"2016-06-02","-1.71","926557820","926557820","23000","40126","23000","40126"
"2016-06-01","0.95","643033565","643033565","23400","27824","23400","27824"
"2016-05-31","0.35","298726965","298726965","23180","12910","23180","12910"
"2016-05-30","-1.68","15480025","15480025","23100","667","23100","667"
"2016-05-27","-0.02","15696660","15696660","23495","677","23495","677"
"2016-05-26","2.17","1209472500","1209472500","23500","52585","23500","52585"
"2016-05-25","-3.77","2314523630","2314523630","23000","100395","23000","100395"
"2016-05-24","0.46","173223055","173223055","23900","7276","23900","7276"
"2016-05-23","-0.48","89076405","89076405","23790","3726","23790","3726"
"2016-05-20","-0.4","386196170","386196170","23905","16092","23905","16092"
"2016-05-19","0","52045065","52045065","24000","2169","24000","2169"
"2016-05-18","0.42","186399990","186399990","24000","7777","24000","7777"
"2016-05-17","0","210687205","210687205","23900","8794","23900","8794"
"2016-05-13","0.42","176341310","176341310","23900","7402","23900","7402"
"2016-05-12","0.42","476355580","476355580","23800","20016","23800","20016"
"2016-05-11","0","127550680","127550680","23700","5397","23700","5397"
"2016-05-10","0.42","353344675","353344675","23700","14855","23700","14855"
"2016-05-09","-1.69","321150405","321150405","23600","13406","23600","13406"
"2016-05-06","-6.6","146831170","146831170","24005","6040","24005","6040"
"2016-05-04","0","31603080","31603080","25700","1230","25700","1230"
"2016-05-03","-0.37","584618070","584618070","25700","23207","25700","23207"
"2016-04-29","-0.02","206485150","206485150","25795","8009","25795","8009"
"2016-04-28","0.57","90856890","90856890","25800","3523","25800","3523"
"2016-04-27","-0.56","953531310","953531310","25655","36969","25655","36969"
"2016-04-26","0","428486440","428486440","25800","16588","25800","16588"
"2016-04-25","-0.77","204620540","204620540","25800","7935","25800","7935"
"2016-04-22","1.36","450621570","450621570","26000","17567","26000","17567"
"2016-04-21","1.38","321545580","321545580","25650","12615","25650","12615"
"2016-04-20","0.38","295452590","295452590","25300","11661","25300","11661"
"2016-04-19","-0.41","136910335","136910335","25205","5432","25205","5432"
"2016-04-18","-0.35","174232680","174232680","25310","6890","25310","6890"
"2016-04-15","0.79","73886830","73886830","25400","2925","25400","2925"
"2016-04-14","0.8","71092425","71092425","25200","2842","25200","2842"
"2016-04-13","0","423649460","423649460","25000","16946","25000","16946"
"2016-04-12","0.02","229173255","229173255","25000","9168","25000","9168"
"2016-04-11","-0.1","175020725","175020725","24995","7003","24995","7003"
"2016-04-08","1.3","60496430","60496430","25020","2437","25020","2437"
"2016-04-07","0.1","158560775","158560775","24700","6420","24700","6420"
"2016-04-06","0.3","122718970","122718970","24675","4987","24675","4987"
"2016-04-05","-0.4","469081540","469081540","24600","19013","24600","19013"
"2016-04-04","0","102670315","102670315","24700","4156","24700","4156"
"2016-04-01","0.82","598487480","598487480","24700","24421","24700","24421"
"2016-03-31","-1.61","479010345","479010345","24500","19532","24500","19532"
"2016-03-30","-0.4","572256905","572256905","24900","23329","24900","23329"
"2016-03-29","0","121005805","121005805","25000","4858","25000","4858"
"2016-03-25","0.2","33499835","33499835","25000","1341","25000","1341"
"2016-03-24","-0.2","132282295","132282295","24950","5295","24950","5295"
"2016-03-23","1.21","180591260","180591260","25000","7235","25000","7235"
"2016-03-22","0.82","71342075","71342075","24700","2911","24700","2911"
"2016-03-21","3.79","398176750","398176750","24500","16642","24500","16642"
"2016-03-18","-1.65","476278575","476278575","23605","19987","23605","19987"
"2016-03-17","1.69","126722760","126722760","24000","5353","24000","5353"
"2016-03-16","0.36","717836090","717836090","23600","30488","23600","30488"
"2016-03-15","-1.61","152498000","152498000","23515","6419","23515","6419"
"2016-03-14","-0.42","362796125","362796125","23900","15181","23900","15181"
"2016-03-11","-1.62","682946695","682946695","24000","28430","24000","28430"
"2016-03-10","-0.83","526877590","526877590","24395","21550","24395","21550"
"2016-03-09","-0.4","301210080","301210080","24600","12247","24600","12247"
"2016-03-08","0","414427290","414427290","24700","16813","24700","16813"
"2016-03-07","0.35","286294655","286294655","24700","11580","24700","11580"
"2016-03-04","-0.95","20133770","20133770","24615","817","24615","817"
"2016-03-03","1.43","255105815","255105815","24850","10320","24850","10320"
"2016-03-02","-2","866363605","866363605","24500","35041","24500","35041"
"2016-03-01","0.81","204657065","204657065","25000","8186","25000","8186"
"2016-02-29","-2.75","816450365","816450365","24800","32637","24800","32637"
"2016-02-26","-1.16","370770000","370770000","25500","14540","25500","14540"
"2016-02-25","0.94","773914710","773914710","25800","30405","25800","30405"
"2016-02-24","-1.14","78483620","78483620","25560","3049","25560","3049"
"2016-02-23","2.19","167686555","167686555","25855","6546","25855","6546"
"2016-02-22","1.2","161716500","161716500","25300","6427","25300","6427"
"2016-02-19","-1.96","835524465","835524465","25000","33366","25000","33366"
"2016-02-18","2","41359475","41359475","25500","1634","25500","1634"
"2016-02-17","4.17","152368575","152368575","25000","6136","25000","6136"
"2016-02-16","1.91","218951340","218951340","24000","9209","24000","9209"
"2016-02-15","0.21","935091085","935091085","23550","39780","23550","39780"
"2016-02-12","-0.21","839939455","839939455","23500","35741","23500","35741"
"2016-02-11","0","18528850","18528850","23550","787","23550","787"
"2016-02-10","-0.21","295039760","295039760","23550","12526","23550","12526"
"2016-02-09","0","379110465","379110465","23600","16109","23600","16109"
"2016-02-08","-0.86","241612100","241612100","23600","10241","23600","10241"
"2016-02-05","-0.61","157633095","157633095","23805","6599","23805","6599"
"2016-02-04","0.63","577494360","577494360","23950","24076","23950","24076"
"2016-02-03","1.28","1123452950","1123452950","23800","47321","23800","47321"
"2016-02-02","0","1362349425","1362349425","23500","58448","23500","58448"
"2016-02-01","-0.82","480795385","480795385","23500","20420","23500","20420"
"2016-01-29","-0.86","132015945","132015945","23695","5563","23695","5563"
"2016-01-28","-0.4","212443635","212443635","23900","8887","23900","8887"
"2016-01-27","0","143394230","143394230","23995","5975","23995","5975"
"2016-01-26","1.01","509185705","509185705","23995","21217","23995","21217"
"2016-01-25","-1.84","594050405","594050405","23755","24630","23755","24630"
"2016-01-22","0.83","164191115","164191115","24200","6793","24200","6793"
"2016-01-21","-1.23","456480245","456480245","24000","18951","24000","18951"
"2016-01-20","-1.62","328116075","328116075","24300","13431","24300","13431"
"2016-01-19","-0.58","42890775","42890775","24700","1732","24700","1732"
"2016-01-18","-0.02","295461005","295461005","24845","11899","24845","11899"
"2016-01-15","-0.2","1534751345","1534751345","24850","61647","24850","61647"
"2016-01-14","-0.8","868314200","868314200","24900","34733","24900","34733"
"2016-01-13","-0.4","167106405","167106405","25100","6638","25100","6638"
"2016-01-12","0.4","26299635","26299635","25200","1044","25200","1044"
"2016-01-11","0.4","61676800","61676800","25100","2462","25100","2462"
"2016-01-08","-1.77","1724224745","1724224745","25000","68927","25000","68927"
"2016-01-07","0.2","791833825","791833825","25450","31068","25450","31068"
"2016-01-06","-0.78","1504991190","1504991190","25400","59021","25400","59021"
"2016-01-05","0","77892740","77892740","25600","3056","25600","3056"
"2016-01-04","2.4","14693700","14693700","25600","577","25600","577"
"2015-12-31","-3.85","488277380","488277380","25000","19422","25000","19422"
"2015-12-30","3.59","83227995","83227995","26000","3237","26000","3237"
"2015-12-29","-1.57","1596703315","1596703315","25100","63745","25100","63745"
"2015-12-28","2","552443210","552443210","25500","22091","25500","22091"
"2015-12-23","-1.57","1104601545","1104601545","25000","44184","25000","44184"
"2015-12-22","-1.55","35542525","35542525","25400","1404","25400","1404"
"2015-12-21","2.79","938553320","938553320","25800","37532","25800","37532"
"2015-12-18","-1.57","311733850","311733850","25100","12442","25100","12442"
"2015-12-17","-1.16","125227745","125227745","25500","4867","25500","4867"
"2015-12-16","0","52699625","52699625","25800","2042","25800","2042"
"2015-12-15","-0.77","109644520","109644520","25800","4223","25800","4223"
"2015-12-14","-0.36","97237115","97237115","26000","3736","26000","3736"
"2015-12-11","-0.02","274278245","274278245","26095","10511","26095","10511"
"2015-12-10","-0.76","584102685","584102685","26100","22219","26100","22219"
"2015-12-09","-1.31","297923410","297923410","26300","11286","26300","11286"
"2015-12-08","0.57","526710410","526710410","26650","19763","26650","19763"
"2015-12-07","-0.38","668024775","668024775","26500","25084","26500","25084"
"2015-12-04","0","299431050","299431050","26600","11117","26600","11117"
"2015-12-03","0.78","256689150","256689150","26600","9668","26600","9668"
"2015-12-02","-0.58","272369185","272369185","26395","10279","26395","10279"
"2015-12-01","0.19","138965700","138965700","26550","5239","26550","5239"
"2015-11-30","0","4409276290","4409276290","26500","164572","26500","164572"
"2015-11-27","0","458970520","458970520","26500","17298","26500","17298"
"2015-11-26","-0.38","55448055","55448055","26500","2092","26500","2092"
"2015-11-25","0.38","255255035","255255035","26600","9619","26600","9619"
"2015-11-24","-1.85","1834668250","1834668250","26500","69213","26500","69213"
"2015-11-23","-3.57","22478800","22478800","27000","832","27000","832"
"2015-11-20","6.87","1148079240","1148079240","28000","43692","28000","43692"
"2015-11-19","0.19","51882960","51882960","26200","1983","26200","1983"
"2015-11-18","-0.02","36543200","36543200","26150","1397","26150","1397"
"2015-11-17","0","31799615","31799615","26155","1216","26155","1216"
"2015-11-16","0.02","13969990","13969990","26155","534","26155","534"
"2015-11-13","0","240451720","240451720","26150","9191","26150","9191"
"2015-11-12","-0.19","648582925","648582925","26150","24772","26150","24772"
"2015-11-11","0.27","348804575","348804575","26200","13321","26200","13321"
"2015-11-10","0.08","97053695","97053695","26130","3717","26130","3717"
"2015-11-09","0.04","24616225","24616225","26110","943","26110","943"
"2015-11-06","0.38","457490140","457490140","26100","17497","26100","17497"
"2015-11-05","-0.19","409415550","409415550","26000","15746","26000","15746"
"2015-11-04","0.19","35062490","35062490","26050","1347","26050","1347"
"2015-11-03","0","408802955","408802955","26000","15636","26000","15636"
"2015-11-02","-0.04","439661840","439661840","26000","16821","26000","16821"
"2015-10-30","-0.36","537446820","537446820","26010","20553","26010","20553"
"2015-10-29","-0.17","89776000","89776000","26105","3416","26105","3416"
"2015-10-28","0.54","690245960","690245960","26150","26166","26150","26166"
"2015-10-27","-0.34","474066845","474066845","26010","18221","26010","18221"
"2015-10-26","0.35","42413815","42413815","26100","1625","26100","1625"
"2015-10-23","-1.85","201675400","201675400","26010","7652","26010","7652"
"2015-10-22","0.95","193048060","193048060","26500","7292","26500","7292"
"2015-10-21","0.38","123280700","123280700","26250","4714","26250","4714"
"2015-10-20","-0.57","296143975","296143975","26150","11227","26150","11227"
"2015-10-19","-0.06","377274750","377274750","26300","14426","26300","14426"
"2015-10-16","-0.32","862066105","862066105","26315","32657","26315","32657"
"2015-10-15","1.54","674505630","674505630","26400","25568","26400","25568"
"2015-10-14","-0.23","203241910","203241910","26000","7771","26000","7771"
"2015-10-13","0","61009805","61009805","26060","2346","26060","2346"
"2015-10-12","-1.29","284830750","284830750","26060","10933","26060","10933"
"2015-10-09","0.57","37063230","37063230","26400","1416","26400","1416"
"2015-10-08","-0.57","298700525","298700525","26250","11311","26250","11311"
"2015-10-07","0","388499015","388499015","26400","14665","26400","14665"
"2015-10-06","-0.38","33544000","33544000","26400","1270","26400","1270"
"2015-10-05","0.38","107747350","107747350","26500","4070","26500","4070"
"2015-10-02","1.73","65057910","65057910","26400","2512","26400","2512"
"2015-10-01","0.19","410458460","410458460","25950","15801","25950","15801"
"2015-09-30","0.39","69400950","69400950","25900","2681","25900","2681"
"2015-09-29","-0.58","392031915","392031915","25800","15116","25800","15116"
"2015-09-28","0.97","1390944440","1390944440","25950","53617","25950","53617"
"2015-09-25","-1.15","1290621150","1290621150","25700","49604","25700","49604"
"2015-09-23","1.76","142307440","142307440","26000","5541","26000","5541"
"2015-09-22","0","68190245","68190245","25550","2668","25550","2668"
"2015-09-21","0","66708865","66708865","25550","2601","25550","2601"
"2015-09-18","0.59","278251100","278251100","25550","10919","25550","10919"
"2015-09-17","0.95","12557410","12557410","25400","495","25400","495"
"2015-09-16","0.64","808226365","808226365","25160","32326","25160","32326"
"2015-09-15","0.02","532668475","532668475","25000","21307","25000","21307"
"2015-09-14","-0.02","819071795","819071795","24995","32795","24995","32795"
"2015-09-11","0.02","658866175","658866175","25000","26355","25000","26355"
"2015-09-10","-0.02","87723615","87723615","24995","3516","24995","3516"
"2015-09-09","0","677649320","677649320","25000","27109","25000","27109"
"2015-09-08","0.7","395520575","395520575","25000","15917","25000","15917"
"2015-09-07","-0.68","102214955","102214955","24825","4090","24825","4090"
"2015-09-04","0.77","139711290","139711290","24995","5619","24995","5619"
"2015-09-03","-0.78","26433980","26433980","24805","1059","24805","1059"
"2015-09-02","-0.79","1163067735","1163067735","25000","46526","25000","46526"
"2015-09-01","-1.18","907400150","907400150","25200","35844","25200","35844"
"2015-08-31","-0.86","46618470","46618470","25500","1822","25500","1822"
"2015-08-28","0.47","7239395","7239395","25720","282","25720","282"
"2015-08-27","1.59","284641580","284641580","25600","11169","25600","11169"
"2015-08-26","0","449004450","449004450","25200","17642","25200","17642"
"2015-08-25","-1.58","930968540","930968540","25200","35837","25200","35837"
"2015-08-24","-1.52","1472069025","1472069025","25605","56621","25605","56621"
"2015-08-21","-1.89","1561727975","1561727975","26000","59887","26000","59887"
"2015-08-20","-0.02","575475505","575475505","26500","21716","26500","21716"
"2015-08-19","0.02","41006400","41006400","26505","1548","26505","1548"
"2015-08-18","-1.85","1503425300","1503425300","26500","57380","26500","57380"
"2015-08-17","0","352744350","352744350","27000","13076","27000","13076"
"2015-08-14","0","485353200","485353200","27000","17976","27000","17976"
"2015-08-13","0","971695200","971695200","27000","35986","27000","35986"
"2015-08-12","-1.46","57661805","57661805","27000","2107","27000","2107"
"2015-08-11","-0.36","43079545","43079545","27400","1574","27400","1574"
"2015-08-10","0.73","101564825","101564825","27500","3716","27500","3716"
"2015-08-06","-1.09","378526370","378526370","27300","13864","27300","13864"
"2015-08-05","-0.02","64865740","64865740","27600","2360","27600","2360"
"2015-08-04","0.02","610726345","610726345","27605","21933","27605","21933"
"2015-08-03","-1.43","34264125","34264125","27600","1240","27600","1240"
"2015-07-31","0","374858620","374858620","28000","13392","28000","13392"
"2015-07-30","0","736884800","736884800","28000","26830","28000","26830"
"2015-07-29","-0.88","633722655","633722655","28000","22592","28000","22592"
"2015-07-28","-1.94","2439006740","2439006740","28250","86139","28250","86139"
"2015-07-27","7.5","760606180","760606180","28810","28238","28810","28238"
"2015-07-24","5.1","368127210","368127210","26800","13954","26800","13954"
"2015-07-23","1.59","105876400","105876400","25500","4160","25500","4160"
"2015-07-22","0.4","113131710","113131710","25100","4505","25100","4505"
"2015-07-21","0","422074610","422074610","25000","16881","25000","16881"
"2015-07-20","-0.02","62991000","62991000","25000","2520","25000","2520"
"2015-07-16","2.04","1615604500","1615604500","25005","64655","25005","64655"
"2015-07-15","0.6","785422265","785422265","24505","32069","24505","32069"
"2015-07-13","0.25","20429675","20429675","24360","838","24360","838"
"2015-07-10","-2","211242580","211242580","24300","8687","24300","8687"
"2015-07-09","1.97","191202875","191202875","24795","7847","24795","7847"
"2015-07-08","-1.96","164441305","164441305","24315","6638","24315","6638"
"2015-07-07","2.06","151176700","151176700","24800","6109","24800","6109"
"2015-07-06","1.46","607181420","607181420","24300","25296","24300","25296"
"2015-07-03","-0.21","86145670","86145670","23950","3597","23950","3597"
"2015-07-02","0","445902235","445902235","24000","18586","24000","18586"
"2015-07-01","0","82300475","82300475","24000","3444","24000","3444"
"2015-06-30","0","21504750","21504750","24000","899","24000","899"
"2015-06-29","1.27","125373405","125373405","24000","5289","24000","5289"
"2015-06-26","0","30494735","30494735","23700","1290","23700","1290"
"2015-06-25","0.45","160837830","160837830","23700","6797","23700","6797"
"2015-06-24","1.05","366288100","366288100","23595","15587","23595","15587"
"2015-06-23","-0.64","39569200","39569200","23350","1677","23350","1677"
"2015-06-22","0","170856590","170856590","23500","7271","23500","7271"
"2015-06-19","-1.09","145167515","145167515","23500","6127","23500","6127"
"2015-06-18","0","87486020","87486020","23760","3697","23760","3697"
"2015-06-17","1.11","126849780","126849780","23760","5396","23760","5396"
"2015-06-16","-2.08","81021830","81021830","23500","3429","23500","3429"
"2015-06-15","0","24565225","24565225","24000","1025","24000","1025"
"2015-06-12","-0.02","133533945","133533945","24000","5564","24000","5564"
"2015-06-11","-0.6","36553940","36553940","24005","1520","24005","1520"
"2015-06-10","-0.21","36676435","36676435","24150","1517","24150","1517"
"2015-06-09","0","884346415","884346415","24200","36546","24200","36546"
"2015-06-08","-2.42","60329700","60329700","24200","2481","24200","2481"
"2015-06-05","2.48","110762555","110762555","24800","4518","24800","4518"
"2015-06-04","0","501650275","501650275","24200","20900","24200","20900"
"2015-06-03","0.83","224414250","224414250","24200","9276","24200","9276"
"2015-06-02","1.27","346531715","346531715","24000","14480","24000","14480"
"2015-06-01","0.23","84375895","84375895","23700","3572","23700","3572"
"2015-05-29","0.19","34989850","34989850","23645","1483","23645","1483"
"2015-05-28","0","345123330","345123330","23600","14626","23600","14626"
"2015-05-27","0","146795950","146795950","23600","6220","23600","6220"
"2015-05-26","-0.3","456435135","456435135","23600","19340","23600","19340"
"2015-05-22","0.3","30179455","30179455","23670","1276","23670","1276"
"2015-05-21","-0.21","13843000","13843000","23600","586","23600","586"
"2015-05-20","0.21","40205840","40205840","23650","1705","23650","1705"
"2015-05-19","0","173976245","173976245","23600","7372","23600","7372"
"2015-05-18","0","93052265","93052265","23600","3938","23600","3938"
"2015-05-15","0.4","108614485","108614485","23600","4608","23600","4608"
"2015-05-13","0.02","59208915","59208915","23505","2513","23505","2513"
"2015-05-12","0","425494250","425494250","23500","18106","23500","18106"
"2015-05-11","1.95","174816050","174816050","23500","7472","23500","7472"
"2015-05-08","0.22","77451625","77451625","23050","3362","23050","3362"
"2015-05-07","-3.36","38832595","38832595","23000","1665","23000","1665"
"2015-05-06","3.48","161133485","161133485","23800","6994","23800","6994"
"2015-05-05","-1.29","155778440","155778440","23000","6757","23000","6757"
"2015-05-04","-2.92","9083500","9083500","23300","391","23300","391"
"2015-04-30","-1.23","4080000","4080000","24000","170","24000","170"
"2015-04-29","-0.06","82957400","82957400","24300","3404","24300","3404"
"2015-04-28","-0.76","31893965","31893965","24315","1311","24315","1311"
"2015-04-27","0","243328110","243328110","24500","9932","24500","9932"
"2015-04-24","1.22","1491154155","1491154155","24500","60969","24500","60969"
"2015-04-23","0.85","28467875","28467875","24205","1179","24205","1179"
"2015-04-22","-1.25","391298750","391298750","24000","16249","24000","16249"
"2015-04-21","-0.8","21373460","21373460","24305","875","24305","875"
"2015-04-20","0","6078695","6078695","24500","249","24500","249"
"2015-04-17","0","191422595","191422595","24500","7812","24500","7812"
"2015-04-16","0","122340700","122340700","24500","4995","24500","4995"
"2015-04-15","1.64","1766411850","1766411850","24500","72105","24500","72105"
"2015-04-14","0","33028755","33028755","24105","1351","24105","1351"
"2015-04-13","0.02","23866775","23866775","24105","983","24105","983"
"2015-04-10","0.31","13791295","13791295","24100","572","24100","572"
"2015-04-09","0.1","129155290","129155290","24025","5378","24025","5378"
"2015-04-08","0","7582100","7582100","24000","314","24000","314"
"2015-04-07","0","244768505","244768505","24000","10201","24000","10201"
"2015-04-03","0.04","28552080","28552080","24000","1192","24000","1192"
"2015-04-02","4.06","21493440","21493440","23990","897","23990","897"
"2015-04-01","-4.93","363890015","363890015","23055","15048","23055","15048"
"2015-03-31","-1.42","178565535","178565535","24250","7333","24250","7333"
"2015-03-30","-0.65","42312565","42312565","24600","1711","24600","1711"
"2015-03-27","-0.16","31044995","31044995","24760","1254","24760","1254"
"2015-03-26","-0.8","7854150","7854150","24800","316","24800","316"
"2015-03-25","0.4","128701985","128701985","25000","5155","25000","5155"
"2015-03-24","-0.4","22744945","22744945","24900","910","24900","910"
"2015-03-23","0.02","298113880","298113880","25000","11925","25000","11925"
"2015-03-20","0.38","18283490","18283490","24995","735","24995","735"
"2015-03-19","-0.38","210611820","210611820","24900","8493","24900","8493"
"2015-03-18","0.79","5595475","5595475","24995","226","24995","226"
"2015-03-17","-0.4","430080300","430080300","24800","17276","24800","17276"
"2015-03-16","0","115524030","115524030","24900","4640","24900","4640"
"2015-03-13","0.38","421267490","421267490","24900","16928","24900","16928"
"2015-03-12","0","171418630","171418630","24805","6917","24805","6917"
"2015-03-11","-0.38","232902085","232902085","24805","9380","24805","9380"
"2015-03-10","-0.4","49986500","49986500","24900","2014","24900","2014"
"2015-03-09","0.85","682469655","682469655","25000","27378","25000","27378"
"2015-03-06","-0.04","415246105","415246105","24790","16748","24790","16748"
"2015-03-05","0","30072105","30072105","24800","1212","24800","1212"
"2015-03-04","-0.4","66961975","66961975","24800","2693","24800","2693"
"2015-03-03","0","166626345","166626345","24900","6697","24900","6697"
"2015-03-02","0.4","33126810","33126810","24900","1330","24900","1330"
"2015-02-27","-0.8","27070570","27070570","24800","1087","24800","1087"
"2015-02-26","1.63","1406612230","1406612230","25000","56271","25000","56271"
"2015-02-25","0.41","370023410","370023410","24600","15102","24600","15102"
"2015-02-24","0","367347820","367347820","24500","15001","24500","15001"
"2015-02-23","0","746573300","746573300","24500","30482","24500","30482"
"2015-02-20","2.08","277126190","277126190","24500","11438","24500","11438"
"2015-02-19","0.42","48660580","48660580","24000","2025","24000","2025"
"2015-02-18","0.42","15300650","15300650","23900","642","23900","642"
"2015-02-17","0.21","16686295","16686295","23800","704","23800","704"
"2015-02-16","0","790558120","790558120","23750","33349","23750","33349"
"2015-02-13","-0.13","55277200","55277200","23750","2330","23750","2330"
"2015-02-12","0.34","87484915","87484915","23780","3665","23780","3665"
"2015-02-11","0","79993550","79993550","23700","3384","23700","3384"
"2015-02-10","0.85","26928975","26928975","23700","1141","23700","1141"
"2015-02-06","0","7018300","7018300","23500","299","23500","299"
"2015-02-05","-2.06","7641910","7641910","23500","325","23500","325"
"2015-02-04","4.3","64771060","64771060","23995","2739","23995","2739"
"2015-02-03","0.02","275432385","275432385","23005","11954","23005","11954"
"2015-02-02","-0.86","123692750","123692750","23000","5380","23000","5380"
"2015-01-30","1.31","66189320","66189320","23200","2861","23200","2861"
"2015-01-29","-4.56","242211925","242211925","22900","10574","22900","10574"
"2015-01-28","5.24","53500025","53500025","23995","2299","23995","2299"
"2015-01-27","0.44","30764190","30764190","22800","1351","22800","1351"
"2015-01-26","0","150488090","150488090","22700","6629","22700","6629"
"2015-01-23","0","20964615","20964615","22700","923","22700","923"
"2015-01-22","0.44","39407000","39407000","22700","1740","22700","1740"
"2015-01-21","-0.66","306448435","306448435","22600","13555","22600","13555"
"2015-01-20","-0.22","17359400","17359400","22750","763","22750","763"
"2015-01-19","0.22","40190900","40190900","22800","1767","22800","1767"
"2015-01-16","0.22","51347420","51347420","22750","2299","22750","2299"
"2015-01-15","-0.22","26819070","26819070","22700","1180","22700","1180"
"2015-01-14","-0.22","28727510","28727510","22750","1261","22750","1261"
"2015-01-13","-0.46","425886390","425886390","22800","18605","22800","18605"
"2015-01-12","0","74788515","74788515","22905","3266","22905","3266"
"2015-01-09","0.46","193481335","193481335","22905","8456","22905","8456"
"2015-01-08","0.73","513611005","513611005","22800","22599","22800","22599"
"2015-01-07","-0.24","817615205","817615205","22635","36291","22635","36291"
"2015-01-06","-0.04","25080850","25080850","22690","1107","22690","1107"
"2015-01-05","0.44","94624950","94624950","22700","4186","22700","4186"
"2015-01-02","-0.88","44810350","44810350","22600","1969","22600","1969"
"2014-12-31","0","339567075","339567075","22800","14874","22800","14874"
"2014-12-30","2.24","97775750","97775750","22800","4226","22800","4226"
"2014-12-29","0","440049850","440049850","22300","19728","22300","19728"
"2014-12-26","1.36","58080880","58080880","22300","2608","22300","2608"
"2014-12-24","-0.02","481503950","481503950","22000","21725","22000","21725"
"2014-12-23","0.02","2208403170","2208403170","22005","99508","22005","99508"
"2014-12-22","0","495269190","495269190","22000","22512","22000","22512"
"2014-12-19","-0.07","82990010","82990010","22000","3771","22000","3771"
"2014-12-18","0.07","2222567915","2222567915","22015","100140","22015","100140"
"2014-12-17","0","398128615","398128615","22000","18092","22000","18092"
"2014-12-16","-1.57","422021135","422021135","22000","19144","22000","19144"
"2014-12-15","-0.42","41811385","41811385","22350","1871","22350","1871"
"2014-12-12","0.16","268957980","268957980","22445","12005","22445","12005"
"2014-12-11","0.04","19597850","19597850","22410","873","22410","873"
"2014-12-10","0","36327775","36327775","22400","1625","22400","1625"
"2014-12-09","-0.44","104118780","104118780","22400","4633","22400","4633"
"2014-12-08","-0.44","146548220","146548220","22500","6512","22500","6512"
"2014-12-05","-0.44","391624325","391624325","22600","17253","22600","17253"
"2014-12-04","0.44","5453205","5453205","22700","241","22700","241"
"2014-12-03","-0.88","62067110","62067110","22600","2736","22600","2736"
"2014-12-02","0.84","53987935","53987935","22800","2378","22800","2378"
"2014-12-01","-0.4","37682515","37682515","22610","1655","22610","1655"
"2014-11-28","-0.22","3093085","3093085","22700","136","22700","136"
"2014-11-27","-0.66","23873700","23873700","22750","1044","22750","1044"
"2014-11-26","0","15584320","15584320","22900","683","22900","683"
"2014-11-25","4.09","13784900","13784900","22900","618","22900","618"
"2014-11-24","0","69169145","69169145","22000","3147","22000","3147"
"2014-11-21","1.15","2499910125","2499910125","22000","113715","22000","113715"
"2014-11-20","1.16","6237445","6237445","21750","287","21750","287"
"2014-11-19","0","393324270","393324270","21500","18287","21500","18287"
"2014-11-18","-1.74","1600824715","1600824715","21500","74307","21500","74307"
"2014-11-17","0.02","8205722980","8205722980","21880","381628","21880","381628"
"2014-11-14","7.49","328125","328125","21875","15","21875","15"
"2014-11-13","-7.5","485803900","485803900","20350","23677","20350","23677"
"2014-11-12","0.46","21746600","21746600","22000","992","22000","992"
"2014-11-11","-0.02","114418310","114418310","21900","5223","21900","5223"
"2014-11-10","0.02","201983850","201983850","21905","9197","21905","9197"
"2014-11-07","-0.45","305221600","305221600","21900","13931","21900","13931"
"2014-11-06","0","133809675","133809675","22000","6079","22000","6079"
"2014-11-05","-0.68","294078760","294078760","22000","13364","22000","13364"
"2014-11-04","0","67115315","67115315","22150","3033","22150","3033"
"2014-11-03","0","469786925","469786925","22150","21175","22150","21175"
"2014-10-31","-0.23","19877900","19877900","22150","898","22150","898"
"2014-10-30","0","1121827800","1121827800","22200","50535","22200","50535"
"2014-10-29","-0.22","267180065","267180065","22200","12036","22200","12036"
"2014-10-28","-0.6","685472980","685472980","22250","30931","22250","30931"
"2014-10-27","0.02","238091115","238091115","22385","10636","22385","10636"
"2014-10-24","1.24","513789250","513789250","22380","23030","22380","23030"
"2014-10-23","-0.87","62755510","62755510","22105","2819","22105","2819"
"2014-10-22","0","48987345","48987345","22300","2206","22300","2206"
"2014-10-21","-0.87","157478850","157478850","22300","7030","22300","7030"
"2014-10-20","-0.04","55318425","55318425","22495","2453","22495","2453"
"2014-10-17","-2.15","18258590","18258590","22505","800","22505","800"
"2014-10-16","0","39060455","39060455","23000","1698","23000","1698"
"2014-10-15","-0.86","556430900","556430900","23000","24106","23000","24106"
"2014-10-14","0","290104395","290104395","23200","12502","23200","12502"
"2014-10-13","-0.43","76050975","76050975","23200","3274","23200","3274"
"2014-10-10","0.43","56828100","56828100","23300","2449","23300","2449"
"2014-10-09","0","336861080","336861080","23200","14565","23200","14565"
"2014-10-08","-0.43","19379500","19379500","23200","835","23200","835"
"2014-10-07","-0.85","15881100","15881100","23300","681","23300","681"
"2014-10-06","1.29","614082850","614082850","23500","26128","23500","26128"
"2014-10-03","0.85","15268860","15268860","23200","662","23200","662"
"2014-10-02","0.04","94486585","94486585","23005","4106","23005","4106"
"2014-10-01","-0.04","64050920","64050920","22995","2785","22995","2785"
"2014-09-30","-0.84","58494840","58494840","23005","2526","23005","2526"
"2014-09-29","-1.07","227602415","227602415","23200","9809","23200","9809"
"2014-09-26","0","26637300","26637300","23450","1134","23450","1134"
"2014-09-25","-0.64","241127000","241127000","23450","10244","23450","10244"
"2014-09-24","-0.84","41930420","41930420","23600","1780","23600","1780"
"2014-09-23","0.46","87717575","87717575","23800","3707","23800","3707"
"2014-09-22","0.81","256858745","256858745","23690","10927","23690","10927"
"2014-09-19","2.15","92406000","92406000","23500","3930","23500","3930"
"2014-09-18","-2.93","10956400","10956400","23005","465","23005","465"
"2014-09-17","0","407325095","407325095","23700","17317","23700","17317"
"2014-09-16","-0.42","45212580","45212580","23700","1904","23700","1904"
"2014-09-15","0.21","57669045","57669045","23800","2424","23800","2424"
"2014-09-12","0.64","48391420","48391420","23750","2056","23750","2056"
"2014-09-11","-0.84","148162630","148162630","23600","6229","23600","6229"
"2014-09-10","0","3282315","3282315","23800","138","23800","138"
"2014-09-09","0","23791615","23791615","23800","998","23800","998"
"2014-09-08","-0.63","111056760","111056760","23800","4648","23800","4648"
"2014-09-05","0.63","39323145","39323145","23950","1650","23950","1650"
"2014-09-04","-0.42","129256245","129256245","23800","5392","23800","5392"
"2014-09-03","-0.06","141833970","141833970","23900","5924","23900","5924"
"2014-09-02","0.04","7040130","7040130","23915","294","23915","294"
"2014-09-01","0","118888070","118888070","23905","4960","23905","4960"
"2014-08-29","-0.4","140814655","140814655","23905","5870","23905","5870"
"2014-08-28","0","18232510","18232510","24000","762","24000","762"
"2014-08-27","0","172619955","172619955","24000","7193","24000","7193"
"2014-08-26","0","443914890","443914890","24000","18467","24000","18467"
"2014-08-25","0.02","66467395","66467395","24000","2775","24000","2775"
"2014-08-22","0.82","45316060","45316060","23995","1891","23995","1891"
"2014-08-21","0.42","84658415","84658415","23800","3563","23800","3563"
"2014-08-20","-0.21","139316755","139316755","23700","5861","23700","5861"
"2014-08-19","0","125468510","125468510","23750","5253","23750","5253"
"2014-08-18","-1.04","168833825","168833825","23750","7038","23750","7038"
"2014-08-14","0","138779755","138779755","24000","5782","24000","5782"
"2014-08-13","0","54257105","54257105","24000","2258","24000","2258"
"2014-08-12","0","872832150","872832150","24000","36368","24000","36368"
"2014-08-11","2.13","39172450","39172450","24000","1637","24000","1637"
"2014-08-08","0","14826740","14826740","23500","630","23500","630"
"2014-08-06","0","147585500","147585500","23500","6228","23500","6228"
"2014-08-05","2.17","38434130","38434130","23500","1648","23500","1648"
"2014-08-04","0.88","22319185","22319185","23000","976","23000","976"
"2014-08-01","0.44","82299560","82299560","22800","3623","22800","3623"
"2014-07-31","-0.09","132251325","132251325","22700","5835","22700","5835"
"2014-07-30","0.93","42699700","42699700","22720","1886","22720","1886"
"2014-07-29","-0.18","61947165","61947165","22510","2753","22510","2753"
"2014-07-25","0","37454655","37454655","22550","1664","22550","1664"
"2014-07-23","0.22","131636900","131636900","22550","5847","22550","5847"
"2014-07-22","0","26037115","26037115","22500","1157","22500","1157"
"2014-07-21","0","55855235","55855235","22500","2482","22500","2482"
"2014-07-18","0","1392107665","1392107665","22500","61867","22500","61867"
"2014-07-17","0","269035590","269035590","22500","11957","22500","11957"
"2014-07-16","0","557422545","557422545","22500","24774","22500","24774"
"2014-07-15","-0.44","369015230","369015230","22500","16382","22500","16382"
"2014-07-14","0.44","90747565","90747565","22600","4028","22600","4028"
"2014-07-11","0.47","283308525","283308525","22500","12491","22500","12491"
"2014-07-10","0","283568935","283568935","22395","12661","22395","12661"
"2014-07-09","-0.47","1753436550","1753436550","22395","78075","22395","78075"
"2014-07-08","2.74","648088200","648088200","22500","28982","22500","28982"
"2014-07-07","-0.43","37894410","37894410","21900","1729","21900","1729"
"2014-07-04","1.36","74031255","74031255","21995","3406","21995","3406"
"2014-07-03","-0.91","16780865","16780865","21700","770","21700","770"
"2014-07-02","0","43690700","43690700","21900","1995","21900","1995"
"2014-07-01","-0.43","48125820","48125820","21900","2199","21900","2199"
"2014-06-30","1.36","375992725","375992725","21995","17186","21995","17186"
"2014-06-27","-0.28","398830885","398830885","21700","18344","21700","18344"
"2014-06-26","-0.64","84373385","84373385","21760","3881","21760","3881"
"2014-06-25","0","42382905","42382905","21900","1935","21900","1935"
"2014-06-24","0","50239675","50239675","21900","2301","21900","2301"
"2014-06-23","0","71089125","71089125","21900","3249","21900","3249"
"2014-06-20","0","46547640","46547640","21900","2139","21900","2139"
"2014-06-19","0.92","834932045","834932045","21900","38126","21900","38126"
"2014-06-18","0.25","57448150","57448150","21700","2647","21700","2647"
"2014-06-17","-0.25","15947355","15947355","21645","736","21645","736"
"2014-06-16","0.25","259929130","259929130","21700","11994","21700","11994"
"2014-06-13","0.14","19412945","19412945","21645","896","21645","896"
"2014-06-12","0","20441035","20441035","21615","944","21615","944"
"2014-06-11","0.02","178553000","178553000","21615","8224","21615","8224"
"2014-06-10","-0.05","47096390","47096390","21610","2171","21610","2171"
"2014-06-06","0.09","27016350","27016350","21620","1250","21620","1250"
"2014-06-05","1.17","53556185","53556185","21600","2497","21600","2497"
"2014-06-04","0.14","216345720","216345720","21350","10121","21350","10121"
"2014-06-03","-1.07","39772245","39772245","21320","1855","21320","1855"
"2014-06-02","0.47","24666150","24666150","21550","1145","21550","1145"
"2014-05-30","0.66","19291725","19291725","21450","900","21450","900"
"2014-05-28","0.02","18404540","18404540","21310","864","21310","864"
"2014-05-27","0.02","19640050","19640050","21305","922","21305","922"
"2014-05-26","-0.05","61281295","61281295","21300","2877","21300","2877"
"2014-05-23","0.05","25386220","25386220","21310","1187","21310","1187"
"2014-05-22","0.95","13627030","13627030","21300","642","21300","642"
"2014-05-21","0","61024860","61024860","21100","2901","21100","2901"
"2014-05-20","0","23144465","23144465","21100","1097","21100","1097"
"2014-05-19","0.45","158565255","158565255","21100","7548","21100","7548"
"2014-05-16","0.02","36993240","36993240","21005","1761","21005","1761"
"2014-05-15","0","297864895","297864895","21000","14184","21000","14184"
"2014-05-14","-1.39","1055441410","1055441410","21000","50259","21000","50259"
"2014-05-13","1.4","63009035","63009035","21295","2985","21295","2985"
"2014-05-12","0","1557075225","1557075225","21000","74195","21000","74195"
"2014-05-09","0.48","98564680","98564680","21000","4695","21000","4695"
"2014-05-08","7.15","64808105","64808105","20900","3239","20900","3239"
"2014-05-07","0.54","20398015","20398015","19505","1035","19505","1035"
"2014-05-06","-3.51","15890910","15890910","19400","817","19400","817"
"2014-05-05","-4.26","27116155","27116155","20105","1293","20105","1293"
"2014-05-02","-6.63","17446705","17446705","21000","825","21000","825"
"2014-04-30","-0.04","6607220","6607220","22490","294","22490","294"
"2014-04-29","0","46272180","46272180","22500","2062","22500","2062"
"2014-04-28","0","48213545","48213545","22500","2144","22500","2144"
"2014-04-25","0.9","155056935","155056935","22500","6899","22500","6899"
"2014-04-24","0","36303350","36303350","22300","1628","22300","1628"
"2014-04-23","0","44436975","44436975","22300","1994","22300","1994"
"2014-04-22","0","27989950","27989950","22300","1257","22300","1257"
"2014-04-18","0.45","14761460","14761460","22300","662","22300","662"
"2014-04-17","-0.34","47838770","47838770","22200","2149","22200","2149"
"2014-04-16","0","25973225","25973225","22275","1158","22275","1158"
"2014-04-15","-1","41115935","41115935","22275","1830","22275","1830"
"2014-04-14","0","49581750","49581750","22500","2206","22500","2206"
"2014-04-11","0","296550200","296550200","22500","13179","22500","13179"
"2014-04-10","-1.12","62210230","62210230","22500","2719","22500","2719"
"2014-04-09","-1.07","180237635","180237635","22755","7844","22755","7844"
"2014-04-08","0","423201700","423201700","23000","18401","23000","18401"
"2014-04-07","0","29302015","29302015","23000","1277","23000","1277"
"2014-04-04","0","259350840","259350840","23000","11283","23000","11283"
"2014-04-03","0.44","21091420","21091420","23000","926","23000","926"
"2014-04-02","0.02","112819255","112819255","22900","4926","22900","4926"
"2014-04-01","-0.02","8029220","8029220","22895","355","22895","355"
"2014-03-31","-0.43","32422020","32422020","22900","1437","22900","1437"
"2014-03-28","0","97426780","97426780","23000","4237","23000","4237"
"2014-03-27","0.88","136251700","136251700","23000","5924","23000","5924"
"2014-03-26","-0.87","40130460","40130460","22800","1757","22800","1757"
"2014-03-25","0","222292285","222292285","23000","9710","23000","9710"
"2014-03-24","0","14108235","14108235","23000","616","23000","616"
"2014-03-21","-0.86","48697870","48697870","23000","2120","23000","2120"
"2014-03-20","0.85","8433125","8433125","23200","363","23200","363"
"2014-03-19","-0.02","119824335","119824335","23005","5189","23005","5189"
"2014-03-18","-1.03","359690865","359690865","23010","15472","23010","15472"
"2014-03-17","0","34492570","34492570","23250","1484","23250","1484"
"2014-03-14","5.2","21012305","21012305","23250","913","23250","913"
"2014-03-13","-5.94","8676200","8676200","22100","385","22100","385"
"2014-03-12","-0.02","125896430","125896430","23495","5400","23495","5400"
"2014-03-11","0","112097750","112097750","23500","4773","23500","4773"
"2014-03-10","0","1512636660","1512636660","23500","64372","23500","64372"
"2014-03-07","1.08","372644000","372644000","23500","15864","23500","15864"
"2014-03-06","1.11","185186905","185186905","23250","8051","23250","8051"
"2014-03-05","-0.02","71409065","71409065","22995","3108","22995","3108"
"2014-03-04","-1.5","347953950","347953950","23000","15130","23000","15130"
"2014-03-03","2.41","863396080","863396080","23350","37773","23350","37773"
"2014-02-28","3.64","17517500","17517500","22800","784","22800","784"
"2014-02-27","1.85","97479535","97479535","22000","4521","22000","4521"
"2014-02-26","-2.26","180294400","180294400","21600","8308","21600","8308"
"2014-02-25","-3.91","59958350","59958350","22100","2716","22100","2716"
"2014-02-24","-1.5","13688300","13688300","23000","589","23000","589"
"2014-02-21","0","131209935","131209935","23350","5624","23350","5624"
"2014-02-20","0","21874620","21874620","23350","937","23350","937"
"2014-02-19","1.52","143813695","143813695","23350","6160","23350","6160"
"2014-02-18","-1.69","258059365","258059365","23000","11163","23000","11163"
"2014-02-17","-0.02","51952305","51952305","23395","2236","23395","2236"
"2014-02-14","0","7903400","7903400","23400","338","23400","338"
"2014-02-13","-1.56","142844980","142844980","23400","6079","23400","6079"
"2014-02-12","-0.08","203332160","203332160","23770","8556","23770","8556"
"2014-02-11","1.45","275926365","275926365","23790","11749","23790","11749"
"2014-02-10","-1.47","81595280","81595280","23450","3479","23450","3479"
"2014-02-07","0","282406060","282406060","23800","11874","23800","11874"
"2014-02-06","-0.83","283681775","283681775","23800","11929","23800","11929"
"2014-02-05","1.69","44477200","44477200","24000","1873","24000","1873"
"2014-02-04","-1.26","16045330","16045330","23600","677","23600","677"
"2014-02-03","-0.42","16958665","16958665","23900","708","23900","708"
"2014-01-31","-2.04","1051595775","1051595775","24000","43838","24000","43838"
"2014-01-30","-0.41","124751605","124751605","24500","5072","24500","5072"
"2014-01-29","0","243493575","243493575","24600","9760","24600","9760"
"2014-01-28","3.36","690275775","690275775","24600","28096","24600","28096"
"2014-01-27","1.28","1023123550","1023123550","23800","42982","23800","42982"
"2014-01-24","1.73","580673700","580673700","23500","24939","23500","24939"
"2014-01-23","0","448828855","448828855","23100","19423","23100","19423"
"2014-01-22","0.59","1891472240","1891472240","23100","82364","23100","82364"
"2014-01-21","0","1349921625","1349921625","22965","58782","22965","58782"
"2014-01-20","4.39","1195463335","1195463335","22965","54180","22965","54180"
"2014-01-17","2.33","189253000","189253000","22000","8792","22000","8792"
"2014-01-16","2.36","121392945","121392945","21500","5667","21500","5667"
"2014-01-15","2.46","92694305","92694305","21005","4433","21005","4433"
"2014-01-14","0","17228320","17228320","20500","837","20500","837"
"2014-01-10","0.99","411236345","411236345","20500","20067","20500","20067"
"2014-01-09","-0.98","35004700","35004700","20300","1708","20300","1708"
"2014-01-08","0","28355550","28355550","20500","1383","20500","1383"
"2014-01-07","1.99","84814600","84814600","20500","4186","20500","4186"
"2014-01-06","0","30391460","30391460","20100","1516","20100","1516"
"2014-01-03","0.25","17289250","17289250","20100","864","20100","864"
"2014-01-02","0","108122390","108122390","20050","5405","20050","5405"
"2013-12-31","-0.25","26683515","26683515","20050","1331","20050","1331"
"2013-12-30","0.47","6428580","6428580","20100","320","20100","320"
"2013-12-27","0.28","54299885","54299885","20005","2714","20005","2714"
"2013-12-26","0","103050025","103050025","19950","5153","19950","5153"
"2013-12-24","0.76","69366135","69366135","19950","3477","19950","3477"
"2013-12-23","-0.75","2589667850","2589667850","19800","129777","19800","129777"
"2013-12-20","0.4","118787020","118787020","19950","5971","19950","5971"
"2013-12-19","-0.6","15425345","15425345","19870","776","19870","776"
"2013-12-18","-0.05","135350370","135350370","19990","6805","19990","6805"
"2013-12-17","1.52","79601895","79601895","20000","4009","20000","4009"
"2013-12-16","-0.51","680430395","680430395","19700","34587","19700","34587"
"2013-12-13","0.92","25608420","25608420","19800","1298","19800","1298"
"2013-12-12","-0.91","28587310","28587310","19620","1457","19620","1457"
"2013-12-11","0.76","27436535","27436535","19800","1399","19800","1399"
"2013-12-10","0.26","450423105","450423105","19650","22922","19650","22922"
"2013-12-09","0.26","107364205","107364205","19600","5481","19600","5481"
"2013-12-06","-0.26","26227710","26227710","19550","1344","19550","1344"
"2013-12-05","0","63579000","63579000","19600","3258","19600","3258"
"2013-12-04","0","69030465","69030465","19600","3538","19600","3538"
"2013-12-03","0.51","65497600","65497600","19600","3358","19600","3358"
"2013-12-02","0","98226780","98226780","19500","5037","19500","5037"
"2013-11-29","0","41363725","41363725","19500","2126","19500","2126"
"2013-11-28","1.04","517477240","517477240","19500","26507","19500","26507"
"2013-11-27","-2.03","42571500","42571500","19300","2191","19300","2191"
"2013-11-26","-0.51","634890385","634890385","19700","32225","19700","32225"
"2013-11-25","-0.48","33368240","33368240","19800","1680","19800","1680"
"2013-11-22","2.55","391553600","391553600","19895","20146","19895","20146"
"2013-11-21","0","30766500","30766500","19400","1587","19400","1587"
"2013-11-20","0.52","52334000","52334000","19400","2711","19400","2711"
"2013-11-19","0.63","534786510","534786510","19300","27645","19300","27645"
"2013-11-18","-0.1","172093450","172093450","19180","8979","19180","8979"
"2013-11-14","0.52","616850","616850","19200","32","19200","32"
"2013-11-13","0.53","491904700","491904700","19100","25624","19100","25624"
"2013-11-12","-0.05","32701850","32701850","19000","1717","19000","1717"
"2013-11-11","-2.01","16028185","16028185","19010","837","19010","837"
"2013-11-08","1.57","45666225","45666225","19400","2354","19400","2354"
"2013-11-07","0.53","17409110","17409110","19100","914","19100","914"
"2013-11-06","-2.56","67343950","67343950","19000","3475","19000","3475"
"2013-11-05","3.72","55976205","55976205","19500","2959","19500","2959"
"2013-11-04","0.99","45188765","45188765","18800","2423","18800","2423"
"2013-10-31","0.49","187114620","187114620","18615","10054","18615","10054"
"2013-10-30","0.14","17337670","17337670","18525","936","18525","936"
"2013-10-29","0","76728900","76728900","18500","4131","18500","4131"
"2013-10-28","0","9759580","9759580","18500","527","18500","527"
"2013-10-25","0","2334072135","2334072135","18500","126168","18500","126168"
"2013-10-24","0.79","67071450","67071450","18500","3648","18500","3648"
"2013-10-23","0.58","97397505","97397505","18355","5319","18355","5319"
"2013-10-22","-0.54","16118350","16118350","18250","878","18250","878"
"2013-10-21","0","5507460","5507460","18350","300","18350","300"
"2013-10-18","0.52","442398625","442398625","18350","23898","18350","23898"
"2013-10-17","-0.54","15046525","15046525","18255","819","18255","819"
"2013-10-16","-0.78","10289680","10289680","18355","558","18355","558"
"2013-10-14","0.03","674804960","674804960","18500","36479","18500","36479"
"2013-10-11","0","10597095","10597095","18495","574","18495","574"
"2013-10-10","0.24","40139865","40139865","18495","2175","18495","2175"
"2013-10-09","0","3526960","3526960","18450","192","18450","192"
"2013-10-08","0","208789500","208789500","18450","11290","18450","11290"
"2013-10-07","0","557253775","557253775","18450","30125","18450","30125"
"2013-10-04","1.1","133265650","133265650","18450","7209","18450","7209"
"2013-10-03","-1.35","12758000","12758000","18250","693","18250","693"
"2013-10-02","0","1134910975","1134910975","18500","62159","18500","62159"
"2013-10-01","0","1222121360","1222121360","18500","66067","18500","66067"
"2013-09-30","0","53329400","53329400","18500","2895","18500","2895"
"2013-09-27","0","46561030","46561030","18500","2528","18500","2528"
"2013-09-26","2.21","272403080","272403080","18500","14806","18500","14806"
"2013-09-25","-2.16","33951715","33951715","18100","1885","18100","1885"
"2013-09-24","2.78","1031592520","1031592520","18500","56041","18500","56041"
"2013-09-23","0","10439615","10439615","18000","581","18000","581"
"2013-09-20","-1.1","146264795","146264795","18000","8124","18000","8124"
"2013-09-19","-0.27","16208175","16208175","18200","899","18200","899"
"2013-09-18","1.39","134918905","134918905","18250","7477","18250","7477"
"2013-09-17","-2.7","46844475","46844475","18000","2587","18000","2587"
"2013-09-16","0","13269200","13269200","18500","724","18500","724"
"2013-09-13","0","36778000","36778000","18500","1988","18500","1988"
"2013-09-12","0","32338000","32338000","18500","1748","18500","1748"
"2013-09-11","2.78","23735500","23735500","18500","1283","18500","1283"
"2013-09-10","0","137142000","137142000","18000","7619","18000","7619"
"2013-09-09","0","18144000","18144000","18000","1008","18000","1008"
"2013-09-06","0","27864000","27864000","18000","1548","18000","1548"
"2013-09-05","0","11862000","11862000","18000","659","18000","659"
"2013-09-04","0","257112000","257112000","18000","14284","18000","14284"
"2013-09-03","-0.03","189738000","189738000","18000","10541","18000","10541"
"2013-09-02","0.03","13593775","13593775","18005","755","18005","755"
"2013-08-30","0","98514000","98514000","18000","5473","18000","5473"
"2013-08-29","0","12240000","12240000","18000","680","18000","680"
"2013-08-28","-0.03","84240000","84240000","18000","4680","18000","4680"
"2013-08-27","0.03","45624670","45624670","18005","2534","18005","2534"
"2013-08-26","-2.7","11772000","11772000","18000","654","18000","654"
"2013-08-23","0","34521000","34521000","18500","1866","18500","1866"
"2013-08-22","-0.54","81640500","81640500","18500","4413","18500","4413"
"2013-08-21","-0.05","154175400","154175400","18600","8289","18600","8289"
"2013-08-20","0.05","15409080","15409080","18610","828","18610","828"
"2013-08-19","0.54","76408800","76408800","18600","4108","18600","4108"
"2013-08-16","-0.03","210308000","210308000","18500","11368","18500","11368"
"2013-08-14","0.03","8937915","8937915","18505","483","18505","483"
"2013-08-13","0","696007000","696007000","18500","37622","18500","37622"
"2013-08-12","-0.24","379065000","379065000","18500","20490","18500","20490"
"2013-08-09","-0.03","415797445","415797445","18545","22421","18545","22421"
"2013-08-06","0","279344450","279344450","18550","15059","18550","15059"
"2013-08-05","-0.8","18995200","18995200","18550","1024","18550","1024"
"2013-08-02","-1.06","16586900","16586900","18700","887","18700","887"
"2013-08-01","0","112228200","112228200","18900","5938","18900","5938"
"2013-07-31","0","761008500","761008500","18900","40265","18900","40265"
"2013-07-30","1.04","781666200","781666200","18900","41358","18900","41358"
"2013-07-29","0","28581240","28581240","18705","1528","18705","1528"
"2013-07-26","-1.03","25045995","25045995","18705","1339","18705","1339"
"2013-07-25","0","485994600","485994600","18900","25714","18900","25714"
"2013-07-24","0","536646600","536646600","18900","28394","18900","28394"
"2013-07-23","0","500528700","500528700","18900","26483","18900","26483"
"2013-07-22","0","155622600","155622600","18900","8234","18900","8234"
"2013-07-19","2.16","102532500","102532500","18900","5425","18900","5425"
"2013-07-18","1.65","61327500","61327500","18500","3315","18500","3315"
"2013-07-17","0.97","66885000","66885000","18200","3675","18200","3675"
"2013-07-16","-2.57","15357300","15357300","18025","852","18025","852"
"2013-07-15","-2.63","63066500","63066500","18500","3409","18500","3409"
"2013-07-12","0","31996000","31996000","19000","1684","19000","1684"
"2013-07-11","0","109022000","109022000","19000","5738","19000","5738"
"2013-07-10","5.56","64562000","64562000","19000","3398","19000","3398"
"2013-07-09","-5.26","45180000","45180000","18000","2510","18000","2510"
"2013-07-08","0","239134000","239134000","19000","12586","19000","12586"
"2013-07-05","0","32072000","32072000","19000","1688","19000","1688"
"2013-07-04","0","283917000","283917000","19000","14943","19000","14943"
"2013-07-03","0","15675000","15675000","19000","825","19000","825"
"2013-07-02","0","18088000","18088000","19000","952","19000","952"
"2013-07-01","0","28063000","28063000","19000","1477","19000","1477"
"2013-06-28","0","897161000","897161000","19000","47219","19000","47219"
"2013-06-27","0","5168000","5168000","19000","272","19000","272"
"2013-06-26","0","1800972000","1800972000","19000","94788","19000","94788"
"2013-06-25","0","1177278000","1177278000","19000","61962","19000","61962"
"2013-06-24","0","103151000","103151000","19000","5429","19000","5429"
"2013-06-21","-0.03","181089000","181089000","19000","9531","19000","9531"
"2013-06-20","-1.02","156316125","156316125","19005","8225","19005","8225"
"2013-06-19","1.05","15840000","15840000","19200","825","19200","825"
"2013-06-18","0","75316000","75316000","19000","3964","19000","3964"
"2013-06-17","-0.52","447431000","447431000","19000","23549","19000","23549"
"2013-06-14","-0.52","367025600","367025600","19100","19216","19100","19216"
"2013-06-13","0","134112000","134112000","19200","6985","19200","6985"
"2013-06-12","0.52","111129600","111129600","19200","5788","19200","5788"
"2013-06-11","0.47","323821400","323821400","19100","16954","19100","16954"
"2013-06-10","0.05","79518830","79518830","19010","4183","19010","4183"
"2013-06-07","0","87571000","87571000","19000","4609","19000","4609"
"2013-06-06","0","902899000","902899000","19000","47521","19000","47521"
"2013-06-05","0","95855000","95855000","19000","5045","19000","5045"
"2013-06-04","0","430198000","430198000","19000","22642","19000","22642"
"2013-06-03","0","2837669000","2837669000","19000","149351","19000","149351"
"2013-05-31","0","86811000","86811000","19000","4569","19000","4569"
"2013-05-30","0","179892000","179892000","19000","9468","19000","9468"
"2013-05-29","5.56","868756000","868756000","19000","45724","19000","45724"
"2013-05-28","2.86","131004000","131004000","18000","7278","18000","7278"
"2013-05-27","2.01","52605000","52605000","17500","3006","17500","3006"
"2013-05-24","0.91","20791860","20791860","17155","1212","17155","1212"
"2013-05-23","0","336651000","336651000","17000","19803","17000","19803"
"2013-05-22","0","160956000","160956000","17000","9468","17000","9468"
"2013-05-21","0","33150000","33150000","17000","1950","17000","1950"
"2013-05-17","2.41","1293972000","1293972000","17000","76116","17000","76116"
"2013-05-16","0.61","14923400","14923400","16600","899","16600","899"
"2013-05-15","0","115632000","115632000","16500","7008","16500","7008"
"2013-05-14","0","136323000","136323000","16500","8262","16500","8262"
"2013-05-13","0","424116000","424116000","16500","25704","16500","25704"
"2013-05-10","3.13","69976500","69976500","16500","4241","16500","4241"
"2013-05-08","0","23184000","23184000","16000","1449","16000","1449"
"2013-05-07","0","95264000","95264000","16000","5954","16000","5954"
"2013-05-06","-3.03","20352000","20352000","16000","1272","16000","1272"
"2013-05-03","3.13","37207500","37207500","16500","2255","16500","2255"
"2013-05-02","0.63","14816000","14816000","16000","926","16000","926"
"2013-04-30","0","103747500","103747500","15900","6525","15900","6525"
"2013-04-29","-6.47","22498500","22498500","15900","1415","15900","1415"
"2013-04-26","-1.16","126378000","126378000","17000","7434","17000","7434"
"2013-04-25","-1.71","54627200","54627200","17200","3176","17200","3176"
"2013-04-24","0","1146092500","1146092500","17500","65491","17500","65491"
"2013-04-23","0.49","2394297500","2394297500","17500","136817","17500","136817"
"2013-04-22","7.5","153983430","153983430","17415","8842","17415","8842"
"2013-04-19","0","449452800","449452800","16200","27744","16200","27744"
"2013-04-18","0","424828800","424828800","16200","26224","16200","26224"
"2013-04-17","0","640693800","640693800","16200","39549","16200","39549"
"2013-04-16","0.62","117450000","117450000","16200","7250","16200","7250"
"2013-04-15","0.31","236525100","236525100","16100","14691","16100","14691"
"2013-04-12","0.31","85851450","85851450","16050","5349","16050","5349"
"2013-04-11","0","2170128000","2170128000","16000","135633","16000","135633"
"2013-04-10","-0.31","780992000","780992000","16000","48812","16000","48812"
"2013-04-09","0.31","5521200","5521200","16050","344","16050","344"
"2013-04-08","0","125264000","125264000","16000","7829","16000","7829"
"2013-04-05","0","389520000","389520000","16000","24345","16000","24345"
"2013-04-04","0","45344000","45344000","16000","2834","16000","2834"
"2013-04-03","0","175696000","175696000","16000","10981","16000","10981"
"2013-04-02","0","797168000","797168000","16000","49823","16000","49823"
"2013-03-29","0","89232000","89232000","16000","5577","16000","5577"
"2013-03-28","0","911616000","911616000","16000","56976","16000","56976"
"2013-03-27","0","13632000","13632000","16000","852","16000","852"
"2013-03-26","0","2041568000","2041568000","16000","127598","16000","127598"
"2013-03-25","0","456368000","456368000","16000","28523","16000","28523"
"2013-03-22","0","91632000","91632000","16000","5727","16000","5727"
"2013-03-21","0","882080000","882080000","16000","55130","16000","55130"
"2013-03-20","0","1724448000","1724448000","16000","107778","16000","107778"
"2013-03-19","0","225584000","225584000","16000","14099","16000","14099"
"2013-03-18","0.03","12965152000","12965152000","16000","810322","16000","810322"
"2013-03-15","-0.03","51727830","51727830","15995","3234","15995","3234"
"2013-03-14","0","50096000","50096000","16000","3131","16000","3131"
"2013-03-13","0","115344000","115344000","16000","7209","16000","7209"
"2013-03-12","0","1249600000","1249600000","16000","78100","16000","78100"
"2013-03-11","0","1791648000","1791648000","16000","111978","16000","111978"
"2013-03-08","0","496224000","496224000","16000","31014","16000","31014"
"2013-03-07","0","621040000","621040000","16000","38815","16000","38815"
"2013-03-06","0","388752000","388752000","16000","24297","16000","24297"
"2013-03-05","0","395232000","395232000","16000","24702","16000","24702"
"2013-03-04","-3","1332128000","1332128000","16000","83258","16000","83258"
"2013-03-01","-0.03","14367145","14367145","16495","871","16495","871"
"2013-02-28","3.13","110764500","110764500","16500","6713","16500","6713"
"2013-02-27","-3.03","27088000","27088000","16000","1693","16000","1693"
"2013-02-26","0","136422000","136422000","16500","8268","16500","8268"
"2013-02-25","0","303418500","303418500","16500","18389","16500","18389"
"2013-02-22","1.23","317377500","317377500","16500","19235","16500","19235"
"2013-02-21","-1.18","408657300","408657300","16300","25071","16300","25071"
"2013-02-20","-0.03","392366565","392366565","16495","23787","16495","23787"
"2013-02-19","0","88093500","88093500","16500","5339","16500","5339"
"2013-02-18","0","326469000","326469000","16500","19786","16500","19786"
"2013-02-15","0","110088000","110088000","16500","6672","16500","6672"
"2013-02-14","0","225406500","225406500","16500","13661","16500","13661"
"2013-02-13","0","168069000","168069000","16500","10186","16500","10186"
"2013-02-12","-2.94","61066500","61066500","16500","3701","16500","3701"
"2013-02-11","-0.03","27336000","27336000","17000","1608","17000","1608"
"2013-02-08","0","810237235","810237235","17005","47647","17005","47647"
"2013-02-07","0","471565655","471565655","17005","27731","17005","27731"
"2013-02-06","3.06","12940805","12940805","17005","761","17005","761"
"2013-02-05","2.8","56908500","56908500","16500","3449","16500","3449"
"2013-02-04","0.31","10304100","10304100","16050","642","16050","642"
"2013-02-01","0.06","156480000","156480000","16000","9780","16000","9780"
"2013-01-31","-0.06","51967500","51967500","15990","3250","15990","3250"
"2013-01-30","0","38096000","38096000","16000","2381","16000","2381"
"2013-01-29","0","164512000","164512000","16000","10282","16000","10282"
"2013-01-28","0","96464000","96464000","16000","6029","16000","6029"
"2013-01-25","0.06","302224000","302224000","16000","18889","16000","18889"
"2013-01-23","0","42165630","42165630","15990","2637","15990","2637"
"2013-01-22","-0.03","85242690","85242690","15990","5331","15990","5331"
"2013-01-21","-0.03","23400685","23400685","15995","1463","15995","1463"
"2013-01-18","0","181936000","181936000","16000","11371","16000","11371"
"2013-01-17","3.23","60448000","60448000","16000","3778","16000","3778"
"2013-01-16","0","585357500","585357500","15500","37765","15500","37765"
"2013-01-15","3.33","33495500","33495500","15500","2161","15500","2161"
"2013-01-14","0","38130000","38130000","15000","2542","15000","2542"
"2013-01-11","0","545190000","545190000","15000","36346","15000","36346"
"2013-01-10","1.35","813495000","813495000","15000","54233","15000","54233"
"2013-01-09","0","46472000","46472000","14800","3140","14800","3140"
"2013-01-08","-0.34","192148400","192148400","14800","12983","14800","12983"
"2013-01-07","0.68","47653650","47653650","14850","3209","14850","3209"
"2013-01-04","1.72","1163170250","1163170250","14750","78859","14750","78859"
"2013-01-03","3.57","12528000","12528000","14500","864","14500","864"
"2013-01-02","-3.45","67060000","67060000","14000","4790","14000","4790"
"2012-12-31","-1.69","76719500","76719500","14500","5291","14500","5291"
"2012-12-28","-0.34","1698005250","1698005250","14750","115119","14750","115119"
"2012-12-27","0","89258800","89258800","14800","6031","14800","6031"
"2012-12-26","-1.3","871128000","871128000","14800","58860","14800","58860"
"2012-12-24","0.64","48298895","48298895","14995","3221","14995","3221"
"2012-12-21","0.68","50928200","50928200","14900","3418","14900","3418"
"2012-12-20","-1.33","273430000","273430000","14800","18475","14800","18475"
"2012-12-19","0","50010000","50010000","15000","3334","15000","3334"
"2012-12-18","0","88575000","88575000","15000","5905","15000","5905"
"2012-12-17","0","277440000","277440000","15000","18496","15000","18496"
"2012-12-14","0","487455000","487455000","15000","32497","15000","32497"
"2012-12-13","0","433605000","433605000","15000","28907","15000","28907"
"2012-12-12","0","96810000","96810000","15000","6454","15000","6454"
"2012-12-11","0","58035000","58035000","15000","3869","15000","3869"
"2012-12-10","0","1316970000","1316970000","15000","87798","15000","87798"
"2012-12-07","0","657570000","657570000","15000","43838","15000","43838"
"2012-12-06","0","343020000","343020000","15000","22868","15000","22868"
"2012-12-05","0","1228020000","1228020000","15000","81868","15000","81868"
"2012-12-04","0","220440000","220440000","15000","14696","15000","14696"
"2012-12-03","4.17","201150000","201150000","15000","13410","15000","13410"
"2012-11-30","2.71","123652800","123652800","14400","8587","14400","8587"
"2012-11-29","0.14","70422460","70422460","14020","5023","14020","5023"
"2012-11-28","0","91238000","91238000","14000","6517","14000","6517"
"2012-11-27","0","43190000","43190000","14000","3085","14000","3085"
"2012-11-26","0","82684000","82684000","14000","5906","14000","5906"
"2012-11-23","0","68208000","68208000","14000","4872","14000","4872"
"2012-11-22","0","80640000","80640000","14000","5760","140000","576"
"2012-11-21","0","996800000","996800000","14000","71200","140000","7120"
"2012-11-20","0","811300000","811300000","14000","57950","140000","5795"
"2012-11-19","0","89876790","89876790","14000","6420","139995","642"
"2012-11-16","-2.78","68320000","68320000","14000","4880","140000","488"
"2012-11-14","0","300960000","300960000","14400","20900","144000","2090"
"2012-11-13","7.15","86544000","86544000","14400","6010","144000","601"
"2012-11-12","7.5","38568495","38568495","13439","2870","134385","287"
"2012-11-09","3.31","31502520","31502520","12501","2520","125010","252"
"2012-11-08","-0.08","43076000","43076000","12100","3560","121000","356"
"2012-11-07","0.92","13684300","13684300","12110","1130","121100","113"
"2012-11-06","0","507120000","507120000","12000","42260","120000","4226"
"2012-11-05","0","161160000","161160000","12000","13430","120000","1343"
"2012-11-02","0","1194240000","1194240000","12000","99520","120000","9952"
"2012-10-31","0","38160000","38160000","12000","3180","120000","318"
"2012-10-30","2.56","23400000","23400000","12000","1950","120000","195"
"2012-10-29","0","1220076000","1220076000","11700","104280","117000","10428"
"2012-10-25","0","185913000","185913000","11700","15890","117000","1589"
"2012-10-24","-0.85","359073000","359073000","11700","30690","117000","3069"
"2012-10-23","0","153275505","153275505","11800","12990","117995","1299"
"2012-10-22","0","127794000","127794000","11800","10830","118000","1083"
"2012-10-19","0","98176000","98176000","11800","8320","118000","832"
"2012-10-18","0","61006000","61006000","11800","5170","118000","517"
"2012-10-17","0.85","45076000","45076000","11800","3820","118000","382"
"2012-10-16","0","81783000","81783000","11700","6990","117000","699"
"2012-10-15","0","66924000","66924000","11700","5720","117000","572"
"2012-10-12","0","640692000","640692000","11700","54760","117000","5476"
"2012-10-11","0.95","70317000","70317000","11700","6010","117000","601"
"2012-10-10","-0.94","59338240","59338240","11590","5120","115895","512"
"2012-10-09","1.74","94063980","94063980","11700","8040","116995","804"
"2012-10-08","0","237820000","237820000","11500","20680","115000","2068"
"2012-10-05","0","188830000","188830000","11500","16420","115000","1642"
"2012-10-04","0","1178980000","1178980000","11500","102520","115000","10252"
"2012-10-03","0.57","238625000","238625000","11500","20750","115000","2075"
"2012-10-02","7.49","21040400","21040400","11435","1840","114350","184"
"2012-10-01","-7.5","24679000","24679000","10638","2320","106375","232"
"2012-09-28","0","55315000","55315000","11500","4810","115000","481"
"2012-09-27","0","68080000","68080000","11500","5920","115000","592"
"2012-09-26","0","70380000","70380000","11500","6120","115000","612"
"2012-09-25","0","21850000","21850000","11500","1900","115000","190"
"2012-09-24","0","54510000","54510000","11500","4740","115000","474"
"2012-09-21","0","63250000","63250000","11500","5500","115000","550"
"2012-09-20","0","98785000","98785000","11500","8590","115000","859"
"2012-09-19","0","290030000","290030000","11500","25220","115000","2522"
"2012-09-18","0","236670000","236670000","11500","20580","115000","2058"
"2012-09-17","0","244145000","244145000","11500","21230","115000","2123"
"2012-09-14","0","20585000","20585000","11500","1790","115000","179"
"2012-09-13","0","39905000","39905000","11500","3470","115000","347"
"2012-09-12","0","49565000","49565000","11500","4310","115000","431"
"2012-09-11","0","154905000","154905000","11500","13470","115000","1347"
"2012-09-10","0","191015000","191015000","11500","16610","115000","1661"
"2012-09-07","0","172960000","172960000","11500","15040","115000","1504"
"2012-09-06","0","215165000","215165000","11500","18710","115000","1871"
"2012-09-05","0","490590000","490590000","11500","42660","115000","4266"
"2012-09-04","-0.01","165485000","165485000","11500","14390","115000","1439"
"2012-09-03","0.01","42206835","42206835","11501","3670","115005","367"
"2012-08-31","0","43585000","43585000","11500","3790","115000","379"
"2012-08-30","0","103730000","103730000","11500","9020","115000","902"
"2012-08-29","0","45080000","45080000","11500","3920","115000","392"
"2012-08-28","0","49680000","49680000","11500","4320","115000","432"
"2012-08-27","0","294055000","294055000","11500","25570","115000","2557"
"2012-08-24","0","17825000","17825000","11500","1550","115000","155"
"2012-08-23","0","70150000","70150000","11500","6100","115000","610"
"2012-08-22","0","16215000","16215000","11500","1410","115000","141"
"2012-08-21","0","128455000","128455000","11500","11170","115000","1117"
"2012-08-17","0","48185000","48185000","11500","4190","115000","419"
"2012-08-16","0","68770000","68770000","11500","5980","115000","598"
"2012-08-14","0","86825000","86825000","11500","7550","115000","755"
"2012-08-13","0","155250000","155250000","11500","13500","115000","1350"
"2012-08-10","0.88","7360000","7360000","11500","640","115000","64"
"2012-08-09","0","223782000","223782000","11400","19630","114000","1963"
"2012-08-08","0","346446000","346446000","11400","30390","114000","3039"
"2012-08-03","0.52","88464000","88464000","11400","7760","114000","776"
"2012-08-02","0.35","19959280","19959280","11341","1760","113405","176"
"2012-08-01","0.01","55372450","55372450","11301","4900","113005","490"
"2012-07-31","-0.18","37064000","37064000","11300","3280","113000","328"
"2012-07-30","-0.26","78674000","78674000","11320","6950","113200","695"
"2012-07-27","0.44","11350000","11350000","11350","1000","113500","100"
"2012-07-26","0","254815000","254815000","11300","22550","113000","2255"
"2012-07-25","-0.88","213683000","213683000","11300","18910","113000","1891"
"2012-07-24","-2.56","86982000","86982000","11400","7630","114000","763"
"2012-07-23","2.18","74529000","74529000","11700","6370","117000","637"
"2012-07-20","0.42","343500000","343500000","11450","30000","114500","3000"
"2012-07-19","0.86","7753020","7753020","11402","680","114015","68"
"2012-07-18","0.04","10513650","10513650","11305","930","113050","93"
"2012-07-17","0","614494000","614494000","11300","54380","113000","5438"
"2012-07-16","0","44748000","44748000","11300","3960","113000","396"
"2012-07-13","0","39776000","39776000","11300","3520","113000","352"
"2012-07-12","0","72772000","72772000","11300","6440","113000","644"
"2012-07-11","0","244758000","244758000","11300","21660","113000","2166"
"2012-07-10","-0.88","200688000","200688000","11300","17760","113000","1776"
"2012-07-09","0","27588000","27588000","11400","2420","114000","242"
"2012-07-06","0","12426000","12426000","11400","1090","114000","109"
"2012-07-05","0","8550000","8550000","11400","750","114000","75"
"2012-07-04","0","30324000","30324000","11400","2660","114000","266"
"2012-07-03","0","57114000","57114000","11400","5010","114000","501"
"2012-07-02","0","60420000","60420000","11400","5300","114000","530"
"2012-06-29","0.88","70110000","70110000","11400","6150","114000","615"
"2012-06-28","-0.88","31188000","31188000","11300","2760","113000","276"
"2012-06-27","0","98952000","98952000","11400","8680","114000","868"
"2012-06-26","0","150936000","150936000","11400","13240","114000","1324"
"2012-06-25","0.88","91200000","91200000","11400","8000","114000","800"
"2012-06-22","0","12543000","12543000","11300","1110","113000","111"
"2012-06-21","0","181478000","181478000","11300","16060","113000","1606"
"2012-06-20","0.09","206338000","206338000","11300","18260","113000","1826"
"2012-06-19","-0.09","19193000","19193000","11290","1700","112900","170"
"2012-06-18","0","25990000","25990000","11300","2300","113000","230"
"2012-06-15","-0.44","513924000","513924000","11300","45480","113000","4548"
"2012-06-14","0.44","22019000","22019000","11350","1940","113500","194"
"2012-06-13","-0.44","36725000","36725000","11300","3250","113000","325"
"2012-06-12","-0.43","152998000","152998000","11350","13480","113500","1348"
"2012-06-11","0.88","152176650","152176650","11399","13350","113990","1335"
"2012-06-08","-0.88","99327000","99327000","11300","8790","113000","879"
"2012-06-07","0","54492000","54492000","11400","4780","114000","478"
"2012-06-06","0","33744000","33744000","11400","2960","114000","296"
"2012-06-05","0","117534000","117534000","11400","10310","114000","1031"
"2012-06-04","0.88","34770000","34770000","11400","3050","114000","305"
"2012-06-01","-0.88","115825000","115825000","11300","10250","113000","1025"
"2012-05-31","0","155496000","155496000","11400","13640","114000","1364"
"2012-05-30","0.88","349980000","349980000","11400","30700","114000","3070"
"2012-05-29","0","1618047000","1618047000","11300","143190","113000","14319"
"2012-05-25","0","43392000","43392000","11300","3840","113000","384"
"2012-05-24","0","127012000","127012000","11300","11240","113000","1124"
"2012-05-23","0","85541000","85541000","11300","7570","113000","757"
"2012-05-22","0","98310000","98310000","11300","8700","113000","870"
"2012-05-21","0","100118000","100118000","11300","8860","113000","886"
"2012-05-18","0","46669000","46669000","11300","4130","113000","413"
"2012-05-16","0","453356000","453356000","11300","40120","113000","4012"
"2012-05-15","0","80569000","80569000","11300","7130","113000","713"
"2012-05-14","0","14577000","14577000","11300","1290","113000","129"
"2012-05-11","0","537654000","537654000","11300","47580","113000","4758"
"2012-05-10","0.89","346684000","346684000","11300","30680","113000","3068"
"2012-05-09","0","278531565","278531565","11200","24870","111995","2487"
"2012-05-08","0","131258140","131258140","11200","11720","111995","1172"
"2012-05-07","-0.88","236544000","236544000","11200","21120","112000","2112"
"2012-05-04","7.62","37177000","37177000","11300","3290","113000","329"
"2012-05-02","-16","1050000","1050000","10500","100","105000","10"
"2012-04-27","0","61375000","61375000","12500","4910","125000","491"
"2012-04-26","0","25500000","25500000","12500","2040","125000","204"
"2012-04-25","-0.71","44875000","44875000","12500","3590","125000","359"
"2012-04-24","-0.08","83849400","83849400","12590","6660","125900","666"
"2012-04-23","-0.79","211554000","211554000","12600","16790","126000","1679"
"2012-04-20","0.79","19558000","19558000","12700","1540","127000","154"
"2012-04-19","0","212562000","212562000","12600","16870","126000","1687"
"2012-04-18","0","24696000","24696000","12600","1960","126000","196"
"2012-04-17","0","64008000","64008000","12600","5080","126000","508"
"2012-04-16","0","211302000","211302000","12600","16770","126000","1677"
"2012-04-13","0","39564000","39564000","12600","3140","126000","314"
"2012-04-12","-1.56","53550000","53550000","12600","4250","126000","425"
"2012-04-11","-0.78","27648000","27648000","12800","2160","128000","216"
"2012-04-10","-0.78","32766000","32766000","12900","2540","129000","254"
"2012-04-06","1.57","1430110","1430110","13001","110","130010","11"
"2012-04-05","0","493568000","493568000","12800","38560","128000","3856"
"2012-04-04","0","97024000","97024000","12800","7580","128000","758"
"2012-04-03","-1.54","86528000","86528000","12800","6760","128000","676"
"2012-04-02","2.36","202670000","202670000","13000","15590","130000","1559"
"2012-03-30","0.4","38608000","38608000","12700","3040","127000","304"
"2012-03-29","0","3036000","3036000","12650","240","126500","24"
"2012-03-28","0.39","256668500","256668500","12650","20290","126500","2029"
"2012-03-27","0","42211675","42211675","12601","3350","126005","335"
"2012-03-26","0","160908385","160908385","12601","12770","126005","1277"
"2012-03-23","0","39187555","39187555","12601","3110","126005","311"
"2012-03-22","0","84801365","84801365","12601","6730","126005","673"
"2012-03-21","-0.07","185353355","185353355","12601","14710","126005","1471"
"2012-03-20","0.07","153715900","153715900","12610","12190","126100","1219"
"2012-03-19","0","173004865","173004865","12601","13730","126005","1373"
"2012-03-16","0.05","2268090","2268090","12601","180","126005","18"
"2012-03-15","0.04","42948950","42948950","12595","3410","125950","341"
"2012-03-14","-0.04","89766700","89766700","12590","7130","125900","713"
"2012-03-13","0","31486250","31486250","12595","2500","125945","250"
"2012-03-12","0","21032815","21032815","12595","1670","125945","167"
"2012-03-09","-0.04","43578700","43578700","12595","3460","125950","346"
"2012-03-08","0","467964000","467964000","12600","37140","126000","3714"
"2012-03-07","0","90720000","90720000","12600","7200","126000","720"
"2012-03-06","0","111006000","111006000","12600","8810","126000","881"
"2012-03-05","0","252630000","252630000","12600","20050","126000","2005"
"2012-03-02","0","66150000","66150000","12600","5250","126000","525"
"2012-03-01","0","62118000","62118000","12600","4930","126000","493"
"2012-02-29","0","36162000","36162000","12600","2870","126000","287"
"2012-02-28","0","40950000","40950000","12600","3250","126000","325"
"2012-02-27","0","215208000","215208000","12600","17080","126000","1708"
"2012-02-24","0.79","71190000","71190000","12600","5650","126000","565"
"2012-02-23","0.01","15625625","15625625","12501","1250","125005","125"
"2012-02-22","0","19250000","19250000","12500","1540","125000","154"
"2012-02-21","0","11875000","11875000","12500","950","125000","95"
"2012-02-20","0","26875000","26875000","12500","2150","125000","215"
"2012-02-17","0.81","47750000","47750000","12500","3820","125000","382"
"2012-02-16","0","258664000","258664000","12400","20860","124000","2086"
"2012-02-15","0","93372000","93372000","12400","7530","124000","753"
"2012-02-14","-0.04","20088000","20088000","12400","1620","124000","162"
"2012-02-10","0.04","21956850","21956850","12405","1770","124050","177"
"2012-02-09","0","459916000","459916000","12400","37090","124000","3709"
"2012-02-08","0","35588000","35588000","12400","2870","124000","287"
"2012-02-07","0","49600000","49600000","12400","4000","124000","400"
"2012-02-06","0","29140000","29140000","12400","2350","124000","235"
"2012-02-03","3.33","18724000","18724000","12400","1510","124000","151"
"2012-02-02","0","342360000","342360000","12000","28530","120000","2853"
"2012-02-01","0","17760000","17760000","12000","1480","120000","148"
"2012-01-31","0","59400000","59400000","12000","4950","120000","495"
"2012-01-30","-0.01","206280000","206280000","12000","17190","120000","1719"
"2012-01-27","0.01","14880620","14880620","12001","1240","120005","124"
"2012-01-26","0","70440000","70440000","12000","5870","120000","587"
"2012-01-25","-1.64","188040000","188040000","12000","15670","120000","1567"
"2012-01-24","-0.81","18788000","18788000","12200","1540","122000","154"
"2012-01-23","-0.81","24723000","24723000","12300","2010","123000","201"
"2012-01-20","-0.64","494016000","494016000","12400","39840","124000","3984"
"2012-01-19","-0.08","10608000","10608000","12480","850","124800","85"
"2012-01-18","0.73","625124500","625124500","12490","50050","124900","5005"
"2012-01-17","-0.72","620000000","620000000","12400","50000","124000","5000"
"2012-01-16","-0.08","1623700","1623700","12490","130","124900","13"
"2012-01-13","0","400000000","400000000","12500","32000","125000","3200"
"2012-01-12","0","75000000","75000000","12500","6000","125000","600"
"2012-01-11","0","40875000","40875000","12500","3270","125000","327"
"2012-01-10","0","32250000","32250000","12500","2580","125000","258"
"2012-01-09","0","32375000","32375000","12500","2590","125000","259"
"2012-01-06","4.17","125875000","125875000","12500","10070","125000","1007"
"2012-01-05","0","214920000","214920000","12000","17910","120000","1791"
"2012-01-04","-0.01","258360000","258360000","12000","21530","120000","2153"
"2012-01-03","0.01","202928455","202928455","12001","16910","120005","1691"
"2011-12-30","0.56","5400960000","5400960000","12000","450080","120000","45008"
"2011-12-29","7.5","1566021300","1566021300","11933","131240","119325","13124"
"2011-12-28","0","1747917000","1747917000","11100","157470","111000","15747"
"2011-12-27","-7.5","2222553000","2222553000","11100","200230","111000","20023"
"2011-12-23","0","265200000","265200000","12000","22100","120000","2210"
"2011-12-22","0.84","246589725","246589725","12000","20550","119995","2055"
"2011-12-21","-0.83","6783000","6783000","11900","570","119000","57"
"2011-12-20","0","429840000","429840000","12000","92320","120000","9232"
"2011-12-19","0","300240000","300240000","12000","25020","120000","2502"
"2011-12-16","0","414360000","414360000","12000","34530","120000","3453"
"2011-12-15","0","85320000","85320000","12000","7110","120000","711"
"2011-12-14","0","323640000","323640000","12000","26970","120000","2697"
"2011-12-13","-0.01","268680000","268680000","12000","22390","120000","2239"
"2011-12-12","0.01","17880745","17880745","12001","1490","120005","149"
"2011-12-09","-0.83","316920000","316920000","12000","26410","120000","2641"
"2011-12-08","-1.63","98010000","98010000","12100","8100","121000","810"
"2011-12-07","-1.6","118941000","118941000","12300","9670","123000","967"
"2011-12-06","0","150743970","150743970","12500","12060","124995","1206"
"2011-12-05","-0.32","144750000","144750000","12500","11580","125000","1158"
"2011-12-02","-0.48","100320000","100320000","12540","8000","125400","800"
"2011-12-01","0","215460000","215460000","12600","17100","126000","1710"
"2011-11-30","0","155610000","155610000","12600","12350","126000","1235"
"2011-11-29","-0.79","181314000","181314000","12600","14390","126000","1439"
"2011-11-28","0","129540000","129540000","12700","10200","127000","1020"
"2011-11-25","0","258064000","258064000","12700","20320","127000","2032"
"2011-11-24","0","104267000","104267000","12700","8210","127000","821"
"2011-11-23","0","146304000","146304000","12700","11520","127000","1152"
"2011-11-22","-1.55","128016000","128016000","12700","10080","127000","1008"
"2011-11-21","0","114165000","114165000","12900","8850","129000","885"
"2011-11-18","3.2","161895000","161895000","12900","12550","129000","1255"
"2011-11-17","-3.1","8750000","8750000","12500","700","125000","70"
"2011-11-16","-0.77","77400000","77400000","12900","6000","129000","600"
"2011-11-14","0","123500000","123500000","13000","9500","130000","950"
"2011-11-11","0","67470000","67470000","13000","5190","130000","519"
"2011-11-10","3.17","74100000","74100000","13000","5700","130000","570"
"2011-11-09","0","81900000","81900000","12600","6500","126000","650"
"2011-11-08","0.8","88200000","88200000","12600","7000","126000","700"
"2011-11-04","0.81","112495500","112495500","12500","9000","124995","900"
"2011-11-03","0","88412000","88412000","12400","7130","124000","713"
"2011-11-02","0","66340000","66340000","12400","5350","124000","535"
"2011-10-31","0","62248000","62248000","12400","5020","124000","502"
"2011-10-28","0","83700000","83700000","12400","6750","124000","675"
"2011-10-27","0.81","171616000","171616000","12400","13840","124000","1384"
"2011-10-26","0","24600000","24600000","12300","2000","123000","200"
"2011-10-25","-0.81","207501000","207501000","12300","16870","123000","1687"
"2011-10-24","0","100192000","100192000","12400","8080","124000","808"
"2011-10-21","-0.8","123752000","123752000","12400","9980","124000","998"
"2011-10-20","0","162493500","162493500","12500","13000","124995","1300"
"2011-10-19","0","62750000","62750000","12500","5020","125000","502"
"2011-10-18","1.63","62500000","62500000","12500","5000","125000","500"
"2011-10-17","0","134931000","134931000","12300","10970","123000","1097"
"2011-10-14","-1.6","60270000","60270000","12300","4900","123000","490"
"2011-10-13","0","138000000","138000000","12500","11040","125000","1104"
"2011-10-12","1.63","31500000","31500000","12500","2520","125000","252"
"2011-10-11","-1.6","18819000","18819000","12300","1530","123000","153"
"2011-10-10","0.81","12749490","12749490","12500","1020","124995","102"
"2011-10-07","0","3844000","3844000","12400","310","124000","31"
"2011-10-06","1.64","32240000","32240000","12400","2600","124000","260"
"2011-10-05","0.83","9760000","9760000","12200","800","122000","80"
"2011-10-04","-0.82","92686000","92686000","12100","7660","121000","766"
"2011-10-03","0","20496000","20496000","12200","1680","122000","168"
"2011-09-30","-0.81","429318000","429318000","12200","35190","122000","3519"
"2011-09-29","0","10701000","10701000","12300","870","123000","87"
"2011-09-28","0.74","25215000","25215000","12300","2050","123000","205"
"2011-09-27","0.08","9279600","9279600","12210","760","122100","76"
"2011-09-26","0","24888000","24888000","12200","2040","122000","204"
"2011-09-23","0","282186000","282186000","12200","23130","122000","2313"
"2011-09-22","1.67","585722000","585722000","12200","48010","122000","4801"
"2011-09-21","-2.44","212160000","212160000","12000","17680","120000","1768"
"2011-09-20","-1.6","942549000","942549000","12300","76630","123000","7663"
"2011-09-19","0","313125000","313125000","12500","25050","125000","2505"
"2011-09-16","0","354375000","354375000","12500","28350","125000","2835"
"2011-09-15","0.4","93125000","93125000","12500","7450","125000","745"
"2011-09-14","-0.4","239662500","239662500","12450","19250","124500","1925"
"2011-09-13","2.46","74125000","74125000","12500","5930","125000","593"
"2011-09-12","-2.4","71004000","71004000","12200","5820","122000","582"
"2011-09-09","0","177250000","177250000","12500","14180","125000","1418"
"2011-09-08","4.17","10000000","10000000","12500","800","125000","80"
"2011-09-07","-1.64","1292160000","1292160000","12000","107680","120000","10768"
"2011-09-06","-5.43","1377502000","1377502000","12200","112910","122000","11291"
"2011-09-05","0.78","119067000","119067000","12900","9230","129000","923"
"2011-09-02","-0.78","162304000","162304000","12800","12680","128000","1268"
"2011-09-01","0","25155000","25155000","12900","1950","129000","195"
"2011-08-31","0","58953000","58953000","12900","4570","129000","457"
"2011-08-29","0","15738000","15738000","12900","1220","129000","122"
"2011-08-26","-0.77","509550000","509550000","12900","39500","129000","3950"
"2011-08-25","0","24180000","24180000","13000","1860","130000","186"
"2011-08-24","4","27300000","27300000","13000","2100","130000","210"
"2011-08-23","-3.85","43125000","43125000","12500","3450","125000","345"
"2011-08-22","-2.99","81250000","81250000","13000","6250","130000","625"
"2011-08-19","-0.74","14740000","14740000","13400","1100","134000","110"
"2011-08-18","-3.23","8370000","8370000","13500","620","135000","62"
"2011-08-17","-0.36","110484000","110484000","13950","7920","139500","792"
"2011-08-16","0","109340000","109340000","14000","7810","140000","781"
"2011-08-12","0","84840000","84840000","14000","6060","140000","606"
"2011-08-11","0","5180000","5180000","14000","370","140000","37"
"2011-08-10","0","226931895","226931895","14000","16210","139995","1621"
"2011-08-09","0","102200000","102200000","14000","7300","140000","730"
"2011-08-05","0","19880000","19880000","14000","1420","140000","142"
"2011-08-04","0","3780000","3780000","14000","270","140000","27"
"2011-08-03","0","497700000","497700000","14000","35550","140000","3555"
"2011-08-02","0","5880000","5880000","14000","420","140000","42"
"2011-08-01","-1.41","174020000","174020000","14000","12430","140000","1243"
"2011-07-29","-1.73","2982000","2982000","14200","210","142000","21"
"2011-07-28","-0.34","16906500","16906500","14450","1170","144500","117"
"2011-07-27","0","65392745","65392745","14500","4510","144995","451"
"2011-07-26","0","22474225","22474225","14500","1550","144995","155"
"2011-07-25","0.35","58725000","58725000","14500","4050","145000","405"
"2011-07-22","-0.34","55343500","55343500","14450","3830","144500","383"
"2011-07-21","2.11","65540000","65540000","14500","4520","145000","452"
"2011-07-20","-2.07","56942000","56942000","14200","4010","142000","401"
"2011-07-19","0","12325000","12325000","14500","850","145000","85"
"2011-07-18","0","580000","580000","14500","40","145000","4"
"2011-07-15","0","34365000","34365000","14500","2370","145000","237"
"2011-07-14","0","15950000","15950000","14500","1100","145000","110"
"2011-07-13","0","14500000","14500000","14500","1000","145000","100"
"2011-07-12","3.57","19575000","19575000","14500","1350","145000","135"
"2011-07-11","-3.45","240520000","240520000","14000","17180","140000","1718"
"2011-07-08","0","21750000","21750000","14500","1500","145000","150"
"2011-07-07","0","57565000","57565000","14500","3970","145000","397"
"2011-07-06","0","7250000","7250000","14500","500","145000","50"
"2011-07-05","0","27260000","27260000","14500","1880","145000","188"
"2011-07-04","0","37990000","37990000","14500","2620","145000","262"
"2011-07-01","0","63945000","63945000","14500","4410","145000","441"
"2011-06-30","6.24","68150000","68150000","14500","4700","145000","470"
"2011-06-29","-2.51","37259040","37259040","13648","2730","136480","273"
"2011-06-28","-3.45","94500000","94500000","14000","6750","140000","675"
"2011-06-27","3.57","30740000","30740000","14500","2120","145000","212"
"2011-06-24","0","22120000","22120000","14000","1580","140000","158"
"2011-06-23","0.72","139020000","139020000","14000","9930","140000","993"
"2011-06-22","-0.71","5143000","5143000","13900","370","139000","37"
"2011-06-21","-6.04","1400000000","1400000000","14000","100000","140000","10000"
"2011-06-20","0","43508000","43508000","14900","2920","149000","292"
"2011-06-17","0","59600000","59600000","14900","4000","149000","400"
"2011-06-16","0","47829000","47829000","14900","3210","149000","321"
"2011-06-15","0","32631000","32631000","14900","2190","149000","219"
"2011-06-14","-0.67","8940000","8940000","14900","600","149000","60"
"2011-06-10","0","22500000","22500000","15000","1500","150000","150"
"2011-06-09","0","9000000","9000000","15000","600","150000","60"
"2011-06-08","-1.32","81000000","81000000","15000","5400","150000","540"
"2011-06-07","-0.65","152000000","152000000","15200","10000","152000","1000"
"2011-06-06","0","26010000","26010000","15300","1700","153000","170"
"2011-06-01","-0.08","16218000","16218000","15300","1060","153000","106"
"2011-05-31","0","148536100","148536100","15313","9700","153130","970"
"2011-05-30","0","26797750","26797750","15313","1750","153130","175"
"2011-05-27","0","3062600","3062600","15313","200","153130","20"
"2011-05-26","0","5665810","5665810","15313","370","153130","37"
"2011-05-25","0","21897590","21897590","15313","1430","153130","143"
"2011-05-24","7.5","124035300","124035300","15313","8100","153130","810"
"2011-05-23","-7.5","11680900","11680900","14245","820","142450","82"
"2011-05-20","0","746875750","746875750","15400","48500","153995","4850"
"2011-05-19","0","8932000","8932000","15400","580","154000","58"
"2011-05-18","0","1540000","1540000","15400","100","154000","10"
"2011-05-17","0","14476000","14476000","15400","940","154000","94"
"2011-05-16","0","9086000","9086000","15400","590","154000","59"
"2011-05-12","0","29568000","29568000","15400","1920","154000","192"
"2011-05-11","0","49434000","49434000","15400","3210","154000","321"
"2011-05-10","-0.65","29722000","29722000","15400","1930","154000","193"
"2011-05-09","0","8215000","8215000","15500","530","155000","53"
"2011-05-06","-4.91","620155000","620155000","15500","40010","155000","4001"
"2011-05-03","0","102201000","102201000","16300","6270","163000","627"
"2011-04-29","-0.51","37490000","37490000","16300","2300","163000","230"
"2011-04-28","0","4423410","4423410","16383","270","163830","27"
"2011-04-27","0","22936200","22936200","16383","1400","163830","140"
"2011-04-26","-0.71","1638300","1638300","16383","100","163830","10"
"2011-04-22","0","16995000","16995000","16500","1030","165000","103"
"2011-04-21","0","20790000","20790000","16500","1260","165000","126"
"2011-04-20","0","31515000","31515000","16500","1910","165000","191"
"2011-04-19","0","25575000","25575000","16500","1550","165000","155"
"2011-04-18","0","13200000","13200000","16500","800","165000","80"
"2011-04-15","0","16500000","16500000","16500","1000","165000","100"
"2011-04-14","0","20625000","20625000","16500","1250","165000","125"
"2011-04-13","0","19800000","19800000","16500","1200","165000","120"
"2011-04-12","0","8580000","8580000","16500","520","165000","52"
"2011-04-11","0","12375000","12375000","16500","750","165000","75"
"2011-04-08","0","41580000","41580000","16500","2520","165000","252"
"2011-04-07","0","13530000","13530000","16500","820","165000","82"
"2011-04-06","0","11055000","11055000","16500","670","165000","67"
"2011-04-04","0","18645000","18645000","16500","1130","165000","113"
"2011-04-01","0","2475000","2475000","16500","150","165000","15"
"2011-03-31","0","126720000","126720000","16500","7680","165000","768"
"2011-03-30","0","13199600","13199600","16500","800","164995","80"
"2011-03-29","0","10725000","10725000","16500","650","165000","65"
"2011-03-28","0","1815000","1815000","16500","110","165000","11"
"2011-03-25","0","17160000","17160000","16500","1040","165000","104"
"2011-03-23","0","10725000","10725000","16500","650","165000","65"
"2011-03-22","0","7425000","7425000","16500","450","165000","45"
"2011-03-21","0","9900000","9900000","16500","600","165000","60"
"2011-03-18","0","34155000","34155000","16500","2070","165000","207"
"2011-03-17","0","330000","330000","16500","20","165000","2"
"2011-03-16","0","22605000","22605000","16500","1370","165000","137"
"2011-03-15","0","23430000","23430000","16500","1420","165000","142"
"2011-03-14","0","990000","990000","16500","60","165000","6"
"2011-03-11","0","10890000","10890000","16500","660","165000","66"
"2011-03-10","0","18150000","18150000","16500","1100","165000","110"
"2011-03-09","0","2970000","2970000","16500","180","165000","18"
"2011-03-08","0","11880000","11880000","16500","720","165000","72"
"2011-03-07","3.13","13530000","13530000","16500","820","165000","82"
"2011-03-04","0","76000000","76000000","16000","4750","160000","475"
"2011-03-03","0","30720000","30720000","16000","1920","160000","192"
"2011-03-02","0","26720000","26720000","16000","1670","160000","167"
"2011-03-01","0","4960000","4960000","16000","310","160000","31"
"2011-02-11","0","62080000","62080000","16000","3880","160000","388"
"2011-02-10","0","4960000","4960000","16000","310","160000","31"
"2011-02-08","0","10720000","10720000","16000","670","160000","67"
"2011-02-07","3.23","1280000000","1280000000","16000","80000","160000","8000"
"2011-02-04","3.33","57970000","57970000","15500","3740","155000","374"
"2011-02-03","0","67200000","67200000","15000","4480","150000","448"
"2011-02-02","-1.12","213450000","213450000","15000","14230","150000","1423"
"2011-02-01","-7.5","48088900","48088900","15170","3170","151700","317"
"2011-01-31","-0.61","91348000","91348000","16400","5570","164000","557"
"2011-01-28","-2.94","35310000","35310000","16500","2140","165000","214"
"2011-01-27","0","59500000","59500000","17000","3500","170000","350"
"2011-01-26","0","61200000","61200000","17000","3600","170000","360"
"2011-01-25","0","59500000","59500000","17000","3500","170000","350"
"2011-01-24","0.37","52870000","52870000","17000","3110","170000","311"
"2011-01-21","-0.37","79095790","79095790","16937","4670","169370","467"
"2011-01-20","-1.99","33490000","33490000","17000","1970","170000","197"
"2011-01-19","-0.89","33649300","33649300","17345","1940","173450","194"
"2011-01-18","-1.24","37800000","37800000","17500","2160","175000","216"
"2011-01-17","-1.56","19668645","19668645","17720","1110","177195","111"
"2011-01-14","-3.26","9539735","9539735","18000","530","179995","53"
"2011-01-11","0","356295325","356295325","18606","19150","186055","1915"
"2011-01-10","7.5","665704790","665704790","18606","35780","186055","3578"
"2011-01-07","7.5","117171775","117171775","17308","6770","173075","677"
"2011-01-06","3.14","39606000","39606000","16100","2460","161000","246"
"2011-01-05","0.71","28254100","28254100","15610","1810","156100","181"
"2011-01-04","0.32","87730000","87730000","15500","5660","155000","566"
"2011-01-03","0.32","15913500","15913500","15450","1030","154500","103"
"2010-12-31","0","32032000","32032000","15400","2080","154000","208"
"2010-12-30","0.65","15400000","15400000","15400","1000","154000","100"
"2010-12-29","0.53","10404000","10404000","15300","680","153000","68"
"2010-12-28","0","30592200","30592200","15220","2010","152200","201"
"2010-12-27","0.03","13241400","13241400","15220","870","152200","87"
"2010-12-24","0.1","8368250","8368250","15215","550","152150","55"
"2010-12-23","0","279680000","279680000","15200","18400","152000","1840"
"2010-12-22","0","39368000","39368000","15200","2590","152000","259"
"2010-12-21","1","258400000","258400000","15200","17000","152000","1700"
"2010-12-20","0","7826000","7826000","15050","520","150500","52"
"2010-12-16","0.13","277823000","277823000","15050","18460","150500","1846"
"2010-12-15","0.13","20591100","20591100","15030","1370","150300","137"
"2010-12-14","0","48632400","48632400","15010","3240","150100","324"
"2010-12-13","0","14859900","14859900","15010","990","150100","99"
"2010-12-10","0.05","28669100","28669100","15010","1910","150100","191"
"2010-12-09","0.02","27904650","27904650","15003","1860","150025","186"
"2010-12-08","0","79650000","79650000","15000","5310","150000","531"
"2010-12-07","-0.02","192600000","192600000","15000","12840","150000","1284"
"2010-12-06","0.01","48008000","48008000","15003","3200","150025","320"
"2010-12-03","0.01","17851190","17851190","15001","1190","150010","119"
"2010-12-02","0","65100000","65100000","15000","4340","150000","434"
"2010-12-01","0","16500000","16500000","15000","1100","150000","110"
"2010-11-30","0","361950000","361950000","15000","24130","150000","2413"
"2010-11-29","0","32400000","32400000","15000","2160","150000","216"
"2010-11-26","0","41550000","41550000","15000","2770","150000","277"
"2010-11-25","0","2250000","2250000","15000","150","150000","15"
"2010-11-24","0","6150000","6150000","15000","410","150000","41"
"2010-11-23","0","291300000","291300000","15000","19420","150000","1942"
"2010-11-22","0","21450000","21450000","15000","1430","150000","143"
"2010-11-19","0","8400000","8400000","15000","560","150000","56"
"2010-11-18","0","1500000","1500000","15000","100","150000","10"
"2010-11-17","0","34500000","34500000","15000","2300","150000","230"
"2010-11-12","0","25050000","25050000","15000","1670","150000","167"
"2010-11-11","0","753150000","753150000","15000","50210","150000","5021"
"2010-11-10","0","751500000","751500000","15000","50100","150000","5010"
"2010-11-09","0","35250000","35250000","15000","2350","150000","235"
"2010-11-08","0","25500000","25500000","15000","1700","150000","170"
"2010-11-05","0","30000000","30000000","15000","2000","150000","200"
"2010-11-04","3.45","750000000","750000000","15000","50000","150000","5000"
"2010-11-03","0","333500000","333500000","14500","23000","145000","2300"
"2010-11-02","0","338430000","338430000","14500","23340","145000","2334"
"2010-10-29","3.57","745590000","745590000","14500","51420","145000","5142"
"2010-10-28","0","17220000","17220000","14000","1230","140000","123"
"2010-10-27","0","57820000","57820000","14000","4130","140000","413"
"2010-10-26","0","17500000","17500000","14000","1250","140000","125"
"2010-10-25","0","2240000","2240000","14000","160","140000","16"
"2010-10-22","0","140000000","140000000","14000","10000","140000","1000"
"2010-10-21","0","15960000","15960000","14000","1140","140000","114"
"2010-10-20","0.41","287000000","287000000","14000","20500","140000","2050"
"2010-10-19","-0.41","35274525","35274525","13943","2530","139425","253"
"2010-10-18","0","22400000","22400000","14000","1600","140000","160"
"2010-10-15","0","19740000","19740000","14000","1410","140000","141"
"2010-10-14","1.45","42000000","42000000","14000","3000","140000","300"
"2010-10-13","0","340032000","340032000","13800","24640","138000","2464"
"2010-10-12","0","920460000","920460000","13800","66700","138000","6670"
"2010-10-11","0","13800000","13800000","13800","1000","138000","100"
"2010-10-08","0","63756000","63756000","13800","4620","138000","462"
"2010-10-07","0","260130000","260130000","13800","18850","138000","1885"
"2010-10-06","-1.43","429870000","429870000","13800","31150","138000","3115"
"2010-10-05","0","32200000","32200000","14000","2300","140000","230"
"2010-10-04","0","23800000","23800000","14000","1700","140000","170"
"2010-10-01","0","30240000","30240000","14000","2160","140000","216"
"2010-09-30","0","46340000","46340000","14000","3310","140000","331"
"2010-09-29","3.7","1837920000","1837920000","14000","131280","140000","13128"
"2010-09-28","-3.57","135000000","135000000","13500","10000","135000","1000"
"2010-09-27","3.7","30800000","30800000","14000","2200","140000","220"
"2010-09-24","0","44550000","44550000","13500","3300","135000","330"
"2010-09-23","0","1080000","1080000","13500","80","135000","8"
"2010-09-22","0.75","9450000","9450000","13500","700","135000","70"
"2010-09-21","0","90852000","90852000","13400","6780","134000","678"
"2010-09-20","0","44220000","44220000","13400","3300","134000","330"
"2010-09-17","0","53600000","53600000","13400","4000","134000","400"
"2010-09-16","0.75","58826000","58826000","13400","4390","134000","439"
"2010-09-15","-0.75","536123000","536123000","13300","40310","133000","4031"
"2010-09-14","0","14740000","14740000","13400","1100","134000","110"
"2010-09-13","0","40200000","40200000","13400","3000","134000","300"
"2010-09-09","0.75","43148000","43148000","13400","3220","134000","322"
"2010-09-08","0","471751000","471751000","13300","35470","133000","3547"
"2010-09-07","0","78603000","78603000","13300","5910","133000","591"
"2010-09-03","0","17955000","17955000","13300","1350","133000","135"
"2010-09-02","0","722190000","722190000","13300","54300","133000","5430"
"2010-09-01","0","75544000","75544000","13300","5680","133000","568"
"2010-08-31","-0.67","113050000","113050000","13300","8500","133000","850"
"2010-08-30","0.68","53560000","53560000","13390","4000","133900","400"
"2010-08-27","0","5320000","5320000","13300","400","133000","40"
"2010-08-26","-0.75","2261000","2261000","13300","170","133000","17"
"2010-08-25","0","51590000","51590000","13400","3850","134000","385"
"2010-08-24","0","36984000","36984000","13400","2760","134000","276"
"2010-08-23","0","18760000","18760000","13400","1400","134000","140"
"2010-08-20","0","14204000","14204000","13400","1060","134000","106"
"2010-08-19","0.75","39396000","39396000","13400","2940","134000","294"
"2010-08-18","-0.75","24073000","24073000","13300","1810","133000","181"
"2010-08-17","-0.74","48240000","48240000","13400","3600","134000","360"
"2010-08-16","0.75","41850000","41850000","13500","3100","135000","310"
"2010-08-13","0","370242000","370242000","13400","27630","134000","2763"
"2010-08-12","0","13400000","13400000","13400","1000","134000","100"
"2010-08-11","0","33902000","33902000","13400","2530","134000","253"
"2010-08-10","0","25460000","25460000","13400","1900","134000","190"
"2010-08-09","0","16080000","16080000","13400","1200","134000","120"
"2010-08-06","0","26800000","26800000","13400","2000","134000","200"
"2010-08-05","0","26800000","26800000","13400","2000","134000","200"
"2010-08-04","0","8040000","8040000","13400","600","134000","60"
"2010-08-03","0","238654000","238654000","13400","17810","134000","1781"
"2010-08-02","0","17420000","17420000","13400","1300","134000","130"
"2010-07-30","0","4020000","4020000","13400","300","134000","30"
"2010-07-29","0","494728000","494728000","13400","36920","134000","3692"
"2010-07-28","0","40200000","40200000","13400","3000","134000","300"
"2010-07-27","0","16348000","16348000","13400","1220","134000","122"
"2010-07-26","0","56414000","56414000","13400","4210","134000","421"
"2010-07-23","0","268000","268000","13400","20","134000","2"
"2010-07-22","-0.74","4154000","4154000","13400","310","134000","31"
"2010-07-21","0","47250000","47250000","13500","3500","135000","350"
"2010-07-20","0","148500000","148500000","13500","11000","135000","1100"
"2010-07-19","0","215595000","215595000","13500","15970","135000","1597"
"2010-07-16","0","57105000","57105000","13500","4230","135000","423"
"2010-07-15","0","33750000","33750000","13500","2500","135000","250"
"2010-07-14","0","52650000","52650000","13500","3900","135000","390"
"2010-07-13","0.75","44550000","44550000","13500","3300","135000","330"
"2010-07-12","-0.74","4288000","4288000","13400","320","134000","32"
"2010-07-09","0","1370250000","1370250000","13500","101500","135000","10150"
"2010-07-08","0","20250000","20250000","13500","1500","135000","150"
"2010-07-07","0","29025000","29025000","13500","2150","135000","215"
"2010-07-06","0","31050000","31050000","13500","2300","135000","230"
"2010-07-05","0","21735000","21735000","13500","1610","135000","161"
"2010-07-02","0","151200000","151200000","13500","11200","135000","1120"
"2010-07-01","0","3625425000","3625425000","13500","268550","135000","26855"
"2010-06-30","0","229500000","229500000","13500","17000","135000","1700"
"2010-06-29","0","31860000","31860000","13500","2360","135000","236"
"2010-06-25","0.75","94770000","94770000","13500","7020","135000","702"
"2010-06-24","0","2546000","2546000","13400","190","134000","19"
"2010-06-23","0","6700000","6700000","13400","500","134000","50"
"2010-06-22","-1.83","10720000","10720000","13400","800","134000","80"
"2010-06-21","0","350532000","350532000","13650","25680","136500","2568"
"2010-06-17","0","136500000","136500000","13650","10000","136500","1000"
"2010-06-16","0","205432500","205432500","13650","15050","136500","1505"
"2010-06-15","1.11","144007500","144007500","13650","10550","136500","1055"
"2010-06-14","0","104355000","104355000","13500","7730","135000","773"
"2010-06-11","0","27810000","27810000","13500","2060","135000","206"
"2010-06-10","0","102195000","102195000","13500","7570","135000","757"
"2010-06-09","-2.17","48195000","48195000","13500","3570","135000","357"
"2010-06-08","0","44850000","44850000","13800","3250","138000","325"
"2010-06-07","-1.43","2760000","2760000","13800","200","138000","20"
"2010-06-04","0","35000000","35000000","14000","2500","140000","250"
"2010-06-03","0","18760000","18760000","14000","1340","140000","134"
"2010-06-02","0","22400000","22400000","14000","1600","140000","160"
"2010-06-01","0","17640000","17640000","14000","1260","140000","126"
"2010-05-31","3.7","5600000","5600000","14000","400","140000","40"
"2010-05-28","0","13230000","13230000","13500","980","135000","98"
"2010-05-27","0","72495000","72495000","13500","5370","135000","537"
"2010-05-26","0","190620000","190620000","13500","14120","135000","1412"
"2010-05-25","0","229770000","229770000","13500","17020","135000","1702"
"2010-05-21","0","4050000","4050000","13500","300","135000","30"
"2010-05-20","0","991710000","991710000","13500","73460","135000","7346"
"2010-05-19","0","13230000","13230000","13500","980","135000","98"
"2010-05-18","0","36855000","36855000","13500","2730","135000","273"
"2010-05-17","0","169155000","169155000","13500","12530","135000","1253"
"2010-05-14","0","18765000","18765000","13500","1390","135000","139"
"2010-05-12","0","35640000","35640000","13500","2640","135000","264"
"2010-05-11","0","62910000","62910000","13500","4660","135000","466"
"2010-05-10","0","25110000","25110000","13500","1860","135000","186"
"2010-05-07","0","194400000","194400000","13500","14400","135000","1440"
"2010-05-06","0","31185000","31185000","13500","2310","135000","231"
"2010-05-05","0","339255000","339255000","13500","25130","135000","2513"
"2010-05-04","0","418635000","418635000","13500","31010","135000","3101"
"2010-05-03","-2.17","611955000","611955000","13500","45330","135000","4533"
"2010-04-30","-1.43","31464000","31464000","13800","2280","138000","228"
"2010-04-29","-2.78","6300000","6300000","14000","450","140000","45"
"2010-04-28","-4","3600000","3600000","14400","250","144000","25"
"2010-04-26","0","43800000","43800000","15000","2920","150000","292"
"2010-04-23","0","375000000","375000000","15000","25000","150000","2500"
"2010-04-22","0","12750000","12750000","15000","850","150000","85"
"2010-04-21","0","35250000","35250000","15000","2350","150000","235"
"2010-04-20","0.67","28050000","28050000","15000","1870","150000","187"
"2010-04-19","2.76","20562000","20562000","14900","1380","149000","138"
"2010-04-16","0","95845000","95845000","14500","6610","145000","661"
"2010-04-15","0","150075000","150075000","14500","10350","145000","1035"
"2010-04-14","0","1450000","1450000","14500","100","145000","10"
"2010-04-13","0","20445000","20445000","14500","1410","145000","141"
"2010-04-12","0","1486540000","1486540000","14500","102520","145000","10252"
"2010-04-09","0","5800000","5800000","14500","400","145000","40"
"2010-04-08","0","27695000","27695000","14500","1910","145000","191"
"2010-04-07","3.57","14500000","14500000","14500","1000","145000","100"
"2010-04-06","0","127960000","127960000","14000","9140","140000","914"
"2010-04-02","0","32200000","32200000","14000","2300","140000","230"
"2010-04-01","0","99400000","99400000","14000","7100","140000","710"
"2010-03-31","0","4200000","4200000","14000","300","140000","30"
"2010-03-30","0","42000000","42000000","14000","3000","140000","300"
"2010-03-29","0","28980000","28980000","14000","2070","140000","207"
"2010-03-26","0","2800000","2800000","14000","200","140000","20"
"2010-03-25","0","65800000","65800000","14000","4700","140000","470"
"2010-03-24","0","15680000","15680000","14000","1120","140000","112"
"2010-03-23","0","65100000","65100000","14000","4650","140000","465"
"2010-03-22","0","2940000","2940000","14000","210","140000","21"
"2010-03-19","0","11900000","11900000","14000","850","140000","85"
"2010-03-18","0","41440000","41440000","14000","2960","140000","296"
"2010-03-17","0","7980000","7980000","14000","570","140000","57"
"2010-03-16","0","12320000","12320000","14000","880","140000","88"
"2010-03-15","0","1400000","1400000","14000","100","140000","10"
"2010-03-12","0","7140000","7140000","14000","510","140000","51"
"2010-03-11","0","76440000","76440000","14000","5460","140000","546"
"2010-03-10","0","10500000","10500000","14000","750","140000","75"
"2010-03-09","3.7","151200000","151200000","14000","10800","140000","1080"
"2010-03-08","0","41040000","41040000","13500","3040","135000","304"
"2010-03-05","3.85","33885000","33885000","13500","2510","135000","251"
"2010-03-04","-3.7","3510000","3510000","13000","270","130000","27"
"2010-03-03","0.75","67500000","67500000","13500","5000","135000","500"
"2010-03-02","-0.74","605814000","605814000","13400","45210","134000","4521"
"2010-03-01","0","25785000","25785000","13500","201910","135000","20191"
"2010-02-25","0","32670000","32670000","13500","2420","135000","242"
"2010-02-24","0","25110000","25110000","13500","1860","135000","186"
"2010-02-23","2.27","1184760000","1184760000","13500","87760","135000","8776"
"2010-02-22","1.54","372900000","372900000","13200","28250","132000","2825"
"2010-02-19","0","10660000","10660000","13000","820","130000","82"
"2010-02-18","3.16","2600000","2600000","13000","200","130000","20"
"2010-02-17","0.02","25456040","25456040","12602","2020","126020","202"
"2010-02-16","-3.08","71568000","71568000","12600","5680","126000","568"
"2010-02-15","3.98","9100000","9100000","13000","700","130000","70"
"2010-02-12","0.01","53883620","53883620","12502","4310","125020","431"
"2010-02-11","0.01","57877315","57877315","12501","4630","125005","463"
"2010-02-10","0","19375000","19375000","12500","1550","125000","155"
"2010-02-09","0","15875000","15875000","12500","1270","125000","127"
"2010-02-08","0","65500000","65500000","12500","5240","125000","524"
"2010-02-05","0","6250000","6250000","12500","500","125000","50"
"2010-02-04","0.81","16250000","16250000","12500","1300","125000","130"
"2010-02-03","0","111972000","111972000","12400","9030","124000","903"
"2010-02-01","0","21080000","21080000","12400","1700","124000","170"
"2010-01-29","3.32","7564000","7564000","12400","610","124000","61"
"2010-01-28","0.01","2400100","2400100","12001","200","120005","20"
"2010-01-27","-3.23","1226760000","1226760000","12000","102230","120000","10223"
"2010-01-26","0","10540000","10540000","12400","850","124000","85"
"2010-01-25","0","64356000","64356000","12400","5190","124000","519"
"2010-01-22","0","10664000","10664000","12400","860","124000","86"
"2010-01-21","0","118544000","118544000","12400","9560","124000","956"
"2010-01-20","0.81","16368000","16368000","12400","1320","124000","132"
"2010-01-19","-1.6","8487000","8487000","12300","690","123000","69"
"2010-01-18","0","52250000","52250000","12500","4180","125000","418"
"2010-01-15","0","1250000","1250000","12500","100","125000","10"
"2010-01-14","0","5250000","5250000","12500","420","125000","42"
"2010-01-13","0","6250000","6250000","12500","500","125000","50"
"2010-01-12","0","25375000","25375000","12500","2030","125000","203"
"2010-01-11","0.81","53875000","53875000","12500","4310","125000","431"
"2010-01-08","3.33","15252000","15252000","12400","1230","124000","123"
"2010-01-07","-4","1200000","1200000","12000","100","120000","10"
"2010-01-06","0","12250000","12250000","12500","980","125000","98"
"2010-01-05","0","16250000","16250000","12500","1300","125000","130"
"2010-01-04","4.17","16250000","16250000","12500","1300","125000","130"
"2009-12-31","0.84","123000000","123000000","12000","10250","120000","1025"
"2009-12-30","-0.83","11781000","11781000","11900","990","119000","99"
"2009-12-29","0","19200000","19200000","12000","1600","120000","160"
"2009-12-28","0.09","3000000","3000000","12000","250","120000","25"
"2009-12-24","-0.09","2517690","2517690","11989","210","119890","21"
"2009-12-23","0","41520000","41520000","12000","3460","120000","346"
"2009-12-22","0","42600000","42600000","12000","3550","120000","355"
"2009-12-21","0","26280000","26280000","12000","2190","120000","219"
"2009-12-18","0","720000","720000","12000","60","120000","6"
"2009-12-17","0","22800000","22800000","12000","1900","120000","190"
"2009-12-16","0.84","55200000","55200000","12000","4600","120000","460"
"2009-12-15","0","279757245","279757245","11900","23510","118995","2351"
"2009-12-14","0","28917000","28917000","11900","2430","119000","243"
"2009-12-11","0","35819000","35819000","11900","3010","119000","301"
"2009-12-09","0","30226000","30226000","11900","2540","119000","254"
"2009-12-08","0","278817000","278817000","11900","23430","119000","2343"
"2009-12-07","0","111860000","111860000","11900","9400","119000","940"
"2009-12-04","0","11305000","11305000","11900","950","119000","95"
"2009-12-03","0","56525000","56525000","11900","4750","119000","475"
"2009-12-01","0","13804000","13804000","11900","1160","119000","116"
"2009-11-30","0","6426000","6426000","11900","540","119000","54"
"2009-11-26","0","9520000","9520000","11900","800","119000","80"
"2009-11-25","0","40341000","40341000","11900","3390","119000","339"
"2009-11-24","0","28322000","28322000","11900","2380","119000","238"
"2009-11-23","0","49266000","49266000","11900","4140","119000","414"
"2009-11-20","0","51765000","51765000","11900","4350","119000","435"
"2009-11-19","0","20230000","20230000","11900","1700","119000","170"
"2009-11-18","0","6069000","6069000","11900","510","119000","51"
"2009-11-17","0","1190000","1190000","11900","100","119000","10"
"2009-11-13","0","105196000","105196000","11900","8840","119000","884"
"2009-11-12","0","335818000","335818000","11900","28220","119000","2822"
"2009-11-11","0","28084000","28084000","11900","2360","119000","236"
"2009-11-10","-0.83","7973000","7973000","11900","670","119000","67"
"2009-11-09","0","25800000","25800000","12000","2150","120000","215"
"2009-11-06","0","33000000","33000000","12000","2750","120000","275"
"2009-11-05","0.42","62760000","62760000","12000","5230","120000","523"
"2009-11-04","-0.42","122846000","122846000","11950","10280","119500","1028"
"2009-11-03","0","38760000","38760000","12000","3230","120000","323"
"2009-11-02","0","53400000","53400000","12000","4450","120000","445"
"2009-10-30","0","21960000","21960000","12000","1830","120000","183"
"2009-10-29","0","54600000","54600000","12000","4550","120000","455"
"2009-10-28","0","16560000","16560000","12000","1380","120000","138"
"2009-10-27","0.08","24360000","24360000","12000","2030","120000","203"
"2009-10-26","-0.08","25179000","25179000","11990","2100","119900","210"
"2009-10-23","0","8640000","8640000","12000","720","120000","72"
"2009-10-22","0","412920000","412920000","12000","34410","120000","3441"
"2009-10-20","0","11880000","11880000","12000","990","120000","99"
"2009-10-19","0","786000000","786000000","12000","65500","120000","6550"
"2009-10-16","0","21240000","21240000","12000","1770","120000","177"
"2009-10-15","-4","188400000","188400000","12000","15700","120000","1570"
"2009-10-14","4.17","28750000","28750000","12500","2300","125000","230"
"2009-10-13","0","2259120000","2259120000","12000","188260","120000","18826"
"2009-10-12","0","313200000","313200000","12000","26100","120000","2610"
"2009-10-09","0","66600000","66600000","12000","5550","120000","555"
"2009-10-08","0","40558310","40558310","12000","3380","119995","338"
"2009-10-07","0","1920000","1920000","12000","160","120000","16"
"2009-10-06","0","90960000","90960000","12000","7580","120000","758"
"2009-10-05","0","873480000","873480000","12000","72790","120000","7279"
"2009-10-02","0.84","48000000","48000000","12000","4000","120000","400"
"2009-10-01","-0.83","116144000","116144000","11900","9760","119000","976"
"2009-09-30","0.42","53640000","53640000","12000","4470","120000","447"
"2009-09-29","-0.42","90820000","90820000","11950","7600","119500","760"
"2009-09-25","0","24000000","24000000","12000","2000","120000","200"
"2009-09-24","0","25200000","25200000","12000","2100","120000","210"
"2009-09-23","0","38640000","38640000","12000","3220","120000","322"
"2009-09-22","0","26880000","26880000","12000","2240","120000","224"
"2009-09-21","0","7440000","7440000","12000","620","120000","62"
"2009-09-18","0","79440000","79440000","12000","6620","120000","662"
"2009-09-16","0","7920000","7920000","12000","660","120000","66"
"2009-09-15","0","176880000","176880000","12000","14740","120000","1474"
"2009-09-14","0","18240000","18240000","12000","1520","120000","152"
"2009-09-11","0","106440000","106440000","12000","8870","120000","887"
"2009-09-10","0","16199325","16199325","12000","1350","119995","135"
"2009-09-09","0","626280000","626280000","12000","52190","120000","5219"
"2009-09-08","0","10440000","10440000","12000","870","120000","87"
"2009-09-07","0","326880000","326880000","12000","27240","120000","2724"
"2009-09-04","0","117240000","117240000","12000","9770","120000","977"
"2009-09-03","0","93720000","93720000","12000","7810","120000","781"
"2009-09-02","4.26","82680000","82680000","12000","6890","120000","689"
"2009-09-01","0.09","37292400","37292400","11510","3240","115100","324"
"2009-08-31","0","5175000","5175000","11500","450","115000","45"
"2009-08-28","0","28060000","28060000","11500","2440","115000","244"
"2009-08-27","0","1946375000","1946375000","11500","169250","115000","16925"
"2009-08-26","1.77","7017645000","7017645000","11500","610230","115000","61023"
"2009-08-25","0","44294040","44294040","11300","3920","112995","392"
"2009-08-24","2.63","11187000","11187000","11300","990","113000","99"
"2009-08-21","-2.61","16735200","16735200","11010","1520","110100","152"
"2009-08-20","0.93","14583450","14583450","11305","1290","113050","129"
"2009-08-19","0.01","32929470","32929470","11201","2940","112005","294"
"2009-08-18","1.82","593040000","593040000","11200","52950","112000","5295"
"2009-08-17","0","40150000","40150000","11000","3650","110000","365"
"2009-08-14","0","24200000","24200000","11000","2200","110000","220"
"2009-08-13","-0.09","1096150000","1096150000","11000","99650","110000","9965"
"2009-08-12","0","53728800","53728800","11010","4880","110100","488"
"2009-08-11","0.08","18827100","18827100","11010","1710","110100","171"
"2009-08-10","0","78323560","78323560","11001","7120","110005","712"
"2009-08-06","0.01","766954860","766954860","11001","69720","110005","6972"
"2009-08-05","-4.35","37290000","37290000","11000","3390","110000","339"
"2009-08-04","4.55","32200000","32200000","11500","2800","115000","280"
"2009-08-03","0","92840000","92840000","11000","8440","110000","844"
"2009-07-31","-4.35","72490000","72490000","11000","6590","110000","659"
"2009-07-30","0","31050000","31050000","11500","2700","115000","270"
"2009-07-29","4.55","33925000","33925000","11500","2950","115000","295"
"2009-07-28","0","57200000","57200000","11000","5200","110000","520"
"2009-07-27","0","990550000","990550000","11000","90050","110000","9005"
"2009-07-24","0","438240000","438240000","11000","39840","110000","3984"
"2009-07-23","0","56760000","56760000","11000","5160","110000","516"
"2009-07-22","0","84370000","84370000","11000","7670","110000","767"
"2009-07-21","0","27390000","27390000","11000","2490","110000","249"
"2009-07-20","0","45430000","45430000","11000","4130","110000","413"
"2009-07-17","0","46200000","46200000","11000","4200","110000","420"
"2009-07-16","2.33","37400000","37400000","11000","3400","110000","340"
"2009-07-15","0.47","58587500","58587500","10750","5450","107500","545"
"2009-07-14","0","59920000","59920000","10700","5600","107000","560"
"2009-07-13","0","28462000","28462000","10700","2660","107000","266"
"2009-07-10","-0.47","22042000","22042000","10700","2060","107000","206"
"2009-07-09","-0.37","53642500","53642500","10750","4990","107500","499"
"2009-07-08","0.65","26975000","26975000","10790","2500","107900","250"
"2009-07-07","0.19","48561600","48561600","10720","48780","107200","4878"
"2009-07-06","0.83","13803000","13803000","10700","1290","107000","129"
"2009-07-03","-0.82","46478370","46478370","10612","4380","106115","438"
"2009-07-02","0.94","40018000","40018000","10700","3740","107000","374"
"2009-07-01","0","15476000","15476000","10600","1460","106000","146"
"2009-06-30","0","8798000","8798000","10600","830","106000","83"
"2009-06-29","-0.93","26500000","26500000","10600","2500","106000","250"
"2009-06-26","-2.73","70192000","70192000","10700","6560","107000","656"
"2009-06-25","3.77","407770000","407770000","11000","37070","110000","3707"
"2009-06-24","0","45262000","45262000","10600","4270","106000","427"
"2009-06-23","0","24062000","24062000","10600","2270","106000","227"
"2009-06-22","0","11024000","11024000","10600","1040","106000","104"
"2009-06-19","0","72504000","72504000","10600","6840","106000","684"
"2009-06-18","0.95","60102000","60102000","10600","5670","106000","567"
"2009-06-17","0","28245000","28245000","10500","2690","105000","269"
"2009-06-16","-0.94","32445000","32445000","10500","3090","105000","309"
"2009-06-15","0.95","34450000","34450000","10600","3250","106000","325"
"2009-06-12","0","23100000","23100000","10500","2200","105000","220"
"2009-06-11","0","76650000","76650000","10500","7300","105000","730"
"2009-06-10","0","37800000","37800000","10500","3600","105000","360"
"2009-06-09","0","20790000","20790000","10500","1980","105000","198"
"2009-06-08","0","25620000","25620000","10500","2440","105000","244"
"2009-06-05","-0.94","71610000","71610000","10500","6820","105000","682"
"2009-06-04","0","44835885","44835885","10600","4230","105995","423"
"2009-06-03","0","49608000","49608000","10600","4680","106000","468"
"2009-06-02","0","15900000","15900000","10600","1500","106000","150"
"2009-05-29","0.95","53000000","53000000","10600","5000","106000","500"
"2009-05-28","0","204330000","204330000","10500","19460","105000","1946"
"2009-05-27","0","489195000","489195000","10500","46590","105000","4659"
"2009-05-26","0","39270000","39270000","10500","3740","105000","374"
"2009-05-25","0","26250000","26250000","10500","2500","105000","250"
"2009-05-22","0","28560000","28560000","10500","2720","105000","272"
"2009-05-20","0","233100000","233100000","10500","22200","105000","2220"
"2009-05-19","0","78750000","78750000","10500","7500","105000","750"
"2009-05-18","0","160230000","160230000","10500","15260","105000","1526"
"2009-05-15","0","84525000","84525000","10500","8050","105000","805"
"2009-05-14","0","418950000","418950000","10500","39900","105000","3990"
"2009-05-13","0","124320000","124320000","10500","11840","105000","1184"
"2009-05-12","-4.55","62160000","62160000","10500","5920","105000","592"
"2009-05-11","0","140470000","140470000","11000","12770","110000","1277"
"2009-05-08","0","7040000","7040000","11000","640","110000","64"
"2009-05-07","0","27830000","27830000","11000","2530","110000","253"
"2009-05-06","-1.79","469810000","469810000","11000","42710","110000","4271"
"2009-05-05","0","53088000","53088000","11200","4740","112000","474"
"2009-05-04","0","67760000","67760000","11200","6050","112000","605"
"2009-04-29","0","78960000","78960000","11200","7050","112000","705"
"2009-04-28","-5.08","29344000","29344000","11200","2620","112000","262"
"2009-04-27","2.61","8850000","8850000","11800","750","118000","75"
"2009-04-24","0","230000000","230000000","11500","20000","115000","2000"
"2009-04-23","0","100970000","100970000","11500","8780","115000","878"
"2009-04-22","0.01","981525000","981525000","11500","85350","115000","8535"
"2009-04-21","-0.01","133848360","133848360","11499","11640","114990","1164"
"2009-04-20","0","11385000","11385000","11500","990","115000","99"
"2009-04-17","-1.69","1840000","1840000","11500","160","115000","16"
"2009-04-16","-0.86","28426140","28426140","11698","2430","116980","243"
"2009-04-15","0","664930000","664930000","11800","56350","118000","5635"
"2009-04-14","1.72","1171858000","1171858000","11800","99310","118000","9931"
"2009-04-10","5.45","149176000","149176000","11600","12860","116000","1286"
"2009-04-09","-4.35","155870000","155870000","11000","14170","110000","1417"
"2009-04-08","-2.54","50022825","50022825","11500","4350","114995","435"
"2009-04-07","0","803309960","803309960","11800","68080","117995","6808"
"2009-04-06","0","179470395","179470395","11800","15210","117995","1521"
"2009-04-03","-0.41","48852000","48852000","11800","4140","118000","414"
"2009-04-02","-0.85","44311520","44311520","11848","3740","118480","374"
"2009-04-01","0.42","440357500","440357500","11950","36850","119500","3685"
"2009-03-31","-0.17","5950000","5950000","11900","500","119000","50"
"2009-03-30","-0.08","436391200","436391200","11920","36610","119200","3661"
"2009-03-27","0","372454600","372454600","11930","31220","119300","3122"
"2009-03-26","0","218915500","218915500","11930","18350","119300","1835"
"2009-03-25","0","255540600","255540600","11930","21420","119300","2142"
"2009-03-24","-0.17","162248000","162248000","11930","13600","119300","1360"
"2009-03-23","0","139695500","139695500","11950","11690","119500","1169"
"2009-03-20","0","48397500","48397500","11950","4050","119500","405"
"2009-03-19","0","71102500","71102500","11950","5950","119500","595"
"2009-03-18","0.42","125714000","125714000","11950","10520","119500","1052"
"2009-03-17","0","118524000","118524000","11900","9960","119000","996"
"2009-03-16","-0.42","40936000","40936000","11900","3440","119000","344"
"2009-03-13","0","32504000","32504000","11950","2720","119500","272"
"2009-03-12","-2.05","55567500","55567500","11950","4650","119500","465"
"2009-03-11","0","178120000","178120000","12200","14600","122000","1460"
"2009-03-10","0","152866000","152866000","12200","12530","122000","1253"
"2009-03-06","0","29402000","29402000","12200","2410","122000","241"
"2009-03-05","0","79422000","79422000","12200","6510","122000","651"
"2009-03-04","-0.81","6100000","6100000","12200","500","122000","50"
"2009-03-03","0.82","89913000","89913000","12300","7310","123000","731"
"2009-03-02","0","13054000","13054000","12200","1070","122000","107"
"2009-02-27","-0.81","225578000","225578000","12200","18490","122000","1849"
"2009-02-26","0","48831000","48831000","12300","3970","123000","397"
"2009-02-25","0","20049000","20049000","12300","1630","123000","163"
"2009-02-24","-0.73","3689850","3689850","12300","300","122995","30"
"2009-02-23","-0.08","126625800","126625800","12390","10220","123900","1022"
"2009-02-20","0","159340000","159340000","12400","12850","124000","1285"
"2009-02-19","0","163680000","163680000","12400","13200","124000","1320"
"2009-02-18","0","159464000","159464000","12400","12860","124000","1286"
"2009-02-17","0","66464000","66464000","12400","5360","124000","536"
"2009-02-16","0.08","49600000","49600000","12400","4000","124000","400"
"2009-02-13","-0.08","19204500","19204500","12390","1550","123900","155"
"2009-02-12","0","85064000","85064000","12400","6860","124000","686"
"2009-02-11","0","460784000","460784000","12400","37160","124000","3716"
"2009-02-10","-0.8","87048000","87048000","12400","7020","124000","702"
"2009-02-09","0","150875000","150875000","12500","12070","125000","1207"
"2009-02-06","0","284750000","284750000","12500","22780","125000","2278"
"2009-02-05","0","125750000","125750000","12500","10060","125000","1006"
"2009-02-04","-0.79","29625000","29625000","12500","2370","125000","237"
"2009-02-03","-0.79","201600000","201600000","12600","16000","126000","1600"
"2009-02-02","0","101727000","101727000","12700","8010","127000","801"
"2009-01-30","0","87757000","87757000","12700","6910","127000","691"
"2009-01-29","0","51435000","51435000","12700","4050","127000","405"
"2009-01-28","0","102870000","102870000","12700","8100","127000","810"
"2009-01-27","0","53340000","53340000","12700","4200","127000","420"
"2009-01-26","0","39878000","39878000","12700","3140","127000","314"
"2009-01-23","0","50800000","50800000","12700","4000","127000","400"
"2009-01-22","0","26924000","26924000","12700","2120","127000","212"
"2009-01-21","0","19050000","19050000","12700","1500","127000","150"
"2009-01-20","-0.7","40259000","40259000","12700","3170","127000","317"
"2009-01-19","0","52439000","52439000","12790","4100","127900","410"
"2009-01-16","0","96564500","96564500","12790","7550","127900","755"
"2009-01-15","0","15348000","15348000","12790","1200","127900","120"
"2009-01-14","0","63950000","63950000","12790","5000","127900","500"
"2009-01-13","2.32","25963700","25963700","12790","2030","127900","203"
"2009-01-12","-2.34","16250000","16250000","12500","1300","125000","130"
"2009-01-09","-1.54","6016000","6016000","12800","470","128000","47"
"2009-01-08","0","442000000","442000000","13000","34000","130000","3400"
"2009-01-07","0","208000000","208000000","13000","16000","130000","1600"
"2009-01-06","0","41080000","41080000","13000","3160","130000","316"
"2009-01-05","0","14950000","14950000","13000","1150","130000","115"
"2009-01-02","0","26000000","26000000","13000","2000","130000","200"
"2008-12-31","0","95290000","95290000","13000","7330","130000","733"
"2008-12-30","0","23400000","23400000","13000","1800","130000","180"
"2008-12-29","0","176800000","176800000","13000","13600","130000","1360"
"2008-12-26","0","18460000","18460000","13000","1420","130000","142"
"2008-12-24","0","16380000","16380000","13000","1260","130000","126"
"2008-12-23","0","2210000","2210000","13000","170","130000","17"
"2008-12-22","0","32500000","32500000","13000","2500","130000","250"
"2008-12-19","0","14560000","14560000","13000","1120","130000","112"
"2008-12-18","-5.11","56290000","56290000","13000","4330","130000","433"
"2008-12-17","5.38","356200000","356200000","13700","26000","137000","2600"
"2008-12-16","-5.11","141310000","141310000","13000","10870","130000","1087"
"2008-12-15","-2.14","1233000","1233000","13700","90","137000","9"
"2008-12-12","0","33180000","33180000","14000","2370","140000","237"
"2008-12-11","0","92680000","92680000","14000","6620","140000","662"
"2008-12-10","0.36","37100000","37100000","14000","2650","140000","265"
"2008-12-09","-0.36","3069000","3069000","13950","220","139500","22"
"2008-12-05","0.95","174860000","174860000","14000","12490","140000","1249"
"2008-12-04","15.57","71694975","71694975","13868","5170","138675","517"
"2008-12-02","6.31","320400000","320400000","12000","26700","120000","2670"
"2008-12-01","7.5","14109375","14109375","11288","1250","112875","125"
"2008-11-28","0","49140000","49140000","10500","4680","105000","468"
"2008-11-27","5","72236560","72236560","10500","6880","104995","688"
"2008-11-26","0","45000000","45000000","10000","4500","100000","450"
"2008-11-25","0","627600000","627600000","10000","1962760","100000","196276"
"2008-11-24","0.5","356900000","356900000","10000","35690","100000","3569"
"2008-11-21","-0.5","521280500","521280500","9950","52390","99500","5239"
"2008-11-20","0","123500000","123500000","10000","12350","100000","1235"
"2008-11-19","0","39898005","39898005","10000","3990","99995","399"
"2008-11-18","0","18400000","18400000","10000","1840","100000","184"
"2008-11-17","-2.91","36000000","36000000","10000","3600","100000","360"
"2008-11-14","-1.9","28325000","28325000","10300","2750","103000","275"
"2008-11-13","0","18059140","18059140","10500","1720","104995","172"
"2008-11-12","-0.43","24675000","24675000","10500","2350","105000","235"
"2008-11-11","-7.5","16133850","16133850","10545","1530","105450","153"
"2008-11-10","-0.87","74214000","74214000","11400","6510","114000","651"
"2008-11-07","-4.17","1034955","1034955","11500","90","114995","9"
"2008-11-04","0","1199950","1199950","12000","100","119995","10"
"2008-11-03","-4","4440000","4440000","12000","370","120000","37"
"2008-10-31","-2.34","5875000","5875000","12500","470","125000","47"
"2008-10-29","-4.48","2176000","2176000","12800","170","128000","17"
"2008-10-27","-0.6","402804000","402804000","13400","30060","134000","3006"
"2008-10-24","-1.6","381242680","381242680","13481","28280","134810","2828"
"2008-10-23","-1.44","43429000","43429000","13700","3170","137000","317"
"2008-10-22","0","417556000","417556000","13900","30040","139000","3004"
"2008-10-21","-0.36","347500000","347500000","13900","25000","139000","2500"
"2008-10-16","0","320838500","320838500","13950","23000","139495","2300"
"2008-10-15","-0.32","20646000","20646000","13950","1480","139500","148"
"2008-10-14","-0.04","139950000","139950000","13995","10000","139950","1000"
"2008-10-13","0","426580000","426580000","14000","30470","140000","3047"
"2008-10-10","0","357687225","357687225","14000","25550","139995","2555"
"2008-10-09","0","147840000","147840000","14000","10560","140000","1056"
"2008-10-08","0","363860000","363860000","14000","25990","140000","2599"
"2008-10-07","0","373660000","373660000","14000","26690","140000","2669"
"2008-10-06","0","130480000","130480000","14000","9320","140000","932"
"2008-10-03","0","231000000","231000000","14000","16500","140000","1650"
"2008-10-02","0","77840000","77840000","14000","5560","140000","556"
"2008-10-01","0","253820000","253820000","14000","18130","140000","1813"
"2008-09-29","0","121380000","121380000","14000","8670","140000","867"
"2008-09-26","0","55300000","55300000","14000","3950","140000","395"
"2008-09-25","0","7420000","7420000","14000","530","140000","53"
"2008-09-24","0","180040000","180040000","14000","12860","140000","1286"
"2008-09-23","0","356720000","356720000","14000","25480","140000","2548"
"2008-09-22","0","423780000","423780000","14000","30270","140000","3027"
"2008-09-19","0","499660000","499660000","14000","35690","140000","3569"
"2008-09-18","0","210700000","210700000","14000","15050","140000","1505"
"2008-09-17","0","255360000","255360000","14000","18240","140000","1824"
"2008-09-16","0","210980000","210980000","14000","15070","140000","1507"
"2008-09-15","0","322688475","322688475","14000","23050","139995","2305"
"2008-09-12","0","559440000","559440000","14000","39960","140000","3996"
"2008-09-11","-6.04","53060000","53060000","14000","3790","140000","379"
"2008-09-10","-0.67","745000000","745000000","14900","50000","149000","5000"
"2008-09-09","-7.41","2099930","2099930","15000","140","149995","14"
"2008-09-05","-4.71","734508000","734508000","16200","45340","162000","4534"
"2008-09-04","-2.3","255340000","255340000","17000","15020","170000","1502"
"2008-08-29","-0.57","89610000","89610000","17400","5150","174000","515"
"2008-08-28","0","193900000","193900000","17500","11080","175000","1108"
"2008-08-27","0","281750000","281750000","17500","16100","175000","1610"
"2008-08-26","0","33600000","33600000","17500","1920","175000","192"
"2008-08-25","-0.57","98525000","98525000","17500","5630","175000","563"
"2008-08-22","0","95392000","95392000","17600","5420","176000","542"
"2008-08-21","-0.56","14432000","14432000","17600","820","176000","82"
"2008-08-20","0","258597000","258597000","17700","14610","177000","1461"
"2008-08-19","0","56640000","56640000","17700","3200","177000","320"
"2008-08-18","0","38940000","38940000","17700","2200","177000","220"
"2008-08-14","-0.56","22479000","22479000","17700","1270","177000","127"
"2008-08-13","0","46280000","46280000","17800","2600","178000","260"
"2008-08-12","0","55714000","55714000","17800","3130","178000","313"
"2008-08-11","0","10858000","10858000","17800","610","178000","61"
"2008-08-08","0","135280000","135280000","17800","7600","178000","760"
"2008-08-06","0","626560000","626560000","17800","35200","178000","3520"
"2008-08-05","0","12460000","12460000","17800","700","178000","70"
"2008-08-04","0","60342000","60342000","17800","3390","178000","339"
"2008-08-01","0","101104000","101104000","17800","5680","178000","568"
"2008-07-31","0","26878000","26878000","17800","1510","178000","151"
"2008-07-30","0","90424000","90424000","17800","5080","178000","508"
"2008-07-28","0","21004000","21004000","17800","1180","178000","118"
"2008-07-25","-1.11","12816000","12816000","17800","720","178000","72"
"2008-07-24","-2.7","107280000","107280000","18000","5960","180000","596"
"2008-07-23","3.93","7955000000","7955000000","18500","430000","185000","43000"
"2008-07-22","0","30082000","30082000","17800","1690","178000","169"
"2008-07-21","0","92382000","92382000","17800","5190","178000","519"
"2008-07-18","0","18334000","18334000","17800","1030","178000","103"
"2008-07-17","-1.11","15130000","15130000","17800","850","178000","85"
"2008-07-15","0","52200000","52200000","18000","2900","180000","290"
"2008-07-14","0","141300000","141300000","18000","7850","180000","785"
"2008-07-11","0","63540000","63540000","18000","3530","180000","353"
"2008-07-10","0","65160000","65160000","18000","3620","180000","362"
"2008-07-09","0.56","178920000","178920000","18000","9940","180000","994"
"2008-07-08","0","2506000","2506000","17900","140","179000","14"
"2008-07-07","-0.56","25060000","25060000","17900","1400","179000","140"
"2008-07-04","0","55440000","55440000","18000","3080","180000","308"
"2008-07-03","0","91440000","91440000","18000","5080","180000","508"
"2008-07-02","0","61740000","61740000","18000","3430","180000","343"
"2008-07-01","0","31500000","31500000","18000","1750","180000","175"
"2008-06-30","0","36000000","36000000","18000","2000","180000","200"
"2008-06-27","0","41400000","41400000","18000","2300","180000","230"
"2008-06-26","0","65340000","65340000","18000","3630","180000","363"
"2008-06-25","0","1026900000","1026900000","18000","57050","180000","5705"
"2008-06-24","0","14400000","14400000","18000","800","180000","80"
"2008-06-23","0","118080000","118080000","18000","6560","180000","656"
"2008-06-20","0","223200000","223200000","18000","12400","180000","1240"
"2008-06-19","0","2443500000","2443500000","18000","135750","180000","13575"
"2008-06-18","0","40320000","40320000","18000","2240","180000","224"
"2008-06-17","0","47880000","47880000","18000","2660","180000","266"
"2008-06-16","0","94500000","94500000","18000","5250","180000","525"
"2008-06-13","0","207900000","207900000","18000","11550","180000","1155"
"2008-06-12","0","23400000","23400000","18000","1300","180000","130"
"2008-06-11","0","777780000","777780000","18000","43210","180000","4321"
"2008-06-10","0","49860000","49860000","18000","2770","180000","277"
"2008-06-06","0","211320000","211320000","18000","11740","180000","1174"
"2008-06-05","0","13500540000","13500540000","18000","750030","180000","75003"
"2008-06-04","0","106560000","106560000","18000","5920","180000","592"
"2008-06-03","0","251280000","251280000","18000","13960","180000","1396"
"2008-06-02","0","122400000","122400000","18000","6800","180000","680"
"2008-05-30","0","145080000","145080000","18000","8060","180000","806"
"2008-05-29","0","127620000","127620000","18000","7090","180000","709"
"2008-05-28","0","414180000","414180000","18000","23010","180000","2301"
"2008-05-27","0.56","441000000","441000000","18000","24500","180000","2450"
"2008-05-23","-1.11","218719670","218719670","17899","12220","178985","1222"
"2008-05-22","-0.55","65703000","65703000","18100","3630","181000","363"
"2008-05-21","0.55","127400000","127400000","18200","7000","182000","700"
"2008-05-20","-1.63","7059000","7059000","18100","390","181000","39"
"2008-05-19","0","11592000","11592000","18400","630","184000","63"
"2008-05-16","0","13800000","13800000","18400","750","184000","75"
"2008-05-15","0","91816000","91816000","18400","4990","184000","499"
"2008-05-14","0","25208000","25208000","18400","1370","184000","137"
"2008-05-13","-0.54","137632000","137632000","18400","7480","184000","748"
"2008-05-09","0","135050000","135050000","18500","7300","185000","730"
"2008-05-08","0","742590000","742590000","18500","40140","185000","4014"
"2008-05-07","0","7400000","7400000","18500","400","185000","40"
"2008-05-06","0","69005000","69005000","18500","3730","185000","373"
"2008-05-05","0","1480000","1480000","18500","80","185000","8"
"2008-05-02","0","66785000","66785000","18500","3610","185000","361"
"2008-04-30","-2.12","44398800","44398800","18500","2400","184995","240"
"2008-04-29","-0.53","93177000","93177000","18900","4930","189000","493"
"2008-04-28","0.53","18430000","18430000","19000","970","190000","97"
"2008-04-25","0","424683000","424683000","18900","22470","189000","2247"
"2008-04-24","0","43470000","43470000","18900","2300","189000","230"
"2008-04-23","0","34209000","34209000","18900","1810","189000","181"
"2008-04-22","0","19845000","19845000","18900","1050","189000","105"
"2008-04-21","0","2079000","2079000","18900","110","189000","11"
"2008-04-18","0","4347000","4347000","18900","230","189000","23"
"2008-04-17","0","17955000","17955000","18900","950","189000","95"
"2008-04-16","0","756000","756000","18900","40","189000","4"
"2008-04-15","0","34209000","34209000","18900","1810","189000","181"
"2008-04-14","2.16","71820000","71820000","18900","3800","189000","380"
"2008-04-11","1.65","148370000","148370000","18500","8020","185000","802"
"2008-04-10","0","450450000","450450000","18200","24750","182000","2475"
"2008-04-09","0","29302000","29302000","18200","1610","182000","161"
"2008-04-08","0","6006000","6006000","18200","330","182000","33"
"2008-04-07","0","24752000","24752000","18200","1360","182000","136"
"2008-04-04","0.55","109200000","109200000","18200","6000","182000","600"
"2008-04-03","-0.55","41087000","41087000","18100","2270","181000","227"
"2008-04-02","0.05","389480000","389480000","18200","21400","182000","2140"
"2008-04-01","-0.05","19281400","19281400","18190","1060","181900","106"
"2008-03-31","0","22750000","22750000","18200","1250","182000","125"
"2008-03-28","0","10010000","10010000","18200","550","182000","55"
"2008-03-26","-4.21","29120000","29120000","18200","1600","182000","160"
"2008-03-25","0","88540000","88540000","19000","4660","190000","466"
"2008-03-21","0","73910000","73910000","19000","3890","190000","389"
"2008-03-19","0","95190000","95190000","19000","5010","190000","501"
"2008-03-18","0","2470000","2470000","19000","130","190000","13"
"2008-03-17","0","4940000","4940000","19000","260","190000","26"
"2008-03-14","0","12160000","12160000","19000","640","190000","64"
"2008-03-13","0","3800000","3800000","19000","200","190000","20"
"2008-03-12","0","23180000","23180000","19000","1220","190000","122"
"2008-03-11","0","7980000","7980000","19000","420","190000","42"
"2008-03-10","0","18050000","18050000","19000","950","190000","95"
"2008-03-07","0","27550000","27550000","19000","1450","190000","145"
"2008-03-06","0","380000","380000","19000","20","190000","2"
"2008-03-05","0","10070000","10070000","19000","530","190000","53"
"2008-03-04","0","19380000","19380000","19000","1020","190000","102"
"2008-03-03","-2.06","84360000","84360000","19000","4440","190000","444"
"2008-02-29","0","1746000","1746000","19400","90","194000","9"
"2008-02-28","2.11","126488000","126488000","19400","6520","194000","652"
"2008-02-27","-2.56","91770000","91770000","19000","4830","190000","483"
"2008-02-22","-0.01","196939900","196939900","19499","10100","194990","1010"
"2008-02-21","0","4289890","4289890","19500","220","194995","22"
"2008-02-20","-0.51","20865000","20865000","19500","1070","195000","107"
"2008-02-18","5.95","705600000","705600000","19600","36000","196000","3600"
"2008-02-15","-5.13","4350460000","4350460000","18500","235160","185000","23516"
"2008-02-14","-1.52","261690000","261690000","19500","13420","195000","1342"
"2008-02-13","7.03","48708000","48708000","19800","2460","198000","246"
"2008-02-12","-7.27","2775000000","2775000000","18500","150000","185000","15000"
"2008-02-08","-0.15","4389000","4389000","19950","220","199500","22"
"2008-02-07","0.4","13986000","13986000","19980","700","199800","70"
"2008-02-06","1.77","20298510","20298510","19901","1020","199005","102"
"2008-02-05","1.06","47714200","47714200","19555","2440","195550","244"
"2008-02-04","-0.72","48181500","48181500","19350","2490","193500","249"
"2008-02-01","-0.05","45020745","45020745","19490","2310","194895","231"
"2008-01-31","0","1950000","1950000","19500","100","195000","10"
"2008-01-30","0","100620000","100620000","19500","5160","195000","516"
"2008-01-29","0","5265000","5265000","19500","270","195000","27"
"2008-01-28","0","5460000","5460000","19500","280","195000","28"
"2008-01-25","0","9945000","9945000","19500","510","195000","51"
"2008-01-24","5.41","79950000","79950000","19500","4100","195000","410"
"2008-01-23","0","2959920","2959920","18500","160","184995","16"
"2008-01-22","0","8880000","8880000","18500","480","185000","48"
"2008-01-21","0","2775000","2775000","18500","150","185000","15"
"2008-01-18","2.78","19425000","19425000","18500","1050","185000","105"
"2008-01-17","0","189360000","189360000","18000","10520","180000","1052"
"2008-01-16","0","4500000","4500000","18000","250","180000","25"
"2008-01-15","0","189900000","189900000","18000","10550","180000","1055"
"2008-01-14","0","2880000","2880000","18000","160","180000","16"
"2008-01-11","1.69","39600000","39600000","18000","2200","180000","220"
"2008-01-10","0","9204000","9204000","17700","520","177000","52"
"2008-01-09","0","7611000","7611000","17700","430","177000","43"
"2008-01-08","0","6372000","6372000","17700","360","177000","36"
"2008-01-07","0.57","224790000","224790000","17700","12700","177000","1270"
"2008-01-04","0","107712000","107712000","17600","6120","176000","612"
"2008-01-03","0","59312000","59312000","17600","3370","176000","337"
"2008-01-02","0.57","5984000","5984000","17600","340","176000","34"
"2007-12-31","0","53550000","53550000","17500","3060","175000","306"
"2007-12-28","0","174825000","174825000","17500","9990","175000","999"
"2007-12-27","0","752500000","752500000","17500","43000","175000","4300"
"2007-12-26","0","12950000","12950000","17500","740","175000","74"
"2007-12-24","1.45","1715000000","1715000000","17500","98000","175000","9800"
"2007-12-21","-1.43","1721032500","1721032500","17250","99770","172500","9977"
"2007-12-20","2.94","8750000","8750000","17500","500","175000","50"
"2007-12-18","-2.86","1700000","1700000","17000","100","170000","10"
"2007-12-17","0","2625000","2625000","17500","150","175000","15"
"2007-12-14","0","54075000","54075000","17500","3090","175000","309"
"2007-12-13","1.74","40075000","40075000","17500","2290","175000","229"
"2007-12-12","-1.71","16168000","16168000","17200","940","172000","94"
"2007-12-11","0","55475000","55475000","17500","3170","175000","317"
"2007-12-10","0","6825000","6825000","17500","390","175000","39"
"2007-12-07","0","231350000","231350000","17500","13220","175000","1322"
"2007-12-06","0","272650000","272650000","17500","15580","175000","1558"
"2007-12-05","0","1750700000","1750700000","17500","100040","175000","10004"
"2007-12-04","0","700000000","700000000","17500","40000","175000","4000"
"2007-12-03","1.74","2974915","2974915","17500","170","174995","17"
"2007-11-30","-0.01","10836000","10836000","17200","630","172000","63"
"2007-11-29","-1.71","12900375","12900375","17201","750","172005","75"
"2007-11-27","1.74","700000000","700000000","17500","40000","175000","4000"
"2007-11-26","-1.6","199520000","199520000","17200","11600","172000","1160"
"2007-11-23","0","1748000","1748000","17480","100","174800","10"
"2007-11-22","1.63","1748000","1748000","17480","100","174800","10"
"2007-11-21","-1.71","35432000","35432000","17200","2060","172000","206"
"2007-11-20","0.03","93800000","93800000","17500","5360","175000","536"
"2007-11-19","1.72","804770000","804770000","17495","46000","174950","4600"
"2007-11-16","0","171135025","171135025","17200","9950","171995","995"
"2007-11-14","0","11867655","11867655","17200","690","171995","69"
"2007-11-13","0","31131095","31131095","17200","1810","171995","181"
"2007-11-09","0","4471870","4471870","17200","260","171995","26"
"2007-11-08","0","13072000","13072000","17200","760","172000","76"
"2007-11-07","0.01","174064000","174064000","17200","10120","172000","1012"
"2007-11-06","-0.01","19778850","19778850","17199","1150","171990","115"
"2007-11-05","0","2580000","2580000","17200","150","172000","15"
"2007-11-02","0","124700000","124700000","17200","7250","172000","725"
"2007-10-31","0","173032000","173032000","17200","10060","172000","1006"
"2007-10-30","0","304096000","304096000","17200","17680","172000","1768"
"2007-10-29","0","76540000","76540000","17200","4450","172000","445"
"2007-10-26","0","72068000","72068000","17200","4190","172000","419"
"2007-10-25","0","174408000","174408000","17200","10140","172000","1014"
"2007-10-24","0","86860000","86860000","17200","5050","172000","505"
"2007-10-23","0","203476000","203476000","17200","11830","172000","1183"
"2007-10-22","-1.71","74648000","74648000","17200","4340","172000","434"
"2007-10-19","2.94","44275000","44275000","17500","2530","175000","253"
"2007-10-18","2.41","479570000","479570000","17000","28210","170000","2821"
"2007-10-17","0.61","318886000","318886000","16600","19210","166000","1921"
"2007-10-16","1.85","715605000","715605000","16500","43370","165000","4337"
"2007-10-15","1.25","650430000","650430000","16200","40150","162000","4015"
"2007-10-11","0.63","561280000","561280000","16000","35080","160000","3508"
"2007-10-10","0","729015000","729015000","15900","45850","159000","4585"
"2007-10-08","0.63","394956000","394956000","15900","24840","159000","2484"
"2007-10-05","0","52456000","52456000","15800","3320","158000","332"
"2007-10-04","0","94800000","94800000","15800","6000","158000","600"
"2007-10-03","-0.32","316000000","316000000","15800","20000","158000","2000"
"2007-10-02","-0.31","2219000","2219000","15850","140","158500","14"
"2007-10-01","0","86016295","86016295","15900","5410","158995","541"
"2007-09-28","2.58","278568000","278568000","15900","17520","159000","1752"
"2007-09-27","-2.52","4495000","4495000","15500","290","155000","29"
"2007-09-26","-0.93","1272000","1272000","15900","80","159000","8"
"2007-09-24","-0.62","16050000","16050000","16050","1000","160500","100"
"2007-09-21","0","10013000","10013000","16150","620","161500","62"
"2007-09-19","0","29554500","29554500","16150","1830","161500","183"
"2007-09-18","-0.31","8398000","8398000","16150","520","161500","52"
"2007-09-17","0","259524000","259524000","16200","16020","162000","1602"
"2007-09-14","0","5022000","5022000","16200","310","162000","31"
"2007-09-13","-1.22","20088000","20088000","16200","1240","162000","124"
"2007-09-12","0","20336000","20336000","16400","1240","164000","124"
"2007-09-11","-0.61","3936000","3936000","16400","240","164000","24"
"2007-09-10","0","12705000","12705000","16500","770","165000","77"
"2007-09-07","0","2970000","2970000","16500","180","165000","18"
"2007-09-06","0","17325000","17325000","16500","1050","165000","105"
"2007-09-05","0","1815000","1815000","16500","110","165000","11"
"2007-09-04","0","15510000","15510000","16500","940","165000","94"
"2007-09-03","0","48840000","48840000","16500","2960","165000","296"
"2007-08-31","3.13","165825000","165825000","16500","10050","165000","1005"
"2007-08-30","0","1760000","1760000","16000","110","160000","11"
"2007-08-29","0","158240000","158240000","16000","9890","160000","989"
"2007-08-28","-0.78","154720000","154720000","16000","9670","160000","967"
"2007-08-27","4.03","1128750000","1128750000","16125","70000","161250","7000"
"2007-08-24","-0.01","6292535000","6292535000","15500","405970","155000","40597"
"2007-08-23","0.66","67276510","67276510","15502","4340","155015","434"
"2007-08-22","0.65","235928000","235928000","15400","15320","154000","1532"
"2007-08-21","2","992970000","992970000","15300","64900","153000","6490"
"2007-08-20","0","769350000","769350000","15000","51290","150000","5129"
"2007-08-17","0","483000000","483000000","15000","32200","150000","3220"
"2007-08-16","0","27000000","27000000","15000","1800","150000","180"
"2007-08-14","7.14","50850000","50850000","15000","3390","150000","339"
"2007-08-13","0","39900000","39900000","14000","2850","140000","285"
"2007-08-10","0","43820000","43820000","14000","3130","140000","313"
"2007-08-09","0","14420000","14420000","14000","1030","140000","103"
"2007-08-08","0","114660000","114660000","14000","8190","140000","819"
"2007-08-03","0","130480000","130480000","14000","9320","140000","932"
"2007-08-02","0","30940000","30940000","14000","2210","140000","221"
"2007-08-01","0","80360000","80360000","14000","5740","140000","574"
"2007-07-31","3.7","30800000","30800000","14000","2200","140000","220"
"2007-07-27","0","6075000","6075000","13500","450","135000","45"
"2007-07-26","0","18495000","18495000","13500","1370","135000","137"
"2007-07-25","3.85","11880000","11880000","13500","880","135000","88"
"2007-07-24","3.17","308360000","308360000","13000","23720","130000","2372"
"2007-07-23","0.8","4032000","4032000","12600","320","126000","32"
"2007-07-20","0","476625000","476625000","12500","38130","125000","3813"
"2007-07-19","2.03","90125000","90125000","12500","7210","125000","721"
"2007-07-18","0.01","127650210","127650210","12251","10420","122505","1042"
"2007-07-17","0.41","69212500","69212500","12250","5650","122500","565"
"2007-07-16","0","14030000","14030000","12200","1150","122000","115"
"2007-07-13","0","77714000","77714000","12200","6370","122000","637"
"2007-07-12","0","39040000","39040000","12200","3200","122000","320"
"2007-07-11","0","20130000","20130000","12200","1650","122000","165"
"2007-07-10","0","40992000","40992000","12200","3360","122000","336"
"2007-07-09","0","57828000","57828000","12200","4740","122000","474"
"2007-07-06","0","140910000","140910000","12200","11550","122000","1155"
"2007-07-05","0","37698000","37698000","12200","3090","122000","309"
"2007-07-04","0","19886000","19886000","12200","1630","122000","163"
"2007-07-03","1.67","46482000","46482000","12200","3810","122000","381"
"2007-07-02","-1.64","50400000","50400000","12000","4200","120000","420"
"2007-06-29","1.67","71004000","71004000","12200","5820","122000","582"
"2007-06-28","0","360480000","360480000","12000","315040","120000","31504"
"2007-06-27","1.27","91440000","91440000","12000","7620","120000","762"
"2007-06-26","0.85","20026500","20026500","11850","1690","118500","169"
"2007-06-25","1.11","50877500","50877500","11750","4330","117500","433"
"2007-06-22","0.01","30445710","30445710","11621","2620","116205","262"
"2007-06-21","0.16","64026200","64026200","11620","5510","116200","551"
"2007-06-20","0.78","31902750","31902750","11601","2750","116010","275"
"2007-06-19","0.01","45008010","45008010","11511","3910","115110","391"
"2007-06-18","0.08","10474100","10474100","11510","910","115100","91"
"2007-06-15","0.01","87403800","87403800","11501","7600","115005","760"
"2007-06-14","0","322690000","322690000","11500","28060","115000","2806"
"2007-06-13","0","816155000","816155000","11500","70970","115000","7097"
"2007-06-12","0","774295000","774295000","11500","162330","115000","16233"
"2007-06-11","0","88435000","88435000","11500","7690","115000","769"
"2007-06-08","0","460000","460000","11500","40","115000","4"
"2007-06-07","0","65320000","65320000","11500","5680","115000","568"
"2007-06-06","0","127995000","127995000","11500","11130","115000","1113"
"2007-06-05","0","77740000","77740000","11500","6760","115000","676"
"2007-06-04","0","4025000","4025000","11500","350","115000","35"
"2007-06-01","6.48","42895000","42895000","11500","3730","115000","373"
"2007-05-31","2.86","10800000","10800000","10800","1000","108000","100"
"2007-05-30","0","93135000","93135000","10500","8870","105000","887"
"2007-05-29","0","315000","315000","10500","30","105000","3"
"2007-05-25","2.69","65310000","65310000","10500","6220","105000","622"
"2007-05-24","0.25","54499250","54499250","10225","5330","102250","533"
"2007-05-23","0.98","47022000","47022000","10200","4610","102000","461"
"2007-05-22","0.01","55754760","55754760","10101","5520","101005","552"
"2007-05-21","0","34239000","34239000","10100","3390","101000","339"
"2007-05-18","1","2020000","2020000","10100","200","101000","20"
"2007-05-16","0","106600000","106600000","10000","10660","100000","1066"
"2007-05-15","0","9399530","9399530","10000","940","99995","94"
"2007-05-14","0","47700000","47700000","10000","4770","100000","477"
"2007-05-11","0","46600000","46600000","10000","4660","100000","466"
"2007-05-10","0","222400000","222400000","10000","22240","100000","2224"
"2007-05-09","1.01","231700000","231700000","10000","23170","100000","2317"
"2007-05-08","-1","24750000","24750000","9900","2500","99000","250"
"2007-05-07","0","50000000","50000000","10000","5000","100000","500"
"2007-05-04","1.01","69996500","69996500","10000","7000","99995","700"
"2007-05-03","-1","3366000","3366000","9900","340","99000","34"
"2007-05-02","0","3000000","3000000","10000","300","100000","30"
"2007-04-30","-1.1","5500000","5500000","10000","550","100000","55"
"2007-04-26","-0.87","5055250","5055250","10111","500","101105","50"
"2007-04-25","0","68034000","68034000","10200","6670","102000","667"
"2007-04-24","0","1927188000","1927188000","10200","188940","102000","18894"
"2007-04-23","0","11730000","11730000","10200","1150","102000","115"
"2007-04-20","0","2652000","2652000","10200","260","102000","26"
"2007-04-19","0.43","84048000","84048000","10200","8240","102000","824"
"2007-04-18","0.16","13811480","13811480","10156","1360","101555","136"
"2007-04-17","0.39","21091200","21091200","10140","2080","101400","208"
"2007-04-16","0.01","1717170","1717170","10101","170","101010","17"
"2007-04-13","1","25654000","25654000","10100","2540","101000","254"
"2007-04-12","0","175900000","175900000","10000","17590","100000","1759"
"2007-04-11","-0.99","19200000","19200000","10000","1920","100000","192"
"2007-04-10","0","7070000","7070000","10100","700","101000","70"
"2007-04-06","0","9999000","9999000","10100","990","101000","99"
"2007-04-05","0.99","8585000","8585000","10100","850","101000","85"
"2007-04-04","0.01","127606380","127606380","10001","12760","100005","1276"
"2007-04-03","1.01","154400000","154400000","10000","15440","100000","1544"
"2007-04-02","-1","127017000","127017000","9900","12830","99000","1283"
"2007-03-30","-0.99","11300000","11300000","10000","1130","100000","113"
"2007-03-28","0","8888000","8888000","10100","880","101000","88"
"2007-03-27","0","16160000","16160000","10100","1600","101000","160"
"2007-03-26","-3.81","17372000","17372000","10100","1720","101000","172"
"2007-03-23","3.96","2625000","2625000","10500","250","105000","25"
"2007-03-22","0","24745000","24745000","10100","2450","101000","245"
"2007-03-21","0","26462000","26462000","10100","2620","101000","262"
"2007-03-20","0","31815000","31815000","10100","3150","101000","315"
"2007-03-19","0.8","75952000","75952000","10100","7520","101000","752"
"2007-03-16","0.2","13527000","13527000","10020","1350","100200","135"
"2007-03-15","0","60900000","60900000","10000","6090","100000","609"
"2007-03-14","1.01","25700000","25700000","10000","2570","100000","257"
"2007-03-13","-1","52470000","52470000","9900","5300","99000","530"
"2007-03-12","2.04","57000000","57000000","10000","5700","100000","570"
"2007-03-09","-2","9800000","9800000","9800","1000","98000","100"
"2007-03-08","0","22800000","22800000","10000","2280","100000","228"
"2007-03-07","-0.4","11600000","11600000","10000","1160","100000","116"
"2007-03-02","-0.02","4618400","4618400","10040","460","100400","46"
"2007-03-01","0","65370165","65370165","10042","6510","100415","651"
"2007-02-28","0.02","26911220","26911220","10042","2680","100415","268"
"2007-02-27","0.15","43272400","43272400","10040","4310","100400","431"
"2007-02-26","0.24","38997250","38997250","10025","3890","100250","389"
"2007-02-23","0.01","73307330","73307330","10001","7330","100010","733"
"2007-02-22","1.83","53100000","53100000","10000","5310","100000","531"
"2007-02-21","0","5892000","5892000","9820","600","98200","60"
"2007-02-20","0.15","60098400","60098400","9820","6120","98200","612"
"2007-02-19","0.05","87362550","87362550","9805","8910","98050","891"
"2007-02-16","3.59","55860000","55860000","9800","5700","98000","570"
"2007-02-15","0.3","61017000","61017000","9460","6450","94600","645"
"2007-02-14","0.02","29426280","29426280","9432","3120","94315","312"
"2007-02-13","0.32","42906500","42906500","9430","4550","94300","455"
"2007-02-12","1.9","37976000","37976000","9400","4040","94000","404"
"2007-02-09","0.11","20295000","20295000","9225","2200","92250","220"
"2007-02-08","0.04","5529000","5529000","9215","600","92150","60"
"2007-02-07","0.1","41355145","41355145","9211","4490","92105","449"
"2007-02-06","0","110239960","110239960","9202","11980","92020","1198"
"2007-02-05","0.02","70023415","70023415","9202","7610","92015","761"
"2007-02-02","0","38364000","38364000","9200","4170","92000","417"
"2007-02-01","0","13800000","13800000","9200","1500","92000","150"
"2007-01-31","0","21436000","21436000","9200","2330","92000","233"
"2007-01-29","1.66","19596000","19596000","9200","2130","92000","213"
"2007-01-26","-1.09","8507000","8507000","9050","940","90500","94"
"2007-01-25","0","3385500","3385500","9150","370","91500","37"
"2007-01-24","-0.54","12810000","12810000","9150","1400","91500","140"
"2007-01-23","0.55","120244000","120244000","9200","13070","92000","1307"
"2007-01-22","-0.54","62952000","62952000","9150","6880","91500","688"
"2007-01-19","0.55","607292000","607292000","9200","66010","92000","6601"
"2007-01-18","0","42090000","42090000","9150","4600","91500","460"
"2007-01-17","0.55","61213500","61213500","9150","6690","91500","669"
"2007-01-16","-0.01","728000","728000","9100","80","91000","8"
"2007-01-12","0.01","7826860","7826860","9101","860","91010","86"
"2007-01-11","0","429520000","429520000","9100","47200","91000","4720"
"2007-01-10","0","103285000","103285000","9100","11350","91000","1135"
"2007-01-05","0","1274000","1274000","9100","140","91000","14"
"2007-01-04","0","26754000","26754000","9100","2940","91000","294"
"2007-01-03","0","7735000","7735000","9100","850","91000","85"
"2007-01-02","0","9100000","9100000","9100","1000","91000","100"
"2006-12-29","-0.55","910000","910000","9100","100","91000","10"
"2006-12-28","-1.61","9790500","9790500","9150","1070","91500","107"
"2006-12-27","1.64","641421000","641421000","9300","68970","93000","6897"
"2006-12-26","0","174124500","174124500","9150","19030","91500","1903"
"2006-12-22","0","63775500","63775500","9150","6970","91500","697"
"2006-12-21","0","20953500","20953500","9150","2290","91500","229"
"2006-12-20","0","4300500","4300500","9150","470","91500","47"
"2006-12-19","0","7503000","7503000","9150","820","91500","82"
"2006-12-18","-0.54","13267500","13267500","9150","1450","91500","145"
"2006-12-15","0.55","3220000","3220000","9200","350","92000","35"
"2006-12-14","-0.54","31750500","31750500","9150","3470","91500","347"
"2006-12-13","0","128984000","128984000","9200","14020","92000","1402"
"2006-12-12","0","20332000","20332000","9200","2210","92000","221"
"2006-12-11","0","14444000","14444000","9200","1570","92000","157"
"2006-12-08","0","28796000","28796000","9200","3130","92000","313"
"2006-12-07","0","35880000","35880000","9200","3900","92000","390"
"2006-12-06","-0.11","16836000","16836000","9200","1830","92000","183"
"2006-12-05","0.66","38682000","38682000","9210","4200","92100","420"
"2006-12-04","-0.54","9241500","9241500","9150","1010","91500","101"
"2006-12-01","-0.11","23920000","23920000","9200","2600","92000","260"
"2006-11-30","0.55","10867800","10867800","9210","1180","92100","118"
"2006-11-29","0.11","46990800","46990800","9160","5130","91600","513"
"2006-11-28","0","85278000","85278000","9150","9320","91500","932"
"2006-11-27","0.44","35776500","35776500","9150","3910","91500","391"
"2006-11-24","-1.3","48738500","48738500","9110","5350","91100","535"
"2006-11-23","0.27","83531500","83531500","9230","9050","92300","905"
"2006-11-22","0","117271700","117271700","9205","12740","92050","1274"
"2006-11-21","0.05","62133750","62133750","9205","6750","92050","675"
"2006-11-20","0","31280000","31280000","9200","3400","92000","340"
"2006-11-17","1.66","45540000","45540000","9200","4950","92000","495"
"2006-11-16","0","39820000","39820000","9050","4400","90500","440"
"2006-11-14","0.56","37557500","37557500","9050","4150","90500","415"
"2006-11-13","-0.55","224910000","224910000","9000","24990","90000","2499"
"2006-11-10","1.69","47331500","47331500","9050","5230","90500","523"
"2006-11-09","-1.66","76629000","76629000","8900","8610","89000","861"
"2006-11-08","0.56","27874000","27874000","9050","3080","90500","308"
"2006-11-07","0","33570000","33570000","9000","3730","90000","373"
"2006-11-06","0","35010000","35010000","9000","3890","90000","389"
"2006-11-03","1.12","238950000","238950000","9000","26550","90000","2655"
"2006-11-02","0","267000","267000","8900","30","89000","3"
"2006-10-31","-1.11","38626000","38626000","8900","4340","89000","434"
"2006-10-30","0","29160000","29160000","9000","3240","90000","324"
"2006-10-27","1.12","128340000","128340000","9000","14260","90000","1426"
"2006-10-26","-1.11","111339000","111339000","8900","12510","89000","1251"
"2006-10-25","0","11340000","11340000","9000","1260","90000","126"
"2006-10-24","0","990000","990000","9000","110","90000","11"
"2006-10-20","0","80820000","80820000","9000","8980","90000","898"
"2006-10-18","1.68","6930000","6930000","9000","770","90000","77"
"2006-10-17","-3.79","20444655","20444655","8851","2310","88505","231"
"2006-10-16","2.22","405628000","405628000","9200","44090","92000","4409"
"2006-10-13","2.27","96930000","96930000","9000","10770","90000","1077"
"2006-10-12","0","59664000","59664000","8800","6780","88000","678"
"2006-10-10","0","109824000","109824000","8800","12480","88000","1248"
"2006-10-09","0","222640000","222640000","8800","25300","88000","2530"
"2006-10-06","0","220264000","220264000","8800","25030","88000","2503"
"2006-10-04","0","65560000","65560000","8800","7450","88000","745"
"2006-10-02","0","14520000","14520000","8800","1650","88000","165"
"2006-09-29","0","54824000","54824000","8800","6230","88000","623"
"2006-09-28","0","48576000","48576000","8800","5520","88000","552"
"2006-09-27","0","69872000","69872000","8800","7940","88000","794"
"2006-09-26","0","23936000","23936000","8800","2720","88000","272"
"2006-09-25","0","23144000","23144000","8800","2630","88000","263"
"2006-09-22","0","106656000","106656000","8800","12120","88000","1212"
"2006-09-21","0","976536000","976536000","8800","110970","88000","11097"
"2006-09-20","0","14696000","14696000","8800","1670","88000","167"
"2006-09-19","-0.56","27016000","27016000","8800","3070","88000","307"
"2006-09-18","0","30975000","30975000","8850","3500","88500","350"
"2006-09-15","0","87880500","87880500","8850","9930","88500","993"
"2006-09-14","0","23010000","23010000","8850","2600","88500","260"
"2006-09-13","0","18319500","18319500","8850","2070","88500","207"
"2006-09-12","-0.56","45577500","45577500","8850","5150","88500","515"
"2006-09-11","0","45301000","45301000","8900","5090","89000","509"
"2006-09-08","0","31061000","31061000","8900","3490","89000","349"
"2006-09-07","0","13350000","13350000","8900","1500","89000","150"
"2006-09-06","-1.11","35066000","35066000","8900","3940","89000","394"
"2006-09-05","0","38070000","38070000","9000","4230","90000","423"
"2006-09-04","0","1530000000","1530000000","9000","170000","90000","17000"
"2006-09-01","-0.55","15210000","15210000","9000","1690","90000","169"
"2006-08-31","0","105794500","105794500","9050","11690","90500","1169"
"2006-08-30","0","3167500","3167500","9050","350","90500","35"
"2006-08-29","0","63078500","63078500","9050","6970","90500","697"
"2006-08-28","0","86970500","86970500","9050","9610","90500","961"
"2006-08-25","6.47","15963114000","15963114000","9050","1763880","90500","176388"
"2006-08-24","0","23290000","23290000","8500","2740","85000","274"
"2006-08-23","0","144245000","144245000","8500","16970","85000","1697"
"2006-08-22","0","2465000","2465000","8500","290","85000","29"
"2006-08-21","0","185385000","185385000","8500","21810","85000","2181"
"2006-08-18","0.59","594150000","594150000","8500","69900","85000","6990"
"2006-08-17","-0.59","61854000","61854000","8450","7320","84500","732"
"2006-08-16","0","104890000","104890000","8500","12340","85000","1234"
"2006-08-14","0","10455000","10455000","8500","1230","85000","123"
"2006-08-11","0","18360000","18360000","8500","2160","85000","216"
"2006-08-10","0","62815000","62815000","8500","7390","85000","739"
"2006-08-09","0","28135000","28135000","8500","3310","85000","331"
"2006-08-08","0","9350000","9350000","8500","1100","85000","110"
"2006-08-04","0","711620000","711620000","8500","83720","85000","8372"
"2006-08-03","0","38675000","38675000","8500","4550","85000","455"
"2006-08-02","0","7735000","7735000","8500","910","85000","91"
"2006-08-01","0","30600000","30600000","8500","3600","85000","360"
"2006-07-31","0","23460000","23460000","8500","2760","85000","276"
"2006-07-28","0","24990000","24990000","8500","2940","85000","294"
"2006-07-27","0","56355000","56355000","8500","6630","85000","663"
"2006-07-26","0","40035000","40035000","8500","4710","85000","471"
"2006-07-25","0","54315000","54315000","8500","6390","85000","639"
"2006-07-24","0","48535000","48535000","8500","5710","85000","571"
"2006-07-21","0","111095000","111095000","8500","13070","85000","1307"
"2006-07-20","0","60690000","60690000","8500","7140","85000","714"
"2006-07-19","0","29495000","29495000","8500","3470","85000","347"
"2006-07-18","0","200005000","200005000","8500","23530","85000","2353"
"2006-07-17","3.66","105740000","105740000","8500","12440","85000","1244"
"2006-07-14","2.5","280276000","280276000","8200","34180","82000","3418"
"2006-07-13","0","115280000","115280000","8000","14410","80000","1441"
"2006-07-12","-5.88","61680000","61680000","8000","7710","80000","771"
"2006-07-11","0","144500000","144500000","8500","17000","85000","1700"
"2006-07-10","0","111768425","111768425","8500","13150","84995","1315"
"2006-07-07","0","34000000","34000000","8500","4000","85000","400"
"2006-07-06","-4.49","765000","765000","8500","90","85000","9"
"2006-07-05","0","74404000","74404000","8900","8360","89000","836"
"2006-07-04","0","73247000","73247000","8900","8230","89000","823"
"2006-07-03","0","87220000","87220000","8900","9800","89000","980"
"2006-06-30","0","3560000","3560000","8900","400","89000","40"
"2006-06-29","0","160200000","160200000","8900","18000","89000","1800"
"2006-06-28","0","66750000","66750000","8900","7500","89000","750"
"2006-06-27","0","109203000","109203000","8900","12270","89000","1227"
"2006-06-26","0","44500000","44500000","8900","5000","89000","500"
"2006-06-23","0","45479000","45479000","8900","5110","89000","511"
"2006-06-22","0","312479000","312479000","8900","35110","89000","3511"
"2006-06-21","1.14","222500000","222500000","8900","25000","89000","2500"
"2006-06-20","-1.12","93808000","93808000","8800","10660","88000","1066"
"2006-06-19","0","62745000","62745000","8900","7050","89000","705"
"2006-06-16","0","44500000","44500000","8900","5000","89000","500"
"2006-06-15","-0.45","45212000","45212000","8900","5080","89000","508"
"2006-06-14","0","149476800","149476800","8940","16720","89400","1672"
"2006-06-13","-0.11","9118800","9118800","8940","1020","89400","102"
"2006-06-12","0.11","16378500","16378500","8950","1830","89500","183"
"2006-06-09","-0.11","27892800","27892800","8940","3120","89400","312"
"2006-06-08","0","8950000","8950000","8950","1000","89500","100"
"2006-06-07","0","14409500","14409500","8950","1610","89500","161"
"2006-06-06","-0.44","40096000","40096000","8950","4480","89500","448"
"2006-06-02","0.45","324628900","324628900","8990","36110","89900","3611"
"2006-06-01","0","500663000","500663000","8950","55940","89500","5594"
"2006-05-31","0","11993000","11993000","8950","1340","89500","134"
"2006-05-30","0","3580000","3580000","8950","400","89500","40"
"2006-05-29","-0.44","8234000","8234000","8950","920","89500","92"
"2006-05-26","0","278690000","278690000","8990","31000","89900","3100"
"2006-05-24","0","6562700","6562700","8990","730","89900","73"
"2006-05-23","0","28857900","28857900","8990","3210","89900","321"
"2006-05-22","0.45","1168700000","1168700000","8990","130000","89900","13000"
"2006-05-19","0","40812000","40812000","8950","4560","89500","456"
"2006-05-18","-0.33","82429500","82429500","8950","9210","89500","921"
"2006-05-17","0","27748200","27748200","8980","3090","89800","309"
"2006-05-16","0","20205000","20205000","8980","2250","89800","225"
"2006-05-15","-0.22","4759400","4759400","8980","530","89800","53"
"2006-05-12","0.22","155250000","155250000","9000","17250","90000","1725"
"2006-05-11","0","62949800","62949800","8980","7010","89800","701"
"2006-05-10","0","100576000","100576000","8980","11200","89800","1120"
"2006-05-09","0","86477400","86477400","8980","9630","89800","963"
"2006-05-08","0","45618400","45618400","8980","5080","89800","508"
"2006-05-05","0.11","71840000","71840000","8980","8000","89800","800"
"2006-05-04","-0.11","22425000","22425000","8970","2500","89700","250"
"2006-05-03","0","25233800","25233800","8980","2810","89800","281"
"2006-05-02","-0.11","15715000","15715000","8980","1750","89800","175"
"2006-04-28","0","88281800","88281800","8990","9820","89900","982"
"2006-04-27","0","53940000","53940000","8990","6000","89900","600"
"2006-04-26","0","48725800","48725800","8990","5420","89900","542"
"2006-04-25","0","45759100","45759100","8990","5090","89900","509"
"2006-04-24","0","44950000","44950000","8990","5000","89900","500"
"2006-04-21","0.45","148694600","148694600","8990","16540","89900","1654"
"2006-04-20","-0.44","117245000","117245000","8950","13100","89500","1310"
"2006-04-18","-1.21","83157500","83157500","8990","9250","89900","925"
"2006-04-12","0","59969000","59969000","9100","6590","91000","659"
"2006-04-10","0","35581000","35581000","9100","3910","91000","391"
"2006-04-07","0","384384000","384384000","9100","42240","91000","4224"
"2006-04-06","0","393029000","393029000","9100","43190","91000","4319"
"2006-04-05","0","38038000","38038000","9100","4180","91000","418"
"2006-04-04","0","68978000","68978000","9100","7580","91000","758"
"2006-04-03","0","4823000","4823000","9100","530","91000","53"
"2006-03-31","0","42224000","42224000","9100","4640","91000","464"
"2006-03-30","0","51415000","51415000","9100","5650","91000","565"
"2006-03-29","1.11","114023000","114023000","9100","12530","91000","1253"
"2006-03-28","-1.1","4500000","4500000","9000","500","90000","50"
"2006-03-27","0","60879000","60879000","9100","6690","91000","669"
"2006-03-24","0.11","94367000","94367000","9100","10370","91000","1037"
"2006-03-23","-0.11","699293700","699293700","9090","76930","90900","7693"
"2006-03-22","0","1310400000","1310400000","9100","144000","91000","14400"
"2006-03-21","-0.11","3367000","3367000","9100","370","91000","37"
"2006-03-20","0.11","54660000","54660000","9110","6000","91100","600"
"2006-03-17","0","57148000","57148000","9100","6280","91000","628"
"2006-03-16","0","178633000","178633000","9100","19630","91000","1963"
"2006-03-15","0","543543000","543543000","9100","59730","91000","5973"
"2006-03-14","0","345527000","345527000","9100","37970","91000","3797"
"2006-03-13","0","138047000","138047000","9100","15170","91000","1517"
"2006-03-10","1.11","207207000","207207000","9100","22770","91000","2277"
"2006-03-09","-1.21","144900000","144900000","9000","16100","90000","1610"
"2006-03-08","0.11","24505900","24505900","9110","2690","91100","269"
"2006-03-07","0","128128000","128128000","9100","14080","91000","1408"
"2006-03-06","0","230867000","230867000","9100","25370","91000","2537"
"2006-03-03","0","369824000","369824000","9100","40640","91000","4064"
"2006-03-02","0","146692000","146692000","9100","16120","91000","1612"
"2006-03-01","-0.55","11830000","11830000","9100","1300","91000","130"
"2006-02-28","0.55","7777500","7777500","9150","850","91500","85"
"2006-02-27","0","43771000","43771000","9100","4810","91000","481"
"2006-02-24","1.11","293839000","293839000","9100","32290","91000","3229"
"2006-02-23","-1.1","26010000","26010000","9000","2890","90000","289"
"2006-02-22","-0.55","3185000","3185000","9100","350","91000","35"
"2006-02-21","0.55","32025000","32025000","9150","3500","91500","350"
"2006-02-20","0","3640000","3640000","9100","400","91000","40"
"2006-02-17","1.11","32578000","32578000","9100","3580","91000","358"
"2006-02-16","-1.64","8460000","8460000","9000","940","90000","94"
"2006-02-15","0.55","412756500","412756500","9150","45110","91500","4511"
"2006-02-14","-0.55","18200000","18200000","9100","2000","91000","200"
"2006-02-13","-0.54","453382500","453382500","9150","49550","91500","4955"
"2006-02-10","-1.08","9016000","9016000","9200","980","92000","98"
"2006-02-09","1.64","697872000","697872000","9300","75040","93000","7504"
"2006-02-08","0","71553000","71553000","9150","7820","91500","782"
"2006-02-07","0","56730000","56730000","9150","6200","91500","620"
"2006-02-06","0.44","172752000","172752000","9150","18880","91500","1888"
"2006-02-03","1.22","290426800","290426800","9110","31880","91100","3188"
"2006-02-02","0","46080000","46080000","9000","5120","90000","512"
"2006-02-01","0","265230000","265230000","9000","210000","90000","21000"
"2006-01-31","-1.64","180450000","180450000","9000","20050","90000","2005"
"2006-01-30","0","938515500","938515500","9150","102570","91500","10257"
"2006-01-27","1.67","183000000","183000000","9150","20000","91500","2000"
"2006-01-26","-1.64","9990000","9990000","9000","1110","90000","111"
"2006-01-25","0","19489500","19489500","9150","2130","91500","213"
"2006-01-24","0","13176000","13176000","9150","1440","91500","144"
"2006-01-23","0","23698500","23698500","9150","2590","91500","259"
"2006-01-20","0","39894000","39894000","9150","4360","91500","436"
"2006-01-19","0","12078000","12078000","9150","1320","91500","132"
"2006-01-17","0","5490000","5490000","9150","600","91500","60"
"2006-01-16","5.17","21319500","21319500","9150","2330","91500","233"
"2006-01-13","2.35","32103000","32103000","8700","3690","87000","369"
"2006-01-12","6.24","2550000","2550000","8500","300","85000","30"
"2006-01-11","0","165770360","165770360","8001","20720","80005","2072"
"2006-01-09","2.58","28001750","28001750","8001","3500","80005","350"
"2006-01-06","4","27456000","27456000","7800","3520","78000","352"
"2006-01-05","7.13","27300000","27300000","7500","3640","75000","364"
"2006-01-04","1.46","37735390","37735390","7001","5390","70010","539"
"2006-01-03","2.95","57201000","57201000","6900","8290","69000","829"
"2005-12-30","0.01","3953885","3953885","6702","590","67015","59"
"2005-12-29","0","280838910","280838910","6701","41910","67010","4191"
"2005-12-28","0.75","4824720","4824720","6701","720","67010","72"
"2005-12-27","3.12","35380660","35380660","6651","5320","66505","532"
"2005-12-26","2.22","37797000","37797000","6450","5860","64500","586"
"2005-12-23","1.69","1893000","1893000","6310","300","63100","30"
"2005-12-22","0.86","744600","744600","6205","120","62050","12"
"2005-12-21","0.51","40292325","40292325","6152","6550","61515","655"
"2005-12-20","0.1","612050","612050","6121","100","61205","10"
"2005-12-19","0.23","13636450","13636450","6115","2230","61150","223"
"2005-12-16","1.48","1342110","1342110","6101","220","61005","22"
"2005-12-15","0.02","3606900","3606900","6012","600","60115","60"
"2005-12-14","0.17","7152495","7152495","6011","1190","60105","119"
"2005-12-13","0.02","30125020","30125020","6001","5020","60010","502"
"2005-12-12","0","46680000","46680000","6000","7780","60000","778"
"2005-12-09","0","90300000","90300000","6000","15050","60000","1505"
"2005-12-08","0","131280000","131280000","6000","21880","60000","2188"
"2005-12-07","0","76560000","76560000","6000","12760","60000","1276"
"2005-12-06","0","88980000","88980000","6000","14830","60000","1483"
"2005-12-05","0","44460000","44460000","6000","7410","60000","741"
"2005-12-02","0","30720000","30720000","6000","5120","60000","512"
"2005-12-01","-0.02","9240000","9240000","6000","1540","60000","154"
"2005-11-30","-0.15","48004000","48004000","6001","8000","60005","800"
"2005-11-29","0.17","6490800","6490800","6010","1080","60100","108"
"2005-11-28","0","91620000","91620000","6000","15270","60000","1527"
"2005-11-25","0","3960000","3960000","6000","660","60000","66"
"2005-11-24","0","48480000","48480000","6000","8080","60000","808"
"2005-11-23","0","1860000","1860000","6000","310","60000","31"
"2005-11-22","0","187140000","187140000","6000","31190","60000","3119"
"2005-11-21","0","6600000","6600000","6000","1100","60000","110"
"2005-11-18","0","45120000","45120000","6000","7520","60000","752"
"2005-11-17","0","19500000","19500000","6000","3250","60000","325"
"2005-11-16","0","14580000","14580000","6000","2430","60000","243"
"2005-11-14","0","13380000","13380000","6000","2230","60000","223"
"2005-11-11","0","22800000","22800000","6000","3800","60000","380"
"2005-11-10","0","19560000","19560000","6000","3260","60000","326"
"2005-11-09","0","11520000","11520000","6000","1920","60000","192"
"2005-11-08","0","900000","900000","6000","150","60000","15"
"2005-11-07","0","10080000","10080000","6000","1680","60000","168"
"2005-11-04","0","9240000","9240000","6000","1540","60000","154"
"2005-11-02","2.55","55440000","55440000","6000","9240","60000","924"
"2005-10-31","1.76","1930665","1930665","5851","330","58505","33"
"2005-10-28","0","26910000","26910000","5750","4680","57500","468"
"2005-10-27","0","9487500","9487500","5750","1650","57500","165"
"2005-10-26","1.23","14950000","14950000","5750","2600","57500","260"
"2005-10-25","0","66910400","66910400","5680","11780","56800","1178"
"2005-10-24","0.51","4203200","4203200","5680","740","56800","74"
"2005-10-21","0","38140875","38140875","5651","6750","56505","675"
"2005-10-20","0.02","24918705","24918705","5651","4410","56505","441"
"2005-10-19","0","39267500","39267500","5650","6950","56500","695"
"2005-10-18","0","29267000","29267000","5650","5180","56500","518"
"2005-10-17","0.53","18306000","18306000","5650","3240","56500","324"
"2005-10-14","0","899200","899200","5620","160","56200","16"
"2005-10-13","0.36","12813600","12813600","5620","2280","56200","228"
"2005-10-12","1.82","3528000","3528000","5600","630","56000","63"
"2005-10-11","3.77","33330000","33330000","5500","6060","55000","606"
"2005-10-10","1.2","14045000","14045000","5300","2650","53000","265"
"2005-10-07","0.21","5393595","5393595","5237","1030","52365","103"
"2005-10-06","0.1","3135300","3135300","5226","600","52255","60"
"2005-10-05","0.02","14721810","14721810","5221","2820","52205","282"
"2005-10-04","0.17","8352000","8352000","5220","1600","52200","160"
"2005-10-03","0","13288050","13288050","5211","2550","52110","255"
"2005-09-30","0.21","6148390","6148390","5211","1180","52105","118"
"2005-09-29","3.9","193180000","193180000","5200","37150","52000","3715"
"2005-09-28","0.1","70820750","70820750","5005","14150","50050","1415"
"2005-09-27","0","400000","400000","5000","80","50000","8"
"2005-09-26","0","5650000","5650000","5000","1130","50000","113"
"2005-09-23","0","6400000","6400000","5000","1280","50000","128"
"2005-09-22","0","6500000","6500000","5000","1300","50000","130"
"2005-09-21","0","21350000","21350000","5000","4270","50000","427"
"2005-09-20","-0.02","26550000","26550000","5000","5310","50000","531"
"2005-09-19","0","6651330","6651330","5001","1330","50010","133"
"2005-09-16","0.02","34003400","34003400","5001","6800","50005","680"
"2005-09-15","0","9050000","9050000","5000","1810","50000","181"
"2005-09-14","0","8150000","8150000","5000","1630","50000","163"
"2005-09-13","0","8550000","8550000","5000","1710","50000","171"
"2005-09-12","-3.85","5750000","5750000","5000","1150","50000","115"
"2005-09-09","4","260000000","260000000","5200","50000","52000","5000"
"2005-09-08","0","1500000","1500000","5000","300","50000","30"
"2005-09-07","0","600000","600000","5000","120","50000","12"
"2005-09-06","0","76450000","76450000","5000","15290","50000","1529"
"2005-09-05","0","50000","50000","5000","10","50000","1"
"2005-09-02","0","6000000","6000000","5000","1200","50000","120"
"2005-09-01","0","4500000","4500000","5000","900","50000","90"
"2005-08-31","-0.02","4150000","4150000","5000","830","50000","83"
"2005-08-30","0.02","37853785","37853785","5001","7570","50005","757"
"2005-08-29","-0.02","5000000","5000000","5000","1000","50000","100"
"2005-08-26","0.02","50005000","50005000","5001","10000","50005","1000"
"2005-08-25","-0.02","5500000","5500000","5000","1100","50000","110"
"2005-08-24","0.02","53005300","53005300","5001","10600","50005","1060"
"2005-08-23","0","5250000","5250000","5000","1050","50000","105"
"2005-08-22","0","400000","400000","5000","80","50000","8"
"2005-08-19","-1.77","7850000","7850000","5000","1570","50000","157"
"2005-08-18","1.8","250071700","250071700","5090","49130","50900","4913"
"2005-08-17","0","1500000","1500000","5000","300","50000","30"
"2005-08-16","0","15500000","15500000","5000","3100","50000","310"
"2005-08-12","0","5000000","5000000","5000","1000","50000","100"
"2005-08-11","0","11350000","11350000","5000","2270","50000","227"
"2005-08-10","0","5700000","5700000","5000","1140","50000","114"
"2005-08-09","0","5100000","5100000","5000","1020","50000","102"
"2005-08-05","0","5000000","5000000","5000","1000","50000","100"
"2005-08-04","0","60000000","60000000","5000","12000","50000","1200"
"2005-08-03","0","64850000","64850000","5000","12970","50000","1297"
"2005-08-02","0","1950000","1950000","5000","390","50000","39"
"2005-08-01","0","52700000","52700000","5000","10540","50000","1054"
"2005-07-29","0","42200000","42200000","5000","8440","50000","844"
"2005-07-28","0","61550000","61550000","5000","12310","50000","1231"
"2005-07-27","0","40700000","40700000","5000","8140","50000","814"
"2005-07-26","0","18000000","18000000","5000","3600","50000","360"
"2005-07-25","0","77350000","77350000","5000","15470","50000","1547"
"2005-07-22","0","31050000","31050000","5000","6210","50000","621"
"2005-07-21","0","12000000","12000000","5000","2400","50000","240"
"2005-07-20","0","8500000","8500000","5000","1700","50000","170"
"2005-07-19","0","19500000","19500000","5000","3900","50000","390"
"2005-07-18","0","9000000","9000000","5000","1800","50000","180"
"2005-07-15","0","3600000","3600000","5000","720","50000","72"
"2005-07-14","0","25800000","25800000","5000","5160","50000","516"
"2005-07-13","0","6800000","6800000","5000","1360","50000","136"
"2005-07-12","0","9550000","9550000","5000","1910","50000","191"
"2005-07-11","2.04","17900000","17900000","5000","3580","50000","358"
"2005-07-08","-2.02","5586000","5586000","4900","1140","49000","114"
"2005-07-07","0","14651465","14651465","5001","2930","50005","293"
"2005-07-06","0","18551855","18551855","5001","3710","50005","371"
"2005-07-05","0","11851185","11851185","5001","2370","50005","237"
"2005-07-04","0.02","55855585","55855585","5001","11170","50005","1117"
"2005-07-01","-9.17","15000000","15000000","5000","3000","50000","300"
"2005-06-29","0.07","12826650","12826650","5505","2330","55050","233"
"2005-06-28","0","56490135","56490135","5501","10270","55005","1027"
"2005-06-27","0.02","68377430","68377430","5501","12430","55010","1243"
"2005-06-24","0","48400000","48400000","5500","8800","55000","880"
"2005-06-23","0","27225000","27225000","5500","4950","55000","495"
"2005-06-22","0","29865000","29865000","5500","5430","55000","543"
"2005-06-21","0","24750000","24750000","5500","4500","55000","450"
"2005-06-20","0","40150000","40150000","5500","7300","55000","730"
"2005-06-17","0","130295000","130295000","5500","23690","55000","2369"
"2005-06-16","0","70235000","70235000","5500","12770","55000","1277"
"2005-06-15","0","112200000","112200000","5500","20400","55000","2040"
"2005-06-14","0","63470000","63470000","5500","11540","55000","1154"
"2005-06-13","0","20955000","20955000","5500","3810","55000","381"
"2005-06-10","0","29425000","29425000","5500","5350","55000","535"
"2005-06-09","0","154110000","154110000","5500","28020","55000","2802"
"2005-06-08","0","1100000","1100000","5500","200","55000","20"
"2005-06-07","-0.54","75570000","75570000","5500","13740","55000","1374"
"2005-06-06","-0.36","11447100","11447100","5530","2070","55300","207"
"2005-06-03","0","83139000","83139000","5550","14980","55500","1498"
"2005-06-02","0","12543000","12543000","5550","2260","55500","226"
"2005-06-01","0","277500","277500","5550","50","55500","5"
"2005-05-31","0","17760000","17760000","5550","3200","55500","320"
"2005-05-30","0","27195000","27195000","5550","4900","55500","490"
"2005-05-27","0.73","39460500","39460500","5550","61590","55500","6159"
"2005-05-26","2.51","962597000","962597000","5510","174700","55100","17470"
"2005-05-25","7.5","431290000","431290000","5375","80240","53750","8024"
"2005-05-24","0","10500000","10500000","5000","2100","50000","210"
"2005-05-23","0","11500000","11500000","5000","2300","50000","230"
"2005-05-20","0","151350000","151350000","5000","30270","50000","3027"
"2005-05-19","3.09","36600000","36600000","5000","7320","50000","732"
"2005-05-18","3.19","8342000","8342000","4850","1720","48500","172"
"2005-05-17","2.15","57716000","57716000","4700","12280","47000","1228"
"2005-05-13","0.9","67397325","67397325","4601","14650","46005","1465"
"2005-05-12","3.4","15504000","15504000","4560","3400","45600","340"
"2005-05-11","2.56","10672200","10672200","4410","2420","44100","242"
"2005-05-10","2.11","5289000","5289000","4300","1230","43000","123"
"2005-05-09","2.71","29599815","29599815","4211","7030","42105","703"
"2005-05-06","0.99","28577000","28577000","4100","6970","41000","697"
"2005-05-03","0.17","17742200","17742200","4060","4370","40600","437"
"2005-04-29","0","405300","405300","4053","100","40530","10"
"2005-04-28","0","4620420","4620420","4053","1140","40530","114"
"2005-04-27","0","12848010","12848010","4053","3170","40530","317"
"2005-04-26","-1.15","32667180","32667180","4053","8060","40530","806"
"2005-04-22","1.23","1353000","1353000","4100","330","41000","33"
"2005-04-19","-0.02","324000","324000","4050","80","40500","8"
"2005-04-18","0.02","22763810","22763810","4051","5620","40505","562"
"2005-04-15","0","324000","324000","4050","80","40500","8"
"2005-04-14","0","30577500","30577500","4050","7550","40500","755"
"2005-04-13","0","5184000","5184000","4050","1280","40500","128"
"2005-04-12","0","22761000","22761000","4050","5620","40500","562"
"2005-04-11","0","5872500","5872500","4050","1450","40500","145"
"2005-04-08","0","8100000","8100000","4050","2000","40500","200"
"2005-04-06","0","14823000","14823000","4050","3660","40500","366"
"2005-04-05","0","607500","607500","4050","150","40500","15"
"2005-04-04","0","10125000","10125000","4050","2500","40500","250"
"2005-04-01","0","15754500","15754500","4050","3890","40500","389"
"2005-03-31","0.97","2146500","2146500","4050","530","40500","53"
"2005-03-30","0.28","8622575","8622575","4011","2150","40105","215"
"2005-03-29","-0.25","5200000","5200000","4000","1300","40000","130"
"2005-03-25","0","16882100","16882100","4010","4210","40100","421"
"2005-03-24","0.22","12270600","12270600","4010","3060","40100","306"
"2005-03-23","0","14403600","14403600","4001","3600","40010","360"
"2005-03-22","0.03","1360340","1360340","4001","340","40010","34"
"2005-03-21","0","30760000","30760000","4000","7690","40000","769"
"2005-03-18","0","55240000","55240000","4000","13810","40000","1381"
"2005-03-17","0","27600000","27600000","4000","6900","40000","690"
"2005-03-16","0","21120000","21120000","4000","5280","40000","528"
"2005-03-15","0","27600000","27600000","4000","6900","40000","690"
"2005-03-14","-0.02","2080000","2080000","4000","520","40000","52"
"2005-03-11","0.03","30407600","30407600","4001","7600","40010","760"
"2005-03-10","-0.02","1720000","1720000","4000","430","40000","43"
"2005-03-09","0","14683670","14683670","4001","3670","40010","367"
"2005-03-08","0.03","11562890","11562890","4001","2890","40010","289"
"2005-03-07","0","2960000","2960000","4000","740","40000","74"
"2005-03-04","0","21000000","21000000","4000","5250","40000","525"
"2005-03-03","0","18720000","18720000","4000","4680","40000","468"
"2005-03-02","3.87","1120000","1120000","4000","280","40000","28"
"2005-03-01","0.03","15633030","15633030","3851","4060","38505","406"
"2005-02-28","0","80619000","80619000","3850","20940","38500","2094"
"2005-02-25","0","49126000","49126000","3850","12760","38500","1276"
"2005-02-24","0","5236000","5236000","3850","1360","38500","136"
"2005-02-23","0","5005000","5005000","3850","1300","38500","130"
"2005-02-22","0","7315000","7315000","3850","1900","38500","190"
"2005-02-21","0.52","6352500","6352500","3850","1650","38500","165"
"2005-02-18","0","22788500","22788500","3830","5950","38300","595"
"2005-02-17","0.79","15128500","15128500","3830","3950","38300","395"
"2005-02-16","0","22268000","22268000","3800","5860","38000","586"
"2005-02-15","-0.26","48564000","48564000","3800","12780","38000","1278"
"2005-02-14","0.21","17183100","17183100","3810","4510","38100","451"
"2005-02-11","0.03","87141840","87141840","3802","22920","38020","2292"
"2005-02-10","0.03","22156915","22156915","3801","5830","38005","583"
"2005-02-09","0","21470000","21470000","3800","5650","38000","565"
"2005-02-08","-0.03","25688000","25688000","3800","6760","38000","676"
"2005-02-07","1.33","14023845","14023845","3801","3690","38005","369"
"2005-02-04","0.03","7275970","7275970","3751","1940","37505","194"
"2005-02-03","0.94","4237500","4237500","3750","1130","37500","113"
"2005-02-02","0.35","12482400","12482400","3715","3360","37150","336"
"2005-02-01","0.05","1702690","1702690","3702","460","37015","46"
"2005-01-31","0","9768000","9768000","3700","2640","37000","264"
"2005-01-28","0","20091000","20091000","3700","5430","37000","543"
"2005-01-27","0","13320000","13320000","3700","3600","37000","360"
"2005-01-26","0","4366000","4366000","3700","1180","37000","118"
"2005-01-25","0","7881000","7881000","3700","2130","37000","213"
"2005-01-24","1.87","8658000","8658000","3700","2340","37000","234"
"2005-01-21","0.03","27385280","27385280","3632","7540","36320","754"
"2005-01-19","0.03","16012710","16012710","3631","4410","36310","441"
"2005-01-18","0.11","8748300","8748300","3630","2410","36300","241"
"2005-01-17","0.17","9426300","9426300","3626","2600","36255","260"
"2005-01-14","0.22","8253600","8253600","3620","2280","36200","228"
"2005-01-13","0.03","4911640","4911640","3612","1360","36115","136"
"2005-01-12","0","6138700","6138700","3611","1700","36110","170"
"2005-01-11","0.03","9748350","9748350","3611","2700","36105","270"
"2005-01-10","0.11","1985500","1985500","3610","550","36100","55"
"2005-01-07","0","1226040","1226040","3606","340","36060","34"
"2005-01-06","0","1839060","1839060","3606","510","36060","51"
"2005-01-05","0.06","16873740","16873740","3606","4680","36055","468"
"2005-01-04","0","11314990","11314990","3604","3140","36035","314"
"2005-01-03","0.03","16864380","16864380","3604","4680","36035","468"
"2004-12-31","0.03","22122420","22122420","3603","6140","36030","614"
"2004-12-30","0.03","3926180","3926180","3602","1090","36020","109"
"2004-12-29","0","19514710","19514710","3601","5420","36005","542"
"2004-12-28","0.03","52063230","52063230","3601","14460","36005","1446"
"2004-12-27","0","18864000","18864000","3600","5240","36000","524"
"2004-12-24","0","12492000","12492000","3600","3470","36000","347"
"2004-12-23","0","33552000","33552000","3600","9320","36000","932"
"2004-12-22","0","21060000","21060000","3600","5850","36000","585"
"2004-12-21","0.28","37296000","37296000","3600","10360","36000","1036"
"2004-12-20","0","10590500","10590500","3590","2950","35900","295"
"2004-12-17","0","7503100","7503100","3590","2090","35900","209"
"2004-12-16","0.28","60455600","60455600","3590","16840","35900","1684"
"2004-12-15","0.14","1253000","1253000","3580","350","35800","35"
"2004-12-14","0.28","179250500","179250500","3575","50140","35750","5014"
"2004-12-13","0","29411250","29411250","3565","8250","35650","825"
"2004-12-10","1.54","4384950","4384950","3565","1230","35650","123"
"2004-12-08","0","14851530","14851530","3511","4230","35110","423"
"2004-12-07","0.03","5828260","5828260","3511","1660","35110","166"
"2004-12-06","0","52965900","52965900","3510","15090","35100","1509"
"2004-12-03","0","8915400","8915400","3510","2540","35100","254"
"2004-12-02","0","86451300","86451300","3510","24630","35100","2463"
"2004-12-01","0","52790400","52790400","3510","15040","35100","1504"
"2004-11-30","0","45173700","45173700","3510","12870","35100","1287"
"2004-11-29","0","19445400","19445400","3510","5540","35100","554"
"2004-11-26","0.26","29027700","29027700","3510","8270","35100","827"
"2004-11-25","0","44182620","44182620","3501","12620","35010","1262"
"2004-11-24","0","10816545","10816545","3501","3090","35005","309"
"2004-11-23","0.03","25973710","25973710","3501","7420","35005","742"
"2004-11-22","0","39690000","39690000","3500","11340","35000","1134"
"2004-11-19","0","56140000","56140000","3500","16040","35000","1604"
"2004-11-18","0","53900000","53900000","3500","15400","35000","1540"
"2004-11-17","4.48","24955000","24955000","3500","7130","35000","713"
"2004-11-16","1.48","24354500","24354500","3350","7270","33500","727"
"2004-11-12","0.03","3465525","3465525","3301","1050","33005","105"
"2004-11-11","-0.03","24618000","24618000","3300","7460","33000","746"
"2004-11-09","0","8582600","8582600","3301","2600","33010","260"
"2004-11-08","0","10563200","10563200","3301","3200","33010","320"
"2004-11-05","0","50596665","50596665","3301","15330","33005","1533"
"2004-11-04","0.03","86143050","86143050","3301","26100","33005","2610"
"2004-11-03","0.92","16071000","16071000","3300","4870","33000","487"
"2004-11-02","-6.57","502729800","502729800","3270","153740","32700","15374"
"2004-10-29","7.33","249515000","249515000","3500","71290","35000","7129"
"2004-10-28","0.31","11998640","11998640","3261","3680","32605","368"
"2004-10-27","0.03","4063750","4063750","3251","1250","32510","125"
"2004-10-26","0.46","26130000","26130000","3250","8040","32500","804"
"2004-10-25","0.78","31638300","31638300","3235","9780","32350","978"
"2004-10-22","-0.31","34475400","34475400","3210","10740","32100","1074"
"2004-10-21","0","35484400","35484400","3220","11020","32200","1102"
"2004-10-20","0.31","28658000","28658000","3220","8900","32200","890"
"2004-10-19","0","103843500","103843500","3210","32350","32100","3235"
"2004-10-18","0","23529300","23529300","3210","7330","32100","733"
"2004-10-15","-0.34","18939000","18939000","3210","5900","32100","590"
"2004-10-14","0.66","12141285","12141285","3221","3770","32205","377"
"2004-10-13","0","10048000","10048000","3200","3140","32000","314"
"2004-10-12","-0.16","37632000","37632000","3200","11760","32000","1176"
"2004-10-11","0","45575100","45575100","3205","14220","32050","1422"
"2004-10-08","0.16","164544700","164544700","3205","51340","32050","5134"
"2004-10-07","0","16640000","16640000","3200","5200","32000","520"
"2004-10-06","0","64000000","64000000","3200","20000","32000","2000"
"2004-10-05","0","8448000","8448000","3200","2640","32000","264"
"2004-10-04","0","18304000","18304000","3200","5720","32000","572"
"2004-10-01","0","32000000","32000000","3200","10000","32000","1000"
"2004-09-30","0","1024000","1024000","3200","320","32000","32"
"2004-09-29","0","6592000","6592000","3200","2060","32000","206"
"2004-09-28","0","9824000","9824000","3200","3070","32000","307"
"2004-09-27","0","44416000","44416000","3200","13880","32000","1388"
"2004-09-24","0","80064000","80064000","3200","25020","32000","2502"
"2004-09-23","-0.03","136096000","136096000","3200","42530","32000","4253"
"2004-09-22","0","80601180","80601180","3201","25180","32010","2518"
"2004-09-21","0.03","21414690","21414690","3201","6690","32010","669"
"2004-09-20","0","37184000","37184000","3200","11620","32000","1162"
"2004-09-17","0.31","67008000","67008000","3200","20940","32000","2094"
"2004-09-16","-0.31","27115000","27115000","3190","8500","31900","850"
"2004-09-15","0","131680000","131680000","3200","41150","32000","4115"
"2004-09-14","-0.16","57024000","57024000","3200","17820","32000","1782"
"2004-09-13","-0.16","56600300","56600300","3205","17660","32050","1766"
"2004-09-10","0.31","49658700","49658700","3210","15470","32100","1547"
"2004-09-09","0","11776000","11776000","3200","3680","32000","368"
"2004-09-08","0","60032000","60032000","3200","18760","32000","1876"
"2004-09-07","0","131936000","131936000","3200","41230","32000","4123"
"2004-09-06","2.83","81216000","81216000","3200","25380","32000","2538"
"2004-09-03","0","3080880","3080880","3112","990","31120","99"
"2004-09-02","0","933600","933600","3112","300","31120","30"
"2004-09-01","0","311200","311200","3112","100","31120","10"
"2004-08-31","0","933600","933600","3112","300","31120","30"
"2004-08-30","0","117260160","117260160","3112","37680","31120","3768"
"2004-08-27","0","12819380","12819380","3112","4120","31115","412"
"2004-08-26","0.03","104048560","104048560","3112","33440","31115","3344"
"2004-08-25","0","62147790","62147790","3111","19980","31105","1998"
"2004-08-24","0","27403505","27403505","3111","8810","31105","881"
"2004-08-23","0","3670390","3670390","3111","1180","31105","118"
"2004-08-20","0","933150","933150","3111","300","31105","30"
"2004-08-19","0","1772985","1772985","3111","570","31105","57"
"2004-08-18","0","13032995","13032995","3111","4190","31105","419"
"2004-08-17","0","38321360","38321360","3111","12320","31105","1232"
"2004-08-16","0","16983330","16983330","3111","5460","31105","546"
"2004-08-13","0","4074755","4074755","3111","1310","31105","131"
"2004-08-12","0","15179240","15179240","3111","4880","31105","488"
"2004-08-11","0","7776250","7776250","3111","2500","31105","250"
"2004-08-10","0","3483760","3483760","3111","1120","31105","112"
"2004-08-09","0.23","435470","435470","3111","140","31105","14"
"2004-08-06","0","744960","744960","3104","240","31040","24"
"2004-08-05","0","993280","993280","3104","320","31040","32"
"2004-08-04","0","5556160","5556160","3104","1790","31040","179"
"2004-08-03","0","55934080","55934080","3104","18020","31040","1802"
"2004-08-02","0","78065600","78065600","3104","25150","31040","2515"
"2004-07-30","0","22100480","22100480","3104","7120","31040","712"
"2004-07-29","0","14930240","14930240","3104","4810","31040","481"
"2004-07-28","0","40010560","40010560","3104","12890","31040","1289"
"2004-07-27","-0.03","38644800","38644800","3104","12450","31040","1245"
"2004-07-26","0.03","17077500","17077500","3105","5500","31050","550"
"2004-07-23","0","1241600","1241600","3104","400","31040","40"
"2004-07-22","0","1117440","1117440","3104","360","31040","36"
"2004-07-21","0","5835520","5835520","3104","1880","31040","188"
"2004-07-20","0","25142400","25142400","3104","8100","31040","810"
"2004-07-19","0","51060800","51060800","3104","16450","31040","1645"
"2004-07-16","0","17754880","17754880","3104","5720","31040","572"
"2004-07-15","0","22783360","22783360","3104","7340","31040","734"
"2004-07-14","0","3445440","3445440","3104","1110","31040","111"
"2004-07-13","0","44325120","44325120","3104","14280","31040","1428"
"2004-07-12","0","682880","682880","3104","220","31040","22"
"2004-07-09","0","64997760","64997760","3104","20940","31040","2094"
"2004-07-08","0","5525120","5525120","3104","1780","31040","178"
"2004-07-07","0","23435200","23435200","3104","7550","31040","755"
"2004-07-06","0","77600000","77600000","3104","25000","31040","2500"
"2004-07-05","0","116151680","116151680","3104","37420","31040","3742"
"2004-07-02","-11.31","13502400","13502400","3104","4350","31040","435"
"2004-07-01","0","875000","875000","3500","250","35000","25"
"2004-06-30","0","1785000","1785000","3500","510","35000","51"
"2004-06-29","7.2","527730000","527730000","3500","150780","35000","15078"
"2004-06-28","0.46","3265000","3265000","3265","1000","32650","100"
"2004-06-25","3.17","487500000","487500000","3250","150000","32500","15000"
"2004-06-24","0","315000","315000","3150","100","31500","10"
"2004-06-23","0","4914000","4914000","3150","1560","31500","156"
"2004-06-22","0","787500","787500","3150","250","31500","25"
"2004-06-21","4.13","106249500","106249500","3150","33730","31500","3373"
"2004-06-18","-0.03","24442000","24442000","3025","8080","30250","808"
"2004-06-17","0.03","50253555","50253555","3026","16610","30255","1661"
"2004-06-16","0.83","1996500","1996500","3025","660","30250","66"
"2004-06-15","0","699570000","699570000","3000","233190","30000","23319"
"2004-06-14","-0.83","6000000","6000000","3000","2000","30000","200"
"2004-06-11","0","8923750","8923750","3025","2950","30250","295"
"2004-06-10","0.83","2873750","2873750","3025","950","30250","95"
"2004-06-07","0","210000","210000","3000","70","30000","7"
"2004-06-04","0","27720000","27720000","3000","9240","30000","924"
"2004-06-03","0","1500000","1500000","3000","500","30000","50"
"2004-06-02","0","30930000","30930000","3000","10310","30000","1031"
"2004-05-28","0","8700000","8700000","3000","2900","30000","290"
"2004-05-27","0","10230000","10230000","3000","3410","30000","341"
"2004-05-26","0","4050000","4050000","3000","1350","30000","135"
"2004-05-25","0","15000000","15000000","3000","5000","30000","500"
"2004-05-24","0","52110000","52110000","3000","17370","30000","1737"
"2004-05-21","0","75000000","75000000","3000","25000","30000","2500"
"2004-05-19","0","90000000","90000000","3000","30000","30000","3000"
"2004-05-18","0","39353440","39353440","3000","13120","29995","1312"
"2004-05-17","0","360330000","360330000","3000","120110","30000","12011"
"2004-05-14","0","4200000","4200000","3000","1400","30000","140"
"2004-05-13","0","120000000","120000000","3000","40000","30000","4000"
"2004-05-12","0","19650000","19650000","3000","6550","30000","655"
"2004-05-11","0","30000000","30000000","3000","10000","30000","1000"
"2004-05-10","0","8400000","8400000","3000","2800","30000","280"
"2004-05-07","0","51000000","51000000","3000","17000","30000","1700"
"2004-05-06","0","9450000","9450000","3000","3150","30000","315"
"2004-05-05","0","8400000","8400000","3000","2800","30000","280"
"2004-05-04","0","15000000","15000000","3000","5000","30000","500"
"2004-05-03","0","9180000","9180000","3000","3060","30000","306"
"2004-04-30","0","15030000","15030000","3000","5010","30000","501"
"2004-04-29","0","75000000","75000000","3000","25000","30000","2500"
"2004-04-28","0","5099150","5099150","3000","1700","29995","170"
"2004-04-27","0","7500000","7500000","3000","2500","30000","250"
"2004-04-26","0","19500000","19500000","3000","6500","30000","650"
"2004-04-23","0","9000000","9000000","3000","3000","30000","300"
"2004-04-22","0","1500000","1500000","3000","500","30000","50"
"2004-04-21","0","4650000","4650000","3000","1550","30000","155"
"2004-04-20","0","4830000","4830000","3000","1610","30000","161"
"2004-04-19","0","1500000","1500000","3000","500","30000","50"
"2004-04-16","1.69","450000000","450000000","3000","150000","30000","15000"
"2004-04-15","7.27","737500000","737500000","2950","250000","29500","25000"
"2004-04-14","0","2750000","2750000","2750","1000","27500","100"
"2004-04-13","0","13172500","13172500","2750","4790","27500","479"
"2004-04-09","0.92","140387500","140387500","2750","51050","27500","5105"
"2004-04-08","0","13761250","13761250","2725","5050","27250","505"
"2004-04-07","0","27250000","27250000","2725","10000","27250","1000"
"2004-04-06","0","27250000","27250000","2725","10000","27250","1000"
"2004-04-05","0.93","38368000","38368000","2725","14080","27250","1408"
"2004-04-02","0","189000","189000","2700","70","27000","7"
"2004-04-01","0","324000","324000","2700","120","27000","12"
"2004-03-31","0","2133000","2133000","2700","790","27000","79"
"2004-03-30","1.12","3645000","3645000","2700","1350","27000","135"
"2004-03-29","0","13617000","13617000","2670","5100","26700","510"
"2004-03-26","0.53","28035000","28035000","2670","10500","26700","1050"
"2004-03-24","0.04","58617920","58617920","2656","22070","26560","2207"
"2004-03-23","0","28801325","28801325","2655","10850","26545","1085"
"2004-03-22","0","5310000","5310000","2655","2000","26550","200"
"2004-03-19","0","6796800","6796800","2655","2560","26550","256"
"2004-03-18","0","1460250","1460250","2655","550","26550","55"
"2004-03-17","0","9159750","9159750","2655","3450","26550","345"
"2004-03-16","0","2840850","2840850","2655","1070","26550","107"
"2004-03-15","0","1858500","1858500","2655","700","26550","70"
"2004-03-12","0","6637500","6637500","2655","2500","26550","250"
"2004-03-11","0.19","13248450","13248450","2655","4990","26550","499"
"2004-03-10","0","49846500","49846500","2650","18810","26500","1881"
"2004-03-09","0","30734200","30734200","2650","11600","26495","1160"
"2004-03-08","0","40280000","40280000","2650","15200","26500","1520"
"2004-03-05","0","1059800","1059800","2650","400","26495","40"
"2004-03-04","0","38769500","38769500","2650","14630","26500","1463"
"2004-03-03","0","794850","794850","2650","300","26495","30"
"2004-03-02","0","3180000","3180000","2650","1200","26500","120"
"2004-03-01","0","335478870","335478870","2650","127870","26500","12787"
"2004-02-27","0","1510500","1510500","2650","570","26500","57"
"2004-02-26","0","25678500","25678500","2650","9690","26500","969"
"2004-02-25","1.92","24274000","24274000","2650","9160","26500","916"
"2004-02-24","0","1299750","1299750","2600","500","25995","50"
"2004-02-23","0","13338000","13338000","2600","5130","26000","513"
"2004-02-20","0","1173380000","1173380000","2600","451300","26000","45130"
"2004-02-19","4","10400000","10400000","2600","4000","26000","400"
"2004-02-18","0","874100000","874100000","2500","349640","25000","34964"
"2004-02-17","0","625000","625000","2500","250","25000","25"
"2004-02-16","0","1275000","1275000","2500","510","25000","51"
"2004-02-13","0","17950000","17950000","2500","7180","25000","718"
"2004-02-12","0","21250000","21250000","2500","8500","25000","850"
"2004-02-11","0","1250000","1250000","2500","500","25000","50"
"2004-02-10","0","2500000","2500000","2500","1000","25000","100"
"2004-02-09","0","22500000","22500000","2500","9000","25000","900"
"2004-02-06","0","23125000","23125000","2500","9250","25000","925"
"2004-02-05","0","29450000","29450000","2500","11780","25000","1178"
"2004-02-04","3.73","3625000","3625000","2500","1450","25000","145"
"2004-02-02","0","1687000","1687000","2410","700","24100","70"
"2004-01-30","0","5543000","5543000","2410","2300","24100","230"
"2004-01-29","0","120500","120500","2410","50","24100","5"
"2004-01-28","0","7302300","7302300","2410","3030","24100","303"
"2004-01-27","0","7663800","7663800","2410","3180","24100","318"
"2004-01-26","0","1566500","1566500","2410","650","24100","65"
"2004-01-23","0","8676000","8676000","2410","3600","24100","360"
"2004-01-22","4.74","241000","241000","2410","100","24100","10"
"2004-01-20","0.04","5476380","5476380","2301","2380","23010","238"
"2004-01-19","-0.04","1771000","1771000","2300","770","23000","77"
"2004-01-16","0","6787950","6787950","2301","2950","23010","295"
"2004-01-15","0.04","966210","966210","2301","420","23005","42"
"2004-01-12","0","3358000","3358000","2300","1460","23000","146"
"2004-01-09","0.22","5543000","5543000","2300","2410","23000","241"
"2004-01-08","-0.22","5071950","5071950","2295","2210","22950","221"
"2004-01-07","0","2300000","2300000","2300","1000","23000","100"
"2004-01-06","0","1564000","1564000","2300","680","23000","68"
"2004-01-05","0","19780000","19780000","2300","8600","23000","860"
"2004-01-02","2.22","16353000","16353000","2300","7110","23000","711"
"2003-12-31","-2.17","3622500","3622500","2250","1610","22500","161"
"2003-12-30","0","20442555","20442555","2300","8890","22995","889"
"2003-12-26","2.22","1150000","1150000","2300","500","23000","50"
"2003-12-24","-2.17","11857500","11857500","2250","5270","22500","527"
"2003-12-23","0","506000","506000","2300","220","23000","22"
"2003-12-22","-1.29","696900000","696900000","2300","303000","23000","30300"
"2003-12-19","0.82","1185741300","1185741300","2330","504610","23300","50461"
"2003-12-18","7.49","3720710","3720710","2311","1610","23110","161"
"2003-12-17","1.42","12749500","12749500","2150","5930","21500","593"
"2003-12-16","0.47","4791200","4791200","2120","2260","21200","226"
"2003-12-12","0","232100","232100","2110","110","21100","11"
"2003-12-11","-0.05","1477000","1477000","2110","700","21100","70"
"2003-12-10","0.05","1793925","1793925","2111","850","21105","85"
"2003-12-09","0","24687000","24687000","2110","11700","21100","1170"
"2003-12-08","-0.09","3228300","3228300","2110","1530","21100","153"
"2003-12-05","0.09","25787520","25787520","2112","12210","21120","1221"
"2003-12-04","-0.09","17871700","17871700","2110","8470","21100","847"
"2003-12-03","0.38","6165580","6165580","2112","2920","21115","292"
"2003-12-02","-0.09","736400","736400","2104","350","21040","35"
"2003-11-28","0.05","11201260","11201260","2106","5320","21055","532"
"2003-11-27","0.05","2630625","2630625","2105","1250","21045","125"
"2003-11-26","0.1","441735","441735","2104","210","21035","21"
"2003-11-24","0","5528260","5528260","2102","2630","21020","263"
"2003-11-20","0.05","1050750","1050750","2102","500","21015","50"
"2003-11-19","0.05","15337300","15337300","2101","7300","21010","730"
"2003-11-18","0","24906000","24906000","2100","11860","21000","1186"
"2003-11-17","0","8694000","8694000","2100","4140","21000","414"
"2003-11-12","-0.05","3486000","3486000","2100","1660","21000","166"
"2003-11-11","0","22370325","22370325","2101","10650","21005","1065"
"2003-11-10","0","6763610","6763610","2101","3220","21005","322"
"2003-11-07","0.05","5146225","5146225","2101","2450","21005","245"
"2003-11-06","-0.05","5103000","5103000","2100","2430","21000","243"
"2003-11-05","0.05","2101000","2101000","2101","1000","21010","100"
"2003-11-04","-0.05","9450000","9450000","2100","4500","21000","450"
"2003-11-03","0.05","7141700","7141700","2101","3400","21005","340"
"2003-10-31","0","49581000","49581000","2100","23610","21000","2361"
"2003-10-30","-0.05","9219000","9219000","2100","4390","21000","439"
"2003-10-29","0.05","25443110","25443110","2101","12110","21010","1211"
"2003-10-28","0","5145000","5145000","2100","2450","21000","245"
"2003-10-27","1.69","420000","420000","2100","200","21000","20"
"2003-10-24","-1.67","10531500","10531500","2065","5100","20650","510"
"2003-10-23","1.94","504000","504000","2100","240","21000","24"
"2003-10-22","0.49","4120000","4120000","2060","2000","20600","200"
"2003-10-21","-2.38","23370000","23370000","2050","11400","20500","1140"
"2003-10-20","-0.99","2100000","2100000","2100","1000","21000","100"
"2003-10-17","0.05","318075","318075","2121","150","21205","15"
"2003-10-16","0.71","169600","169600","2120","80","21200","8"
"2003-10-15","-0.47","16924200","16924200","2105","8040","21050","804"
"2003-10-14","0.62","634500","634500","2115","300","21150","30"
"2003-10-13","0.05","10717650","10717650","2102","5100","21015","510"
"2003-10-09","0","147070","147070","2101","70","21010","7"
"2003-10-08","-0.9","336160","336160","2101","160","21010","16"
"2003-10-07","0.9","3031600","3031600","2120","1430","21200","143"
"2003-10-06","0.05","8404000","8404000","2101","4000","21010","400"
"2003-10-03","0","6237000","6237000","2100","2970","21000","297"
"2003-10-02","0.91","22701000","22701000","2100","10810","21000","1081"
"2003-10-01","-0.9","6721630","6721630","2081","3230","20810","323"
"2003-09-30","0","252000","252000","2100","120","21000","12"
"2003-09-29","0","525000","525000","2100","250","21000","25"
"2003-09-25","0","7980000","7980000","2100","3800","21000","380"
"2003-09-24","-0.05","6762000","6762000","2100","3220","21000","322"
"2003-09-23","0.05","19576660","19576660","2101","9320","21005","932"
"2003-09-22","0","5355000","5355000","2100","2550","21000","255"
"2003-09-19","-0.05","1806000","1806000","2100","860","21000","86"
"2003-09-18","0.05","1050250","1050250","2101","500","21005","50"
"2003-09-17","-0.05","26313000","26313000","2100","12530","21000","1253"
"2003-09-16","0","1386330","1386330","2101","660","21005","66"
"2003-09-15","0.05","1470700","1470700","2101","700","21010","70"
"2003-09-12","0","7182000","7182000","2100","3420","21000","342"
"2003-09-11","0","37632000","37632000","2100","17920","21000","1792"
"2003-09-10","0","126000","126000","2100","60","21000","6"
"2003-09-09","0","357000","357000","2100","170","21000","17"
"2003-09-08","0","68754000","68754000","2100","32740","21000","3274"
"2003-09-05","0","8946000","8946000","2100","4260","21000","426"
"2003-09-04","0","34146000","34146000","2100","16260","21000","1626"
"2003-09-03","0","1050000","1050000","2100","500","21000","50"
"2003-09-02","0","5817000","5817000","2100","2770","21000","277"
"2003-09-01","0","525000","525000","2100","250","21000","25"
"2003-08-29","0","5355000","5355000","2100","2550","21000","255"
"2003-08-28","0","18816000","18816000","2100","8960","21000","896"
"2003-08-27","0","1092000","1092000","2100","520","21000","52"
"2003-08-26","0","4200000","4200000","2100","2000","21000","200"
"2003-08-22","0","165522000","165522000","2100","78820","21000","7882"
"2003-08-21","0.96","84000000","84000000","2100","40000","21000","4000"
"2003-08-20","0","208000","208000","2080","100","20800","10"
"2003-08-19","0","769600","769600","2080","370","20800","37"
"2003-08-14","-0.95","4846400","4846400","2080","2330","20800","233"
"2003-08-13","1.94","10500000","10500000","2100","5000","21000","500"
"2003-08-12","0","2472000","2472000","2060","1200","20600","120"
"2003-08-11","-1.9","6489000","6489000","2060","3150","20600","315"
"2003-08-08","1.94","106134000","106134000","2100","50540","21000","5054"
"2003-08-05","0.49","618000","618000","2060","300","20600","30"
"2003-08-04","0","4407500","4407500","2050","2150","20500","215"
"2003-08-01","0","4530500","4530500","2050","2210","20500","221"
"2003-07-31","-0.05","2357500","2357500","2050","1150","20500","115"
"2003-07-30","0.05","512750","512750","2051","250","20510","25"
"2003-07-29","0","1886000","1886000","2050","920","20500","92"
"2003-07-28","-0.05","66522500","66522500","2050","32450","20500","3245"
"2003-07-25","0","410100","410100","2051","200","20505","20"
"2003-07-24","0.05","2255550","2255550","2051","1100","20505","110"
"2003-07-23","0","2870000","2870000","2050","1400","20500","140"
"2003-07-22","-2.38","4387000","4387000","2050","2140","20500","214"
"2003-07-21","2.44","10290000","10290000","2100","4900","21000","490"
"2003-07-17","0","7605500","7605500","2050","3710","20500","371"
"2003-07-15","0","3075000","3075000","2050","1500","20500","150"
"2003-07-14","0","9430000","9430000","2050","4600","20500","460"
"2003-07-11","0","5514500","5514500","2050","2690","20500","269"
"2003-07-10","-2.38","11972000","11972000","2050","5840","20500","584"
"2003-07-08","-2.78","7644000","7644000","2100","3640","21000","364"
"2003-07-07","0","7387200","7387200","2160","3420","21600","342"
"2003-07-04","-1.82","43200000","43200000","2160","20000","21600","2000"
"2003-07-03","-4.35","20856000","20856000","2200","9480","22000","948"
"2003-07-01","2.22","1150000","1150000","2300","500","23000","50"
"2003-06-26","0","4860000","4860000","2250","2160","22500","216"
"2003-06-24","0","1575000","1575000","2250","700","22500","70"
"2003-06-23","0","1350000","1350000","2250","600","22500","60"
"2003-06-19","0","12600000","12600000","2250","5600","22500","560"
"2003-06-18","1.35","6255000","6255000","2250","2780","22500","278"
"2003-06-17","0.45","555000","555000","2220","250","22200","25"
"2003-06-16","-1.78","640900","640900","2210","290","22100","29"
"2003-06-13","0","900000","900000","2250","400","22500","40"
"2003-06-12","0","3825000","3825000","2250","1700","22500","170"
"2003-06-11","0","1237500","1237500","2250","550","22500","55"
"2003-06-10","1.58","2587500","2587500","2250","1150","22500","115"
"2003-06-06","0.68","7331650","7331650","2215","3310","22150","331"
"2003-06-05","-0.45","198000","198000","2200","90","22000","9"
"2003-06-04","0","13591500","13591500","2210","6150","22100","615"
"2003-06-03","-0.45","8486400","8486400","2210","3840","22100","384"
"2003-06-02","0.45","7525800","7525800","2220","3390","22200","339"
"2003-05-30","0.45","3204500","3204500","2210","1450","22100","145"
"2003-05-28","-0.45","12342000","12342000","2200","5610","22000","561"
"2003-05-27","0","442000","442000","2210","200","22100","20"
"2003-05-26","-0.67","1259700","1259700","2210","570","22100","57"
"2003-05-22","0.18","6964250","6964250","2225","3130","22250","313"
"2003-05-21","0.27","5440225","5440225","2221","2450","22205","245"
"2003-05-20","0.64","3920550","3920550","2215","1770","22150","177"
"2003-05-14","-0.86","13092975","13092975","2201","5950","22005","595"
"2003-05-12","0","5039400","5039400","2220","2270","22200","227"
"2003-05-09","0","6661000","6661000","2220","3050","22200","305"
"2003-05-08","3.26","1998000","1998000","2220","900","22200","90"
"2003-05-07","-2.71","322500","322500","2150","150","21500","15"
"2003-05-05","-0.45","663000","663000","2210","300","22100","30"
"2003-05-02","3.26","9035400","9035400","2220","4070","22200","407"
"2003-04-30","0","3719500","3719500","2150","1730","21500","173"
"2003-04-29","0","8234500","8234500","2150","3830","21500","383"
"2003-04-28","-3.15","1827500","1827500","2150","850","21500","85"
"2003-04-24","4.23","17094000","17094000","2220","7700","22200","770"
"2003-04-22","0.47","3067200","3067200","2130","1440","21300","144"
"2003-04-18","0.95","2777200","2777200","2120","1310","21200","131"
"2003-04-17","0","1239000","1239000","2100","590","21000","59"
"2003-04-16","0","2310000","2310000","2100","1100","21000","110"
"2003-04-15","0","2289000","2289000","2100","1090","21000","109"
"2003-04-14","-0.94","5523000","5523000","2100","2630","21000","263"
"2003-04-11","0","572400","572400","2120","270","21200","27"
"2003-04-10","0","975200","975200","2120","460","21200","46"
"2003-04-09","0.95","1632400","1632400","2120","770","21200","77"
"2003-04-08","0","1386000","1386000","2100","660","21000","66"
"2003-04-04","-0.71","1344000","1344000","2100","640","21000","64"
"2003-04-03","0","423000","423000","2115","200","21150","20"
"2003-04-02","0.71","211500","211500","2115","100","21150","10"
"2003-04-01","0","17325000","17325000","2100","8250","21000","825"
"2003-03-27","-0.71","10080000","10080000","2100","4800","21000","480"
"2003-03-25","-1.63","1057500","1057500","2115","500","21150","50"
"2003-03-24","0","5934000","5934000","2150","2760","21500","276"
"2003-03-20","1.9","430000","430000","2150","200","21500","20"
"2003-03-19","0.48","7849200","7849200","2110","3720","21100","372"
"2003-03-18","-5.41","247422000","247422000","2100","117820","21000","11782"
"2003-03-17","-0.13","1110000","1110000","2220","500","22200","50"
"2003-03-14","0","1600560","1600560","2223","720","22230","72"
"2003-03-13","0.14","711200","711200","2223","320","22225","32"
"2003-03-12","0","14918400","14918400","2220","6720","22200","672"
"2003-03-11","0.45","3108000","3108000","2220","1400","22200","140"
"2003-03-10","0.45","1502800","1502800","2210","680","22100","68"
"2003-03-07","0","1276000","1276000","2200","580","22000","58"
"2003-03-06","0","880000","880000","2200","400","22000","40"
"2003-03-05","0","2200000","2200000","2200","1000","22000","100"
"2003-03-04","0","1562000","1562000","2200","710","22000","71"
"2003-03-03","0","3894000","3894000","2200","1770","22000","177"
"2003-02-28","0","16830000","16830000","2200","7650","22000","765"
"2003-02-27","2.33","7084000","7084000","2200","3220","22000","322"
"2003-02-26","0.94","16340000","16340000","2150","7600","21500","760"
"2003-02-25","0","1767900","1767900","2130","830","21300","83"
"2003-02-24","0.71","13397700","13397700","2130","6290","21300","629"
"2003-02-20","0","2178450","2178450","2115","1030","21150","103"
"2003-02-19","0.19","24618600","24618600","2115","11640","21150","1164"
"2003-02-14","0.05","8969625","8969625","2111","4250","21105","425"
"2003-02-12","0.43","2637500","2637500","2110","1250","21100","125"
"2003-02-10","0.53","5777750","5777750","2101","2750","21010","275"
"2003-02-07","0","5684800","5684800","2090","2720","20900","272"
"2003-02-06","0.97","480585","480585","2090","230","20895","23"
"2003-02-05","-0.96","11115900","11115900","2070","5370","20700","537"
"2003-02-04","-0.05","28653900","28653900","2090","13710","20900","1371"
"2003-02-03","0.29","7024080","7024080","2091","3360","20905","336"
"2003-01-31","0.24","3044100","3044100","2085","1460","20850","146"
"2003-01-30","0.97","208000","208000","2080","100","20800","10"
"2003-01-29","0.49","5150000","5150000","2060","2500","20600","250"
"2003-01-28","-0.49","4202500","4202500","2050","2050","20500","205"
"2003-01-24","0","5726800","5726800","2060","2780","20600","278"
"2003-01-23","0.49","11762600","11762600","2060","5710","20600","571"
"2003-01-22","-0.05","9594000","9594000","2050","4680","20500","468"
"2003-01-21","0","4244535","4244535","2051","2070","20505","207"
"2003-01-20","0.05","205050","205050","2051","100","20505","10"
"2003-01-17","0","7954000","7954000","2050","3880","20500","388"
"2003-01-16","0","2357500","2357500","2050","1150","20500","115"
"2003-01-15","0","410000","410000","2050","200","20500","20"
"2003-01-14","1.99","4018000","4018000","2050","1960","20500","196"
"2003-01-13","-1.95","2412000","2412000","2010","1200","20100","120"
"2003-01-10","2.5","38847500","38847500","2050","18950","20500","1895"
"2003-01-09","0","25180000","25180000","2000","12590","20000","1259"
"2003-01-08","0","3180000","3180000","2000","1590","20000","159"
"2003-01-07","0","1160000","1160000","2000","580","20000","58"
"2003-01-06","0","560000","560000","2000","280","20000","28"
"2003-01-03","0","2480000","2480000","2000","1240","20000","124"
"2003-01-02","0","5080000","5080000","2000","2540","20000","254"
"2002-12-31","0","2300000","2300000","2000","1150","20000","115"
"2002-12-30","-0.5","33740000","33740000","2000","16870","20000","1687"
"2002-12-27","0","11276100","11276100","2010","5610","20100","561"
"2002-12-26","0","3819000","3819000","2010","1900","20100","190"
"2002-12-24","0","31838400","31838400","2010","15840","20100","1584"
"2002-12-23","0","21567300","21567300","2010","10730","20100","1073"
"2002-12-20","0","2050200","2050200","2010","1020","20100","102"
"2002-12-19","0","10753500","10753500","2010","5350","20100","535"
"2002-12-18","0","4120500","4120500","2010","2050","20100","205"
"2002-12-13","0","6572700","6572700","2010","3270","20100","327"
"2002-12-12","-0.5","37526700","37526700","2010","18670","20100","1867"
"2002-12-11","-1.46","2020000","2020000","2020","1000","20200","100"
"2002-12-10","1.99","1927000","1927000","2050","940","20500","94"
"2002-12-09","0","402000","402000","2010","200","20100","20"
"2002-12-04","0","4623000","4623000","2010","2300","20100","230"
"2002-12-03","0","11637900","11637900","2010","5790","20100","579"
"2002-11-29","-0.05","2010000","2010000","2010","1000","20100","100"
"2002-11-28","0.05","4724675","4724675","2011","2350","20105","235"
"2002-11-27","0","8542500","8542500","2010","4250","20100","425"
"2002-11-26","-0.05","29989200","29989200","2010","14920","20100","1492"
"2002-11-25","-0.1","6232550","6232550","2011","3100","20105","310"
"2002-11-22","0.1","3823750","3823750","2013","1900","20125","190"
"2002-11-21","0","11161050","11161050","2011","5550","20110","555"
"2002-11-20","-2.38","18335760","18335760","2011","9120","20105","912"
"2002-11-19","0.49","12483600","12483600","2060","6060","20600","606"
"2002-11-18","2.45","10086000","10086000","2050","4920","20500","492"
"2002-11-14","0.05","6401600","6401600","2001","3200","20005","320"
"2002-11-13","-0.05","5700000","5700000","2000","2850","20000","285"
"2002-11-12","0","2841420","2841420","2001","1420","20010","142"
"2002-11-08","0","1900950","1900950","2001","950","20010","95"
"2002-11-07","0.05","820410","820410","2001","410","20010","41"
"2002-11-06","0","17240000","17240000","2000","8620","20000","862"
"2002-11-05","-0.05","20520000","20520000","2000","10260","20000","1026"
"2002-11-04","0.05","320160","320160","2001","160","20010","16"
"2002-10-31","0","600000","600000","2000","300","20000","30"
"2002-10-30","0","2460000","2460000","2000","1230","20000","123"
"2002-10-29","-0.05","220000","220000","2000","110","20000","11"
"2002-10-28","0","19269630","19269630","2001","9630","20010","963"
"2002-10-24","0","7983990","7983990","2001","3990","20010","399"
"2002-10-23","0","240120","240120","2001","120","20010","12"
"2002-10-22","0","1000250","1000250","2001","500","20005","50"
"2002-10-21","0.05","6801700","6801700","2001","3400","20005","340"
"2002-10-18","-0.05","2600000","2600000","2000","1300","20000","130"
"2002-10-17","-2.39","2600650","2600650","2001","1300","20005","130"
"2002-10-16","2.5","20028500","20028500","2050","9770","20500","977"
"2002-10-15","0","10140000","10140000","2000","5070","20000","507"
"2002-10-14","0","9760000","9760000","2000","4880","20000","488"
"2002-10-11","0","7980000","7980000","2000","3990","20000","399"
"2002-10-10","0","1140000","1140000","2000","570","20000","57"
"2002-10-09","-0.05","7100000","7100000","2000","3550","20000","355"
"2002-10-08","-1.91","2820705","2820705","2001","1410","20005","141"
"2002-10-07","0","1162800","1162800","2040","570","20400","57"
"2002-10-04","0","836400","836400","2040","410","20400","41"
"2002-10-02","-0.49","9343200","9343200","2040","4580","20400","458"
"2002-10-01","0","451000","451000","2050","220","20500","22"
"2002-09-30","2.5","881500","881500","2050","430","20500","43"
"2002-09-27","0","7000000","7000000","2000","3500","20000","350"
"2002-09-26","-1.96","11800000","11800000","2000","5900","20000","590"
"2002-09-25","0","4814400","4814400","2040","2360","20400","236"
"2002-09-24","0","4590000","4590000","2040","2250","20400","225"
"2002-09-23","0.49","8996400","8996400","2040","4410","20400","441"
"2002-09-20","-0.98","162400","162400","2030","80","20300","8"
"2002-09-18","0","2460000","2460000","2050","1200","20500","120"
"2002-09-17","2.45","451000","451000","2050","220","20500","22"
"2002-09-16","0","1780890","1780890","2001","890","20010","89"
"2002-09-13","0.05","720360","720360","2001","360","20010","36"
"2002-09-12","0","4040000","4040000","2000","2020","20000","202"
"2002-09-10","0","800000","800000","2000","400","20000","40"
"2002-09-09","0","5300000","5300000","2000","2650","20000","265"
"2002-09-06","0","28080000","28080000","2000","14040","20000","1404"
"2002-09-05","-2.49","15460000","15460000","2000","7730","20000","773"
"2002-09-04","0.05","2153550","2153550","2051","1050","20510","105"
"2002-09-03","2.5","8999500","8999500","2050","4390","20500","439"
"2002-09-02","0","4240000","4240000","2000","2120","20000","212"
"2002-08-30","0","6120000","6120000","2000","3060","20000","306"
"2002-08-29","0","6140000","6140000","2000","3070","20000","307"
"2002-08-28","-2.44","9300000","9300000","2000","4650","20000","465"
"2002-08-27","2.5","7380000","7380000","2050","3600","20500","360"
"2002-08-26","-0.05","5320000","5320000","2000","2660","20000","266"
"2002-08-23","-0.94","360090","360090","2001","180","20005","18"
"2002-08-22","1","202000","202000","2020","100","20200","10"
"2002-08-21","0","1440000","1440000","2000","720","20000","72"
"2002-08-20","-0.99","30220000","30220000","2000","15110","20000","1511"
"2002-08-19","0","323200","323200","2020","160","20200","16"
"2002-08-16","0","2302800","2302800","2020","1140","20200","114"
"2002-08-14","-3.81","1434200","1434200","2020","710","20200","71"
"2002-08-13","2.44","3213000","3213000","2100","1530","21000","153"
"2002-08-12","-2.38","5596500","5596500","2050","2730","20500","273"
"2002-08-09","1.45","6678000","6678000","2100","3180","21000","318"
"2002-08-08","0.98","2484000","2484000","2070","1200","20700","120"
"2002-08-06","2.5","5596500","5596500","2050","2730","20500","273"
"2002-08-05","0","21520000","21520000","2000","10760","20000","1076"
"2002-08-02","-2.44","10700000","10700000","2000","5350","20000","535"
"2002-08-01","-0.97","1066000","1066000","2050","520","20500","52"
"2002-07-31","0","19763725","19763725","2070","9550","20695","955"
"2002-07-30","0","207000","207000","2070","100","20700","10"
"2002-07-29","1.02","2070000","2070000","2070","1000","20700","100"
"2002-07-26","2.45","163920","163920","2049","80","20490","8"
"2002-07-25","0","1180000","1180000","2000","590","20000","59"
"2002-07-24","0","9620000","9620000","2000","4810","20000","481"
"2002-07-23","0","18480000","18480000","2000","9240","20000","924"
"2002-07-22","0","660000","660000","2000","330","20000","33"
"2002-07-19","-2.44","10940000","10940000","2000","5470","20000","547"
"2002-07-18","-2.38","532870","532870","2050","260","20495","26"
"2002-07-16","0","13587000","13587000","2100","6470","21000","647"
"2002-07-15","2.44","16842000","16842000","2100","8020","21000","802"
"2002-07-12","0","20910000","20910000","2050","10200","20500","1020"
"2002-07-11","-2.38","9368500","9368500","2050","4570","20500","457"
"2002-07-10","-6.87","4410000","4410000","2100","2100","21000","210"
"2002-07-09","-0.22","16236000","16236000","2255","7200","22550","720"
"2002-07-08","0","2260000","2260000","2260","1000","22600","100"
"2002-07-05","0","926395","926395","2260","410","22595","41"
"2002-07-04","-1.74","3548200","3548200","2260","1570","22600","157"
"2002-07-03","1.72","736000","736000","2300","320","23000","32"
"2002-07-02","0.27","3346280","3346280","2261","1480","22610","148"
"2002-06-28","-0.04","23226500","23226500","2255","10300","22550","1030"
"2002-06-27","-1.7","563875","563875","2256","250","22555","25"
"2002-06-26","1.77","1170450","1170450","2295","510","22950","51"
"2002-06-25","-1.96","563750","563750","2255","250","22550","25"
"2002-06-24","0.04","7245000","7245000","2300","3150","23000","315"
"2002-06-21","6.93","459800","459800","2299","200","22990","20"
"2002-06-20","-4.49","1075000","1075000","2150","500","21500","50"
"2002-06-19","0.04","450100","450100","2251","200","22505","20"
"2002-06-18","-0.04","11790000","11790000","2250","5240","22500","524"
"2002-06-17","0","225100","225100","2251","100","22510","10"
"2002-06-14","0","112550","112550","2251","50","22510","5"
"2002-06-13","0","1125500","1125500","2251","500","22510","50"
"2002-06-12","0","2813750","2813750","2251","1250","22510","125"
"2002-06-11","0.04","1868330","1868330","2251","830","22510","83"
"2002-06-07","0","18337500","18337500","2250","8150","22500","815"
"2002-06-05","0","3150000","3150000","2250","1400","22500","140"
"2002-06-04","0","6952500","6952500","2250","3090","22500","309"
"2002-06-03","0","1170000","1170000","2250","520","22500","52"
"2002-05-31","0","3262500","3262500","2250","1450","22500","145"
"2002-05-30","0","1665000","1665000","2250","740","22500","74"
"2002-05-29","0","9787500","9787500","2250","4350","22500","435"
"2002-05-28","2.27","14692500","14692500","2250","6530","22500","653"
"2002-05-27","2.33","638000","638000","2200","290","22000","29"
"2002-05-23","-4.4","1698500","1698500","2150","790","21500","79"
"2002-05-22","4.6","5622500","5622500","2249","2500","22490","250"
"2002-05-21","-0.05","215000","215000","2150","100","21500","10"
"2002-05-16","1.46","236555","236555","2151","110","21505","11"
"2002-05-15","0.95","5194000","5194000","2120","2450","21200","245"
"2002-05-14","0","105000","105000","2100","50","21000","5"
"2002-05-13","0","4830000","4830000","2100","2300","21000","230"
"2002-05-10","1.4","798000","798000","2100","380","21000","38"
"2002-05-08","0.29","16129195","16129195","2071","7790","20705","779"
"2002-05-07","0.73","1424850","1424850","2065","690","20650","69"
"2002-05-06","-0.97","28700000","28700000","2050","14000","20500","1400"
"2002-05-03","0","2794500","2794500","2070","1350","20700","135"
"2002-05-02","0","1780200","1780200","2070","860","20700","86"
"2002-04-30","1.92","1035000","1035000","2070","500","20700","50"
"2002-04-29","-0.93","527930","527930","2031","260","20305","26"
"2002-04-26","-0.97","2419000","2419000","2050","1180","20500","118"
"2002-04-24","0","2152800","2152800","2070","1040","20700","104"
"2002-04-23","0.98","517500","517500","2070","250","20700","25"
"2002-04-22","2.45","512500","512500","2050","250","20500","25"
"2002-04-19","0.05","1880470","1880470","2001","940","20005","94"
"2002-04-18","-1.48","6160000","6160000","2000","3080","20000","308"
"2002-04-17","1.5","649600","649600","2030","320","20300","32"
"2002-04-15","0","1480000","1480000","2000","740","20000","74"
"2002-04-12","-4.76","2560000","2560000","2000","1280","20000","128"
"2002-04-11","0","210000","210000","2100","100","21000","10"
"2002-04-10","5","1953000","1953000","2100","930","21000","93"
"2002-04-09","0","420000","420000","2000","210","20000","21"
"2002-04-08","-2.44","3980000","3980000","2000","1990","20000","199"
"2002-04-05","2.5","410000","410000","2050","200","20500","20"
"2002-04-04","0","340000","340000","2000","170","20000","17"
"2002-04-03","-0.5","2980000","2980000","2000","1490","20000","149"
"2002-04-02","0.45","7155600","7155600","2010","3560","20100","356"
"2002-03-29","-0.05","1240620","1240620","2001","620","20010","62"
"2002-03-28","-4.67","560560","560560","2002","280","20020","28"
"2002-03-27","0","4872000","4872000","2100","2320","21000","232"
"2002-03-26","0","7371000","7371000","2100","3510","21000","351"
"2002-03-25","-4.55","17829000","17829000","2100","8490","21000","849"
"2002-03-22","2.33","3718000","3718000","2200","1690","22000","169"
"2002-03-21","1.42","322500","322500","2150","150","21500","15"
"2002-03-20","0.95","424000","424000","2120","200","21200","20"
"2002-03-19","1.45","903000","903000","2100","430","21000","43"
"2002-03-18","0.49","34403400","34403400","2070","16620","20700","1662"
"2002-03-15","2.23","6653800","6653800","2060","3230","20600","323"
"2002-03-14","-4.95","372775000","372775000","2015","185000","20150","18500"
"2002-03-13","0","2713600","2713600","2120","1280","21200","128"
"2002-03-12","0.95","1144800","1144800","2120","540","21200","54"
"2002-03-11","0.96","9933000","9933000","2100","4730","21000","473"
"2002-03-08","0","10816000","10816000","2080","5200","20800","520"
"2002-03-07","2.72","3369600","3369600","2080","1620","20800","162"
"2002-03-06","0","1620000","1620000","2025","800","20250","80"
"2002-03-05","0","1478250","1478250","2025","730","20250","73"
"2002-03-04","0","1053000","1053000","2025","520","20250","52"
"2002-03-01","0","344250","344250","2025","170","20250","17"
"2002-02-28","-0.25","6540750","6540750","2025","3230","20250","323"
"2002-02-27","-0.98","5521600","5521600","2030","2720","20300","272"
"2002-02-26","1.23","820000","820000","2050","400","20500","40"
"2002-02-25","1.25","1215000","1215000","2025","600","20250","60"
"2002-02-21","-0.25","500000","500000","2000","250","20000","25"
"2002-02-20","-0.25","10385900","10385900","2005","5180","20050","518"
"2002-02-19","0.5","3417000","3417000","2010","1700","20100","170"
"2002-02-18","-0.1","2180000","2180000","2000","1090","20000","109"
"2002-02-15","0.1","5323990","5323990","2002","2660","20015","266"
"2002-02-14","-0.05","1240000","1240000","2000","620","20000","62"
"2002-02-13","0.05","1200600","1200600","2001","600","20010","60"
"2002-02-12","-6.98","800000","800000","2000","400","20000","40"
"2002-02-11","7.5","8600000","8600000","2150","4000","21500","400"
"2002-02-08","0","2200000","2200000","2000","1100","20000","110"
"2002-02-07","0","2500000","2500000","2000","1250","20000","125"
"2002-02-06","0","500000","500000","2000","250","20000","25"
"2002-02-05","0","6080000","6080000","2000","3040","20000","304"
"2002-02-04","-2.44","8880000","8880000","2000","4440","20000","444"
"2002-02-01","1.99","205000","205000","2050","100","20500","10"
"2002-01-31","0.5","201000","201000","2010","100","20100","10"
"2002-01-30","0","480000","480000","2000","240","20000","24"
"2002-01-29","0","12880000","12880000","2000","6440","20000","644"
"2002-01-28","-0.05","1800000","1800000","2000","900","20000","90"
"2002-01-25","0.05","6541635","6541635","2001","3270","20005","327"
"2002-01-24","0","3660000","3660000","2000","1830","20000","183"
"2002-01-23","0","1460000","1460000","2000","730","20000","73"
"2002-01-22","0","440000","440000","2000","220","20000","22"
"2002-01-21","0","10200000","10200000","2000","5100","20000","510"
"2002-01-18","-2.44","5220000","5220000","2000","2610","20000","261"
"2002-01-17","2.45","3321000","3321000","2050","1620","20500","162"
"2002-01-16","0.05","600300","600300","2001","300","20010","30"
"2002-01-15","0","3500000","3500000","2000","1750","20000","175"
"2002-01-10","0","72720000","72720000","2000","36360","20000","3636"
"2002-01-09","0","480000","480000","2000","240","20000","24"
"2002-01-08","0","3300000","3300000","2000","1650","20000","165"
"2002-01-07","0","3940000","3940000","2000","1970","20000","197"
"2002-01-04","0","540000","540000","2000","270","20000","27"
"2002-01-03","0","10940000","10940000","2000","5470","20000","547"
"2002-01-02","0","600000","600000","2000","300","20000","30"
"2001-12-31","0","200000","200000","2000","100","20000","10"
"2001-12-28","0","41100000","41100000","2000","20550","20000","2055"
"2001-12-27","0","5400000","5400000","2000","2700","20000","270"
"2001-12-26","0","40000","40000","2000","20","20000","2"
"2001-12-24","0","12420000","12420000","2000","6210","20000","621"
"2001-12-21","0","3220000","3220000","2000","1610","20000","161"
"2001-12-20","0","17680000","17680000","2000","8840","20000","884"
"2001-12-19","0","4480000","4480000","2000","2240","20000","224"
"2001-12-18","0","400000","400000","2000","200","20000","20"
"2001-12-17","0","2360000","2360000","2000","1180","20000","118"
"2001-12-14","0","5100000","5100000","2000","2550","20000","255"
"2001-12-13","0","3780000","3780000","2000","1890","20000","189"
"2001-12-11","0","1700000","1700000","2000","850","20000","85"
"2001-12-10","0","57000000","57000000","2000","28500","20000","2850"
"2001-12-07","0","720000","720000","2000","360","20000","36"
"2001-12-06","0","920000","920000","2000","460","20000","46"
"2001-12-05","0","800000","800000","2000","400","20000","40"
"2001-12-04","0","4120000","4120000","2000","2060","20000","206"
"2001-12-03","0","4000000","4000000","2000","2000","20000","200"
"2001-11-30","0","520000","520000","2000","260","20000","26"
"2001-11-29","0","3760000","3760000","2000","1880","20000","188"
"2001-11-28","0","2400000","2400000","2000","1200","20000","120"
"2001-11-27","0","800000","800000","2000","400","20000","40"
"2001-11-26","0","1499625","1499625","2000","750","19995","75"
"2001-11-23","0","2100000","2100000","2000","1050","20000","105"
"2001-11-22","0","620000","620000","2000","310","20000","31"
"2001-11-21","-1.23","2980000","2980000","2000","1490","20000","149"
"2001-11-20","0","6804000","6804000","2025","3360","20250","336"
"2001-11-19","1.25","11441250","11441250","2025","5650","20250","565"
"2001-11-16","0","5460000","5460000","2000","2730","20000","273"
"2001-11-14","0","42300000","42300000","2000","21150","20000","2115"
"2001-11-13","0","2300000","2300000","2000","1150","20000","115"
"2001-11-12","0","5500000","5500000","2000","2750","20000","275"
"2001-11-09","-0.99","19640000","19640000","2000","9820","20000","982"
"2001-11-07","0.5","1515000","1515000","2020","750","20200","75"
"2001-11-05","0","783900","783900","2010","390","20100","39"
"2001-11-02","0","1005000","1005000","2010","500","20100","50"
"2001-10-31","-0.5","8562600","8562600","2010","4260","20100","426"
"2001-10-29","0.95","1010000","1010000","2020","500","20200","50"
"2001-10-26","0.05","5142570","5142570","2001","2570","20010","257"
"2001-10-24","-0.5","8980000","8980000","2000","4490","20000","449"
"2001-10-22","0.45","1306500","1306500","2010","650","20100","65"
"2001-10-19","0.05","8942235","8942235","2001","4470","20005","447"
"2001-10-17","-2.44","19840000","19840000","2000","9920","20000","992"
"2001-10-15","0","1824055","1824055","2050","890","20495","89"
"2001-10-12","0","4264000","4264000","2050","2080","20500","208"
"2001-10-10","0","820000","820000","2050","400","20500","40"
"2001-10-08","0","8220500","8220500","2050","4010","20500","401"
"2001-10-05","-0.24","9286500","9286500","2050","4530","20500","453"
"2001-10-03","0.24","1191900","1191900","2055","580","20550","58"
"2001-10-01","-0.24","8405000","8405000","2050","4100","20500","410"
"2001-09-28","0.2","3226350","3226350","2055","1570","20550","157"
"2001-09-26","0.05","6296570","6296570","2051","3070","20510","307"
"2001-09-24","0","10680500","10680500","2050","5210","20500","521"
"2001-09-21","-0.05","10865000","10865000","2050","5300","20500","530"
"2001-09-19","0.05","6686260","6686260","2051","3260","20510","326"
"2001-09-17","1.99","1394000","1394000","2050","680","20500","68"
"2001-09-14","0.25","16843800","16843800","2010","8380","20100","838"
"2001-09-12","0.2","6636550","6636550","2005","3310","20050","331"
"2001-09-10","-2.39","34808700","34808700","2001","17400","20005","1740"
"2001-09-07","-2.38","328000","328000","2050","160","20500","16"
"2001-09-05","-4.55","5754000","5754000","2100","2740","21000","274"
"2001-09-03","4.76","11528000","11528000","2200","5240","22000","524"
"2001-08-31","4.95","13125000","13125000","2100","6250","21000","625"
"2001-08-29","0","22091040","22091040","2001","11040","20010","1104"
"2001-08-27","0.05","9202300","9202300","2001","4600","20005","460"
"2001-08-24","0","15840000","15840000","2000","7920","20000","792"
"2001-08-22","0","19420000","19420000","2000","9710","20000","971"
"2001-08-20","0","700000","700000","2000","350","20000","35"
"2001-08-17","0","3080000","3080000","2000","1540","20000","154"
"2001-08-16","-4.76","580000","580000","2000","290","20000","29"
"2001-08-13","0","2100000","2100000","2100","1000","21000","100"
"2001-08-10","0","14742000","14742000","2100","7020","21000","702"
"2001-08-08","0","14049000","14049000","2100","6690","21000","669"
"2001-08-03","3.45","15645000","15645000","2100","7450","21000","745"
"2001-08-01","-0.98","3349500","3349500","2030","1650","20300","165"
"2001-07-30","-0.49","5248000","5248000","2050","2560","20500","256"
"2001-07-27","0.49","9105200","9105200","2060","4420","20600","442"
"2001-07-25","0","9102000","9102000","2050","4440","20500","444"
"2001-07-23","-8.89","9532500","9532500","2050","4650","20500","465"
"2001-07-18","0","11250000","11250000","2250","5000","22500","500"
"2001-07-16","0","4387500","4387500","2250","1950","22500","195"
"2001-07-13","-6.25","450000","450000","2250","200","22500","20"
"2001-07-11","-4","6216000","6216000","2400","2590","24000","259"
"2001-07-09","2.04","21425000","21425000","2500","8570","25000","857"
"2001-07-06","0","1176000","1176000","2450","480","24500","48"
"2001-07-04","-0.04","2156000","2156000","2450","880","24500","88"
"2001-07-02","1.7","2499510","2499510","2451","1020","24505","102"
"2001-06-29","4.74","3831900","3831900","2410","1590","24100","159"
"2001-06-27","0.04","1150500","1150500","2301","500","23010","50"
"2001-06-25","0","3105000","3105000","2300","1350","23000","135"
"2001-06-22","-0.04","21298000","21298000","2300","9260","23000","926"
"2001-06-20","-4.13","3105675","3105675","2301","1350","23005","135"
"2001-06-18","-2.04","3504000","3504000","2400","1460","24000","146"
"2001-06-15","-2","1372000","1372000","2450","560","24500","56"
"2001-06-13","0","4850000","4850000","2500","1940","25000","194"
"2001-06-11","-0.04","29175000","29175000","2500","11670","25000","1167"
"2001-06-08","0","2200880","2200880","2501","880","25010","88"
"2001-06-06","2.04","875175","875175","2501","350","25005","35"
"2001-06-05","0","490100","490100","2451","200","24505","20"
"2001-06-01","0.04","3063125","3063125","2451","1250","24505","125"
"2001-05-30","0","15435000","15435000","2450","6300","24500","630"
"2001-05-28","7.46","8109500","8109500","2450","3310","24500","331"
"2001-05-25","6","8413200","8413200","2280","3690","22800","369"
"2001-05-23","3.17","6946115","6946115","2151","3230","21505","323"
"2001-05-21","2.21","1042500","1042500","2085","500","20850","50"
"2001-05-18","1.59","8282400","8282400","2040","4060","20400","406"
"2001-05-16","0.15","5321200","5321200","2008","2650","20080","265"
"2001-05-14","0.2","14014950","14014950","2005","6990","20050","699"
"2001-05-11","0","14167080","14167080","2001","7080","20010","708"
"2001-05-09","0","10065030","10065030","2001","5030","20010","503"
"2001-05-07","0","5002500","5002500","2001","2500","20010","250"
"2001-05-04","0.05","57374340","57374340","2001","28680","20005","2868"
"2001-05-02","0","200000","200000","2000","100","20000","10"
"2001-04-30","0","200000","200000","2000","100","20000","10"
"2001-04-27","0","18900000","18900000","2000","9450","20000","945"
"2001-04-25","0","3760000","3760000","2000","1880","20000","188"
"2001-04-23","0","65120000","65120000","2000","32560","20000","3256"
"2001-04-20","0","2080000","2080000","2000","1040","20000","104"
"2001-04-18","0","2400000","2400000","2000","1200","20000","120"
"2001-04-17","0","180000","180000","2000","90","20000","9"
"2001-04-13","0","7200000","7200000","2000","3600","20000","360"
"2001-04-11","-0.05","8020000","8020000","2000","4010","20000","401"
"2001-04-09","-0.45","3600900","3600900","2001","1800","20005","180"
"2001-04-06","0.5","663300","663300","2010","330","20100","33"
"2001-04-04","-1.23","18320000","18320000","2000","9160","20000","916"
"2001-04-02","1.2","1923750","1923750","2025","950","20250","95"
"2001-03-30","-0.5","10362590","10362590","2001","5180","20005","518"
"2001-03-28","0.05","12066000","12066000","2011","6000","20110","600"
"2001-03-26","-0.05","14170500","14170500","2010","7050","20100","705"
"2001-03-23","0.5","2594190","2594190","2011","1290","20110","129"
"2001-03-21","-0.25","7043520","7043520","2001","3520","20010","352"
"2001-03-19","0","2948820","2948820","2006","1470","20060","147"
"2001-03-16","0.05","12878520","12878520","2006","6420","20060","642"
"2001-03-14","0.2","27167750","27167750","2005","13550","20050","1355"
"2001-03-12","0.05","7063530","7063530","2001","3530","20010","353"
"2001-03-09","1.01","17020000","17020000","2000","8510","20000","851"
"2001-03-07","0","1445400","1445400","1980","730","19800","73"
"2001-03-06","-1","21126600","21126600","1980","10670","19800","1067"
"2001-02-23","-1.23","25040000","25040000","2000","12520","20000","1252"
"2001-02-21","-0.25","28836000","28836000","2025","14240","20250","1424"
"2001-02-19","0","2354220","2354220","2030","1160","20295","116"
"2001-02-16","-0.44","7833870","7833870","2030","3860","20295","386"
"2001-02-14","-0.54","19452060","19452060","2039","9540","20390","954"
"2001-02-12","0","13530000","13530000","2050","6600","20500","660"
"2001-02-09","-2.38","8261500","8261500","2050","4030","20500","403"
"2001-02-07","0","315000","315000","2100","150","21000","15"
"2001-02-05","0","210000","210000","2100","100","21000","10"
"2001-02-02","0","10710000","10710000","2100","5100","21000","510"
"2001-01-31","0","4326000","4326000","2100","2060","21000","206"
"2001-01-29","0","420000","420000","2100","200","21000","20"
"2001-01-26","0","2016000","2016000","2100","960","21000","96"
"2001-01-24","0","2940000","2940000","2100","1400","21000","140"
"2001-01-22","0","1113000","1113000","2100","530","21000","53"
"2001-01-19","0","5040000","5040000","2100","2400","21000","240"
"2001-01-17","-2.33","6195000","6195000","2100","2950","21000","295"
"2001-01-15","0","3762500","3762500","2150","1750","21500","175"
"2001-01-12","1.85","5051325","5051325","2150","2350","21495","235"
"2001-01-10","0.52","3271275","3271275","2111","1550","21105","155"
"2001-01-08","-0.14","21210000","21210000","2100","10100","21000","1010"
"2001-01-05","0.05","2439480","2439480","2103","1160","21030","116"
"2001-01-03","-0.38","2017440","2017440","2102","960","21015","96"
"2001-01-02","0.48","211000","211000","2110","100","21100","10"
"2000-12-29","-0.05","13566000","13566000","2100","6460","21000","646"
"2000-12-28","0.05","2710290","2710290","2101","1290","21010","129"
"2000-12-26","-0.05","3612000","3612000","2100","1720","21000","172"
"2000-12-22","-0.43","1869445","1869445","2101","890","21005","89"
"2000-12-20","0.48","12195800","12195800","2110","5780","21100","578"
"2000-12-18","-4.55","31500000","31500000","2100","15000","21000","1500"
"2000-12-15","2.33","264000","264000","2200","120","22000","12"
"2000-12-13","-0.05","222267000","222267000","2150","103380","21500","10338"
"2000-12-11","-2.23","645150","645150","2151","300","21505","30"
"2000-12-08","4.71","1232000","1232000","2200","560","22000","56"
"2000-12-06","-2.28","2100500","2100500","2101","1000","21005","100"
"2000-12-01","-2.27","9782500","9782500","2150","4550","21500","455"
"2000-11-29","2.33","12848000","12848000","2200","5840","22000","584"
"2000-11-27","0","71079000","71079000","2150","33060","21500","3306"
"2000-11-24","2.38","116395425","116395425","2150","54150","21495","5415"
"2000-11-22","0","441000","441000","2100","210","21000","21"
"2000-11-20","-2.33","3780000","3780000","2100","1800","21000","180"
"2000-11-17","2.38","54352000","54352000","2150","25280","21500","2528"
"2000-11-16","-2.33","6321000","6321000","2100","3010","21000","301"
"2000-11-13","0","408500","408500","2150","190","21500","19"
"2000-11-10","-2.27","77744000","77744000","2150","36160","21500","3616"
"2000-11-08","0","6774460","6774460","2200","3080","21995","308"
"2000-11-06","2.33","5718700","5718700","2200","2600","21995","260"
"2000-11-03","-2.27","39830235","39830235","2150","18530","21495","1853"
"2000-11-02","0","57648895","57648895","2200","26210","21995","2621"
"2000-10-30","-4.35","44605860","44605860","2200","20280","21995","2028"
"2000-10-27","4.5","10902000","10902000","2300","4740","23000","474"
"2000-10-25","3.33","1672380","1672380","2201","760","22005","76"
"2000-10-20","1.38","207206400","207206400","2130","97280","21300","9728"
"2000-10-18","-1.13","28503785","28503785","2101","13570","21005","1357"
"2000-10-16","-1.21","12558750","12558750","2125","5910","21250","591"
"2000-10-13","0","15483600","15483600","2151","7200","21505","720"
"2000-10-11","-2.23","5182705","5182705","2151","2410","21505","241"
"2000-10-09","2.33","283932000","283932000","2200","129060","22000","12906"
"2000-10-06","1.18","358663000","358663000","2150","166820","21500","16682"
"2000-10-04","0","321023750","321023750","2125","151070","21250","15107"
"2000-10-02","1.19","743750","743750","2125","350","21250","35"
"2000-09-29","0","42210000","42210000","2100","20100","21000","2010"
"2000-09-27","-4.55","105924000","105924000","2100","50440","21000","5044"
"2000-09-25","0.09","1429675","1429675","2200","650","21995","65"
"2000-09-22","-0.09","219750","219750","2198","100","21975","10"
"2000-09-20","0.23","90684000","90684000","2200","41220","22000","4122"
"2000-09-15","-0.23","46534000","46534000","2195","21200","21950","2120"
"2000-09-13","0","331870000","331870000","2200","150850","22000","15085"
"2000-09-11","0","12914000","12914000","2200","5870","22000","587"
"2000-09-08","0","7414000","7414000","2200","3370","22000","337"
"2000-09-06","0","264000","264000","2200","120","22000","12"
"2000-09-04","0","33242000","33242000","2200","15110","22000","1511"
"2000-09-01","0","748000","748000","2200","340","22000","34"
"2000-08-30","-0.5","25432000","25432000","2200","11560","22000","1156"
"2000-08-28","0.05","221050","221050","2211","100","22105","10"
"2000-08-25","0.41","2652000","2652000","2210","1200","22100","120"
"2000-08-23","0.05","13467060","13467060","2201","6120","22005","612"
"2000-08-21","0","66000","66000","2200","30","22000","3"
"2000-08-18","0","2200000","2200000","2200","1000","22000","100"
"2000-08-16","-4.35","220000","220000","2200","100","22000","10"
"2000-08-14","0","989000","989000","2300","430","23000","43"
"2000-08-11","0","6233000","6233000","2300","2710","23000","271"
"2000-08-09","-4.17","4807000","4807000","2300","2090","23000","209"
"2000-08-04","0","6072000","6072000","2400","2530","24000","253"
"2000-08-02","-4","192000","192000","2400","80","24000","8"
"2000-07-31","0","825000","825000","2500","330","25000","33"
"2000-07-28","0","1375000","1375000","2500","550","25000","55"
"2000-07-26","-1.96","200000","200000","2500","80","25000","8"
"2000-07-21","-1.89","535500","535500","2550","210","25500","21"
"2000-07-19","-0.04","597770","597770","2599","230","25990","23"
"2000-07-17","0","1169775","1169775","2600","450","25995","45"
"2000-07-14","0","260000","260000","2600","100","26000","10"
"2000-07-12","0","4238000","4238000","2600","1630","26000","163"
"2000-07-10","0","52390000","52390000","2600","20150","26000","2015"
"2000-07-03","0","208000","208000","2600","80","26000","8"
"2000-06-30","0","494000","494000","2600","190","26000","19"
"2000-06-28","0","8164000","8164000","2600","3140","26000","314"
"2000-06-26","-1.89","260000","260000","2600","100","26000","10"
"2000-06-23","0","5883000","5883000","2650","2220","26500","222"
"2000-06-21","0","371000","371000","2650","140","26500","14"
"2000-06-19","0","530000","530000","2650","200","26500","20"
"2000-06-16","0","795000","795000","2650","300","26500","30"
"2000-06-09","1.92","5353000","5353000","2650","2020","26500","202"
"2000-06-07","-1.89","106314000","106314000","2600","40890","26000","4089"
"2000-06-05","0","3869000","3869000","2650","1460","26500","146"
"2000-06-02","1.96","109445000","109445000","2650","41300","26500","4130"
"2000-05-31","-0.04","93667960","93667960","2599","36040","25990","3604"
"2000-05-29","0","2469525","2469525","2600","950","25995","95"
"2000-05-26","-1.89","356928000","356928000","2600","137280","26000","13728"
"2000-05-24","0","53000","53000","2650","20","26500","2"
"2000-05-22","0","901000","901000","2650","340","26500","34"
"2000-05-19","0","13250000","13250000","2650","5000","26500","500"
"2000-05-17","0","3312500","3312500","2650","1250","26500","125"
"2000-05-15","0","1563500","1563500","2650","590","26500","59"
"2000-05-12","0","4346000","4346000","2650","1640","26500","164"
"2000-05-10","0","9407500","9407500","2650","3550","26500","355"
"2000-05-08","0","2120000","2120000","2650","800","26500","80"
"2000-05-05","0","6916500","6916500","2650","2610","26500","261"
"2000-05-03","0","1325000","1325000","2650","500","26500","50"
"2000-04-28","0","8824500","8824500","2650","3330","26500","333"
"2000-04-26","0","1325000","1325000","2650","500","26500","50"
"2000-04-21","0","3206500","3206500","2650","1210","26500","121"
"2000-04-19","0","265000","265000","2650","100","26500","10"
"2000-04-17","0","1325000","1325000","2650","500","26500","50"
"2000-04-14","0","3233000","3233000","2650","1220","26500","122"
"2000-04-12","0","2173000","2173000","2650","820","26500","82"
"2000-04-10","0","3842500","3842500","2650","1450","26500","145"
"2000-04-07","0","4478500","4478500","2650","1690","26500","169"
"2000-04-05","0","3710000","3710000","2650","1400","26500","140"
"2000-04-03","0","6969500","6969500","2650","2630","26500","263"
"2000-03-31","0","8188500","8188500","2650","3090","26500","309"
"2000-03-29","0","7287500","7287500","2650","2750","26500","275"
"2000-03-27","0","7817500","7817500","2650","2950","26500","295"
"2000-03-24","0","266457500","266457500","2650","100550","26500","10055"
"2000-03-22","0","1722500","1722500","2650","650","26500","65"
"2000-03-20","0","185500","185500","2650","70","26500","7"
"2000-03-17","0","132500","132500","2650","50","26500","5"
"2000-03-15","0","1961000","1961000","2650","740","26500","74"
"2000-03-13","0","4399000","4399000","2650","1660","26500","166"
"2000-03-10","0","2835500","2835500","2650","1070","26500","107"
"2000-03-08","0","9937500","9937500","2650","3750","26500","375"
"2000-03-06","-0.38","2517500","2517500","2650","950","26500","95"
"2000-03-03","0.38","3564400","3564400","2660","1340","26600","134"
"2000-03-01","0","6227500","6227500","2650","2350","26500","235"
"2000-02-28","0","4902500","4902500","2650","1850","26500","185"
"2000-02-25","-0.04","1812600000","1812600000","2650","684000","26500","68400"
"2000-02-23","0.04","8774810","8774810","2651","3310","26510","331"
"2000-02-21","0","4001500","4001500","2650","1510","26500","151"
"2000-02-18","0","1934500","1934500","2650","730","26500","73"
"2000-02-16","0","9275000","9275000","2650","3500","26500","350"
"2000-02-14","0","5300000","5300000","2650","2000","26500","200"
"2000-02-11","0","14707500","14707500","2650","5550","26500","555"
"2000-02-09","0","4717000","4717000","2650","1780","26500","178"
"2000-02-07","0","35298000","35298000","2650","13320","26500","1332"
"2000-02-04","0","3736500","3736500","2650","1410","26500","141"
"2000-02-02","0","26606000","26606000","2650","10040","26500","1004"
"2000-01-31","0","2252500","2252500","2650","850","26500","85"
"2000-01-28","0","2809000","2809000","2650","1060","26500","106"
"2000-01-26","0","1243777500","1243777500","2650","469350","26500","46935"
"2000-01-24","0","185500","185500","2650","70","26500","7"
"2000-01-21","0","13568000","13568000","2650","5120","26500","512"
"2000-01-19","0","9672500","9672500","2650","3650","26500","365"
"2000-01-17","0","927500","927500","2650","350","26500","35"
"2000-01-14","0","4266500","4266500","2650","1610","26500","161"
"2000-01-12","0","53212000","53212000","2650","20080","26500","2008"
"2000-01-10","0","2517500","2517500","2650","950","26500","95"
"2000-01-07","0","11103500","11103500","2650","4190","26500","419"
"2000-01-05","0","5777000","5777000","2650","2180","26500","218"
"1999-12-31","0","795000","795000","2650","300","26500","30"
"1999-12-29","0","9566500","9566500","2650","3610","26500","361"
"1999-12-27","0","715500","715500","2650","270","26500","27"
"1999-12-22","0","1192500","1192500","2650","450","26500","45"
"1999-12-20","0","150917500","150917500","2650","56950","26500","5695"
"1999-12-17","0","2968000","2968000","2650","1120","26500","112"
"1999-12-15","0","7393500","7393500","2650","2790","26500","279"
"1999-12-13","0","1643000","1643000","2650","620","26500","62"
"1999-12-10","0","12773000","12773000","2650","4820","26500","482"
"1999-12-08","0","742000","742000","2650","280","26500","28"
"1999-12-06","0","397500","397500","2650","150","26500","15"
"1999-12-03","0","2862000","2862000","2650","1080","26500","108"
"1999-12-01","0","53530000","53530000","2650","20200","26500","2020"
"1999-11-29","0","1325000","1325000","2650","500","26500","50"
"1999-11-26","-0.38","2093500","2093500","2650","790","26500","79"
"1999-11-24","0.38","4788000","4788000","2660","1800","26600","180"
"1999-11-22","1.11","1086500","1086500","2650","410","26500","41"
"1999-11-19","0.04","18976040","18976040","2621","7240","26210","724"
"1999-11-17","0","172422200","172422200","2620","65810","26200","6581"
"1999-11-12","0","11711400","11711400","2620","4470","26200","447"
"1999-11-10","0","137681000","137681000","2620","52550","26200","5255"
"1999-11-08","0","68906000","68906000","2620","26300","26200","2630"
"1999-11-05","0","199984600","199984600","2620","76330","26200","7633"
"1999-11-03","0","13283400","13283400","2620","5070","26200","507"
"1999-10-29","0","3563200","3563200","2620","1360","26200","136"
"1999-10-27","0","9589200","9589200","2620","3660","26200","366"
"1999-10-25","0","69220400","69220400","2620","26420","26200","2642"
"1999-10-22","0","14829200","14829200","2620","5660","26200","566"
"1999-10-20","0","6183200","6183200","2620","2360","26200","236"
"1999-10-18","0","8619800","8619800","2620","3290","26200","329"
"1999-10-15","0","524000","524000","2620","200","26200","20"
"1999-10-13","0","65893000","65893000","2620","25150","26200","2515"
"1999-10-11","0.77","39562000","39562000","2620","15100","26200","1510"
"1999-10-08","0","8658000","8658000","2600","3330","26000","333"
"1999-10-06","0","4680000","4680000","2600","1800","26000","180"
"1999-10-04","0","3224000","3224000","2600","1240","26000","124"
"1999-10-01","0","130260000","130260000","2600","50100","26000","5010"
"1999-09-29","0","7514000","7514000","2600","2890","26000","289"
"1999-09-27","0","15184000","15184000","2600","5840","26000","584"
"1999-09-24","0","2860000","2860000","2600","1100","26000","110"
"1999-09-22","0","8502000","8502000","2600","3270","26000","327"
"1999-09-20","0","11674000","11674000","2600","4490","26000","449"
"1999-09-17","0","5720000","5720000","2600","2200","26000","220"
"1999-09-15","0","3458000","3458000","2600","1330","26000","133"
"1999-09-13","0","1300000","1300000","2600","500","26000","50"
"1999-09-10","0","5564000","5564000","2600","2140","26000","214"
"1999-09-08","0","3224000","3224000","2600","1240","26000","124"
"1999-09-06","0","3900000","3900000","2600","1500","26000","150"
"1999-09-03","0","3640000","3640000","2600","1400","26000","140"
"1999-09-01","0","2314000","2314000","2600","890","26000","89"
"1999-08-30","0","1612000","1612000","2600","620","26000","62"
"1999-08-27","-0.38","267202000","267202000","2600","102770","26000","10277"
"1999-08-25","0.31","21167100","21167100","2610","8110","26100","811"
"1999-08-23","0.08","20399680","20399680","2602","7840","26020","784"
"1999-08-20","0","8814000","8814000","2600","3390","26000","339"
"1999-08-18","0","155974000","155974000","2600","59990","26000","5999"
"1999-08-16","-0.04","7774000","7774000","2600","2990","26000","299"
"1999-08-13","0.04","167218290","167218290","2601","64290","26010","6429"
"1999-08-11","0","6890000","6890000","2600","2650","26000","265"
"1999-08-09","0","10790000","10790000","2600","4150","26000","415"
"1999-08-06","-1.89","37492000","37492000","2600","14420","26000","1442"
"1999-08-04","0","19742500","19742500","2650","7450","26500","745"
"1999-08-02","1.88","9513500","9513500","2650","3590","26500","359"
"1999-07-30","0.04","9595845","9595845","2601","3690","26005","369"
"1999-07-28","-1.89","13624000","13624000","2600","5240","26000","524"
"1999-07-26","0","6360000","6360000","2650","2400","26500","240"
"1999-07-23","0","9328000","9328000","2650","3520","26500","352"
"1999-07-21","0","1590000","1590000","2650","600","26500","60"
"1999-07-19","0","12852500","12852500","2650","4850","26500","485"
"1999-07-16","-3.64","18868000","18868000","2650","7120","26500","712"
"1999-07-14","0","3575000","3575000","2750","1300","27500","130"
"1999-07-12","2.5","550000","550000","2750","200","27500","20"
"1999-07-09","-7.48","402375","402375","2683","150","26825","15"
"1999-07-07","0","2030000","2030000","2900","700","29000","70"
"1999-07-05","-1.69","725000","725000","2900","250","29000","25"
"1999-07-02","0","6903000","6903000","2950","2340","29500","234"
"1999-06-30","0","8850000","8850000","2950","3000","29500","300"
"1999-06-28","0","4425000","4425000","2950","1500","29500","150"
"1999-06-25","0","5310000","5310000","2950","1800","29500","180"
"1999-06-23","0","1475000","1475000","2950","500","29500","50"
"1999-06-21","0","531000","531000","2950","180","29500","18"
"1999-06-18","0","5074000","5074000","2950","1720","29500","172"
"1999-06-16","0","25370000","25370000","2950","8600","29500","860"
"1999-06-14","0","1504500","1504500","2950","510","29500","51"
"1999-06-11","0","17700000","17700000","2950","6000","29500","600"
"1999-06-09","0","15074500","15074500","2950","5110","29500","511"
"1999-06-07","0","7994500","7994500","2950","2710","29500","271"
"1999-06-04","0","5133000","5133000","2950","1740","29500","174"
"1999-06-02","1.69","49147000","49147000","2950","16660","29500","1666"
"1999-05-31","0","2146740","2146740","2901","740","29010","74"
"1999-05-28","0","3742290","3742290","2901","1290","29010","129"
"1999-05-26","0.03","5337840","5337840","2901","1840","29010","184"
"1999-05-21","0","31378000","31378000","2900","10820","29000","1082"
"1999-05-19","0","30044000","30044000","2900","10360","29000","1036"
"1999-05-17","0","8758000","8758000","2900","3020","29000","302"
"1999-05-14","0.35","26999000","26999000","2900","9310","29000","931"
"1999-05-12","1.05","8901200","8901200","2890","3080","28900","308"
"1999-05-10","0","17303000","17303000","2860","6050","28600","605"
"1999-05-07","2.73","22250800","22250800","2860","7780","28600","778"
"1999-05-05","7.49","612730560","612730560","2784","220090","27840","22009"
"1999-05-03","-7.5","284900","284900","2590","110","25900","11"
"1999-04-30","-1.75","9408000","9408000","2800","3360","28000","336"
"1999-04-28","0","7581000","7581000","2850","2660","28500","266"
"1999-04-26","-1.72","9889500","9889500","2850","3470","28500","347"
"1999-04-23","0.35","21634000","21634000","2900","7460","29000","746"
"1999-04-21","-6.77","11184300","11184300","2890","3870","28900","387"
"1999-04-19","7.27","3100000","3100000","3100","1000","31000","100"
"1999-04-16","0.03","103588575","103588575","2890","35850","28895","3585"
"1999-04-14","0","29664895","29664895","2889","10270","28885","1027"
"1999-04-12","7.48","2975670","2975670","2889","1030","28890","103"
"1999-04-09","7.52","141631250","141631250","2688","52700","26875","5270"
"1999-04-07","-3.47","500000000","500000000","2500","200000","25000","20000"
"1999-04-02","3.6","14374500","14374500","2590","5550","25900","555"
"1999-03-31","0","22875000","22875000","2500","9150","25000","915"
"1999-03-29","0","53100000","53100000","2500","21240","25000","2124"
"1999-03-26","0","9375000","9375000","2500","3750","25000","375"
"1999-03-24","0","48175000","48175000","2500","19270","25000","1927"
"1999-03-22","0","12500000","12500000","2500","5000","25000","500"
"1999-03-19","0","26825000","26825000","2500","10730","25000","1073"
"1999-03-17","0","28150000","28150000","2500","11260","25000","1126"
"1999-03-15","0","625000","625000","2500","250","25000","25"
"1999-03-12","4.17","9425000","9425000","2500","3770","25000","377"
"1999-03-10","0","2760000","2760000","2400","1150","24000","115"
"1999-03-08","0","56112000","56112000","2400","23380","24000","2338"
"1999-03-05","0","1200000","1200000","2400","500","24000","50"
"1999-03-03","0","13080000","13080000","2400","5450","24000","545"
"1999-03-01","0","6192000","6192000","2400","2580","24000","258"
"1999-02-26","0","10608000","10608000","2400","4420","24000","442"
"1999-02-24","0","2222928000","2222928000","2400","926220","24000","92622"
"1999-02-22","0","22416000","22416000","2400","9340","24000","934"
"1999-02-19","0","41856000","41856000","2400","17440","24000","1744"
"1999-02-17","0","4344000","4344000","2400","1810","24000","181"
"1999-02-15","0","480000","480000","2400","200","24000","20"
"1999-02-12","0","11376000","11376000","2400","4740","24000","474"
"1999-02-10","0","6000000","6000000","2400","2500","24000","250"
"1999-02-08","0","2400000","2400000","2400","1000","24000","100"
"1999-02-05","0","16560000","16560000","2400","6900","24000","690"
"1999-02-03","0","20760000","20760000","2400","8650","24000","865"
"1999-02-01","0","10488000","10488000","2400","4370","24000","437"
"1999-01-29","0","30408000","30408000","2400","12670","24000","1267"
"1999-01-27","0","6720000","6720000","2400","2800","24000","280"
"1999-01-25","0","24960000","24960000","2400","10400","24000","1040"
"1999-01-22","0","16968000","16968000","2400","7070","24000","707"
"1999-01-20","0","2256000","2256000","2400","940","24000","94"
"1999-01-18","0","9720000","9720000","2400","4050","24000","405"
"1999-01-13","0","27384000","27384000","2400","11410","24000","1141"
"1999-01-11","0","13320000","13320000","2400","5550","24000","555"
"1999-01-08","0","38328000","38328000","2400","15970","24000","1597"
"1999-01-06","0","33168000","33168000","2400","13820","24000","1382"
"1999-01-04","0","1608000","1608000","2400","670","24000","67"
"1998-12-30","0.21","504000000","504000000","2400","210000","24000","21000"
"1998-12-28","0","541030500","541030500","2395","225900","23950","22590"
"1998-12-23","0","26345000","26345000","2395","11000","23950","1100"
"1998-12-21","0","416730000","416730000","2395","174000","23950","17400"
"1998-12-18","0","24836150","24836150","2395","10370","23950","1037"
"1998-12-16","0","55659800","55659800","2395","23240","23950","2324"
"1998-12-14","0","6825750","6825750","2395","2850","23950","285"
"1998-12-11","0","32284600","32284600","2395","13480","23950","1348"
"1998-12-09","0","24381100","24381100","2395","10180","23950","1018"
"1998-12-04","0","119750000","119750000","2395","50000","23950","5000"
"1998-12-02","0","7304750","7304750","2395","3050","23950","305"
"1998-11-30","0","54534150","54534150","2395","22770","23950","2277"
"1998-11-27","0","23950000","23950000","2395","10000","23950","1000"
"1998-11-25","0","121426500","121426500","2395","50700","23950","5070"
"1998-11-23","4.13","47900000","47900000","2395","20000","23950","2000"
"1998-11-20","4.55","230000000","230000000","2300","100000","23000","10000"
"1998-11-18","0.92","352000000","352000000","2200","160000","22000","16000"
"1998-11-16","7.13","32700000","32700000","2180","15000","21800","1500"
"1998-11-13","-7.5","12047200","12047200","2035","5920","20350","592"
"1998-11-11","0","22374000","22374000","2200","10170","22000","1017"
"1998-11-09","-3.93","24992000","24992000","2200","11360","22000","1136"
"1998-11-06","0","14518600","14518600","2290","6340","22900","634"
"1998-11-04","4.09","2519000","2519000","2290","1100","22900","110"
"1998-11-02","0","1936000","1936000","2200","880","22000","88"
"1998-10-30","-3.93","9724000","9724000","2200","4420","22000","442"
"1998-10-28","4.09","2129700","2129700","2290","930","22900","93"
"1998-10-26","0","7766000","7766000","2200","3530","22000","353"
"1998-10-23","0","5984000","5984000","2200","2720","22000","272"
"1998-10-21","-4.35","9790000","9790000","2200","4450","22000","445"
"1998-10-19","4.55","10212000","10212000","2300","4440","23000","444"
"1998-10-16","-4.35","52624000","52624000","2200","23920","22000","2392"
"1998-10-14","0","46736000","46736000","2300","20320","23000","2032"
"1998-10-12","4.55","32039000","32039000","2300","13930","23000","1393"
"1998-10-09","-4.35","15554000","15554000","2200","7070","22000","707"
"1998-10-07","4.55","39744000","39744000","2300","17280","23000","1728"
"1998-10-05","0","4004000","4004000","2200","1820","22000","182"
"1998-10-02","","467478000","467478000","2200","212490","22000","21249"
