"Date","Variation","Valeur","Volume Devise Total","Cours Ajuste","Volume Ajuste Total","Cours Normal","Volume Normal Total"
"2026-09-09","-2.11","2788455","2788455","4400","622","4400","622"
"2026-09-08","3.33","3790970","3790970","4495","870","4495","870"
"2026-09-07","0","8274460","8274460","4350","1894","4350","1894"
"2026-09-04","-1.14","8328000","8328000","4350","1891","4350","1891"
"2026-09-03","0","5675295","5675295","4400","1281","4400","1281"
"2026-09-02","-2","4860260","4860260","4400","1104","4400","1104"
"2026-09-01","1.24","4276845","4276845","4490","962","4490","962"
"2026-08-31","-1.22","1348375","1348375","4435","301","4435","301"
"2026-08-28","-1.21","5625530","5625530","4490","1288","4490","1288"
"2026-08-27","-0.11","1266175","1266175","4545","278","4545","278"
"2026-08-26","1.79","5393095","5393095","4550","1209","4550","1209"
"2026-08-24","0","3546300","3546300","4470","796","4470","796"
"2026-08-21","-0.11","1838995","1838995","4470","410","4470","410"
"2026-08-20","1.59","1649575","1649575","4475","371","4475","371"
"2026-08-19","0","7022515","7022515","4405","1590","4405","1590"
"2026-08-18","-1.01","3147300","3147300","4405","712","4405","712"
"2026-08-17","-1","1163870","1163870","4450","264","4450","264"
"2026-08-14","0","759765","759765","4495","169","4495","169"
"2026-08-13","2.16","632900","632900","4495","141","4495","141"
"2026-08-12","0","1134600","1134600","4400","257","4400","257"
"2026-08-11","-1.12","642600","642600","4400","146","4400","146"
"2026-08-10","-0.67","5566460","5566460","4450","1302","4450","1302"
"2026-08-06","-0.11","2011530","2011530","4480","464","4480","464"
"2026-08-05","1.93","1244255","1244255","4485","283","4485","283"
"2026-08-04","0","3242700","3242700","4400","769","4400","769"
"2026-08-03","-2.55","2030450","2030450","4400","458","4400","458"
"2026-07-31","-0.11","928875","928875","4515","206","4515","206"
"2026-07-30","-0.66","4293970","4293970","4520","945","4520","945"
"2026-07-29","1.22","3499090","3499090","4550","793","4550","793"
"2026-07-28","-1.21","10733760","10733760","4495","2507","4495","2507"
"2026-07-27","-1.3","1612775","1612775","4550","356","4550","356"
"2026-07-24","0.11","4250940","4250940","4610","920","4610","920"
"2026-07-23","-0.54","4171480","4171480","4605","906","4605","906"
"2026-07-22","-0.32","1636750","1636750","4630","354","4630","354"
"2026-07-21","0.98","3385615","3385615","4645","731","4645","731"
"2026-07-20","2.22","5213820","5213820","4600","1132","4600","1132"
"2026-07-17","0.67","2987240","2987240","4500","664","4500","664"
"2026-07-16","4.2","6539985","6539985","4470","1471","4470","1471"
"2026-07-15","-0.23","3099995","3099995","4290","723","4290","723"
"2026-07-14","-2.27","3343375","3343375","4300","793","4300","793"
"2026-07-13","2.8","2865965","2865965","4400","671","4400","671"
"2026-07-10","-2.51","2628860","2628860","4280","611","4280","611"
"2026-07-09","-2.44","2024890","2024890","4390","472","4390","472"
"2026-07-08","0","721650","721650","4500","161","4500","161"
"2026-07-07","0","3412400","3412400","4500","757","4500","757"
"2026-07-06","0","3267995","3267995","4500","723","4500","723"
"2026-07-03","-0.44","4247445","4247445","4500","940","4500","940"
"2026-07-02","-1.74","1700100","1700100","4520","375","4520","375"
"2026-07-01","-2.13","1454090","1454090","4600","312","4600","312"
"2026-06-30","1.08","5871170","5871170","4700","1263","4700","1263"
"2026-06-29","1.2","3722135","3722135","4650","802","4650","802"
"2026-06-26","-0.54","1941045","1941045","4595","422","4595","422"
"2026-06-25","0.43","1876910","1876910","4620","410","4620","410"
"2026-06-24","0","3676955","3676955","4600","829","4600","829"
"2026-06-23","-2.02","5435145","5435145","4600","1165","4600","1165"
"2026-06-22","-0.11","5877010","5877010","4695","1256","4695","1256"
"2026-06-19","-0.84","8827645","8827645","4700","1879","4700","1879"
"2026-06-18","7.48","9280965","9280965","4740","1991","4740","1991"
"2026-06-17","7.43","18409995","18409995","4410","4298","4410","4298"
"2026-06-16","0.12","1933915","1933915","4105","469","4105","469"
"2026-06-15","0.61","1142120","1142120","4100","279","4100","279"
"2026-06-12","-1.81","2777800","2777800","4075","670","4075","670"
"2026-06-11","-1.19","2761655","2761655","4150","658","4150","658"
"2026-06-10","-1.18","1591800","1591800","4200","379","4200","379"
"2026-06-09","0","13609420","13609420","4250","3304","4250","3304"
"2026-06-08","-1.96","2059150","2059150","4250","493","4250","493"
"2026-06-05","-0.23","1274035","1274035","4335","294","4335","294"
"2026-06-04","0","2489700","2489700","4345","575","4345","575"
"2026-06-03","1.05","9686425","9686425","4345","2226","4345","2226"
"2026-06-02","3.49","2084610","2084610","4300","497","4300","497"
"2026-06-01","-3.15","1960110","1960110","4155","477","4155","477"
"2026-05-29","-3.27","1763820","1763820","4290","410","4290","410"
"2026-05-28","-0.78","5894990","5894990","4435","1394","4435","1394"
"2026-05-26","6.18","380980","380980","4470","85","4470","85"
"2026-05-22","7.4","6845350","6845350","4210","1657","4210","1657"
"2026-05-21","6.09","2297050","2297050","3920","597","3920","597"
"2026-05-20","0","3229385","3229385","3695","874","3695","874"
"2026-05-19","2.07","2603815","2603815","3695","705","3695","705"
"2026-05-18","-2.03","3592180","3592180","3620","986","3620","986"
"2026-05-15","0","4050965","4050965","3695","1099","3695","1099"
"2026-05-13","0.14","3671570","3671570","3695","1004","3695","1004"
"2026-05-12","1.1","3109455","3109455","3690","850","3690","850"
"2026-05-11","-1.22","5197060","5197060","3650","1415","3650","1415"
"2026-05-08","0","3397445","3397445","3695","920","3695","920"
"2026-05-07","-0.14","4496065","4496065","3695","1232","3695","1232"
"2026-05-06","-6.09","5502535","5502535","3700","1495","3700","1495"
"2026-05-05","-7.4","7783890","7783890","3940","1971","3940","1971"
"2026-05-04","-7.5","4891755","4891755","4255","1149","4255","1149"
"2026-04-30","-3.16","1638455","1638455","4600","349","4600","349"
"2026-04-29","-0.11","3513250","3513250","4750","746","4750","746"
"2026-04-28","-0.94","1846380","1846380","4755","385","4755","385"
"2026-04-27","0","1017315","1017315","4800","215","4800","215"
"2026-04-24","0","1822030","1822030","4800","379","4800","379"
"2026-04-23","-1.94","2519700","2519700","4800","519","4800","519"
"2026-04-22","1.98","895675","895675","4895","183","4895","183"
"2026-04-21","-2.04","9265800","9265800","4800","1891","4800","1891"
"2026-04-20","0","2010150","2010150","4900","406","4900","406"
"2026-04-17","-1.9","4215235","4215235","4900","858","4900","858"
"2026-04-16","0","5689200","5689200","4995","1152","4995","1152"
"2026-04-15","-0.1","2174370","2174370","4995","435","4995","435"
"2026-04-14","2.04","2761060","2761060","5000","570","5000","570"
"2026-04-13","-2.97","2998005","2998005","4900","600","4900","600"
"2026-04-10","2.02","1460000","1460000","5050","287","5050","287"
"2026-04-09","-2.94","2779800","2779800","4950","553","4950","553"
"2026-04-08","2.1","3724870","3724870","5100","735","5100","735"
"2026-04-07","4.94","31796435","31796435","4995","6401","4995","6401"
"2026-04-03","-0.1","2255745","2255745","4760","474","4760","474"
"2026-04-02","-2.36","6102100","6102100","4765","1286","4765","1286"
"2026-04-01","0.1","1163315","1163315","4880","241","4880","241"
"2026-03-31","0","6360220","6360220","4875","1321","4875","1321"
"2026-03-30","-0.31","1674170","1674170","4875","352","4875","352"
"2026-03-27","-1.81","3274810","3274810","4890","663","4890","663"
"2026-03-26","1.63","9928280","9928280","4980","2023","4980","2023"
"2026-03-25","0.2","10305585","10305585","4900","2103","4900","2103"
"2026-03-24","1.88","9448740","9448740","4890","1929","4890","1929"
"2026-03-23","2.13","6224515","6224515","4800","1263","4800","1263"
"2026-03-19","0.11","5520370","5520370","4700","1208","4700","1208"
"2026-03-18","-2.09","17739690","17739690","4695","3934","4695","3934"
"2026-03-17","-1.84","27093305","27093305","4795","5885","4795","5885"
"2026-03-13","-6.06","22679800","22679800","4885","4679","4885","4679"
"2026-03-12","-3.7","5219660","5219660","5200","993","5200","993"
"2026-03-11","-1.82","16227790","16227790","5400","2860","5400","2860"
"2026-03-10","0.92","10586205","10586205","5500","1934","5500","1934"
"2026-03-09","0.83","4024775","4024775","5450","737","5450","737"
"2026-03-06","0.09","27465605","27465605","5405","5075","5405","5075"
"2026-03-05","1.89","17369295","17369295","5400","3082","5400","3082"
"2026-03-04","0.86","29175245","29175245","5300","5367","5300","5367"
"2026-03-03","7.46","15043250","15043250","5255","2866","5255","2866"
"2026-03-02","7.47","9818900","9818900","4890","2008","4890","2008"
"2026-02-27","-0.98","3245410","3245410","4550","708","4550","708"
"2026-02-26","-0.86","2469635","2469635","4595","534","4595","534"
"2026-02-25","2.77","5088660","5088660","4635","1114","4635","1114"
"2026-02-24","-2.8","2002660","2002660","4510","432","4510","432"
"2026-02-23","-0.22","5234450","5234450","4640","1181","4640","1181"
"2026-02-20","3.33","1470725","1470725","4650","321","4650","321"
"2026-02-19","0","3441895","3441895","4500","764","4500","764"
"2026-02-18","0","2416360","2416360","4500","538","4500","538"
"2026-02-17","2.86","5595670","5595670","4500","1253","4500","1253"
"2026-02-16","4.54","8729405","8729405","4375","2025","4375","2025"
"2026-02-13","-4.67","3896015","3896015","4185","925","4185","925"
"2026-02-12","-0.23","10679010","10679010","4390","2440","4390","2440"
"2026-02-11","-2.11","4980835","4980835","4400","1123","4400","1123"
"2026-02-10","0","2994065","2994065","4495","666","4495","666"
"2026-02-09","0","3193890","3193890","4495","710","4495","710"
"2026-02-06","-0.11","8716730","8716730","4495","1899","4495","1899"
"2026-02-05","0.22","3776460","3776460","4500","838","4500","838"
"2026-02-04","0","5760640","5760640","4490","1294","4490","1294"
"2026-02-03","2.05","2603730","2603730","4490","581","4490","581"
"2026-02-02","-0.23","4833215","4833215","4400","1093","4400","1093"
"2026-01-30","0.23","3577745","3577745","4410","810","4410","810"
"2026-01-29","-1.12","4459845","4459845","4400","1005","4400","1005"
"2026-01-28","-1.98","19282775","19282775","4450","4307","4450","4307"
"2026-01-27","6.32","26830675","26830675","4540","5945","4540","5945"
"2026-01-26","7.42","19718860","19718860","4270","4618","4270","4618"
"2026-01-23","7.43","7786980","7786980","3975","1962","3975","1962"
"2026-01-22","-2.63","6920110","6920110","3700","1867","3700","1867"
"2026-01-21","-2.81","6654830","6654830","3800","1745","3800","1745"
"2026-01-20","0.13","5348930","5348930","3910","1371","3910","1371"
"2026-01-19","-0.13","1558670","1558670","3905","401","3905","401"
"2026-01-16","5.25","9864865","9864865","3910","2582","3910","2582"
"2026-01-15","-0.4","6547845","6547845","3715","1856","3715","1856"
"2026-01-14","0.81","5198700","5198700","3730","1403","3730","1403"
"2026-01-13","0","3909290","3909290","3700","1066","3700","1066"
"2026-01-12","-1.2","1577640","1577640","3700","439","3700","439"
"2026-01-09","-0.79","286465","286465","3745","76","3745","76"
"2026-01-08","-0.4","13045645","13045645","3775","3662","3775","3662"
"2026-01-07","0","912355","912355","3790","241","3790","241"
"2026-01-06","-1.3","4986515","4986515","3790","1305","3790","1305"
"2026-01-05","-0.78","2972350","2972350","3840","782","3840","782"
"2026-01-02","-0.13","842475","842475","3870","222","3870","222"
"2025-12-31","1.97","2067855","2067855","3875","544","3875","544"
"2025-12-30","-3.43","4070840","4070840","3800","1077","3800","1077"
"2025-12-29","4.24","6564805","6564805","3935","1727","3935","1727"
"2025-12-26","-0.13","6031310","6031310","3775","1606","3775","1606"
"2025-12-24","0.8","283860","283860","3780","75","3780","75"
"2025-12-23","-1.45","541065","541065","3750","144","3750","144"
"2025-12-22","1.6","2211940","2211940","3805","601","3805","601"
"2025-12-19","-0.79","7028430","7028430","3745","1902","3745","1902"
"2025-12-18","-0.53","3406490","3406490","3775","904","3775","904"
"2025-12-17","-0.13","1305340","1305340","3795","345","3795","345"
"2025-12-16","0","1231075","1231075","3800","324","3800","324"
"2025-12-15","-1.3","4011785","4011785","3800","1056","3800","1056"
"2025-12-12","-0.13","1640955","1640955","3850","428","3850","428"
"2025-12-11","-0.26","327670","327670","3855","86","3855","86"
"2025-12-10","0.65","8262865","8262865","3865","2168","3865","2168"
"2025-12-09","0.79","5019110","5019110","3840","1317","3840","1317"
"2025-12-08","-2.06","5721665","5721665","3810","1501","3810","1501"
"2025-12-05","-0.13","501915","501915","3890","129","3890","129"
"2025-12-04","0","1351225","1351225","3895","347","3895","347"
"2025-12-03","-0.13","5213815","5213815","3895","1344","3895","1344"
"2025-12-02","0","2796640","2796640","3900","722","3900","722"
"2025-12-01","0","5297955","5297955","3900","1407","3900","1407"
"2025-11-28","1.83","1760760","1760760","3900","449","3900","449"
"2025-11-27","-2.05","3855670","3855670","3830","1002","3830","1002"
"2025-11-26","-1.39","4189455","4189455","3910","1062","3910","1062"
"2025-11-25","-0.13","1276770","1276770","3965","325","3965","325"
"2025-11-24","0","3834570","3834570","3970","968","3970","968"
"2025-11-21","0.76","3572955","3572955","3970","911","3970","911"
"2025-11-20","1.55","4017460","4017460","3940","1032","3940","1032"
"2025-11-19","3.47","17551200","17551200","3880","4494","3880","4494"
"2025-11-18","0.13","5943350","5943350","3750","1584","3750","1584"
"2025-11-17","-2.73","21144150","21144150","3745","5879","3745","5879"
"2025-11-14","-1.41","5620840","5620840","3850","1454","3850","1454"
"2025-11-13","0","5149465","5149465","3905","1304","3905","1304"
"2025-11-12","7.43","6825550","6825550","3905","1851","3905","1851"
"2025-11-11","-0.14","4493060","4493060","3635","1234","3635","1234"
"2025-11-10","-0.14","8393475","8393475","3640","2305","3640","2305"
"2025-11-07","-0.95","8357605","8357605","3645","2346","3645","2346"
"2025-11-06","-0.41","14026170","14026170","3680","3991","3680","3991"
"2025-11-05","-1.6","87169945","87169945","3695","25048","3695","25048"
"2025-11-04","-7.4","6248870","6248870","3755","1662","3755","1662"
"2025-11-03","-7.42","13885230","13885230","4055","3419","4055","3419"
"2025-10-31","-7.5","36336990","36336990","4380","8175","4380","8175"
"2025-10-30","7.49","9455200","9455200","4735","1997","4735","1997"
"2025-10-29","7.44","5678335","5678335","4405","1291","4405","1291"
"2025-10-28","2.5","9223230","9223230","4100","2237","4100","2237"
"2025-10-27","0.5","19457045","19457045","4000","4854","4000","4854"
"2025-10-24","-0.5","22526230","22526230","3980","5693","3980","5693"
"2025-10-23","1.52","20998500","20998500","4000","5376","4000","5376"
"2025-10-22","0","23555720","23555720","3940","5968","3940","5968"
"2025-10-21","-0.25","3816315","3816315","3940","976","3940","976"
"2025-10-20","4.08","31478315","31478315","3950","7912","3950","7912"
"2025-10-17","2.29","16786595","16786595","3795","4478","3795","4478"
"2025-10-16","3.06","20524080","20524080","3710","5575","3710","5575"
"2025-10-15","0","33530495","33530495","3600","9529","3600","9529"
"2025-10-14","5.88","26423015","26423015","3600","7607","3600","7607"
"2025-10-13","-1.45","25385075","25385075","3400","7431","3400","7431"
"2025-10-10","-1.43","18820010","18820010","3450","5392","3450","5392"
"2025-10-09","-2.78","31613035","31613035","3500","8716","3500","8716"
"2025-10-08","7.46","3988800","3988800","3600","1108","3600","1108"
"2025-10-07","7.37","12743400","12743400","3350","3804","3350","3804"
"2025-10-06","7.4","3731520","3731520","3120","1196","3120","1196"
"2025-10-03","7.39","1199765","1199765","2905","413","2905","413"
"2025-10-02","7.34","73013360","73013360","2705","26992","2705","26992"
"2025-10-01","7.46","120020","120020","2520","48","2520","48"
"2025-09-30","0.64","25050205","25050205","2345","10646","2345","10646"
"2025-09-29","-6.61","10759875","10759875","2330","4602","2330","4602"
"2025-09-26","-13.22","3440260","3440260","2495","1315","2495","1315"
"2025-09-25","1.77","2464775","2464775","2875","871","2875","871"
"2025-09-24","-0.18","793665","793665","2825","281","2825","281"
"2025-09-23","-0.53","879700","879700","2830","311","2830","311"
"2025-09-22","1.61","320315","320315","2845","116","2845","116"
"2025-09-19","0.18","662285","662285","2800","238","2800","238"
"2025-09-18","3.9","6907660","6907660","2795","2691","2795","2691"
"2025-09-17","2.48","1301635","1301635","2690","484","2690","484"
"2025-09-16","0","1402295","1402295","2625","530","2625","530"
"2025-09-15","0","389125","389125","2625","148","2625","148"
"2025-09-12","0.57","1297560","1297560","2625","496","2625","496"
"2025-09-11","-0.57","213850","213850","2610","82","2610","82"
"2025-09-10","0.19","183270","183270","2625","70","2625","70"
"2025-09-09","0","450040","450040","2620","172","2620","172"
"2025-09-08","-0.19","1480625","1480625","2620","579","2620","579"
"2025-09-05","3.14","41950","41950","2625","16","2625","16"
"2025-09-03","-3.05","848380","848380","2545","331","2545","331"
"2025-09-02","-0.19","246750","246750","2625","94","2625","94"
"2025-09-01","0","15780","15780","2630","6","2630","6"
"2025-08-29","0","1344820","1344820","2630","530","2630","530"
"2025-08-28","0","840100","840100","2630","320","2630","320"
"2025-08-27","-0.38","157785","157785","2630","60","2630","60"
"2025-08-26","-0.19","145270","145270","2640","55","2640","55"
"2025-08-25","0","1084770","1084770","2645","426","2645","426"
"2025-08-22","-0.19","136970","136970","2645","52","2645","52"
"2025-08-21","0","437300","437300","2650","167","2650","167"
"2025-08-20","0","892805","892805","2650","337","2650","337"
"2025-08-19","0","854745","854745","2650","348","2650","348"
"2025-08-18","2.12","761865","761865","2650","306","2650","306"
"2025-08-14","-0.95","1409720","1409720","2595","576","2595","576"
"2025-08-13","-1.87","406100","406100","2620","155","2620","155"
"2025-08-12","-0.37","1226940","1226940","2670","459","2670","459"
"2025-08-11","0","610770","610770","2680","228","2680","228"
"2025-08-08","0.37","343030","343030","2680","128","2680","128"
"2025-08-06","-0.37","5150","5150","2670","2","2670","2"
"2025-08-05","0","1825145","1825145","2680","682","2680","682"
"2025-08-04","0","188655","188655","2680","71","2680","71"
"2025-08-01","0","226300","226300","2680","84","2680","84"
"2025-07-31","-3.42","399510","399510","2680","149","2680","149"
"2025-07-30","2.78","1256950","1256950","2775","502","2775","502"
"2025-07-29","0.56","6874885","6874885","2700","2585","2700","2585"
"2025-07-28","7.4","251485","251485","2685","100","2685","100"
"2025-07-25","-7.41","2761600","2761600","2500","1104","2500","1104"
"2025-07-24","0","494430","494430","2700","183","2700","183"
"2025-07-23","5.47","45175","45175","2700","17","2700","17"
"2025-07-22","0.39","591860","591860","2560","233","2560","233"
"2025-07-21","0","405950","405950","2550","160","2550","160"
"2025-07-18","0","234450","234450","2550","92","2550","92"
"2025-07-17","-5.9","580950","580950","2550","216","2550","216"
"2025-07-16","-3.04","43360","43360","2710","16","2710","16"
"2025-07-15","0","354965","354965","2795","127","2795","127"
"2025-07-14","0","1070485","1070485","2795","383","2795","383"
"2025-07-11","7.5","560340","560340","2795","207","2795","207"
"2025-07-10","-1.89","157550","157550","2600","60","2600","60"
"2025-07-09","6","1941515","1941515","2650","775","2650","775"
"2025-07-08","-3.85","821325","821325","2500","326","2500","326"
"2025-07-07","4","410160","410160","2600","158","2600","158"
"2025-07-04","-3.85","500000","500000","2500","200","2500","200"
"2025-07-03","0","44200","44200","2600","17","2600","17"
"2025-07-02","4","33050","33050","2600","13","2600","13"
"2025-07-01","0","178425","178425","2500","71","2500","71"
"2025-06-30","-3.85","317700","317700","2500","127","2500","127"
"2025-06-27","-1.14","284300","284300","2600","109","2600","109"
"2025-06-26","0","15780","15780","2630","6","2630","6"
"2025-06-25","4.16","76270","76270","2630","29","2630","29"
"2025-06-24","0.2","73320","73320","2525","28","2525","28"
"2025-06-23","-4.18","183310","183310","2520","72","2520","72"
"2025-06-20","1.35","1528500","1528500","2630","588","2630","588"
"2025-06-19","3.39","410770","410770","2595","158","2595","158"
"2025-06-18","-3.46","815280","815280","2510","318","2510","318"
"2025-06-17","4","5421700","5421700","2600","2165","2600","2165"
"2025-06-16","0","210100","210100","2500","84","2500","84"
"2025-06-13","0","936825","936825","2500","387","2500","387"
"2025-06-12","-3.1","449860","449860","2500","177","2500","177"
"2025-06-11","7.5","807360","807360","2580","330","2580","330"
"2025-06-10","0","1633900","1633900","2400","669","2400","669"
"2025-06-05","-1.64","312120","312120","2400","128","2400","128"
"2025-06-04","0","130100","130100","2440","54","2440","54"
"2025-06-03","0","400520","400520","2440","165","2440","165"
"2025-06-02","0","1084790","1084790","2440","446","2440","446"
"2025-05-30","-0.41","139080","139080","2440","57","2440","57"
"2025-05-28","0","841510","841510","2450","356","2450","356"
"2025-05-27","3.81","2106905","2106905","2450","888","2450","888"
"2025-05-26","-0.84","1174470","1174470","2360","498","2360","498"
"2025-05-23","0.42","1705940","1705940","2380","720","2380","720"
"2025-05-22","7.48","4907855","4907855","2370","2190","2370","2190"
"2025-05-21","0","1078950","1078950","2205","490","2205","490"
"2025-05-20","-1.78","28665","28665","2205","13","2205","13"
"2025-05-19","1.81","482345","482345","2245","215","2245","215"
"2025-05-16","-1.78","1742950","1742950","2205","790","2205","790"
"2025-05-15","-0.22","445475","445475","2245","198","2245","198"
"2025-05-14","-1.32","3909970","3909970","2250","1718","2250","1718"
"2025-05-13","1.56","1364720","1364720","2280","599","2280","599"
"2025-05-12","0","1685995","1685995","2245","751","2245","751"
"2025-05-09","-1.97","264475","264475","2245","117","2245","117"
"2025-05-08","6.51","396160","396160","2290","180","2290","180"
"2025-05-07","4.88","1232950","1232950","2150","585","2150","585"
"2025-05-06","-1.91","254260","254260","2050","122","2050","122"
"2025-05-05","0.48","1065340","1065340","2090","509","2090","509"
"2025-05-02","7.49","5492620","5492620","2080","2678","2080","2678"
"2025-04-30","-0.77","17415","17415","1935","9","1935","9"
"2025-04-29","0.78","48750","48750","1950","25","1950","25"
"2025-04-28","-0.77","75735","75735","1935","39","1935","39"
"2025-04-25","0","19500","19500","1950","10","1950","10"
"2025-04-24","7.14","464620","464620","1950","254","1950","254"
"2025-04-23","0.28","2150020","2150020","1820","1185","1820","1185"
"2025-04-22","-5.96","9070","9070","1815","5","1815","5"
"2025-04-18","0","71410","71410","1930","37","1930","37"
"2025-04-17","0","302650","302650","1930","157","1930","157"
"2025-04-16","0","55970","55970","1930","29","1930","29"
"2025-04-15","0","351960","351960","1930","182","1930","182"
"2025-04-14","7.22","351380","351380","1930","182","1930","182"
"2025-04-11","-2.7","12630695","12630695","1800","6987","1800","6987"
"2025-04-10","-7.5","439650","439650","1850","236","1850","236"
"2025-04-09","-3.85","3833000","3833000","2000","1990","2000","1990"
"2025-04-08","0","46820","46820","2080","24","2080","24"
"2025-04-07","-0.24","4160","4160","2080","2","2080","2"
"2025-04-04","4.25","436515","436515","2085","215","2085","215"
"2025-04-02","0","164000","164000","2000","82","2000","82"
"2025-04-01","-1.72","214000","214000","2000","107","2000","107"
"2025-03-28","1.75","64840","64840","2035","32","2035","32"
"2025-03-26","0","482000","482000","2000","241","2000","241"
"2025-03-25","-2.2","38000","38000","2000","19","2000","19"
"2025-03-24","-0.24","4090","4090","2045","2","2045","2"
"2025-03-21","5.4","206000","206000","2050","103","2050","103"
"2025-03-20","0","1285570","1285570","1945","661","1945","661"
"2025-03-19","0","9897305","9897305","1945","5088","1945","5088"
"2025-03-18","-6.49","5607850","5607850","1945","2883","1945","2883"
"2025-03-17","6.94","1151165","1151165","2080","553","2080","553"
"2025-03-14","0","229010","229010","1945","118","1945","118"
"2025-03-13","0","13029385","13029385","1945","6944","1945","6944"
"2025-03-12","2.64","1248525","1248525","1945","656","1945","656"
"2025-03-11","1.88","1247665","1247665","1895","661","1895","661"
"2025-03-10","-0.8","785465","785465","1860","423","1860","423"
"2025-03-07","0","967635","967635","1875","526","1875","526"
"2025-03-06","-0.27","1114835","1114835","1875","593","1875","593"
"2025-03-05","3.87","2678730","2678730","1880","1475","1880","1475"
"2025-03-04","-3.72","799780","799780","1810","436","1810","436"
"2025-03-03","-0.27","3963535","3963535","1880","2190","1880","2190"
"2025-02-28","0","187875","187875","1885","100","1885","100"
"2025-02-27","7.1","94450","94450","1885","50","1885","50"
"2025-02-26","-7.37","5631025","5631025","1760","3161","1760","3161"
"2025-02-25","0","982805","982805","1900","517","1900","517"
"2025-02-24","1.88","4776360","4776360","1900","2555","1900","2555"
"2025-02-21","0.27","483705","483705","1865","259","1865","259"
"2025-02-20","-0.53","95635","95635","1860","52","1860","52"
"2025-02-19","0","384800","384800","1870","208","1870","208"
"2025-02-18","-6.03","1716980","1716980","1870","909","1870","909"
"2025-02-17","-0.25","63680","63680","1990","32","1990","32"
"2025-02-14","0","941335","941335","1995","483","1995","483"
"2025-02-13","7.26","212495","212495","1995","107","1995","107"
"2025-02-12","0.54","57760","57760","1860","31","1860","31"
"2025-02-11","-6.8","4880055","4880055","1850","2641","1850","2641"
"2025-02-07","0","107455","107455","1985","54","1985","54"
"2025-02-06","0.51","124435","124435","1985","63","1985","63"
"2025-02-05","6.76","49350","49350","1975","26","1975","26"
"2025-02-04","0","564250","564250","1850","305","1850","305"
"2025-02-03","2.21","1523760","1523760","1850","835","1850","835"
"2025-01-31","-6.94","982120","982120","1810","517","1810","517"
"2025-01-29","-7.38","275400","275400","1945","140","1945","140"
"2025-01-28","-0.24","202025","202025","2100","96","2100","96"
"2025-01-27","7.4","537770","537770","2105","258","2105","258"
"2025-01-24","2.35","9800","9800","1960","5","1960","5"
"2025-01-23","0","191500","191500","1915","100","1915","100"
"2025-01-22","6.09","84480","84480","1915","44","1915","44"
"2025-01-21","-7.44","221405","221405","1805","117","1805","117"
"2025-01-20","-0.51","535050","535050","1950","274","1950","274"
"2025-01-16","0","439030","439030","1960","224","1960","224"
"2025-01-15","0.26","97885","97885","1960","50","1960","50"
"2025-01-14","0.26","987275","987275","1955","505","1955","505"
"2025-01-13","0","78000","78000","1950","40","1950","40"
"2025-01-10","-4.88","606200","606200","1950","319","1950","319"
"2025-01-09","0","20500","20500","2050","10","2050","10"
"2025-01-08","0","700010","700010","2050","340","2050","340"
"2025-01-07","-4.65","2050","2050","2050","1","2050","1"
"2025-01-06","-6.52","301520","301520","2150","134","2150","134"
"2025-01-03","4.55","72800","72800","2300","33","2300","33"
"2025-01-02","0","341000","341000","2200","155","2200","155"
"2024-12-31","2.33","614200","614200","2200","282","2200","282"
"2024-12-27","7.5","133110","133110","2150","62","2150","62"
"2024-12-26","-6.76","10000","10000","2000","5","2000","5"
"2024-12-20","0","51480","51480","2145","24","2145","24"
"2024-12-19","0","2145","2145","2145","1","2145","1"
"2024-12-18","0","23595","23595","2145","11","2145","11"
"2024-12-17","0","38585","38585","2145","18","2145","18"
"2024-12-16","7.25","403145","403145","2145","201","2145","201"
"2024-12-13","0","401980","401980","2000","201","2000","201"
"2024-12-12","0","378320","378320","2000","192","2000","192"
"2024-12-11","0","3781600","3781600","2000","1964","2000","1964"
"2024-12-10","1.27","671750","671750","2000","340","2000","340"
"2024-12-09","1.8","39500","39500","1975","20","1975","20"
"2024-12-06","0","64880","64880","1940","34","1940","34"
"2024-12-05","-7.4","1563650","1563650","1940","795","1940","795"
"2024-12-04","7.44","2095","2095","2095","1","2095","1"
"2024-12-03","0","195570","195570","1950","100","1950","100"
"2024-11-29","0","19575","19575","1950","10","1950","10"
"2024-11-28","0","1667250","1667250","1950","855","1950","855"
"2024-11-27","0","239900","239900","1950","123","1950","123"
"2024-11-26","-6.7","1970900","1970900","1950","1010","1950","1010"
"2024-11-25","0","204820","204820","2090","98","2090","98"
"2024-11-22","-0.24","37620","37620","2090","18","2090","18"
"2024-11-21","5.81","57100","57100","2095","28","2095","28"
"2024-11-20","-5.49","329255","329255","1980","166","1980","166"
"2024-11-19","4.75","4190","4190","2095","2","2095","2"
"2024-11-18","-4.53","1231425","1231425","2000","615","2000","615"
"2024-11-13","4.75","60460","60460","2095","29","2095","29"
"2024-11-12","0","668450","668450","2000","327","2000","327"
"2024-11-11","0","700000","700000","2000","350","2000","350"
"2024-11-08","0","462000","462000","2000","231","2000","231"
"2024-11-07","0","16100","16100","2000","8","2000","8"
"2024-11-06","0","368000","368000","2000","189","2000","189"
"2024-11-05","0","240450","240450","2000","126","2000","126"
"2024-11-04","0.76","1396475","1396475","2000","713","2000","713"
"2024-10-31","-7.46","563580","563580","1985","282","1985","282"
"2024-10-30","-0.23","705705","705705","2145","329","2145","329"
"2024-10-29","7.5","172120","172120","2150","82","2150","82"
"2024-10-28","0","124035","124035","2000","62","2000","62"
"2024-10-25","-3.61","339150","339150","2000","169","2000","169"
"2024-10-24","3.75","524450","524450","2075","256","2075","256"
"2024-10-23","0.5","412395","412395","2000","206","2000","206"
"2024-10-22","2.05","980800","980800","1990","493","1990","493"
"2024-10-21","-7.14","224550","224550","1950","107","1950","107"
"2024-10-18","0","258300","258300","2100","123","2100","123"
"2024-10-17","2.44","224700","224700","2100","107","2100","107"
"2024-10-16","0","212050","212050","2050","101","2050","101"
"2024-10-15","-2.38","957750","957750","2050","472","2050","472"
"2024-10-14","0","695000","695000","2100","331","2100","331"
"2024-10-10","-1.18","2069005","2069005","2100","978","2100","978"
"2024-10-09","-0.47","240255","240255","2125","113","2125","113"
"2024-10-08","0.95","208630","208630","2135","98","2135","98"
"2024-10-07","-7.03","185850","185850","2115","88","2115","88"
"2024-10-04","5.32","1531345","1531345","2275","760","2275","760"
"2024-10-02","-5.05","133140","133140","2160","61","2160","61"
"2024-10-01","5.81","540250","540250","2275","250","2275","250"
"2024-09-30","-7.13","649535","649535","2150","293","2150","293"
"2024-09-27","-0.22","44035","44035","2315","19","2315","19"
"2024-09-25","7.16","30465","30465","2320","14","2320","14"
"2024-09-24","0.7","4320","4320","2165","2","2165","2"
"2024-09-23","-6.52","236320","236320","2150","101","2150","101"
"2024-09-20","-3.56","369150","369150","2300","175","2300","175"
"2024-09-19","7.43","577460","577460","2385","248","2385","248"
"2024-09-18","-7.31","2654935","2654935","2220","1186","2220","1186"
"2024-09-17","-0.21","16765","16765","2395","7","2395","7"
"2024-09-16","0","4800","4800","2400","2","2400","2"
"2024-09-13","0","942180","942180","2400","424","2400","424"
"2024-09-12","-1.23","33600","33600","2400","14","2400","14"
"2024-09-11","0","221130","221130","2430","91","2430","91"
"2024-09-10","0.21","1687790","1687790","2430","689","2430","689"
"2024-09-09","7.3","283725","283725","2425","117","2425","117"
"2024-09-06","-7.38","1357660","1357660","2260","589","2260","589"
"2024-09-05","-5.24","1148910","1148910","2440","479","2440","479"
"2024-09-04","-0.19","63355","63355","2575","25","2575","25"
"2024-09-03","-0.39","1493650","1493650","2580","577","2580","577"
"2024-09-02","-0.38","18170","18170","2590","7","2590","7"
"2024-08-30","0","62400","62400","2600","24","2600","24"
"2024-08-29","0.78","1345980","1345980","2600","519","2600","519"
"2024-08-28","7.5","163940","163940","2580","68","2580","68"
"2024-08-27","0","480810","480810","2400","200","2400","200"
"2024-08-26","-0.21","324525","324525","2400","135","2400","135"
"2024-08-22","-7.32","113475","113475","2405","47","2405","47"
"2024-08-21","-0.19","416705","416705","2595","163","2595","163"
"2024-08-20","0","7700","7700","2600","3","2600","3"
"2024-08-19","-5.11","67600","67600","2600","26","2600","26"
"2024-08-16","-1.97","157270","157270","2740","58","2740","58"
"2024-08-13","0","455700","455700","2795","164","2795","164"
"2024-08-12","7.5","1411475","1411475","2795","505","2795","505"
"2024-08-09","0","819950","819950","2600","320","2600","320"
"2024-08-08","1.96","480200","480200","2600","186","2600","186"
"2024-08-05","-1.92","731200","731200","2550","297","2550","297"
"2024-08-02","2.36","142680","142680","2600","55","2600","55"
"2024-08-01","7.4","335655","335655","2540","152","2540","152"
"2024-07-31","7.5","1127015","1127015","2365","511","2365","511"
"2024-07-29","-3.93","579320","579320","2200","252","2200","252"
"2024-07-24","-0.22","68820","68820","2290","30","2290","30"
"2024-07-23","-0.22","55180","55180","2295","24","2295","24"
"2024-07-22","0","92000","92000","2300","40","2300","40"
"2024-07-18","0","128785","128785","2300","56","2300","56"
"2024-07-17","0","393390","393390","2300","181","2300","181"
"2024-07-16","4.31","376755","376755","2300","171","2300","171"
"2024-07-12","0.23","41895","41895","2205","19","2205","19"
"2024-07-11","0","585200","585200","2200","266","2200","266"
"2024-07-10","0","118800","118800","2200","54","2200","54"
"2024-07-09","0","228775","228775","2200","104","2200","104"
"2024-07-08","1.38","217150","217150","2200","100","2200","100"
"2024-07-05","0.7","238600","238600","2170","110","2170","110"
"2024-07-03","0","77580","77580","2155","36","2155","36"
"2024-07-02","0.23","77580","77580","2155","36","2155","36"
"2024-07-01","-6.32","538080","538080","2150","250","2150","250"
"2024-06-28","4.32","7711835","7711835","2295","3505","2295","3505"
"2024-06-27","0","222200","222200","2200","101","2200","101"
"2024-06-26","0","168100","168100","2200","78","2200","78"
"2024-06-25","-4.14","224400","224400","2200","102","2200","102"
"2024-06-24","0","1103140","1103140","2295","508","2295","508"
"2024-06-21","6.74","64260","64260","2295","28","2295","28"
"2024-06-20","-6.52","2150","2150","2150","1","2150","1"
"2024-06-19","4.55","337600","337600","2300","148","2300","148"
"2024-06-18","0","274750","274750","2200","125","2200","125"
"2024-06-14","-4.35","45823800","45823800","2200","20829","2200","20829"
"2024-06-13","0","34500","34500","2300","15","2300","15"
"2024-06-12","0","92000","92000","2300","40","2300","40"
"2024-06-11","1.1","2300","2300","2300","1","2300","1"
"2024-06-10","-1.09","136500","136500","2275","60","2275","60"
"2024-06-07","0","425500","425500","2300","185","2300","185"
"2024-06-06","0","355945","355945","2300","155","2300","155"
"2024-06-05","0","20680","20680","2300","9","2300","9"
"2024-06-04","0","69000","69000","2300","30","2300","30"
"2024-06-03","0","59800","59800","2300","26","2300","26"
"2024-05-31","2","828515","828515","2300","379","2300","379"
"2024-05-30","-1.96","18320","18320","2255","8","2255","8"
"2024-05-29","2","460000","460000","2300","200","2300","200"
"2024-05-28","-1.96","36580","36580","2255","16","2255","16"
"2024-05-27","0.66","2300","2300","2300","1","2300","1"
"2024-05-24","-0.65","345040","345040","2285","156","2285","156"
"2024-05-22","2.22","2763710","2763710","2300","1233","2300","1233"
"2024-05-21","-0.88","63000","63000","2250","28","2250","28"
"2024-05-17","3.18","65630","65630","2270","29","2270","29"
"2024-05-16","-3.3","848280","848280","2200","383","2200","383"
"2024-05-15","0","152355","152355","2275","67","2275","67"
"2024-05-14","-1.09","111475","111475","2275","49","2275","49"
"2024-05-13","4.31","52900","52900","2300","23","2300","23"
"2024-05-10","-3.92","366300","366300","2205","160","2205","160"
"2024-05-08","0.66","183500","183500","2295","80","2295","80"
"2024-05-07","-0.65","329465","329465","2280","144","2280","144"
"2024-05-06","0","22950","22950","2295","10","2295","10"
"2024-05-03","-0.22","100030","100030","2295","44","2295","44"
"2024-05-02","0","114890","114890","2300","50","2300","50"
"2024-04-30","0","13800","13800","2300","6","2300","6"
"2024-04-26","3.14","899220","899220","2300","403","2300","403"
"2024-04-25","6.19","214180","214180","2230","98","2230","98"
"2024-04-24","0","2100","2100","2100","1","2100","1"
"2024-04-19","-6.67","4521630","4521630","2100","2155","2100","2155"
"2024-04-18","0","3350060","3350060","2250","1596","2250","1596"
"2024-04-17","-0.88","4655650","4655650","2250","2051","2250","2051"
"2024-04-16","0","363200","363200","2270","160","2270","160"
"2024-04-15","0","238350","238350","2270","105","2270","105"
"2024-04-12","0.89","138470","138470","2270","61","2270","61"
"2024-04-11","7.14","161860","161860","2250","72","2250","72"
"2024-04-09","-6.67","128100","128100","2100","61","2100","61"
"2024-04-08","-1.1","792530","792530","2250","358","2250","358"
"2024-04-05","-0.22","45500","45500","2275","20","2275","20"
"2024-04-04","0","150480","150480","2280","66","2280","66"
"2024-04-03","0.22","111715","111715","2280","49","2280","49"
"2024-04-02","-0.22","761180","761180","2275","343","2275","343"
"2024-03-28","7.04","1310150","1310150","2280","617","2280","617"
"2024-03-27","-0.47","630730","630730","2130","314","2130","314"
"2024-03-26","7.27","270350","270350","2140","135","2140","135"
"2024-03-25","0","1479640","1479640","1995","752","1995","752"
"2024-03-22","-0.25","101950","101950","1995","51","1995","51"
"2024-03-21","2.83","177895","177895","2000","89","2000","89"
"2024-03-20","7.46","22940","22940","1945","12","1945","12"
"2024-03-19","7.42","3620","3620","1810","2","1810","2"
"2024-03-18","0","1268805","1268805","1685","753","1685","753"
"2024-03-15","-6.39","19685","19685","1685","11","1685","11"
"2024-03-14","-5.26","1493400","1493400","1800","809","1800","809"
"2024-03-13","4.4","898460","898460","1900","482","1900","482"
"2024-03-12","-6.91","1191550","1191550","1820","625","1820","625"
"2024-03-11","0","48875","48875","1955","25","1955","25"
"2024-03-08","-6.9","514165","514165","1955","263","1955","263"
"2024-03-07","0","42000","42000","2100","20","2100","20"
"2024-03-06","-4.55","107500","107500","2100","50","2100","50"
"2024-03-05","0","525800","525800","2200","239","2200","239"
"2024-03-04","-1.12","2400865","2400865","2200","1153","2200","1153"
"2024-02-29","0","137890","137890","2225","62","2225","62"
"2024-02-28","0","94875","94875","2225","43","2225","43"
"2024-02-27","-2.41","15850","15850","2225","7","2225","7"
"2024-02-26","0","69000","69000","2280","31","2280","31"
"2024-02-23","0","174680","174680","2280","77","2280","77"
"2024-02-22","0","79400","79400","2280","35","2280","35"
"2024-02-21","-0.65","531120","531120","2280","241","2280","241"
"2024-02-20","0","794750","794750","2295","370","2295","370"
"2024-02-19","-1.29","25245","25245","2295","11","2295","11"
"2024-02-15","0","569885","569885","2325","247","2325","247"
"2024-02-14","6.16","1740280","1740280","2325","792","2325","792"
"2024-02-13","4.78","1135940","1135940","2190","542","2190","542"
"2024-02-09","4.5","145370","145370","2090","70","2090","70"
"2024-02-08","0","226000","226000","2000","113","2000","113"
"2024-02-07","-4.76","52000","52000","2000","26","2000","26"
"2024-02-06","4.74","501045","501045","2100","239","2100","239"
"2024-02-05","0","501250","501250","2005","250","2005","250"
"2024-02-01","-6.74","437090","437090","2005","218","2005","218"
"2024-01-31","7.23","461750","461750","2150","220","2150","220"
"2024-01-30","6.08","40100","40100","2005","20","2005","20"
"2024-01-29","7.39","115290","115290","1890","61","1890","61"
"2024-01-26","-7.12","746260","746260","1760","401","1760","401"
"2024-01-25","-0.26","658095","658095","1895","344","1895","344"
"2024-01-24","-1.04","518955","518955","1900","266","1900","266"
"2024-01-23","1.59","547200","547200","1920","285","1920","285"
"2024-01-22","0","124740","124740","1890","66","1890","66"
"2024-01-19","0","1164645","1164645","1890","662","1890","662"
"2024-01-17","-7.35","287125","287125","1890","142","1890","142"
"2024-01-16","3.29","2589540","2589540","2040","1356","2040","1356"
"2024-01-15","-7.49","420715","420715","1975","206","1975","206"
"2024-01-12","-1.84","10675","10675","2135","5","2135","5"
"2024-01-11","7.14","65255","65255","2175","32","2175","32"
"2024-01-10","6.84","191565","191565","2030","100","2030","100"
"2024-01-09","0","210900","210900","1900","111","1900","111"
"2024-01-08","0","1263500","1263500","1900","665","1900","665"
"2024-01-05","0.26","434255","434255","1900","229","1900","229"
"2024-01-04","-0.26","235440","235440","1895","124","1895","124"
"2024-01-03","0","1083000","1083000","1900","570","1900","570"
"2024-01-02","0","150100","150100","1900","79","1900","79"
"2023-12-29","0.26","1316185","1316185","1900","698","1900","698"
"2023-12-28","0","602610","602610","1895","318","1895","318"
"2023-12-27","-0.26","613980","613980","1895","324","1895","324"
"2023-12-26","1.33","1423875","1423875","1900","755","1900","755"
"2023-12-22","1.35","391030","391030","1875","210","1875","210"
"2023-12-21","0.27","672515","672515","1850","355","1850","355"
"2023-12-20","2.5","151245","151245","1845","84","1845","84"
"2023-12-19","7.14","77300","77300","1800","44","1800","44"
"2023-12-18","-6.67","1175400","1175400","1680","695","1680","695"
"2023-12-15","0","144000","144000","1800","80","1800","80"
"2023-12-14","5.88","1678595","1678595","1800","934","1800","934"
"2023-12-13","0","714000","714000","1700","420","1700","420"
"2023-12-12","0","867800","867800","1700","512","1700","512"
"2023-12-11","1.49","438600","438600","1700","258","1700","258"
"2023-12-08","-6.94","8825975","8825975","1675","5293","1675","5293"
"2023-12-07","6.19","104350","104350","1800","58","1800","58"
"2023-12-06","0.3","1964675","1964675","1695","1131","1695","1131"
"2023-12-05","-0.29","565960","565960","1690","334","1690","334"
"2023-12-04","0","236650","236650","1695","140","1695","140"
"2023-12-01","-3.14","1288010","1288010","1695","760","1695","760"
"2023-11-30","0","233375","233375","1750","130","1750","130"
"2023-11-29","-2.78","334050","334050","1750","187","1750","187"
"2023-11-28","5.88","3209950","3209950","1800","1854","1800","1854"
"2023-11-27","0","2164100","2164100","1700","1273","1700","1273"
"2023-11-24","0","994500","994500","1700","585","1700","585"
"2023-11-23","4.29","2830240","2830240","1700","1666","1700","1666"
"2023-11-22","-4.96","3038160","3038160","1630","1783","1630","1783"
"2023-11-21","-7.3","4769940","4769940","1715","2663","1715","2663"
"2023-11-20","-7.5","7302800","7302800","1850","3941","1850","3941"
"2023-11-17","-1.72","1095560","1095560","2000","544","2000","544"
"2023-11-16","0","952665","952665","2035","469","2035","469"
"2023-11-14","0","1947495","1947495","2035","957","2035","957"
"2023-11-13","0","417010","417010","2035","205","2035","205"
"2023-11-10","-6.22","589980","589980","2035","273","2035","273"
"2023-11-09","0","1252770","1252770","2170","576","2170","576"
"2023-11-08","-1.36","313610","313610","2170","143","2170","143"
"2023-11-07","0","239800","239800","2200","109","2200","109"
"2023-11-06","0","1214400","1214400","2200","552","2200","552"
"2023-11-03","0","554200","554200","2200","254","2200","254"
"2023-11-02","-4.97","1627925","1627925","2200","712","2200","712"
"2023-10-31","-7.4","594375","594375","2315","255","2315","255"
"2023-10-30","-1.96","457920","457920","2500","180","2500","180"
"2023-10-27","-1.73","1224710","1224710","2550","487","2550","487"
"2023-10-26","1.57","90825","90825","2595","35","2595","35"
"2023-10-25","-5.37","2087865","2087865","2555","819","2555","819"
"2023-10-24","3.85","143100","143100","2700","53","2700","53"
"2023-10-23","-3.7","270400","270400","2600","103","2600","103"
"2023-10-20","0","45900","45900","2700","17","2700","17"
"2023-10-19","0","54000","54000","2700","20","2700","20"
"2023-10-18","-1.82","167450","167450","2700","61","2700","61"
"2023-10-17","0","2602750","2602750","2750","1001","2750","1001"
"2023-10-16","-1.79","854595","854595","2750","324","2750","324"
"2023-10-13","0","75600","75600","2800","27","2800","27"
"2023-10-12","-0.18","232565","232565","2800","83","2800","83"
"2023-10-11","0","3612670","3612670","2805","1308","2805","1308"
"2023-10-10","0","1464215","1464215","2805","522","2805","522"
"2023-10-09","-0.18","794630","794630","2805","283","2805","283"
"2023-10-06","0","275080","275080","2810","98","2810","98"
"2023-10-05","0","896760","896760","2810","319","2810","319"
"2023-10-04","-6.8","188270","188270","2810","67","2810","67"
"2023-10-03","7.49","3015","3015","3015","1","3015","1"
"2023-10-02","0.18","140250","140250","2805","50","2805","50"
"2023-09-28","-6.67","2757000","2757000","2800","984","2800","984"
"2023-09-26","0.33","275485","275485","3000","92","3000","92"
"2023-09-25","-0.33","295935","295935","2990","99","2990","99"
"2023-09-22","0","9000","9000","3000","3","3000","3"
"2023-09-21","0","24220","24220","3000","8","3000","8"
"2023-09-20","-1.8","507400","507400","3000","171","3000","171"
"2023-09-19","0","219960","219960","3055","72","3055","72"
"2023-09-18","0","186300","186300","3055","61","3055","61"
"2023-09-15","-0.16","392150","392150","3055","123","3055","123"
"2023-09-14","-7.27","178025","178025","3060","58","3060","58"
"2023-09-13","-1.05","1580700","1580700","3300","479","3300","479"
"2023-09-12","-0.45","8516170","8516170","3335","2554","3335","2554"
"2023-09-11","0","885300","885300","3350","267","3350","267"
"2023-09-08","-0.59","285130","285130","3350","85","3350","85"
"2023-09-07","0","1243180","1243180","3370","370","3370","370"
"2023-09-06","0","6938850","6938850","3370","2071","3370","2071"
"2023-09-05","1.2","6779920","6779920","3370","2036","3370","2036"
"2023-09-04","-0.89","2566975","2566975","3330","759","3330","759"
"2023-09-01","3.38","142520","142520","3360","42","3360","42"
"2023-08-31","-1.52","403120","403120","3250","124","3250","124"
"2023-08-30","1.54","9810","9810","3300","3","3300","3"
"2023-08-29","-5.52","5342900","5342900","3250","1639","3250","1639"
"2023-08-28","-0.29","1372705","1372705","3440","421","3440","421"
"2023-08-25","6.98","928575","928575","3450","286","3450","286"
"2023-08-24","0.94","1670990","1670990","3225","534","3225","534"
"2023-08-23","1.43","292290","292290","3195","92","3195","92"
"2023-08-22","1.61","2439760","2439760","3150","787","3150","787"
"2023-08-21","0.16","629005","629005","3100","201","3100","201"
"2023-08-18","-0.16","80590","80590","3095","26","3095","26"
"2023-08-17","0.49","2413465","2413465","3100","781","3100","781"
"2023-08-16","0.49","317505","317505","3085","103","3085","103"
"2023-08-14","0","368400","368400","3070","120","3070","120"
"2023-08-11","0","95170","95170","3070","31","3070","31"
"2023-08-10","0","169135","169135","3070","55","3070","55"
"2023-08-09","-0.16","95170","95170","3070","31","3070","31"
"2023-08-08","-0.16","200150","200150","3075","65","3075","65"
"2023-08-04","-0.16","622340","622340","3080","203","3080","203"
"2023-08-03","6.38","431465","431465","3085","140","3085","140"
"2023-08-02","0","135125","135125","2900","45","2900","45"
"2023-08-01","-6.45","255360","255360","2900","84","2900","84"
"2023-07-31","3.16","1116930","1116930","3100","389","3100","389"
"2023-07-28","0.17","495075","495075","3005","165","3005","165"
"2023-07-26","-3.23","42500","42500","3000","14","3000","14"
"2023-07-25","4.38","709000","709000","3100","236","3100","236"
"2023-07-24","-1","228930","228930","2970","77","2970","77"
"2023-07-21","0","506550","506550","3000","169","3000","169"
"2023-07-20","-3.23","312950","312950","3000","104","3000","104"
"2023-07-19","3.33","456370","456370","3100","152","3100","152"
"2023-07-18","-3.07","1991460","1991460","3000","663","3000","663"
"2023-07-17","0","1147845","1147845","3095","381","3095","381"
"2023-07-14","-1.43","665595","665595","3095","221","3095","221"
"2023-07-13","1.45","138140","138140","3140","46","3140","46"
"2023-07-12","-0.16","15475","15475","3095","5","3095","5"
"2023-07-11","3.33","10190500","10190500","3100","3395","3100","3395"
"2023-07-10","3.45","93000","93000","3000","31","3000","31"
"2023-07-07","0","1076900","1076900","2900","371","2900","371"
"2023-07-06","-3.33","627000","627000","2900","215","2900","215"
"2023-07-05","0","240000","240000","3000","80","3000","80"
"2023-07-04","-3.23","197900","197900","3000","66","3000","66"
"2023-07-03","0","561950","561950","3100","187","3100","187"
"2023-06-30","0","138960","138960","3100","45","3100","45"
"2023-06-29","5.26","3545740","3545740","3100","1181","3100","1181"
"2023-06-27","1.9","1207450","1207450","2945","410","2945","410"
"2023-06-23","0","11560","11560","2890","4","2890","4"
"2023-06-22","1.4","175850","175850","2890","61","2890","61"
"2023-06-21","-0.35","82240","82240","2850","29","2850","29"
"2023-06-20","-1.38","301210","301210","2860","104","2860","104"
"2023-06-19","-1.02","66700","66700","2900","23","2900","23"
"2023-06-16","4.83","369930","369930","2930","137","2930","137"
"2023-06-15","7.5","5590","5590","2795","2","2795","2"
"2023-06-14","-1.89","524560","524560","2600","200","2600","200"
"2023-06-13","-5.36","6988695","6988695","2650","2599","2650","2599"
"2023-06-12","-5.25","764645","764645","2800","258","2800","258"
"2023-06-09","7.45","1359760","1359760","2955","461","2955","461"
"2023-06-08","-6.78","1020250","1020250","2750","371","2750","371"
"2023-06-07","-1.01","73750","73750","2950","25","2950","25"
"2023-06-06","-0.33","1429840","1429840","2980","515","2980","515"
"2023-06-05","-0.17","424580","424580","2990","142","2990","142"
"2023-06-02","6.96","274915","274915","2995","97","2995","97"
"2023-06-01","0","3870900","3870900","2800","1383","2800","1383"
"2023-05-30","3.7","309950","309950","2800","116","2800","116"
"2023-05-26","0","497515","497515","2700","184","2700","184"
"2023-05-25","0","1952640","1952640","2700","723","2700","723"
"2023-05-24","0","67500","67500","2700","25","2700","25"
"2023-05-23","0","37800","37800","2700","14","2700","14"
"2023-05-22","0","5091050","5091050","2700","1940","2700","1940"
"2023-05-19","0","486000","486000","2700","180","2700","180"
"2023-05-17","0","13500","13500","2700","5","2700","5"
"2023-05-16","0","3269100","3269100","2700","1213","2700","1213"
"2023-05-15","-5.43","766150","766150","2700","274","2700","274"
"2023-05-12","3.63","2582030","2582030","2855","905","2855","905"
"2023-05-11","-3.5","1566100","1566100","2755","567","2755","567"
"2023-05-10","0","725140","725140","2855","254","2855","254"
"2023-05-09","-0.7","1449925","1449925","2855","506","2855","506"
"2023-05-08","0.52","319125","319125","2875","111","2875","111"
"2023-05-05","-0.69","382685","382685","2860","140","2860","140"
"2023-05-04","0","263360","263360","2880","92","2880","92"
"2023-05-02","0","86400","86400","2880","30","2880","30"
"2023-04-28","-0.69","1317075","1317075","2880","479","2880","479"
"2023-04-27","-3.33","628430","628430","2900","213","2900","213"
"2023-04-26","0","102000","102000","3000","34","3000","34"
"2023-04-25","5.82","3070605","3070605","3000","1082","3000","1082"
"2023-04-24","-5.5","1468665","1468665","2835","523","2835","523"
"2023-04-19","6.95","3000","3000","3000","1","3000","1"
"2023-04-17","-1.41","8631895","8631895","2805","2981","2805","2981"
"2023-04-14","0","423905","423905","2845","149","2845","149"
"2023-04-13","-0.18","170700","170700","2845","60","2845","60"
"2023-04-12","2.89","356700","356700","2850","125","2850","125"
"2023-04-11","-2.81","600350","600350","2770","214","2770","214"
"2023-04-07","-1.72","348800","348800","2850","122","2850","122"
"2023-04-06","0","5883750","5883750","2900","2029","2900","2029"
"2023-04-05","0","29000","29000","2900","10","2900","10"
"2023-04-04","-6.6","435000","435000","2900","150","2900","150"
"2023-04-03","7.07","6396405","6396405","3105","2164","3105","2164"
"2023-03-31","0","193700","193700","2900","66","2900","66"
"2023-03-30","0","2721200","2721200","2900","938","2900","938"
"2023-03-29","-3.33","330300","330300","2900","113","2900","113"
"2023-03-28","0","102000","102000","3000","34","3000","34"
"2023-03-27","-3.23","1621000","1621000","3000","556","3000","556"
"2023-03-24","6.9","3116200","3116200","3100","1072","3100","1072"
"2023-03-23","0.17","2073145","2073145","2900","716","2900","716"
"2023-03-22","-0.17","2450455","2450455","2895","845","2895","845"
"2023-03-21","0","3411200","3411200","2900","1176","2900","1176"
"2023-03-20","0","6136400","6136400","2900","2116","2900","2116"
"2023-03-17","0","9341515","9341515","2900","3209","2900","3209"
"2023-03-16","0","1874500","1874500","2900","649","2900","649"
"2023-03-15","0","5153300","5153300","2900","1777","2900","1777"
"2023-03-14","0","290000","290000","2900","100","2900","100"
"2023-03-13","0","6113600","6113600","2900","2064","2900","2064"
"2023-03-10","3.57","1065145","1065145","2900","376","2900","376"
"2023-03-09","-3.45","1319400","1319400","2800","461","2800","461"
"2023-03-08","-3.33","969000","969000","2900","333","2900","333"
"2023-03-07","0","6000","6000","3000","2","3000","2"
"2023-03-06","0","6665000","6665000","3000","2222","3000","2222"
"2023-03-03","0.17","74925","74925","3000","25","3000","25"
"2023-03-02","5.09","569125","569125","2995","190","2995","190"
"2023-02-28","-5","28500","28500","2850","10","2850","10"
"2023-02-27","0","356000","356000","3000","121","3000","121"
"2023-02-24","0","182980","182980","3000","61","3000","61"
"2023-02-23","0","2730000","2730000","3000","910","3000","910"
"2023-02-22","-4.76","698750","698750","3000","225","3000","225"
"2023-02-21","1.61","2438350","2438350","3150","786","3150","786"
"2023-02-20","0","1672000","1672000","3100","550","3100","550"
"2023-02-17","0","43400","43400","3100","14","3100","14"
"2023-02-16","1.64","291580","291580","3100","95","3100","95"
"2023-02-15","2.35","9852800","9852800","3050","3259","3050","3259"
"2023-02-14","7.39","168550","168550","2980","60","2980","60"
"2023-02-13","-7.5","2337775","2337775","2775","832","2775","832"
"2023-02-10","0","482790","482790","3000","161","3000","161"
"2023-02-09","0","306000","306000","3000","102","3000","102"
"2023-02-08","0","300000","300000","3000","100","3000","100"
"2023-02-07","0.17","3066000","3066000","3000","1022","3000","1022"
"2023-02-06","0","221915","221915","2995","77","2995","77"
"2023-02-03","0","1536435","1536435","2995","513","2995","513"
"2023-02-02","1.53","344425","344425","2995","115","2995","115"
"2023-02-01","0","153400","153400","2950","52","2950","52"
"2023-01-31","-1.67","1489470","1489470","2950","503","2950","503"
"2023-01-30","0.17","60000","60000","3000","20","3000","20"
"2023-01-27","-0.17","383835","383835","2995","128","2995","128"
"2023-01-26","0.17","1299000","1299000","3000","433","3000","433"
"2023-01-25","1.53","20965","20965","2995","7","2995","7"
"2023-01-24","-1.67","206500","206500","2950","70","2950","70"
"2023-01-23","0","373750","373750","3000","125","3000","125"
"2023-01-20","0","193750","193750","3000","65","3000","65"
"2023-01-19","1.69","1512100","1512100","3000","539","3000","539"
"2023-01-18","-1.5","88500","88500","2950","30","2950","30"
"2023-01-17","-0.17","483265","483265","2995","161","2995","161"
"2023-01-16","-3.23","8769875","8769875","3000","3030","3000","3030"
"2023-01-13","0","672300","672300","3100","223","3100","223"
"2023-01-12","-1.27","34180","34180","3100","11","3100","11"
"2023-01-11","0","339120","339120","3140","108","3140","108"
"2023-01-09","-0.16","222940","222940","3140","71","3140","71"
"2023-01-06","0.16","832925","832925","3145","265","3145","265"
"2023-01-05","-0.16","25120","25120","3140","8","3140","8"
"2023-01-04","0","377375","377375","3145","120","3145","120"
"2023-01-03","4.83","963145","963145","3145","321","3145","321"
"2023-01-02","-6.1","186320","186320","3000","62","3000","62"
"2022-12-30","-0.16","514395","514395","3195","161","3195","161"
"2022-12-29","1.27","668050","668050","3200","209","3200","209"
"2022-12-28","0","274920","274920","3160","87","3160","87"
"2022-12-27","5.33","857530","857530","3160","271","3160","271"
"2022-12-23","-5.66","1410000","1410000","3000","470","3000","470"
"2022-12-22","0","127200","127200","3180","40","3180","40"
"2022-12-21","0.47","3180","3180","3180","1","3180","1"
"2022-12-20","7.47","315335","315335","3165","107","3165","107"
"2022-12-19","-7.39","1230965","1230965","2945","414","2945","414"
"2022-12-16","0","19080","19080","3180","6","3180","6"
"2022-12-15","0","312720","312720","3180","104","3180","104"
"2022-12-14","0","15900","15900","3180","5","3180","5"
"2022-12-12","0","213060","213060","3180","67","3180","67"
"2022-12-09","0","200400","200400","3180","65","3180","65"
"2022-12-08","6","600900","600900","3180","200","3180","200"
"2022-12-07","2.04","136800","136800","3000","46","3000","46"
"2022-12-06","-2","2941650","2941650","2940","1000","2940","1000"
"2022-12-05","0","90000","90000","3000","30","3000","30"
"2022-12-02","-5.96","21000","21000","3000","7","3000","7"
"2022-12-01","1.27","481690","481690","3190","151","3190","151"
"2022-11-30","-1.56","382135","382135","3150","124","3150","124"
"2022-11-29","0","566400","566400","3200","177","3200","177"
"2022-11-28","-1.08","102750","102750","3200","32","3200","32"
"2022-11-25","7.48","1716885","1716885","3235","539","3235","539"
"2022-11-24","-7.38","1768680","1768680","3010","562","3010","562"
"2022-11-23","0","1053000","1053000","3250","324","3250","324"
"2022-11-22","-0.61","16250","16250","3250","5","3250","5"
"2022-11-21","0.62","545465","545465","3270","167","3270","167"
"2022-11-18","0","836970","836970","3250","261","3250","261"
"2022-11-17","0","815750","815750","3250","251","3250","251"
"2022-11-16","-1.52","229500","229500","3250","70","3250","70"
"2022-11-14","-0.15","660000","660000","3300","200","3300","200"
"2022-11-11","-5.44","166040","166040","3305","49","3305","49"
"2022-11-10","0","101355","101355","3495","29","3495","29"
"2022-11-09","5.91","876300","876300","3495","251","3495","251"
"2022-11-08","-4.35","63900","63900","3300","18","3300","18"
"2022-11-07","0","34500","34500","3450","10","3450","10"
"2022-11-04","0","530250","530250","3450","155","3450","155"
"2022-11-03","0","382950","382950","3450","111","3450","111"
"2022-11-02","-4.17","1725000","1725000","3450","500","3450","500"
"2022-10-27","0","3600","3600","3600","1","3600","1"
"2022-10-26","0","327600","327600","3600","91","3600","91"
"2022-10-25","4.35","403200","403200","3600","112","3600","112"
"2022-10-24","-6.76","631350","631350","3450","183","3450","183"
"2022-10-21","2.35","3885000","3885000","3700","1050","3700","1050"
"2022-10-20","3.58","49260","49260","3615","14","3615","14"
"2022-10-19","7.38","20940","20940","3490","6","3490","6"
"2022-10-18","-7.14","1127685","1127685","3250","345","3250","345"
"2022-10-17","0","345000","345000","3500","100","3500","100"
"2022-10-14","0.29","560950","560950","3500","162","3500","162"
"2022-10-13","0","24430","24430","3490","7","3490","7"
"2022-10-12","0","2334810","2334810","3490","669","3490","669"
"2022-10-11","0","764820","764820","3490","219","3490","219"
"2022-10-10","7.38","13580","13580","3490","4","3490","4"
"2022-10-07","0","650000","650000","3250","200","3250","200"
"2022-10-05","0","1017030","1017030","3250","313","3250","313"
"2022-10-04","-7.14","1015750","1015750","3250","308","3250","308"
"2022-10-03","-2.78","227500","227500","3500","65","3500","65"
"2022-09-30","0","28800","28800","3600","8","3600","8"
"2022-09-29","0","1696900","1696900","3600","473","3600","473"
"2022-09-28","0","133200","133200","3600","37","3600","37"
"2022-09-27","0","2812640","2812640","3600","766","3600","766"
"2022-09-26","-2.31","72000","72000","3600","20","3600","20"
"2022-09-23","0.14","3685","3685","3685","1","3685","1"
"2022-09-22","0","44165","44165","3680","12","3680","12"
"2022-09-21","0","18400","18400","3680","5","3680","5"
"2022-09-20","0","161920","161920","3680","44","3680","44"
"2022-09-19","-0.27","114180","114180","3680","31","3680","31"
"2022-09-15","0","217710","217710","3690","59","3690","59"
"2022-09-14","-0.27","47980","47980","3690","13","3690","13"
"2022-09-13","0","961695","961695","3700","260","3700","260"
"2022-09-12","4.23","2689610","2689610","3700","727","3700","727"
"2022-09-09","0","287650","287650","3550","81","3550","81"
"2022-09-08","0","213000","213000","3550","60","3550","60"
"2022-09-07","0","60350","60350","3550","17","3550","17"
"2022-09-06","0","156050","156050","3550","44","3550","44"
"2022-09-05","0","1398230","1398230","3550","394","3550","394"
"2022-09-02","-2.74","71000","71000","3550","20","3550","20"
"2022-09-01","0","127750","127750","3650","35","3650","35"
"2022-08-31","-1.35","109500","109500","3650","30","3650","30"
"2022-08-30","1.37","303235","303235","3700","82","3700","82"
"2022-08-29","0","899700","899700","3650","248","3650","248"
"2022-08-26","0.55","109050","109050","3650","32","3650","32"
"2022-08-24","-1.89","123420","123420","3630","34","3630","34"
"2022-08-23","5.71","3700","3700","3700","1","3700","1"
"2022-08-22","-5.41","444900","444900","3500","125","3500","125"
"2022-08-19","0","188700","188700","3700","51","3700","51"
"2022-08-18","-1.33","242450","242450","3700","67","3700","67"
"2022-08-17","7.14","412500","412500","3750","110","3750","110"
"2022-08-16","-6.67","572200","572200","3500","162","3500","162"
"2022-08-12","-1.32","7500","7500","3750","2","3750","2"
"2022-08-11","1.33","229395","229395","3800","61","3800","61"
"2022-08-09","-1.32","716750","716750","3750","189","3750","189"
"2022-08-05","1.2","328530","328530","3800","87","3800","87"
"2022-08-04","0","123915","123915","3755","33","3755","33"
"2022-08-03","0.13","195310","195310","3755","52","3755","52"
"2022-08-02","0","2529415","2529415","3750","675","3750","675"
"2022-08-01","7.14","5673750","5673750","3750","1513","3750","1513"
"2022-07-29","-6.42","7029920","7029920","3500","2008","3500","2008"
"2022-07-28","0","11220","11220","3740","3","3740","3"
"2022-07-27","0","373790","373790","3740","100","3740","100"
"2022-07-26","0.13","9536230","9536230","3740","2553","3740","2553"
"2022-07-25","0","108440","108440","3735","29","3735","29"
"2022-07-22","7.48","250245","250245","3735","67","3735","67"
"2022-07-21","-6.71","1767950","1767950","3475","502","3475","502"
"2022-07-20","-0.13","394885","394885","3725","106","3725","106"
"2022-07-19","0","111250","111250","3730","30","3730","30"
"2022-07-18","-0.53","246440","246440","3730","66","3730","66"
"2022-07-15","5.63","913860","913860","3750","243","3750","243"
"2022-07-14","-5.33","150600","150600","3550","41","3550","41"
"2022-07-13","0","679375","679375","3750","182","3750","182"
"2022-07-12","0","487500","487500","3750","130","3750","130"
"2022-07-11","0","629625","629625","3750","168","3750","168"
"2022-07-08","6.99","3750","3750","3750","1","3750","1"
"2022-07-07","-6.53","860350","860350","3505","245","3505","245"
"2022-07-06","0","213850","213850","3750","57","3750","57"
"2022-07-05","0","322500","322500","3750","86","3750","86"
"2022-07-04","0","375525","375525","3750","100","3750","100"
"2022-07-01","5.78","17865475","17865475","3750","5054","3750","5054"
"2022-06-30","0","19653975","19653975","3545","5544","3545","5544"
"2022-06-29","0","367975","367975","3545","111","3545","111"
"2022-06-28","7.42","1798745","1798745","3545","545","3545","545"
"2022-06-27","-1.05","2240685","2240685","3300","677","3300","677"
"2022-06-24","0.15","10227135","10227135","3335","3008","3335","3008"
"2022-06-23","-2.2","3556725","3556725","3330","1045","3330","1045"
"2022-06-21","0.15","784950","784950","3405","230","3405","230"
"2022-06-20","-1.45","2102100","2102100","3400","610","3400","610"
"2022-06-17","0","5587150","5587150","3450","1597","3450","1597"
"2022-06-16","-1.15","3261810","3261810","3450","932","3450","932"
"2022-06-15","4.18","2197720","2197720","3490","628","3490","628"
"2022-06-14","-1.47","6112000","6112000","3350","1751","3350","1751"
"2022-06-13","2.72","300360","300360","3400","87","3400","87"
"2022-06-10","-2.65","331900","331900","3310","100","3310","100"
"2022-06-09","1.49","20500","20500","3400","6","3400","6"
"2022-06-08","0","829810","829810","3350","239","3350","239"
"2022-06-07","-4.29","507430","507430","3350","146","3350","146"
"2022-06-03","0","983500","983500","3500","281","3500","281"
"2022-06-02","0.14","124295","124295","3500","36","3500","36"
"2022-06-01","0","1492435","1492435","3495","427","3495","427"
"2022-05-31","0","1273780","1273780","3495","364","3495","364"
"2022-05-30","-0.14","708250","708250","3495","203","3495","203"
"2022-05-27","0","2352000","2352000","3500","680","3500","680"
"2022-05-25","0","914000","914000","3500","264","3500","264"
"2022-05-24","6.06","175000","175000","3500","50","3500","50"
"2022-05-23","-5.71","7233750","7233750","3300","2071","3300","2071"
"2022-05-20","4.79","18724120","18724120","3500","5631","3500","5631"
"2022-05-19","0","1295920","1295920","3340","388","3340","388"
"2022-05-18","3.09","1839440","1839440","3340","556","3340","556"
"2022-05-17","0","1001785","1001785","3240","309","3240","309"
"2022-05-16","-7.43","1308265","1308265","3240","379","3240","379"
"2022-05-13","-2.78","3016210","3016210","3500","860","3500","860"
"2022-05-12","0","167200","167200","3600","47","3600","47"
"2022-05-11","-2.7","3224950","3224950","3600","885","3600","885"
"2022-05-10","-1.6","1588200","1588200","3700","432","3700","432"
"2022-05-09","7.43","1289680","1289680","3760","343","3760","343"
"2022-05-06","3.86","4324475","4324475","3500","1288","3500","1288"
"2022-05-05","-7.42","791710","791710","3370","233","3370","233"
"2022-05-04","-7.5","826280","826280","3640","227","3640","227"
"2022-05-03","-7.41","82635","82635","3935","21","3935","21"
"2022-04-29","-7.41","27356705","27356705","4250","6120","4250","6120"
"2022-04-27","2","1721500","1721500","4590","377","4590","377"
"2022-04-26","-2.07","7867325","7867325","4500","1742","4500","1742"
"2022-04-25","2.11","7329095","7329095","4595","1627","4595","1627"
"2022-04-22","-2.17","259930","259930","4500","57","4500","57"
"2022-04-21","0.88","14184685","14184685","4600","3108","4600","3108"
"2022-04-20","-0.87","9144060","9144060","4560","1989","4560","1989"
"2022-04-19","-2.13","3456800","3456800","4600","751","4600","751"
"2022-04-15","2.06","2077045","2077045","4700","451","4700","451"
"2022-04-14","-2.02","1880930","1880930","4605","408","4605","408"
"2022-04-13","2.06","120950","120950","4700","26","4700","26"
"2022-04-12","0","15636495","15636495","4605","3398","4605","3398"
"2022-04-11","0.11","18410","18410","4605","4","4605","4"
"2022-04-08","-0.22","9247065","9247065","4600","2010","4600","2010"
"2022-04-07","0.11","263735","263735","4610","57","4610","57"
"2022-04-06","-2.13","19317605","19317605","4605","4119","4605","4119"
"2022-04-05","0","6761920","6761920","4705","1427","4705","1427"
"2022-04-04","0.11","443890","443890","4705","94","4705","94"
"2022-04-01","-0.21","2849800","2849800","4700","603","4700","603"
"2022-03-31","-5.33","5592000","5592000","4710","1178","4710","1178"
"2022-03-30","0","234350","234350","4975","47","4975","47"
"2022-03-29","5.85","242945","242945","4975","51","4975","51"
"2022-03-28","0","164500","164500","4700","35","4700","35"
"2022-03-25","0","726725","726725","4700","155","4700","155"
"2022-03-24","-2.08","412000","412000","4700","87","4700","87"
"2022-03-23","3.23","1323850","1323850","4800","286","4800","286"
"2022-03-22","-0.64","47174370","47174370","4650","10418","4650","10418"
"2022-03-21","0","51480","51480","4680","11","4680","11"
"2022-03-18","1.52","470810","470810","4680","102","4680","102"
"2022-03-17","0.11","1621160","1621160","4610","352","4610","352"
"2022-03-15","-2.13","2986230","2986230","4605","640","4605","640"
"2022-03-14","0","1415680","1415680","4705","301","4705","301"
"2022-03-11","-3.98","22884670","22884670","4705","4672","4705","4672"
"2022-03-10","0","9800","9800","4900","2","4900","2"
"2022-03-09","-2","6894200","6894200","4900","1402","4900","1402"
"2022-03-08","0","2281550","2281550","5000","455","5000","455"
"2022-03-07","0","1282075","1282075","5000","251","5000","251"
"2022-03-04","0.4","374585","374585","5000","74","5000","74"
"2022-03-03","1.63","2524945","2524945","4980","508","4980","508"
"2022-03-02","0","918015","918015","4900","190","4900","190"
"2022-03-01","0","1745350","1745350","4900","357","4900","357"
"2022-02-28","4.48","1261200","1261200","4900","260","4900","260"
"2022-02-25","1.96","5884220","5884220","4690","1279","4690","1279"
"2022-02-24","0.66","9034400","9034400","4600","1964","4600","1964"
"2022-02-23","-0.65","1158140","1158140","4570","252","4570","252"
"2022-02-22","0","3886500","3886500","4600","845","4600","845"
"2022-02-21","0","5949415","5949415","4600","1290","4600","1290"
"2022-02-18","2.22","2916780","2916780","4600","630","4600","630"
"2022-02-17","5.26","610680","610680","4500","136","4500","136"
"2022-02-16","0.59","948540","948540","4275","222","4275","222"
"2022-02-15","-0.23","11653175","11653175","4250","2710","4250","2710"
"2022-02-14","0","8545810","8545810","4260","1977","4260","1977"
"2022-02-11","0","13824430","13824430","4260","3209","4260","3209"
"2022-02-10","-7.29","16426535","16426535","4260","3672","4260","3672"
"2022-02-09","6.37","10820975","10820975","4595","2463","4595","2463"
"2022-02-08","1.65","4232575","4232575","4320","990","4320","990"
"2022-02-07","1.19","2126545","2126545","4250","503","4250","503"
"2022-02-04","2.31","20498060","20498060","4200","5038","4200","5038"
"2022-02-03","1.99","12497255","12497255","4105","3094","4105","3094"
"2022-02-02","0","5651770","5651770","4025","1401","4025","1401"
"2022-02-01","0.63","16215565","16215565","4025","4049","4025","4049"
"2022-01-31","-1.23","56000","56000","4000","14","4000","14"
"2022-01-28","0","340200","340200","4050","84","4050","84"
"2022-01-27","5.19","2130150","2130150","4050","543","4050","543"
"2022-01-26","-1.28","73650","73650","3850","19","3850","19"
"2022-01-25","-2.5","419500","419500","3900","105","3900","105"
"2022-01-24","-4.42","120000","120000","4000","30","4000","30"
"2022-01-21","-0.12","2707355","2707355","4185","691","4185","691"
"2022-01-20","7.44","188550","188550","4190","45","4190","45"
"2022-01-19","0","2532350","2532350","3900","683","3900","683"
"2022-01-18","5.98","78000","78000","3900","20","3900","20"
"2022-01-17","0","1115040","1115040","3680","303","3680","303"
"2022-01-14","0","3680","3680","3680","1","3680","1"
"2022-01-13","0","951575","951575","3680","260","3680","260"
"2022-01-12","0","3602300","3602300","3680","978","3680","978"
"2022-01-11","2.22","1500640","1500640","3680","408","3680","408"
"2022-01-10","-2.7","1230455","1230455","3600","336","3600","336"
"2022-01-07","-7.38","684500","684500","3700","185","3700","185"
"2022-01-06","-2.32","11985","11985","3995","3","3995","3"
"2022-01-05","-0.12","49080","49080","4090","12","4090","12"
"2022-01-04","-2.5","37255","37255","4095","9","4095","9"
"2022-01-03","0","315000","315000","4200","75","4200","75"
"2021-12-30","0","12710780","12710780","4200","3171","4200","3171"
"2021-12-22","2.44","105000","105000","4200","25","4200","25"
"2021-12-21","5.13","10641000","10641000","4100","2659","4100","2659"
"2021-12-20","5.41","11462390","11462390","3900","3011","3900","3011"
"2021-12-17","0","114100","114100","3700","31","3700","31"
"2021-12-16","5.41","1857020","1857020","3700","502","3700","502"
"2021-12-15","-5.14","2369620","2369620","3510","675","3510","675"
"2021-12-14","0.54","1237465","1237465","3700","335","3700","335"
"2021-12-13","0","202900","202900","3680","55","3680","55"
"2021-12-10","0.82","1639070","1639070","3680","450","3680","450"
"2021-12-09","4.29","360750","360750","3650","102","3650","102"
"2021-12-08","-6.67","2355685","2355685","3500","673","3500","673"
"2021-12-07","7.14","1846825","1846825","3750","505","3750","505"
"2021-12-06","5.58","175000","175000","3500","50","3500","50"
"2021-12-03","-0.3","149175","149175","3315","45","3315","45"
"2021-12-02","0.3","1113925","1113925","3325","336","3325","336"
"2021-12-01","0","17629170","17629170","3315","5318","3315","5318"
"2021-11-30","0","8980015","8980015","3315","2709","3315","2709"
"2021-11-29","0","15696525","15696525","3315","4735","3315","4735"
"2021-11-26","0","1717170","1717170","3315","518","3315","518"
"2021-11-25","0","338070","338070","3315","102","3315","102"
"2021-11-24","0.15","812150","812150","3315","245","3315","245"
"2021-11-23","2.32","566945","566945","3310","172","3310","172"
"2021-11-22","-1.97","762455","762455","3235","233","3235","233"
"2021-11-19","2.01","264000","264000","3300","80","3300","80"
"2021-11-18","-0.31","329055","329055","3235","103","3235","103"
"2021-11-17","-1.82","131190","131190","3245","41","3245","41"
"2021-11-16","-0.3","1184375","1184375","3305","373","3305","373"
"2021-11-12","0","3506175","3506175","3315","1056","3315","1056"
"2021-11-11","1.53","3868235","3868235","3315","1139","3315","1139"
"2021-11-10","0.62","2196495","2196495","3265","674","3265","674"
"2021-11-08","0","152515","152515","3245","47","3245","47"
"2021-11-05","-0.61","6681840","6681840","3245","2108","3245","2108"
"2021-11-04","0","2699955","2699955","3265","827","3265","827"
"2021-11-03","0","1465985","1465985","3265","449","3265","449"
"2021-10-29","2.03","4715715","4715715","3265","1471","3265","1471"
"2021-10-28","-1.99","1350700","1350700","3200","422","3200","422"
"2021-10-27","-0.31","871650","871650","3265","272","3265","272"
"2021-10-25","0","9580","9580","3275","3","3275","3"
"2021-10-22","4.97","118715","118715","3275","38","3275","38"
"2021-10-21","0","5806510","5806510","3120","1863","3120","1863"
"2021-10-20","0.16","4883350","4883350","3120","1570","3120","1570"
"2021-10-19","0","4786085","4786085","3115","1539","3115","1539"
"2021-10-15","-0.16","221160","221160","3115","71","3115","71"
"2021-10-14","0","269590","269590","3120","87","3120","87"
"2021-10-13","-0.16","61120","61120","3120","21","3120","21"
"2021-10-12","-0.79","2292935","2292935","3125","746","3125","746"
"2021-10-11","0","63000","63000","3150","20","3150","20"
"2021-10-08","-0.94","63000","63000","3150","20","3150","20"
"2021-10-07","5.12","4987330","4987330","3180","1696","3180","1696"
"2021-10-06","-7.35","3453250","3453250","3025","1110","3025","1110"
"2021-10-05","0","1027635","1027635","3265","339","3265","339"
"2021-10-04","4.98","1974965","1974965","3265","621","3265","621"
"2021-10-01","0","93300","93300","3110","30","3110","30"
"2021-09-30","0","964300","964300","3110","310","3110","310"
"2021-09-29","0","381980","381980","3110","123","3110","123"
"2021-09-28","0","441500","441500","3110","142","3110","142"
"2021-09-27","0","236145","236145","3110","76","3110","76"
"2021-09-24","0","242580","242580","3110","78","3110","78"
"2021-09-23","0","4932120","4932120","3110","1591","3110","1591"
"2021-09-22","0","167940","167940","3110","54","3110","54"
"2021-09-21","3.49","96360","96360","3110","31","3110","31"
"2021-09-20","-3.53","3755910","3755910","3005","1246","3005","1246"
"2021-09-17","0","1248900","1248900","3115","401","3115","401"
"2021-09-16","0","4833775","4833775","3115","1608","3115","1608"
"2021-09-15","0","218050","218050","3115","70","3115","70"
"2021-09-14","0.16","1071915","1071915","3115","355","3115","355"
"2021-09-13","0","2746070","2746070","3110","929","3110","929"
"2021-09-10","-0.16","234840","234840","3110","79","3110","79"
"2021-09-09","3.83","744115","744115","3115","248","3115","248"
"2021-09-08","0","12726345","12726345","3000","4234","3000","4234"
"2021-09-07","3.45","10536565","10536565","3000","3513","3000","3513"
"2021-09-06","0","256100","256100","2900","88","2900","88"
"2021-09-03","0","1551500","1551500","2900","535","2900","535"
"2021-09-02","7.41","736080","736080","2900","254","2900","254"
"2021-08-31","-9.85","1064400","1064400","2700","368","2700","368"
"2021-08-30","1.53","257570","257570","2995","86","2995","86"
"2021-08-27","1.72","952850","952850","2950","323","2950","323"
"2021-08-26","-1.69","4063270","4063270","2900","1404","2900","1404"
"2021-08-25","-1.5","2014765","2014765","2950","678","2950","678"
"2021-08-24","-0.17","8810915","8810915","2995","2937","2995","2937"
"2021-08-23","0","63000","63000","3000","21","3000","21"
"2021-08-20","0","84000","84000","3000","28","3000","28"
"2021-08-19","0.84","520900","520900","3000","174","3000","174"
"2021-08-18","0","722575","722575","2975","251","2975","251"
"2021-08-17","0.85","3848975","3848975","2975","1283","2975","1283"
"2021-08-13","-1.67","151100","151100","2950","51","2950","51"
"2021-08-12","6.38","8363380","8363380","3000","2794","3000","2794"
"2021-08-11","0","146640","146640","2820","52","2820","52"
"2021-08-10","-2.76","236460","236460","2820","83","2820","83"
"2021-08-09","0","319000","319000","2900","110","2900","110"
"2021-08-06","0","14500","14500","2900","5","2900","5"
"2021-08-05","-1.69","773500","773500","2900","275","2900","275"
"2021-08-04","1.72","154050","154050","2950","53","2950","53"
"2021-08-03","-1.69","299500","299500","2900","105","2900","105"
"2021-08-02","3.15","46650","46650","2950","16","2950","16"
"2021-07-30","0","320320","320320","2860","112","2860","112"
"2021-07-29","2.33","1582955","1582955","2860","565","2860","565"
"2021-07-28","6.88","55900","55900","2795","20","2795","20"
"2021-07-27","-6.44","207250","207250","2615","78","2615","78"
"2021-07-26","7.5","5590","5590","2795","2","2795","2"
"2021-07-22","0","100360","100360","2600","38","2600","38"
"2021-07-21","0","889200","889200","2600","342","2600","342"
"2021-07-19","2.77","59800","59800","2600","23","2600","23"
"2021-07-16","1.2","805300","805300","2530","310","2530","310"
"2021-07-15","-7.41","1315000","1315000","2500","520","2500","520"
"2021-07-14","0.19","162000","162000","2700","60","2700","60"
"2021-07-13","0","53900","53900","2695","20","2695","20"
"2021-07-12","-0.19","53900","53900","2695","20","2695","20"
"2021-07-09","0.19","270000","270000","2700","100","2700","100"
"2021-07-08","7.37","196735","196735","2695","73","2695","73"
"2021-07-05","0.4","25100","25100","2510","10","2510","10"
"2021-07-01","-3.29","1363500","1363500","2500","545","2500","545"
"2021-06-30","-7.35","43035","43035","2585","16","2585","16"
"2021-06-29","0","27900","27900","2790","10","2790","10"
"2021-06-23","-0.18","103390","103390","2790","37","2790","37"
"2021-06-21","0","1201850","1201850","2795","430","2795","430"
"2021-06-18","0","1397500","1397500","2795","500","2795","500"
"2021-06-16","0","83850","83850","2795","30","2795","30"
"2021-06-15","0","894400","894400","2795","320","2795","320"
"2021-06-14","0","167700","167700","2795","60","2795","60"
"2021-06-11","0","3077425","3077425","2795","1103","2795","1103"
"2021-06-09","0","111740","111740","2795","40","2795","40"
"2021-06-08","0","127620","127620","2795","46","2795","46"
"2021-06-07","0","627080","627080","2795","224","2795","224"
"2021-06-03","-0.18","782600","782600","2795","280","2795","280"
"2021-06-02","1.82","1210750","1210750","2800","435","2800","435"
"2021-06-01","1.85","356000","356000","2750","130","2750","130"
"2021-05-28","2.66","16200","16200","2700","6","2700","6"
"2021-05-27","0","253050","253050","2630","95","2630","95"
"2021-05-26","-7.39","391640","391640","2630","148","2630","148"
"2021-05-25","1.43","475520","475520","2840","168","2840","168"
"2021-05-21","-1.41","70000","70000","2800","25","2800","25"
"2021-05-20","-0.18","22720","22720","2840","8","2840","8"
"2021-05-19","0","633715","633715","2845","223","2845","223"
"2021-05-17","6.75","293335","293335","2845","103","2845","103"
"2021-05-14","7.46","13325","13325","2665","5","2665","5"
"2021-05-11","7.36","124000","124000","2480","50","2480","50"
"2021-05-05","0.43","114300","114300","2310","48","2310","48"
"2021-05-04","6.98","3748775","3748775","2300","1625","2300","1625"
"2021-05-03","0.47","184900","184900","2150","86","2150","86"
"2021-04-30","-1.83","107000","107000","2140","50","2140","50"
"2021-04-29","1.87","130800","130800","2180","60","2180","60"
"2021-04-28","0","128400","128400","2140","60","2140","60"
"2021-04-27","5.94","10700","10700","2140","5","2140","5"
"2021-04-23","0","3454500","3454500","2020","1725","2020","1725"
"2021-04-22","-7.34","9644700","9644700","2020","4735","2020","4735"
"2021-04-21","0","50140","50140","2180","23","2180","23"
"2021-04-20","3.56","318280","318280","2180","146","2180","146"
"2021-04-19","0.24","807680","807680","2105","384","2105","384"
"2021-04-15","0","3444000","3444000","2100","1640","2100","1640"
"2021-04-14","0","151200","151200","2100","72","2100","72"
"2021-04-09","0.24","1303000","1303000","2100","645","2100","645"
"2021-04-08","0","14675","14675","2095","7","2095","7"
"2021-04-06","-0.24","10475","10475","2095","5","2095","5"
"2021-04-01","0","31450","31450","2100","15","2100","15"
"2021-03-29","0","256100","256100","2100","122","2100","122"
"2021-03-25","0","8400","8400","2100","4","2100","4"
"2021-03-24","0","69300","69300","2100","33","2100","33"
"2021-03-23","0","100800","100800","2100","48","2100","48"
"2021-03-17","0","1503600","1503600","2100","716","2100","716"
"2021-03-16","0","42000","42000","2100","20","2100","20"
"2021-03-15","0","8641500","8641500","2100","4115","2100","4115"
"2021-03-12","0","100800","100800","2100","48","2100","48"
"2021-03-11","0","56700","56700","2100","27","2100","27"
"2021-03-10","0","23100","23100","2100","11","2100","11"
"2021-03-09","0","588000","588000","2100","280","2100","280"
"2021-03-08","0","63000","63000","2100","30","2100","30"
"2021-03-04","0","642600","642600","2100","306","2100","306"
"2021-03-03","1.94","21000","21000","2100","10","2100","10"
"2021-03-02","0","568560","568560","2060","276","2060","276"
"2021-02-25","0","30900","30900","2060","15","2060","15"
"2021-02-24","0","517060","517060","2060","251","2060","251"
"2021-02-23","0","133900","133900","2060","65","2060","65"
"2021-02-22","0","28840","28840","2060","14","2060","14"
"2021-02-19","0","397580","397580","2060","193","2060","193"
"2021-02-18","0","1946700","1946700","2060","945","2060","945"
"2021-02-17","0","218360","218360","2060","106","2060","106"
"2021-02-16","0","1196860","1196860","2060","581","2060","581"
"2021-02-15","3","176600","176600","2060","88","2060","88"
"2021-02-12","-2.91","1609500","1609500","2000","790","2000","790"
"2021-02-11","0","1582080","1582080","2060","768","2060","768"
"2021-02-10","-5.5","395520","395520","2060","192","2060","192"
"2021-02-09","0","1447520","1447520","2180","664","2180","664"
"2021-02-08","0.93","6521420","6521420","2180","3019","2180","3019"
"2021-02-05","-0.92","21600","21600","2160","10","2160","10"
"2021-02-03","0","50140","50140","2180","23","2180","23"
"2021-02-01","0","19620","19620","2180","9","2180","9"
"2021-01-28","0","900340","900340","2180","413","2180","413"
"2021-01-27","0","643100","643100","2180","295","2180","295"
"2021-01-26","0","1192460","1192460","2180","547","2180","547"
"2021-01-22","0","2180","2180","2180","1","2180","1"
"2021-01-20","-0.23","54500","54500","2180","25","2180","25"
"2021-01-18","0","21850","21850","2185","10","2185","10"
"2021-01-15","0","218500","218500","2185","100","2185","100"
"2021-01-14","0","21850","21850","2185","10","2185","10"
"2021-01-13","0.69","72105","72105","2185","33","2185","33"
"2021-01-12","-0.91","1080660","1080660","2170","498","2170","498"
"2021-01-11","6.83","1590130","1590130","2190","767","2190","767"
"2021-01-07","-6.39","100130","100130","2050","47","2050","47"
"2021-01-06","0","512460","512460","2190","234","2190","234"
"2021-01-05","-0.23","175200","175200","2190","80","2190","80"
"2021-01-04","0","109750","109750","2195","50","2195","50"
"2020-12-31","0","996530","996530","2195","454","2195","454"
"2020-12-30","0.23","32925","32925","2195","15","2195","15"
"2020-12-29","0","7235500","7235500","2190","3300","2190","3300"
"2020-12-28","0","10950","10950","2190","5","2190","5"
"2020-12-24","-0.23","21900","21900","2190","10","2190","10"
"2020-12-23","0","5930785","5930785","2195","2702","2195","2702"
"2020-12-22","0","5079090","5079090","2195","2314","2195","2314"
"2020-12-21","0","5052890","5052890","2195","2302","2195","2302"
"2020-12-17","0","65850","65850","2195","30","2195","30"
"2020-12-11","0","2195","2195","2195","1","2195","1"
"2020-12-09","7.07","6585","6585","2195","3","2195","3"
"2020-11-27","-6.61","122775","122775","2050","56","2050","56"
"2020-11-25","0","307300","307300","2195","140","2195","140"
"2020-11-24","0","502655","502655","2195","229","2195","229"
"2020-11-23","0","2489130","2489130","2195","1134","2195","1134"
"2020-11-20","0","662890","662890","2195","302","2195","302"
"2020-11-19","0","21950","21950","2195","10","2195","10"
"2020-11-18","0","21950","21950","2195","10","2195","10"
"2020-11-17","0","9877500","9877500","2195","4500","2195","4500"
"2020-11-16","0.23","3730455","3730455","2195","1700","2195","1700"
"2020-11-13","0","10950","10950","2190","5","2190","5"
"2020-11-09","-0.23","26280","26280","2190","12","2190","12"
"2020-11-06","0","32925","32925","2195","15","2195","15"
"2020-11-05","-0.23","131700","131700","2195","60","2195","60"
"2020-11-04","0","110000","110000","2200","50","2200","50"
"2020-11-03","0","66000","66000","2200","30","2200","30"
"2020-10-27","2.33","107800","107800","2200","49","2200","49"
"2020-10-26","-2.05","857920","857920","2150","392","2150","392"
"2020-10-23","0","1390920","1390920","2195","664","2195","664"
"2020-10-20","-0.23","17560","17560","2195","8","2195","8"
"2020-10-16","1.85","998800","998800","2200","454","2200","454"
"2020-10-15","-7.49","118800","118800","2160","55","2160","55"
"2020-10-14","0","18680","18680","2335","8","2335","8"
"2020-10-12","-0.21","49035","49035","2335","21","2335","21"
"2020-10-09","0","140400","140400","2340","60","2340","60"
"2020-10-08","-0.21","2340","2340","2340","1","2340","1"
"2020-10-07","0","46950","46950","2345","20","2345","20"
"2020-10-02","-7.31","18760","18760","2345","8","2345","8"
"2020-09-25","-0.39","50600","50600","2530","20","2530","20"
"2020-09-23","0","20320","20320","2540","8","2540","8"
"2020-09-21","-1.17","140200","140200","2540","55","2540","55"
"2020-09-16","0","12850","12850","2570","5","2570","5"
"2020-09-11","0","192750","192750","2570","75","2570","75"
"2020-09-10","-0.77","576740","576740","2570","224","2570","224"
"2020-09-09","0","51800","51800","2590","20","2590","20"
"2020-09-08","-7.33","53800","53800","2590","20","2590","20"
"2020-09-02","-5.25","78260","78260","2795","28","2795","28"
"2020-08-27","-1.34","2462300","2462300","2950","835","2950","835"
"2020-08-25","0","12889890","12889890","2990","4311","2990","4311"
"2020-08-18","-0.33","988300","988300","2990","330","2990","330"
"2020-08-06","0","6000","6000","3000","2","3000","2"
"2020-07-29","0","234950","234950","3000","80","3000","80"
"2020-07-16","0","15000","15000","3000","5","3000","5"
"2020-07-14","0","3000","3000","3000","1","3000","1"
"2020-07-13","0","90000","90000","3000","30","3000","30"
"2020-07-09","0","39000","39000","3000","13","3000","13"
"2020-07-06","0","90000","90000","3000","30","3000","30"
"2020-07-03","0","30000","30000","3000","10","3000","10"
"2020-07-02","0","57000","57000","3000","19","3000","19"
"2020-07-01","0","45000","45000","3000","15","3000","15"
"2020-06-26","-3.23","900000","900000","3000","300","3000","300"
"2020-06-24","0","9300","9300","3100","3","3100","3"
"2020-06-22","-1.59","31000","31000","3100","10","3100","10"
"2020-06-19","0","31500","31500","3150","10","3150","10"
"2020-06-12","0","31500","31500","3150","10","3150","10"
"2020-06-11","0","6300","6300","3150","2","3150","2"
"2020-06-10","0","31500","31500","3150","10","3150","10"
"2020-06-09","5","31500","31500","3150","10","3150","10"
"2020-06-08","0","75000","75000","3000","25","3000","25"
"2020-06-05","0","150100","150100","3000","50","3000","50"
"2020-06-04","0","21000","21000","3000","7","3000","7"
"2020-06-03","0","30020","30020","3000","10","3000","10"
"2020-05-15","0","150300","150300","3000","50","3000","50"
"2020-05-14","3.45","24000","24000","3000","8","3000","8"
"2020-05-13","0","165300","165300","2900","57","2900","57"
"2020-05-12","0","43500","43500","2900","15","2900","15"
"2020-05-11","0","49300","49300","2900","17","2900","17"
"2020-05-08","0","66700","66700","2900","23","2900","23"
"2020-04-22","0","8700","8700","2900","3","2900","3"
"2020-04-21","0","5800","5800","2900","2","2900","2"
"2020-04-20","0","171100","171100","2900","59","2900","59"
"2020-04-17","0","208800","208800","2900","72","2900","72"
"2020-04-15","0","29000","29000","2900","10","2900","10"
"2020-04-10","0","17400","17400","2900","6","2900","6"
"2020-04-09","0","139200","139200","2900","48","2900","48"
"2020-04-08","0","37700","37700","2900","13","2900","13"
"2020-04-02","0","26100","26100","2900","9","2900","9"
"2020-03-31","0","2888500","2888500","2900","964","2900","964"
"2020-03-30","0","116000","116000","2900","40","2900","40"
"2020-03-27","0","95710","95710","2900","33","2900","33"
"2020-03-26","-0.17","615450","615450","2900","212","2900","212"
"2020-03-25","-3.17","209350","209350","2905","72","2905","72"
"2020-03-23","3.45","180000","180000","3000","60","3000","60"
"2020-03-16","-3.33","348000","348000","2900","120","2900","120"
"2020-03-13","0","6000","6000","3000","2","3000","2"
"2020-03-11","-6.25","477000","477000","3000","159","3000","159"
"2020-03-09","0","89600","89600","3200","28","3200","28"
"2020-03-06","0","3200","3200","3200","1","3200","1"
"2020-03-04","-3.76","32000","32000","3200","10","3200","10"
"2020-03-03","6.74","33250","33250","3325","10","3325","10"
"2020-03-02","-6.32","6230","6230","3115","2","3115","2"
"2020-02-28","-0.45","150225","150225","3325","45","3325","45"
"2020-02-27","0","113560","113560","3340","34","3340","34"
"2020-02-26","-0.15","1041795","1041795","3340","311","3340","311"
"2020-02-24","0","3545700","3545700","3345","1060","3345","1060"
"2020-02-21","0","117075","117075","3345","35","3345","35"
"2020-02-20","-0.15","153895","153895","3345","46","3345","46"
"2020-02-18","0","20100","20100","3350","6","3350","6"
"2020-02-17","0.15","2773150","2773150","3350","829","3350","829"
"2020-02-14","0","1455075","1455075","3345","435","3345","435"
"2020-02-13","0","1311240","1311240","3345","392","3345","392"
"2020-02-12","0","434850","434850","3345","130","3345","130"
"2020-02-10","7.38","3795440","3795440","3345","1136","3345","1136"
"2020-02-07","0","109025","109025","3115","35","3115","35"
"2020-02-06","7.41","389375","389375","3115","125","3115","125"
"2020-02-03","0","713400","713400","2900","246","2900","246"
"2020-01-30","0","200100","200100","2900","69","2900","69"
"2020-01-29","0.87","20300","20300","2900","7","2900","7"
"2020-01-28","0","316250","316250","2875","110","2875","110"
"2020-01-27","0","28750","28750","2875","10","2875","10"
"2020-01-23","0","1437500","1437500","2875","500","2875","500"
"2020-01-21","0","8625000","8625000","2875","3000","2875","3000"
"2020-01-16","0","14518750","14518750","2875","5050","2875","5050"
"2020-01-14","0","14251500","14251500","2875","4948","2875","4948"
"2020-01-10","0","5467125","5467125","2875","1983","2875","1983"
"2020-01-09","0","296125","296125","2875","103","2875","103"
"2020-01-08","-0.69","28750","28750","2875","10","2875","10"
"2020-01-02","7.42","1447500","1447500","2895","500","2895","500"
"2019-12-31","0","598290","598290","2695","222","2695","222"
"2019-12-30","3.65","44770","44770","2695","17","2695","17"
"2019-12-27","0","13000","13000","2600","5","2600","5"
"2019-12-26","0","9016800","9016800","2600","3468","2600","3468"
"2019-12-20","-3.7","208000","208000","2600","80","2600","80"
"2019-12-19","0","72900","72900","2700","27","2700","27"
"2019-12-18","0","21600","21600","2700","8","2700","8"
"2019-12-17","0","40500","40500","2700","15","2700","15"
"2019-12-16","0","5400","5400","2700","2","2700","2"
"2019-12-13","0","675000","675000","2700","250","2700","250"
"2019-12-12","0","54000","54000","2700","20","2700","20"
"2019-12-10","0","491400","491400","2700","182","2700","182"
"2019-12-06","0","14191200","14191200","2700","5256","2700","5256"
"2019-12-05","0","270000","270000","2700","100","2700","100"
"2019-12-04","0","162000","162000","2700","60","2700","60"
"2019-11-29","0","27000","27000","2700","10","2700","10"
"2019-11-28","0","164700","164700","2700","61","2700","61"
"2019-11-27","0","67500","67500","2700","25","2700","25"
"2019-11-26","1.89","1878675","1878675","2700","696","2700","696"
"2019-11-25","-1.85","208525","208525","2650","78","2650","78"
"2019-11-22","0","1239300","1239300","2700","459","2700","459"
"2019-11-21","0.19","363875","363875","2700","135","2700","135"
"2019-11-20","0","528220","528220","2695","196","2695","196"
"2019-11-19","-0.19","849225","849225","2695","315","2695","315"
"2019-11-18","3.85","1012500","1012500","2700","375","2700","375"
"2019-11-14","-1.89","14981200","14981200","2600","5760","2600","5760"
"2019-11-13","6","1060000","1060000","2650","400","2650","400"
"2019-11-12","7.3","994500","994500","2500","400","2500","400"
"2019-11-08","7.13","23300","23300","2330","10","2330","10"
"2019-11-06","7.41","19575","19575","2175","9","2175","9"
"2019-10-30","7.43","2025","2025","2025","1","2025","1"
"2019-10-29","0.53","43380","43380","1885","23","1885","23"
"2019-10-28","0","75000","75000","1875","40","1875","40"
"2019-10-24","0","599980","599980","1875","320","120000","5"
"2019-10-23","-2.45","600000","600000","1875","320","120000","5"
"2019-10-22","0","614975","614975","1922","320","122995","5"
"2019-10-18","3.39","123000","123000","1922","64","123000","1"
"2019-10-17","0","476000","476000","1859","256","119000","4"
"2019-10-16","-0.85","119000","119000","1859","64","119000","1"
"2019-10-15","-2.45","120000","120000","1875","64","120000","1"
"2019-10-14","0","483000","483000","1922","256","123000","4"
"2019-10-11","0","123000","123000","1922","64","123000","1"
"2019-10-09","0","615000","615000","1922","320","123000","5"
"2019-10-08","2.51","861000","861000","1922","448","123000","7"
"2019-10-04","0","2160000","2160000","1875","1152","120000","18"
"2019-09-19","0","960000","960000","1875","512","120000","8"
"2019-09-17","-6.25","4680000","4680000","1875","2496","120000","39"
"2019-09-12","0","1536000","1536000","2000","768","128000","12"
"2019-09-11","-0.4","128000","128000","2000","64","128000","1"
"2019-09-10","0","385500","385500","2008","192","128500","3"
"2019-09-09","0.4","6425000","6425000","2008","3200","128500","50"
"2019-08-28","-0.4","898500","898500","2000","448","128000","7"
"2019-08-27","0.4","2436500","2436500","2008","1216","128500","19"
"2019-08-20","-0.05","128000","128000","2000","64","128000","1"
"2019-07-29","7.52","640200","640200","2001","320","128040","5"
"2019-07-23","0","119110","119110","1861","64","119110","1"
"2019-07-19","0.11","119110","119110","1861","64","119110","1"
"2019-07-02","0","119000","119000","1859","64","119000","1"
"2019-07-01","0","238000","238000","1859","128","119000","2"
"2019-06-13","0","952000","952000","1859","512","119000","8"
"2019-06-07","0","119000","119000","1859","64","119000","1"
"2019-05-31","0","119000","119000","1859","64","119000","1"
"2019-05-24","0","2023000","2023000","1859","1088","119000","17"
"2019-05-17","0","2499000","2499000","1859","1344","119000","21"
"2019-05-15","0.81","14357930","14357930","1859","7744","119000","121"
"2019-05-14","0","118000","118000","1844","64","118000","1"
"2019-05-13","-1.23","590000","590000","1844","320","118000","5"
"2019-05-02","0","119500","119500","1867","64","119500","1"
"2019-04-30","-0.43","119500","119500","1867","64","119500","1"
"2019-04-10","0.11","2399500","2399500","1875","1280","120000","20"
"2019-04-02","-0.05","239800","239800","1873","128","119900","2"
"2019-03-29","-1.68","239835","239835","1874","128","119920","2"
"2019-02-01","0","365995","365995","1906","192","122000","3"
"2019-01-21","-1.6","122000","122000","1906","64","122000","1"
"2018-12-13","-0.82","123990","123990","1937","64","123990","1"
"2018-11-07","-0.76","1374945","1374945","1953","704","124995","11"
"2018-10-24","-1.99","125930","125930","1968","64","125930","1"
"2018-10-03","0","1413445","1413445","2008","704","128495","11"
"2018-10-02","0","128500","128500","2008","64","128500","1"
"2018-09-21","1.21","382500","382500","2008","192","128500","3"
"2018-09-18","-2.31","1270000","1270000","1984","640","127000","10"
"2018-09-05","0","130000","130000","2031","64","130000","1"
"2018-09-04","0","130000","130000","2031","64","130000","1"
"2018-08-29","-5.14","1950000","1950000","2031","960","130000","15"
"2018-08-28","0","274000","274000","2141","128","137000","2"
"2018-08-13","0","137015","137015","2141","64","137015","1"
"2018-08-10","-2.15","137015","137015","2141","64","137015","1"
"2018-08-09","0","140000","140000","2188","64","140000","1"
"2018-07-27","0","280000","280000","2188","128","140000","2"
"2018-07-23","0","420000","420000","2188","192","140000","3"
"2018-07-18","0","560000","560000","2188","256","140000","4"
"2018-07-17","2.2","140000","140000","2188","64","140000","1"
"2018-07-13","-2.15","685000","685000","2141","320","137000","5"
"2018-07-12","-5.4","700000","700000","2188","320","140000","5"
"2018-07-11","0","740000","740000","2313","320","148000","5"
"2018-07-10","0","888000","888000","2313","384","148000","6"
"2018-07-09","0","148000","148000","2313","64","148000","1"
"2018-07-06","-7.48","296000","296000","2313","128","148000","2"
"2018-07-05","-3.03","975000","975000","2500","384","160000","6"
"2018-07-02","-2.94","1499800","1499800","2578","576","165000","9"
"2018-06-29","-5.58","850000","850000","2656","320","170000","5"
"2018-06-26","0","3600000","3600000","2813","1280","180000","20"
"2018-06-25","0","1260000","1260000","2813","448","180000","7"
"2018-06-19","0","180000","180000","2813","64","180000","1"
"2018-06-18","-1.57","1440000","1440000","2813","512","180000","8"
"2018-06-07","-0.59","182885","182885","2858","64","182885","1"
"2018-05-22","0","183990","183990","2875","64","183990","1"
"2018-05-17","2.2","1839950","1839950","2875","640","183995","10"
"2018-05-14","-2.16","180000","180000","2813","64","180000","1"
"2018-05-11","-0.55","551990","551990","2875","192","183995","3"
"2018-05-07","0","925000","925000","2891","320","185000","5"
"2018-04-30","0","555000","555000","2891","192","185000","3"
"2018-04-27","0","2035000","2035000","2891","704","185000","11"
"2018-04-26","0","740000","740000","2891","256","185000","4"
"2018-04-23","-2.63","5550000","5550000","2891","1920","185000","30"
"2018-04-20","0","7600000","7600000","2969","2560","190000","40"
"2018-04-19","2.7","190000","190000","2969","64","190000","1"
"2018-04-18","1.94","7590000","7590000","2891","2624","185000","41"
"2018-04-16","-7.41","9075000","9075000","2836","3200","181500","50"
"2018-04-13","0","3920000","3920000","3063","1280","196000","20"
"2018-04-12","0.03","8035985","8035985","3063","2624","196000","41"
"2018-04-11","-0.97","1959950","1959950","3062","640","195995","10"
"2018-04-04","0","1583550","1583550","3092","512","197910","8"
"2018-03-29","-0.48","1584910","1584910","3092","512","197910","8"
"2018-03-28","-7.5","3278875","3278875","3107","960","198875","15"
"2018-03-27","0.48","215000","215000","3359","64","215000","1"
"2018-03-23","0","1069750","1069750","3343","320","213950","5"
"2018-03-22","-7.47","427860","427860","3343","128","213950","2"
"2018-03-16","-7.5","231250","231250","3613","64","231250","1"
"2018-03-14","0","250000","250000","3906","64","250000","1"
"2018-03-09","0","2000000","2000000","3906","512","250000","8"
"2018-03-08","-6.49","2500000","2500000","3906","640","250000","10"
"2018-03-07","-7.51","267325","267325","4177","64","267325","1"
"2018-02-26","-0.33","578000","578000","4516","128","289000","2"
"2018-01-25","0","579980","579980","4531","128","289990","2"
"2018-01-19","0","289995","289995","4531","64","289995","1"
"2018-01-03","0.49","290000","290000","4531","64","290000","1"
"2017-12-29","0","2015000","2015000","4509","448","288600","7"
"2017-12-27","0","1154400","1154400","4509","256","288600","4"
"2017-12-13","-7.51","2886000","2886000","4509","640","288600","10"
"2017-11-03","-0.83","312000","312000","4875","64","312000","1"
"2017-10-26","0","8808800","8808800","4916","1792","314600","28"
"2017-10-25","0","2202200","2202200","4916","448","314600","7"
"2017-10-24","0","314600","314600","4916","64","314600","1"
"2017-10-19","0","629200","629200","4916","128","314600","2"
"2017-10-18","-7.47","10067200","10067200","4916","2048","314600","32"
"2017-10-13","0","110841620","110841620","5313","20864","340005","326"
"2017-10-11","2.41","25912000","25912000","5313","4992","340000","78"
"2017-10-10","0","16268000","16268000","5188","3136","332000","49"
"2017-10-09","0","664000","664000","5188","128","332000","2"
"2017-10-06","0","996000","996000","5188","192","332000","3"
"2017-10-05","0","5652000","5652000","5188","1088","332000","17"
"2017-10-04","0.31","1660000","1660000","5188","320","332000","5"
"2017-10-02","0","1986000","1986000","5172","384","331000","6"
"2017-09-29","0.31","7939000","7939000","5172","1536","331000","24"
"2017-09-28","0","2310000","2310000","5156","448","330000","7"
"2017-09-22","-2.96","660000","660000","5156","128","330000","2"
"2017-09-15","0","1320000","1320000","5313","256","340000","4"
"2017-09-08","0","340000","340000","5313","64","340000","1"
"2017-09-07","0","1700000","1700000","5313","320","340000","5"
"2017-09-05","6.26","1020000","1020000","5313","192","340000","3"
"2017-09-04","-5.89","660000","660000","5000","128","320000","2"
"2017-08-31","0","340000","340000","5313","64","340000","1"
"2017-08-30","-6.84","8650000","8650000","5313","1600","340000","25"
"2017-08-28","-7.1","365000","365000","5703","64","365000","1"
"2017-08-16","7.49","189703130","189703130","6139","31104","392910","486"
"2017-08-14","7.49","365500","365500","5711","64","365500","1"
"2017-08-11","6.26","979900","979900","5313","192","340000","3"
"2017-08-10","6.72","3314795","3314795","5000","704","319995","11"
"2017-08-08","-0.06","299855","299855","4685","64","299855","1"
"2017-08-02","0","300000","300000","4688","64","300000","1"
"2017-08-01","4.18","1800000","1800000","4688","384","300000","6"
"2017-07-31","0","576000","576000","4500","128","288000","2"
"2017-07-28","0","1732000","1732000","4500","384","288000","6"
"2017-07-19","0","288000","288000","4500","64","288000","1"
"2017-07-18","0","576000","576000","4500","128","288000","2"
"2017-07-17","0","1152000","1152000","4500","256","288000","4"
"2017-07-14","7.45","555995","555995","4500","128","287995","2"
"2017-07-12","0","268000","268000","4188","64","268000","1"
"2017-07-10","7.22","14204000","14204000","4188","3392","268000","53"
"2017-07-05","0","1250000","1250000","3906","320","250000","5"
"2017-07-03","0","500000","500000","3906","128","250000","2"
"2017-06-29","-1.88","250000","250000","3906","64","250000","1"
"2017-06-28","6.16","254775","254775","3981","64","254775","1"
"2017-06-20","1.27","240000","240000","3750","64","240000","1"
"2017-06-07","3.03","474000","474000","3703","128","237000","2"
"2017-05-31","2.22","4370000","4370000","3594","1216","230000","19"
"2017-05-19","0","1575000","1575000","3516","448","225000","7"
"2017-05-18","0","28795000","28795000","3516","8128","225000","127"
"2017-05-17","0","674990","674990","3516","192","225000","3"
"2017-05-16","0","1575000","1575000","3516","448","225000","7"
"2017-05-10","0","1800000","1800000","3516","512","225000","8"
"2017-05-04","0","450000","450000","3516","128","225000","2"
"2017-04-27","0","900000","900000","3516","256","225000","4"
"2017-04-26","0","1350000","1350000","3516","384","225000","6"
"2017-04-25","0","6075000","6075000","3516","1728","225000","27"
"2017-04-21","0","225000","225000","3516","64","225000","1"
"2017-04-20","0","2705000","2705000","3516","768","225000","12"
"2017-04-18","0","1125000","1125000","3516","320","225000","5"
"2017-04-14","0","450000","450000","3516","128","225000","2"
"2017-04-13","-6.24","1799980","1799980","3516","512","225000","8"
"2017-04-10","6.66","960000","960000","3750","256","240000","4"
"2017-04-07","0","225000","225000","3516","64","225000","1"
"2017-04-05","0","225000","225000","3516","64","225000","1"
"2017-04-04","-6.24","225000","225000","3516","64","225000","1"
"2017-04-03","0","3600000","3600000","3750","960","240000","15"
"2017-03-31","-6.97","1440000","1440000","3750","384","240000","6"
"2017-03-30","0","1290000","1290000","4031","320","258000","5"
"2017-03-28","-1.54","258000","258000","4031","64","258000","1"
"2017-03-20","0","1048000","1048000","4094","256","262000","4"
"2017-03-17","0.39","262000","262000","4094","64","262000","1"
"2017-03-16","0","261000","261000","4078","64","261000","1"
"2017-03-14","0.34","3123400","3123400","4078","768","261000","12"
"2017-03-13","-7.11","260100","260100","4064","64","260100","1"
"2017-03-08","-1.75","2240015","2240015","4375","512","280000","8"
"2017-03-03","-1.72","4845000","4845000","4453","1088","285000","17"
"2017-03-02","-3.35","879990","879990","4531","192","289995","3"
"2017-03-01","0","900000","900000","4688","192","300000","3"
"2017-02-28","0","1200000","1200000","4688","256","300000","4"
"2017-02-27","0","19799990","19799990","4688","4224","300000","66"
"2017-02-24","4.71","1200000","1200000","4688","256","300000","4"
"2017-02-23","-4.5","573000","573000","4477","128","286500","2"
"2017-02-22","5.28","7500000","7500000","4688","1600","300000","25"
"2017-02-15","-5.01","2280000","2280000","4453","512","285000","8"
"2017-02-14","5.28","900000","900000","4688","192","300000","3"
"2017-02-13","-5.01","1185000","1185000","4453","256","285000","4"
"2017-02-10","0","600000","600000","4688","128","300000","2"
"2017-02-06","0","300000","300000","4688","64","300000","1"
"2017-02-02","0","3020000","3020000","4688","640","300000","10"
"2017-01-24","3.28","1463600","1463600","4688","320","300000","5"
"2017-01-23","0","290500","290500","4539","64","290500","1"
"2017-01-20","0.18","1161000","1161000","4539","256","290500","4"
"2017-01-18","0","580000","580000","4531","128","290000","2"
"2017-01-17","0","870000","870000","4531","192","290000","3"
"2017-01-16","-3.53","1170000","1170000","4531","256","290000","4"
"2017-01-13","-7.5","601250","601250","4697","128","300625","2"
"2017-01-10","0","325000","325000","5078","64","325000","1"
"2017-01-09","-7.15","325000","325000","5078","64","325000","1"
"2017-01-06","0","350000","350000","5469","64","350000","1"
"2017-01-05","-5.53","11560000","11560000","5469","2112","350000","33"
"2017-01-04","-7.38","370500","370500","5789","64","370500","1"
"2017-01-02","-5.89","800000","800000","6250","128","400000","2"
"2016-12-20","-1.16","1625000","1625000","6641","256","425000","4"
"2016-12-02","1.17","430000","430000","6719","64","430000","1"
"2016-11-30","3.67","850000","850000","6641","128","425000","2"
"2016-11-29","0","9430000","9430000","6406","1472","410000","23"
"2016-11-28","3.01","808000","808000","6406","128","410000","2"
"2016-11-24","2.84","795990","795990","6219","128","397995","2"
"2016-11-23","7.5","774000","774000","6047","128","387000","2"
"2016-11-18","5.87","360000","360000","5625","64","360000","1"
"2016-11-17","-2.85","680000","680000","5313","128","340000","2"
"2016-11-16","0","700000","700000","5469","128","350000","2"
"2016-11-14","-5.66","5600000","5600000","5469","1024","350000","16"
"2016-11-09","0.28","7420000","7420000","5797","1280","371000","20"
"2016-11-04","-0.28","1111000","1111000","5781","192","370000","3"
"2016-11-02","0","371000","371000","5797","64","371000","1"
"2016-10-25","0","742010","742010","5797","128","371005","2"
"2016-10-24","0.28","1113000","1113000","5797","192","371000","3"
"2016-10-18","-0.28","7774055","7774055","5781","1344","370000","21"
"2016-10-14","0.28","742005","742005","5797","128","371005","2"
"2016-10-10","0","7400000","7400000","5781","1280","370000","20"
"2016-10-06","2.77","1480000","1480000","5781","256","370000","4"
"2016-10-05","-1.37","6481000","6481000","5625","1152","360000","18"
"2016-10-04","0","730000","730000","5703","128","365000","2"
"2016-10-03","1.39","6649920","6649920","5703","1152","365000","18"
"2016-09-30","-2.7","360000","360000","5625","64","360000","1"
"2016-09-29","-2.64","7650080","7650080","5781","1344","370000","21"
"2016-09-28","-4.99","1140000","1140000","5938","192","380000","3"
"2016-09-27","0","1199985","1199985","6250","192","399995","3"
"2016-09-23","-2.68","21024090","21024090","6250","3328","400000","52"
"2016-09-22","-7.44","8595000","8595000","6422","1280","411000","20"
"2016-09-20","-7.3","888000","888000","6938","128","444000","2"
"2016-09-14","0","6226990","6226990","7484","832","479000","13"
"2016-09-13","-0.21","478995","478995","7484","64","478995","1"
"2016-09-08","0","1379995","1379995","7500","192","479995","3"
"2016-09-07","-3.03","480000","480000","7500","64","480000","1"
"2016-09-06","-0.81","1485000","1485000","7734","192","495000","3"
"2016-09-01","0.03","4985945","4985945","7797","640","498995","10"
"2016-08-24","-0.23","14967000","14967000","7795","1920","498900","30"
"2016-08-10","0.21","4500000","4500000","7813","576","500000","9"
"2016-08-05","0","5986000","5986000","7797","768","499000","12"
"2016-08-02","0","2495000","2495000","7797","320","499000","5"
"2016-07-25","5.05","998000","998000","7797","128","499000","2"
"2016-07-21","0","7125000","7125000","7422","960","475000","15"
"2016-07-12","0","2375075","2375075","7422","320","475015","5"
"2016-07-11","-5","2850090","2850090","7422","384","475015","6"
"2016-07-07","5.27","4862060","4862060","7813","640","500000","10"
"2016-07-05","-7.46","5225165","5225165","7422","704","475015","11"
"2016-06-22","-7.5","10793320","10793320","8020","1344","513290","21"
"2016-06-17","-7.5","5549050","5549050","8670","640","554905","10"
"2016-06-10","-0.02","599890","599890","9373","64","599890","1"
"2016-06-08","0","26390825","26390825","9375","2816","599995","44"
"2016-06-07","-2.28","23999825","23999825","9375","2560","600000","40"
"2016-05-31","-0.16","7379000","7379000","9594","768","614000","12"
"2016-05-27","0","126315000","126315000","9609","13184","615000","206"
"2016-05-26","7.33","96174000","96174000","9609","10240","615000","160"
"2016-05-25","-7.43","26349500","26349500","8953","2944","573000","46"
"2016-05-24","-0.12","19747000","19747000","9672","2048","619000","32"
"2016-05-23","0","6819750","6819750","9684","704","619750","11"
"2016-05-20","-7.5","2479000","2479000","9684","256","619750","4"
"2016-05-18","3.08","5834000","5834000","10469","576","670000","9"
"2016-05-12","-4.41","6500000","6500000","10156","640","650000","10"
"2016-05-10","0","13259990","13259990","10625","1344","679990","21"
"2016-05-06","-1.45","48242750","48242750","10625","4608","680000","72"
"2016-04-29","1.62","15180000","15180000","10781","1408","690000","22"
"2016-04-28","6.42","2634000","2634000","10609","256","679000","4"
"2016-04-27","-1.84","35090000","35090000","9969","3520","638000","55"
"2016-04-19","0","1300000","1300000","10156","128","650000","2"
"2016-04-18","2.36","1300000","1300000","10156","128","650000","2"
"2016-04-15","-0.78","1905000","1905000","9922","192","635000","3"
"2016-04-11","0","3200000","3200000","10000","320","640000","5"
"2016-04-08","-7.24","3840000","3840000","10000","384","640000","6"
"2016-04-05","-1.29","8502500","8502500","10781","832","690000","13"
"2016-03-31","-0.07","16464240","16464240","10922","1536","699000","24"
"2016-03-30","5.46","2098500","2098500","10930","192","699500","3"
"2016-03-29","2","21849225","21849225","10364","2112","663280","33"
"2016-03-24","-7.49","21459075","21459075","10161","2112","650275","33"
"2016-03-22","5.55","75059650","75059650","10984","7040","703000","110"
"2016-03-21","-7.5","16650000","16650000","10406","1600","666000","25"
"2016-03-16","-0.69","15895000","15895000","11250","1408","720000","22"
"2016-03-11","0","36166000","36166000","11328","3200","725000","50"
"2016-03-10","0.69","15950000","15950000","11328","1408","725000","22"
"2016-03-08","7.46","7200000","7200000","11250","640","720000","10"
"2016-03-07","7.37","13400005","13400005","10469","1280","670005","20"
"2016-03-04","7.4","624000","624000","9750","64","624000","1"
"2016-03-03","1.93","581000","581000","9078","64","581000","1"
"2016-03-02","0.53","38190000","38190000","8906","4288","570000","67"
"2016-03-01","0.35","3969000","3969000","8859","448","567000","7"
"2016-02-29","0.17","7910000","7910000","8828","896","565000","14"
"2016-02-24","1.88","44379200","44379200","8813","5056","564000","79"
"2016-02-23","7.49","57345375","57345375","8650","6656","553625","104"
"2016-02-19","0.98","14030000","14030000","8047","1792","515000","28"
"2016-02-18","6.69","1020000","1020000","7969","128","510000","2"
"2016-02-15","7.3","1912000","1912000","7469","256","478000","4"
"2016-02-09","0.12","445500","445500","6961","64","445500","1"
"2016-02-08","1.13","2225000","2225000","6953","320","445000","5"
"2016-02-05","0","8800000","8800000","6875","1280","440000","20"
"2016-02-03","0.29","2640000","2640000","6875","384","440000","6"
"2016-01-29","2.01","9645500","9645500","6855","1408","438700","22"
"2016-01-22","-0.09","860200","860200","6720","128","430100","2"
"2016-01-20","2","125923360","125923360","6726","19456","430440","304"
"2016-01-19","0","2532010","2532010","6594","384","422000","6"
"2016-01-14","1.45","5044000","5044000","6594","768","422000","12"
"2016-01-13","-0.96","416000","416000","6500","64","416000","1"
"2016-01-12","-2.89","4200000","4200000","6563","640","420000","10"
"2016-01-08","3.97","432500","432500","6758","64","432500","1"
"2016-01-06","1.96","122480000","122480000","6500","19200","416000","300"
"2016-01-05","0","408000","408000","6375","64","408000","1"
"2016-01-04","0.74","2040000","2040000","6375","320","408000","5"
"2015-12-31","1.25","405000","405000","6328","64","405000","1"
"2015-12-30","-0.75","1600000","1600000","6250","256","400000","4"
"2015-12-28","-0.49","6045000","6045000","6297","960","403000","15"
"2015-12-21","-0.74","2025000","2025000","6328","320","405000","5"
"2015-12-18","1.74","2448000","2448000","6375","384","408000","6"
"2015-12-16","0.13","6431000","6431000","6266","1024","401000","16"
"2015-12-15","0","4005000","4005000","6258","640","400500","10"
"2015-12-14","-1.84","2803500","2803500","6258","448","400500","7"
"2015-12-07","7.23","9930000","9930000","6375","1600","408000","25"
"2015-12-03","0","5707500","5707500","5945","960","380500","15"
"2015-12-01","-5.35","380500","380500","5945","64","380500","1"
"2015-11-30","0","12060000","12060000","6281","1920","402000","30"
"2015-11-26","0.5","108540000","108540000","6281","17280","402000","270"
"2015-11-20","-0.49","800000","800000","6250","128","400000","2"
"2015-11-17","3.2","7236000","7236000","6281","1152","402000","18"
"2015-11-16","-5","2339500","2339500","6086","384","389500","6"
"2015-11-13","2.5","4100000","4100000","6406","640","410000","10"
"2015-11-11","2.88","400000","400000","6250","64","400000","1"
"2015-11-10","7.48","2721775","2721775","6075","448","388825","7"
"2015-11-09","0","114297200","114297200","5652","20224","361700","316"
"2015-11-06","7.51","4677400","4677400","5652","832","361700","13"
"2015-10-29","7.48","12783275","12783275","5257","2432","336475","38"
"2015-10-28","0.95","3443050","3443050","4891","704","313000","11"
"2015-10-23","0.35","6201100","6201100","4845","1280","310055","20"
"2015-10-16","0.5","6220050","6220050","4828","1280","309005","20"
"2015-10-14","-4.81","6180070","6180070","4804","1280","307430","20"
"2015-10-12","1.92","1292000","1292000","5047","256","323000","4"
"2015-10-09","7.51","1901460","1901460","4952","384","316910","6"
"2015-10-08","1.3","73700000","73700000","4606","16000","294800","250"
"2015-10-07","0.26","915035","915035","4547","192","291005","3"
"2015-10-05","1.14","5805000","5805000","4535","1280","290250","20"
"2015-10-02","6.28","574000","574000","4484","128","287000","2"
"2015-10-01","-5.91","1350000","1350000","4219","320","270000","5"
"2015-09-30","7.48","287000","287000","4484","64","287000","1"
"2015-09-25","0","13083245","13083245","4172","3136","267005","49"
"2015-09-23","0","9879000","9879000","4172","2368","267000","37"
"2015-09-22","0.34","1335000","1335000","4172","320","267000","5"
"2015-09-21","-6.88","6120000","6120000","4158","1472","266100","23"
"2015-09-16","7.51","1428675","1428675","4465","320","285735","5"
"2015-09-15","7.51","1063200","1063200","4153","256","265800","4"
"2015-09-07","0","247260","247260","3863","64","247260","1"
"2015-08-28","7.48","494500","494500","3863","128","247250","2"
"2015-08-27","5.77","230000","230000","3594","64","230000","1"
"2015-08-18","0.21","870000","870000","3398","256","217500","4"
"2015-08-12","0","2604000","2604000","3391","768","217000","12"
"2015-08-04","0.95","434000","434000","3391","128","217000","2"
"2015-07-30","0","3870000","3870000","3359","1152","215000","18"
"2015-07-29","0","2150000","2150000","3359","640","215000","10"
"2015-07-28","-0.24","2150000","2150000","3359","640","215000","10"
"2015-07-27","0.24","1293000","1293000","3367","384","215500","6"
"2015-07-23","0","645000","645000","3359","192","215000","3"
"2015-07-20","1.17","8600200","8600200","3359","2560","215005","40"
"2015-07-16","0.21","8560200","8560200","3320","2560","212505","40"
"2015-07-13","0","6360000","6360000","3313","1920","212000","30"
"2015-07-10","-1.22","13780000","13780000","3313","4160","212000","65"
"2015-07-07","-7.5","6439950","6439950","3354","1920","214665","30"
"2015-06-30","-11.93","232065","232065","3626","64","232065","1"
"2015-06-19","7.49","38731560","38731560","4117","9408","263480","147"
"2015-06-18","7.49","980400","980400","3830","256","245100","4"
"2015-06-12","0","12819750","12819750","3563","3584","228000","56"
"2015-06-11","0","2280000","2280000","3563","640","228000","10"
"2015-06-10","0","2508000","2508000","3563","704","228000","11"
"2015-06-09","0","2280000","2280000","3563","640","228000","10"
"2015-06-08","0.06","1140000","1140000","3563","320","228000","5"
"2015-06-04","7.49","1139500","1139500","3561","320","227900","5"
"2015-06-01","-3.64","4240000","4240000","3313","1280","212000","20"
"2015-05-29","5.78","13200000","13200000","3438","3840","220000","60"
"2015-05-28","0.49","2080000","2080000","3250","640","208000","10"
"2015-05-27","7.26","2728000","2728000","3234","896","207000","14"
"2015-05-26","0","1157910","1157910","3015","384","192985","6"
"2015-05-21","7.49","2891820","2891820","3015","960","192985","15"
"2015-05-19","2","4488125","4488125","2805","1600","179525","25"
"2015-05-13","-0.29","1763515","1763515","2750","640","176005","10"
"2015-05-08","0.29","176500","176500","2758","64","176500","1"
"2015-05-07","-0.58","176005","176005","2750","64","176005","1"
"2015-05-05","0.58","354000","354000","2766","128","177000","2"
"2015-04-27","-0.11","2288065","2288065","2750","832","176005","13"
"2015-04-20","0.22","4755410","4755410","2753","1728","176200","27"
"2015-04-15","-1.96","14067500","14067500","2747","5120","175800","80"
"2015-04-02","0","179300","179300","2802","64","179300","1"
"2015-03-31","0","3765300","3765300","2802","1344","179300","21"
"2015-03-30","-0.11","9148500","9148500","2802","3264","179300","51"
"2015-03-27","2","6993000","6993000","2805","2496","179500","39"
"2015-03-26","0.4","2292000","2292000","2750","832","176000","13"
"2015-03-25","0.04","175300","175300","2739","64","175300","1"
"2015-03-19","0.15","175200","175200","2738","64","175200","1"
"2015-03-03","0","175000","175000","2734","64","175000","1"
"2015-02-26","0","525000","525000","2734","192","175000","3"
"2015-02-24","0","1400025","1400025","2734","512","175005","8"
"2015-02-19","4.79","875000","875000","2734","320","175000","5"
"2015-02-12","0","668000","668000","2609","256","167000","4"
"2015-02-04","0","668000","668000","2609","256","167000","4"
"2015-01-27","0","5845000","5845000","2609","2240","167000","35"
"2015-01-15","-1.21","167000","167000","2609","64","167000","1"
"2014-12-26","0","338000","338000","2641","128","169000","2"
"2014-12-23","1.81","26702000","26702000","2641","10112","169000","158"
"2014-12-22","0","4150250","4150250","2594","1600","166010","25"
"2014-12-19","0","830050","830050","2594","320","166010","5"
"2014-12-15","0","2158130","2158130","2594","832","166010","13"
"2014-12-11","0","498015","498015","2594","192","166005","3"
"2014-12-03","0","166000","166000","2594","64","166000","1"
"2014-12-02","0","166000","166000","2594","64","166000","1"
"2014-11-27","0","2490000","2490000","2594","960","166000","15"
"2014-11-13","0","1328000","1328000","2594","512","166000","8"
"2014-10-21","0","1660000","1660000","2594","640","166000","10"
"2014-10-20","0.62","35691045","35691045","2594","13760","166000","215"
"2014-10-17","0","1980000","1980000","2578","768","165000","12"
"2014-10-09","0","825025","825025","2578","320","165005","5"
"2014-10-08","0","165000","165000","2578","64","165000","1"
"2014-10-06","0","1155000","1155000","2578","448","165000","7"
"2014-09-30","0","6765000","6765000","2578","2624","165000","41"
"2014-09-24","0","1650000","1650000","2578","640","165000","10"
"2014-09-23","0","2475000","2475000","2578","960","165000","15"
"2014-09-10","0","495000","495000","2578","192","165000","3"
"2014-09-08","0","2639900","2639900","2578","1024","165000","16"
"2014-09-04","-0.62","825000","825000","2578","320","165000","5"
"2014-08-28","-0.27","664460","664460","2594","256","166000","4"
"2014-08-25","2","332920","332920","2601","128","166460","2"
"2014-08-21","0","163200","163200","2550","64","163200","1"
"2014-08-11","2","163200","163200","2550","64","163200","1"
"2014-07-30","1.58","8480000","8480000","2500","3392","160000","53"
"2014-07-29","-7.48","1102570","1102570","2461","448","157510","7"
"2014-07-10","0","3234750","3234750","2660","1216","170250","19"
"2014-07-09","0","170245","170245","2660","64","170245","1"
"2014-07-01","-0.15","3405000","3405000","2660","1280","170250","20"
"2014-06-30","-2.02","2557800","2557800","2664","960","170520","15"
"2014-06-27","0","17400000","17400000","2719","6400","174000","100"
"2014-06-20","0","989000","989000","2719","384","174000","6"
"2014-06-16","0","870000","870000","2719","320","174000","5"
"2014-06-11","2.37","3440000","3440000","2719","1280","174000","20"
"2014-06-10","0","850000","850000","2656","320","170000","5"
"2014-06-05","0","4420000","4420000","2656","1664","170000","26"
"2014-06-04","6.84","2133700","2133700","2656","832","170000","13"
"2014-05-30","0.08","4611400","4611400","2486","1856","159100","29"
"2014-05-16","0.61","1113000","1113000","2484","448","159000","7"
"2014-05-12","-0.64","3160000","3160000","2469","1280","158000","20"
"2014-05-05","0","1747300","1747300","2485","704","159020","11"
"2014-04-22","7.53","7314920","7314920","2485","2944","159020","46"
"2014-04-18","7.49","3439750","3439750","2311","1600","147930","25"
"2014-04-17","7.5","2752200","2752200","2150","1280","137610","20"
"2014-04-14","0","12812940","12812940","2000","6400","128010","100"
"2014-04-11","0","128000","128000","2000","64","128000","1"
"2014-04-09","0","3968000","3968000","2000","1984","128000","31"
"2014-04-02","4.93","1408000","1408000","2000","704","128000","11"
"2014-04-01","7.02","12200000","12200000","1906","6400","122000","100"
"2014-03-31","0.34","342015","342015","1781","192","114005","3"
"2014-03-04","0","795235","795235","1775","448","113605","7"
"2014-03-03","0","113600","113600","1775","64","113600","1"
"2014-02-21","0.06","113600","113600","1775","64","113600","1"
"2014-02-13","0.45","340515","340515","1774","192","113505","3"
"2014-02-11","-0.45","1359535","1359535","1766","768","113000","12"
"2014-01-30","0.4","113505","113505","1774","64","113505","1"
"2014-01-16","0.97","1130600","1130600","1767","640","113060","10"
"2013-12-09","-6.96","1456000","1456000","1750","832","112000","13"
"2013-12-05","7.49","481600","481600","1881","256","120400","4"
"2013-11-28","0","224000","224000","1750","128","112000","2"
"2013-11-27","1.8","224000","224000","1750","128","112000","2"
"2013-11-25","0","110005","110005","1719","64","110005","1"
"2013-11-22","0","220000","220000","1719","128","110000","2"
"2013-11-18","0","3740000","3740000","1719","2176","110000","34"
"2013-11-14","5.27","534820","534820","1719","320","110000","5"
"2013-11-05","-5","209000","209000","1633","128","104500","2"
"2013-10-29","0","1315500","1315500","1719","768","110000","12"
"2013-10-28","4.75","2970000","2970000","1719","1728","110000","27"
"2013-10-24","-2.78","630030","630030","1641","384","105005","6"
"2013-10-23","-1.8","324000","324000","1688","192","108000","3"
"2013-10-22","0","220000","220000","1719","128","110000","2"
"2013-10-21","4.75","880000","880000","1719","512","110000","8"
"2013-10-17","0","630030","630030","1641","384","105005","6"
"2013-10-02","0","312905","312905","1641","192","105000","3"
"2013-09-26","-3.75","7035000","7035000","1641","4288","105000","67"
"2013-09-24","-7.49","1200375","1200375","1705","704","109125","11"
"2013-09-19","0","4010980","4010980","1843","2176","117970","34"
"2013-09-18","-0.86","707800","707800","1843","384","117970","6"
"2013-09-16","0","119000","119000","1859","64","119000","1"
"2013-09-12","-0.85","1428000","1428000","1859","768","119000","12"
"2013-08-27","0","1200000","1200000","1875","640","120000","10"
"2013-08-21","0","960000","960000","1875","512","120000","8"
"2013-08-12","0","960000","960000","1875","512","120000","8"
"2013-08-06","4.63","1440000","1440000","1875","768","120000","12"
"2013-07-31","-4.43","2294100","2294100","1792","1280","114705","20"
"2013-07-30","0","1320000","1320000","1875","704","120000","11"
"2013-07-26","0","1200000","1200000","1875","640","120000","10"
"2013-07-22","0","600000","600000","1875","320","120000","5"
"2013-07-10","-2.45","1080000","1080000","1875","576","120000","9"
"2013-07-09","7.25","8733000","8733000","1922","4544","123000","71"
"2013-07-05","0.39","2982330","2982330","1792","1664","114705","26"
"2013-06-20","-2.35","1713900","1713900","1785","960","114260","15"
"2013-05-23","2.01","1053000","1053000","1828","576","117000","9"
"2013-05-08","0","573525","573525","1792","320","114705","5"
"2013-05-03","-7.53","7455825","7455825","1792","4160","114705","65"
"2013-04-24","6.84","1240000","1240000","1938","640","124000","10"
"2013-04-12","7.46","928800","928800","1814","512","116100","8"
"2013-03-25","0","5508000","5508000","1688","3264","108000","51"
"2013-03-08","-5.17","1944000","1944000","1688","1152","108000","18"
"2013-03-06","7.49","2165050","2165050","1780","1216","113950","19"
"2013-02-15","7.05","1908000","1908000","1656","1152","106000","18"
"2013-02-13","6.47","1287000","1287000","1547","832","99000","13"
"2013-01-21","0","6045000","6045000","1453","4160","93000","65"
"2012-12-31","0","279000","279000","1453","192","93000","3"
"2012-12-26","0","651000","651000","1453","448","93000","7"
"2012-12-19","0","4650000","4650000","1453","3200","93000","50"
"2012-12-14","0","1674000","1674000","1453","1152","93000","18"
"2012-12-11","-7.04","930000","930000","1453","640","93000","10"
"2012-12-10","0","2800000","2800000","1563","1792","100000","28"
"2012-12-07","0","1100055","1100055","1563","704","100005","11"
"2012-12-06","0","1300000","1300000","1563","832","100000","13"
"2012-12-05","3.37","900000","900000","1563","576","100000","9"
"2012-12-03","7.54","1064250","1064250","1512","704","96750","11"
"2012-11-28","1.66","720000","720000","1406","512","90000","8"
"2012-11-19","0.58","973500","973500","1383","704","88500","11"
"2012-10-31","7.34","704000","704000","1375","512","88000","8"
"2012-10-16","2.48","6560000","6560000","1281","5120","82000","80"
"2012-09-12","-6.99","2160135","2160135","1250","1728","80005","27"
"2012-09-04","7.52","1720000","1720000","1344","1280","86000","20"
"2012-09-03","-6.99","2160000","2160000","1250","1728","80000","27"
"2012-08-31","0","258000","258000","1344","192","86000","3"
"2012-08-28","7.52","688000","688000","1344","512","86000","8"
"2012-08-23","0","160000","160000","1250","128","80000","2"
"2012-08-16","-5.87","4000000","4000000","1250","3200","80000","50"
"2012-07-30","0.08","765090","765090","1328","576","85010","9"
"2012-07-17","0","84900","84900","1327","64","84900","1"
"2012-07-03","0","169800","169800","1327","128","84900","2"
"2012-06-29","0","509400","509400","1327","384","84900","6"
"2012-06-25","0","84900","84900","1327","64","84900","1"
"2012-06-14","-5.95","4669500","4669500","1327","3520","84900","55"
"2012-05-18","7.46","722400","722400","1411","512","90300","8"
"2012-04-20","2.5","756000","756000","1313","576","84000","9"
"2012-04-05","2.48","1312080","1312080","1281","1024","82005","16"
"2012-02-23","0","800000","800000","1250","640","80000","10"
"2012-02-20","0","400000","400000","1250","320","80000","5"
"2012-02-08","0","560000","560000","1250","448","80000","7"
"2012-01-25","0","80000","80000","1250","64","80000","1"
"2012-01-24","0","720000","720000","1250","576","80000","9"
"2012-01-18","0","1040065","1040065","1250","832","80005","13"
"2012-01-13","0","800100","800100","1250","640","80010","10"
"2012-01-06","0","400050","400050","1250","320","80010","5"
"2012-01-05","-4.8","640080","640080","1250","512","80010","8"
"2011-12-19","-6.61","1008000","1008000","1313","768","84000","12"
"2011-12-16","0","90000","90000","1406","64","90000","1"
"2011-12-08","4.61","810000","810000","1406","576","90000","9"
"2011-12-06","7.52","688040","688040","1344","512","86005","8"
"2011-11-23","0","160010","160010","1250","128","80005","2"
"2011-11-22","0","400025","400025","1250","320","80005","5"
"2011-10-11","0","240015","240015","1250","192","80005","3"
"2011-10-10","0","720045","720045","1250","576","80005","9"
"2011-10-05","3.91","880055","880055","1250","704","80005","11"
"2011-08-17","0.59","1925125","1925125","1203","1600","77005","25"
"2011-08-16","-5.75","2218935","2218935","1196","1856","76515","29"
"2011-08-10","0","1380740","1380740","1269","1088","81220","17"
"2011-08-09","7.45","2436600","2436600","1269","1920","81220","30"
"2011-08-01","0.08","755550","755550","1181","640","75555","10"
"2011-07-29","0","755450","755450","1180","640","75545","10"
"2011-07-28","0.68","1133175","1133175","1180","960","75545","15"
"2011-07-27","0","750050","750050","1172","640","75005","10"
"2011-07-26","0","750050","750050","1172","640","75005","10"
"2011-07-22","-1.35","750000","750000","1172","640","75000","10"
"2011-07-21","-23.99","1292000","1292000","1188","1088","76000","17"
"2011-06-06","0","1000000","1000000","1563","640","100000","10"
"2011-06-01","0","10000000","10000000","1563","6400","100000","100"
"2011-05-27","5.32","1000000","1000000","1563","640","100000","10"
"2011-05-17","0","285000","285000","1484","192","95000","3"
"2011-05-16","0","285000","285000","1484","192","95000","3"
"2011-02-08","0","95000","95000","1484","64","95000","1"
"2011-02-04","0","1425000","1425000","1484","960","95000","15"
"2011-02-03","0","1140000","1140000","1484","768","95000","12"
"2011-02-01","0","9500000","9500000","1484","6400","95000","100"
"2011-01-31","-5.05","950000","950000","1484","640","95000","10"
"2011-01-25","0","200000","200000","1563","128","100000","2"
"2011-01-24","0","1000000","1000000","1563","640","100000","10"
"2011-01-21","0","500000","500000","1563","320","100000","5"
"2010-12-28","0","100000","100000","1563","64","100000","1"
"2010-12-01","0","10000000","10000000","1563","6400","100000","100"
"2010-11-09","0.06","16200000","16200000","1563","10368","100000","162"
"2010-11-08","-0.06","1499850","1499850","1562","960","99990","15"
"2010-10-20","0","300000","300000","1563","192","100000","3"
"2010-10-11","0","4400000","4400000","1563","2816","100000","44"
"2010-10-01","0","10000000","10000000","1563","6400","100000","100"
"2010-09-27","0","600000","600000","1563","384","100000","6"
"2010-09-21","0","800000","800000","1563","512","100000","8"
"2010-09-01","-13.79","10000000","10000000","1563","6400","100000","100"
"2010-02-01","0","580000","580000","1813","320","116000","5"
"2009-11-02","0","116000","116000","1813","64","116000","1"
"2009-09-30","0","232000","232000","1813","128","116000","2"
"2009-09-11","0","696000","696000","1813","384","116000","6"
"2009-09-04","0","116000","116000","1813","64","116000","1"
"2009-09-02","0","232000","232000","1813","128","116000","2"
"2009-09-01","0","11600000","11600000","1813","6400","116000","100"
"2009-08-31","0","232000","232000","1813","128","116000","2"
"2009-08-28","0","1392000","1392000","1813","768","116000","12"
"2009-08-27","0.89","1856000","1856000","1813","1024","116000","16"
"2009-08-24","-1.64","2529890","2529890","1797","1408","114995","22"
"2009-08-21","-2.56","1753500","1753500","1827","960","116900","15"
"2009-07-06","0","720000","720000","1875","384","120000","6"
"2009-07-01","0","12000000","12000000","1875","6400","120000","100"
"2009-06-24","-0.21","960000","960000","1875","512","120000","8"
"2009-03-12","0","481000","481000","1879","256","120250","4"
"2009-03-11","0","240500","240500","1879","128","120250","2"
"2009-02-04","0","240500","240500","1879","128","120250","2"
"2008-12-30","0","21164000","21164000","1879","11264","120250","176"
"2008-12-29","-7.48","25252500","25252500","1879","13440","120250","210"
"2008-12-24","-7.18","19500000","19500000","2031","9600","130000","150"
"2008-12-10","0","1260000","1260000","2188","576","140000","9"
"2008-12-05","0","4200000","4200000","2188","1920","140000","30"
"2008-12-01","-6.66","1400050","1400050","2188","640","140005","10"
"2008-11-21","-5.94","7500000","7500000","2344","3200","150000","50"
"2008-11-07","0","4625500","4625500","2492","1856","159500","29"
"2008-10-24","0","5742000","5742000","2492","2304","159500","36"
"2008-10-23","0","957000","957000","2492","384","159500","6"
"2008-10-22","1.38","1595000","1595000","2492","640","159500","10"
"2008-10-06","0","4719900","4719900","2458","1920","157330","30"
"2008-10-02","-1.36","2517280","2517280","2458","1024","157330","16"
"2008-10-01","1.38","15950000","15950000","2492","6400","159500","100"
"2008-09-22","0","157330","157330","2458","64","157330","1"
"2008-09-18","0","314660","314660","2458","128","157330","2"
"2008-09-12","0","3461260","3461260","2458","1408","157330","22"
"2008-09-11","0","157330","157330","2458","64","157330","1"
"2008-09-08","0","3461260","3461260","2458","1408","157330","22"
"2008-09-01","0","2359950","2359950","2458","960","157330","15"
"2008-08-13","0","1573300","1573300","2458","640","157330","10"
"2008-08-12","0","943980","943980","2458","384","157330","6"
"2008-08-08","0","1573300","1573300","2458","640","157330","10"
"2008-08-01","0","15733000","15733000","2458","6400","157330","100"
"2008-07-31","4.86","1887900","1887900","2458","768","157325","12"
"2008-07-30","0","13950000","13950000","2344","5952","150000","93"
"2008-07-28","3.44","1650000","1650000","2344","704","150000","11"
"2008-07-24","3.56","2610000","2610000","2266","1152","145000","18"
"2008-07-17","0","3220230","3220230","2188","1472","140010","23"
"2008-07-10","-6.3","2520090","2520090","2188","1152","140005","18"
"2008-07-09","0","149425","149425","2335","64","149425","1"
"2008-07-08","7.5","3586200","3586200","2335","1536","149425","24"
"2008-07-07","6.94","1390000","1390000","2172","640","139000","10"
"2008-07-04","6.67","2470000","2470000","2031","1216","130000","19"
"2008-07-03","7.51","1583725","1583725","1904","832","121825","13"
"2008-07-02","7.53","1133300","1133300","1771","640","113330","10"
"2008-07-01","7.51","1265100","1265100","1647","768","105425","12"
"2008-06-27","7.51","1471050","1471050","1532","960","98070","15"
"2008-06-24","15.48","912300","912300","1425","640","91230","10"
"2008-06-18","7.49","631560","631560","1234","512","78945","8"
"2008-06-17","7.49","734400","734400","1148","640","73440","10"
"2008-06-16","24.33","1571360","1571360","1068","1472","68320","23"
"2008-05-08","0","55000","55000","859","64","55000","1"
"2008-04-18","0","55000","55000","859","64","55000","1"
"2008-04-01","0","5500000","5500000","859","6400","55000","100"
"2008-02-08","0","55000","55000","859","64","55000","1"
"2008-02-01","0","5500000","5500000","859","6400","55000","100"
"2008-01-17","0","55000","55000","859","64","55000","1"
"2008-01-16","0.82","3795000","3795000","859","4416","55000","69"
"2008-01-11","0","163545","163545","852","192","54515","3"
"2007-11-30","1.43","436120","436120","852","512","54515","8"
"2007-11-14","0","161250","161250","840","192","53750","3"
"2007-11-13","0","1505000","1505000","840","1792","53750","28"
"2007-11-06","0","107500","107500","840","128","53750","2"
"2007-10-25","7.55","2150000","2150000","840","2560","53750","40"
"2007-10-24","0","500000","500000","781","640","50000","10"
"2007-10-10","-7.02","100000","100000","781","128","50000","2"
"2007-10-01","7.55","5375000","5375000","840","6400","53750","100"
"2007-09-28","0","450000","450000","781","576","50000","9"
"2007-09-21","0","250025","250025","781","320","50005","5"
"2007-09-19","1.17","5150515","5150515","781","6592","50005","103"
"2007-09-18","7.37","12053600","12053600","772","15616","49400","244"
"2007-07-26","1.13","920500","920500","719","1280","46025","20"
"2007-04-30","0","45500","45500","711","64","45500","1"
"2007-04-27","0","6142500","6142500","711","8640","45500","135"
"2007-03-26","0","455000","455000","711","640","45500","10"
"2007-03-23","0","728000","728000","711","1024","45500","16"
"2007-03-01","1.14","4550000","4550000","711","6400","45500","100"
"2007-02-28","0","225000","225000","703","320","45000","5"
"2007-02-12","0","2025000","2025000","703","2880","45000","45"
"2007-02-01","-2.23","4500000","4500000","703","6400","45000","100"
"2007-01-19","0","3220000","3220000","719","4480","46000","70"
"2007-01-12","0","16100000","16100000","719","22400","46000","350"
"2006-11-28","0","920000","920000","719","1280","46000","20"
"2006-11-13","0.84","690000","690000","719","960","46000","15"
"2006-11-08","0","2280000","2280000","713","3200","45600","50"
"2006-10-31","0.28","456000","456000","713","640","45600","10"
"2006-10-26","20.92","500500","500500","711","704","45500","11"
"2006-09-11","0","188000","188000","588","320","37600","5"
"2006-09-01","0","3760000","3760000","588","6400","37600","100"
"2006-08-31","0","112800","112800","588","192","37600","3"
"2006-08-23","0","300800","300800","588","512","37600","8"
"2006-08-01","1.73","3760000","3760000","588","6400","37600","100"
"2006-07-03","0.87","518000","518000","578","896","37000","14"
"2006-06-19","0","293240","293240","573","512","36655","8"
"2006-06-01","0.35","3665500","3665500","573","6400","36655","100"
"2006-05-29","2.7","292400","292400","571","512","36550","8"
"2006-05-09","0","1068000","1068000","556","1920","35600","30"
"2006-05-08","0.18","356000","356000","556","640","35600","10"
"2006-04-25","0","177500","177500","555","320","35500","5"
"2006-03-29","0","35500","35500","555","64","35500","1"
"2006-03-21","0","71000","71000","555","128","35500","2"
"2006-03-15","0","426000","426000","555","768","35500","12"
"2006-03-01","1.46","3550000","3550000","555","6400","35500","100"
"2006-02-22","0","35000","35000","547","64","35000","1"
"2006-02-21","0","1050000","1050000","547","1920","35000","30"
"2006-02-20","0","35000","35000","547","64","35000","1"
"2006-02-15","0","210000","210000","547","384","35000","6"
"2006-02-07","0","2450000","2450000","547","4480","35000","70"
"2006-02-01","0","3500000","3500000","547","6400","35000","100"
"2005-12-30","0","54635000","54635000","547","99904","35000","1561"
"2005-12-29","1.3","17255000","17255000","547","31552","35000","493"
"2005-11-07","0","172750","172750","540","320","34550","5"
"2005-11-04","0","172750","172750","540","320","34550","5"
"2005-10-20","0","34550","34550","540","64","34550","1"
"2005-10-19","0","656450","656450","540","1216","34550","19"
"2005-09-09","0","172750","172750","540","320","34550","5"
"2005-08-19","-10.45","138200","138200","540","256","34550","4"
"2005-06-13","0","38600","38600","603","64","38600","1"
"2005-06-01","0","38600","38600","603","64","38600","1"
"2005-05-18","0","38600","38600","603","64","38600","1"
"2005-05-17","0","38600","38600","603","64","38600","1"
"2005-04-29","0","38600","38600","603","64","38600","1"
"2005-04-14","0","501800","501800","603","832","38600","13"
"2005-02-18","0","386000","386000","603","640","38600","10"
"2005-01-25","0","2702000","2702000","603","4480","38600","70"
"2005-01-07","-7.52","3705600","3705600","603","6144","38600","96"
"2004-12-21","0","83430","83430","652","128","41715","2"
"2004-09-29","0","208575","208575","652","320","41715","5"
"2004-09-07","-7.52","792585","792585","652","1216","41715","19"
"2004-08-24","0","180380","180380","705","256","45095","4"
"2004-08-19","0","45095","45095","705","64","45095","1"
"2004-07-20","0","4554595","4554595","705","6464","45095","101"
"2004-07-19","-1.95","1984180","1984180","705","2816","45095","44"
"2004-07-14","0","230000","230000","719","320","46000","5"
"2004-05-28","0","46000","46000","719","64","46000","1"
"2004-05-12","0","460000","460000","719","640","46000","10"
"2004-05-11","0","920000","920000","719","1280","46000","20"
"2004-05-07","0","1840000","1840000","719","2560","46000","40"
"2004-05-06","0.14","61870000","61870000","719","86080","46000","1345"
"2004-05-05","7.49","413640","413640","718","576","45960","9"
"2004-05-04","7.57","769590","769590","668","1152","42755","18"
"2004-05-03","7.44","1233025","1233025","621","1984","39775","31"
"2004-03-01","0","37000","37000","578","64","37000","1"
"2004-02-24","0","2886000","2886000","578","4992","37000","78"
"2004-02-12","0","185000","185000","578","320","37000","5"
"2004-02-09","-0.34","444000","444000","578","768","37000","12"
"2004-01-21","0","1669500","1669500","580","2880","37100","45"
"2003-12-18","0","371000","371000","580","640","37100","10"
"2003-11-28","-1.02","371000","371000","580","640","37100","10"
"2003-11-20","1.38","4125000","4125000","586","7040","37500","110"
"2003-10-03","0","74000","74000","578","128","37000","2"
"2003-09-29","0","3441000","3441000","578","5952","37000","93"
"2003-09-26","0","259000","259000","578","448","37000","7"
"2003-09-25","0","74000","74000","578","128","37000","2"
"2003-09-23","0","3034000","3034000","578","5248","37000","82"
"2003-09-19","0","370000","370000","578","640","37000","10"
"2003-09-17","0","1110000","1110000","578","1920","37000","30"
"2003-08-12","0","740000","740000","578","1280","37000","20"
"2003-08-05","-15.99","777000","777000","578","1344","37000","21"
"2003-06-18","0","2288000","2288000","688","3328","44000","52"
"2003-04-24","0","44000","44000","688","64","44000","1"
"2003-04-17","0","924000","924000","688","1344","44000","21"
"2003-03-26","0","352000","352000","688","512","44000","8"
"2003-03-24","0","308000","308000","688","448","44000","7"
"2003-03-07","0","220000","220000","688","320","44000","5"
"2003-01-30","0","8580000","8580000","688","12480","44000","195"
"2003-01-24","0","220000","220000","688","320","44000","5"
"2003-01-20","0","264000","264000","688","384","44000","6"
"2003-01-17","0","132000","132000","688","192","44000","3"
"2002-12-04","0","220000","220000","688","320","44000","5"
"2002-11-28","0","308000","308000","688","448","44000","7"
"2002-10-16","0","8624000","8624000","688","12544","44000","196"
"2002-10-14","0","1056120","1056120","688","1536","44005","24"
"2002-10-11","0","2068235","2068235","688","3008","44005","47"
"2002-10-08","0","880100","880100","688","1280","44005","20"
"2002-10-01","0","132000","132000","688","192","44000","3"
"2002-09-30","0","88000","88000","688","128","44000","2"
"2002-09-23","0","176000","176000","688","256","44000","4"
"2002-09-16","0","264000","264000","688","384","44000","6"
"2002-09-12","0","18480000","18480000","688","26880","44000","420"
"2002-09-10","0","264000","264000","688","384","44000","6"
"2002-08-28","0","440000","440000","688","640","44000","10"
"2002-08-27","0","132000","132000","688","192","44000","3"
"2002-08-20","0","6160000","6160000","688","8960","44000","140"
"2002-08-09","0","396000","396000","688","576","44000","9"
"2002-08-05","0","572000","572000","688","832","44000","13"
"2002-07-17","0","176000","176000","688","256","44000","4"
"2002-07-16","0","484000","484000","688","704","44000","11"
"2002-07-12","0","220000","220000","688","320","44000","5"
"2002-07-08","0","11000000","11000000","688","16000","44000","250"
"2002-06-18","0","7480000","7480000","688","10880","44000","170"
"2002-05-02","0","1012000","1012000","688","1472","44000","23"
"2002-04-08","0","44000","44000","688","64","44000","1"
"2002-03-28","0","8800000","8800000","688","12800","44000","200"
"2002-03-21","0","792000","792000","688","1152","44000","18"
"2002-03-19","0","4400000","4400000","688","6400","44000","100"
"2002-03-18","0","264000","264000","688","384","44000","6"
"2002-03-04","0","220000","220000","688","320","44000","5"
"2002-02-27","0","1760000","1760000","688","2560","44000","40"
"2002-02-26","0","836000","836000","688","1216","44000","19"
"2002-02-25","0","572000","572000","688","832","44000","13"
"2002-02-21","0","176000","176000","688","256","44000","4"
"2002-01-31","0","1540000","1540000","688","2240","44000","35"
"2002-01-30","0","660000","660000","688","960","44000","15"
"2002-01-28","0","5500000","5500000","688","8000","44000","125"
"2002-01-23","0","132000","132000","688","192","44000","3"
"2002-01-15","0","748000","748000","688","1088","44000","17"
"2002-01-11","0","220000","220000","688","320","44000","5"
"2002-01-10","0","440000","440000","688","640","44000","10"
"2001-12-26","0","440000","440000","688","640","44000","10"
"2001-12-20","0","1848000","1848000","688","2688","44000","42"
"2001-12-19","0","3080000","3080000","688","4480","44000","70"
"2001-12-17","0","1540000","1540000","688","2240","44000","35"
"2001-12-04","0","6160000","6160000","688","8960","44000","140"
"2001-11-29","0","660000","660000","688","960","44000","15"
"2001-11-16","0","1320000","1320000","688","1920","44000","30"
"2001-11-05","0","264000","264000","688","384","44000","6"
"2001-10-29","0","5940000","5940000","688","8640","44000","135"
"2001-10-26","0","88000","88000","688","128","44000","2"
"2001-10-12","0","132000","132000","688","192","44000","3"
"2001-10-05","0","220000","220000","688","320","44000","5"
"2001-10-03","0","308000","308000","688","448","44000","7"
"2001-09-19","0","2200000","2200000","688","3200","44000","50"
"2001-09-14","0","1320000","1320000","688","1920","44000","30"
"2001-09-12","0","1100000","1100000","688","1600","44000","25"
"2001-09-07","0","1760000","1760000","688","2560","44000","40"
"2001-09-05","0","33396000","33396000","688","48576","44000","759"
"2001-08-29","0","7744000","7744000","688","11264","44000","176"
"2001-08-17","0","220000","220000","688","320","44000","5"
"2001-08-13","0","2200000","2200000","688","3200","44000","50"
"2001-08-03","0","660000","660000","688","960","44000","15"
"2001-08-01","0","352000","352000","688","512","44000","8"
"2001-07-06","0","132000","132000","688","192","44000","3"
"2001-07-02","0","2200000","2200000","688","3200","44000","50"
"2001-06-27","0","968000","968000","688","1408","44000","22"
"2001-06-15","0","616000","616000","688","896","44000","14"
"2001-06-13","0","2772000","2772000","688","4032","44000","63"
"2001-06-06","0","2200000","2200000","688","3200","44000","50"
"2001-05-30","0","1056000","1056000","688","1536","44000","24"
"2001-05-23","0","2156000","2156000","688","3136","44000","49"
"2001-05-11","0","6160000","6160000","688","8960","44000","140"
"2001-05-09","0","4400000","4400000","688","6400","44000","100"
"2001-05-04","0","176000","176000","688","256","44000","4"
"2001-04-30","0","3520000","3520000","688","5120","44000","80"
"2001-04-25","0","132000","132000","688","192","44000","3"
"2001-04-23","0","176000","176000","688","256","44000","4"
"2001-04-06","0","3652000","3652000","688","5312","44000","83"
"2001-04-02","0","176000","176000","688","256","44000","4"
"2001-03-28","0","4180000","4180000","688","6080","44000","95"
"2001-03-21","0","440000","440000","688","640","44000","10"
"2001-03-09","0","352000","352000","688","512","44000","8"
"2001-03-07","0","176000","176000","688","256","44000","4"
"2001-03-02","0","440000","440000","688","640","44000","10"
"2001-02-28","0","88000","88000","688","128","44000","2"
"2001-02-12","0","440000","440000","688","640","44000","10"
"2001-02-09","0","220000","220000","688","320","44000","5"
"2001-02-07","0","1980000","1980000","688","2880","44000","45"
"2001-01-31","0","484000","484000","688","704","44000","11"
"2001-01-26","0","132000","132000","688","192","44000","3"
"2001-01-19","0","2376000","2376000","688","3456","44000","54"
"2001-01-15","0","2200000","2200000","688","3200","44000","50"
"2001-01-12","0","220000","220000","688","320","44000","5"
"2000-12-22","0","3696000","3696000","688","5376","44000","84"
"2000-12-20","0","3740000","3740000","688","5440","44000","85"
"2000-12-18","0","1716000","1716000","688","2496","44000","39"
"2000-12-15","0","880000","880000","688","1280","44000","20"
"2000-12-13","0","836000","836000","688","1216","44000","19"
"2000-12-11","0","836000","836000","688","1216","44000","19"
"2000-12-08","0","4532000","4532000","688","6592","44000","103"
"2000-12-06","0","1320000","1320000","688","1920","44000","30"
"2000-12-01","0","1408000","1408000","688","2048","44000","32"
"2000-11-29","0","2200000","2200000","688","3200","44000","50"
"2000-11-27","0","1100000","1100000","688","1600","44000","25"
"2000-11-24","0","2200000","2200000","688","3200","44000","50"
"2000-11-08","0","3344000","3344000","688","4864","44000","76"
"2000-11-06","0","2728000","2728000","688","3968","44000","62"
"2000-10-27","0","1980000","1980000","688","2880","44000","45"
"2000-09-15","0","176000","176000","688","256","44000","4"
"2000-09-13","0","220000","220000","688","320","44000","5"
"2000-08-30","0","176000","176000","688","256","44000","4"
"2000-08-25","0","88000","88000","688","128","44000","2"
"2000-08-04","0","1188000","1188000","688","1728","44000","27"
"2000-08-02","-2.13","1276000","1276000","688","1856","44000","29"
"2000-06-30","0","3148950","3148950","703","4480","44985","70"
"2000-06-23","0","584870","584870","703","832","44990","13"
"2000-06-19","0","1439840","1439840","703","2048","44995","32"
"2000-06-16","0","2204755","2204755","703","3136","44995","49"
"2000-06-09","0","15435000","15435000","703","21952","45000","343"
"2000-04-28","0","45000","45000","703","64","45000","1"
"2000-04-17","0","810000","810000","703","1152","45000","18"
"2000-03-01","0","10890000","10890000","703","15488","45000","242"
"2000-02-14","0","3825000","3825000","703","5440","45000","85"
"2000-02-11","0","8999000","8999000","703","12800","44995","200"
"2000-02-09","-0.28","945000","945000","703","1344","45000","21"
"2000-02-04","0","90200","90200","705","128","45100","2"
"2000-02-02","0","225500","225500","705","320","45100","5"
"2000-01-31","0","496100","496100","705","704","45100","11"
"2000-01-26","0.28","2255000","2255000","705","3200","45100","50"
"2000-01-21","0","8505000","8505000","703","12096","45000","189"
"2000-01-12","0","1125000","1125000","703","1600","45000","25"
"2000-01-05","0","25245000","25245000","703","35904","45000","561"
"1999-12-17","0","2025000","2025000","703","2880","45000","45"
"1999-12-15","0","180000","180000","703","256","45000","4"
"1999-12-06","0","2475000","2475000","703","3520","45000","55"
"1999-11-19","0","315000","315000","703","448","45000","7"
"1999-11-17","0","450000","450000","703","640","45000","10"
"1999-11-12","0","675000","675000","703","960","45000","15"
"1999-11-03","0","720000","720000","703","1024","45000","16"
"1999-10-27","0","135000","135000","703","192","45000","3"
"1999-10-22","0","1485000","1485000","703","2112","45000","33"
"1999-10-20","0","1845000","1845000","703","2624","45000","41"
"1999-10-13","7.33","2475000","2475000","703","3520","45000","55"
"1999-10-01","-0.3","1047500","1047500","655","1600","41900","25"
"1999-09-10","0.15","1345760","1345760","657","2048","42055","32"
"1999-09-06","0","168000","168000","656","256","42000","4"
"1999-09-03","0","210000","210000","656","320","42000","5"
"1999-09-01","-1.2","420000","420000","656","640","42000","10"
"1999-08-27","1.22","21802500","21802500","664","32832","42500","513"
"1999-08-25","0","1596000","1596000","656","2432","42000","38"
"1999-08-20","0","210000","210000","656","320","42000","5"
"1999-08-16","-4.65","2142000","2142000","656","3264","42000","51"
"1999-08-13","-7.53","55075000","55075000","688","80000","44060","1250"
"1999-08-02","-7.58","381040","381040","744","512","47630","8"
"1999-07-16","-7.47","720860","720860","805","896","51490","14"
"1999-07-14","-14.37","5566500","5566500","870","6400","55665","100"
"1999-06-25","-8.96","520400","520400","1016","512","65050","8"
"1999-04-30","-7.23","1071750","1071750","1116","960","71450","15"
"1999-04-21","-1.31","2464000","2464000","1203","2048","77000","32"
"1999-04-19","0","389975","389975","1219","320","77995","5"
"1999-04-14","0","1949875","1949875","1219","1600","77995","25"
"1999-04-02","0","2495840","2495840","1219","2048","77995","32"
"1999-03-31","0","1950000","1950000","1219","1600","78000","25"
"1999-03-29","0","1092000","1092000","1219","896","78000","14"
"1999-03-26","0","10920000","10920000","1219","8960","78000","140"
"1999-03-24","0","58500000","58500000","1219","48000","78000","750"
"1999-02-05","0","1404000","1404000","1219","1152","78000","18"
"1999-02-03","-2.48","1560000","1560000","1219","1280","78000","20"
"1999-01-08","0","880000","880000","1250","704","80000","11"
"1998-12-30","-1.26","800000","800000","1250","640","80000","10"
"1998-12-23","1.28","41067000","41067000","1266","32448","81000","507"
"1998-12-11","0","4960000","4960000","1250","3968","80000","62"
"1998-11-25","-2.42","2400000","2400000","1250","1920","80000","30"
"1998-11-02","0","20500000","20500000","1281","16000","82000","250"
"1998-10-21","4.57","5002000","5002000","1281","3904","82000","61"
"1998-10-16","0","392000","392000","1225","320","78400","5"
"1998-10-09","7.36","5096000","5096000","1225","4160","78400","65"
"1998-10-02","7.34","37230000","37230000","1141","32640","73000","510"
"1998-09-30","0.09","544000","544000","1063","512","68000","8"
"1998-09-25","5.04","339750","339750","1062","320","67950","5"
"1998-09-23","","1100155","1100155","1011","1088","64715","17"
