"Date","Variation","Valeur","Volume Devise Total","Cours Ajuste","Volume Ajuste Total","Cours Normal","Volume Normal Total"
"2026-09-09","0.6","23982920","23982920","2495","9954","2495","9954"
"2026-09-08","0","16409890","16409890","2480","6595","2480","6595"
"2026-09-07","3.33","12376320","12376320","2480","5089","2480","5089"
"2026-09-04","0","18439075","18439075","2400","7664","2400","7664"
"2026-09-03","0","45350745","45350745","2400","18839","2400","18839"
"2026-09-02","-1.44","16023630","16023630","2400","6601","2400","6601"
"2026-09-01","0.41","13804430","13804430","2435","5805","2435","5805"
"2026-08-31","-0.61","7249420","7249420","2425","2987","2425","2987"
"2026-08-28","-0.41","7881080","7881080","2440","3303","2440","3303"
"2026-08-27","-0.2","15755580","15755580","2450","6457","2450","6457"
"2026-08-26","-1.01","15507745","15507745","2455","6346","2455","6346"
"2026-08-24","0.81","10149820","10149820","2480","4144","2480","4144"
"2026-08-21","0.41","13717310","13717310","2460","5653","2460","5653"
"2026-08-20","2.08","11754630","11754630","2450","4795","2450","4795"
"2026-08-19","0","8319595","8319595","2400","3447","2400","3447"
"2026-08-18","2.13","9967085","9967085","2400","4174","2400","4174"
"2026-08-17","6.82","23128290","23128290","2350","10197","2350","10197"
"2026-08-14","0","3506250","3506250","2200","1596","2200","1596"
"2026-08-13","-2.22","12927590","12927590","2200","5842","2200","5842"
"2026-08-12","-1.53","7226795","7226795","2250","3215","2250","3215"
"2026-08-11","-0.22","9960565","9960565","2285","4425","2285","4425"
"2026-08-10","0","16988245","16988245","2290","7590","2290","7590"
"2026-08-06","-0.43","4745530","4745530","2290","2066","2290","2066"
"2026-08-05","-1.08","5564960","5564960","2300","2414","2300","2414"
"2026-08-04","0","11246295","11246295","2325","4852","2325","4852"
"2026-08-03","5.68","13087845","13087845","2325","5795","2325","5795"
"2026-07-31","0","4538300","4538300","2200","2141","2200","2141"
"2026-07-30","0.23","9947035","9947035","2200","4691","2200","4691"
"2026-07-29","2.09","9286285","9286285","2195","4364","2195","4364"
"2026-07-28","1.9","12772990","12772990","2150","6057","2150","6057"
"2026-07-27","-3.87","5670520","5670520","2110","2607","2110","2607"
"2026-07-24","-0.68","4759475","4759475","2195","2173","2195","2173"
"2026-07-23","0.23","6252820","6252820","2210","2882","2210","2882"
"2026-07-22","0.23","6765705","6765705","2205","3073","2205","3073"
"2026-07-21","4.51","8158520","8158520","2200","3711","2200","3711"
"2026-07-20","-3.88","9095755","9095755","2105","4291","2105","4291"
"2026-07-17","-0.45","12349040","12349040","2190","5734","2190","5734"
"2026-07-16","1.38","3303535","3303535","2200","1513","2200","1513"
"2026-07-15","-1.36","7455915","7455915","2170","3390","2170","3390"
"2026-07-14","0","14575760","14575760","2200","6802","2200","6802"
"2026-07-13","-0.23","7095915","7095915","2200","3227","2200","3227"
"2026-07-10","0.23","16696790","16696790","2205","7716","2205","7716"
"2026-07-09","0","16368945","16368945","2200","7403","2200","7403"
"2026-07-08","-2.87","9988345","9988345","2200","4455","2200","4455"
"2026-07-07","2.95","20006870","20006870","2265","9066","2265","9066"
"2026-07-06","0.23","8413375","8413375","2200","3698","2200","3698"
"2026-07-03","-0.23","3691435","3691435","2195","1670","2195","1670"
"2026-07-02","0.46","4842125","4842125","2200","2207","2200","2207"
"2026-07-01","1.15","4704030","4704030","2190","2147","2190","2147"
"2026-06-30","-0.23","20340390","20340390","2165","9371","2165","9371"
"2026-06-29","3.09","11518055","11518055","2170","5380","2170","5380"
"2026-06-26","-2.77","6863645","6863645","2105","3188","2105","3188"
"2026-06-25","0.23","5090075","5090075","2165","2364","2165","2364"
"2026-06-24","0","6213945","6213945","2160","2884","2160","2884"
"2026-06-23","-0.46","6834515","6834515","2160","3168","2160","3168"
"2026-06-22","0","5841055","5841055","2170","2680","2170","2680"
"2026-06-19","3.33","5741210","5741210","2170","2656","2170","2656"
"2026-06-18","0.72","2669320","2669320","2100","1275","2100","1275"
"2026-06-17","2.21","2091375","2091375","2085","1011","2085","1011"
"2026-06-16","-1.92","9415570","9415570","2040","4606","2040","4606"
"2026-06-15","0","4139445","4139445","2080","1990","2080","1990"
"2026-06-12","0.24","3963395","3963395","2080","1908","2080","1908"
"2026-06-11","0.97","11117865","11117865","2075","5582","2075","5582"
"2026-06-10","-0.96","6059130","6059130","2055","2916","2055","2916"
"2026-06-09","0","8305450","8305450","2075","4007","2075","4007"
"2026-06-08","1.97","21503820","21503820","2075","10521","2075","10521"
"2026-06-05","-1.93","5575540","5575540","2035","2700","2035","2700"
"2026-06-04","-0.95","12361205","12361205","2075","6068","2075","6068"
"2026-06-03","4.75","6252125","6252125","2095","3085","2095","3085"
"2026-06-02","4.44","14669820","14669820","2000","7486","2000","7486"
"2026-06-01","0","6677450","6677450","1915","3514","1915","3514"
"2026-05-29","0","7534270","7534270","1915","3969","1915","3969"
"2026-05-28","0.26","6466305","6466305","1915","3399","1915","3399"
"2026-05-26","-1.29","2961340","2961340","1910","1531","1910","1531"
"2026-05-22","1.84","3711550","3711550","1935","1980","1935","1980"
"2026-05-21","-2.31","8702555","8702555","1900","4616","1900","4616"
"2026-05-20","-1.52","12007975","12007975","1945","6176","1945","6176"
"2026-05-19","0","7291750","7291750","1975","3708","1975","3708"
"2026-05-18","-0.25","8555550","8555550","1975","4339","1975","4339"
"2026-05-15","-1","6063050","6063050","1980","3053","1980","3053"
"2026-05-13","3.09","8806265","8806265","2000","4436","2000","4436"
"2026-05-12","-3","7102370","7102370","1940","3609","1940","3609"
"2026-05-11","2.83","20544640","20544640","2000","10403","2000","10403"
"2026-05-08","2.64","7955695","7955695","1945","4166","1945","4166"
"2026-05-07","2.99","3867250","3867250","1895","2043","1895","2043"
"2026-05-06","-0.54","12808355","12808355","1840","6988","1840","6988"
"2026-05-05","-7.5","7905155","7905155","1850","4112","1850","4112"
"2026-05-04","1.52","6898315","6898315","2000","3463","2000","3463"
"2026-04-30","1.03","1885490","1885490","1970","964","1970","964"
"2026-04-29","0","3309600","3309600","1950","1691","1950","1691"
"2026-04-28","0","7463025","7463025","1950","3984","1950","3984"
"2026-04-27","0.52","10514895","10514895","1950","5499","1950","5499"
"2026-04-24","0","6838055","6838055","1940","3538","1940","3538"
"2026-04-23","-0.26","4505890","4505890","1940","2330","1940","2330"
"2026-04-22","-2.75","25366310","25366310","1945","13395","1945","13395"
"2026-04-21","5.54","6604545","6604545","2000","3336","2000","3336"
"2026-04-20","0.26","10104265","10104265","1895","5347","1895","5347"
"2026-04-17","-5.03","8956335","8956335","1890","4722","1890","4722"
"2026-04-16","-0.5","19353930","19353930","1990","10063","1990","10063"
"2026-04-15","-2.44","12669920","12669920","2000","6324","2000","6324"
"2026-04-14","-4.65","9722310","9722310","2050","4748","2050","4748"
"2026-04-13","-1.83","10136195","10136195","2150","4690","2150","4690"
"2026-04-10","0.23","16937135","16937135","2190","7963","2190","7963"
"2026-04-09","0","6453795","6453795","2185","2962","2185","2962"
"2026-04-08","-0.23","4505240","4505240","2185","2057","2185","2057"
"2026-04-07","-0.45","6616355","6616355","2190","3009","2190","3009"
"2026-04-03","1.38","3965960","3965960","2200","1819","2200","1819"
"2026-04-02","-0.69","4906485","4906485","2170","2255","2170","2255"
"2026-04-01","-0.23","17854515","17854515","2185","8217","2185","8217"
"2026-03-31","-0.45","5986900","5986900","2190","2734","2190","2734"
"2026-03-30","1.38","15015125","15015125","2200","6790","2200","6790"
"2026-03-27","-2.91","11064070","11064070","2170","4966","2170","4966"
"2026-03-26","1.59","4215310","4215310","2235","1904","2235","1904"
"2026-03-25","1.15","9422545","9422545","2200","4290","2200","4290"
"2026-03-24","1.16","7597560","7597560","2175","3513","2175","3513"
"2026-03-23","-2.27","4755575","4755575","2150","2180","2150","2180"
"2026-03-19","0.46","9838355","9838355","2200","4517","2200","4517"
"2026-03-18","-0.23","4745380","4745380","2190","2172","2190","2172"
"2026-03-17","-0.23","22790415","22790415","2195","10456","2195","10456"
"2026-03-13","0","16356885","16356885","2200","7429","2200","7429"
"2026-03-12","-2.22","13724040","13724040","2200","6138","2200","6138"
"2026-03-11","0","14956065","14956065","2250","6749","2250","6749"
"2026-03-10","2.27","61569645","61569645","2250","28882","2250","28882"
"2026-03-09","-1.79","30706995","30706995","2200","13962","2200","13962"
"2026-03-06","-3.66","45840660","45840660","2240","20217","2240","20217"
"2026-03-05","-7.37","70423200","70423200","2325","28404","2325","28404"
"2026-03-04","7.49","70103000","70103000","2510","28022","2510","28022"
"2026-03-03","7.36","19022090","19022090","2335","8154","2335","8154"
"2026-03-02","7.41","40943200","40943200","2175","19611","2175","19611"
"2026-02-27","4.38","21829910","21829910","2025","10893","2025","10893"
"2026-02-26","1.04","10404070","10404070","1940","5454","1940","5454"
"2026-02-25","2.13","26059160","26059160","1920","14021","1920","14021"
"2026-02-24","0","23997690","23997690","1880","13191","1880","13191"
"2026-02-23","6.82","39695260","39695260","1880","22896","1880","22896"
"2026-02-20","0","22943255","22943255","1760","13025","1760","13025"
"2026-02-19","2.03","5560500","5560500","1760","3214","1760","3214"
"2026-02-18","0","8389815","8389815","1725","4874","1725","4874"
"2026-02-17","-0.29","5392620","5392620","1725","3116","1725","3116"
"2026-02-16","1.76","22106860","22106860","1730","13050","1730","13050"
"2026-02-13","-1.16","8621550","8621550","1700","5077","1700","5077"
"2026-02-12","-2.27","32989875","32989875","1720","19483","1720","19483"
"2026-02-11","0.57","6246420","6246420","1760","3518","1760","3518"
"2026-02-10","-2.78","13039070","13039070","1750","7394","1750","7394"
"2026-02-09","3.45","7435795","7435795","1800","4187","1800","4187"
"2026-02-06","2.35","11959320","11959320","1740","7020","1740","7020"
"2026-02-05","2.41","8145245","8145245","1700","4820","1700","4820"
"2026-02-04","1.84","4452195","4452195","1660","2698","1660","2698"
"2026-02-03","0","5514415","5514415","1630","3376","1630","3376"
"2026-02-02","-2.1","8664240","8664240","1630","5288","1630","5288"
"2026-01-30","4.39","12308165","12308165","1665","7609","1665","7609"
"2026-01-29","1.27","18494845","18494845","1595","11740","1595","11740"
"2026-01-28","0.96","5949275","5949275","1575","3800","1575","3800"
"2026-01-27","-1.58","34613685","34613685","1560","22603","1560","22603"
"2026-01-26","-0.94","8713935","8713935","1585","5505","1585","5505"
"2026-01-23","-2.44","5795280","5795280","1600","3627","1600","3627"
"2026-01-22","4.46","6212435","6212435","1640","3929","1640","3929"
"2026-01-21","1.62","5508680","5508680","1570","3515","1570","3515"
"2026-01-20","0","4923615","4923615","1545","3182","1545","3182"
"2026-01-19","0","3029685","3029685","1545","1961","1545","1961"
"2026-01-16","0","6636465","6636465","1545","4321","1545","4321"
"2026-01-15","0","2336355","2336355","1545","1552","1545","1552"
"2026-01-14","1.64","5659240","5659240","1545","3705","1545","3705"
"2026-01-13","-0.33","4119630","4119630","1520","2706","1520","2706"
"2026-01-12","-1.29","2909325","2909325","1525","1889","1525","1889"
"2026-01-09","-0.32","3993530","3993530","1545","2586","1545","2586"
"2026-01-08","0","6581455","6581455","1550","4267","1550","4267"
"2026-01-07","4.73","5995655","5995655","1550","4020","1550","4020"
"2026-01-06","4.96","1122095","1122095","1480","771","1480","771"
"2026-01-05","-1.74","3504000","3504000","1410","2441","1410","2441"
"2026-01-02","-0.69","1863130","1863130","1435","1304","1435","1304"
"2025-12-31","0","2957635","2957635","1445","2042","1445","2042"
"2025-12-30","3.21","18226405","18226405","1445","12615","1445","12615"
"2025-12-29","3.7","10837630","10837630","1400","7945","1400","7945"
"2025-12-26","0","3121005","3121005","1350","2314","1350","2314"
"2025-12-24","2.66","3180805","3180805","1350","2386","1350","2386"
"2025-12-23","-6.74","4019395","4019395","1315","2891","1315","2891"
"2025-12-22","-5.37","2492290","2492290","1410","1761","1410","1761"
"2025-12-19","-0.67","746560","746560","1490","498","1490","498"
"2025-12-18","0","3978520","3978520","1500","2703","1500","2703"
"2025-12-17","0","4338955","4338955","1500","2903","1500","2903"
"2025-12-16","-3.85","2203840","2203840","1500","1456","1500","1456"
"2025-12-15","0.65","14916120","14916120","1560","9638","1560","9638"
"2025-12-12","0","1542045","1542045","1550","990","1550","990"
"2025-12-11","-0.96","7409405","7409405","1550","4756","1550","4756"
"2025-12-10","0.64","1257915","1257915","1565","806","1565","806"
"2025-12-09","0.32","14362160","14362160","1555","9271","1555","9271"
"2025-12-08","0.65","7449140","7449140","1550","4809","1550","4809"
"2025-12-05","-1.6","3232125","3232125","1540","2075","1540","2075"
"2025-12-04","1.62","7254830","7254830","1565","4570","1565","4570"
"2025-12-03","1.32","5270340","5270340","1540","3422","1540","3422"
"2025-12-02","-1.94","3471915","3471915","1520","2295","1520","2295"
"2025-12-01","1.97","5564695","5564695","1550","3662","1550","3662"
"2025-11-28","-1.62","3748485","3748485","1520","2454","1520","2454"
"2025-11-27","0.98","7395240","7395240","1545","4808","1545","4808"
"2025-11-26","1.32","14518355","14518355","1530","9605","1530","9605"
"2025-11-25","-3.82","19333490","19333490","1510","12820","1510","12820"
"2025-11-24","3.97","36824215","36824215","1570","23187","1570","23187"
"2025-11-21","7.47","19166430","19166430","1510","12693","1510","12693"
"2025-11-20","7.25","39957225","39957225","1405","29389","1405","29389"
"2025-11-19","0.38","3198490","3198490","1310","2454","1310","2454"
"2025-11-18","1.16","3057275","3057275","1305","2327","1305","2327"
"2025-11-17","4.45","6555955","6555955","1290","5191","1290","5191"
"2025-11-14","0","4339345","4339345","1235","3511","1235","3511"
"2025-11-13","0","13174090","13174090","1235","10612","1235","10612"
"2025-11-12","-0.4","4635770","4635770","1235","3775","1235","3775"
"2025-11-11","0.81","3507760","3507760","1240","2849","1240","2849"
"2025-11-10","5.13","8341775","8341775","1230","6961","1230","6961"
"2025-11-07","7.34","3436300","3436300","1170","3077","1170","3077"
"2025-11-06","-0.46","5175485","5175485","1090","4771","1090","4771"
"2025-11-05","-7.2","8095085","8095085","1095","7358","1095","7358"
"2025-11-04","-0.84","11044780","11044780","1180","9420","1180","9420"
"2025-11-03","-0.83","8982050","8982050","1190","7476","1190","7476"
"2025-10-31","0","2746550","2746550","1200","2289","1200","2289"
"2025-10-30","0.84","8052820","8052820","1200","6632","1200","6632"
"2025-10-29","0","2295505","2295505","1190","1928","1190","1928"
"2025-10-28","0.42","4273705","4273705","1190","3624","1190","3624"
"2025-10-27","-0.42","10475210","10475210","1185","8870","1185","8870"
"2025-10-24","-4.8","5357615","5357615","1190","4462","1190","4462"
"2025-10-23","-0.79","6479010","6479010","1250","5263","1250","5263"
"2025-10-22","0.8","2112535","2112535","1260","1685","1260","1685"
"2025-10-21","1.63","3126040","3126040","1250","2514","1250","2514"
"2025-10-20","-7.52","4854645","4854645","1230","3890","1230","3890"
"2025-10-17","-3.62","55765910","55765910","1330","40893","1330","40893"
"2025-10-16","0.36","3863000","3863000","1380","2800","1380","2800"
"2025-10-15","7","5646330","5646330","1375","4150","1375","4150"
"2025-10-14","-1.15","8424940","8424940","1285","6528","1285","6528"
"2025-10-13","1.17","4107455","4107455","1300","3187","1300","3187"
"2025-10-10","-0.39","3332530","3332530","1285","2661","1285","2661"
"2025-10-09","1.18","8925200","8925200","1290","6941","1290","6941"
"2025-10-08","-0.39","2194780","2194780","1275","1750","1275","1750"
"2025-10-07","0.39","22399545","22399545","1280","17470","1280","17470"
"2025-10-06","2.41","5063920","5063920","1275","4062","1275","4062"
"2025-10-03","0","3852270","3852270","1245","3086","1245","3086"
"2025-10-02","0.81","5962445","5962445","1245","4814","1245","4814"
"2025-10-01","2.92","5381380","5381380","1235","4351","1235","4351"
"2025-09-30","0.42","23920980","23920980","1200","20006","1200","20006"
"2025-09-29","1.27","4501125","4501125","1195","3772","1195","3772"
"2025-09-26","0.43","14145495","14145495","1180","12035","1180","12035"
"2025-09-25","0","9747655","9747655","1175","8266","1175","8266"
"2025-09-24","-0.42","8869460","8869460","1175","7540","1175","7540"
"2025-09-23","0.43","8193760","8193760","1180","6961","1180","6961"
"2025-09-22","-0.42","11810450","11810450","1175","10038","1175","10038"
"2025-09-19","0","2760840","2760840","1180","2346","1180","2346"
"2025-09-18","0","2113190","2113190","1180","1793","1180","1793"
"2025-09-17","0","3446375","3446375","1180","2928","1180","2928"
"2025-09-16","0","1450380","1450380","1180","1231","1180","1231"
"2025-09-15","0","1724140","1724140","1180","1462","1180","1462"
"2025-09-12","3.51","699215","699215","1180","591","1180","591"
"2025-09-11","-0.87","29660925","29660925","1140","25116","1140","25116"
"2025-09-10","0","14095040","14095040","1150","11850","1150","11850"
"2025-09-09","0","3197785","3197785","1150","2815","1150","2815"
"2025-09-08","2.68","6439615","6439615","1150","5729","1150","5729"
"2025-09-05","0","8329340","8329340","1120","7301","1120","7301"
"2025-09-03","-1.32","4826240","4826240","1120","4244","1120","4244"
"2025-09-02","0","10164090","10164090","1135","8894","1135","8894"
"2025-09-01","-1.3","2878225","2878225","1135","2519","1135","2519"
"2025-08-29","0","17630820","17630820","1150","15021","1150","15021"
"2025-08-28","0","2866930","2866930","1150","2493","1150","2493"
"2025-08-27","0","5177615","5177615","1150","4535","1150","4535"
"2025-08-26","0","9246540","9246540","1150","8046","1150","8046"
"2025-08-25","-2.13","6231850","6231850","1150","5363","1150","5363"
"2025-08-22","2.17","1631365","1631365","1175","1394","1175","1394"
"2025-08-21","-0.43","4626695","4626695","1150","4011","1150","4011"
"2025-08-20","0","1460420","1460420","1155","1255","1155","1255"
"2025-08-19","-2.53","6677565","6677565","1155","5684","1155","5684"
"2025-08-18","-0.42","8822780","8822780","1185","7469","1185","7469"
"2025-08-14","-0.83","6366270","6366270","1190","5306","1190","5306"
"2025-08-13","5.73","9214600","9214600","1200","7999","1200","7999"
"2025-08-12","0","11723980","11723980","1135","10343","1135","10343"
"2025-08-11","0","14816130","14816130","1135","12963","1135","12963"
"2025-08-08","5.09","12788715","12788715","1135","11776","1135","11776"
"2025-08-06","3.35","3001980","3001980","1080","2814","1080","2814"
"2025-08-05","0","12199665","12199665","1045","11684","1045","11684"
"2025-08-04","0.97","6427710","6427710","1045","6181","1045","6181"
"2025-08-01","0","4402425","4402425","1035","4270","1035","4270"
"2025-07-31","2.48","1912325","1912325","1035","1890","1035","1890"
"2025-07-30","3.06","2278385","2278385","1010","2188","1010","2188"
"2025-07-29","-2","19522080","19522080","980","19498","980","19498"
"2025-07-28","0","20137780","20137780","1000","20205","1000","20205"
"2025-07-25","0","3936750","3936750","1000","3937","1000","3937"
"2025-07-24","-1.48","11191595","11191595","1000","11247","1000","11247"
"2025-07-23","2.53","6270070","6270070","1015","6297","1015","6297"
"2025-07-22","-1.98","9280645","9280645","990","9322","990","9322"
"2025-07-21","-0.49","6177845","6177845","1010","6094","1010","6094"
"2025-07-18","-2.4","644050","644050","1015","630","1015","630"
"2025-07-17","0","1036970","1036970","1040","1007","1040","1007"
"2025-07-16","-0.48","2841350","2841350","1040","2800","1040","2800"
"2025-07-15","0","2666815","2666815","1045","2561","1045","2561"
"2025-07-14","0","2237155","2237155","1045","2149","1045","2149"
"2025-07-11","0.48","6329420","6329420","1045","6053","1045","6053"
"2025-07-10","-2.35","5896035","5896035","1040","5538","1040","5538"
"2025-07-09","3.4","6208060","6208060","1065","5871","1065","5871"
"2025-07-08","-1.44","15202680","15202680","1030","14641","1030","14641"
"2025-07-07","-1.88","1236795","1236795","1045","1201","1045","1201"
"2025-07-04","0","690995","690995","1065","652","1065","652"
"2025-07-03","-0.93","1780250","1780250","1065","1671","1065","1671"
"2025-07-02","0","1446960","1446960","1075","1342","1075","1342"
"2025-07-01","0.94","6059595","6059595","1075","5627","1075","5627"
"2025-06-30","0","4382705","4382705","1065","4117","1065","4117"
"2025-06-27","0.47","5964125","5964125","1065","5599","1065","5599"
"2025-06-26","4.43","1167710","1167710","1060","1134","1060","1134"
"2025-06-25","-3.79","2041505","2041505","1015","1945","1015","1945"
"2025-06-24","-3.21","2738125","2738125","1055","2526","1055","2526"
"2025-06-23","0","1622065","1622065","1090","1487","1090","1487"
"2025-06-20","0","1660640","1660640","1090","1536","1090","1536"
"2025-06-19","1.4","3249505","3249505","1090","3023","1090","3023"
"2025-06-18","7.5","3065270","3065270","1075","2960","1075","2960"
"2025-06-17","0","6135810","6135810","1000","6119","1000","6119"
"2025-06-16","0.5","1814660","1814660","1000","1815","1000","1815"
"2025-06-13","0.51","5376515","5376515","995","5405","995","5405"
"2025-06-12","1.02","2784605","2784605","990","2807","990","2807"
"2025-06-11","0","13706795","13706795","980","13991","980","13991"
"2025-06-10","0","15861820","15861820","980","16233","980","16233"
"2025-06-05","0","616625","616625","980","630","980","630"
"2025-06-04","2.08","3142415","3142415","980","3226","980","3226"
"2025-06-03","-1.03","2107905","2107905","960","2174","960","2174"
"2025-06-02","0","5643955","5643955","970","5833","970","5833"
"2025-05-30","-0.51","3973840","3973840","970","4125","970","4125"
"2025-05-28","0.52","4032515","4032515","975","4168","975","4168"
"2025-05-27","-1.02","3718340","3718340","970","3910","970","3910"
"2025-05-26","3.16","9157220","9157220","980","9635","980","9635"
"2025-05-23","0","6502445","6502445","950","6879","950","6879"
"2025-05-22","-1.04","1730090","1730090","950","1822","950","1822"
"2025-05-21","-3.52","1995890","1995890","960","2022","960","2022"
"2025-05-20","3.65","8428135","8428135","995","9151","995","9151"
"2025-05-19","1.05","11323175","11323175","960","11667","960","11667"
"2025-05-16","0","779025","779025","950","820","950","820"
"2025-05-15","2.7","2884100","2884100","950","3102","950","3102"
"2025-05-14","-2.12","2313615","2313615","925","2498","925","2498"
"2025-05-13","0","2619120","2619120","945","2847","945","2847"
"2025-05-12","0.53","5321750","5321750","945","5612","945","5612"
"2025-05-09","1.62","1202275","1202275","940","1288","940","1288"
"2025-05-08","0.54","3468720","3468720","925","3738","925","3738"
"2025-05-07","0","934935","934935","920","1014","920","1014"
"2025-05-06","-0.54","32950985","32950985","920","35808","920","35808"
"2025-05-05","-0.54","1308015","1308015","925","1420","925","1420"
"2025-05-02","0","819330","819330","930","881","930","881"
"2025-04-30","-2.11","1121940","1121940","930","1203","930","1203"
"2025-04-29","2.15","2295490","2295490","950","2478","950","2478"
"2025-04-28","2.2","1464220","1464220","930","1584","930","1584"
"2025-04-25","0","1922865","1922865","910","2107","910","2107"
"2025-04-24","-1.62","592605","592605","910","649","910","649"
"2025-04-23","1.65","3855740","3855740","925","4202","925","4202"
"2025-04-22","-1.09","3338260","3338260","910","3654","910","3654"
"2025-04-18","0","1348975","1348975","920","1486","920","1486"
"2025-04-17","-0.54","1971425","1971425","920","2152","920","2152"
"2025-04-16","2.78","425820","425820","925","463","925","463"
"2025-04-15","-2.7","4635930","4635930","900","5138","900","5138"
"2025-04-14","0","1979285","1979285","925","2186","925","2186"
"2025-04-11","1.65","3571055","3571055","925","3934","925","3934"
"2025-04-10","0","1033500","1033500","910","1133","910","1133"
"2025-04-09","-4.21","1534960","1534960","910","1657","910","1657"
"2025-04-08","-0.52","7837180","7837180","950","8120","950","8120"
"2025-04-07","0","1118750","1118750","955","1174","955","1174"
"2025-04-04","-2.05","1914410","1914410","955","1988","955","1988"
"2025-04-03","2.63","1065110","1065110","975","1120","975","1120"
"2025-04-02","0","1014225","1014225","950","1056","950","1056"
"2025-04-01","-2.56","945065","945065","950","988","950","988"
"2025-03-28","1.04","5394165","5394165","975","5613","975","5613"
"2025-03-26","0","2191240","2191240","965","2328","965","2328"
"2025-03-25","0","1225675","1225675","965","1257","965","1257"
"2025-03-24","-2.53","1425135","1425135","965","1461","965","1461"
"2025-03-21","-1","2144435","2144435","990","2175","990","2175"
"2025-03-20","0","2793565","2793565","1000","2797","1000","2797"
"2025-03-19","0","2914040","2914040","1000","2951","1000","2951"
"2025-03-18","2.04","1021785","1021785","1000","1019","1000","1019"
"2025-03-17","-3.45","39947755","39947755","980","41969","980","41969"
"2025-03-14","0","8763145","8763145","1015","9053","1015","9053"
"2025-03-13","-0.49","5721380","5721380","1015","5957","1015","5957"
"2025-03-12","0","1366795","1366795","1020","1347","1020","1347"
"2025-03-11","2.51","5553890","5553890","1020","5571","1020","5571"
"2025-03-10","-1","11199560","11199560","995","11058","995","11058"
"2025-03-07","5.24","9782945","9782945","1005","9771","1005","9771"
"2025-03-06","0.53","5109900","5109900","955","5379","955","5379"
"2025-03-05","2.15","2374955","2374955","950","2584","950","2584"
"2025-03-04","2.76","581600","581600","930","637","930","637"
"2025-03-03","0","5307520","5307520","905","5847","905","5847"
"2025-02-28","0.56","2083300","2083300","905","2309","905","2309"
"2025-02-27","-0.55","1329380","1329380","900","1474","900","1474"
"2025-02-26","0","3516885","3516885","905","3902","905","3902"
"2025-02-25","0","904120","904120","905","1007","905","1007"
"2025-02-24","1.12","3526960","3526960","905","3932","905","3932"
"2025-02-21","0","1145880","1145880","895","1278","895","1278"
"2025-02-20","0.56","250590","250590","895","280","895","280"
"2025-02-19","-0.56","732020","732020","890","820","890","820"
"2025-02-18","1.7","1204300","1204300","895","1358","895","1358"
"2025-02-17","-1.68","716045","716045","880","810","880","810"
"2025-02-14","1.7","5635085","5635085","895","6336","895","6336"
"2025-02-13","0","2199850","2199850","880","2500","880","2500"
"2025-02-12","0.57","1455495","1455495","880","1661","880","1661"
"2025-02-11","-1.69","712760","712760","875","811","875","811"
"2025-02-10","0","548205","548205","890","613","890","613"
"2025-02-07","1.14","638910","638910","890","721","890","721"
"2025-02-06","0","843280","843280","880","961","880","961"
"2025-02-05","1.73","2457585","2457585","880","2830","880","2830"
"2025-02-04","-0.57","809900","809900","865","944","865","944"
"2025-02-03","-2.25","667065","667065","870","760","870","760"
"2025-01-31","1.71","2324740","2324740","890","2599","890","2599"
"2025-01-30","0.57","867850","867850","875","1009","875","1009"
"2025-01-29","0.58","2733780","2733780","870","3271","870","3271"
"2025-01-28","0.58","969140","969140","865","1124","865","1124"
"2025-01-27","0","1208200","1208200","860","1405","860","1405"
"2025-01-24","1.18","485610","485610","860","567","860","567"
"2025-01-23","0","754410","754410","850","883","850","883"
"2025-01-22","0","433685","433685","850","508","850","508"
"2025-01-21","-2.3","280105","280105","850","326","850","326"
"2025-01-20","2.35","582900","582900","870","674","870","674"
"2025-01-17","1.19","329860","329860","850","392","850","392"
"2025-01-16","0","1236840","1236840","840","1461","840","1461"
"2025-01-15","0","1050340","1050340","840","1251","840","1251"
"2025-01-14","-1.18","591810","591810","840","704","840","704"
"2025-01-13","0","273015","273015","850","323","850","323"
"2025-01-10","0","406550","406550","850","483","850","483"
"2025-01-09","1.19","3026875","3026875","850","3576","850","3576"
"2025-01-08","-1.18","3692060","3692060","840","4373","840","4373"
"2025-01-07","-1.16","1833900","1833900","850","2098","850","2098"
"2025-01-06","1.78","397075","397075","860","463","860","463"
"2025-01-03","-6.11","1061960","1061960","845","1233","845","1233"
"2025-01-02","2.27","12939840","12939840","900","14410","900","14410"
"2024-12-31","3.53","10324790","10324790","880","11763","880","11763"
"2024-12-30","0","610805","610805","850","716","850","716"
"2024-12-27","-1.16","628725","628725","850","739","850","739"
"2024-12-26","1.18","3883270","3883270","860","4567","860","4567"
"2024-12-24","0","304625","304625","850","351","850","351"
"2024-12-23","-2.86","138885","138885","850","160","850","160"
"2024-12-20","-0.57","2937115","2937115","875","3461","875","3461"
"2024-12-19","3.53","15479715","15479715","880","18199","880","18199"
"2024-12-18","-5.03","549405","549405","850","639","850","639"
"2024-12-17","5.29","5326685","5326685","895","6272","895","6272"
"2024-12-16","0","2548925","2548925","850","2998","850","2998"
"2024-12-13","-2.3","9752290","9752290","850","11453","850","11453"
"2024-12-12","-1.14","1264905","1264905","870","1454","870","1454"
"2024-12-11","0","1592960","1592960","880","1826","880","1826"
"2024-12-10","-2.22","2398155","2398155","880","2693","880","2693"
"2024-12-09","0","624885","624885","900","698","900","698"
"2024-12-06","0","1276035","1276035","900","1431","900","1431"
"2024-12-05","0.56","22148565","22148565","900","24681","900","24681"
"2024-12-04","-0.56","461665","461665","895","517","895","517"
"2024-12-03","5.26","22177025","22177025","900","24714","900","24714"
"2024-12-02","-5","1961910","1961910","855","2231","855","2231"
"2024-11-29","0","1274450","1274450","900","1422","900","1422"
"2024-11-28","-0.55","4714205","4714205","900","5237","900","5237"
"2024-11-27","0.56","18611215","18611215","905","20707","905","20707"
"2024-11-26","0","5201900","5201900","900","5838","900","5838"
"2024-11-25","0","5193765","5193765","900","5770","900","5770"
"2024-11-22","0","647100","647100","900","719","900","719"
"2024-11-21","-1.1","559360","559360","900","617","900","617"
"2024-11-20","0","2330205","2330205","910","2506","910","2506"
"2024-11-19","7.06","8088590","8088590","910","8985","910","8985"
"2024-11-18","-1.16","3030980","3030980","850","3533","850","3533"
"2024-11-14","-1.71","3576945","3576945","860","4165","860","4165"
"2024-11-13","2.34","1427450","1427450","875","1618","875","1618"
"2024-11-12","-0.58","5967915","5967915","855","6829","855","6829"
"2024-11-11","-2.27","2552375","2552375","860","2923","860","2923"
"2024-11-08","-1.12","13598625","13598625","880","15549","880","15549"
"2024-11-07","-0.56","2394710","2394710","890","2712","890","2712"
"2024-11-06","1.13","1392645","1392645","895","1563","895","1563"
"2024-11-05","1.14","3443210","3443210","885","3931","885","3931"
"2024-11-04","-2.23","6233860","6233860","875","6984","875","6984"
"2024-10-31","1.7","1017920","1017920","895","1145","895","1145"
"2024-10-30","0","1578420","1578420","880","1782","880","1782"
"2024-10-29","0","1604010","1604010","880","1816","880","1816"
"2024-10-28","-0.56","1599995","1599995","880","1805","880","1805"
"2024-10-25","-0.56","5741755","5741755","885","6489","885","6489"
"2024-10-24","1.71","5532985","5532985","890","6229","890","6229"
"2024-10-23","-1.13","773595","773595","875","879","875","879"
"2024-10-22","0.57","10530215","10530215","885","11956","885","11956"
"2024-10-21","0","602255","602255","880","684","880","684"
"2024-10-18","0","1159015","1159015","880","1322","880","1322"
"2024-10-17","-0.56","28123865","28123865","880","31969","880","31969"
"2024-10-16","-1.12","477305","477305","885","537","885","537"
"2024-10-15","0.56","136712090","136712090","895","155347","895","155347"
"2024-10-14","0.56","1951940","1951940","890","2204","890","2204"
"2024-10-11","6.63","791815","791815","885","901","885","901"
"2024-10-10","-5.14","2157850","2157850","830","2532","830","2532"
"2024-10-09","0","21005255","21005255","875","25226","875","25226"
"2024-10-08","-1.69","986925","986925","875","1122","875","1122"
"2024-10-07","4.71","1586020","1586020","890","1797","890","1797"
"2024-10-04","-4.49","15109070","15109070","850","17737","850","17737"
"2024-10-03","5.33","9549980","9549980","890","11235","890","11235"
"2024-10-02","-0.59","11338365","11338365","845","13344","845","13344"
"2024-10-01","0","60098715","60098715","850","73513","850","73513"
"2024-09-30","0","1977085","1977085","850","2326","850","2326"
"2024-09-27","5.59","500280","500280","850","595","850","595"
"2024-09-26","-6.4","280765","280765","805","325","805","325"
"2024-09-25","-3.37","1192800","1192800","860","1356","860","1356"
"2024-09-24","0","2883915","2883915","890","3273","890","3273"
"2024-09-23","-1.11","1504755","1504755","890","1703","890","1703"
"2024-09-20","-1.64","1848140","1848140","900","2103","900","2103"
"2024-09-19","1.67","678015","678015","915","741","915","741"
"2024-09-18","-2.17","1438505","1438505","900","1553","900","1553"
"2024-09-17","-2.13","1245280","1245280","920","1378","920","1378"
"2024-09-16","0","49045935","49045935","940","54990","940","54990"
"2024-09-13","0","2498195","2498195","940","2715","940","2715"
"2024-09-12","2.17","6697250","6697250","940","7274","940","7274"
"2024-09-11","-0.54","1237080","1237080","920","1336","920","1336"
"2024-09-10","1.09","6787230","6787230","925","7491","925","7491"
"2024-09-09","0","5139420","5139420","915","5624","915","5624"
"2024-09-06","1.1","856545","856545","915","959","915","959"
"2024-09-05","-0.55","3791685","3791685","905","4423","905","4423"
"2024-09-04","0.55","3605465","3605465","910","4131","910","4131"
"2024-09-03","-0.55","279925","279925","905","308","905","308"
"2024-09-02","0","323960","323960","910","356","910","356"
"2024-08-30","0","341605","341605","910","376","910","376"
"2024-08-29","0","515340","515340","910","567","910","567"
"2024-08-28","0.55","245770","245770","910","271","910","271"
"2024-08-27","0.56","805880","805880","905","889","905","889"
"2024-08-26","-0.55","783865","783865","900","870","900","870"
"2024-08-23","0","216390","216390","905","240","905","240"
"2024-08-22","0","316460","316460","905","353","905","353"
"2024-08-21","0.56","10531970","10531970","905","11693","905","11693"
"2024-08-20","-1.64","2269845","2269845","900","2507","900","2507"
"2024-08-19","1.1","650920","650920","915","719","915","719"
"2024-08-16","-0.55","1693030","1693030","905","1860","905","1860"
"2024-08-14","-1.62","1488090","1488090","910","1638","910","1638"
"2024-08-13","-1.6","546530","546530","925","583","925","583"
"2024-08-12","-1.57","3816165","3816165","940","4183","940","4183"
"2024-08-09","-1.04","1902930","1902930","955","2007","955","2007"
"2024-08-08","3.21","5120945","5120945","965","5348","965","5348"
"2024-08-06","7.47","22851400","22851400","935","24440","935","24440"
"2024-08-05","7.41","14644620","14644620","870","16841","870","16841"
"2024-08-02","0","15324600","15324600","810","18925","810","18925"
"2024-08-01","-4.71","808690","808690","810","984","810","984"
"2024-07-31","0","1002880","1002880","850","1219","850","1219"
"2024-07-30","0","1495025","1495025","850","1772","850","1772"
"2024-07-29","-1.73","388160","388160","850","452","850","452"
"2024-07-26","-1.14","288935","288935","865","334","865","334"
"2024-07-25","1.16","1175375","1175375","875","1381","875","1381"
"2024-07-24","0.58","1696850","1696850","865","1988","865","1988"
"2024-07-23","0.58","515450","515450","860","599","860","599"
"2024-07-22","-2.29","631415","631415","855","729","855","729"
"2024-07-19","0.57","25370","25370","875","29","875","29"
"2024-07-18","1.75","2767970","2767970","870","3250","870","3250"
"2024-07-17","-2.29","481950","481950","855","580","855","580"
"2024-07-16","-1.69","892385","892385","875","1048","875","1048"
"2024-07-15","0.56","972995","972995","890","1099","890","1099"
"2024-07-12","-0.56","673755","673755","885","763","885","763"
"2024-07-11","1.14","2874835","2874835","890","3456","890","3456"
"2024-07-10","0","247305","247305","880","281","880","281"
"2024-07-09","-1.12","1280830","1280830","880","1447","880","1447"
"2024-07-08","4.71","1882900","1882900","890","2304","890","2304"
"2024-07-05","-2.86","1551085","1551085","850","1782","850","1782"
"2024-07-04","2.94","804805","804805","875","923","875","923"
"2024-07-03","-3.95","2064585","2064585","850","2387","850","2387"
"2024-07-02","2.91","1419045","1419045","885","1623","885","1623"
"2024-07-01","1.18","1182870","1182870","860","1382","860","1382"
"2024-06-28","1.19","685310","685310","850","811","850","811"
"2024-06-27","1.2","889890","889890","840","1064","840","1064"
"2024-06-26","1.22","930940","930940","830","1128","830","1128"
"2024-06-25","0","19723400","19723400","820","24339","820","24339"
"2024-06-24","1.23","1250835","1250835","820","1541","820","1541"
"2024-06-21","1.25","7879820","7879820","810","9721","810","9721"
"2024-06-20","-2.44","3405465","3405465","800","4225","800","4225"
"2024-06-19","0","1185330","1185330","820","1453","820","1453"
"2024-06-18","5.81","65422120","65422120","820","87094","820","87094"
"2024-06-14","0","2439625","2439625","775","3143","775","3143"
"2024-06-13","-3.13","2011130","2011130","775","2530","775","2530"
"2024-06-12","3.23","1828990","1828990","800","2303","800","2303"
"2024-06-11","6.16","3454095","3454095","775","4507","775","4507"
"2024-06-10","0","884410","884410","730","1217","730","1217"
"2024-06-07","-2.67","1686660","1686660","730","2300","730","2300"
"2024-06-06","0","184500","184500","750","246","750","246"
"2024-06-05","0","4561750","4561750","750","6220","750","6220"
"2024-06-04","1.35","573840","573840","750","770","750","770"
"2024-06-03","-4.52","1768830","1768830","740","2352","740","2352"
"2024-05-31","5.44","678380","678380","775","872","775","872"
"2024-05-30","0.68","3228445","3228445","735","4385","735","4385"
"2024-05-29","-6.41","4636850","4636850","730","6320","730","6320"
"2024-05-28","-0.64","101400","101400","780","130","780","130"
"2024-05-27","-0.63","29865","29865","785","38","785","38"
"2024-05-24","-0.63","378440","378440","790","494","790","494"
"2024-05-23","1.27","4942300","4942300","795","6631","795","6631"
"2024-05-22","0.64","468090","468090","785","599","785","599"
"2024-05-21","0","406975","406975","780","522","780","522"
"2024-05-17","0","2224970","2224970","780","2784","780","2784"
"2024-05-16","0.65","198085","198085","780","254","780","254"
"2024-05-15","0.65","530850","530850","775","685","775","685"
"2024-05-14","1.32","615325","615325","770","809","770","809"
"2024-05-13","0","395200","395200","760","520","760","520"
"2024-05-10","-1.3","866885","866885","760","1141","760","1141"
"2024-05-08","-1.28","1281910","1281910","770","1646","770","1646"
"2024-05-07","1.96","1251570","1251570","780","1621","780","1621"
"2024-05-06","0.66","1973750","1973750","765","2588","765","2588"
"2024-05-03","0","151230","151230","760","203","760","203"
"2024-05-02","0","420185","420185","760","571","760","571"
"2024-04-30","-0.65","54730","54730","760","72","760","72"
"2024-04-29","-0.65","225765","225765","765","301","765","301"
"2024-04-26","0","308000","308000","770","400","770","400"
"2024-04-25","4.05","457075","457075","770","611","770","611"
"2024-04-24","-3.9","369800","369800","740","490","740","490"
"2024-04-23","0","306375","306375","770","397","770","397"
"2024-04-22","0","706860","706860","770","918","770","918"
"2024-04-19","2.67","5919515","5919515","770","8040","770","8040"
"2024-04-18","-3.85","7556985","7556985","750","10074","750","10074"
"2024-04-17","0","8200445","8200445","780","10455","780","10455"
"2024-04-16","1.96","202800","202800","780","260","780","260"
"2024-04-15","-1.92","255585","255585","765","329","765","329"
"2024-04-12","0","191880","191880","780","246","780","246"
"2024-04-11","1.3","1649000","1649000","780","2096","780","2096"
"2024-04-09","0.65","287610","287610","770","370","770","370"
"2024-04-08","-1.29","20621140","20621140","765","26321","765","26321"
"2024-04-05","-3.13","8379530","8379530","775","10818","775","10818"
"2024-04-04","4.58","233395","233395","800","302","800","302"
"2024-04-03","-3.77","146160","146160","765","190","765","190"
"2024-04-02","0","1111900","1111900","795","1436","795","1436"
"2024-03-29","2.58","1609200","1609200","795","2100","795","2100"
"2024-03-28","0","349645","349645","775","451","775","451"
"2024-03-27","0","198400","198400","775","256","775","256"
"2024-03-26","0","5490825","5490825","775","7282","775","7282"
"2024-03-25","-3.13","283300","283300","775","358","775","358"
"2024-03-22","0","248900","248900","800","313","800","313"
"2024-03-21","3.9","2593685","2593685","800","3336","800","3336"
"2024-03-20","0.65","394235","394235","770","514","770","514"
"2024-03-19","0.66","86700","86700","765","114","765","114"
"2024-03-18","-0.65","23847575","23847575","760","31795","760","31795"
"2024-03-15","6.99","94960","94960","765","130","765","130"
"2024-03-14","-6.54","100100","100100","715","140","715","140"
"2024-03-13","6.25","48195","48195","765","63","765","63"
"2024-03-12","-5.88","24721815","24721815","720","34571","720","34571"
"2024-03-11","0","2415715","2415715","765","3326","765","3326"
"2024-03-08","3.38","103700","103700","765","140","765","140"
"2024-03-07","-3.9","1506430","1506430","740","2066","740","2066"
"2024-03-06","0","1186350","1186350","770","1572","770","1572"
"2024-03-05","0","267575","267575","770","347","770","347"
"2024-03-04","0","47740","47740","770","62","770","62"
"2024-03-01","1.99","23100","23100","770","30","770","30"
"2024-02-29","0","15100","15100","755","20","755","20"
"2024-02-28","-2.58","132260","132260","755","175","755","175"
"2024-02-27","-0.64","120250","120250","775","160","775","160"
"2024-02-26","6.85","3900","3900","780","5","780","5"
"2024-02-23","-7.01","941055","941055","730","1206","730","1206"
"2024-02-22","-1.88","39055","39055","785","50","785","50"
"2024-02-21","2.56","2152920","2152920","800","2696","800","2696"
"2024-02-20","0","455335","455335","780","612","780","612"
"2024-02-19","0","830400","830400","780","1090","780","1090"
"2024-02-16","0","434460","434460","780","557","780","557"
"2024-02-15","-3.11","484540","484540","780","618","780","618"
"2024-02-14","0","1610","1610","805","2","805","2"
"2024-02-13","6.62","149900","149900","805","190","805","190"
"2024-02-09","-6.79","4391200","4391200","755","5795","755","5795"
"2024-02-08","1.25","897700","897700","810","1110","810","1110"
"2024-02-07","-1.23","725535","725535","800","913","800","913"
"2024-02-06","0.62","820785","820785","810","1015","810","1015"
"2024-02-05","0.63","231820","231820","805","288","805","288"
"2024-02-02","0","269600","269600","800","337","800","337"
"2024-02-01","0","168800","168800","800","211","800","211"
"2024-01-31","0.63","144730","144730","800","182","800","182"
"2024-01-30","0","598980","598980","795","754","795","754"
"2024-01-29","0","226645","226645","795","287","795","287"
"2024-01-26","0.63","283505","283505","795","356","795","356"
"2024-01-25","0","245690","245690","790","311","790","311"
"2024-01-24","1.28","326500","326500","790","415","790","415"
"2024-01-23","0","275685","275685","780","354","780","354"
"2024-01-22","4","215740","215740","780","282","780","282"
"2024-01-19","0","97500","97500","750","130","750","130"
"2024-01-18","0","502950","502950","750","718","750","718"
"2024-01-17","0","400200","400200","750","538","750","538"
"2024-01-16","5.63","424110","424110","750","589","750","589"
"2024-01-15","-5.96","1160715","1160715","710","1641","710","1641"
"2024-01-12","0.67","158305","158305","755","211","755","211"
"2024-01-11","-0.66","16175615","16175615","750","20233","750","20233"
"2024-01-10","0","192405","192405","755","251","755","251"
"2024-01-09","0","151000","151000","755","200","755","200"
"2024-01-08","-3.82","391210","391210","755","506","755","506"
"2024-01-05","-0.63","273015","273015","785","346","785","346"
"2024-01-04","0","210630","210630","790","267","790","267"
"2024-01-03","0","122950","122950","790","160","790","160"
"2024-01-02","0","607835","607835","790","770","790","770"
"2023-12-29","6.04","1280365","1280365","790","1707","790","1707"
"2023-12-28","-1.97","2119285","2119285","745","2776","745","2776"
"2023-12-27","0","247000","247000","760","325","760","325"
"2023-12-26","-5","1447935","1447935","760","2043","760","2043"
"2023-12-22","-3.61","52300","52300","800","65","800","65"
"2023-12-21","0","574340","574340","830","728","830","728"
"2023-12-20","2.47","399070","399070","830","481","830","481"
"2023-12-19","-0.61","656310","656310","810","810","810","810"
"2023-12-18","0.62","52850","52850","815","65","815","65"
"2023-12-15","0","225990","225990","810","279","810","279"
"2023-12-14","0","2665770","2665770","810","3287","810","3287"
"2023-12-13","0.62","333055","333055","810","414","810","414"
"2023-12-12","-1.23","1500830","1500830","805","1861","805","1861"
"2023-12-11","0","3197470","3197470","815","3868","815","3868"
"2023-12-08","1.24","2244610","2244610","815","2786","815","2786"
"2023-12-07","0","571550","571550","805","710","805","710"
"2023-12-06","-0.62","183050","183050","805","227","805","227"
"2023-12-05","0","2582860","2582860","810","3206","810","3206"
"2023-12-04","-2.41","16200","16200","810","20","810","20"
"2023-12-01","2.47","659455","659455","830","811","830","811"
"2023-11-30","-1.22","180840","180840","810","223","810","223"
"2023-11-29","-1.2","4100","4100","820","5","820","5"
"2023-11-28","0","100430","100430","830","121","830","121"
"2023-11-27","0","472230","472230","830","581","830","581"
"2023-11-24","0","293000","293000","830","350","830","350"
"2023-11-23","-0.6","313660","313660","830","376","830","376"
"2023-11-22","0","249335","249335","835","301","835","301"
"2023-11-21","3.73","134435","134435","835","161","835","161"
"2023-11-20","0","154255","154255","805","191","805","191"
"2023-11-17","-0.62","306690","306690","805","380","805","380"
"2023-11-16","-2.99","213840","213840","810","264","810","264"
"2023-11-14","0","245490","245490","835","294","835","294"
"2023-11-13","3.73","102030","102030","835","126","835","126"
"2023-11-10","0","4985770","4985770","805","6192","805","6192"
"2023-11-09","0","11200460","11200460","805","13912","805","13912"
"2023-11-08","0","1786295","1786295","805","2219","805","2219"
"2023-11-07","-0.62","183745","183745","805","228","805","228"
"2023-11-06","-0.61","239175","239175","810","290","810","290"
"2023-11-03","-0.61","592025","592025","815","735","815","735"
"2023-11-02","0.61","264320","264320","820","326","820","326"
"2023-10-31","1.24","192470","192470","815","236","815","236"
"2023-10-30","-1.23","3948480","3948480","805","4902","805","4902"
"2023-10-27","-0.61","487320","487320","815","595","815","595"
"2023-10-26","0","69700","69700","820","85","820","85"
"2023-10-25","-1.2","148720","148720","820","181","820","181"
"2023-10-24","0","78850","78850","830","95","830","95"
"2023-10-23","1.22","4265470","4265470","830","5298","830","5298"
"2023-10-20","1.23","1144490","1144490","820","1420","820","1420"
"2023-10-19","-1.22","1464145","1464145","810","1807","810","1807"
"2023-10-18","1.23","623985","623985","820","766","820","766"
"2023-10-17","-4.14","2724030","2724030","810","3363","810","3363"
"2023-10-16","5.63","1701960","1701960","845","2100","845","2100"
"2023-10-13","-1.23","117250","117250","800","146","800","146"
"2023-10-12","-3.57","1032560","1032560","810","1258","810","1258"
"2023-10-11","1.2","4964365","4964365","840","5973","840","5973"
"2023-10-10","-1.78","563600","563600","830","671","830","671"
"2023-10-09","0.6","350675","350675","845","415","845","415"
"2023-10-06","1.2","314680","314680","840","377","840","377"
"2023-10-05","-0.6","470855","470855","830","565","830","565"
"2023-10-04","0","642925","642925","835","776","835","776"
"2023-10-03","6.37","5010","5010","835","6","835","6"
"2023-10-02","-7.1","134460","134460","785","166","785","166"
"2023-09-29","6.96","416330","416330","845","509","845","509"
"2023-09-28","1.94","725495","725495","790","909","790","909"
"2023-09-26","0","5394465","5394465","775","6932","775","6932"
"2023-09-25","-4.91","9459700","9459700","775","11385","775","11385"
"2023-09-22","-0.61","123610","123610","815","152","815","152"
"2023-09-21","2.5","319970","319970","820","392","820","392"
"2023-09-20","0","5295420","5295420","800","6675","800","6675"
"2023-09-19","3.9","624050","624050","800","801","800","801"
"2023-09-18","-4.94","621900","621900","770","779","770","779"
"2023-09-15","0","511715","511715","810","629","810","629"
"2023-09-14","-2.99","549620","549620","810","679","810","679"
"2023-09-13","0","501455","501455","835","601","835","601"
"2023-09-12","-0.6","725790","725790","835","868","835","868"
"2023-09-11","5.66","2189055","2189055","840","2591","840","2591"
"2023-09-08","0","950865","950865","795","1217","795","1217"
"2023-09-07","1.27","891470","891470","795","1148","795","1148"
"2023-09-06","0","1782540","1782540","785","2283","785","2283"
"2023-09-05","-0.63","410555","410555","785","523","785","523"
"2023-09-04","1.94","198930","198930","790","252","790","252"
"2023-09-01","1.97","414450","414450","775","535","775","535"
"2023-08-31","-1.3","252765","252765","760","329","760","329"
"2023-08-30","0","798430","798430","770","1037","770","1037"
"2023-08-29","1.32","494700","494700","770","652","770","652"
"2023-08-28","-0.65","1975845","1975845","760","2582","760","2582"
"2023-08-25","1.32","4149960","4149960","765","5395","765","5395"
"2023-08-24","-1.95","491095","491095","755","644","755","644"
"2023-08-23","0","898335","898335","770","1163","770","1163"
"2023-08-22","-0.65","395635","395635","770","513","770","513"
"2023-08-21","0.65","691915","691915","775","893","775","893"
"2023-08-18","1.99","477405","477405","770","620","770","620"
"2023-08-17","-0.66","5320740","5320740","755","7043","755","7043"
"2023-08-16","-2.56","563690","563690","760","732","760","732"
"2023-08-14","0","330195","330195","780","424","780","424"
"2023-08-11","0","2629680","2629680","780","3377","780","3377"
"2023-08-10","0","489440","489440","780","628","780","628"
"2023-08-09","0","296400","296400","780","380","780","380"
"2023-08-08","4","2983260","2983260","780","3971","780","3971"
"2023-08-04","-3.85","1002375","1002375","750","1276","750","1276"
"2023-08-03","-7.14","250860","250860","780","317","780","317"
"2023-08-02","5","5383475","5383475","840","6427","840","6427"
"2023-08-01","3.9","2965360","2965360","800","3806","800","3806"
"2023-07-31","0","633080","633080","770","821","770","821"
"2023-07-28","-0.65","316085","316085","770","410","770","410"
"2023-07-27","0","1760050","1760050","775","2257","775","2257"
"2023-07-26","0.65","923690","923690","775","1193","775","1193"
"2023-07-25","-0.65","8701490","8701490","770","11206","770","11206"
"2023-07-24","-0.64","1412190","1412190","775","1815","775","1815"
"2023-07-21","-1.27","281800","281800","780","361","780","361"
"2023-07-20","2.6","342310","342310","790","434","790","434"
"2023-07-19","0","502760","502760","770","650","770","650"
"2023-07-18","-3.14","3530895","3530895","770","4458","770","4458"
"2023-07-17","1.92","742960","742960","795","929","795","929"
"2023-07-14","-1.27","8597360","8597360","780","11463","780","11463"
"2023-07-13","3.27","8374000","8374000","790","10600","790","10600"
"2023-07-12","0.66","5212050","5212050","765","6882","765","6882"
"2023-07-11","-1.94","1280725","1280725","760","1668","760","1668"
"2023-07-10","1.97","1136590","1136590","775","1478","775","1478"
"2023-07-07","-1.3","212040","212040","760","279","760","279"
"2023-07-06","0","384920","384920","770","501","770","501"
"2023-07-05","0","2145450","2145450","770","2797","770","2797"
"2023-07-04","1.99","470325","470325","770","623","770","623"
"2023-07-03","0","7649270","7649270","755","10197","755","10197"
"2023-06-30","5.59","30200","30200","755","40","755","40"
"2023-06-29","-7.14","2303070","2303070","715","3107","715","3107"
"2023-06-27","-1.91","2441325","2441325","770","3084","770","3084"
"2023-06-26","-0.63","1375665","1375665","785","1725","785","1725"
"2023-06-23","0","202240","202240","790","256","790","256"
"2023-06-22","3.27","686950","686950","790","869","790","869"
"2023-06-21","1.32","1813670","1813670","765","2299","765","2299"
"2023-06-20","-3.21","2729770","2729770","755","3579","755","3579"
"2023-06-19","-1.27","1237325","1237325","780","1613","780","1613"
"2023-06-16","4.64","382210","382210","790","495","790","495"
"2023-06-15","7.09","2947785","2947785","755","4148","755","4148"
"2023-06-14","0.71","6546940","6546940","705","9481","705","9481"
"2023-06-13","1.45","181060","181060","700","262","700","262"
"2023-06-12","0","1225560","1225560","690","826","690","826"
"2023-06-09","0.73","941015","941015","690","1350","690","1350"
"2023-06-08","-1.44","843620","843620","685","1229","685","1229"
"2023-06-07","2.21","3312350","3312350","695","4845","695","4845"
"2023-06-06","0","2829990","2829990","680","4171","680","4171"
"2023-06-05","3.03","3656740","3656740","680","5531","680","5531"
"2023-06-02","3.13","1684665","1684665","660","2548","660","2548"
"2023-06-01","-3.76","9846920","9846920","640","15219","640","15219"
"2023-05-31","-1.48","3130955","3130955","665","4823","665","4823"
"2023-05-30","3.85","979765","979765","675","1447","675","1447"
"2023-05-26","-3.7","9342835","9342835","650","14154","650","14154"
"2023-05-25","-1.46","1005650","1005650","675","1508","675","1508"
"2023-05-24","3.79","770285","770285","685","1161","685","1161"
"2023-05-23","-4.35","735630","735630","660","1112","660","1112"
"2023-05-22","0.73","2574950","2574950","690","3943","690","3943"
"2023-05-19","0.74","509670","509670","685","744","685","744"
"2023-05-17","-2.16","592445","592445","680","866","680","866"
"2023-05-16","0","518720","518720","695","746","695","746"
"2023-05-15","-0.71","1812105","1812105","695","2600","695","2600"
"2023-05-12","0.72","1246645","1246645","700","1774","700","1774"
"2023-05-11","0","379455","379455","695","545","695","545"
"2023-05-10","-0.71","951050","951050","695","1359","695","1359"
"2023-05-09","-0.71","995620","995620","700","1423","700","1423"
"2023-05-08","1.44","2568645","2568645","705","3652","705","3652"
"2023-05-05","3.73","2267455","2267455","695","3251","695","3251"
"2023-05-04","0","217290","217290","670","327","670","327"
"2023-05-03","3.08","685950","685950","670","1009","670","1009"
"2023-05-02","0","825500","825500","650","1270","650","1270"
"2023-04-28","-1.52","2366060","2366060","650","3644","650","3644"
"2023-04-27","-6.38","1450255","1450255","660","2097","660","2097"
"2023-04-26","2.17","8859725","8859725","705","12656","705","12656"
"2023-04-25","0","1758840","1758840","690","2511","690","2511"
"2023-04-24","-2.13","1516900","1516900","690","2188","690","2188"
"2023-04-20","0","698115","698115","705","987","705","987"
"2023-04-19","-3.42","518280","518280","705","716","705","716"
"2023-04-17","0","99970","99970","730","137","730","137"
"2023-04-14","4.29","258420","258420","730","354","730","354"
"2023-04-13","-4.11","1468290","1468290","700","2063","700","2063"
"2023-04-12","-1.35","4948400","4948400","730","7036","730","7036"
"2023-04-07","-1.33","209970","209970","740","283","740","283"
"2023-04-06","0","54000","54000","750","72","750","72"
"2023-04-05","0","545040","545040","750","738","750","738"
"2023-04-04","-2.6","167180","167180","750","219","750","219"
"2023-04-03","-2.53","58250","58250","770","75","770","75"
"2023-03-31","0","731345","731345","790","931","790","931"
"2023-03-30","4.64","992500","992500","790","1300","790","1300"
"2023-03-29","-3.82","17365","17365","755","23","755","23"
"2023-03-28","-0.63","343115","343115","785","439","785","439"
"2023-03-27","-1.25","339120","339120","790","428","790","428"
"2023-03-24","0","593670","593670","800","748","800","748"
"2023-03-23","1.27","984800","984800","800","1231","800","1231"
"2023-03-22","-1.25","107935","107935","790","135","790","135"
"2023-03-21","-3.61","1012450","1012450","800","1265","800","1265"
"2023-03-20","0","207050","207050","830","250","830","250"
"2023-03-17","4.4","1403465","1403465","830","1688","830","1688"
"2023-03-16","0","2933100","2933100","795","3680","795","3680"
"2023-03-15","0","2695425","2695425","795","3375","795","3375"
"2023-03-14","-0.63","2259800","2259800","795","2840","795","2840"
"2023-03-13","0","444850","444850","800","588","800","588"
"2023-03-10","2.56","825060","825060","800","1055","800","1055"
"2023-03-09","-1.27","170040","170040","780","218","780","218"
"2023-03-08","0.64","1551220","1551220","790","2019","790","2019"
"2023-03-07","-0.63","38355","38355","785","50","785","50"
"2023-03-06","-0.63","136040","136040","790","180","790","180"
"2023-03-03","0","479000","479000","795","610","795","610"
"2023-03-02","4.61","163180","163180","795","204","795","204"
"2023-03-01","1.33","292000","292000","760","377","760","377"
"2023-02-28","-6.25","647490","647490","750","857","750","857"
"2023-02-27","0","392600","392600","800","492","800","492"
"2023-02-24","0","143200","143200","800","179","800","179"
"2023-02-23","0","925600","925600","800","1157","800","1157"
"2023-02-22","-0.62","2359190","2359190","800","2991","800","2991"
"2023-02-21","0","381200","381200","805","475","805","475"
"2023-02-20","0.63","439060","439060","805","547","805","547"
"2023-02-17","0","1554475","1554475","800","1942","800","1942"
"2023-02-16","0","319790","319790","800","400","800","400"
"2023-02-15","-1.23","923250","923250","800","1152","800","1152"
"2023-02-14","0","137700","137700","810","170","810","170"
"2023-02-13","1.89","1426090","1426090","810","1763","810","1763"
"2023-02-10","0.63","593660","593660","795","748","795","748"
"2023-02-09","0","661880","661880","790","833","790","833"
"2023-02-08","0","322945","322945","790","408","790","408"
"2023-02-07","0","386090","386090","790","489","790","489"
"2023-02-06","1.28","655435","655435","790","840","790","840"
"2023-02-03","4","157560","157560","780","202","780","202"
"2023-02-02","0","360000","360000","750","480","750","480"
"2023-02-01","0","366025","366025","750","489","750","489"
"2023-01-31","-5.66","882000","882000","750","1176","750","1176"
"2023-01-30","0","357850","357850","795","450","795","450"
"2023-01-27","1.92","2503945","2503945","795","3328","795","3328"
"2023-01-26","0","588900","588900","780","755","780","755"
"2023-01-25","4","98700","98700","780","130","780","130"
"2023-01-24","0.67","2722710","2722710","750","3631","750","3631"
"2023-01-23","-0.67","334250","334250","745","450","745","450"
"2023-01-20","1.35","347050","347050","750","466","750","466"
"2023-01-19","-1.33","843820","843820","740","1129","740","1129"
"2023-01-18","1.35","153225","153225","750","216","750","216"
"2023-01-17","0","856180","856180","740","1157","740","1157"
"2023-01-16","-1.33","332170","332170","740","445","740","445"
"2023-01-13","-4.46","338250","338250","750","440","750","440"
"2023-01-12","-1.88","196755","196755","785","247","785","247"
"2023-01-11","0","1157400","1157400","800","1447","800","1447"
"2023-01-10","0","931200","931200","800","1164","800","1164"
"2023-01-09","5.26","2437845","2437845","800","3151","800","3151"
"2023-01-06","0","592040","592040","760","779","760","779"
"2023-01-05","7.04","37600","37600","760","50","760","50"
"2023-01-04","-5.33","306215","306215","710","411","710","411"
"2023-01-03","0","792750","792750","750","1057","750","1057"
"2023-01-02","0","575500","575500","750","768","750","768"
"2022-12-30","-3.23","1024750","1024750","750","1328","750","1328"
"2022-12-29","-0.64","425440","425440","775","570","775","570"
"2022-12-28","-1.27","30610","30610","780","39","780","39"
"2022-12-27","-0.63","87200","87200","790","110","790","110"
"2022-12-23","-0.63","128540","128540","795","162","795","162"
"2022-12-22","5.96","1121600","1121600","800","1471","800","1471"
"2022-12-21","-0.66","200200","200200","755","270","755","270"
"2022-12-20","0","605720","605720","760","797","760","797"
"2022-12-19","0","214915","214915","760","284","760","284"
"2022-12-16","0","417185","417185","760","552","760","552"
"2022-12-15","-1.3","1659230","1659230","760","2158","760","2158"
"2022-12-14","0.65","1539550","1539550","770","2015","770","2015"
"2022-12-13","4.79","1683150","1683150","765","2201","765","2201"
"2022-12-12","0.69","569730","569730","730","763","730","763"
"2022-12-09","7.41","3214100","3214100","725","4588","725","4588"
"2022-12-08","0","280775","280775","675","413","675","413"
"2022-12-07","-3.57","171550","171550","675","254","675","254"
"2022-12-06","0","1003140","1003140","700","1441","700","1441"
"2022-12-05","-1.41","148400","148400","700","212","700","212"
"2022-12-02","-7.19","265540","265540","710","374","710","374"
"2022-12-01","-0.65","322590","322590","765","445","765","445"
"2022-11-30","-1.28","147440","147440","770","191","770","191"
"2022-11-29","1.3","152580","152580","780","196","780","196"
"2022-11-28","0","202360","202360","770","262","770","262"
"2022-11-25","-1.28","478730","478730","770","621","770","621"
"2022-11-24","0","274795","274795","780","351","780","351"
"2022-11-23","0","895090","895090","780","1186","780","1186"
"2022-11-22","-6.02","376230","376230","780","479","780","479"
"2022-11-21","1.22","407030","407030","830","491","830","491"
"2022-11-18","0","1037210","1037210","820","1264","820","1264"
"2022-11-17","2.5","3061730","3061730","820","3808","820","3808"
"2022-11-16","0","673600","673600","800","842","800","842"
"2022-11-14","0","242800","242800","800","316","800","316"
"2022-11-11","0","918070","918070","800","1143","800","1143"
"2022-11-10","-2.44","100160","100160","800","123","800","123"
"2022-11-09","-2.38","180380","180380","820","219","820","219"
"2022-11-08","2.44","340230","340230","840","412","840","412"
"2022-11-07","-3.53","423950","423950","820","528","820","528"
"2022-11-04","0","12025860","12025860","850","14146","850","14146"
"2022-11-03","0","140195","140195","850","164","850","164"
"2022-11-02","-2.3","20198855","20198855","850","23734","850","23734"
"2022-10-31","-0.57","43500","43500","870","50","870","50"
"2022-10-28","1.16","829800","829800","875","940","875","940"
"2022-10-27","-1.7","43385","43385","865","50","865","50"
"2022-10-26","0","8800","8800","880","10","880","10"
"2022-10-25","0.57","395120","395120","880","449","880","449"
"2022-10-24","1.16","2213855","2213855","875","2557","875","2557"
"2022-10-21","-1.7","1140160","1140160","865","1318","865","1318"
"2022-10-20","-1.12","551640","551640","880","624","880","624"
"2022-10-19","2.89","145960","145960","890","164","890","164"
"2022-10-18","1.76","3126880","3126880","865","3628","865","3628"
"2022-10-17","-1.16","213180","213180","850","252","850","252"
"2022-10-14","2.38","1567780","1567780","860","1823","860","1823"
"2022-10-13","-2.33","766800","766800","840","908","840","908"
"2022-10-12","-1.15","104150","104150","860","120","860","120"
"2022-10-11","4.82","192970","192970","870","231","870","231"
"2022-10-10","-4.6","1051740","1051740","830","1256","830","1256"
"2022-10-07","5.45","110590","110590","870","133","870","133"
"2022-10-06","0","2930140","2930140","825","3551","825","3551"
"2022-10-05","-4.62","957750","957750","825","1156","825","1156"
"2022-10-04","-1.14","314390","314390","865","362","865","362"
"2022-10-03","0","1520485","1520485","875","1832","875","1832"
"2022-09-30","-0.57","142790","142790","875","163","875","163"
"2022-09-29","6.02","758560","758560","880","862","880","862"
"2022-09-28","-4.6","858995","858995","830","1047","830","1047"
"2022-09-27","-1.69","395980","395980","870","446","870","446"
"2022-09-26","0","247800","247800","885","280","885","280"
"2022-09-23","0","1955285","1955285","885","2292","885","2292"
"2022-09-22","0","160475","160475","885","182","885","182"
"2022-09-21","0","709625","709625","885","832","885","832"
"2022-09-20","0","222280","222280","885","258","885","258"
"2022-09-19","0","363120","363120","885","412","885","412"
"2022-09-16","0","73590","73590","885","84","885","84"
"2022-09-15","0.57","389645","389645","885","442","885","442"
"2022-09-14","-1.12","654990","654990","880","741","880","741"
"2022-09-13","-0.56","809825","809825","890","920","890","920"
"2022-09-12","0","275645","275645","895","310","895","310"
"2022-09-09","1.13","1172480","1172480","895","1318","895","1318"
"2022-09-08","-0.56","2101725","2101725","885","2385","885","2385"
"2022-09-07","1.71","675340","675340","890","758","890","758"
"2022-09-06","0","528775","528775","875","604","875","604"
"2022-09-05","4.17","3886550","3886550","875","4568","875","4568"
"2022-09-02","2.44","207325","207325","840","247","840","247"
"2022-09-01","-3.53","411170","411170","820","491","820","491"
"2022-08-31","2.41","1034590","1034590","850","1250","850","1250"
"2022-08-30","-2.35","802100","802100","830","946","830","946"
"2022-08-29","0","499850","499850","850","586","850","586"
"2022-08-26","0","424300","424300","850","499","850","499"
"2022-08-25","-4.49","102400","102400","850","120","850","120"
"2022-08-24","-0.56","233540","233540","890","261","890","261"
"2022-08-23","2.29","1835425","1835425","895","2172","895","2172"
"2022-08-22","2.94","378250","378250","875","432","875","432"
"2022-08-19","-5.03","921325","921325","850","1080","850","1080"
"2022-08-18","3.47","3586905","3586905","895","4150","895","4150"
"2022-08-17","0","84470","84470","865","98","865","98"
"2022-08-16","0","83040","83040","865","96","865","96"
"2022-08-12","1.76","306700","306700","865","355","865","355"
"2022-08-11","0","117110","117110","850","137","850","137"
"2022-08-10","-0.58","767680","767680","850","884","850","884"
"2022-08-09","-4.47","881175","881175","855","1001","855","1001"
"2022-08-05","0.56","161215","161215","895","184","895","184"
"2022-08-04","0","457115","457115","890","519","890","519"
"2022-08-03","0","167440","167440","890","191","890","191"
"2022-08-02","0","585995","585995","890","658","890","658"
"2022-08-01","0","428620","428620","890","481","890","481"
"2022-07-29","0","1000860","1000860","890","1154","890","1154"
"2022-07-28","4.09","4919820","4919820","890","5527","890","5527"
"2022-07-27","0.59","54155","54155","855","61","855","61"
"2022-07-26","-5.03","707520","707520","850","803","850","803"
"2022-07-25","0","8870840","8870840","895","9912","895","9912"
"2022-07-22","0","668220","668220","895","756","895","756"
"2022-07-21","5.29","761645","761645","895","851","895","851"
"2022-07-20","-3.41","279160","279160","850","317","850","317"
"2022-07-19","-1.68","917600","917600","880","1055","880","1055"
"2022-07-18","0","750435","750435","895","834","895","834"
"2022-07-15","1.7","791955","791955","895","894","895","894"
"2022-07-14","2.33","456325","456325","880","522","880","522"
"2022-07-13","-3.91","480760","480760","860","546","860","546"
"2022-07-12","0","10740","10740","895","12","895","12"
"2022-07-11","-0.56","317065","317065","895","353","895","353"
"2022-07-08","-5.26","266400","266400","900","296","900","296"
"2022-07-07","5.56","1397950","1397950","950","1485","950","1485"
"2022-07-06","0","311550","311550","900","349","900","349"
"2022-07-05","5.88","453430","453430","900","526","900","526"
"2022-07-04","0","910950","910950","850","1099","850","1099"
"2022-07-01","1.19","349430","349430","850","413","850","413"
"2022-06-30","2.44","21540","21540","840","26","840","26"
"2022-06-28","1.23","627140","627140","820","773","820","773"
"2022-06-27","-5.81","560810","560810","810","683","810","683"
"2022-06-24","2.38","64500","64500","860","75","860","75"
"2022-06-23","-1.18","1270650","1270650","840","1496","840","1496"
"2022-06-22","0","3201990","3201990","850","3767","850","3767"
"2022-06-21","0","163000","163000","850","200","850","200"
"2022-06-20","-1.16","192950","192950","850","227","850","227"
"2022-06-17","-0.58","588815","588815","860","681","860","681"
"2022-06-16","6.13","1051565","1051565","865","1216","865","1216"
"2022-06-15","-5.78","496935","496935","815","582","815","582"
"2022-06-14","0.58","1444000","1444000","865","1679","865","1679"
"2022-06-13","0","897340","897340","860","1044","860","1044"
"2022-06-10","0","171650","171650","860","200","860","200"
"2022-06-09","1.18","2377930","2377930","860","2770","860","2770"
"2022-06-08","0","79650","79650","850","95","850","95"
"2022-06-07","4.94","8500","8500","850","10","850","10"
"2022-06-03","-4.71","538235","538235","810","652","810","652"
"2022-06-02","0","113900","113900","850","134","850","134"
"2022-06-01","2.41","597545","597545","850","726","850","726"
"2022-05-31","2.47","115060","115060","830","142","830","142"
"2022-05-30","-0.61","169015","169015","810","208","810","208"
"2022-05-27","0","391900","391900","815","480","815","480"
"2022-05-25","0","133745","133745","815","163","815","163"
"2022-05-24","-5.23","983465","983465","815","1198","815","1198"
"2022-05-23","0","177020","177020","860","207","860","207"
"2022-05-20","0","201670","201670","860","236","860","236"
"2022-05-19","4.24","838530","838530","860","973","860","973"
"2022-05-18","1.23","1392440","1392440","825","1669","825","1669"
"2022-05-17","-1.81","632670","632670","815","768","815","768"
"2022-05-16","5.06","417450","417450","830","515","830","515"
"2022-05-13","0.64","227200","227200","790","281","790","281"
"2022-05-12","-0.63","341545","341545","785","437","785","437"
"2022-05-11","0","73770","73770","790","93","790","93"
"2022-05-10","-5.39","1292235","1292235","790","1651","790","1651"
"2022-05-09","-2.34","762770","762770","835","914","835","914"
"2022-05-06","0.59","63270","63270","855","74","855","74"
"2022-05-05","-2.3","115075","115075","850","135","850","135"
"2022-05-04","-1.14","7058545","7058545","870","8179","870","8179"
"2022-05-03","-2.22","142500","142500","880","161","880","161"
"2022-04-29","0","45900","45900","900","51","900","51"
"2022-04-27","0","2641350","2641350","900","2934","900","2934"
"2022-04-26","-0.55","446520","446520","900","494","900","494"
"2022-04-25","0","495690","495690","905","548","905","548"
"2022-04-22","-0.55","3003900","3003900","905","3331","905","3331"
"2022-04-21","0","223480","223480","910","243","910","243"
"2022-04-20","-1.09","1507960","1507960","910","1664","910","1664"
"2022-04-19","0","377545","377545","920","410","920","410"
"2022-04-15","0","784835","784835","920","849","920","849"
"2022-04-14","2.22","7001105","7001105","920","7741","920","7741"
"2022-04-13","0.56","2643045","2643045","900","2968","900","2968"
"2022-04-12","-0.56","213930","213930","895","239","895","239"
"2022-04-11","1.12","4432525","4432525","900","5014","900","5014"
"2022-04-08","-1.11","6167990","6167990","890","6787","890","6787"
"2022-04-07","0.56","104400","104400","900","116","900","116"
"2022-04-06","-0.56","1701970","1701970","895","1898","895","1898"
"2022-04-05","0","5216800","5216800","900","5870","900","5870"
"2022-04-04","-2.17","3455545","3455545","900","3841","900","3841"
"2022-04-01","-0.54","3221965","3221965","920","3480","920","3480"
"2022-03-31","0","1282400","1282400","925","1420","925","1420"
"2022-03-30","-0.54","937020","937020","925","1011","925","1011"
"2022-03-29","0","781745","781745","930","841","930","841"
"2022-03-28","-0.53","1070510","1070510","930","1148","930","1148"
"2022-03-25","0","46750","46750","935","50","935","50"
"2022-03-24","0.54","1537745","1537745","935","1650","935","1650"
"2022-03-23","-0.53","173600","173600","930","190","930","190"
"2022-03-22","0.54","839315","839315","935","902","935","902"
"2022-03-21","-1.06","1097800","1097800","930","1175","930","1175"
"2022-03-18","0.53","995330","995330","940","1057","940","1057"
"2022-03-17","-1.06","2296425","2296425","935","2434","935","2434"
"2022-03-16","1.07","3420345","3420345","945","3621","945","3621"
"2022-03-15","-1.06","338165","338165","935","358","935","358"
"2022-03-14","0","719250","719250","945","780","945","780"
"2022-03-11","1.61","1556660","1556660","945","1669","945","1669"
"2022-03-10","-1.59","1398455","1398455","930","1485","930","1485"
"2022-03-09","1.61","2634660","2634660","945","2788","945","2788"
"2022-03-08","0","5721210","5721210","930","6137","930","6137"
"2022-03-07","2.76","2096355","2096355","930","2258","930","2258"
"2022-03-04","-1.09","21289380","21289380","905","22931","905","22931"
"2022-03-03","0.55","10561505","10561505","915","11506","915","11506"
"2022-03-02","-0.55","2069300","2069300","910","2272","910","2272"
"2022-03-01","-1.61","1989925","1989925","915","2163","915","2163"
"2022-02-28","-0.53","1029350","1029350","930","1120","930","1120"
"2022-02-25","0","1497240","1497240","935","1603","935","1603"
"2022-02-24","-0.53","908005","908005","935","970","935","970"
"2022-02-23","1.62","147150","147150","940","158","940","158"
"2022-02-22","-0.54","2279445","2279445","925","2436","925","2436"
"2022-02-21","-1.59","665920","665920","930","717","930","717"
"2022-02-18","0","1718480","1718480","945","1843","945","1843"
"2022-02-17","0","1778335","1778335","945","1917","945","1917"
"2022-02-16","0","1763655","1763655","945","1867","945","1867"
"2022-02-15","1.07","1406860","1406860","945","1530","945","1530"
"2022-02-14","-1.58","1722180","1722180","935","1820","935","1820"
"2022-02-11","0","6749690","6749690","950","7351","950","7351"
"2022-02-10","0","4529810","4529810","950","4822","950","4822"
"2022-02-09","-3.55","3671835","3671835","950","3760","950","3760"
"2022-02-08","7.07","28427720","28427720","985","30328","985","30328"
"2022-02-07","-2.13","5544685","5544685","920","6122","920","6122"
"2022-02-04","4.44","6292880","6292880","940","6948","940","6948"
"2022-02-03","1.12","6161435","6161435","900","6947","900","6947"
"2022-02-02","-0.56","1225735","1225735","890","1384","890","1384"
"2022-02-01","4.07","2236340","2236340","895","2519","895","2519"
"2022-01-31","0","2344985","2344985","860","2745","860","2745"
"2022-01-28","0","11443590","11443590","860","13033","860","13033"
"2022-01-27","1.78","14778485","14778485","860","17291","860","17291"
"2022-01-26","1.2","266970","266970","845","317","845","317"
"2022-01-25","0","2593645","2593645","835","3086","835","3086"
"2022-01-24","-1.18","693160","693160","835","834","835","834"
"2022-01-21","-0.59","2090440","2090440","845","2472","845","2472"
"2022-01-20","2.41","2781360","2781360","850","3306","850","3306"
"2022-01-19","0","255640","255640","830","308","830","308"
"2022-01-18","-1.78","1207665","1207665","830","1447","830","1447"
"2022-01-17","-2.87","970250","970250","845","1150","845","1150"
"2022-01-14","4.82","593760","593760","870","688","870","688"
"2022-01-13","-6.74","9175980","9175980","830","10804","830","10804"
"2022-01-12","6.59","1196150","1196150","890","1345","890","1345"
"2022-01-11","-1.18","47310","47310","835","56","835","56"
"2022-01-10","0","2584625","2584625","845","3059","845","3059"
"2022-01-07","-2.31","910695","910695","845","1074","845","1074"
"2022-01-06","0","302240","302240","865","350","865","350"
"2022-01-05","2.37","998550","998550","865","1153","865","1153"
"2022-01-04","-1.74","5714910","5714910","845","6725","845","6725"
"2022-01-03","0","104760","104760","860","122","860","122"
"2021-12-31","0","55040","55040","860","64","860","64"
"2021-12-30","-2.27","391570","391570","860","451","860","451"
"2021-12-29","2.33","375950","375950","880","433","880","433"
"2021-12-28","-0.58","2321560","2321560","860","2726","860","2726"
"2021-12-27","-1.7","1836155","1836155","865","2120","865","2120"
"2021-12-24","1.15","850630","850630","880","995","880","995"
"2021-12-23","-1.69","448780","448780","870","527","870","527"
"2021-12-22","6.63","1731305","1731305","885","2081","885","2081"
"2021-12-21","-6.21","159205","159205","830","191","830","191"
"2021-12-20","4.73","8535660","8535660","885","10134","885","10134"
"2021-12-17","-4.52","863620","863620","845","1022","845","1022"
"2021-12-16","7.27","2089920","2089920","885","2509","885","2509"
"2021-12-15","3.13","3815800","3815800","825","4726","825","4726"
"2021-12-14","-3.03","3870710","3870710","800","4769","800","4769"
"2021-12-13","-0.6","922490","922490","825","1112","825","1112"
"2021-12-10","-0.6","392395","392395","830","470","830","470"
"2021-12-09","0.6","2325560","2325560","835","2786","835","2786"
"2021-12-08","-2.35","1435890","1435890","830","1713","830","1713"
"2021-12-07","-5.56","3918995","3918995","850","4592","850","4592"
"2021-12-06","0","3371185","3371185","900","3808","900","3808"
"2021-12-03","5.88","6403190","6403190","900","7111","900","7111"
"2021-12-02","-5.03","2734800","2734800","850","3098","850","3098"
"2021-12-01","1.7","2188070","2188070","895","2468","895","2468"
"2021-11-30","6.02","3637485","3637485","880","4242","880","4242"
"2021-11-29","-1.78","2254910","2254910","830","2658","830","2658"
"2021-11-26","-0.59","279750","279750","845","338","845","338"
"2021-11-25","0","2033735","2033735","850","2394","850","2394"
"2021-11-24","-2.3","1863860","1863860","850","2193","850","2193"
"2021-11-23","-2.25","1069170","1069170","870","1221","870","1221"
"2021-11-22","0","389830","389830","890","447","890","447"
"2021-11-19","-0.56","4550165","4550165","890","5119","890","5119"
"2021-11-18","-0.56","1010990","1010990","895","1151","895","1151"
"2021-11-17","0","2297375","2297375","900","2570","900","2570"
"2021-11-16","7.14","1078600","1078600","900","1346","900","1346"
"2021-11-12","0","3957490","3957490","840","4837","840","4837"
"2021-11-11","5","1136090","1136090","840","1421","840","1421"
"2021-11-10","1.27","1509960","1509960","800","1889","800","1889"
"2021-11-09","-1.25","2004630","2004630","790","2519","790","2519"
"2021-11-08","-3.03","3485775","3485775","800","4338","800","4338"
"2021-11-05","-1.79","5184235","5184235","825","6248","825","6248"
"2021-11-04","-5.62","5759925","5759925","840","6903","840","6903"
"2021-11-03","-7.29","1390125","1390125","890","1559","890","1559"
"2021-11-02","-7.25","394560","394560","960","411","960","411"
"2021-10-29","0","8842220","8842220","1035","8732","1035","8732"
"2021-10-28","0","7530900","7530900","1035","7561","1035","7561"
"2021-10-27","3.5","1002350","1002350","1035","1002","1035","1002"
"2021-10-26","-4.76","8988240","8988240","1000","8988","1000","8988"
"2021-10-25","-0.94","2069960","2069960","1050","1977","1050","1977"
"2021-10-22","0","1164045","1164045","1060","1154","1060","1154"
"2021-10-21","4.95","3806780","3806780","1060","3719","1060","3719"
"2021-10-20","6.32","8923230","8923230","1010","9047","1010","9047"
"2021-10-19","3.83","3687215","3687215","950","4134","950","4134"
"2021-10-15","-3.68","3294140","3294140","915","3496","915","3496"
"2021-10-14","3.26","3846880","3846880","950","4122","950","4122"
"2021-10-13","2.22","8686160","8686160","920","9604","920","9604"
"2021-10-12","2.86","5469785","5469785","900","6288","900","6288"
"2021-10-11","3.55","1131375","1131375","875","1337","875","1337"
"2021-10-08","0","1320660","1320660","845","1564","845","1564"
"2021-10-07","1.2","667895","667895","845","791","845","791"
"2021-10-06","-4.57","1894620","1894620","835","2253","835","2253"
"2021-10-05","-0.57","7396780","7396780","875","8727","875","8727"
"2021-10-04","0.57","1246385","1246385","880","1454","880","1454"
"2021-10-01","-1.69","3759385","3759385","875","4304","875","4304"
"2021-09-30","-3.26","2096670","2096670","890","2327","890","2327"
"2021-09-29","-1.08","2993530","2993530","920","3254","920","3254"
"2021-09-28","2.2","1567075","1567075","930","1706","930","1706"
"2021-09-27","1.68","4195610","4195610","910","4606","910","4606"
"2021-09-24","0","778905","778905","895","889","895","889"
"2021-09-23","2.29","15890740","15890740","895","18620","895","18620"
"2021-09-22","0.57","3695395","3695395","875","4245","875","4245"
"2021-09-21","1.75","5908760","5908760","870","6903","870","6903"
"2021-09-20","0.59","775520","775520","855","920","855","920"
"2021-09-17","1.19","4522275","4522275","850","5330","850","5330"
"2021-09-16","-3.45","427090","427090","840","509","840","509"
"2021-09-15","0.58","3962650","3962650","870","4557","870","4557"
"2021-09-14","-0.57","18265255","18265255","865","21584","865","21584"
"2021-09-13","0","360850","360850","870","420","870","420"
"2021-09-10","0","1116745","1116745","870","1289","870","1289"
"2021-09-09","4.19","17165020","17165020","870","20170","870","20170"
"2021-09-08","0","2132010","2132010","835","2566","835","2566"
"2021-09-07","0","2024100","2024100","835","2431","835","2431"
"2021-09-06","3.73","563415","563415","835","687","835","687"
"2021-09-03","0","381775","381775","805","466","805","466"
"2021-09-02","3.21","616090","616090","805","770","805","770"
"2021-09-01","0.65","2583230","2583230","780","3320","780","3320"
"2021-08-31","0","1473520","1473520","775","1893","775","1893"
"2021-08-30","1.31","2418625","2418625","775","3128","775","3128"
"2021-08-27","0","1752595","1752595","765","2281","765","2281"
"2021-08-26","2","2435085","2435085","765","3227","765","3227"
"2021-08-25","2.04","1746425","1746425","750","2367","750","2367"
"2021-08-24","2.08","296345","296345","735","404","735","404"
"2021-08-23","0.7","747605","747605","720","1004","720","1004"
"2021-08-20","0","2406450","2406450","715","3352","715","3352"
"2021-08-19","-1.38","560985","560985","715","781","715","781"
"2021-08-18","0","521375","521375","725","725","725","725"
"2021-08-17","-2.68","2126655","2126655","725","2884","725","2884"
"2021-08-16","2.05","479015","479015","745","648","745","648"
"2021-08-13","2.82","2157400","2157400","730","3042","730","3042"
"2021-08-12","0","3543075","3543075","710","4877","710","4877"
"2021-08-11","-1.39","262725","262725","710","368","710","368"
"2021-08-10","0.7","200350","200350","720","280","720","280"
"2021-08-09","-3.38","1836590","1836590","715","2546","715","2546"
"2021-08-06","3.5","44400","44400","740","60","740","60"
"2021-08-05","-4.03","955935","955935","715","1325","715","1325"
"2021-08-04","4.2","3730300","3730300","745","5130","745","5130"
"2021-08-03","0.7","149770","149770","715","208","715","208"
"2021-08-02","0","742200","742200","710","1038","710","1038"
"2021-07-30","0","174650","174650","710","245","710","245"
"2021-07-29","-4.7","742370","742370","710","1006","710","1006"
"2021-07-28","6.43","1062395","1062395","745","1441","745","1441"
"2021-07-27","0","1335240","1335240","700","1828","700","1828"
"2021-07-26","0","1495040","1495040","700","2036","700","2036"
"2021-07-23","-1.41","795430","795430","700","1131","700","1131"
"2021-07-22","-5.33","1193530","1193530","710","1676","710","1676"
"2021-07-21","0","1726350","1726350","750","2301","750","2301"
"2021-07-19","3.45","4590275","4590275","750","6135","750","6135"
"2021-07-16","-0.68","285555","285555","725","392","725","392"
"2021-07-15","0","794660","794660","730","1103","730","1103"
"2021-07-14","-1.35","1133705","1133705","730","1611","730","1611"
"2021-07-13","2.78","415375","415375","740","575","740","575"
"2021-07-12","0.7","10750","10750","720","15","720","15"
"2021-07-09","-3.38","778840","778840","715","1093","715","1093"
"2021-07-08","4.23","833350","833350","740","1165","740","1165"
"2021-07-07","1.43","1284625","1284625","710","1810","710","1810"
"2021-07-06","0","669155","669155","700","965","700","965"
"2021-07-05","-2.78","3369755","3369755","700","5018","700","5018"
"2021-07-02","-0.69","415625","415625","720","583","720","583"
"2021-07-01","-7.05","297480","297480","725","389","725","389"
"2021-06-30","-1.89","1783445","1783445","780","2232","780","2232"
"2021-06-29","7.43","6829895","6829895","795","8723","795","8723"
"2021-06-28","7.25","2230940","2230940","740","3182","740","3182"
"2021-06-25","6.98","1425260","1425260","690","2179","690","2179"
"2021-06-24","0","1929495","1929495","645","2987","645","2987"
"2021-06-23","0","153555","153555","645","239","645","239"
"2021-06-22","0","351950","351950","645","545","645","545"
"2021-06-21","2.38","1429000","1429000","645","2200","645","2200"
"2021-06-18","0","464795","464795","630","738","630","738"
"2021-06-17","0","1854840","1854840","630","2975","630","2975"
"2021-06-16","0.8","1405185","1405185","630","2238","630","2238"
"2021-06-15","0.81","1803730","1803730","625","2886","625","2886"
"2021-06-14","0","1379825","1379825","620","2208","620","2208"
"2021-06-11","-0.8","5552570","5552570","620","8884","620","8884"
"2021-06-10","-0.79","4433125","4433125","625","7093","625","7093"
"2021-06-09","4.13","8249550","8249550","630","13578","630","13578"
"2021-06-08","-0.82","16526475","16526475","605","27352","605","27352"
"2021-06-07","1.67","2198980","2198980","610","3627","610","3627"
"2021-06-04","0.84","7517525","7517525","600","12530","600","12530"
"2021-06-03","0","1077070","1077070","595","1811","595","1811"
"2021-06-02","-0.83","1885675","1885675","595","3161","595","3161"
"2021-06-01","0","1608000","1608000","600","2680","600","2680"
"2021-05-31","-1.64","2707540","2707540","600","4498","600","4498"
"2021-05-28","0.83","151810","151810","610","251","610","251"
"2021-05-27","0.83","540655","540655","605","900","605","900"
"2021-05-26","1.69","5848675","5848675","600","9780","600","9780"
"2021-05-25","0.85","5634480","5634480","590","9598","590","9598"
"2021-05-21","-0.85","6824610","6824610","585","11669","585","11669"
"2021-05-20","0","1723570","1723570","590","2923","590","2923"
"2021-05-19","0","1423600","1423600","590","2420","590","2420"
"2021-05-18","0.85","4921100","4921100","590","8360","590","8360"
"2021-05-17","0","6397900","6397900","585","10865","585","10865"
"2021-05-14","0","1957300","1957300","585","3330","585","3330"
"2021-05-11","0.86","6564830","6564830","585","11157","585","11157"
"2021-05-10","0","3119085","3119085","580","5336","580","5336"
"2021-05-07","3.57","3278930","3278930","580","5654","580","5654"
"2021-05-06","0","2327765","2327765","560","4444","560","4444"
"2021-05-05","-3.45","3673670","3673670","560","6620","560","6620"
"2021-05-04","-0.85","4976390","4976390","580","8708","580","8708"
"2021-05-03","-0.85","1001525","1001525","585","1700","585","1700"
"2021-04-30","1.72","343880","343880","590","592","590","592"
"2021-04-29","-1.69","808590","808590","580","1387","580","1387"
"2021-04-28","0","1331630","1331630","590","2257","590","2257"
"2021-04-27","0","1615290","1615290","590","2755","590","2755"
"2021-04-26","0.85","800130","800130","590","1357","590","1357"
"2021-04-23","0","2922835","2922835","585","4996","585","4996"
"2021-04-22","0.86","1748030","1748030","585","2977","585","2977"
"2021-04-21","0","1070915","1070915","580","1896","580","1896"
"2021-04-20","0","555060","555060","580","957","580","957"
"2021-04-19","0","549805","549805","580","946","580","946"
"2021-04-16","-0.85","7927630","7927630","580","14161","580","14161"
"2021-04-15","-0.85","764365","764365","585","1311","585","1311"
"2021-04-14","0.85","1465260","1465260","590","2515","590","2515"
"2021-04-13","0.86","1632690","1632690","585","2724","585","2724"
"2021-04-12","-1.69","787975","787975","580","1344","580","1344"
"2021-04-09","0","302230","302230","590","512","590","512"
"2021-04-08","-0.84","1409230","1409230","590","2378","590","2378"
"2021-04-07","0","343910","343910","595","578","595","578"
"2021-04-06","-0.83","2434735","2434735","595","4071","595","4071"
"2021-04-02","0","64800","64800","600","108","600","108"
"2021-04-01","0","270000","270000","600","450","600","450"
"2021-03-31","0.84","9277850","9277850","600","15484","600","15484"
"2021-03-30","0","377725","377725","595","635","595","635"
"2021-03-29","0","62225","62225","595","105","595","105"
"2021-03-26","0","1501185","1501185","595","2536","595","2536"
"2021-03-25","0.85","356350","356350","595","595","595","595"
"2021-03-24","-0.84","1933905","1933905","590","3240","590","3240"
"2021-03-23","0.85","641955","641955","595","1079","595","1079"
"2021-03-22","-0.84","168450","168450","590","285","590","285"
"2021-03-19","0","2216375","2216375","595","3725","595","3725"
"2021-03-18","0","91035","91035","595","153","595","153"
"2021-03-17","0.85","2086005","2086005","595","3507","595","3507"
"2021-03-16","-1.67","4690880","4690880","590","7893","590","7893"
"2021-03-15","0.84","5384300","5384300","600","9032","600","9032"
"2021-03-12","0","788970","788970","595","1326","595","1326"
"2021-03-11","0","745875","745875","595","1260","595","1260"
"2021-03-10","0.85","14068490","14068490","595","23675","595","23675"
"2021-03-09","0","952850","952850","590","1615","590","1615"
"2021-03-08","0","345150","345150","590","585","590","585"
"2021-03-05","0","892200","892200","590","1515","590","1515"
"2021-03-04","0.85","679090","679090","590","1151","590","1151"
"2021-03-03","0","432900","432900","585","740","585","740"
"2021-03-02","0.86","2112860","2112860","585","3621","585","3621"
"2021-03-01","-0.85","3722195","3722195","580","6377","580","6377"
"2021-02-26","0","149175","149175","585","255","585","255"
"2021-02-25","0","1154490","1154490","585","1974","585","1974"
"2021-02-24","-1.68","741840","741840","585","1260","585","1260"
"2021-02-23","0.85","755075","755075","595","1272","595","1272"
"2021-02-22","-0.84","2427210","2427210","590","4080","590","4080"
"2021-02-19","0.85","1697715","1697715","595","2974","595","2974"
"2021-02-18","0","388810","388810","590","659","590","659"
"2021-02-17","1.72","1219580","1219580","590","2071","590","2071"
"2021-02-16","0","1022990","1022990","580","1785","580","1785"
"2021-02-15","0","132220","132220","580","222","580","222"
"2021-02-12","0","990060","990060","580","1707","580","1707"
"2021-02-11","-1.69","3515090","3515090","580","6028","580","6028"
"2021-02-10","0","2077140","2077140","590","3566","590","3566"
"2021-02-09","-1.67","1942150","1942150","590","3286","590","3286"
"2021-02-08","0","1809400","1809400","600","3019","600","3019"
"2021-02-05","0","858840","858840","600","1445","600","1445"
"2021-02-04","0","1201900","1201900","600","2004","600","2004"
"2021-02-03","0","7063730","7063730","600","11755","600","11755"
"2021-02-02","-6.98","4083495","4083495","600","6682","600","6682"
"2021-02-01","0","951455","951455","645","1479","645","1479"
"2021-01-29","0","141900","141900","645","220","645","220"
"2021-01-28","0","204465","204465","645","317","645","317"
"2021-01-27","0","116780","116780","645","182","645","182"
"2021-01-26","-0.77","337065","337065","645","524","645","524"
"2021-01-25","0","117790","117790","650","182","650","182"
"2021-01-22","0","19500","19500","650","30","650","30"
"2021-01-21","0","169650","169650","650","261","650","261"
"2021-01-20","0","1253130","1253130","650","1913","650","1913"
"2021-01-19","4.84","836250","836250","650","1280","650","1280"
"2021-01-18","0","418550","418550","620","658","620","658"
"2021-01-15","0","1069820","1069820","620","1673","620","1673"
"2021-01-14","-3.13","19180","19180","620","30","620","30"
"2021-01-13","0","387330","387330","640","608","640","608"
"2021-01-12","1.59","413005","413005","640","650","640","650"
"2021-01-11","0","466830","466830","630","741","630","741"
"2021-01-08","-1.56","665560","665560","630","1047","630","1047"
"2021-01-07","0","705280","705280","640","1102","640","1102"
"2021-01-06","4.07","626960","626960","640","1019","640","1019"
"2021-01-05","0","801040","801040","615","1286","615","1286"
"2021-01-04","2.5","234345","234345","615","375","615","375"
"2020-12-31","-4.76","1035000","1035000","600","1725","600","1725"
"2020-12-30","-2.33","195205","195205","630","308","630","308"
"2020-12-29","0","942155","942155","645","1479","645","1479"
"2020-12-28","-0.77","170605","170605","645","268","645","268"
"2020-12-24","0","4161950","4161950","650","6403","650","6403"
"2020-12-23","0","3360540","3360540","650","5134","650","5134"
"2020-12-22","1.56","21856800","21856800","650","33634","650","33634"
"2020-12-21","3.23","2934385","2934385","640","4576","640","4576"
"2020-12-18","0","181325","181325","620","290","620","290"
"2020-12-17","0","4960","4960","620","8","620","8"
"2020-12-16","0","449870","449870","620","713","620","713"
"2020-12-15","-1.59","244420","244420","620","386","620","386"
"2020-12-14","1.61","171360","171360","630","272","630","272"
"2020-12-11","0","2553290","2553290","620","4237","620","4237"
"2020-12-10","-1.59","248000","248000","620","400","620","400"
"2020-12-09","5","60830","60830","630","101","630","101"
"2020-12-08","0","199800","199800","600","333","600","333"
"2020-12-07","0","292800","292800","600","488","600","488"
"2020-12-04","-4.76","849450","849450","600","1411","600","1411"
"2020-12-03","5","395615","395615","630","650","630","650"
"2020-12-02","0","1646560","1646560","600","2785","600","2785"
"2020-12-01","0","4103925","4103925","600","6840","600","6840"
"2020-11-30","0","477600","477600","600","796","600","796"
"2020-11-27","-0.83","3441475","3441475","600","5694","600","5694"
"2020-11-26","0","45125","45125","605","75","605","75"
"2020-11-25","-3.97","278300","278300","605","460","605","460"
"2020-11-24","-3.08","959430","959430","630","1596","630","1596"
"2020-11-23","-2.26","2015850","2015850","650","3062","650","3062"
"2020-11-20","0","3637200","3637200","665","5499","665","5499"
"2020-11-19","-1.48","833810","833810","665","1248","665","1248"
"2020-11-18","-0.74","452250","452250","675","670","675","670"
"2020-11-17","5.43","1293585","1293585","680","2005","680","2005"
"2020-11-16","7.5","1885475","1885475","645","2931","645","2931"
"2020-11-13","0","1517255","1517255","600","2529","600","2529"
"2020-11-12","0","5779800","5779800","600","9633","600","9633"
"2020-11-11","0.84","209260","209260","600","350","600","350"
"2020-11-10","0.85","540120","540120","595","913","595","913"
"2020-11-09","-1.67","598335","598335","590","1006","590","1006"
"2020-11-06","0.84","436720","436720","600","736","600","736"
"2020-11-05","-0.83","108380","108380","595","184","595","184"
"2020-11-04","0","492000","492000","600","820","600","820"
"2020-11-03","0","138025","138025","600","230","600","230"
"2020-11-02","-1.64","28550335","28550335","600","47242","600","47242"
"2020-10-30","0","209910","209910","610","349","610","349"
"2020-10-28","0","115000","115000","610","190","610","190"
"2020-10-27","0","690485","690485","610","1150","610","1150"
"2020-10-26","-1.61","35030","35030","610","57","610","57"
"2020-10-23","0","685100","685100","620","1105","620","1105"
"2020-10-22","0","775300","775300","620","1265","620","1265"
"2020-10-21","0","3369250","3369250","620","5576","620","5576"
"2020-10-20","-0.8","145080","145080","620","234","620","234"
"2020-10-19","0","20138675","20138675","625","32221","625","32221"
"2020-10-16","0","43750","43750","625","70","625","70"
"2020-10-15","-0.79","3480840","3480840","625","5789","625","5789"
"2020-10-14","2.44","863885","863885","630","1422","630","1422"
"2020-10-13","0","622380","622380","615","1012","615","1012"
"2020-10-12","0","412050","412050","615","670","615","670"
"2020-10-09","2.5","615","615","615","1","615","1"
"2020-10-08","0.84","812080","812080","600","1351","600","1351"
"2020-10-07","1.71","49580","49580","595","84","595","84"
"2020-10-06","0","334750","334750","585","570","585","570"
"2020-10-05","-0.85","4273255","4273255","585","7295","585","7295"
"2020-10-02","0","11249195","11249195","590","18944","590","18944"
"2020-10-01","-1.67","886380","886380","590","1502","590","1502"
"2020-09-30","0","349970","349970","600","590","600","590"
"2020-09-29","1.69","2296180","2296180","600","3972","600","3972"
"2020-09-28","-1.67","932990","932990","590","1576","590","1576"
"2020-09-25","-1.64","4399725","4399725","600","7241","600","7241"
"2020-09-24","0","671110","671110","610","1117","610","1117"
"2020-09-23","-0.81","280775","280775","610","460","610","460"
"2020-09-22","-0.81","93480","93480","615","152","615","152"
"2020-09-21","0","314580","314580","620","509","620","509"
"2020-09-18","0","1367300","1367300","620","2311","620","2311"
"2020-09-17","1.64","1939490","1939490","620","3152","620","3152"
"2020-09-16","-4.69","449905","449905","610","715","610","715"
"2020-09-15","-0.78","24779010","24779010","640","40620","640","40620"
"2020-09-11","-0.77","158770","158770","645","247","645","247"
"2020-09-10","-0.76","52000","52000","650","80","650","80"
"2020-09-09","7.38","135205","135205","655","221","655","221"
"2020-09-08","0.83","120490","120490","610","198","610","198"
"2020-09-07","-0.82","2302610","2302610","605","3864","605","3864"
"2020-09-04","7.02","6019250","6019250","610","9885","610","9885"
"2020-09-03","-5","3003050","3003050","570","5243","570","5243"
"2020-09-02","0","159000","159000","600","265","600","265"
"2020-09-01","1.69","5311090","5311090","600","9299","600","9299"
"2020-08-31","3.51","2268460","2268460","590","4011","590","4011"
"2020-08-28","0","1253600","1253600","570","2160","570","2160"
"2020-08-27","-0.87","5746950","5746950","570","10084","570","10084"
"2020-08-26","0.88","2017715","2017715","575","3554","575","3554"
"2020-08-25","-0.87","517085","517085","570","902","570","902"
"2020-08-24","0.88","17152910","17152910","575","30090","575","30090"
"2020-08-21","-1.72","2130450","2130450","570","3736","570","3736"
"2020-08-20","0","812950","812950","580","1401","580","1401"
"2020-08-19","-1.69","474515","474515","580","808","580","808"
"2020-08-18","-3.28","85780","85780","590","143","590","143"
"2020-08-17","3.39","41700","41700","610","70","610","70"
"2020-08-14","0.85","413680","413680","590","708","590","708"
"2020-08-13","-0.85","1951820","1951820","585","3354","585","3354"
"2020-08-12","-1.67","694840","694840","590","1184","590","1184"
"2020-08-11","3.45","285675","285675","600","477","600","477"
"2020-08-10","3.57","22284000","22284000","580","40370","580","40370"
"2020-08-06","-0.88","287280","287280","560","513","560","513"
"2020-08-05","0","1657830","1657830","565","2935","565","2935"
"2020-08-04","0","1130000","1130000","565","2000","565","2000"
"2020-08-03","-7.38","1228510","1228510","565","2083","565","2083"
"2020-07-30","0","324520","324520","610","532","610","532"
"2020-07-29","0","412475","412475","610","679","610","679"
"2020-07-28","0","248880","248880","610","408","610","408"
"2020-07-27","0","75030","75030","610","123","610","123"
"2020-07-24","0","3212895","3212895","610","5267","610","5267"
"2020-07-23","0","21800","21800","610","35","610","35"
"2020-07-22","0.83","12578185","12578185","610","20632","610","20632"
"2020-07-21","0","60600","60600","605","100","605","100"
"2020-07-20","0","690750","690750","605","1150","605","1150"
"2020-07-17","0","1087070","1087070","605","1834","605","1834"
"2020-07-16","-6.2","2047830","2047830","605","3358","605","3358"
"2020-07-15","0","223815","223815","645","347","645","347"
"2020-07-14","-2.27","373335","373335","645","575","645","575"
"2020-07-13","0","376635","376635","660","558","660","558"
"2020-07-10","0","1115860","1115860","660","1679","660","1679"
"2020-07-09","0","9240","9240","660","14","660","14"
"2020-07-08","1.54","493000","493000","660","750","660","750"
"2020-07-07","0","88100","88100","650","135","650","135"
"2020-07-06","1.56","1047615","1047615","650","1627","650","1627"
"2020-07-03","-0.78","638145","638145","640","993","640","993"
"2020-07-02","0.78","409240","409240","645","639","645","639"
"2020-07-01","-1.54","269900","269900","640","420","640","420"
"2020-06-30","-1.52","3319250","3319250","650","5105","650","5105"
"2020-06-29","-1.49","791360","791360","660","1192","660","1192"
"2020-06-26","2.29","500950","500950","670","760","670","760"
"2020-06-25","-0.76","667170","667170","655","1013","655","1013"
"2020-06-24","-0.75","653865","653865","660","983","660","983"
"2020-06-23","-0.75","157090","157090","665","236","665","236"
"2020-06-22","-0.74","476935","476935","670","711","670","711"
"2020-06-19","-0.74","573135","573135","675","848","675","848"
"2020-06-18","-0.73","1459580","1459580","680","2144","680","2144"
"2020-06-17","0","111655","111655","685","163","685","163"
"2020-06-16","-1.44","129515","129515","685","189","685","189"
"2020-06-15","1.46","2161395","2161395","695","3241","695","3241"
"2020-06-12","0","1459385","1459385","685","2131","685","2131"
"2020-06-11","7.03","6834060","6834060","685","11036","685","11036"
"2020-06-10","0","140160","140160","640","219","640","219"
"2020-06-09","0","1121340","1121340","640","1751","640","1751"
"2020-06-08","0","715955","715955","640","1122","640","1122"
"2020-06-05","4.92","1142825","1142825","640","1794","640","1794"
"2020-06-04","0.83","37540","37540","610","62","610","62"
"2020-06-03","0.83","2912980","2912980","605","4801","605","4801"
"2020-06-02","0","2113275","2113275","600","3550","600","3550"
"2020-05-29","0","10716710","10716710","600","18541","600","18541"
"2020-05-28","-0.83","2046405","2046405","600","3407","600","3407"
"2020-05-27","2.54","1900825","1900825","605","3167","605","3167"
"2020-05-26","-7.09","1281850","1281850","590","2125","590","2125"
"2020-05-25","0.79","1220325","1220325","635","1977","635","1977"
"2020-05-22","5","711530","711530","630","1181","630","1181"
"2020-05-19","-4.76","2777175","2777175","600","4568","600","4568"
"2020-05-18","-1.56","1338230","1338230","630","2132","630","2132"
"2020-05-15","6.67","380795","380795","640","605","640","605"
"2020-05-14","-4","4320180","4320180","600","7242","600","7242"
"2020-05-13","4.17","1892900","1892900","625","3154","625","3154"
"2020-05-12","0","3646800","3646800","600","6078","600","6078"
"2020-05-11","0","3539400","3539400","600","5899","600","5899"
"2020-05-08","0","1852265","1852265","600","3087","600","3087"
"2020-05-07","0","891750","891750","600","1475","600","1475"
"2020-05-06","0","2569200","2569200","600","4282","600","4282"
"2020-05-05","0","2242950","2242950","600","3610","600","3610"
"2020-05-04","0","1992775","1992775","600","3300","600","3300"
"2020-04-30","-6.98","3789455","3789455","600","6104","600","6104"
"2020-04-29","0","449920","449920","645","695","645","695"
"2020-04-28","1.57","1023960","1023960","645","1610","645","1610"
"2020-04-27","0","2802180","2802180","635","4417","635","4417"
"2020-04-24","-2.31","3130365","3130365","635","4929","635","4929"
"2020-04-23","0","1300","1300","650","2","650","2"
"2020-04-22","-3.7","390950","390950","650","598","650","598"
"2020-04-21","-3.57","1949700","1949700","675","2841","675","2841"
"2020-04-20","3.7","343375","343375","700","508","700","508"
"2020-04-17","-3.57","539325","539325","675","789","675","789"
"2020-04-16","0","1024775","1024775","700","1474","700","1474"
"2020-04-15","0.72","105000","105000","700","150","700","150"
"2020-04-14","0","1722905","1722905","695","2475","695","2475"
"2020-04-10","-0.71","158840","158840","695","228","695","228"
"2020-04-09","0","161700","161700","700","231","700","231"
"2020-04-08","0","916300","916300","700","1309","700","1309"
"2020-04-07","0","4610970","4610970","700","6633","700","6633"
"2020-04-06","0","262500","262500","700","375","700","375"
"2020-04-03","0","332500","332500","700","475","700","475"
"2020-04-02","-4.76","3873000","3873000","700","5527","700","5527"
"2020-04-01","-2","2049525","2049525","735","2782","735","2782"
"2020-03-31","1.35","37500","37500","750","50","750","50"
"2020-03-30","0","440860","440860","740","590","740","590"
"2020-03-27","-6.92","668580","668580","740","892","740","892"
"2020-03-26","-0.63","306075","306075","795","385","795","385"
"2020-03-24","6.67","7080","7080","800","9","800","9"
"2020-03-23","-2.6","1807530","1807530","750","2388","750","2388"
"2020-03-20","-3.14","162510","162510","770","208","770","208"
"2020-03-19","0","434070","434070","795","546","795","546"
"2020-03-18","0","111050","111050","795","139","795","139"
"2020-03-17","-0.63","302050","302050","795","378","795","378"
"2020-03-16","-1.84","498300","498300","800","621","800","621"
"2020-03-13","-1.81","103835","103835","815","127","815","127"
"2020-03-12","3.75","1499360","1499360","830","1858","830","1858"
"2020-03-11","0","1982250","1982250","800","2470","800","2470"
"2020-03-10","0","1484200","1484200","800","1849","800","1849"
"2020-03-09","0","554575","554575","800","686","800","686"
"2020-03-06","-1.84","1134450","1134450","800","1413","800","1413"
"2020-03-05","0.62","44825","44825","815","55","815","55"
"2020-03-04","0","400950","400950","810","495","810","495"
"2020-03-03","0","1768540","1768540","810","2184","810","2184"
"2020-03-02","0","272970","272970","810","337","810","337"
"2020-02-28","0","75080","75080","810","93","810","93"
"2020-02-27","0","420295","420295","810","522","810","522"
"2020-02-26","0","218200","218200","810","270","810","270"
"2020-02-25","-0.61","521670","521670","810","652","810","652"
"2020-02-24","3.16","2973885","2973885","815","3662","815","3662"
"2020-02-21","0","1926990","1926990","790","2468","790","2468"
"2020-02-20","0","164970","164970","790","207","790","207"
"2020-02-19","-1.25","148410","148410","790","186","790","186"
"2020-02-18","0","75200","75200","800","94","800","94"
"2020-02-17","0","1700800","1700800","800","2126","800","2126"
"2020-02-14","0","719400","719400","800","937","800","937"
"2020-02-13","-1.23","341900","341900","800","425","800","425"
"2020-02-12","-0.61","342270","342270","810","420","810","420"
"2020-02-11","1.24","15053525","15053525","815","18358","815","18358"
"2020-02-10","-5.29","6628700","6628700","805","8230","805","8230"
"2020-02-07","-3.95","2193455","2193455","850","2549","850","2549"
"2020-02-06","0","3635455","3635455","885","4128","885","4128"
"2020-02-05","2.91","29961430","29961430","885","34047","885","34047"
"2020-02-04","0","1537830","1537830","860","1788","860","1788"
"2020-02-03","-2.82","4604270","4604270","860","5349","860","5349"
"2020-01-31","2.91","596145","596145","885","692","885","692"
"2020-01-30","0","586820","586820","860","682","860","682"
"2020-01-29","0","464970","464970","860","547","860","547"
"2020-01-28","0","500070","500070","860","567","860","567"
"2020-01-27","-2.27","349810","349810","860","406","860","406"
"2020-01-24","-1.12","133900","133900","880","151","880","151"
"2020-01-23","0","1023545","1023545","890","1175","890","1175"
"2020-01-22","0","136930","136930","890","154","890","154"
"2020-01-21","4.71","32130","32130","890","37","890","37"
"2020-01-20","0","585835","585835","850","694","850","694"
"2020-01-17","0","76500","76500","850","90","850","90"
"2020-01-16","5.59","157250","157250","850","185","850","185"
"2020-01-15","7.33","13685","13685","805","17","805","17"
"2020-01-14","-3.23","834200","834200","750","1112","750","1112"
"2020-01-13","-1.9","191895","191895","775","244","775","244"
"2020-01-10","1.28","898485","898485","790","1139","790","1139"
"2020-01-09","-7.14","1187740","1187740","780","1503","780","1503"
"2020-01-08","-5.62","83920","83920","840","99","840","99"
"2020-01-07","-1.11","635500","635500","890","710","890","710"
"2020-01-06","0","1107745","1107745","900","1231","900","1231"
"2020-01-03","5.88","985250","985250","900","1133","900","1133"
"2020-01-02","6.25","63750","63750","850","75","850","75"
"2019-12-31","7.38","10272720","10272720","800","12861","800","12861"
"2019-12-30","0","19808225","19808225","745","26660","745","26660"
"2019-12-27","0","234355","234355","745","314","745","314"
"2019-12-26","0","14900","14900","745","20","745","20"
"2019-12-24","2.05","96830","96830","745","131","745","131"
"2019-12-23","0.69","261925","261925","730","360","730","360"
"2019-12-20","-0.68","531400","531400","725","728","725","728"
"2019-12-19","0","419600","419600","730","575","730","575"
"2019-12-18","0","1194980","1194980","730","1643","730","1643"
"2019-12-17","0.69","372945","372945","730","513","730","513"
"2019-12-16","-0.68","414700","414700","725","572","725","572"
"2019-12-13","4.29","36500","36500","730","50","730","50"
"2019-12-12","-4.11","2145430","2145430","700","3021","700","3021"
"2019-12-11","0.69","148440","148440","730","203","730","203"
"2019-12-10","-0.68","534150","534150","725","736","725","736"
"2019-12-09","1.39","96090","96090","730","133","730","133"
"2019-12-06","0","236745","236745","720","327","720","327"
"2019-12-05","2.86","162720","162720","720","226","720","226"
"2019-12-04","0","759500","759500","700","1085","700","1085"
"2019-12-03","-6.04","1518600","1518600","700","2140","700","2140"
"2019-12-02","6.43","203640","203640","745","272","745","272"
"2019-11-29","-6.67","1220685","1220685","700","1744","700","1744"
"2019-11-28","0","82500","82500","750","110","750","110"
"2019-11-27","7.14","250505","250505","750","338","750","338"
"2019-11-26","-2.1","658810","658810","700","919","700","919"
"2019-11-25","-4.67","2261835","2261835","715","3212","715","3212"
"2019-11-22","0","176355","176355","750","235","750","235"
"2019-11-21","-5.66","351985","351985","750","456","750","456"
"2019-11-20","0","388130","388130","795","489","795","489"
"2019-11-19","-0.63","601500","601500","795","752","795","752"
"2019-11-18","6.67","20000","20000","800","25","800","25"
"2019-11-14","5.63","69896825","69896825","750","93200","750","93200"
"2019-11-13","-5.33","3181790","3181790","710","4422","710","4422"
"2019-11-12","1.35","2166650","2166650","750","2893","750","2893"
"2019-11-11","-1.33","1145775","1145775","740","1542","740","1542"
"2019-11-08","0","110550","110550","750","149","750","149"
"2019-11-07","1.35","15000","15000","750","20","750","20"
"2019-11-06","-0.67","219780","219780","740","297","740","297"
"2019-11-05","-0.67","20135","20135","745","27","745","27"
"2019-11-04","0","411735","411735","750","549","750","549"
"2019-10-31","1.35","1098800","1098800","750","1470","750","1470"
"2019-10-30","2.78","241605","241605","740","331","740","331"
"2019-10-29","1.41","225640","225640","720","317","720","317"
"2019-10-28","0","4479450","4479450","710","6309","710","6309"
"2019-10-25","-5.33","249780","249780","710","334","710","334"
"2019-10-24","0","922765","922765","750","1220","750","1220"
"2019-10-23","0","798630","798630","750","1115","750","1115"
"2019-10-22","-0.66","354455","354455","750","470","750","470"
"2019-10-21","-1.95","1298860","1298860","755","1742","755","1742"
"2019-10-18","2.67","509550","509550","770","680","770","680"
"2019-10-17","-2.6","1183360","1183360","750","1573","750","1573"
"2019-10-16","-1.28","307410","307410","770","395","770","395"
"2019-10-15","0","444600","444600","780","570","780","570"
"2019-10-14","-2.5","188800","188800","780","241","780","241"
"2019-10-11","3.23","52900","52900","800","68","800","68"
"2019-10-10","-6.63","1184935","1184935","775","1476","775","1476"
"2019-10-09","1.84","171900","171900","830","210","830","210"
"2019-10-08","1.88","207010","207010","815","257","815","257"
"2019-10-07","-3.61","252245","252245","800","313","800","313"
"2019-10-04","3.75","9960","9960","830","12","830","12"
"2019-10-03","2.56","775900","775900","800","973","800","973"
"2019-10-02","1.96","1318000","1318000","780","1740","780","1740"
"2019-10-01","-1.29","509150","509150","765","660","765","660"
"2019-09-30","1.31","120055","120055","775","155","775","155"
"2019-09-27","-1.29","425950","425950","765","556","765","556"
"2019-09-26","0","60450","60450","775","78","775","78"
"2019-09-25","-1.9","310200","310200","775","398","775","398"
"2019-09-24","-1.25","757090","757090","790","952","790","952"
"2019-09-23","1.27","508000","508000","800","635","800","635"
"2019-09-20","-1.25","143220","143220","790","178","790","178"
"2019-09-19","-1.23","2128085","2128085","800","2626","800","2626"
"2019-09-18","-1.82","530880","530880","810","652","810","652"
"2019-09-17","0","264825","264825","825","321","825","321"
"2019-09-16","0.61","2759395","2759395","825","3320","825","3320"
"2019-09-13","0","145390","145390","820","177","820","177"
"2019-09-12","-1.2","314030","314030","820","388","820","388"
"2019-09-11","3.11","127820","127820","830","154","830","154"
"2019-09-10","0","351785","351785","805","437","805","437"
"2019-09-09","0","77280","77280","805","96","805","96"
"2019-09-06","0","66010","66010","805","82","805","82"
"2019-09-05","0","81305","81305","805","101","805","101"
"2019-09-04","0","2198370","2198370","805","2747","805","2747"
"2019-09-03","0","656035","656035","805","807","805","807"
"2019-09-02","-3.59","408010","408010","805","506","805","506"
"2019-08-30","3.73","252680","252680","835","308","835","308"
"2019-08-29","-3.01","1199520","1199520","805","1462","805","1462"
"2019-08-28","-0.6","1185065","1185065","830","1434","830","1434"
"2019-08-27","1.21","19567040","19567040","835","23441","835","23441"
"2019-08-26","0","374290","374290","825","450","825","450"
"2019-08-23","-1.2","128630","128630","825","155","825","155"
"2019-08-22","1.21","835","835","835","1","835","1"
"2019-08-21","-0.6","660455","660455","825","794","825","794"
"2019-08-20","0","144620","144620","830","173","830","173"
"2019-08-19","-1.19","180655","180655","830","217","830","217"
"2019-08-16","2.44","1093835","1093835","840","1311","840","1311"
"2019-08-14","-1.2","308050","308050","820","372","820","372"
"2019-08-13","0","152670","152670","830","188","830","188"
"2019-08-09","-1.19","895045","895045","830","1109","830","1109"
"2019-08-08","0","435100","435100","840","518","840","518"
"2019-08-06","0","16800","16800","840","20","840","20"
"2019-08-05","0.6","343155","343155","840","410","840","410"
"2019-08-02","-0.6","2404000","2404000","835","3000","835","3000"
"2019-08-01","-1.18","122340","122340","840","144","840","144"
"2019-07-31","-2.86","97600","97600","850","115","850","115"
"2019-07-30","0.57","594125","594125","875","679","875","679"
"2019-07-29","0","310090","310090","870","357","870","357"
"2019-07-26","0","266830","266830","870","309","870","309"
"2019-07-25","0","698970","698970","870","806","870","806"
"2019-07-24","1.75","1207560","1207560","870","1393","870","1393"
"2019-07-23","0","479655","479655","855","561","855","561"
"2019-07-22","0","273600","273600","855","320","855","320"
"2019-07-19","0.59","900965","900965","855","1053","855","1053"
"2019-07-18","0","682925","682925","850","820","850","820"
"2019-07-17","1.19","1561295","1561295","850","1846","850","1846"
"2019-07-16","-3.45","1583980","1583980","840","1846","840","1846"
"2019-07-15","2.35","573505","573505","870","657","870","657"
"2019-07-12","0","515170","515170","850","600","850","600"
"2019-07-11","-1.73","989550","989550","850","1162","850","1162"
"2019-07-10","-1.14","86500","86500","865","100","865","100"
"2019-07-09","0","368405","368405","875","421","875","421"
"2019-07-08","-1.13","246200","246200","875","281","875","281"
"2019-07-05","0","224015","224015","885","261","885","261"
"2019-07-04","1.14","920400","920400","885","1040","885","1040"
"2019-07-03","0","715325","715325","875","845","875","845"
"2019-07-02","4.79","3532335","3532335","875","4192","875","4192"
"2019-07-01","-5.65","2457135","2457135","835","2926","835","2926"
"2019-06-28","1.14","191160","191160","885","216","885","216"
"2019-06-27","-2.23","876995","876995","875","991","875","991"
"2019-06-26","1.7","17900","17900","895","20","895","20"
"2019-06-25","-2.22","222000","222000","880","248","880","248"
"2019-06-24","0","18900","18900","900","21","900","21"
"2019-06-21","5.26","332665","332665","900","370","900","370"
"2019-06-20","-2.29","2575255","2575255","855","3011","855","3011"
"2019-06-19","-6.91","10230245","10230245","875","11472","875","11472"
"2019-06-18","6.21","584125","584125","940","652","940","652"
"2019-06-17","1.14","1100800","1100800","885","1227","885","1227"
"2019-06-14","2.94","2747500","2747500","875","3140","875","3140"
"2019-06-13","0.59","7234230","7234230","850","8554","850","8554"
"2019-06-12","-0.59","720070","720070","845","848","845","848"
"2019-06-11","0","4173970","4173970","850","4949","850","4949"
"2019-06-07","4.94","913800","913800","850","1100","850","1100"
"2019-06-06","-2.99","4326895","4326895","810","5182","810","5182"
"2019-06-05","-7.22","5080000","5080000","835","5955","835","5955"
"2019-06-03","-2.7","279850","279850","900","311","900","311"
"2019-05-31","-0.54","63155","63155","925","68","925","68"
"2019-05-29","-1.06","69750","69750","930","75","930","75"
"2019-05-28","1.08","48880","48880","940","52","940","52"
"2019-05-27","0","279050","279050","930","300","930","300"
"2019-05-24","-5.58","706685","706685","930","753","930","753"
"2019-05-23","7.07","417095","417095","985","443","985","443"
"2019-05-22","-1.08","2230660","2230660","920","2378","920","2378"
"2019-05-21","-1.06","647405","647405","930","698","930","698"
"2019-05-20","-0.53","57340","57340","940","61","940","61"
"2019-05-17","-2.58","788430","788430","945","825","945","825"
"2019-05-16","1.57","388000","388000","970","400","970","400"
"2019-05-15","-2.55","1394770","1394770","955","1460","955","1460"
"2019-05-14","-1.51","58800","58800","980","60","980","60"
"2019-05-13","-0.5","3725935","3725935","995","3905","995","3905"
"2019-05-10","4.17","262000","262000","1000","262","1000","262"
"2019-05-09","-4","894900","894900","960","932","960","932"
"2019-05-08","0","4311560","4311560","1000","4443","1000","4443"
"2019-05-07","0","192000","192000","1000","192","1000","192"
"2019-05-06","-2.44","1605250","1605250","1000","1593","1000","1593"
"2019-05-03","0","307500","307500","1025","300","1025","300"
"2019-05-02","-1.91","1491775","1491775","1025","1452","1025","1452"
"2019-04-30","-0.48","148700","148700","1045","144","1045","144"
"2019-04-29","-4.55","6249400","6249400","1050","5729","1050","5729"
"2019-04-26","0.46","5704375","5704375","1100","5175","1100","5175"
"2019-04-25","7.35","3455950","3455950","1095","3190","1095","3190"
"2019-04-24","7.37","9830665","9830665","1020","9838","1020","9838"
"2019-04-23","5.56","1132300","1132300","950","1208","950","1208"
"2019-04-19","-2.17","1072790","1072790","900","1181","900","1181"
"2019-04-18","2.22","269180","269180","920","298","920","298"
"2019-04-17","0","113400","113400","900","126","900","126"
"2019-04-16","0","151500","151500","900","168","900","168"
"2019-04-15","-1.1","4869310","4869310","900","5400","900","5400"
"2019-04-12","-1.09","776915","776915","910","845","910","845"
"2019-04-11","1.66","230000","230000","920","250","920","250"
"2019-04-10","-0.55","527515","527515","905","580","905","580"
"2019-04-09","-1.09","402350","402350","910","430","910","430"
"2019-04-08","2.22","263240","263240","920","287","920","287"
"2019-04-05","0","144800","144800","900","160","900","160"
"2019-04-04","-2.17","114000","114000","900","125","900","125"
"2019-04-03","3.37","962530","962530","920","1078","920","1078"
"2019-04-02","0","2988160","2988160","890","3356","890","3356"
"2019-04-01","-3.26","2032670","2032670","890","2253","890","2253"
"2019-03-29","-2.13","368000","368000","920","400","920","400"
"2019-03-28","-0.53","324925","324925","940","345","940","345"
"2019-03-27","0","96390","96390","945","102","945","102"
"2019-03-26","1.07","540290","540290","945","572","945","572"
"2019-03-25","0","1222035","1222035","935","1312","935","1312"
"2019-03-22","0","10035","10035","935","11","935","11"
"2019-03-21","0","46650","46650","935","50","935","50"
"2019-03-20","1.63","259250","259250","935","280","935","280"
"2019-03-19","3.95","560520","560520","920","626","920","626"
"2019-03-18","4.12","26450","26450","885","30","885","30"
"2019-03-15","-4.49","1893305","1893305","850","2157","850","2157"
"2019-03-14","0","53400","53400","890","60","890","60"
"2019-03-13","0","779825","779825","890","871","890","871"
"2019-03-12","-1.11","273150","273150","890","305","890","305"
"2019-03-11","2.27","18000","18000","900","20","900","20"
"2019-03-08","-2.22","407885","407885","880","460","880","460"
"2019-03-07","0","739350","739350","900","824","900","824"
"2019-03-06","0.56","1766700","1766700","900","2067","900","2067"
"2019-03-05","-0.56","252115","252115","895","281","895","281"
"2019-03-04","0","65700","65700","900","74","900","74"
"2019-03-01","0.56","421390","421390","900","470","900","470"
"2019-02-28","2.29","245400","245400","895","280","895","280"
"2019-02-27","-2.78","504850","504850","875","580","875","580"
"2019-02-26","1.12","110700","110700","900","123","900","123"
"2019-02-25","-0.56","1427465","1427465","890","1587","890","1587"
"2019-02-22","-0.56","3451950","3451950","895","3836","895","3836"
"2019-02-21","0","5502425","5502425","900","6114","900","6114"
"2019-02-20","0","8404800","8404800","900","9327","900","9327"
"2019-02-19","-4.76","5206795","5206795","900","5694","900","5694"
"2019-02-15","2.16","327755","327755","945","353","945","353"
"2019-02-14","-0.54","2326600","2326600","925","2515","925","2515"
"2019-02-13","0.54","542410","542410","930","586","930","586"
"2019-02-12","3.35","3049105","3049105","925","3345","925","3345"
"2019-02-11","0.56","165340","165340","895","196","895","196"
"2019-02-08","-1.11","9050650","9050650","890","10820","890","10820"
"2019-02-07","3.45","11724210","11724210","900","13096","900","13096"
"2019-02-06","0.58","2379560","2379560","870","2770","870","2770"
"2019-02-05","7.45","1816000","1816000","865","2245","865","2245"
"2019-02-04","0.63","500800","500800","805","622","805","622"
"2019-02-01","-5.88","10662575","10662575","800","13116","800","13116"
"2019-01-31","-4.49","735610","735610","850","863","850","863"
"2019-01-30","5.33","12707530","12707530","890","14724","890","14724"
"2019-01-29","-0.59","838440","838440","845","1004","845","1004"
"2019-01-28","0","162350","162350","850","191","850","191"
"2019-01-25","-5.56","6475550","6475550","850","7335","850","7335"
"2019-01-24","0","900000","900000","900","1000","900","1000"
"2019-01-23","-1.1","5900400","5900400","900","6556","900","6556"
"2019-01-22","1.68","2712620","2712620","910","3029","910","3029"
"2019-01-21","-0.56","1050750","1050750","895","1170","895","1170"
"2019-01-18","-1.64","814390","814390","900","908","900","908"
"2019-01-17","0","46665","46665","915","51","915","51"
"2019-01-16","0","1354945","1354945","915","1512","915","1512"
"2019-01-15","-1.61","10120060","10120060","915","11060","915","11060"
"2019-01-14","0","8757865","8757865","930","9752","930","9752"
"2019-01-11","-0.53","151590","151590","930","163","930","163"
"2019-01-10","3.89","662950","662950","935","714","935","714"
"2019-01-09","0","417675","417675","900","465","900","465"
"2019-01-08","1.12","4728975","4728975","900","5254","900","5254"
"2019-01-07","-0.56","2230050","2230050","890","2478","890","2478"
"2019-01-04","-0.56","136620","136620","895","153","895","153"
"2019-01-03","-4.76","1954755","1954755","900","2168","900","2168"
"2019-01-02","0","795415","795415","945","855","945","855"
"2018-12-31","0","28250","28250","945","30","945","30"
"2018-12-28","-3.08","168895","168895","945","181","945","181"
"2018-12-27","0.52","773485","773485","975","783","975","783"
"2018-12-26","7.18","573375","573375","970","601","970","601"
"2018-12-24","0.56","90500","90500","905","100","905","100"
"2018-12-21","-2.17","706035","706035","900","750","900","750"
"2018-12-20","2.22","1709620","1709620","920","1869","920","1869"
"2018-12-19","0","2755900","2755900","900","3176","900","3176"
"2018-12-18","7.14","3601800","3601800","900","4002","900","4002"
"2018-12-17","-1.18","1508300","1508300","840","1789","840","1789"
"2018-12-14","-5.56","813350","813350","850","952","850","952"
"2018-12-13","0","3699690","3699690","900","4082","900","4082"
"2018-12-12","-1.64","1192400","1192400","900","1326","900","1326"
"2018-12-11","0","354765","354765","915","387","915","387"
"2018-12-10","-3.68","100650","100650","915","110","915","110"
"2018-12-07","-1.04","234350","234350","950","245","950","245"
"2018-12-06","-3.52","199350","199350","960","210","960","210"
"2018-12-05","0.51","119010","119010","995","120","995","120"
"2018-12-04","-0.5","56605","56605","990","57","990","57"
"2018-12-03","-0.5","606850","606850","995","610","995","610"
"2018-11-30","0","2000","2000","1000","2","1000","2"
"2018-11-29","5.82","2904980","2904980","1000","2933","1000","2933"
"2018-11-28","0","28350","28350","945","30","945","30"
"2018-11-27","3.28","1926980","1926980","945","2124","945","2124"
"2018-11-26","-1.08","246000","246000","915","270","915","270"
"2018-11-23","6.32","1852575","1852575","925","2029","925","2029"
"2018-11-22","1.16","348200","348200","870","405","870","405"
"2018-11-21","0","71380","71380","860","83","860","83"
"2018-11-19","1.78","500150","500150","860","588","860","588"
"2018-11-16","-0.59","1153425","1153425","845","1365","845","1365"
"2018-11-14","-1.73","323150","323150","850","378","850","378"
"2018-11-13","0","275625","275625","865","320","865","320"
"2018-11-12","-0.57","1460870","1460870","865","1693","865","1693"
"2018-11-09","-0.57","136590","136590","870","157","870","157"
"2018-11-08","-2.78","387275","387275","875","440","875","440"
"2018-11-07","0","59150","59150","900","66","900","66"
"2018-11-06","-5.26","172740","172740","900","175","900","175"
"2018-11-05","-5","2509300","2509300","950","2522","950","2522"
"2018-11-02","1.01","675000","675000","1000","675","1000","675"
"2018-10-31","7.03","2657160","2657160","990","2684","990","2684"
"2018-10-30","6.94","2370725","2370725","925","2711","925","2711"
"2018-10-29","4.85","18291110","18291110","865","21296","865","21296"
"2018-10-26","2.48","2039700","2039700","825","2365","825","2365"
"2018-10-25","0.63","521775","521775","805","652","805","652"
"2018-10-24","0","36972800","36972800","800","46216","800","46216"
"2018-10-23","0","2195200","2195200","800","2744","800","2744"
"2018-10-22","0","1644000","1644000","800","2055","800","2055"
"2018-10-19","0","547600","547600","800","685","800","685"
"2018-10-18","0","1054600","1054600","800","1318","800","1318"
"2018-10-17","-6.98","8300150","8300150","800","10151","800","10151"
"2018-10-16","-1.15","3213890","3213890","860","3780","860","3780"
"2018-10-15","-0.57","147750","147750","870","175","870","175"
"2018-10-12","4.17","2267620","2267620","875","2675","875","2675"
"2018-10-11","-0.59","611765","611765","840","729","840","729"
"2018-10-10","-0.59","2046300","2046300","845","2553","845","2553"
"2018-10-09","6.25","1192630","1192630","850","1478","850","1478"
"2018-10-08","0","2475800","2475800","800","3087","800","3087"
"2018-10-05","-5.88","1631795","1631795","800","1940","800","1940"
"2018-10-04","-2.86","544655","544655","850","630","850","630"
"2018-10-03","-2.23","1297080","1297080","875","1462","875","1462"
"2018-10-02","-0.56","1994980","1994980","895","2324","895","2324"
"2018-10-01","0","1366690","1366690","900","1508","900","1508"
"2018-09-28","0","1971650","1971650","900","2192","900","2192"
"2018-09-27","5.26","30196010","30196010","900","33566","900","33566"
"2018-09-26","-3.93","970695","970695","855","1090","855","1090"
"2018-09-25","-1.11","478735","478735","890","531","890","531"
"2018-09-24","0","288000","288000","900","320","900","320"
"2018-09-21","-1.64","1212095","1212095","900","1345","900","1345"
"2018-09-20","0","263120","263120","915","288","915","288"
"2018-09-19","0","469395","469395","915","513","915","513"
"2018-09-18","0","2649275","2649275","915","2909","915","2909"
"2018-09-17","1.1","649185","649185","915","707","915","707"
"2018-09-14","-3.21","688745","688745","905","755","905","755"
"2018-09-13","-0.53","183685","183685","935","196","935","196"
"2018-09-12","0","263200","263200","940","280","940","280"
"2018-09-11","0","28300","28300","940","30","940","30"
"2018-09-10","1.08","24880","24880","940","27","940","27"
"2018-09-07","-1.59","46950","46950","930","50","930","50"
"2018-09-06","3.28","534100","534100","945","580","945","580"
"2018-09-05","0","1440075","1440075","915","1580","915","1580"
"2018-09-04","0","2431265","2431265","915","2664","915","2664"
"2018-09-03","0","3202330","3202330","915","3490","915","3490"
"2018-08-31","-2.66","1550350","1550350","915","1650","915","1650"
"2018-08-30","0","1022290","1022290","940","1088","940","1088"
"2018-08-29","-1.05","1583250","1583250","940","1670","940","1670"
"2018-08-28","-5","4715685","4715685","950","4834","950","4834"
"2018-08-27","2.04","6108290","6108290","1000","6209","1000","6209"
"2018-08-24","-1.01","2288225","2288225","980","2298","980","2298"
"2018-08-23","0.51","9064775","9064775","990","9072","990","9072"
"2018-08-22","-1.5","138150","138150","985","140","985","140"
"2018-08-20","1.01","2243700","2243700","1000","2248","1000","2248"
"2018-08-17","-0.5","312035","312035","990","315","990","315"
"2018-08-16","0","11219550","11219550","995","11251","995","11251"
"2018-08-14","-0.5","3160160","3160160","995","3176","995","3176"
"2018-08-13","0","2011850","2011850","1000","2005","1000","2005"
"2018-08-10","0","11962870","11962870","1000","11955","1000","11955"
"2018-08-09","-6.1","5566500","5566500","1000","5514","1000","5514"
"2018-08-08","6.5","1239110","1239110","1065","1173","1065","1173"
"2018-08-03","-6.98","1353190","1353190","1000","1314","1000","1314"
"2018-08-02","6.97","197225","197225","1075","184","1075","184"
"2018-08-01","2.55","4691005","4691005","1005","4698","1005","4698"
"2018-07-31","0","69355","69355","980","70","980","70"
"2018-07-30","-2","1029430","1029430","980","1062","980","1062"
"2018-07-27","0","349000","349000","1000","349","1000","349"
"2018-07-26","0","498750","498750","1000","510","1000","510"
"2018-07-25","-4.76","1517525","1517525","1000","1446","1000","1446"
"2018-07-24","0","1290950","1290950","1050","1232","1050","1232"
"2018-07-23","-4.11","392335","392335","1050","358","1050","358"
"2018-07-20","-1.79","909150","909150","1095","834","1095","834"
"2018-07-19","1.36","362500","362500","1115","325","1115","325"
"2018-07-18","4.76","203350","203350","1100","189","1100","189"
"2018-07-17","-7.08","644880","644880","1050","581","1050","581"
"2018-07-16","-3","452000","452000","1130","400","1130","400"
"2018-07-13","1.3","796155","796155","1165","689","1165","689"
"2018-07-12","4.55","328230","328230","1150","290","1150","290"
"2018-07-11","-4.35","1635820","1635820","1100","1430","1100","1430"
"2018-07-10","2.68","818460","818460","1150","714","1150","714"
"2018-07-09","0","2934360","2934360","1120","2569","1120","2569"
"2018-07-06","-3.45","871710","871710","1120","756","1120","756"
"2018-07-05","-1.69","593690","593690","1160","510","1160","510"
"2018-07-04","0","713900","713900","1180","605","1180","605"
"2018-07-03","2.61","2254450","2254450","1180","1934","1180","1934"
"2018-07-02","4.55","6742390","6742390","1150","5839","1150","5839"
"2018-06-29","1.38","655500","655500","1100","600","1100","600"
"2018-06-28","0","382970","382970","1085","352","1085","352"
"2018-06-27","7.43","399885","399885","1085","392","1085","392"
"2018-06-26","-3.81","874105","874105","1010","870","1010","870"
"2018-06-25","-2.33","976840","976840","1050","927","1050","927"
"2018-06-22","7.5","148275","148275","1075","145","1075","145"
"2018-06-21","-0.5","1515115","1515115","1000","1507","1000","1507"
"2018-06-20","0.5","1220410","1220410","1005","1190","1005","1190"
"2018-06-19","-4.76","6251860","6251860","1000","6168","1000","6168"
"2018-06-18","5","585935","585935","1050","581","1050","581"
"2018-06-15","2.04","2206810","2206810","1000","2208","1000","2208"
"2018-06-13","7.1","1201495","1201495","980","1229","980","1229"
"2018-06-12","0","1286390","1286390","915","1406","915","1406"
"2018-06-08","0.55","727220","727220","915","797","915","797"
"2018-06-07","0.55","1081690","1081690","910","1189","910","1189"
"2018-06-06","0.56","581575","581575","905","643","905","643"
"2018-06-05","0","1176260","1176260","900","1307","900","1307"
"2018-06-04","0","403330","403330","900","447","900","447"
"2018-06-01","-1.1","2611550","2611550","900","2900","900","2900"
"2018-05-31","0","8051940","8051940","910","8880","910","8880"
"2018-05-30","-0.55","1530190","1530190","910","1696","910","1696"
"2018-05-29","0","1464635","1464635","915","1613","915","1613"
"2018-05-28","0","465635","465635","915","510","915","510"
"2018-05-25","0","14183630","14183630","915","15472","915","15472"
"2018-05-24","0","675825","675825","915","742","915","742"
"2018-05-23","0","732310","732310","915","801","915","801"
"2018-05-22","0","1475385","1475385","915","1619","915","1619"
"2018-05-18","-0.54","3091995","3091995","915","3281","915","3281"
"2018-05-17","-0.54","1086985","1086985","920","1172","920","1172"
"2018-05-16","-7.5","1432240","1432240","925","1502","925","1502"
"2018-05-15","0","440090","440090","1000","440","1000","440"
"2018-05-14","-4.76","807700","807700","1000","791","1000","791"
"2018-05-11","-4.55","2907520","2907520","1050","2787","1050","2787"
"2018-05-09","0","920700","920700","1100","837","1100","837"
"2018-05-08","-2.22","785500","785500","1100","708","1100","708"
"2018-05-07","-2.17","1097925","1097925","1125","964","1125","964"
"2018-05-04","0","386450","386450","1150","338","1150","338"
"2018-05-03","0","11370390","11370390","1150","9766","1150","9766"
"2018-05-02","-3.36","698350","698350","1150","597","1150","597"
"2018-04-30","0","1309000","1309000","1190","1100","1190","1100"
"2018-04-27","0.85","4480350","4480350","1190","3765","1190","3765"
"2018-04-26","-0.84","233910","233910","1180","207","1180","207"
"2018-04-25","-2.46","2259660","2259660","1190","1888","1190","1888"
"2018-04-24","1.67","3396540","3396540","1220","2795","1220","2795"
"2018-04-23","0.84","3721600","3721600","1200","3310","1200","3310"
"2018-04-20","7.21","480620","480620","1190","420","1190","420"
"2018-04-19","-7.11","158130","158130","1110","139","1110","139"
"2018-04-18","-0.42","956335","956335","1195","797","1195","797"
"2018-04-17","0","5522450","5522450","1200","4580","1200","4580"
"2018-04-16","-2.04","2899270","2899270","1200","2431","1200","2431"
"2018-04-13","-4.3","417950","417950","1225","336","1225","336"
"2018-04-12","0","1088770","1088770","1280","889","1280","889"
"2018-04-11","0","5007695","5007695","1280","3903","1280","3903"
"2018-04-10","-7.25","3591630","3591630","1280","2750","1280","2750"
"2018-04-09","-7.38","500340","500340","1380","360","1380","360"
"2018-04-06","7.19","120690","120690","1490","81","1490","81"
"2018-04-05","-7.33","4788455","4788455","1390","3200","1390","3200"
"2018-04-04","0.33","14432155","14432155","1500","9087","1500","9087"
"2018-04-03","6.79","2737150","2737150","1495","1847","1495","1847"
"2018-03-30","-6.04","317730","317730","1400","227","1400","227"
"2018-03-29","6.81","7564720","7564720","1490","5403","1490","5403"
"2018-03-28","7.31","1833820","1833820","1395","1342","1395","1342"
"2018-03-27","-2.62","463085","463085","1300","347","1300","347"
"2018-03-26","-4.64","327475","327475","1335","241","1335","241"
"2018-03-23","5.66","2217725","2217725","1400","1585","1400","1585"
"2018-03-22","1.92","130900","130900","1325","100","1325","100"
"2018-03-21","-6.81","8548025","8548025","1300","6223","1300","6223"
"2018-03-20","-0.36","682750","682750","1395","490","1395","490"
"2018-03-19","0.36","441970","441970","1400","316","1400","316"
"2018-03-16","3.72","3726135","3726135","1395","2811","1395","2811"
"2018-03-15","-7.24","1211050","1211050","1345","890","1345","890"
"2018-03-14","-2.68","239250","239250","1450","167","1450","167"
"2018-03-13","2.76","1291700","1291700","1490","890","1490","890"
"2018-03-12","6.62","6284700","6284700","1450","4566","1450","4566"
"2018-03-09","-7.17","4539175","4539175","1360","3331","1360","3331"
"2018-03-08","-7.28","1931480","1931480","1465","1312","1465","1312"
"2018-03-07","-1.25","9612465","9612465","1580","6261","1580","6261"
"2018-03-06","4.58","12894070","12894070","1600","8416","1600","8416"
"2018-03-05","7.37","3491790","3491790","1530","2283","1530","2283"
"2018-03-02","7.14","2116100","2116100","1425","1487","1425","1487"
"2018-03-01","7.26","2739800","2739800","1330","2060","1330","2060"
"2018-02-28","7.36","2188600","2188600","1240","1765","1240","1765"
"2018-02-27","7.44","254100","254100","1155","220","1155","220"
"2018-02-26","7.5","107500","107500","1075","100","1075","100"
"2018-02-23","5.26","3266500","3266500","1000","3320","1000","3320"
"2018-02-22","3.26","41315400","41315400","950","45820","950","45820"
"2018-02-21","-0.54","655085","655085","920","708","920","708"
"2018-02-20","1.65","1670180","1670180","925","1826","925","1826"
"2018-02-19","0","2984450","2984450","910","3147","910","3147"
"2018-02-16","3.41","5262250","5262250","910","5828","910","5828"
"2018-02-15","-1.68","1831260","1831260","880","2068","880","2068"
"2018-02-14","1.13","1395275","1395275","895","1584","895","1584"
"2018-02-13","3.51","448895","448895","885","507","885","507"
"2018-02-12","-3.39","732905","732905","855","841","855","841"
"2018-02-09","2.31","401790","401790","885","454","885","454"
"2018-02-08","-2.26","240150","240150","865","270","865","270"
"2018-02-07","0","699325","699325","885","795","885","795"
"2018-02-06","-1.12","1540470","1540470","885","1738","885","1738"
"2018-02-05","0","929280","929280","895","1034","895","1034"
"2018-02-02","-0.56","302710","302710","895","338","895","338"
"2018-02-01","0","6894215","6894215","900","7840","900","7840"
"2018-01-31","0.56","309940","309940","900","345","900","345"
"2018-01-30","-0.56","1009750","1009750","895","1122","895","1122"
"2018-01-29","0","1480500","1480500","900","1645","900","1645"
"2018-01-26","4.65","987260","987260","900","1115","900","1115"
"2018-01-25","0","1181390","1181390","860","1374","860","1374"
"2018-01-24","0","296825","296825","860","345","860","345"
"2018-01-23","0","2690395","2690395","860","3131","860","3131"
"2018-01-22","0","8600","8600","860","10","860","10"
"2018-01-19","0","2077595","2077595","860","2363","860","2363"
"2018-01-18","1.18","1611785","1611785","860","1782","860","1782"
"2018-01-17","1.8","492050","492050","850","590","850","590"
"2018-01-16","-0.6","300685","300685","835","369","835","369"
"2018-01-15","5","37800","37800","840","45","840","45"
"2018-01-12","0","673600","673600","800","842","800","842"
"2018-01-11","0","663980","663980","800","830","800","830"
"2018-01-10","0","1007250","1007250","800","1260","800","1260"
"2018-01-09","0","2838400","2838400","800","3548","800","3548"
"2018-01-08","-5.33","785010","785010","800","963","800","963"
"2018-01-05","0.6","1014690","1014690","845","1202","845","1202"
"2018-01-04","-0.59","1453200","1453200","840","1730","840","1730"
"2018-01-03","-1.74","1839865","1839865","845","2177","845","2177"
"2018-01-02","-4.44","7462330","7462330","860","8667","860","8667"
"2017-12-29","5.88","259000","259000","900","287","900","287"
"2017-12-28","5.59","1234055","1234055","850","1455","850","1455"
"2017-12-27","0","1128005","1128005","805","1402","805","1402"
"2017-12-26","0.63","741925","741925","805","924","805","924"
"2017-12-22","0","3922530","3922530","800","4893","800","4893"
"2017-12-21","0","647600","647600","800","822","800","822"
"2017-12-20","0.63","671980","671980","800","848","800","848"
"2017-12-19","0","364315","364315","795","457","795","457"
"2017-12-18","0","663030","663030","795","834","795","834"
"2017-12-15","0","255990","255990","795","322","795","322"
"2017-12-14","-0.63","818450","818450","795","1031","795","1031"
"2017-12-13","0","1025190","1025190","800","1289","800","1289"
"2017-12-12","0","2302950","2302950","800","2877","800","2877"
"2017-12-11","0","534525","534525","800","655","800","655"
"2017-12-08","0","1010600","1010600","800","1220","800","1220"
"2017-12-07","0.63","913220","913220","800","1143","800","1143"
"2017-12-06","7.43","330720","330720","795","416","795","416"
"2017-12-05","-7.5","5280920","5280920","740","7013","740","7013"
"2017-12-04","0","9632250","9632250","800","11930","800","11930"
"2017-11-30","0","529870","529870","800","660","800","660"
"2017-11-29","0","9002350","9002350","800","11252","800","11252"
"2017-11-28","-6.98","1692910","1692910","800","2087","800","2087"
"2017-11-27","0","496780","496780","860","573","860","573"
"2017-11-24","-4.44","479910","479910","860","546","860","546"
"2017-11-23","0","330300","330300","900","367","900","367"
"2017-11-22","-1.1","570785","570785","900","614","900","614"
"2017-11-21","1.11","44320","44320","910","47","910","47"
"2017-11-20","-6.25","6397670","6397670","900","6770","900","6770"
"2017-11-17","1.59","430770","430770","960","447","960","447"
"2017-11-16","1.07","850420","850420","945","898","945","898"
"2017-11-14","-5.08","11220","11220","935","12","935","12"
"2017-11-13","5.35","1626235","1626235","985","1681","985","1681"
"2017-11-10","-3.61","372000","372000","935","392","935","392"
"2017-11-09","-0.51","138140","138140","970","142","970","142"
"2017-11-08","-1.02","597485","597485","975","609","975","609"
"2017-11-07","0.51","4277115","4277115","985","4483","985","4483"
"2017-11-06","1.03","3264070","3264070","980","3320","980","3320"
"2017-11-03","-1.52","176200","176200","970","180","970","180"
"2017-11-02","5.91","320125","320125","985","325","985","325"
"2017-10-31","2.76","541890","541890","930","598","930","598"
"2017-10-30","-2.69","16084665","16084665","905","17473","905","17473"
"2017-10-27","-5.1","81495","81495","930","84","930","84"
"2017-10-26","-0.51","535985","535985","980","545","980","545"
"2017-10-25","7.07","974135","974135","985","1027","985","1027"
"2017-10-24","6.98","55200","55200","920","60","920","60"
"2017-10-23","0.58","275095","275095","860","317","860","317"
"2017-10-20","-7.07","2010170","2010170","855","2112","855","2112"
"2017-10-19","-7.07","5942805","5942805","920","6419","920","6419"
"2017-10-18","0","338295","338295","990","345","990","345"
"2017-10-17","7.03","2225600","2225600","990","2394","990","2394"
"2017-10-16","-7.5","1149925","1149925","925","1155","925","1155"
"2017-10-13","0","7347635","7347635","1000","7383","1000","7383"
"2017-10-12","1.01","4905650","4905650","1000","5099","1000","5099"
"2017-10-11","3.13","1651575","1651575","990","1805","990","1805"
"2017-10-10","-0.52","1108165","1108165","960","1174","960","1174"
"2017-10-09","0.52","423910","423910","965","438","965","438"
"2017-10-06","-3.52","401070","401070","960","414","960","414"
"2017-10-05","0.51","490225","490225","995","491","995","491"
"2017-10-04","7.03","1352425","1352425","990","1479","990","1479"
"2017-10-03","-2.63","3313675","3313675","925","3486","925","3486"
"2017-10-02","-5","449600","449600","950","470","950","470"
"2017-09-29","4.17","993000","993000","1000","996","1000","996"
"2017-09-28","3.78","291480","291480","960","304","960","304"
"2017-09-27","-2.63","3027050","3027050","925","3094","925","3094"
"2017-09-26","-0.52","1198760","1198760","950","1244","950","1244"
"2017-09-25","0.53","478050","478050","955","507","955","507"
"2017-09-22","2.7","1003360","1003360","950","1040","950","1040"
"2017-09-21","-7.04","4348445","4348445","925","4556","925","4556"
"2017-09-20","-0.5","1059485","1059485","995","1051","995","1051"
"2017-09-19","-3.38","1294370","1294370","1000","1270","1000","1270"
"2017-09-18","0","407680","407680","1035","383","1035","383"
"2017-09-15","-7.17","749945","749945","1035","703","1035","703"
"2017-09-14","-0.89","795835","795835","1115","719","1115","719"
"2017-09-13","0","695275","695275","1125","618","1125","618"
"2017-09-12","-0.44","1090695","1090695","1125","971","1125","971"
"2017-09-11","0.44","900970","900970","1130","815","1130","815"
"2017-09-08","-0.44","722780","722780","1125","640","1125","640"
"2017-09-07","0","2859360","2859360","1130","2590","1130","2590"
"2017-09-06","0","166110","166110","1130","147","1130","147"
"2017-09-05","2.73","508505","508505","1130","455","1130","455"
"2017-09-04","0","803715","803715","1100","724","1100","724"
"2017-08-31","0","2382400","2382400","1100","2167","1100","2167"
"2017-08-30","-1.35","8564270","8564270","1100","7575","1100","7575"
"2017-08-29","-7.47","43369840","43369840","1115","35143","1115","35143"
"2017-08-28","-2.03","234200","234200","1205","191","1205","191"
"2017-08-25","-1.2","154875","154875","1230","125","1230","125"
"2017-08-24","3.75","1928900","1928900","1245","1546","1245","1546"
"2017-08-23","0","744890","744890","1200","644","1200","644"
"2017-08-22","-7.34","1157575","1157575","1200","910","1200","910"
"2017-08-21","7.47","1444375","1444375","1295","1185","1295","1185"
"2017-08-18","-7.31","1785655","1785655","1205","1439","1205","1439"
"2017-08-17","-7.14","7340465","7340465","1300","5560","1300","5560"
"2017-08-16","6.46","64095260","64095260","1400","45518","1400","45518"
"2017-08-14","5.2","2617250","2617250","1315","2090","1315","2090"
"2017-08-11","4.17","4801850","4801850","1250","4055","1250","4055"
"2017-08-10","4.8","3903590","3903590","1200","3346","1200","3346"
"2017-08-09","0","1877040","1877040","1145","1640","1145","1640"
"2017-08-08","0","2304870","2304870","1145","2012","1145","2012"
"2017-08-04","0","993295","993295","1145","871","1145","871"
"2017-08-03","-2.55","2131055","2131055","1145","1853","1145","1853"
"2017-08-02","-2.08","3728295","3728295","1175","3231","1175","3231"
"2017-08-01","4.8","2074440","2074440","1200","1747","1200","1747"
"2017-07-31","1.78","661220","661220","1145","560","1145","560"
"2017-07-28","7.14","4014700","4014700","1125","3609","1125","3609"
"2017-07-27","-5.41","8207470","8207470","1050","7882","1050","7882"
"2017-07-26","-7.5","3034350","3034350","1110","2713","1110","2713"
"2017-07-25","-7.69","1610670","1610670","1200","1331","1200","1331"
"2017-07-24","1.96","2006000","2006000","1300","1655","1300","1655"
"2017-07-21","-7.27","1295950","1295950","1275","964","1275","964"
"2017-07-20","-1.43","3469025","3469025","1375","2623","1375","2623"
"2017-07-19","-3.79","794475","794475","1395","576","1395","576"
"2017-07-18","0","4716450","4716450","1450","3325","1450","3325"
"2017-07-17","3.57","1354600","1354600","1450","933","1450","933"
"2017-07-14","3.7","5860275","5860275","1400","4263","1400","4263"
"2017-07-13","-2.17","1150730","1150730","1350","836","1350","836"
"2017-07-12","0","4965190","4965190","1380","3766","1380","3766"
"2017-07-11","-1.08","5022515","5022515","1380","3699","1380","3699"
"2017-07-10","-0.36","2292880","2292880","1395","1674","1395","1674"
"2017-07-07","-5.72","2374290","2374290","1400","1646","1400","1646"
"2017-07-06","0.68","2716100","2716100","1485","1835","1485","1835"
"2017-07-05","-1.34","1447715","1447715","1475","975","1475","975"
"2017-07-04","0","1441905","1441905","1495","969","1495","969"
"2017-07-03","0","1601145","1601145","1495","1071","1495","1071"
"2017-06-30","-0.33","2162470","2162470","1495","1474","1495","1474"
"2017-06-29","7.14","3402415","3402415","1500","2384","1500","2384"
"2017-06-28","-6.04","5404685","5404685","1400","3779","1400","3779"
"2017-06-27","7.19","1044490","1044490","1490","701","1490","701"
"2017-06-23","-7.33","6526020","6526020","1390","4213","1390","4213"
"2017-06-21","-6.25","3193230","3193230","1500","2070","1500","2070"
"2017-06-20","6.67","515150","515150","1600","325","1600","325"
"2017-06-19","-4.46","3645005","3645005","1500","2273","1500","2273"
"2017-06-16","-7.1","3385930","3385930","1570","2133","1570","2133"
"2017-06-15","7.3","5190855","5190855","1690","3383","1690","3383"
"2017-06-14","-1.56","1839500","1839500","1575","1129","1575","1129"
"2017-06-13","-5.88","2150365","2150365","1600","1312","1600","1312"
"2017-06-12","0.29","3076765","3076765","1700","1935","1700","1935"
"2017-06-09","0.89","763545","763545","1695","446","1695","446"
"2017-06-08","5.33","1253260","1253260","1680","750","1680","750"
"2017-06-07","-4.49","21070285","21070285","1595","12811","1595","12811"
"2017-06-06","-7.22","6270300","6270300","1670","3508","1670","3508"
"2017-06-02","0","3098300","3098300","1800","1786","1800","1786"
"2017-06-01","4.65","670600","670600","1800","378","1800","378"
"2017-05-31","7.5","1739480","1739480","1720","1027","1720","1027"
"2017-05-30","6.67","1304000","1304000","1600","815","1600","815"
"2017-05-29","0","1186750","1186750","1500","748","1500","748"
"2017-05-26","-6.25","8066375","8066375","1500","5181","1500","5181"
"2017-05-24","0","483200","483200","1600","302","1600","302"
"2017-05-23","1.59","2618485","2618485","1600","1638","1600","1638"
"2017-05-22","-7.35","2057075","2057075","1575","1252","1575","1252"
"2017-05-19","0","3257450","3257450","1700","1916","1700","1916"
"2017-05-18","0","5690620","5690620","1700","3324","1700","3324"
"2017-05-17","0","2327810","2327810","1700","1345","1700","1345"
"2017-05-16","-1.45","4226120","4226120","1700","2452","1700","2452"
"2017-05-15","-1.43","133350","133350","1725","77","1725","77"
"2017-05-12","-1.13","1830360","1830360","1750","1037","1750","1037"
"2017-05-11","0.57","720500","720500","1770","406","1770","406"
"2017-05-10","-2.22","1003820","1003820","1760","551","1760","551"
"2017-05-09","0","6086160","6086160","1800","3345","1800","3345"
"2017-05-08","0","1014650","1014650","1800","561","1800","561"
"2017-05-05","0","3591000","3591000","1800","1995","1800","1995"
"2017-05-04","2.86","2166200","2166200","1800","1205","1800","1205"
"2017-05-03","-5.41","3987900","3987900","1750","2222","1750","2222"
"2017-05-02","-2.63","4034720","4034720","1850","2200","1850","2200"
"2017-04-28","5.56","503650","503650","1900","265","1900","265"
"2017-04-27","2.86","3784150","3784150","1800","2099","1800","2099"
"2017-04-26","-2.78","8656150","8656150","1750","4825","1750","4825"
"2017-04-25","0","8426085","8426085","1800","4775","1800","4775"
"2017-04-24","0","4869900","4869900","1800","2706","1800","2706"
"2017-04-21","-2.7","5117100","5117100","1800","2777","1800","2777"
"2017-04-20","0","6303115","6303115","1850","3402","1850","3402"
"2017-04-19","-7.5","7111775","7111775","1850","3778","1850","3778"
"2017-04-18","0","5757550","5757550","2000","2904","2000","2904"
"2017-04-14","5.54","15184170","15184170","2000","7662","2000","7662"
"2017-04-13","2.71","1237400","1237400","1895","655","1895","655"
"2017-04-12","-3.66","3870865","3870865","1845","2048","1845","2048"
"2017-04-11","-1.79","2893080","2893080","1915","1491","1915","1491"
"2017-04-10","-2.26","3145515","3145515","1950","1587","1950","1587"
"2017-04-07","-0.25","1743630","1743630","1995","874","1995","874"
"2017-04-06","2.04","5989645","5989645","2000","3067","2000","3067"
"2017-04-05","-1.51","2332080","2332080","1960","1220","1960","1220"
"2017-04-04","-0.25","9483330","9483330","1990","4988","1990","4988"
"2017-04-03","-0.25","14905160","14905160","1995","7613","1995","7613"
"2017-03-31","-4.08","8415995","8415995","2000","4145","2000","4145"
"2017-03-30","4.25","3426985","3426985","2085","1703","2085","1703"
"2017-03-29","-0.25","7208975","7208975","2000","3537","2000","3537"
"2017-03-28","-4.07","842985","842985","2005","409","2005","409"
"2017-03-27","4.5","7205275","7205275","2090","3682","2090","3682"
"2017-03-24","0","4165225","4165225","2000","2087","2000","2087"
"2017-03-23","5.26","7454770","7454770","2000","3874","2000","3874"
"2017-03-22","0","33123165","33123165","1900","16684","1900","16684"
"2017-03-21","-5","2203970","2203970","1900","1107","1900","1107"
"2017-03-20","-4.08","19766615","19766615","2000","9851","2000","9851"
"2017-03-17","-7.33","6129390","6129390","2085","2921","2085","2921"
"2017-03-16","4.65","6896600","6896600","2250","3340","2250","3340"
"2017-03-15","5.39","2856345","2856345","2150","1349","2150","1349"
"2017-03-14","7.37","49341820","49341820","2040","24595","2040","24595"
"2017-03-13","3.26","6021375","6021375","1900","3162","1900","3162"
"2017-03-10","-7.3","64024300","64024300","1840","34740","1840","34740"
"2017-03-09","-0.25","4190430","4190430","1985","2149","1985","2149"
"2017-03-08","0.25","5328300","5328300","1990","2667","1990","2667"
"2017-03-07","-0.75","6830815","6830815","1985","3415","1985","3415"
"2017-03-06","0.76","7017360","7017360","2000","3506","2000","3506"
"2017-03-03","-0.75","9096075","9096075","1985","4514","1985","4514"
"2017-03-02","-4.76","7256300","7256300","2000","3605","2000","3605"
"2017-03-01","-2.1","11534215","11534215","2100","5499","2100","5499"
"2017-02-28","-7.34","12945905","12945905","2145","5942","2145","5942"
"2017-02-27","-7.4","4746825","4746825","2315","2015","2315","2015"
"2017-02-24","0.6","5997125","5997125","2500","2604","2500","2604"
"2017-02-23","-0.6","14469090","14469090","2485","6104","2485","6104"
"2017-02-22","-0.2","6461800","6461800","2500","2578","2500","2578"
"2017-02-21","-3.09","136680930","136680930","2505","54648","2505","54648"
"2017-02-20","7.48","964205","964205","2585","373","2585","373"
"2017-02-17","-7.5","6660630","6660630","2405","2705","2405","2705"
"2017-02-16","4","3351275","3351275","2600","1289","2600","1289"
"2017-02-15","-6.72","19093685","19093685","2500","7654","2500","7654"
"2017-02-14","7.2","7832800","7832800","2680","3110","2680","3110"
"2017-02-13","-6.89","17267520","17267520","2500","6896","2500","6896"
"2017-02-10","7.4","3538770","3538770","2685","1405","2685","1405"
"2017-02-09","0","3137250","3137250","2500","1255","2500","1255"
"2017-02-08","0","7722450","7722450","2500","3076","2500","3076"
"2017-02-07","0","11348825","11348825","2500","4525","2500","4525"
"2017-02-06","-3.85","33391120","33391120","2500","13190","2500","13190"
"2017-02-03","4","8800000","8800000","2600","3500","2600","3500"
"2017-02-02","-3.85","12914250","12914250","2500","5077","2500","5077"
"2017-02-01","0","203406900","203406900","2600","81196","2600","81196"
"2017-01-31","-3.88","25056590","25056590","2600","9370","2600","9370"
"2017-01-30","-6.72","6262695","6262695","2705","2206","2705","2206"
"2017-01-27","3.94","17168830","17168830","2900","6488","2900","6488"
"2017-01-26","-7","8603155","8603155","2790","2968","2790","2968"
"2017-01-25","0","8601000","8601000","3000","2867","3000","2867"
"2017-01-24","0","5296450","5296450","3000","1831","3000","1831"
"2017-01-23","-3.23","8584360","8584360","3000","2914","3000","2914"
"2017-01-20","3.51","11071695","11071695","3100","3636","3100","3636"
"2017-01-19","5.09","4316915","4316915","2995","1435","2995","1435"
"2017-01-18","-5","7619645","7619645","2850","2547","2850","2547"
"2017-01-17","0","9621340","9621340","3000","3300","3000","3300"
"2017-01-16","7.14","4928700","4928700","3000","1694","3000","1694"
"2017-01-13","5.46","34155055","34155055","2800","13527","2800","13527"
"2017-01-12","4.12","34121410","34121410","2655","13217","2655","13217"
"2017-01-11","-3.59","6893355","6893355","2550","2669","2550","2669"
"2017-01-10","-1.86","18072520","18072520","2645","6823","2645","6823"
"2017-01-09","0","4888180","4888180","2695","1828","2695","1828"
"2017-01-06","-0.19","9511265","9511265","2695","3521","2695","3521"
"2017-01-05","-3.57","9347575","9347575","2700","3425","2700","3425"
"2017-01-04","0","9009625","9009625","2800","3215","2800","3215"
"2017-01-03","-3.45","6987205","6987205","2800","2439","2800","2439"
"2017-01-02","-3.33","9235435","9235435","2900","3138","2900","3138"
"2016-12-30","0.33","9980610","9980610","3000","3334","3000","3334"
"2016-12-29","-0.33","12072415","12072415","2990","4035","2990","4035"
"2016-12-28","-3.23","6883530","6883530","3000","2279","3000","2279"
"2016-12-27","0","5658480","5658480","3100","1845","3100","1845"
"2016-12-23","-2.05","5404895","5404895","3100","1718","3100","1718"
"2016-12-22","4.8","3904475","3904475","3165","1235","3165","1235"
"2016-12-21","-2.58","3743580","3743580","3020","1186","3020","1186"
"2016-12-20","0.16","5749450","5749450","3100","1838","3100","1838"
"2016-12-19","-3.13","14564935","14564935","3095","4637","3095","4637"
"2016-12-16","-3.18","20739145","20739145","3195","6428","3195","6428"
"2016-12-15","-2.94","2766615","2766615","3300","851","3300","851"
"2016-12-14","6.25","5249080","5249080","3400","1545","3400","1545"
"2016-12-13","-0.16","2488790","2488790","3200","759","3200","759"
"2016-12-09","0.16","3698990","3698990","3205","1127","3205","1127"
"2016-12-08","-1.54","7620600","7620600","3200","2348","3200","2348"
"2016-12-07","4.84","8892550","8892550","3250","2787","3250","2787"
"2016-12-06","-3.73","3065595","3065595","3100","961","3100","961"
"2016-12-05","-2.42","3965855","3965855","3220","1248","3220","1248"
"2016-12-02","6.45","7159030","7159030","3300","2213","3300","2213"
"2016-12-01","-3.88","11257670","11257670","3100","3539","3100","3539"
"2016-11-30","-3.59","7110215","7110215","3225","2189","3225","2189"
"2016-11-29","1.36","3943520","3943520","3345","1216","3345","1216"
"2016-11-28","0","6062390","6062390","3300","1826","3300","1826"
"2016-11-25","-0.9","25436400","25436400","3300","7708","3300","7708"
"2016-11-24","0.91","61395035","61395035","3330","18223","3330","18223"
"2016-11-23","-5.71","4368965","4368965","3300","1304","3300","1304"
"2016-11-22","0","56347070","56347070","3500","16201","3500","16201"
"2016-11-21","-2.78","8567025","8567025","3500","2406","3500","2406"
"2016-11-18","0.84","11709140","11709140","3600","3314","3600","3314"
"2016-11-17","-0.83","25594765","25594765","3570","7193","3570","7193"
"2016-11-16","0.28","42916685","42916685","3600","11816","3600","11816"
"2016-11-14","7.16","12344030","12344030","3590","3433","3590","3433"
"2016-11-11","0.6","35175175","35175175","3350","9989","3350","9989"
"2016-11-10","7.42","17849940","17849940","3330","5370","3330","5370"
"2016-11-09","6.9","21004600","21004600","3100","6954","3100","6954"
"2016-11-08","0","26550680","26550680","2900","9123","2900","9123"
"2016-11-07","7.41","22956500","22956500","2900","8104","2900","8104"
"2016-11-04","3.85","11190325","11190325","2700","4200","2700","4200"
"2016-11-03","-0.76","3238800","3238800","2600","1300","130000","26"
"2016-11-02","-2.24","1994990","1994990","2620","750","130995","15"
"2016-10-31","-0.11","6981835","6981835","2680","2650","133995","53"
"2016-10-28","-7.48","6208240","6208240","2683","2300","134125","46"
"2016-10-27","0","435000","435000","2900","150","145000","3"
"2016-10-26","-6.45","4590030","4590030","2900","1500","145000","30"
"2016-10-25","0","6660855","6660855","3100","2150","154985","43"
"2016-10-24","0","15995620","15995620","3100","5050","155000","101"
"2016-10-21","3.33","73689945","73689945","3100","23050","155000","461"
"2016-10-20","-3.35","1057745","1057745","3000","350","150000","7"
"2016-10-19","0","946395","946395","3104","300","155205","6"
"2016-10-18","-3","3925335","3925335","3104","1250","155205","25"
"2016-10-17","0","1120000","1120000","3200","350","160000","7"
"2016-10-14","-1.84","2080000","2080000","3200","650","160000","13"
"2016-10-13","-4.12","1964000","1964000","3260","600","163000","12"
"2016-10-12","3.03","60286650","60286650","3400","18100","170000","362"
"2016-10-11","-2.94","165000","165000","3300","50","165000","1"
"2016-10-10","3.03","7854900","7854900","3400","2350","169995","47"
"2016-10-07","0","1155000","1155000","3300","350","165000","7"
"2016-10-06","-3.51","3185000","3185000","3300","950","165000","19"
"2016-10-05","-2.29","3939950","3939950","3420","1150","170995","23"
"2016-10-04","-2.78","2815000","2815000","3500","800","175000","16"
"2016-10-03","-6.2","36300120","36300120","3600","10100","180000","202"
"2016-09-29","-0.05","12124065","12124065","3838","3200","191895","64"
"2016-09-28","-1.49","56269800","56269800","3840","14750","192000","295"
"2016-09-27","0","5362840","5362840","3898","1400","194900","28"
"2016-09-26","5.41","43682000","43682000","3898","12450","194900","249"
"2016-09-23","7.5","143158575","143158575","3698","41150","184900","823"
"2016-09-22","1.18","172000","172000","3440","50","172000","1"
"2016-09-21","3.03","32316890","32316890","3400","9750","170000","195"
"2016-09-20","1.23","51150000","51150000","3300","15500","165000","310"
"2016-09-19","0.62","17870000","17870000","3260","5500","163000","110"
"2016-09-16","-3.57","7662535","7662535","3240","2350","162000","47"
"2016-09-15","3.7","840000","840000","3360","250","168000","5"
"2016-09-14","0","28889500","28889500","3240","8800","162000","176"
"2016-09-13","0","2430065","2430065","3240","750","162000","15"
"2016-09-09","-0.61","22364220","22364220","3240","6900","162000","138"
"2016-09-08","-1.21","6541890","6541890","3260","2000","163000","40"
"2016-09-07","0","987050","987050","3300","300","165000","6"
"2016-09-06","0.3","14993955","14993955","3300","4600","165000","92"
"2016-09-05","1.54","164500","164500","3290","50","164500","1"
"2016-09-02","-1.82","40842995","40842995","3240","12600","162000","252"
"2016-09-01","1.85","23408930","23408930","3300","7100","165000","142"
"2016-08-31","0","38895905","38895905","3240","11800","162000","236"
"2016-08-30","1.25","4836000","4836000","3240","1500","162000","30"
"2016-08-29","-3.03","4160120","4160120","3200","1300","160000","26"
"2016-08-26","3.13","47901135","47901135","3300","14950","165000","299"
"2016-08-25","-3.9","28990000","28990000","3200","8800","160000","176"
"2016-08-24","4.06","3619130","3619130","3330","1100","166500","22"
"2016-08-23","-1.84","17601460","17601460","3200","5500","160010","110"
"2016-08-22","0","7341510","7341510","3260","2250","163000","45"
"2016-08-19","5.16","23503000","23503000","3260","7250","163000","145"
"2016-08-18","-4.91","14228890","14228890","3100","4450","155020","89"
"2016-08-17","0.62","974000","974000","3260","300","163000","6"
"2016-08-16","1.25","322010","322010","3240","100","162000","2"
"2016-08-12","0","8320260","8320260","3200","2600","160010","52"
"2016-08-11","0","2400000","2400000","3200","750","160000","15"
"2016-08-10","3.29","12225340","12225340","3200","3800","160000","76"
"2016-08-09","1.57","15807230","15807230","3098","5100","154900","102"
"2016-08-05","1.67","457005","457005","3050","150","152500","3"
"2016-08-04","-2.66","9975500","9975500","3000","3250","150000","65"
"2016-08-03","-0.64","12554100","12554100","3082","4050","154100","81"
"2016-08-02","-3.06","4675100","4675100","3102","1450","155100","29"
"2016-08-01","0","3360180","3360180","3200","1050","160000","21"
"2016-07-29","-3.03","18730000","18730000","3200","5850","160000","117"
"2016-07-28","7.14","16665590","16665590","3300","5400","165000","108"
"2016-07-27","0.33","19533270","19533270","3080","6350","154000","127"
"2016-07-26","-4.06","2754150","2754150","3070","900","153510","18"
"2016-07-25","-5.88","18318300","18318300","3200","5850","160000","117"
"2016-07-22","-7.23","12139095","12139095","3400","3550","170000","71"
"2016-07-21","-7.5","7548355","7548355","3665","2050","183255","41"
"2016-07-20","7.49","11886600","11886600","3962","3000","198110","60"
"2016-07-19","7.49","7307250","7307250","3686","2000","184290","40"
"2016-07-18","7.49","685740","685740","3429","200","171435","4"
"2016-07-15","7.52","7402450","7402450","3190","2400","159475","48"
"2016-07-14","7.5","10977900","10977900","2967","3700","148350","74"
"2016-07-13","6.15","11626000","11626000","2760","4450","138000","89"
"2016-07-12","-5.8","6926400","6926400","2600","2700","130000","54"
"2016-07-11","-7.38","551995","551995","2760","200","137995","4"
"2016-07-08","-7.48","8047980","8047980","2980","2700","148990","54"
"2016-07-07","-7.52","2509210","2509210","3221","750","161070","15"
"2016-07-05","-7.49","12885250","12885250","3483","3700","174125","74"
"2016-07-04","-7.49","7364880","7364880","3765","1950","188240","39"
"2016-07-01","-7.5","3149485","3149485","4070","750","203500","15"
"2016-06-30","5.59","175201425","175201425","4400","39150","220000","783"
"2016-06-29","7.51","83736900","83736900","4167","20100","208325","402"
"2016-06-28","7.49","5737950","5737950","3876","1500","193795","30"
"2016-06-27","7.51","134580870","134580870","3606","37350","180275","747"
"2016-06-24","7.5","16937700","16937700","3354","5050","167700","101"
"2016-06-23","4.7","6222000","6222000","3120","2000","156000","40"
"2016-06-22","0","1490000","1490000","2980","500","149000","10"
"2016-06-21","-0.67","7335000","7335000","2980","2450","149000","49"
"2016-06-20","-1.96","37123005","37123005","3000","12350","150000","247"
"2016-06-17","-2.64","10612780","10612780","3060","3450","153005","69"
"2016-06-16","-7.5","11947015","11947015","3143","3800","157160","76"
"2016-06-15","-0.93","1529100","1529100","3398","450","169900","9"
"2016-06-13","-7.3","3825070","3825070","3430","1100","171510","22"
"2016-06-10","-0.11","6658940","6658940","3700","1800","185000","36"
"2016-06-09","7.52","321675030","321675030","3704","86850","185190","1737"
"2016-06-08","7.49","60466770","60466770","3445","17550","172270","351"
"2016-06-07","7.48","480765","480765","3205","150","160255","3"
"2016-06-06","7.5","18485300","18485300","2982","6200","149075","124"
"2016-06-03","7.52","3466875","3466875","2774","1250","138675","25"
"2016-06-02","7.5","645000","645000","2580","250","129000","5"
"2016-06-01","0.08","960000","960000","2400","400","120000","8"
"2016-05-31","0.76","358800","358800","2398","150","119900","3"
"2016-05-30","3.48","140976200","140976200","2380","58800","119000","1176"
"2016-05-27","0","805000","805000","2300","350","115000","7"
"2016-05-26","1.77","32697750","32697750","2300","14300","115000","286"
"2016-05-25","1.07","15935375","15935375","2260","7250","113000","145"
"2016-05-24","7.5","3462500","3462500","2236","1550","111800","31"
"2016-05-23","4","12444975","12444975","2080","6050","104000","121"
"2016-05-20","-5.66","20092000","20092000","2000","9850","100000","197"
"2016-05-19","6","405995","405995","2120","200","105995","4"
"2016-05-18","0","400000","400000","2000","200","100000","4"
"2016-05-17","0","1100000","1100000","2000","550","100000","11"
"2016-05-13","0","5201000","5201000","2000","2600","100000","52"
"2016-05-12","0","2900005","2900005","2000","1450","100000","29"
"2016-05-11","0","700000","700000","2000","350","100000","7"
"2016-05-10","-3.85","4800000","4800000","2000","2400","100000","48"
"2016-05-09","-1.89","3072000","3072000","2080","1500","104000","30"
"2016-05-06","3.92","2898500","2898500","2120","1400","106000","28"
"2016-05-04","0.49","2856000","2856000","2040","1400","102000","28"
"2016-05-03","1.4","13436900","13436900","2030","6650","101500","133"
"2016-04-29","0.1","4804800","4804800","2002","2400","100100","48"
"2016-04-28","-1.96","13808425","13808425","2000","6900","100005","138"
"2016-04-27","0","1326000","1326000","2040","650","102000","13"
"2016-04-26","0","12572500","12572500","2040","6250","102000","125"
"2016-04-25","6.25","5304000","5304000","2040","2600","102000","52"
"2016-04-22","6.67","16982885","16982885","1920","9000","96000","180"
"2016-04-21","5.88","13417630","13417630","1800","7700","90000","154"
"2016-04-20","-3.35","1105000","1105000","1700","650","85000","13"
"2016-04-19","7.52","4396400","4396400","1759","2500","87935","50"
"2016-04-15","-0.24","736200","736200","1636","450","81800","9"
"2016-04-14","0.74","408800","408800","1640","250","82000","5"
"2016-04-13","-7.5","1328000","1328000","1628","800","81400","16"
"2016-04-12","0","1481025","1481025","1760","850","88000","17"
"2016-04-11","-7.37","47385000","47385000","1760","26350","88000","527"
"2016-04-08","-7.5","38086980","38086980","1900","20050","94980","401"
"2016-04-06","-7.48","1135530","1135530","2054","550","102675","11"
"2016-04-05","-7.5","15096000","15096000","2220","6800","111000","136"
"2016-04-04","6.01","120000","120000","2400","50","120000","1"
"2016-04-01","1.98","11322000","11322000","2264","5000","113220","100"
"2016-03-31","-7.5","14985000","14985000","2220","6750","111000","135"
"2016-03-14","-4","2054985","2054985","2400","850","120000","17"
"2016-03-11","-2.34","1249950","1249950","2500","500","124995","10"
"2016-03-10","3.02","134086470","134086470","2560","50550","128000","1011"
"2016-03-09","7.53","138117680","138117680","2485","56000","124225","1120"
"2016-03-08","7.49","4160160","4160160","2311","1800","115560","36"
"2016-03-07","7.5","967500","967500","2150","450","107500","9"
"2016-03-04","3.09","3618000","3618000","2000","1800","100000","36"
"2016-03-03","-1.92","13096000","13096000","1940","6750","97000","135"
"2016-03-02","7.5","57953825","57953825","1978","29350","98900","587"
"2016-03-01","-0.49","552000","552000","1840","300","92000","6"
"2016-02-29","7.5","103598285","103598285","1849","56500","92450","1130"
"2016-02-26","0","5160000","5160000","1720","3000","86000","60"
"2016-02-25","0","12582000","12582000","1720","7350","86000","147"
"2016-02-24","7.5","22519900","22519900","1720","13150","86000","263"
"2016-02-23","5.26","7948110","7948110","1600","5000","80000","100"
"2016-02-22","1.33","2657000","2657000","1520","1750","76000","35"
"2016-02-19","0","7372000","7372000","1500","4900","75000","98"
"2016-02-18","4.17","1425000","1425000","1500","950","75000","19"
"2016-02-16","4.35","15724560","15724560","1440","11150","72010","223"
"2016-02-15","0","3610000","3610000","1380","2600","69000","52"
"2016-02-12","0","4380065","4380065","1380","3150","69000","63"
"2016-02-11","-4.17","1711020","1711020","1380","1200","69005","24"
"2016-02-10","-1.37","72000","72000","1440","50","72000","1"
"2016-02-08","-1.48","73000","73000","1460","50","73000","1"
"2016-02-05","0","24453000","24453000","1482","16500","74100","330"
"2016-02-04","7.39","2524500","2524500","1482","1750","74100","35"
"2016-02-03","-0.72","1035225","1035225","1380","750","69015","15"
"2016-02-01","0.72","4531710","4531710","1390","3250","69510","65"
"2016-01-29","0","4889000","4889000","1380","3550","69000","71"
"2016-01-28","0","3795000","3795000","1380","2750","69000","55"
"2016-01-27","2.22","2622000","2622000","1380","1900","69000","38"
"2016-01-26","-2.17","4821345","4821345","1350","3600","67505","72"
"2016-01-25","0","1404825","1404825","1380","1050","69000","21"
"2016-01-22","2.22","1104000","1104000","1380","800","69000","16"
"2016-01-21","0","337540","337540","1350","250","67505","5"
"2016-01-20","2.27","337500","337500","1350","250","67500","5"
"2016-01-19","0","4300900","4300900","1320","3250","66020","65"
"2016-01-14","-4.35","39094065","39094065","1320","29500","66005","590"
"2016-01-13","0","3243000","3243000","1380","2350","69000","47"
"2016-01-12","4.39","807700","807700","1380","600","69000","12"
"2016-01-11","-4.2","10528000","10528000","1322","7650","66100","153"
"2016-01-08","4.55","2436400","2436400","1380","1800","69000","36"
"2016-01-07","1.54","1701000","1701000","1320","1300","66000","26"
"2016-01-06","1.25","65000","65000","1300","50","65000","1"
"2016-01-05","-7.49","479075","479075","1284","350","64175","7"
"2015-12-29","1.31","3438125","3438125","1388","2500","69375","50"
"2015-12-28","-1.3","1375000","1375000","1370","1000","68500","20"
"2015-12-23","-7.47","1595625","1595625","1388","1150","69375","23"
"2015-12-22","-5.18","149990","149990","1500","100","74995","2"
"2015-12-18","-7.49","395450","395450","1582","250","79090","5"
"2015-12-14","0","596500","596500","1710","350","85500","7"
"2015-12-10","-0.58","2912445","2912445","1710","1700","85500","34"
"2015-12-08","6.63","5004120","5004120","1720","3100","85995","62"
"2015-12-07","7.53","80625","80625","1613","50","80625","1"
"2015-12-04","0","2025000","2025000","1500","1350","75000","27"
"2015-12-03","-2.6","3911200","3911200","1500","2600","75000","52"
"2015-12-02","1.72","688200","688200","1540","450","77000","9"
"2015-12-01","0.13","227115","227115","1514","150","75705","3"
"2015-11-27","0.13","378025","378025","1512","250","75605","5"
"2015-11-25","-1.31","980880","980880","1510","650","75500","13"
"2015-11-24","1.73","1912500","1912500","1530","1250","76500","25"
"2015-11-23","-1.05","751850","751850","1504","500","75185","10"
"2015-11-20","1.06","3800000","3800000","1520","2500","76000","50"
"2015-11-19","0.27","75180","75180","1504","50","75180","1"
"2015-11-18","-0.2","1125150","1125150","1500","750","75010","15"
"2015-11-17","-2.91","38337410","38337410","1503","25500","75150","510"
"2015-11-16","3.2","4386445","4386445","1548","2900","77400","58"
"2015-11-12","-3.1","2332300","2332300","1500","1550","75010","31"
"2015-11-11","0","69942600","69942600","1548","45900","77400","918"
"2015-11-09","0","21826800","21826800","1548","14100","77400","282"
"2015-11-05","3.2","2012400","2012400","1548","1300","77400","26"
"2015-11-04","0","16876000","16876000","1500","11250","75005","225"
"2015-11-03","0","1275000","1275000","1500","850","75000","17"
"2015-11-02","3.45","9662500","9662500","1500","6450","75000","129"
"2015-10-30","0","507500","507500","1450","350","72500","7"
"2015-10-29","2.11","108161500","108161500","1450","74600","72500","1492"
"2015-10-28","0","852000","852000","1420","600","71000","12"
"2015-10-27","-0.07","2470075","2470075","1420","1750","71000","35"
"2015-10-26","-0.63","355475","355475","1421","250","71025","5"
"2015-10-23","0.63","3575000","3575000","1430","2500","71500","50"
"2015-10-22","0.07","426090","426090","1421","300","71025","6"
"2015-10-21","0","2992000","2992000","1420","2100","71000","42"
"2015-10-20","0","1420000","1420000","1420","1000","71000","20"
"2015-10-19","0","355000","355000","1420","250","71000","5"
"2015-10-16","-2.07","5396400","5396400","1420","3800","71000","76"
"2015-10-15","2.11","149047000","149047000","1450","102850","72500","2057"
"2015-10-14","-0.7","3053215","3053215","1420","2150","71005","43"
"2015-10-13","-0.69","2286500","2286500","1430","1600","71500","32"
"2015-10-12","1.41","286000","286000","1440","200","72000","4"
"2015-10-09","-2.07","355025","355025","1420","250","71005","5"
"2015-10-07","0","22402500","22402500","1450","15750","72500","315"
"2015-10-06","2.04","1151000","1151000","1450","800","72500","16"
"2015-10-05","0.07","1065750","1065750","1421","750","71050","15"
"2015-10-02","1.28","25134000","25134000","1420","17700","71000","354"
"2015-10-01","-2.64","5339870","5339870","1402","3900","70105","78"
"2015-09-30","0","936000","936000","1440","650","72000","13"
"2015-09-29","0","2306000","2306000","1440","1600","72000","32"
"2015-09-28","0","72000","72000","1440","50","72000","1"
"2015-09-25","0","4320000","4320000","1440","3000","72000","60"
"2015-09-22","0","3542490","3542490","1440","2450","72000","49"
"2015-09-21","-1.37","360000","360000","1440","250","72000","5"
"2015-09-17","2.1","3191140","3191140","1460","2200","73000","44"
"2015-09-16","0.14","3575500","3575500","1430","2500","71510","50"
"2015-09-15","-2.19","428460","428460","1428","300","71410","6"
"2015-09-14","2.24","3803700","3803700","1460","2650","73000","53"
"2015-09-11","1.28","7568400","7568400","1428","5300","71400","106"
"2015-09-10","0.71","7659205","7659205","1410","5450","70495","109"
"2015-09-09","-1.41","2378335","2378335","1400","1700","69995","34"
"2015-09-08","-0.7","279000","279000","1420","200","71000","4"
"2015-09-07","0","6435000","6435000","1430","4500","71500","90"
"2015-09-03","-2.05","89837000","89837000","1430","63250","71500","1265"
"2015-09-02","2.82","61824000","61824000","1460","43500","73000","870"
"2015-09-01","0","28612000","28612000","1420","20150","71000","403"
"2015-08-31","5.03","158484000","158484000","1420","113350","71000","2267"
"2015-08-28","-0.59","743600","743600","1352","550","67600","11"
"2015-08-27","0","78069250","78069250","1360","57400","68005","1148"
"2015-08-26","0.74","11078500","11078500","1360","8150","68000","163"
"2015-08-25","0","3980500","3980500","1350","2950","67500","59"
"2015-08-24","1.5","874500","874500","1350","650","67500","13"
"2015-08-21","-3.62","3438845","3438845","1330","2550","66500","51"
"2015-08-20","0","207000","207000","1380","150","69000","3"
"2015-08-19","1.47","690000","690000","1380","500","69000","10"
"2015-08-18","-1.45","82905575","82905575","1360","60950","68000","1219"
"2015-08-17","-1.43","828000","828000","1380","600","69000","12"
"2015-08-14","0","972525","972525","1400","700","70000","14"
"2015-08-13","1.45","2074500","2074500","1400","1500","70000","30"
"2015-08-12","1.47","4007000","4007000","1380","2900","69000","58"
"2015-08-11","0.74","340000","340000","1360","250","68000","5"
"2015-08-10","0.75","2949500","2949500","1350","2200","67500","44"
"2015-08-06","0.75","14204000","14204000","1340","10650","67000","213"
"2015-08-05","-0.75","1263500","1263500","1330","950","66500","19"
"2015-08-04","0","4087000","4087000","1340","3050","67000","61"
"2015-08-03","-2.19","10653000","10653000","1340","7950","67000","159"
"2015-07-31","2.24","887500","887500","1370","650","68500","13"
"2015-07-30","0","2814000","2814000","1340","2100","67000","42"
"2015-07-29","0.75","8004050","8004050","1340","6000","67000","120"
"2015-07-28","0","1596000","1596000","1330","1200","66500","24"
"2015-07-27","0","730450","730450","1330","550","66500","11"
"2015-07-24","1.76","19412125","19412125","1330","14600","66500","292"
"2015-07-23","-1.73","4649125","4649125","1307","3500","65325","70"
"2015-07-22","0","2327675","2327675","1330","1750","66505","35"
"2015-07-21","0","731555","731555","1330","550","66505","11"
"2015-07-20","0","1995150","1995150","1330","1500","66505","30"
"2015-07-16","1.53","5918500","5918500","1330","4450","66500","89"
"2015-07-15","0","9235500","9235500","1310","7050","65500","141"
"2015-07-13","0.77","6159560","6159560","1310","4700","65500","94"
"2015-07-09","0","2275010","2275010","1300","1750","65005","35"
"2015-07-08","0","1235140","1235140","1300","950","65010","19"
"2015-07-07","0","4810075","4810075","1300","3700","65005","74"
"2015-07-06","0","133168500","133168500","1300","106850","65000","2137"
"2015-07-03","4.84","21912500","21912500","1300","17050","65000","341"
"2015-07-02","3.16","186000","186000","1240","150","62000","3"
"2015-06-30","0","9728020","9728020","1202","8100","60100","162"
"2015-06-29","0.17","300500","300500","1202","250","60100","5"
"2015-06-26","0","180000","180000","1200","150","60000","3"
"2015-06-25","1.52","4056420","4056420","1200","3350","60000","67"
"2015-06-24","0.17","413735","413735","1182","350","59105","7"
"2015-06-23","0","118000","118000","1180","100","59000","2"
"2015-06-22","0","767000","767000","1180","650","59000","13"
"2015-06-19","0","8614025","8614025","1180","7300","59000","146"
"2015-06-17","1.72","176015","176015","1180","150","59000","3"
"2015-06-16","0","7376585","7376585","1160","6350","58005","127"
"2015-06-15","0","580035","580035","1160","500","58000","10"
"2015-06-12","1.75","1372115","1372115","1160","1200","58005","24"
"2015-06-11","0","342000","342000","1140","300","57000","6"
"2015-06-10","0","3420000","3420000","1140","3000","57000","60"
"2015-06-09","1.79","171000","171000","1140","150","57000","3"
"2015-06-08","-1.75","4926000","4926000","1120","4350","56000","87"
"2015-06-05","0","114000","114000","1140","100","57000","2"
"2015-06-04","0","342000","342000","1140","300","57000","6"
"2015-06-03","0","684000","684000","1140","600","57000","12"
"2015-06-02","0","3521500","3521500","1140","3100","57000","62"
"2015-06-01","0","3419920","3419920","1140","3000","56995","60"
"2015-05-29","0","11025000","11025000","1140","9700","57000","194"
"2015-05-28","3.64","1621015","1621015","1140","1450","57000","29"
"2015-05-27","-3.51","719010","719010","1100","650","55000","13"
"2015-05-26","0","855000","855000","1140","750","57000","15"
"2015-05-22","-0.87","2850000","2850000","1140","2500","57000","50"
"2015-05-21","0.88","1431000","1431000","1150","1250","57500","25"
"2015-05-19","0","627000","627000","1140","550","57000","11"
"2015-05-18","0","1824000","1824000","1140","1600","57000","32"
"2015-05-15","0","285000","285000","1140","250","57000","5"
"2015-05-13","0","285000","285000","1140","250","57000","5"
"2015-05-12","0","456000","456000","1140","400","57000","8"
"2015-05-11","1.06","17391600","17391600","1140","15350","57000","307"
"2015-05-06","-0.18","952300","952300","1128","850","56400","17"
"2015-05-04","-2.59","169500","169500","1130","150","56500","3"
"2015-04-28","-1.53","754000","754000","1160","650","58000","13"
"2015-04-24","0","294500","294500","1178","250","58900","5"
"2015-04-23","-0.17","353400","353400","1178","300","58900","6"
"2015-04-22","0","2065000","2065000","1180","1750","59000","35"
"2015-04-21","-0.84","885000","885000","1180","750","59000","15"
"2015-04-20","0","9102760","9102760","1190","7650","59495","153"
"2015-04-17","-5.56","779000","779000","1190","650","59500","13"
"2015-04-15","6.78","378850","378850","1260","300","63000","6"
"2015-04-14","7.27","6564495","6564495","1180","5950","59000","119"
"2015-04-13","0","439975","439975","1100","400","55000","8"
"2015-04-10","-3.51","1980000","1980000","1100","1800","55000","36"
"2015-04-09","-3.39","4553000","4553000","1140","3950","57000","79"
"2015-04-07","-0.84","767500","767500","1180","650","59000","13"
"2015-04-03","-0.83","297500","297500","1190","250","59500","5"
"2015-04-02","0","780000","780000","1200","650","60000","13"
"2015-04-01","0","300000","300000","1200","250","60000","5"
"2015-03-31","0","600000","600000","1200","500","60000","10"
"2015-03-30","-4.76","22604985","22604985","1200","18800","60000","376"
"2015-03-27","0","3717000","3717000","1260","2950","63000","59"
"2015-03-26","-3.08","3150000","3150000","1260","2500","63000","50"
"2015-03-24","0","975000","975000","1300","750","65000","15"
"2015-03-20","2.44","325000","325000","1300","250","65000","5"
"2015-03-19","7.54","317125","317125","1269","250","63425","5"
"2015-03-18","-6.65","708000","708000","1180","600","59000","12"
"2015-03-16","7.12","370800","370800","1264","300","63200","6"
"2015-03-13","0","1770000","1770000","1180","1500","59000","30"
"2015-03-12","-1.91","18591600","18591600","1180","15500","59000","310"
"2015-03-11","-7.46","120270","120270","1203","100","60135","2"
"2015-03-09","0","49563905","49563905","1300","38100","65000","762"
"2015-03-06","0","8126250","8126250","1300","6250","65010","125"
"2015-03-05","0","2990300","2990300","1300","2300","65010","46"
"2015-03-04","0","1170000","1170000","1300","900","65000","18"
"2015-03-03","6.04","9590000","9590000","1300","7800","65000","156"
"2015-03-02","7.54","602925","602925","1226","500","61275","10"
"2015-02-27","0","1596000","1596000","1140","1400","57000","28"
"2015-02-26","3.64","1206900","1206900","1140","1050","57000","21"
"2015-02-25","0","1595000","1595000","1100","1450","55000","29"
"2015-02-24","-5.17","220000","220000","1100","200","55000","4"
"2015-02-20","-1.69","406000","406000","1160","350","58000","7"
"2015-02-19","1.72","1398000","1398000","1180","1200","59000","24"
"2015-02-16","0","3538000","3538000","1160","3050","58000","61"
"2015-02-12","0","4930000","4930000","1160","4250","58000","85"
"2015-02-11","0","638020","638020","1160","550","58000","11"
"2015-02-06","-3.17","290000","290000","1160","250","58000","5"
"2015-02-04","0","119800","119800","1198","100","59900","2"
"2015-01-30","0.5","299500","299500","1198","250","59900","5"
"2015-01-29","7.39","536490","536490","1192","450","59610","9"
"2015-01-28","0.91","1554000","1554000","1110","1400","55500","28"
"2015-01-27","1.48","8075920","8075920","1100","7300","55010","146"
"2015-01-26","-2.34","4083500","4083500","1084","3750","54200","75"
"2015-01-23","0.18","10247350","10247350","1110","9250","55500","185"
"2015-01-22","2.21","1163490","1163490","1108","1050","55400","21"
"2015-01-21","0","1084000","1084000","1084","1000","54200","20"
"2015-01-20","0","5034000","5034000","1084","4650","54200","93"
"2015-01-15","-2.34","7159650","7159650","1084","6600","54200","132"
"2015-01-14","0","2967000","2967000","1110","2700","55500","54"
"2015-01-13","0","717000","717000","1110","650","55500","13"
"2015-01-12","-7.35","222500","222500","1110","200","55500","4"
"2015-01-08","-0.17","830500","830500","1198","700","59900","14"
"2014-12-31","0","600000","600000","1200","500","60000","10"
"2014-12-30","0","600050","600050","1200","500","60005","10"
"2014-12-29","0","2337010","2337010","1200","1950","60005","39"
"2014-12-26","-1.15","959500","959500","1200","800","60000","16"
"2014-12-23","1.17","6130700","6130700","1214","5050","60700","101"
"2014-12-22","0","3537565","3537565","1200","3000","60000","60"
"2014-12-19","7.14","9539915","9539915","1200","8500","60000","170"
"2014-12-18","0.9","7673455","7673455","1120","6900","56000","138"
"2014-12-17","0","610445","610445","1110","550","55495","11"
"2014-12-15","0","166500","166500","1110","150","55500","3"
"2014-12-12","0","55500","55500","1110","50","55500","1"
"2014-12-11","0","551490","551490","1110","500","55500","10"
"2014-12-10","-0.89","999180","999180","1110","900","55510","18"
"2014-12-09","0.9","168000","168000","1120","150","56000","3"
"2014-12-08","0","14576000","14576000","1110","13100","55500","262"
"2014-12-02","-0.09","7770020","7770020","1110","7000","55500","140"
"2014-12-01","0.09","2948650","2948650","1111","2650","55550","53"
"2014-11-28","0","111000","111000","1110","100","55500","2"
"2014-11-27","-0.89","2235050","2235050","1110","2000","55505","40"
"2014-11-26","0","1499525","1499525","1120","1350","56000","27"
"2014-11-21","0","4760000","4760000","1120","4250","56000","85"
"2014-11-20","-6.67","1960000","1960000","1120","1750","56000","35"
"2014-11-18","7.14","3779700","3779700","1200","3150","60000","63"
"2014-11-14","0","1904000","1904000","1120","1700","56000","34"
"2014-11-13","0.9","1848000","1848000","1120","1650","56000","33"
"2014-11-12","0.91","2220000","2220000","1110","2000","55500","40"
"2014-11-10","-5.17","173000","173000","1100","150","55000","3"
"2014-11-06","4.5","1712610","1712610","1160","1500","58000","30"
"2014-11-04","0","111020","111020","1110","100","55510","2"
"2014-11-03","0","3446040","3446040","1110","3100","55510","62"
"2014-10-31","-0.09","388570","388570","1110","350","55510","7"
"2014-10-30","0","55550","55550","1111","50","55550","1"
"2014-10-29","-0.8","2519515","2519515","1111","2250","55550","45"
"2014-10-28","0.9","3191715","3191715","1120","2850","55995","57"
"2014-10-27","0","166500","166500","1110","150","55500","3"
"2014-10-24","0","1498660","1498660","1110","1350","55500","27"
"2014-10-23","0","5994440","5994440","1110","5350","55510","107"
"2014-10-22","-0.89","3132870","3132870","1110","2800","55510","56"
"2014-10-21","0","1176000","1176000","1120","1050","56000","21"
"2014-10-20","0","11611390","11611390","1120","10450","56000","209"
"2014-10-17","0.9","168700","168700","1120","150","56000","3"
"2014-10-16","0","1827580","1827580","1110","1650","55500","33"
"2014-10-15","0.91","5550000","5550000","1110","5000","55500","100"
"2014-10-14","-0.9","2765095","2765095","1100","2500","55005","50"
"2014-10-13","0","11786800","11786800","1110","10600","55500","212"
"2014-10-09","0","15045080","15045080","1110","13550","55515","271"
"2014-10-08","-2.12","1112700","1112700","1110","1000","55500","20"
"2014-10-06","3.09","283500","283500","1134","250","56700","5"
"2014-10-02","0","330000","330000","1100","300","55000","6"
"2014-10-01","3.77","2475000","2475000","1100","2250","55000","45"
"2014-09-30","0.57","2861400","2861400","1060","2700","53000","54"
"2014-09-29","0.38","2159100","2159100","1054","2050","52700","41"
"2014-09-26","-0.38","315200","315200","1050","300","52500","6"
"2014-09-25","5.29","4321400","4321400","1054","4100","52700","82"
"2014-09-24","0","4204990","4204990","1001","4200","50050","84"
"2014-09-23","-5.57","1058650","1058650","1001","1050","50050","21"
"2014-09-19","0","211980","211980","1060","200","52995","4"
"2014-09-17","6","1030050","1030050","1060","1000","53000","20"
"2014-09-16","-0.4","400000","400000","1000","400","50000","8"
"2014-09-12","0.4","8400800","8400800","1004","8400","50200","168"
"2014-09-10","0","450000","450000","1000","450","50000","9"
"2014-09-09","0","400700","400700","1000","400","50000","8"
"2014-09-08","-1.96","3250000","3250000","1000","3250","50000","65"
"2014-09-05","5.15","1220000","1220000","1020","1200","51000","24"
"2014-09-04","-3","1477575","1477575","970","1500","48505","30"
"2014-09-03","0","4795000","4795000","1000","4800","50000","96"
"2014-09-02","0","11700000","11700000","1000","11700","50000","234"
"2014-09-01","-5.66","650000","650000","1000","650","50000","13"
"2014-08-29","1.92","1481000","1481000","1060","1400","53000","28"
"2014-08-28","0","832000","832000","1040","800","52000","16"
"2014-08-27","4","2468150","2468150","1040","2450","52000","49"
"2014-08-26","0","50000","50000","1000","50","50000","1"
"2014-08-25","0","1700235","1700235","1000","1700","50000","34"
"2014-08-22","0","800015","800015","1000","800","50015","16"
"2014-08-20","0","6800925","6800925","1000","6800","50000","136"
"2014-08-19","0","350120","350120","1000","350","50010","7"
"2014-08-18","0","150015","150015","1000","150","50005","3"
"2014-08-14","-3.85","3183995","3183995","1000","3100","50000","62"
"2014-08-13","0","260000","260000","1040","250","52000","5"
"2014-08-12","4","504000","504000","1040","500","52000","10"
"2014-08-11","0","12500000","12500000","1000","12500","50000","250"
"2014-08-08","5.93","40695000","40695000","1000","41500","50000","830"
"2014-08-06","-2.68","1201800","1201800","944","1250","47200","25"
"2014-08-05","2.75","617500","617500","970","650","48500","13"
"2014-08-04","0","3068050","3068050","944","3250","47200","65"
"2014-08-01","-3.67","944000","944000","944","1000","47200","20"
"2014-07-31","4.26","7791000","7791000","980","7950","49000","159"
"2014-07-29","0","987115","987115","940","1050","47005","21"
"2014-07-25","-2.08","4796050","4796050","940","5150","47005","103"
"2014-07-23","-2.04","432000","432000","960","450","48000","9"
"2014-07-22","4.26","10829000","10829000","980","11050","49000","221"
"2014-07-21","0","8695500","8695500","940","9250","47000","185"
"2014-07-18","0","23500000","23500000","940","25000","47000","500"
"2014-07-17","2.06","1175000","1175000","940","1250","47000","25"
"2014-07-10","-4.06","13786185","13786185","921","14700","46025","294"
"2014-07-09","0","384080","384080","960","400","48010","8"
"2014-07-08","0","336520","336520","960","350","48010","7"
"2014-07-07","-1.03","96020","96020","960","100","48005","2"
"2014-07-04","-3","4200500","4200500","970","4300","48500","86"
"2014-07-02","2.04","50000","50000","1000","50","50000","1"
"2014-07-01","2.08","3314500","3314500","980","3400","49000","68"
"2014-06-26","4.35","816050","816050","960","850","48005","17"
"2014-06-25","-2.13","929500","929500","920","1000","46000","20"
"2014-06-24","2.17","3501000","3501000","940","3800","47000","76"
"2014-06-23","0","1332000","1332000","920","1450","46000","29"
"2014-06-20","-2.13","1564000","1564000","920","1700","46000","34"
"2014-06-18","-0.42","140985","140985","940","150","46995","3"
"2014-06-16","0","1676000","1676000","944","1750","47200","35"
"2014-06-13","-1.67","1232800","1232800","944","1300","47200","26"
"2014-06-12","2.13","1474400","1474400","960","1550","48000","31"
"2014-06-11","2.17","1504000","1504000","940","1600","47000","32"
"2014-06-06","2.22","1177000","1177000","920","1300","46000","26"
"2014-06-05","0","1125000","1125000","900","1250","45000","25"
"2014-06-04","0","1170000","1170000","900","1300","45000","26"
"2014-06-03","-4.26","2709000","2709000","900","2950","45000","59"
"2014-06-02","0","6633750","6633750","940","7050","47000","141"
"2014-05-30","0","376000","376000","940","400","47000","8"
"2014-05-28","0","1034000","1034000","940","1100","47000","22"
"2014-05-27","0","6157000","6157000","940","6550","47000","131"
"2014-05-26","0","470020","470020","940","500","47000","10"
"2014-05-23","0","1410000","1410000","940","1500","47000","30"
"2014-05-21","-6.93","2497000","2497000","940","2650","47000","53"
"2014-05-20","1","454500","454500","1010","450","50500","9"
"2014-05-19","0","15250000","15250000","1000","15250","50000","305"
"2014-05-16","0","400000","400000","1000","400","50000","8"
"2014-05-15","0","99980","99980","1000","100","49990","2"
"2014-05-13","2.04","749900","749900","1000","750","50000","15"
"2014-05-12","-2","639985","639985","980","650","49000","13"
"2014-05-09","0","49995","49995","1000","50","49995","1"
"2014-05-08","-5.66","1000000","1000000","1000","1000","50000","20"
"2014-05-07","-2.75","1325000","1325000","1060","1250","53000","25"
"2014-05-05","0","589690","589690","1090","550","54500","11"
"2014-05-02","0","1090000","1090000","1090","1000","54500","20"
"2014-04-30","3.81","1765500","1765500","1090","1650","54500","33"
"2014-04-29","-2.78","903000","903000","1050","850","52500","17"
"2014-04-28","0","162500","162500","1080","150","54000","3"
"2014-04-25","-1.82","1308000","1308000","1080","1200","54000","24"
"2014-04-24","0","110000","110000","1100","100","55000","2"
"2014-04-23","0","770000","770000","1100","700","55000","14"
"2014-04-22","0.92","164985","164985","1100","150","54995","3"
"2014-04-18","-0.91","379000","379000","1090","350","54500","7"
"2014-04-17","0","550000","550000","1100","500","55000","10"
"2014-04-16","-3.51","3091000","3091000","1100","2800","55000","56"
"2014-04-15","-1.72","2069000","2069000","1140","1850","57000","37"
"2014-04-14","0","2320000","2320000","1160","2000","58000","40"
"2014-04-11","0","2262000","2262000","1160","1950","58000","39"
"2014-04-10","0","3804800","3804800","1160","3250","58000","65"
"2014-04-09","-3.33","464000","464000","1160","400","58000","8"
"2014-04-08","0","240000","240000","1200","200","60000","4"
"2014-04-07","5.26","1317000","1317000","1200","1150","60000","23"
"2014-04-04","1.79","1767000","1767000","1140","1550","57000","31"
"2014-04-03","0","448000","448000","1120","400","56000","8"
"2014-04-02","0","1807000","1807000","1120","1600","56000","32"
"2014-04-01","-0.88","560000","560000","1120","500","56000","10"
"2014-03-31","0.89","3382565","3382565","1130","3000","56500","60"
"2014-03-27","3.7","1455870","1455870","1120","1300","55995","26"
"2014-03-25","0","432000","432000","1080","400","54000","8"
"2014-03-24","0","4158000","4158000","1080","3850","54000","77"
"2014-03-21","3.85","486000","486000","1080","450","54000","9"
"2014-03-20","0","156015","156015","1040","150","52005","3"
"2014-03-19","0","3276400","3276400","1040","3150","52000","63"
"2014-03-18","-3.7","529000","529000","1040","500","52000","10"
"2014-03-17","1.89","1836000","1836000","1080","1700","54000","34"
"2014-03-14","-5.36","8910990","8910990","1060","8250","53000","165"
"2014-03-12","0","4482000","4482000","1120","4100","56000","82"
"2014-03-11","0","10024000","10024000","1120","8950","56000","179"
"2014-03-10","0","3640000","3640000","1120","3250","56000","65"
"2014-03-07","-1.75","5766050","5766050","1120","5100","56000","102"
"2014-03-06","1.79","10600700","10600700","1140","9300","57000","186"
"2014-03-05","-1.75","4368000","4368000","1120","3900","56000","78"
"2014-03-04","1.79","4280110","4280110","1140","3800","57000","76"
"2014-03-03","-1.75","3752000","3752000","1120","3350","56000","67"
"2014-02-28","0","2108000","2108000","1140","1850","57000","37"
"2014-02-26","-3.39","927000","927000","1140","800","57000","16"
"2014-02-25","1.72","709000","709000","1180","600","59000","12"
"2014-02-24","-3.33","525600","525600","1160","450","58000","9"
"2014-02-21","0","893500","893500","1200","750","60000","15"
"2014-02-20","0","180000","180000","1200","150","60000","3"
"2014-02-17","-3.23","2700275","2700275","1200","2250","60005","45"
"2014-02-14","0","4015540","4015540","1240","3300","61985","66"
"2014-02-13","-3.05","5945115","5945115","1240","4750","62000","95"
"2014-02-10","7.48","10254600","10254600","1279","8100","63960","162"
"2014-02-07","6.25","5417500","5417500","1190","4800","59500","96"
"2014-02-06","0","1680000","1680000","1120","1500","56000","30"
"2014-02-03","-1.75","560000","560000","1120","500","56000","10"
"2014-01-30","1.79","2298000","2298000","1140","2050","57000","41"
"2014-01-29","-2.52","728000","728000","1120","650","56000","13"
"2014-01-28","-0.95","172350","172350","1149","150","57450","3"
"2014-01-27","-2.52","2612650","2612650","1160","2250","57990","45"
"2014-01-24","2.59","119000","119000","1190","100","59500","2"
"2014-01-23","1.58","3537800","3537800","1160","3100","58000","62"
"2014-01-22","-4.83","228400","228400","1142","200","57100","4"
"2014-01-21","0","2397000","2397000","1200","2000","60000","40"
"2014-01-20","-0.83","180000","180000","1200","150","60000","3"
"2014-01-17","0.83","181500","181500","1210","150","60500","3"
"2014-01-16","-0.83","3608250","3608250","1200","3000","60000","60"
"2014-01-15","0","1336000","1336000","1210","1100","60500","22"
"2014-01-14","-3.97","2807000","2807000","1210","2250","60500","45"
"2014-01-09","-3.96","1300000","1300000","1260","1000","63000","20"
"2014-01-08","0","131160","131160","1312","100","65580","2"
"2014-01-07","0","1836190","1836190","1312","1400","65580","28"
"2014-01-06","7.54","1044625","1044625","1312","800","65575","16"
"2014-01-03","0","488000","488000","1220","400","61000","8"
"2014-01-02","1.33","1525000","1525000","1220","1250","61000","25"
"2013-12-31","0","2347800","2347800","1204","1950","60200","39"
"2013-12-30","0","903000","903000","1204","750","60200","15"
"2013-12-27","0","37143400","37143400","1204","30850","60200","617"
"2013-12-26","0","7524000","7524000","1204","6250","60200","125"
"2013-12-24","7.5","301000","301000","1204","250","60200","5"
"2013-12-23","0","1792000","1792000","1120","1600","56000","32"
"2013-12-20","0.18","728000","728000","1120","650","56000","13"
"2013-12-19","0","5981300","5981300","1118","5350","55900","107"
"2013-12-18","7.5","274700","274700","1118","250","55900","5"
"2013-12-17","0","312000","312000","1040","300","52000","6"
"2013-12-16","0","5972500","5972500","1040","5750","52000","115"
"2013-12-12","7.44","23400000","23400000","1040","22500","52000","450"
"2013-12-11","7.56","1418865","1418865","968","1550","48375","31"
"2013-12-09","7.14","26313000","26313000","900","29250","45000","585"
"2013-12-06","-6.67","855075","855075","840","1000","42005","20"
"2013-12-05","-2.17","4734900","4734900","900","5200","45000","104"
"2013-12-04","0","8970000","8970000","920","9750","46000","195"
"2013-12-03","0","736000","736000","920","800","46000","16"
"2013-12-02","-0.22","4925820","4925820","920","5350","46000","107"
"2013-11-29","-0.86","276660","276660","922","300","46110","6"
"2013-11-27","0","13976405","13976405","930","15050","46500","301"
"2013-11-26","0.76","2363125","2363125","930","2550","46510","51"
"2013-11-25","0.11","902480","902480","923","950","46150","19"
"2013-11-22","0.22","691650","691650","922","750","46110","15"
"2013-11-20","0.66","10279450","10279450","920","11150","46010","223"
"2013-11-19","0","4707100","4707100","914","5150","45700","103"
"2013-11-18","0.44","546400","546400","914","600","45700","12"
"2013-11-13","1.11","409500","409500","910","450","45500","9"
"2013-11-12","0","1171000","1171000","900","1300","45000","26"
"2013-11-11","4.65","2810000","2810000","900","3200","45000","64"
"2013-11-07","0","2106000","2106000","860","2450","43000","49"
"2013-11-06","0","796100","796100","860","900","43000","18"
"2013-11-05","2.38","766000","766000","860","900","43000","18"
"2013-11-04","5.53","63084000","63084000","840","75100","42000","1502"
"2013-10-31","-5.24","7639750","7639750","796","9300","39775","186"
"2013-10-29","-6.67","13705505","13705505","840","15250","42000","305"
"2013-10-28","-0.22","27094095","27094095","900","30000","45000","600"
"2013-10-25","0","1578500","1578500","902","1750","45100","35"
"2013-10-24","2.5","1257600","1257600","902","1400","45100","28"
"2013-10-22","0","2194600","2194600","880","2500","44000","50"
"2013-10-21","1.73","308000","308000","880","350","44000","7"
"2013-10-18","0.58","4325000","4325000","865","5000","43250","100"
"2013-10-16","-3.37","1292000","1292000","860","1500","43000","30"
"2013-10-14","5.95","1335000","1335000","890","1500","44500","30"
"2013-10-10","0","1260060","1260060","840","1500","42000","30"
"2013-10-09","0","126000","126000","840","150","42000","3"
"2013-10-08","0","1889970","1889970","840","2250","42000","45"
"2013-10-07","0","3540060","3540060","840","4350","42000","87"
"2013-10-04","0.12","909600","909600","840","1100","42000","22"
"2013-10-03","4.88","31447500","31447500","839","37500","41930","750"
"2013-10-01","1.27","4497980","4497980","800","5600","40000","112"
"2013-09-30","1.28","395000","395000","790","500","39500","10"
"2013-09-26","-7.14","4080765","4080765","780","4950","39005","99"
"2013-09-25","-1.18","7350000","7350000","840","8750","42000","175"
"2013-09-24","-3.41","14364500","14364500","850","16900","42500","338"
"2013-09-23","0","748000","748000","880","850","44000","17"
"2013-09-20","5.64","5673750","5673750","880","6500","44000","130"
"2013-09-19","0","252895","252895","833","300","41630","6"
"2013-09-18","-7.44","7948125","7948125","833","8850","41625","177"
"2013-09-17","0","21240000","21240000","900","23600","45000","472"
"2013-09-16","0","6410190","6410190","900","6900","45005","138"
"2013-09-13","0","1800000","1800000","900","2000","45000","40"
"2013-09-12","0","10935000","10935000","900","12150","45000","243"
"2013-09-11","0","449950","449950","900","500","44995","10"
"2013-09-09","0","1350000","1350000","900","1500","45000","30"
"2013-09-06","0","5310000","5310000","900","5900","45000","118"
"2013-09-02","0","945000","945000","900","1050","45000","21"
"2013-08-30","0","2160240","2160240","900","2400","45005","48"
"2013-08-29","-4.86","405045","405045","900","450","45005","9"
"2013-08-27","0.64","14749800","14749800","946","15600","47275","312"
"2013-08-26","0","2491000","2491000","940","2650","47000","53"
"2013-08-23","0","1410000","1410000","940","1500","47000","30"
"2013-08-22","1.62","4888000","4888000","940","5200","47000","104"
"2013-08-21","7.56","11463800","11463800","925","12400","46225","248"
"2013-08-20","4.88","4300000","4300000","860","5000","43000","100"
"2013-08-19","0.74","9840000","9840000","820","12000","41000","240"
"2013-08-14","-7.5","1180300","1180300","814","1450","40700","29"
"2013-08-13","0","1583280","1583280","880","1800","43980","36"
"2013-08-05","7.32","9854880","9854880","880","11200","43995","224"
"2013-08-02","-7.03","7585000","7585000","820","9250","41000","185"
"2013-07-29","7.56","2203750","2203750","882","2500","44075","50"
"2013-07-26","5.13","4920000","4920000","820","6000","41000","120"
"2013-07-25","-6.02","312000","312000","780","400","39000","8"
"2013-07-24","0","6930500","6930500","830","8350","41500","167"
"2013-07-22","0","2905700","2905700","830","3500","41510","70"
"2013-07-19","1.22","2739000","2739000","830","3300","41500","66"
"2013-07-18","2.5","2460000","2460000","820","3000","41000","60"
"2013-07-17","0","400050","400050","800","500","40005","10"
"2013-07-16","0","880110","880110","800","1100","40005","22"
"2013-07-15","0","2000000","2000000","800","2500","40000","50"
"2013-07-12","-4.65","2840000","2840000","800","3550","40000","71"
"2013-07-10","7.56","1760850","1760850","839","2100","41925","42"
"2013-07-09","0","3744000","3744000","780","4800","39000","96"
"2013-07-08","0","741000","741000","780","950","39000","19"
"2013-07-05","0","11895000","11895000","780","15250","39000","305"
"2013-07-03","0","3900000","3900000","780","5000","39000","100"
"2013-07-02","7.44","12402000","12402000","780","15900","39000","318"
"2013-07-01","7.24","1560900","1560900","726","2150","36300","43"
"2013-06-28","7.46","8871320","8871320","677","13100","33860","262"
"2013-06-27","1.45","1795500","1795500","630","2850","31500","57"
"2013-06-26","0.16","7141500","7141500","621","11500","31050","230"
"2013-06-24","0","62000","62000","620","100","31000","2"
"2013-06-20","0","1674000","1674000","620","2700","31000","54"
"2013-06-18","0","1798000","1798000","620","2900","31000","58"
"2013-06-17","3.33","2573000","2573000","620","4150","31000","83"
"2013-06-14","0","4770000","4770000","600","7950","30000","159"
"2013-06-13","1.18","12540000","12540000","600","20900","30000","418"
"2013-06-12","0","4122045","4122045","593","6950","29655","139"
"2013-06-11","-4.35","17790000","17790000","593","30000","29650","600"
"2013-06-10","1.64","9362000","9362000","620","15100","31000","302"
"2013-06-06","0","6496500","6496500","610","10650","30500","213"
"2013-06-05","-4.69","10888500","10888500","610","17850","30500","357"
"2013-06-04","0","480000","480000","640","750","32000","15"
"2013-06-03","0","320000","320000","640","500","32000","10"
"2013-05-29","0","14592000","14592000","640","22800","32000","456"
"2013-05-28","-0.16","640000","640000","640","1000","32000","20"
"2013-05-27","0.16","1185850","1185850","641","1850","32050","37"
"2013-05-24","1.59","320000","320000","640","500","32000","10"
"2013-05-22","0","4000500","4000500","630","6350","31500","127"
"2013-05-21","5","315000","315000","630","500","31500","10"
"2013-05-16","0","180000","180000","600","300","30000","6"
"2013-05-15","0","330000","330000","600","550","30000","11"
"2013-05-14","0","1050000","1050000","600","1750","30000","35"
"2013-05-07","-0.5","3571190","3571190","600","5950","30010","119"
"2013-05-06","0","1507500","1507500","603","2500","30150","50"
"2013-05-03","-5.78","331650","331650","603","550","30150","11"
"2013-05-02","6.67","3200000","3200000","640","5000","32000","100"
"2013-04-30","-6.25","450000","450000","600","750","30000","15"
"2013-04-29","6.67","1120000","1120000","640","1750","32000","35"
"2013-04-26","-6.25","1350000","1350000","600","2250","30000","45"
"2013-04-25","0","4800000","4800000","640","7500","32000","150"
"2013-04-24","0","7840000","7840000","640","12250","32000","245"
"2013-04-23","-1.54","47168000","47168000","640","73700","32000","1474"
"2013-04-22","1.56","812500","812500","650","1250","32500","25"
"2013-04-18","0","96000","96000","640","150","32000","3"
"2013-04-17","2.89","448000","448000","640","700","32000","14"
"2013-04-12","3.67","3980800","3980800","622","6400","31100","128"
"2013-04-11","0.33","2550000","2550000","600","4250","30000","85"
"2013-04-10","0","2213340","2213340","598","3700","29910","74"
"2013-04-09","3.1","1405300","1405300","598","2350","29900","47"
"2013-04-08","0","1044180","1044180","580","1800","29005","36"
"2013-04-03","-0.34","3248000","3248000","580","5600","29000","112"
"2013-04-02","0","87300","87300","582","150","29100","3"
"2013-03-29","0","436500","436500","582","750","29100","15"
"2013-03-28","0.34","727500","727500","582","1250","29100","25"
"2013-03-26","-0.34","580000","580000","580","1000","29000","20"
"2013-03-25","0.34","785700","785700","582","1350","29100","27"
"2013-03-22","-0.34","2349000","2349000","580","4050","29000","81"
"2013-03-21","0.34","6867600","6867600","582","11800","29100","236"
"2013-03-20","0","348000","348000","580","600","29000","12"
"2013-03-19","0","57990","57990","580","100","28995","2"
"2013-03-15","-3.33","1188795","1188795","580","2050","28995","41"
"2013-03-14","3.45","660000","660000","600","1100","30000","22"
"2013-03-11","-6.45","3973000","3973000","580","6850","29000","137"
"2013-03-08","-3.88","806000","806000","620","1300","31000","26"
"2013-03-07","7.5","1128750","1128750","645","1750","32250","35"
"2013-03-06","3.45","8250000","8250000","600","13750","30000","275"
"2013-03-05","0","3567000","3567000","580","6150","29000","123"
"2013-02-28","0","3393000","3393000","580","5850","29000","117"
"2013-02-27","0","290000","290000","580","500","29000","10"
"2013-02-25","-3.33","3190000","3190000","580","5500","29000","110"
"2013-02-22","3.45","3600000","3600000","600","6000","30000","120"
"2013-02-21","0","2900000","2900000","580","5000","29000","100"
"2013-02-20","-0.68","3538000","3538000","580","6100","29000","122"
"2013-02-19","0","817600","817600","584","1400","29200","28"
"2013-02-18","-1.02","1022525","1022525","584","1750","29215","35"
"2013-02-15","-1.99","9587500","9587500","590","16250","29500","325"
"2013-02-11","0","3520530","3520530","602","5850","30090","117"
"2013-02-08","7.5","692300","692300","602","1150","30100","23"
"2013-02-07","6.87","700000","700000","560","1250","28000","25"
"2013-02-06","0","655125","655125","524","1250","26205","25"
"2013-02-05","0.77","12132915","12132915","524","23150","26205","463"
"2013-02-01","0","1612310","1612310","520","3100","26005","62"
"2013-01-29","0","520100","520100","520","1000","26005","20"
"2013-01-28","0","6864000","6864000","520","13200","26000","264"
"2013-01-25","0","1014195","1014195","520","1950","26005","39"
"2013-01-22","0","2340000","2340000","520","4500","26000","90"
"2013-01-21","0","884000","884000","520","1700","26000","34"
"2013-01-18","0","364000","364000","520","700","26000","14"
"2013-01-17","0","3120000","3120000","520","6000","26000","120"
"2013-01-16","-0.76","27508000","27508000","520","52900","26000","1058"
"2013-01-15","-0.57","7205000","7205000","524","13750","26200","275"
"2013-01-11","-7.54","1450075","1450075","527","2750","26365","55"
"2013-01-10","-1.72","313500","313500","570","550","28500","11"
"2013-01-08","0","695880","695880","580","1200","28995","24"
"2013-01-07","0","869850","869850","580","1500","28995","30"
"2013-01-03","6.23","2899500","2899500","580","5000","28995","100"
"2013-01-02","0","409500","409500","546","750","27300","15"
"2012-12-31","7.48","546000","546000","546","1000","27300","20"
"2012-12-28","7.4","3304600","3304600","508","6500","25420","130"
"2012-12-27","7.5","189200","189200","473","400","23650","8"
"2012-12-26","7.06","1210000","1210000","440","2750","22000","55"
"2012-12-24","2.75","10349640","10349640","411","25200","20535","504"
"2012-12-21","-2.68","3361680","3361680","400","8400","20010","168"
"2012-12-20","0","17413680","17413680","411","42400","20535","848"
"2012-12-19","0","533910","533910","411","1300","20535","26"
"2012-12-18","2.75","5462310","5462310","411","13300","20535","266"
"2012-12-17","-2.68","4060000","4060000","400","10150","20000","203"
"2012-12-14","-7.43","3696300","3696300","411","9000","20535","180"
"2012-12-13","0","222000","222000","444","500","22200","10"
"2012-12-12","-7.5","177600","177600","444","400","22200","8"
"2012-12-10","0","2399500","2399500","480","5000","23995","100"
"2012-12-07","-4","1248000","1248000","480","2600","24000","52"
"2012-12-06","0","699720","699720","500","1400","24990","28"
"2012-12-05","0","1250000","1250000","500","2500","25000","50"
"2012-12-04","-3.85","5775000","5775000","500","11550","25000","231"
"2012-12-03","0","1533705","1533705","520","2950","25995","59"
"2012-11-30","0","3952000","3952000","520","7600","26000","152"
"2012-11-29","0","5980000","5980000","520","11500","26000","230"
"2012-11-27","-3.7","3328000","3328000","520","6400","26000","128"
"2012-11-26","0","945000","945000","540","1750","27000","35"
"2012-11-23","0","5238000","5238000","540","9700","27000","194"
"2012-11-21","0","3861000","3861000","540","7150","27000","143"
"2012-11-20","0","836845","836845","540","1550","26995","31"
"2012-11-19","-1.82","34668000","34668000","540","64200","27000","1284"
"2012-11-14","0","82500","82500","550","150","27500","3"
"2012-11-13","6.59","522500","522500","550","950","27500","19"
"2012-11-12","7.05","10087800","10087800","516","19550","25800","391"
"2012-11-09","-6.59","11037800","11037800","482","22900","24100","458"
"2012-11-07","7.5","13158000","13158000","516","25500","25800","510"
"2012-11-05","-5.88","2760000","2760000","480","5750","24000","115"
"2012-11-02","2","2677500","2677500","510","5250","25500","105"
"2012-10-31","3.73","675000","675000","500","1350","25000","27"
"2012-10-30","0","964000","964000","482","2000","24100","40"
"2012-10-25","-7.31","53092300","53092300","482","110150","24100","2203"
"2012-10-23","1.96","18200000","18200000","520","35000","26000","700"
"2012-10-22","-3.77","1275000","1275000","510","2500","25500","50"
"2012-10-19","0","582890","582890","530","1100","26495","22"
"2012-10-18","6","2650000","2650000","530","5000","26500","100"
"2012-10-17","-7.41","375000","375000","500","750","25000","15"
"2012-10-15","-3.57","27702000","27702000","540","51300","27000","1026"
"2012-10-12","0","280000","280000","560","500","28000","10"
"2012-10-11","0.72","1819675","1819675","560","3250","27995","65"
"2012-10-10","1.09","2780000","2780000","556","5000","27800","100"
"2012-10-09","-1.79","9322500","9322500","550","16950","27500","339"
"2012-10-08","0","1148000","1148000","560","2050","28000","41"
"2012-10-05","0","7252000","7252000","560","12950","28000","259"
"2012-10-04","0","2520000","2520000","560","4500","28000","90"
"2012-10-03","0","308000","308000","560","550","28000","11"
"2012-10-02","0","6608000","6608000","560","11800","28000","236"
"2012-10-01","3.32","2100000","2100000","560","3750","28000","75"
"2012-09-28","0","1002885","1002885","542","1850","27105","37"
"2012-09-27","2.26","1924455","1924455","542","3550","27105","71"
"2012-09-26","0","5114500","5114500","530","9650","26500","193"
"2012-09-25","0","41313500","41313500","530","77950","26500","1559"
"2012-09-24","6","29865500","29865500","530","56350","26500","1127"
"2012-09-21","0","1025000","1025000","500","2050","25000","41"
"2012-09-20","0","75000","75000","500","150","25000","3"
"2012-09-19","0","100000","100000","500","200","25000","4"
"2012-09-18","-3.85","3500000","3500000","500","7000","25000","140"
"2012-09-17","-1.89","779850","779850","520","1500","25995","30"
"2012-09-14","-1.85","2014000","2014000","530","3800","26500","76"
"2012-09-13","-1.1","8883000","8883000","540","16450","27000","329"
"2012-09-12","0","7644000","7644000","546","14000","27300","280"
"2012-09-11","7.48","3439800","3439800","546","6300","27300","126"
"2012-09-10","5.83","1879600","1879600","508","3700","25400","74"
"2012-09-07","1.48","288000","288000","480","600","24000","12"
"2012-09-05","0","2507960","2507960","473","5300","23660","106"
"2012-09-04","7.5","473100","473100","473","1000","23655","20"
"2012-09-03","0","5061150","5061150","440","11500","22005","230"
"2012-08-31","0","10560000","10560000","440","24000","22000","480"
"2012-08-30","2.33","726000","726000","440","1650","22000","33"
"2012-08-27","0","215000","215000","430","500","21500","10"
"2012-08-24","0","43000","43000","430","100","21500","2"
"2012-08-23","0","387000","387000","430","900","21500","18"
"2012-08-22","0","5569795","5569795","430","12950","21505","259"
"2012-08-21","0","1075000","1075000","430","2500","21500","50"
"2012-08-17","0","129000","129000","430","300","21500","6"
"2012-08-14","0","129000","129000","430","300","21500","6"
"2012-08-13","7.5","2171500","2171500","430","5050","21500","101"
"2012-08-10","-6.54","2120000","2120000","400","5300","20000","106"
"2012-08-09","7","321000","321000","428","750","21400","15"
"2012-08-02","0","200050","200050","400","500","20005","10"
"2012-07-31","5.26","2160000","2160000","400","5400","20000","108"
"2012-07-25","-5","361000","361000","380","950","19000","19"
"2012-07-24","0","260000","260000","400","650","20000","13"
"2012-07-16","0","300000","300000","400","750","20000","15"
"2012-07-11","0","620000","620000","400","1550","20000","31"
"2012-07-09","2.56","320000","320000","400","800","20000","16"
"2012-07-05","0","13260000","13260000","390","34000","19500","680"
"2012-07-04","0","6552000","6552000","390","16800","19500","336"
"2012-07-03","-7.14","780000","780000","390","2000","19500","40"
"2012-07-02","0","315000","315000","420","750","21000","15"
"2012-06-29","0","315000","315000","420","750","21000","15"
"2012-06-28","0","903000","903000","420","2150","21000","43"
"2012-06-27","0","273000","273000","420","650","21000","13"
"2012-06-26","5","3318000","3318000","420","7900","21000","158"
"2012-06-25","2.56","3920000","3920000","400","9800","20000","196"
"2012-06-21","-2.5","273000","273000","390","700","19500","14"
"2012-06-20","2.56","200000","200000","400","500","20000","10"
"2012-06-18","2.63","1716000","1716000","390","4400","19500","88"
"2012-06-15","2.7","6023000","6023000","380","15850","19000","317"
"2012-06-14","-2.63","333000","333000","370","900","18500","18"
"2012-06-13","0","2641000","2641000","380","6950","19000","139"
"2012-06-12","5.56","1406000","1406000","380","3700","19000","74"
"2012-06-11","5.88","1980000","1980000","360","5500","18000","110"
"2012-06-08","3.03","850000","850000","340","2500","17000","50"
"2012-06-07","0","1072500","1072500","330","3250","16500","65"
"2012-06-05","0","676705","676705","330","2050","16505","41"
"2012-06-04","0","1386000","1386000","330","4200","16500","84"
"2012-06-01","0","247500","247500","330","750","16500","15"
"2012-05-31","0","313500","313500","330","950","16500","19"
"2012-05-30","0","198000","198000","330","600","16500","12"
"2012-05-29","0","396000","396000","330","1200","16500","24"
"2012-05-24","0","115500","115500","330","350","16500","7"
"2012-05-23","0","1386000","1386000","330","4200","16500","84"
"2012-05-22","-2.94","660200","660200","330","2000","16505","40"
"2012-05-21","0","662805","662805","340","1950","16995","39"
"2012-05-18","0","493000","493000","340","1450","17000","29"
"2012-05-15","0","255000","255000","340","750","17000","15"
"2012-05-11","0","85000","85000","340","250","17000","5"
"2012-05-10","3.03","816000","816000","340","2400","17000","48"
"2012-05-09","0","544500","544500","330","1650","16500","33"
"2012-05-08","0","775500","775500","330","2350","16500","47"
"2012-05-07","3.13","165000","165000","330","500","16500","10"
"2012-05-03","0","256000","256000","320","800","16000","16"
"2012-05-02","0","256000","256000","320","800","16000","16"
"2012-04-30","0","48000","48000","320","150","16000","3"
"2012-04-27","-3.03","256000","256000","320","800","16000","16"
"2012-04-26","4.43","165000","165000","330","500","16500","10"
"2012-04-24","0","1912405","1912405","316","6050","15805","121"
"2012-04-23","0","790000","790000","316","2500","15800","50"
"2012-04-20","0","853200","853200","316","2700","15800","54"
"2012-04-19","0","1832800","1832800","316","5800","15800","116"
"2012-04-17","-3.66","221200","221200","316","700","15800","14"
"2012-04-16","-3.53","459200","459200","328","1400","16400","28"
"2012-04-13","0","866745","866745","340","2550","16995","51"
"2012-04-12","-8.11","170000","170000","340","500","17000","10"
"2012-04-10","-2.63","851000","851000","370","2300","18500","46"
"2012-04-06","-4.04","532000","532000","380","1400","19000","28"
"2012-04-05","0","5009400","5009400","396","12650","19800","253"
"2012-04-04","0","2178000","2178000","396","5500","19800","110"
"2012-04-03","0","5505790","5505790","396","13900","19805","278"
"2012-04-02","0","396100","396100","396","1000","19805","20"
"2012-03-30","0","217855","217855","396","550","19805","11"
"2012-03-29","15.12","950400","950400","396","2400","19800","48"
"2012-03-27","7.5","516150","516150","344","1500","17205","30"
"2012-03-23","0.63","2032635","2032635","320","6350","16005","127"
"2012-03-22","0.63","1780800","1780800","318","5600","15900","112"
"2012-03-21","0","12798000","12798000","316","40500","15800","810"
"2012-03-20","0","869000","869000","316","2750","15800","55"
"2012-03-16","7.48","2085600","2085600","316","6600","15800","132"
"2012-03-15","5","294000","294000","294","1000","14700","20"
"2012-03-14","1.45","210075","210075","280","750","14005","15"
"2012-03-13","0","2194200","2194200","276","7950","13800","159"
"2012-03-12","2.22","924600","924600","276","3350","13800","67"
"2012-03-08","0","1323000","1323000","270","4900","13500","98"
"2012-03-07","3.85","2916000","2916000","270","10800","13500","216"
"2012-03-02","0","650250","650250","260","2500","13005","50"
"2012-03-01","3.17","2600000","2600000","260","10000","13000","200"
"2012-02-29","0.8","668065","668065","252","2650","12605","53"
"2012-02-27","-7.41","150000","150000","250","600","12500","12"
"2012-02-24","7.57","215840","215840","270","42000800","13490","840016"
"2012-02-22","0.4","276100","276100","251","1100","12550","22"
"2012-02-17","-0.4","750000","750000","250","3000","12500","60"
"2012-02-10","-3.46","627500","627500","251","2500","12550","50"
"2012-02-07","0","195000","195000","260","750","13000","15"
"2012-02-06","0","182000","182000","260","700","13000","14"
"2012-02-03","0","104040","104040","260","400","13005","8"
"2012-02-02","0","117000","117000","260","450","13000","9"
"2012-01-30","0","156060","156060","260","600","13005","12"
"2012-01-27","1.56","650250","650250","260","2500","13005","50"
"2012-01-23","0","256100","256100","256","1000","12805","20"
"2012-01-20","0","281600","281600","256","1100","12800","22"
"2012-01-18","1.99","256000","256000","256","1000","12800","20"
"2012-01-17","-1.95","753000","753000","251","3000","12550","60"
"2012-01-12","0","128000","128000","256","500","12800","10"
"2012-01-11","1.19","140800","140800","256","550","12800","11"
"2012-01-05","1.2","126500","126500","253","500","12650","10"
"2012-01-04","-3.47","187575","187575","250","750","12505","15"
"2011-12-29","0","207360","207360","259","800","12960","16"
"2011-12-27","0","194400","194400","259","750","12960","15"
"2011-12-21","0","77760","77760","259","300","12960","6"
"2011-12-20","7.47","18260640","18260640","259","70450","12960","1409"
"2011-12-06","0.42","120600","120600","241","500","12060","10"
"2011-12-02","0","900000","900000","240","3750","12000","75"
"2011-12-01","-4","720000","720000","240","3000","12000","60"
"2011-11-30","4.17","10179070","10179070","250","40700","12505","814"
"2011-11-29","0","1176000","1176000","240","4900","12000","98"
"2011-11-28","2.13","1224000","1224000","240","5100","12000","102"
"2011-11-25","2.17","117500","117500","235","500","11750","10"
"2011-11-24","0","115000","115000","230","500","11500","10"
"2011-11-23","-3.36","575000","575000","230","2500","11500","50"
"2011-11-22","0","559300","559300","238","2350","11900","47"
"2011-11-21","-4.8","1225700","1225700","238","5150","11900","103"
"2011-11-18","0","62500","62500","250","250","12500","5"
"2011-11-16","4.17","625000","625000","250","2500","12500","50"
"2011-11-11","0","264000","264000","240","1100","12000","22"
"2011-11-10","0","72000","72000","240","300","12000","6"
"2011-11-09","-4","408000","408000","240","1700","12000","34"
"2011-11-08","0","250000","250000","250","1000","12500","20"
"2011-11-04","0","162500","162500","250","650","12500","13"
"2011-11-03","0","3387500","3387500","250","13550","12500","271"
"2011-11-02","0","1937500","1937500","250","7750","12500","155"
"2011-10-31","-3.85","200000","200000","250","800","12500","16"
"2011-10-28","-3.7","1363950","1363950","260","5250","12990","105"
"2011-10-27","0","1634710","1634710","270","6050","13510","121"
"2011-10-26","8","202500","202500","270","750","13500","15"
"2011-10-21","1.63","375000","375000","250","1500","12500","30"
"2011-10-20","6.96","184500","184500","246","750","12300","15"
"2011-10-14","3.6","402500","402500","230","1750","11500","35"
"2011-10-13","0","1864800","1864800","222","8400","11100","168"
"2011-10-12","0","1576200","1576200","222","7100","11100","142"
"2011-10-11","-6.72","555000","555000","222","2500","11100","50"
"2011-10-06","-0.83","2963100","2963100","238","12450","11900","249"
"2011-10-05","0","143700","143700","240","600","11975","12"
"2011-10-04","0","1904025","1904025","240","7950","11975","159"
"2011-10-03","0","1500000","1500000","240","6250","12000","125"
"2011-09-30","0","3648000","3648000","240","15200","12000","304"
"2011-09-29","0","960000","960000","240","4000","12000","80"
"2011-09-27","0","576000","576000","240","2400","12000","48"
"2011-09-26","-1.23","396000","396000","240","1650","12000","33"
"2011-09-23","-0.82","801900","801900","243","3300","12150","66"
"2011-09-22","0","183750","183750","245","750","12250","15"
"2011-09-21","0","110250","110250","245","450","12250","9"
"2011-09-20","0","3001250","3001250","245","12250","12250","245"
"2011-09-19","2.08","122500","122500","245","500","12250","10"
"2011-09-16","-4","432000","432000","240","1800","12000","36"
"2011-09-13","0","725000","725000","250","2900","12500","58"
"2011-09-12","0","1250000","1250000","250","5000","12500","100"
"2011-09-09","-7.41","225000","225000","250","900","12500","18"
"2011-09-08","0","4225500","4225500","270","15650","13500","313"
"2011-09-07","0","324360","324360","270","1200","13515","24"
"2011-09-01","0","1351500","1351500","270","5000","13515","100"
"2011-08-26","0","675500","675500","270","2500","13510","50"
"2011-08-25","3.85","189000","189000","270","700","13500","14"
"2011-08-24","0","520000","520000","260","2000","13000","40"
"2011-08-23","0","338000","338000","260","1300","13000","26"
"2011-08-22","0","520000","520000","260","2000","13000","40"
"2011-08-10","0","715275","715275","260","2750","13005","55"
"2011-08-09","0","585225","585225","260","2250","13005","45"
"2011-08-05","0","65025","65025","260","250","13005","5"
"2011-08-04","0","1339515","1339515","260","5150","13005","103"
"2011-08-03","0","2470950","2470950","260","9500","13005","190"
"2011-08-02","0","1521585","1521585","260","5850","13005","117"
"2011-08-01","0","2665000","2665000","260","10250","13000","205"
"2011-07-29","-7.14","234000","234000","260","900","13000","18"
"2011-07-27","-6.67","168000","168000","280","600","14000","12"
"2011-07-25","0","30000","30000","300","100","15000","2"
"2011-07-21","-18.92","150000","150000","300","500","15000","10"
"2011-07-13","0","28915500","28915500","370","78150","18500","1563"
"2011-07-12","0","555000","555000","370","1500","18500","30"
"2011-07-11","0","1165500","1165500","370","3150","18500","63"
"2011-07-08","5.71","3700000","3700000","370","10000","18500","200"
"2011-07-07","-5.41","175000","175000","350","500","17500","10"
"2011-07-05","5.71","462500","462500","370","1250","18500","25"
"2011-07-04","0","2345000","2345000","350","6700","17500","134"
"2011-06-29","2.94","402500","402500","350","1150","17500","23"
"2011-06-28","0","459000","459000","340","1350","17000","27"
"2011-06-24","7.59","169850","169850","340","500","16985","10"
"2011-06-23","0","2749200","2749200","316","8700","15800","174"
"2011-06-22","0","5308800","5308800","316","16800","15800","336"
"2011-06-16","0","189600","189600","316","600","15800","12"
"2011-06-10","0","1532600","1532600","316","4850","15800","97"
"2011-06-09","0","284400","284400","316","900","15800","18"
"2011-06-08","0","1580000","1580000","316","5000","15800","100"
"2011-06-07","-1.25","4076400","4076400","316","12900","15800","258"
"2011-06-06","1.27","384000","384000","320","1200","16000","24"
"2011-06-03","-4.24","442400","442400","316","1400","15800","28"
"2011-06-01","0","264000","264000","330","800","16500","16"
"2011-05-31","3.77","1650000","1650000","330","5000","16500","100"
"2011-05-30","-7.02","1908000","1908000","318","6000","15900","120"
"2011-05-04","-7.57","171150","171150","342","500","17115","10"
"2011-02-10","0","888000","888000","370","2400","18500","48"
"2011-02-08","1.09","1831500","1831500","370","4950","18500","99"
"2011-02-07","-1.08","10980000","10980000","366","30000","18300","600"
"2011-02-02","0","259000","259000","370","700","18500","14"
"2011-02-01","0","351500","351500","370","950","18500","19"
"2011-01-28","0.27","1850000","1850000","370","5000","18500","100"
"2011-01-25","-0.27","184550","184550","369","500","18455","10"
"2011-01-24","0","18500","18500","370","50","18500","1"
"2011-01-20","1.65","4255000","4255000","370","11500","18500","230"
"2011-01-19","0.55","873600","873600","364","2400","18200","48"
"2011-01-17","0.56","905000","905000","362","2500","18100","50"
"2011-01-12","0","198000","198000","360","550","18000","11"
"2011-01-11","1.12","4248000","4248000","360","11800","18000","236"
"2011-01-10","-1.11","1406200","1406200","356","3950","17800","79"
"2011-01-07","0","4482000","4482000","360","12450","18000","249"
"2011-01-06","0","180100","180100","360","500","18010","10"
"2011-01-05","0","360000","360000","360","1000","18000","20"
"2011-01-04","0","630000","630000","360","1750","18000","35"
"2011-01-03","0","432000","432000","360","1200","18000","24"
"2010-12-31","0","1224000","1224000","360","3400","18000","68"
"2010-12-30","1.12","3636000","3636000","360","10100","18000","202"
"2010-12-29","1.14","623000","623000","356","1750","17800","35"
"2010-12-24","0","2112600","2112600","352","6000","17605","120"
"2010-12-23","0","2869615","2869615","352","8150","17605","163"
"2010-12-22","0","1760000","1760000","352","5000","17600","100"
"2010-12-21","0","1936000","1936000","352","5500","17600","110"
"2010-12-20","0","880000","880000","352","2500","17600","50"
"2010-12-16","0","528000","528000","352","1500","17600","30"
"2010-12-15","0","1478400","1478400","352","4200","17600","84"
"2010-12-14","-2.22","3520000","3520000","352","10000","17600","200"
"2010-12-10","2.86","1440000","1440000","360","4000","18000","80"
"2010-12-09","0","5547500","5547500","350","15850","17500","317"
"2010-12-07","0","105030","105030","350","300","17505","6"
"2010-12-06","1.16","1050300","1050300","350","3000","17505","60"
"2010-12-03","-1.7","865000","865000","346","2500","17300","50"
"2010-12-01","0.57","352000","352000","352","1000","17600","20"
"2010-11-30","1.16","1487925","1487925","350","4250","17505","85"
"2010-11-29","0.29","899600","899600","346","2600","17300","52"
"2010-11-25","0","569580","569580","345","1650","17260","33"
"2010-11-24","0.29","914515","914515","345","2650","17255","53"
"2010-11-23","0","9015420","9015420","344","26200","17205","524"
"2010-11-22","7.5","8103555","8103555","344","23550","17205","471"
"2010-11-19","0","2608815","2608815","320","8150","16005","163"
"2010-11-18","3.23","10307220","10307220","320","32200","16005","644"
"2010-11-17","-2.52","527000","527000","310","1700","15500","34"
"2010-11-12","0","8765760","8765760","318","27600","15880","552"
"2010-11-11","15.64","14911320","14911320","318","46950","15880","939"
"2010-11-09","15.55","3504975","3504975","275","12750","13745","255"
"2010-11-05","7.69","142800","142800","238","600","11900","12"
"2010-11-04","7.28","110700","110700","221","500","11070","10"
"2010-11-03","0","12051000","12051000","206","58500","10300","1170"
"2010-11-02","0","4295100","4295100","206","20850","10300","417"
"2010-10-29","0","1514100","1514100","206","7350","10300","147"
"2010-10-27","0","411600","411600","206","2000","10290","40"
"2010-10-26","-0.96","103000","103000","206","500","10300","10"
"2010-10-22","0","124500","124500","208","600","10375","12"
"2010-10-21","0","674375","674375","208","3250","10375","65"
"2010-10-20","0.97","747720","747720","208","3600","10385","72"
"2010-10-19","0","175100","175100","206","850","10300","17"
"2010-10-18","0","206000","206000","206","1000","10300","20"
"2010-10-15","0","10320600","10320600","206","50100","10300","1002"
"2010-10-14","0","875500","875500","206","4250","10300","85"
"2010-10-12","0","1318400","1318400","206","6400","10300","128"
"2010-10-08","-1.9","824000","824000","206","4000","10300","80"
"2010-10-04","0","2203950","2203950","210","10500","10495","210"
"2010-10-01","0","461780","461780","210","2200","10495","44"
"2010-09-30","0","10495","10495","210","50","10495","1"
"2010-09-29","0","808115","808115","210","3850","10495","77"
"2010-09-28","0","482770","482770","210","2300","10495","46"
"2010-09-24","0","146930","146930","210","700","10495","14"
"2010-09-21","0","63000","63000","210","300","10500","6"
"2010-09-20","0","1050000","1050000","210","5000","10500","100"
"2010-09-17","0","52475","52475","210","250","10495","5"
"2010-09-15","0","209900","209900","210","1000","10495","20"
"2010-09-14","0","1311875","1311875","210","6250","10495","125"
"2010-09-13","0","1059995","1059995","210","5050","10495","101"
"2010-09-07","0","52475","52475","210","250","10495","5"
"2010-09-03","0","1039005","1039005","210","4950","10495","99"
"2010-09-02","0","399000","399000","210","1900","10500","38"
"2010-09-01","0","367500","367500","210","1750","10500","35"
"2010-08-31","0","6370465","6370465","210","30350","10495","607"
"2010-08-27","0","840000","840000","210","4000","10500","80"
"2010-08-26","0","2730000","2730000","210","13000","10500","260"
"2010-08-24","0","1722000","1722000","210","8200","10500","164"
"2010-08-23","0","2152500","2152500","210","10250","10500","205"
"2010-08-20","0","4987500","4987500","210","23750","10500","475"
"2010-08-19","0","7129500","7129500","210","33950","10500","679"
"2010-08-18","0","4200000","4200000","210","20000","10500","400"
"2010-08-17","0","1008000","1008000","210","4800","10500","96"
"2010-08-13","0","105000","105000","210","500","10500","10"
"2010-08-12","0","1449000","1449000","210","6900","10500","138"
"2010-08-11","0","1270500","1270500","210","6050","10500","121"
"2010-08-10","0","52500","52500","210","250","10500","5"
"2010-08-06","0","483000","483000","210","2300","10500","46"
"2010-08-05","0","52500","52500","210","250","10500","5"
"2010-08-03","0","126000","126000","210","600","10500","12"
"2010-07-30","0","756000","756000","210","3600","10500","72"
"2010-07-28","0","535500","535500","210","2550","10500","51"
"2010-07-27","0","52500","52500","210","250","10500","5"
"2010-07-26","0","105000","105000","210","500","10500","10"
"2010-07-23","-3.67","1039500","1039500","210","4950","10500","99"
"2010-07-22","-0.91","109000","109000","218","500","10900","10"
"2010-07-21","0","88000","88000","220","400","11000","8"
"2010-07-20","0","330000","330000","220","1500","11000","30"
"2010-07-19","0","1067000","1067000","220","4850","11000","97"
"2010-07-16","-7.17","88000","88000","220","400","11000","8"
"2010-07-14","7.73","201025","201025","237","850","11825","17"
"2010-07-12","4.76","2211000","2211000","220","10050","11000","201"
"2010-07-07","5","210000","210000","210","1000","10500","20"
"2010-06-29","0","100000","100000","200","500","10000","10"
"2010-06-24","0","1210000","1210000","200","6050","10000","121"
"2010-06-23","0","270000","270000","200","1350","10000","27"
"2010-06-22","0","7180000","7180000","200","35900","10000","718"
"2010-06-21","5.26","10180000","10180000","200","50900","10000","1018"
"2010-06-18","0","1159000","1159000","190","6100","9500","122"
"2010-06-17","-5","2232500","2232500","190","11750","9500","235"
"2010-06-16","-3.85","310000","310000","200","1550","10000","31"
"2010-06-14","-0.95","270270","270270","208","1300","10395","26"
"2010-06-09","0","598215","598215","210","2850","10495","57"
"2010-06-08","-12.5","336000","336000","210","1600","10500","32"
"2010-05-28","0","95960","95960","240","400","11995","8"
"2010-05-25","-6.98","300000","300000","240","1250","12000","25"
"2010-05-11","-0.39","129000","129000","258","500","12900","10"
"2010-05-06","0","168155","168155","259","650","12935","13"
"2010-04-30","0","478965","478965","259","1850","12945","37"
"2010-04-27","-7.5","647500","647500","259","2500","12950","50"
"2010-04-13","0","462000","462000","280","1650","14000","33"
"2010-04-01","0","168000","168000","280","600","14000","12"
"2010-03-29","0","70000","70000","280","250","14000","5"
"2010-03-25","0","140000","140000","280","500","14000","10"
"2010-03-24","0","2492000","2492000","280","8900","14000","178"
"2010-03-22","0","154000","154000","280","550","14000","11"
"2010-03-19","7.69","139950","139950","280","500","13995","10"
"2010-03-17","0","143220","143220","260","550","13020","11"
"2010-03-16","0","130000","130000","260","500","13000","10"
"2010-03-15","4","234000","234000","260","900","13000","18"
"2010-03-12","0","124950","124950","250","500","12495","10"
"2010-03-11","0","987500","987500","250","3950","12500","79"
"2010-03-10","0.81","374700","374700","250","1500","12490","30"
"2010-03-05","-0.8","235600","235600","248","950","12400","19"
"2010-03-04","0","312500","312500","250","1250","12500","25"
"2010-03-03","0","350000","350000","250","1400","12500","28"
"2010-03-02","0","75000","75000","250","300","12500","6"
"2010-03-01","-1.57","387500","387500","250","1550","12500","31"
"2010-02-25","0","1447800","1447800","254","5700","12700","114"
"2010-02-24","0","1257300","1257300","254","4950","12700","99"
"2010-02-23","0","393700","393700","254","1550","12700","31"
"2010-02-22","-0.39","444500","444500","254","1750","12700","35"
"2010-02-19","7.59","445550","445550","255","1750","12730","35"
"2010-02-17","-7.42","225055","225055","237","950","11845","19"
"2010-02-16","-7.58","128050","128050","256","500","12805","10"
"2010-02-15","-7.36","373680","373680","277","1350","13840","27"
"2010-02-11","0","119680","119680","299","400","14960","8"
"2010-02-05","-0.33","224400","224400","299","750","14960","15"
"2010-02-04","-3.23","720000","720000","300","2400","15000","48"
"2010-02-03","3.33","155000","155000","310","500","15500","10"
"2010-02-02","-3.23","120000","120000","300","400","15000","8"
"2010-02-01","-5.49","728500","728500","310","2350","15500","47"
"2010-01-28","-0.61","147555","147555","328","450","16395","9"
"2010-01-25","0","181500","181500","330","550","16500","11"
"2010-01-21","0.61","561000","561000","330","1700","16500","34"
"2010-01-20","0","328100","328100","328","1000","16405","20"
"2010-01-18","-0.61","311695","311695","328","950","16405","19"
"2010-01-15","0","165000","165000","330","500","16500","10"
"2010-01-13","0","148500","148500","330","450","16500","9"
"2010-01-12","0","5494500","5494500","330","16650","16500","333"
"2010-01-11","-0.6","1650000","1650000","330","5000","16500","100"
"2010-01-08","0.61","298800","298800","332","900","16600","18"
"2010-01-06","-2.94","2937000","2937000","330","8900","16500","178"
"2010-01-04","-4.49","135960","135960","340","400","16995","8"
"2009-12-30","-6.32","2652200","2652200","356","7450","17800","149"
"2009-12-29","6.15","3914000","3914000","380","10300","19000","206"
"2009-12-28","15.48","161145","161145","358","450","17905","9"
"2009-12-16","3.33","1550000","1550000","310","5000","15500","100"
"2009-12-10","0","165000","165000","300","550","15000","11"
"2009-12-09","-3.23","300000","300000","300","1000","15000","20"
"2009-12-07","0","620000","620000","310","2000","15500","40"
"2009-12-04","0","2278500","2278500","310","7350","15500","147"
"2009-12-03","0","635500","635500","310","2050","15500","41"
"2009-12-02","0","124000","124000","310","400","15500","8"
"2009-12-01","0","124000","124000","310","400","15500","8"
"2009-11-30","0","4789500","4789500","310","15450","15500","309"
"2009-11-25","-3.13","155000","155000","310","500","15500","10"
"2009-11-24","0","399500","399500","320","1250","15980","25"
"2009-11-23","0","31960","31960","320","100","15980","2"
"2009-11-20","0","8485380","8485380","320","26550","15980","531"
"2009-11-19","0","159800","159800","320","500","15980","10"
"2009-11-18","0.63","8948800","8948800","320","28000","15980","560"
"2009-11-17","-0.63","206700","206700","318","650","15900","13"
"2009-11-16","0","175890","175890","320","550","15990","11"
"2009-11-13","0","2638350","2638350","320","8250","15990","165"
"2009-11-12","0","831480","831480","320","2600","15990","52"
"2009-11-11","0","111965","111965","320","350","15995","7"
"2009-11-10","0","21113400","21113400","320","66000","15995","1320"
"2009-11-09","-3.9","1632000","1632000","320","5100","16000","102"
"2009-11-06","0","1365300","1365300","333","4100","16650","82"
"2009-11-05","0","1198800","1198800","333","3600","16650","72"
"2009-11-04","0","7559100","7559100","333","22700","16650","454"
"2009-11-03","-7.5","965700","965700","333","2900","16650","58"
"2009-11-02","-2.7","396000","396000","360","1100","18000","22"
"2009-10-28","-7.5","2275500","2275500","370","6150","18500","123"
"2009-10-26","0","620000","620000","400","1550","20000","31"
"2009-10-23","0","500000","500000","400","1250","20000","25"
"2009-10-22","-0.99","500000","500000","400","1250","20000","25"
"2009-10-16","0","807600","807600","404","2000","20190","40"
"2009-10-13","0","403800","403800","404","1000","20190","20"
"2009-10-09","0","747215","747215","404","1850","20195","37"
"2009-10-06","-0.98","686800","686800","404","1700","20200","34"
"2009-10-02","0","530400","530400","408","1300","20400","26"
"2009-10-01","0","1020000","1020000","408","2500","20400","50"
"2009-09-30","-0.49","306000","306000","408","750","20400","15"
"2009-09-29","-2.38","512500","512500","410","1250","20500","25"
"2009-09-28","-1.41","1323000","1323000","420","3150","21000","63"
"2009-09-25","-5.33","212750","212750","426","500","21275","10"
"2009-09-24","0","787500","787500","450","1750","22500","35"
"2009-09-23","-2.17","337500","337500","450","750","22500","15"
"2009-09-22","0","229900","229900","460","500","22990","10"
"2009-09-21","0","988570","988570","460","2150","22990","43"
"2009-09-18","0","919600","919600","460","2000","22990","40"
"2009-09-16","0","1471360","1471360","460","3200","22990","64"
"2009-09-14","0","45990","45990","460","100","22995","2"
"2009-09-11","0","183960","183960","460","400","22995","8"
"2009-09-09","0","1265000","1265000","460","2750","23000","55"
"2009-09-08","0","1196780","1196780","460","2600","23015","52"
"2009-09-07","0","1449945","1449945","460","3150","23015","63"
"2009-09-04","0","3705415","3705415","460","8050","23015","161"
"2009-08-28","0","460200","460200","460","1000","23010","20"
"2009-08-27","0","345150","345150","460","750","23010","15"
"2009-08-24","1.55","2300000","2300000","460","5000","23000","100"
"2009-08-21","0.22","2265000","2265000","453","5000","22650","100"
"2009-08-20","7.62","225850","225850","452","500","22585","10"
"2009-08-19","5","2311100","2311100","420","5500","21010","110"
"2009-08-14","2.56","7725790","7725790","400","19300","20015","386"
"2009-08-13","-2.5","1286670","1286670","390","3300","19495","66"
"2009-08-12","0","6040000","6040000","400","15100","20000","302"
"2009-08-11","-4.76","2000000","2000000","400","5000","20000","100"
"2009-08-10","-12.5","693000","693000","420","1650","21000","33"
"2009-08-05","-11.44","384000","384000","480","800","24000","16"
"2009-08-03","-7.51","1382355","1382355","542","2550","27105","51"
"2009-07-29","1.03","1728700","1728700","586","2950","29300","59"
"2009-07-28","5.07","580000","580000","580","1000","29000","20"
"2009-07-27","7.39","1490670","1490670","552","2700","27605","54"
"2009-07-24","0","256800","256800","514","500","25680","10"
"2009-07-22","7.53","2208480","2208480","514","4300","25680","86"
"2009-07-21","15.46","597250","597250","478","1250","23890","25"
"2009-07-15","15.64","4589850","4589850","414","11100","20675","222"
"2009-07-09","7.51","4366380","4366380","358","12200","17895","244"
"2009-06-22","18.93","3080250","3080250","333","9250","16650","185"
"2009-06-15","0","210225","210225","280","750","14015","15"
"2009-06-12","-6.67","378135","378135","280","1350","14005","27"
"2009-06-11","7.14","1170000","1170000","300","3900","15000","78"
"2009-06-08","-6.67","420000","420000","280","1500","14000","30"
"2009-06-03","0","150150","150150","300","500","15015","10"
"2009-06-02","0","495000","495000","300","1650","15000","33"
"2009-05-29","-9.91","180000","180000","300","600","15000","12"
"2009-05-28","0","882450","882450","333","2650","16650","53"
"2009-05-27","0","49950","49950","333","150","16650","3"
"2009-05-26","0","166500","166500","333","500","16650","10"
"2009-05-22","0","49950","49950","333","150","16650","3"
"2009-05-20","0","1232100","1232100","333","3700","16650","74"
"2009-05-19","0","1814850","1814850","333","5450","16650","109"
"2009-05-18","0","16650","16650","333","50","16650","1"
"2009-05-15","0","582750","582750","333","1750","16650","35"
"2009-05-14","0","33300","33300","333","100","16650","2"
"2009-05-13","0","166500","166500","333","500","16650","10"
"2009-05-12","-7.5","149850","149850","333","450","16650","9"
"2009-05-08","0","180000","180000","360","500","18000","10"
"2009-05-07","0","1260000","1260000","360","3500","18000","70"
"2009-05-06","0","288000","288000","360","800","18000","16"
"2009-05-05","0","126000","126000","360","350","18000","7"
"2009-05-04","-10","252000","252000","360","700","18000","14"
"2009-04-29","-1.48","400000","400000","400","1000","20000","20"
"2009-04-24","-26.85","223520","223520","406","550","20320","11"
"2009-04-16","-7.5","4413045","4413045","555","7950","27755","159"
"2009-04-15","0","420070","420070","600","700","30005","14"
"2009-04-14","0","240000","240000","600","400","30000","8"
"2009-04-10","0","570000","570000","600","950","30000","19"
"2009-04-09","0","990000","990000","600","1650","30000","33"
"2009-04-08","0","450000","450000","600","750","30000","15"
"2009-04-07","-5.96","1500000","1500000","600","2500","30000","50"
"2009-04-06","-0.31","350900","350900","638","550","31900","11"
"2009-04-01","-13.51","608000","608000","640","950","32000","19"
"2009-03-30","0","370000","370000","740","500","37000","10"
"2009-03-27","0","74000","74000","740","100","37000","2"
"2009-03-26","0","222000","222000","740","300","37000","6"
"2009-03-25","0","74000","74000","740","100","37000","2"
"2009-03-23","-7.5","3700000","3700000","740","5000","37000","100"
"2009-03-20","0","2000000","2000000","800","2500","40000","50"
"2009-03-18","0","120000","120000","800","150","40000","3"
"2009-03-16","-2.32","480000","480000","800","600","40000","12"
"2009-03-13","-1.33","409500","409500","819","500","40950","10"
"2009-03-12","0","1494000","1494000","830","1800","41500","36"
"2009-03-10","0","332000","332000","830","400","41500","8"
"2009-03-05","0","539500","539500","830","650","41500","13"
"2009-03-03","1.22","332000","332000","830","400","41500","8"
"2009-02-27","0","41000","41000","820","50","41000","1"
"2009-02-25","0","7544000","7544000","820","9200","41000","184"
"2009-02-24","1.11","1558000","1558000","820","1900","41000","38"
"2009-02-23","0","10583550","10583550","811","13050","40550","261"
"2009-02-20","1.38","527150","527150","811","650","40550","13"
"2009-02-18","2.43","480060","480060","800","600","40005","12"
"2009-02-17","0.13","351450","351450","781","450","39050","9"
"2009-02-16","5.41","624000","624000","780","800","39000","16"
"2009-02-12","0.82","1850000","1850000","740","2500","37000","50"
"2009-02-11","0.14","8037300","8037300","734","10950","36700","219"
"2009-02-10","0","623050","623050","733","850","36650","17"
"2009-02-06","0","1575950","1575950","733","2150","36650","43"
"2009-02-05","0","8942600","8942600","733","12200","36650","244"
"2009-02-03","4.27","293200","293200","733","400","36650","8"
"2009-02-02","3.08","351500","351500","703","500","35150","10"
"2009-01-30","1.79","272800","272800","682","400","34100","8"
"2009-01-29","0","2780500","2780500","670","4150","33500","83"
"2009-01-28","4.69","770500","770500","670","1150","33500","23"
"2009-01-23","0","160000","160000","640","250","32000","5"
"2009-01-21","0","352000","352000","640","550","32000","11"
"2009-01-20","6.49","320000","320000","640","500","32000","10"
"2009-01-19","0","300350","300350","601","500","30035","10"
"2009-01-16","0","750875","750875","601","1250","30035","25"
"2009-01-15","0","1111295","1111295","601","1850","30035","37"
"2009-01-09","0.17","3153675","3153675","601","5250","30035","105"
"2009-01-07","0","300150","300150","600","500","30015","10"
"2009-01-06","0","1200400","1200400","600","2000","30010","40"
"2009-01-05","0","300100","300100","600","500","30010","10"
"2009-01-02","1.69","6960000","6960000","600","11600","30000","232"
"2008-12-31","-3.28","1504500","1504500","590","2550","29500","51"
"2008-12-30","1.67","13727250","13727250","610","22500","30505","450"
"2008-12-26","-6.25","870000","870000","600","1450","30000","29"
"2008-12-24","-4.48","3584000","3584000","640","5600","32000","112"
"2008-12-23","-2.9","670000","670000","670","1000","33500","20"
"2008-12-18","0","517500","517500","690","750","34500","15"
"2008-12-17","-1.43","483000","483000","690","700","34500","14"
"2008-12-15","0","2520360","2520360","700","3600","35005","72"
"2008-12-12","-5.41","1155000","1155000","700","1650","35000","33"
"2008-12-10","0","481000","481000","740","650","37000","13"
"2008-12-09","-0.54","1110000","1110000","740","1500","37000","30"
"2008-12-05","0.54","2529600","2529600","744","3400","37200","68"
"2008-12-02","5.71","1110150","1110150","740","1500","37005","30"
"2008-12-01","0.86","3850000","3850000","700","5500","35000","110"
"2008-11-28","7.6","1456560","1456560","694","2100","34680","42"
"2008-11-26","7.5","419250","419250","645","650","32250","13"
"2008-11-21","0","2220000","2220000","600","3700","30000","74"
"2008-11-20","9.09","1080000","1080000","600","1800","30000","36"
"2008-11-18","1.85","5583515","5583515","550","10150","27505","203"
"2008-11-17","0","2700000","2700000","540","5000","27000","100"
"2008-11-14","0","7695000","7695000","540","14250","27000","285"
"2008-11-13","0","4104000","4104000","540","7600","27000","152"
"2008-11-12","0","4023000","4023000","540","7450","27000","149"
"2008-11-11","0.19","8829000","8829000","540","16350","27000","327"
"2008-11-10","-0.19","4797100","4797100","539","8900","26950","178"
"2008-11-07","-3.57","2807480","2807480","540","5200","26995","104"
"2008-11-06","0","588000","588000","560","1050","28000","21"
"2008-11-05","0","280000","280000","560","500","28000","10"
"2008-11-04","0","980000","980000","560","1750","28000","35"
"2008-11-03","-3.95","448000","448000","560","800","28000","16"
"2008-10-24","-7.46","728625","728625","583","1250","29145","25"
"2008-10-23","-7.49","5450365","5450365","630","8650","31505","173"
"2008-10-20","-7.47","20671385","20671385","681","30350","34055","607"
"2008-10-16","-7.54","809930","809930","736","1100","36815","22"
"2008-10-15","-2.93","557200","557200","796","700","39800","14"
"2008-10-13","-1.56","861000","861000","820","1050","41000","21"
"2008-10-10","-7.44","1498500","1498500","833","1800","41625","36"
"2008-10-08","0","224975","224975","900","250","44995","5"
"2008-10-07","0","674925","674925","900","750","44995","15"
"2008-10-06","-5.26","2700000","2700000","900","3000","45000","60"
"2008-10-03","0.42","13442500","13442500","950","14150","47500","283"
"2008-10-01","-5.4","3594800","3594800","946","3800","47300","76"
"2008-09-29","-14.53","900000","900000","1000","900","50000","18"
"2008-09-22","-16.43","9301500","9301500","1170","7950","58500","159"
"2008-09-10","-14.11","2520000","2520000","1400","1800","70000","36"
"2008-09-04","0","26976500","26976500","1630","16550","81500","331"
"2008-09-03","6.61","41809500","41809500","1630","25650","81500","513"
"2008-09-02","0","5198260","5198260","1529","3400","76445","68"
"2008-09-01","0.13","25840100","25840100","1529","16900","76450","338"
"2008-08-29","7.31","7937800","7937800","1527","5200","76325","104"
"2008-08-28","0.21","3272900","3272900","1423","2300","71150","46"
"2008-08-27","6.77","33299000","33299000","1420","23450","71000","469"
"2008-08-26","2.78","1995000","1995000","1330","1500","66500","30"
"2008-08-25","24.18","5175200","5175200","1294","4000","64690","80"
"2008-08-20","15.65","3385200","3385200","1042","3250","52080","65"
"2008-08-18","0.78","3425320","3425320","901","3800","45070","76"
"2008-08-14","7.71","447050","447050","894","500","44705","10"
"2008-08-12","0.97","6558580","6558580","830","7900","41510","158"
"2008-08-11","0.24","2055250","2055250","822","2500","41105","50"
"2008-08-08","1.36","1640400","1640400","820","2000","41010","40"
"2008-08-06","7.44","364005","364005","809","450","40445","9"
"2008-08-05","0","3198125","3198125","753","4250","37625","85"
"2008-08-04","7.57","4138750","4138750","753","5500","37625","110"
"2008-08-01","0","3780000","3780000","700","5400","35000","108"
"2008-07-31","2.94","350000","350000","700","500","35000","10"
"2008-07-30","0","5168000","5168000","680","7600","34000","152"
"2008-07-29","-1.45","7208000","7208000","680","10600","34000","212"
"2008-07-28","2.99","621000","621000","690","900","34500","18"
"2008-07-23","0","4355650","4355650","670","6500","33505","130"
"2008-07-22","-0.15","1005150","1005150","670","1500","33505","30"
"2008-07-21","0","1040205","1040205","671","1550","33555","31"
"2008-07-18","0.15","11744250","11744250","671","17500","33555","350"
"2008-07-17","0","3786630","3786630","670","5650","33510","113"
"2008-07-16","0","2914935","2914935","670","4350","33505","87"
"2008-07-15","-1.47","3886580","3886580","670","5800","33505","116"
"2008-07-14","0","9078000","9078000","680","13350","34000","267"
"2008-07-11","1.49","16388000","16388000","680","24100","34000","482"
"2008-07-10","3.08","837625","837625","670","1250","33505","25"
"2008-07-07","4.84","877905","877905","650","1350","32515","27"
"2008-07-04","2.48","1550000","1550000","620","2500","31000","50"
"2008-06-30","0.83","1966250","1966250","605","3250","30250","65"
"2008-06-27","0","1950325","1950325","600","3250","30005","65"
"2008-06-26","5.26","4500750","4500750","600","7500","30005","150"
"2008-06-25","0","1140200","1140200","570","2000","28505","40"
"2008-06-24","0","855000","855000","570","1500","28500","30"
"2008-06-23","0","199500","199500","570","350","28500","7"
"2008-06-20","1.79","2565000","2565000","570","4500","28500","90"
"2008-06-18","-6.67","1876000","1876000","560","3350","28000","67"
"2008-06-17","0","4350000","4350000","600","7250","30000","145"
"2008-06-13","0","3060000","3060000","600","5100","30000","102"
"2008-06-12","7.14","1110000","1110000","600","1850","30000","37"
"2008-06-02","0","1092000","1092000","560","1950","28000","39"
"2008-05-30","0","5516000","5516000","560","9850","28000","197"
"2008-05-29","0","476000","476000","560","850","28000","17"
"2008-05-28","0","28000","28000","560","50","28000","1"
"2008-05-27","-6.67","4396000","4396000","560","7850","28000","157"
"2008-05-26","0","7798700","7798700","600","13000","29995","260"
"2008-05-23","0","2609565","2609565","600","4350","29995","87"
"2008-05-22","7.14","21450000","21450000","600","35750","30000","715"
"2008-05-21","-5.88","16940000","16940000","560","30250","28000","605"
"2008-05-16","-0.83","5950000","5950000","595","10000","29750","200"
"2008-05-15","-15.49","2100000","2100000","600","3500","30000","70"
"2008-05-14","1","13170500","13170500","710","18550","35500","371"
"2008-05-13","0","8614200","8614200","703","12250","35160","245"
"2008-05-09","24.2","35441280","35441280","703","50400","35160","1008"
"2008-05-06","15.51","3510440","3510440","566","6200","28310","124"
"2008-05-02","0","367500","367500","490","750","24500","15"
"2008-04-30","0","759500","759500","490","1550","24500","31"
"2008-04-29","0","1935105","1935105","490","3950","24495","79"
"2008-04-28","6.52","20776000","20776000","490","42400","24500","848"
"2008-04-25","24.32","9258925","9258925","460","20150","22975","403"
"2008-04-16","0","832500","832500","370","2250","18500","45"
"2008-04-15","4.52","1091500","1091500","370","2950","18500","59"
"2008-04-08","0.57","1663800","1663800","354","4700","17700","94"
"2008-04-07","0","721600","721600","352","2050","17600","41"
"2008-04-04","5.71","1760000","1760000","352","5000","17600","100"
"2008-04-02","2.15","832500","832500","333","2500","16650","50"
"2008-04-01","0","489450","489450","326","1500","16315","30"
"2008-03-31","0","733500","733500","326","2250","16300","45"
"2008-03-25","0.62","244500","244500","326","750","16300","15"
"2008-03-21","-4.14","615600","615600","324","1900","16200","38"
"2008-03-18","0","3802500","3802500","338","11250","16900","225"
"2008-03-13","0","50700","50700","338","150","16900","3"
"2008-03-12","0","692900","692900","338","2050","16900","41"
"2008-03-07","-0.59","422500","422500","338","1250","16900","25"
"2008-03-04","-5.56","254925","254925","340","750","16995","15"
"2008-03-03","0","269850","269850","360","750","17990","15"
"2008-02-29","0","54000","54000","360","150","18000","3"
"2008-02-28","0","1620000","1620000","360","4500","18000","90"
"2008-02-27","0","1026000","1026000","360","2850","18000","57"
"2008-02-26","0","360000","360000","360","1000","18000","20"
"2008-02-25","0","305915","305915","360","850","17995","17"
"2008-02-21","-4.76","180000","180000","360","500","18000","10"
"2008-02-06","-0.53","661500","661500","378","1750","18900","35"
"2008-02-05","0","18990","18990","380","50","18990","1"
"2008-02-01","0","189900","189900","380","500","18990","10"
"2008-01-31","0","151920","151920","380","400","18990","8"
"2008-01-30","0","208890","208890","380","550","18990","11"
"2008-01-25","0","95000","95000","380","250","19000","5"
"2008-01-22","-5","190000","190000","380","500","19000","10"
"2008-01-18","0","439780","439780","400","1100","19990","22"
"2008-01-17","0","1239380","1239380","400","3100","19990","62"
"2008-01-15","0","1340000","1340000","400","3350","20000","67"
"2008-01-14","5.26","880000","880000","400","2200","20000","44"
"2008-01-10","0","1482000","1482000","380","3900","19000","78"
"2008-01-09","0","836000","836000","380","2200","19000","44"
"2008-01-08","0","1748000","1748000","380","4600","19000","92"
"2008-01-07","0","285000","285000","380","750","19000","15"
"2008-01-04","0","3230000","3230000","380","8500","19000","170"
"2008-01-03","0","3040000","3040000","380","8000","19000","160"
"2008-01-02","0","2869000","2869000","380","7550","19000","151"
"2007-12-31","-1.55","228000","228000","380","600","19000","12"
"2007-12-27","1.58","810600","810600","386","2100","19300","42"
"2007-12-24","-5","171000","171000","380","450","19000","9"
"2007-12-05","-2.44","200000","200000","400","500","20000","10"
"2007-12-03","-2.38","328000","328000","410","800","20500","16"
"2007-11-28","-4.55","294000","294000","420","700","21000","14"
"2007-11-26","0","176040","176040","440","400","22005","8"
"2007-11-23","0","220050","220050","440","500","22005","10"
"2007-11-22","0.92","506115","506115","440","1150","22005","23"
"2007-11-21","0","65400","65400","436","150","21800","3"
"2007-11-20","0","806600","806600","436","1850","21800","37"
"2007-11-19","0.46","741200","741200","436","1700","21800","34"
"2007-11-14","0","477400","477400","434","1100","21700","22"
"2007-11-13","0","108500","108500","434","250","21700","5"
"2007-11-12","5.85","781200","781200","434","1800","21700","36"
"2007-11-09","0.74","1496500","1496500","410","3650","20500","73"
"2007-11-08","0","3095480","3095480","407","7600","20365","152"
"2007-11-07","0","2545625","2545625","407","6250","20365","125"
"2007-11-06","4.9","631315","631315","407","1550","20365","31"
"2007-10-31","7.48","407085","407085","388","1050","19385","21"
"2007-10-30","0","450875","450875","361","1250","18035","25"
"2007-10-29","15.71","1785960","1785960","361","4950","18040","99"
"2007-10-18","-0.95","187200","187200","312","600","15600","12"
"2007-10-16","0","31480","31480","315","100","15740","2"
"2007-10-10","0","2927640","2927640","315","9300","15740","186"
"2007-10-08","0","330540","330540","315","1050","15740","21"
"2007-10-05","0","78700","78700","315","250","15740","5"
"2007-10-04","0","188880","188880","315","600","15740","12"
"2007-10-03","0","125920","125920","315","400","15740","8"
"2007-10-02","0","535160","535160","315","1700","15740","34"
"2007-09-28","0","1762880","1762880","315","5600","15740","112"
"2007-09-26","0","661080","661080","315","2100","15740","42"
"2007-09-25","0","1196240","1196240","315","3800","15740","76"
"2007-09-24","0.64","424980","424980","315","1350","15740","27"
"2007-09-18","0.32","1752800","1752800","313","5600","15650","112"
"2007-09-14","0","93600","93600","312","300","15600","6"
"2007-09-12","0.65","156000","156000","312","500","15600","10"
"2007-09-07","3.33","279000","279000","310","900","15500","18"
"2007-09-06","0","900000","900000","300","3000","15000","60"
"2007-09-05","0","750000","750000","300","2500","15000","50"
"2007-09-04","5.63","120000","120000","300","400","15000","8"
"2007-08-30","0","710000","710000","284","2500","14200","50"
"2007-08-28","0.71","284000","284000","284","1000","14200","20"
"2007-08-23","0","282000","282000","282","1000","14100","20"
"2007-08-20","-3.42","451200","451200","282","1600","14100","32"
"2007-08-13","5.04","2598800","2598800","292","8900","14600","178"
"2007-08-10","6.92","2126700","2126700","278","7650","13900","153"
"2007-08-09","-6.47","2132000","2132000","260","8200","13000","164"
"2007-08-02","-0.71","152900","152900","278","550","13900","11"
"2007-08-01","-2.1","602000","602000","280","2150","14000","43"
"2007-07-27","-1.38","429000","429000","286","1500","14300","30"
"2007-07-24","-0.34","2204000","2204000","290","7600","14500","152"
"2007-07-23","-0.34","363750","363750","291","1250","14550","25"
"2007-07-20","0","29200","29200","292","100","14600","2"
"2007-07-19","0","511000","511000","292","1750","14600","35"
"2007-07-18","0","642400","642400","292","2200","14600","44"
"2007-07-17","0","423400","423400","292","1450","14600","29"
"2007-07-16","0","919800","919800","292","3150","14600","63"
"2007-07-10","0","511000","511000","292","1750","14600","35"
"2007-07-09","0.69","146000","146000","292","500","14600","10"
"2007-07-05","7.41","797500","797500","290","2750","14500","55"
"2007-07-03","0","810000","810000","270","3000","13500","60"
"2007-07-02","0","958500","958500","270","3550","13500","71"
"2007-06-29","0","2160000","2160000","270","8000","13500","160"
"2007-06-28","0","1080000","1080000","270","4000","13500","80"
"2007-06-27","0","2821500","2821500","270","10450","13500","209"
"2007-06-25","3.85","310500","310500","270","1150","13500","23"
"2007-06-20","0","52000","52000","260","200","13000","4"
"2007-06-14","-6.81","858000","858000","260","3300","13000","66"
"2007-06-13","0","223200","223200","279","800","13950","16"
"2007-06-08","0","13950","13950","279","50","13950","1"
"2007-06-07","7.31","111600","111600","279","400","13950","8"
"2007-06-05","0","1274000","1274000","260","4900","13000","98"
"2007-06-04","-6.81","182000","182000","260","700","13000","14"
"2007-05-31","-0.71","139500","139500","279","500","13950","10"
"2007-05-24","0","505800","505800","281","1800","14050","36"
"2007-05-23","0.36","1461200","1461200","281","5200","14050","104"
"2007-05-21","0","2142000","2142000","280","7650","14000","153"
"2007-05-16","0","1414000","1414000","280","5050","14000","101"
"2007-05-15","0","280000","280000","280","1000","14000","20"
"2007-05-14","0","1400000","1400000","280","5000","14000","100"
"2007-05-10","0","70000","70000","280","250","14000","5"
"2007-05-09","0","84000","84000","280","300","14000","6"
"2007-05-08","0","126000","126000","280","450","14000","9"
"2007-05-07","0","560000","560000","280","2000","14000","40"
"2007-05-04","0","1400000","1400000","280","5000","14000","100"
"2007-04-30","0","140000","140000","280","500","14000","10"
"2007-04-27","0","140000","140000","280","500","14000","10"
"2007-04-26","0","28000","28000","280","100","14000","2"
"2007-04-25","0","56000","56000","280","200","14000","4"
"2007-04-23","-0.36","196000","196000","280","700","14000","14"
"2007-04-20","0","140500","140500","281","500","14050","10"
"2007-04-13","0.36","140500","140500","281","500","14050","10"
"2007-04-11","0","2492000","2492000","280","8900","14000","178"
"2007-04-05","0","140000","140000","280","500","14000","10"
"2007-04-04","0","364000","364000","280","1300","14000","26"
"2007-04-03","3.7","728000","728000","280","2600","14000","52"
"2007-03-29","0","189140","189140","270","700","13510","14"
"2007-03-26","0","202500","202500","270","750","13500","15"
"2007-03-23","0","229500","229500","270","850","13500","17"
"2007-03-16","0","27000","27000","270","100","13500","2"
"2007-03-15","0","148500","148500","270","550","13500","11"
"2007-03-13","0","432000","432000","270","1600","13500","32"
"2007-03-07","0","13500","13500","270","50","13500","1"
"2007-03-02","3.45","216000","216000","270","800","13500","16"
"2007-02-22","0","887400","887400","261","3400","13050","68"
"2007-02-20","0","130500","130500","261","500","13050","10"
"2007-02-19","0","130500","130500","261","500","13050","10"
"2007-02-16","0","691650","691650","261","2650","13050","53"
"2007-02-13","0","39075","39075","261","150","13025","3"
"2007-02-12","0.38","182350","182350","261","700","13025","14"
"2007-02-02","0","273000","273000","260","1050","13000","21"
"2007-01-31","0","260000","260000","260","1000","13000","20"
"2007-01-26","0","26000","26000","260","100","13000","2"
"2007-01-23","0","1625000","1625000","260","6250","13000","125"
"2007-01-18","0","182280","182280","260","700","13020","14"
"2007-01-09","0","13000","13000","260","50","13000","1"
"2006-12-28","4","3835000","3835000","260","14750","13000","295"
"2006-12-21","-7.41","312250","312250","250","1250","12490","25"
"2006-12-12","0","216000","216000","270","800","13500","16"
"2006-12-11","0","27000","27000","270","100","13500","2"
"2006-12-08","0","135000","135000","270","500","13500","10"
"2006-12-07","0","27000","27000","270","100","13500","2"
"2006-12-06","0","445500","445500","270","1650","13500","33"
"2006-12-05","0","135000","135000","270","500","13500","10"
"2006-12-04","-3.57","162000","162000","270","600","13500","12"
"2006-12-01","-3.45","350000","350000","280","1250","14000","25"
"2006-11-24","0","304500","304500","290","1050","14500","21"
"2006-11-23","0","29000","29000","290","100","14500","2"
"2006-11-22","0","406000","406000","290","1400","14500","28"
"2006-11-13","0","348000","348000","290","1200","14500","24"
"2006-11-07","0","507500","507500","290","1750","14500","35"
"2006-11-02","3.57","304500","304500","290","1050","14500","21"
"2006-10-30","0","28000","28000","280","100","14000","2"
"2006-10-13","0","28000","28000","280","100","14000","2"
"2006-10-11","0","28000","28000","280","100","14000","2"
"2006-10-06","0","140000","140000","280","500","14000","10"
"2006-10-05","3.7","5194000","5194000","280","18550","14000","371"
"2006-10-03","0","148500","148500","270","550","13500","11"
"2006-09-26","0","135000","135000","270","500","13500","10"
"2006-09-25","0","337500","337500","270","1250","13500","25"
"2006-09-20","0","148500","148500","270","550","13500","11"
"2006-09-15","11.57","3712500","3712500","270","13750","13500","275"
"2006-09-11","0","121050","121050","242","500","12105","10"
"2006-09-08","0.83","242100","242100","242","1000","12105","20"
"2006-09-05","0","720000","720000","240","3000","12000","60"
"2006-08-30","0","180000","180000","240","750","12000","15"
"2006-08-29","0","480000","480000","240","2000","12000","40"
"2006-08-28","0","120000","120000","240","500","12000","10"
"2006-08-23","0","120000","120000","240","500","12000","10"
"2006-08-22","-7.69","2604000","2604000","240","10850","12000","217"
"2006-08-17","0","1755000","1755000","260","6750","13000","135"
"2006-08-16","-3.7","585000","585000","260","2250","13000","45"
"2006-08-10","0","94500","94500","270","350","13500","7"
"2006-08-08","0","526500","526500","270","1950","13500","39"
"2006-08-03","0","189000","189000","270","700","13500","14"
"2006-07-31","0","337500","337500","270","1250","13500","25"
"2006-07-28","0","729000","729000","270","2700","13500","54"
"2006-07-26","12.5","3928500","3928500","270","14550","13500","291"
"2006-07-21","0","36000","36000","240","150","12000","3"
"2006-07-18","0","600000","600000","240","2500","12000","50"
"2006-07-17","0","684000","684000","240","2850","12000","57"
"2006-07-14","0","360000","360000","240","1500","12000","30"
"2006-07-13","0","48000","48000","240","200","12000","4"
"2006-07-12","0","240000","240000","240","1000","12000","20"
"2006-07-11","0","240000","240000","240","1000","12000","20"
"2006-07-07","0","288000","288000","240","1200","12000","24"
"2006-07-04","0","108000","108000","240","450","12000","9"
"2006-07-03","0","96000","96000","240","400","12000","8"
"2006-06-30","0","347855","347855","240","1450","11995","29"
"2006-06-29","0","191920","191920","240","800","11995","16"
"2006-06-26","0","960000","960000","240","4000","12000","80"
"2006-06-23","3.9","1104000","1104000","240","4600","12000","92"
"2006-06-22","15.5","670190","670190","231","2900","11555","58"
"2006-06-19","-6.1","2500000","2500000","200","12500","10000","250"
"2006-06-15","-7.39","351120","351120","213","1650","10640","33"
"2006-06-06","0","264500","264500","230","1150","11500","23"
"2006-06-02","0","333500","333500","230","1450","11500","29"
"2006-06-01","0","402500","402500","230","1750","11500","35"
"2006-05-31","2.68","345000","345000","230","1500","11500","30"
"2006-05-30","0.9","369600","369600","224","1650","11200","33"
"2006-05-29","0","377400","377400","222","1700","11100","34"
"2006-05-26","-7.5","1243200","1243200","222","5600","11100","112"
"2006-05-17","0","120000","120000","240","500","12000","10"
"2006-05-16","0","48000","48000","240","200","12000","4"
"2006-05-12","-4","1920000","1920000","240","8000","12000","160"
"2006-05-11","-7.41","1787500","1787500","250","7150","12500","143"
"2006-05-02","-1.46","135100","135100","270","500","13510","10"
"2006-04-28","0","2013900","2013900","274","7350","13700","147"
"2006-04-27","0","137000","137000","274","500","13700","10"
"2006-04-26","0.74","1219300","1219300","274","4450","13700","89"
"2006-04-25","0.37","952000","952000","272","3500","13600","70"
"2006-04-20","0.37","2981000","2981000","271","11000","13550","220"
"2006-04-18","0","689265","689265","270","2550","13515","51"
"2006-04-13","0","1526630","1526630","270","5650","13510","113"
"2006-04-10","0","1188000","1188000","270","4400","13500","88"
"2006-04-06","0.75","459000","459000","270","1700","13500","34"
"2006-04-03","0","40200","40200","268","150","13400","3"
"2006-03-31","0","1286400","1286400","268","4800","13400","96"
"2006-03-30","7.2","2063600","2063600","268","7700","13400","154"
"2006-03-21","4.17","262500","262500","250","1050","12500","21"
"2006-03-20","-4","732000","732000","240","3050","12000","61"
"2006-03-10","4.17","1487500","1487500","250","5950","12500","119"
"2006-03-06","4.35","1872000","1872000","240","7800","12000","156"
"2006-03-01","0","402500","402500","230","1750","11500","35"
"2006-02-24","0","598000","598000","230","2600","11500","52"
"2006-02-23","0","1575500","1575500","230","6850","11500","137"
"2006-02-22","0","11500","11500","230","50","11500","1"
"2006-02-21","-4.17","483000","483000","230","2100","11500","42"
"2006-02-16","0.84","96000","96000","240","400","12000","8"
"2006-02-15","0","47600","47600","238","200","11900","4"
"2006-02-14","0","297500","297500","238","1250","11900","25"
"2006-02-13","0","11900","11900","238","50","11900","1"
"2006-02-09","0","23800","23800","238","100","11900","2"
"2006-02-07","0","785400","785400","238","3300","11900","66"
"2006-01-31","0","202300","202300","238","850","11900","17"
"2006-01-30","0","35700","35700","238","150","11900","3"
"2006-01-26","0","119000","119000","238","500","11900","10"
"2006-01-24","8.18","297500","297500","238","1250","11900","25"
"2006-01-12","0","110000","110000","220","500","11000","10"
"2006-01-06","0","9988000","9988000","220","45400","11000","908"
"2006-01-05","-0.9","11462000","11462000","220","52100","11000","1042"
"2006-01-03","0.91","388500","388500","222","1750","11100","35"
"2005-12-30","0","220100","220100","220","1000","11005","20"
"2005-12-28","0","561000","561000","220","2550","11000","51"
"2005-12-27","0","132000","132000","220","600","11000","12"
"2005-12-26","0","550000","550000","220","2500","11000","50"
"2005-12-22","0","22000","22000","220","100","11000","2"
"2005-12-21","0","110000","110000","220","500","11000","10"
"2005-12-20","0","4367000","4367000","220","19850","11000","397"
"2005-12-15","0","660000","660000","220","3000","11000","60"
"2005-12-14","0","330150","330150","220","1500","11005","30"
"2005-12-09","0","121055","121055","220","550","11005","11"
"2005-12-07","0","110000","110000","220","500","11000","10"
"2005-12-06","0","220000","220000","220","1000","11000","20"
"2005-11-25","0","88000","88000","220","400","11000","8"
"2005-11-24","0","308000","308000","220","1400","11000","28"
"2005-11-23","0","198000","198000","220","900","11000","18"
"2005-11-22","0.46","814000","814000","220","3700","11000","74"
"2005-11-17","0.46","569660","569660","219","2600","10955","52"
"2005-11-16","2.83","196380","196380","218","900","10910","18"
"2005-10-28","0","3540400","3540400","212","16700","10600","334"
"2005-10-26","-0.93","1229600","1229600","212","5800","10600","116"
"2005-10-18","0.47","213500","213500","214","1000","10675","20"
"2005-10-17","0","1065500","1065500","213","5000","10655","100"
"2005-10-14","0.95","319500","319500","213","1500","10650","30"
"2005-10-06","0","105350","105350","211","500","10535","10"
"2005-10-04","0","105300","105300","211","500","10530","10"
"2005-09-22","0.48","357850","357850","211","1700","10525","34"
"2005-09-09","0","451715","451715","210","2150","10505","43"
"2005-09-08","0","756720","756720","210","3600","10510","72"
"2005-09-07","0","105100","105100","210","500","10510","10"
"2005-09-06","0","105050","105050","210","500","10505","10"
"2005-08-26","0","62970","62970","210","300","10495","6"
"2005-08-25","0","325345","325345","210","1550","10495","31"
"2005-08-24","0","52475","52475","210","250","10495","5"
"2005-08-23","0","1122965","1122965","210","5350","10495","107"
"2005-08-19","0","1784150","1784150","210","8500","10495","170"
"2005-08-18","0","104950","104950","210","500","10495","10"
"2005-08-17","0","293860","293860","210","1400","10495","28"
"2005-08-12","-2.33","210000","210000","210","1000","10500","20"
"2005-08-11","0","666500","666500","215","3100","10750","62"
"2005-08-03","0","32250","32250","215","150","10750","3"
"2005-08-02","-2.27","129000","129000","215","600","10750","12"
"2005-07-28","0","33000","33000","220","150","11000","3"
"2005-07-25","0","374000","374000","220","1700","11000","34"
"2005-07-20","-5.98","550000","550000","220","2500","11000","50"
"2005-06-29","0","280800","280800","234","1200","11700","24"
"2005-06-27","-0.85","198900","198900","234","850","11700","17"
"2005-06-24","0","94400","94400","236","400","11800","8"
"2005-06-23","0","424800","424800","236","1800","11800","36"
"2005-06-22","0.85","649275","649275","236","2750","11805","55"
"2005-06-01","-0.85","292500","292500","234","1250","11700","25"
"2005-05-30","0.85","259160","259160","236","1100","11780","22"
"2005-05-19","0.86","585000","585000","234","2500","11700","50"
"2005-05-17","0","208800","208800","232","900","11600","18"
"2005-05-13","-0.85","464000","464000","232","2000","11600","40"
"2005-05-12","0.86","105300","105300","234","450","11700","9"
"2005-05-10","0","348300","348300","232","1500","11610","30"
"2005-05-09","0","92880","92880","232","400","11610","8"
"2005-04-18","0","754650","754650","232","3250","11610","65"
"2005-04-13","0","208890","208890","232","900","11605","18"
"2005-04-12","0","150865","150865","232","650","11605","13"
"2005-04-07","0","348150","348150","232","1500","11605","30"
"2005-04-04","0","464000","464000","232","2000","11600","40"
"2005-03-25","0","580000","580000","232","2500","11600","50"
"2005-03-24","0","348000","348000","232","1500","11600","30"
"2005-03-22","0","34800","34800","232","150","11600","3"
"2005-03-21","0.87","580000","580000","232","2500","11600","50"
"2005-03-18","0","57500","57500","230","250","11500","5"
"2005-03-17","0","920000","920000","230","4000","11500","80"
"2005-03-16","0","1150000","1150000","230","5000","11500","100"
"2005-03-15","0","241500","241500","230","1050","11500","21"
"2005-03-14","0","632500","632500","230","2750","11500","55"
"2005-03-11","-0.43","230000","230000","230","1000","11500","20"
"2005-03-09","-7.6","173475","173475","231","750","11565","15"
"2005-03-03","0","12500","12500","250","50","12500","1"
"2005-02-28","4.6","1237500","1237500","250","4950","12500","99"
"2005-02-25","0","1002540","1002540","239","4200","11935","84"
"2005-02-23","7.66","119350","119350","239","500","11935","10"
"2005-02-22","-7.5","555250","555250","222","2500","11105","50"
"2005-02-18","0","23990","23990","240","100","11995","2"
"2005-02-17","0","35985","35985","240","150","11995","3"
"2005-02-14","0","383840","383840","240","1600","11995","32"
"2005-02-09","0","35985","35985","240","150","11995","3"
"2005-02-08","0","227905","227905","240","950","11995","19"
"2005-02-04","0","1055560","1055560","240","4400","11995","88"
"2005-02-03","0","239900","239900","240","1000","11995","20"
"2005-01-26","0","155935","155935","240","650","11995","13"
"2005-01-18","0","240000","240000","240","1000","12000","20"
"2005-01-04","0","240100","240100","240","1000","12005","20"
"2004-12-27","0","192080","192080","240","800","12005","16"
"2004-12-23","0","120050","120050","240","500","12005","10"
"2004-12-22","0","300125","300125","240","1250","12005","25"
"2004-12-21","0","1032430","1032430","240","4300","12005","86"
"2004-12-14","0","324135","324135","240","1350","12005","27"
"2004-12-06","0","240100","240100","240","1000","12005","20"
"2004-12-03","0","12005","12005","240","50","12005","1"
"2004-11-26","0","240100","240100","240","1000","12005","20"
"2004-11-24","0","132055","132055","240","550","12005","11"
"2004-11-12","3.9","2100000","2100000","240","8750","12000","175"
"2004-11-03","0","127270","127270","231","550","11570","11"
"2004-10-29","0","682630","682630","231","2950","11570","59"
"2004-10-28","0","115700","115700","231","500","11570","10"
"2004-10-26","0","1226420","1226420","231","5300","11570","106"
"2004-10-25","0","462800","462800","231","2000","11570","40"
"2004-10-22","0","289250","289250","231","1250","11570","25"
"2004-10-21","0","1677650","1677650","231","7250","11570","145"
"2004-10-20","0","1029730","1029730","231","4450","11570","89"
"2004-10-06","-5.33","1619800","1619800","231","7000","11570","140"
"2004-10-05","-2.4","427000","427000","244","1750","12200","35"
"2004-09-30","0","237500","237500","250","950","12500","19"
"2004-09-29","0","225000","225000","250","900","12500","18"
"2004-09-27","0","1112500","1112500","250","4450","12500","89"
"2004-09-24","0","62500","62500","250","250","12500","5"
"2004-09-20","0","12500","12500","250","50","12500","1"
"2004-09-16","-7.41","1962500","1962500","250","7850","12500","157"
"2004-09-10","5.47","2025000","2025000","270","7500","13500","150"
"2004-09-03","2.4","179200","179200","256","700","12800","14"
"2004-09-01","0","250000","250000","250","1000","12500","20"
"2004-08-30","-2.34","500000","500000","250","2000","12500","40"
"2004-08-26","0","51200","51200","256","200","12800","4"
"2004-08-25","0","25600","25600","256","100","12800","2"
"2004-08-24","0","652800","652800","256","2550","12800","51"
"2004-08-23","4.92","1075200","1075200","256","4200","12800","84"
"2004-08-19","5.63","378200","378200","244","1550","12200","31"
"2004-08-17","0","34650","34650","231","150","11550","3"
"2004-08-13","5","681450","681450","231","2950","11550","59"
"2004-07-21","0","55000","55000","220","250","11000","5"
"2004-07-20","0","2750000","2750000","220","12500","11000","250"
"2004-07-15","0","297000","297000","220","1350","11000","27"
"2004-07-12","-4.35","209000","209000","220","950","11000","19"
"2004-07-09","-10.16","483000","483000","230","2100","11500","42"
"2004-07-07","0","294400","294400","256","1150","12800","23"
"2004-07-06","-1.54","1920000","1920000","256","7500","12800","150"
"2004-07-05","1.56","130000","130000","260","500","13000","10"
"2004-06-30","0","64000","64000","256","250","12800","5"
"2004-06-22","0","1344000","1344000","256","5250","12800","105"
"2004-06-18","0","640000","640000","256","2500","12800","50"
"2004-06-15","0","281600","281600","256","1100","12800","22"
"2004-06-03","0","1459200","1459200","256","5700","12800","114"
"2004-05-28","0","256000","256000","256","1000","12800","20"
"2004-05-26","0","1280000","1280000","256","5000","12800","100"
"2004-05-25","0","256000","256000","256","1000","12800","20"
"2004-05-24","0","307200","307200","256","1200","12800","24"
"2004-05-21","0","1292800","1292800","256","5050","12800","101"
"2004-05-12","0","371200","371200","256","1450","12800","29"
"2004-05-11","11.3","128000","128000","256","500","12800","10"
"2004-05-06","0","138120","138120","230","600","11510","12"
"2004-04-29","0","897000","897000","230","3900","11500","78"
"2004-04-20","0","276000","276000","230","1200","11500","24"
"2004-04-19","-10.16","402500","402500","230","1750","11500","35"
"2004-04-07","0","704000","704000","256","2750","12800","55"
"2004-04-02","0","2841600","2841600","256","11100","12800","222"
"2004-04-01","0","640000","640000","256","2500","12800","50"
"2004-03-31","0","25600","25600","256","100","12800","2"
"2004-03-30","0","972800","972800","256","3800","12800","76"
"2004-03-24","0","2316800","2316800","256","9050","12800","181"
"2004-03-23","1.99","704000","704000","256","2750","12800","55"
"2004-03-19","0","301320","301320","251","1200","12555","24"
"2004-03-18","0","87850","87850","251","350","12550","7"
"2004-03-17","0","376500","376500","251","1500","12550","30"
"2004-03-16","0","175700","175700","251","700","12550","14"
"2004-03-15","0","953800","953800","251","3800","12550","76"
"2004-03-12","0.4","439250","439250","251","1750","12550","35"
"2004-03-11","0","1875000","1875000","250","7500","12500","150"
"2004-03-10","0","799360","799360","250","3200","12490","64"
"2004-03-09","8.7","999600","999600","250","4000","12495","80"
"2004-03-04","-7.26","2300000","2300000","230","10000","11500","200"
"2004-03-03","-0.8","830800","830800","248","3350","12400","67"
"2004-03-02","0.81","250000","250000","250","1000","12500","20"
"2004-02-26","12.73","1128400","1128400","248","4550","12400","91"
"2004-02-23","0","440000","440000","220","2000","11000","40"
"2004-02-20","0","2079000","2079000","220","9450","11000","189"
"2004-02-19","0","2200000","2200000","220","10000","11000","200"
"2004-02-13","0","33000","33000","220","150","11000","3"
"2004-02-12","0","44000","44000","220","200","11000","4"
"2004-02-10","0","110000","110000","220","500","11000","10"
"2004-02-09","-6.78","1650000","1650000","220","7500","11000","150"
"2004-02-06","0","236000","236000","236","1000","11800","20"
"2004-02-05","0","236000","236000","236","1000","11800","20"
"2004-02-04","-5.6","236000","236000","236","1000","11800","20"
"2004-02-03","4.17","33962500","33962500","250","135850","12500","2717"
"2004-02-02","-1.23","299750","299750","240","1250","11990","25"
"2004-01-30","7.52","1455600","1455600","243","6000","12130","120"
"2004-01-29","7.62","699670","699670","226","3100","11285","62"
"2004-01-19","0","325500","325500","210","1550","10500","31"
"2004-01-15","0","73500","73500","210","350","10500","7"
"2004-01-13","0","10500","10500","210","50","10500","1"
"2004-01-12","0","157500","157500","210","750","10500","15"
"2003-12-31","0","283500","283500","210","1350","10500","27"
"2003-12-26","-4.55","189000","189000","210","900","10500","18"
"2003-12-02","-6.78","110000","110000","220","500","11000","10"
"2003-11-06","-7.81","94400","94400","236","400","11800","8"
"2003-10-17","0","384000","384000","256","1500","12800","30"
"2003-10-15","2.4","115155","115155","256","450","12795","9"
"2003-10-14","-2.34","3587500","3587500","250","14350","12500","287"
"2003-10-09","0","140800","140800","256","550","12800","11"
"2003-10-08","0","2150400","2150400","256","8400","12800","168"
"2003-10-06","11.3","140800","140800","256","550","12800","11"
"2003-09-25","3.6","356655","356655","230","1550","11505","31"
"2003-09-24","0.91","621600","621600","222","2800","11100","56"
"2003-09-23","0.92","220000","220000","220","1000","11000","20"
"2003-09-19","6.86","1842100","1842100","218","8450","10900","169"
"2003-09-10","1.49","102000","102000","204","500","10200","10"
"2003-09-08","0","170850","170850","201","850","10050","17"
"2003-09-04","2.55","100500","100500","201","500","10050","10"
"2003-08-29","1.03","274400","274400","196","1400","9800","28"
"2003-08-28","3.19","97000","97000","194","500","9700","10"
"2003-08-20","0","47000","47000","188","250","9400","5"
"2003-08-19","1.08","178600","178600","188","950","9400","19"
"2003-08-14","2.2","837450","837450","186","4500","9305","90"
"2003-08-08","0","9100","9100","182","50","9100","1"
"2003-08-06","-4.21","491400","491400","182","2700","9100","54"
"2003-08-05","0","218385","218385","190","1150","9495","23"
"2003-08-04","4.4","285000","285000","190","1500","9500","30"
"2003-08-01","1.11","182000","182000","182","1000","9100","20"
"2003-07-29","0","927515","927515","180","5150","9005","103"
"2003-07-24","0","270000","270000","180","1500","9000","30"
"2003-07-23","0","900000","900000","180","5000","9000","100"
"2003-07-17","0","90000","90000","180","500","9000","10"
"2003-07-15","0","603000","603000","180","3350","9000","67"
"2003-07-11","0","99000","99000","180","550","9000","11"
"2003-07-10","0","27000","27000","180","150","9000","3"
"2003-07-07","0","189000","189000","180","1050","9000","21"
"2003-07-04","0","99000","99000","180","550","9000","11"
"2003-07-02","-0.55","657000","657000","180","3650","9000","73"
"2003-06-30","0","3366600","3366600","181","18600","9050","372"
"2003-06-24","0.56","90500","90500","181","500","9050","10"
"2003-06-20","0","45000","45000","180","250","9000","5"
"2003-06-19","-5.26","90000","90000","180","500","9000","10"
"2003-06-12","0","95000","95000","190","500","9500","10"
"2003-06-11","0","4322500","4322500","190","22750","9500","455"
"2003-06-10","5.56","5842500","5842500","190","30750","9500","615"
"2003-06-04","0","450000","450000","180","2500","9000","50"
"2003-06-03","0","99000","99000","180","550","9000","11"
"2003-06-02","0","117000","117000","180","650","9000","13"
"2003-05-20","0","27000","27000","180","150","9000","3"
"2003-05-09","0","2223000","2223000","180","12350","9000","247"
"2003-05-08","0","99000","99000","180","550","9000","11"
"2003-05-07","0","2412000","2412000","180","13400","9000","268"
"2003-05-06","0","2286000","2286000","180","12700","9000","254"
"2003-05-05","0","9000","9000","180","50","9000","1"
"2003-04-30","-2.7","450000","450000","180","2500","9000","50"
"2003-04-25","0","518000","518000","185","2800","9250","56"
"2003-04-18","0","1479200","1479200","185","8000","9245","160"
"2003-04-17","0","369800","369800","185","2000","9245","40"
"2003-04-16","0","1534670","1534670","185","8300","9245","166"
"2003-04-14","0","138675","138675","185","750","9245","15"
"2003-04-11","-7.5","1100750","1100750","185","5950","9250","119"
"2003-04-10","0","19990","19990","200","100","9995","2"
"2003-03-28","0","99950","99950","200","500","9995","10"
"2003-03-24","0","509745","509745","200","2550","9995","51"
"2003-03-21","-6.1","1000000","1000000","200","5000","10000","100"
"2003-03-19","-2.74","191700","191700","213","900","10650","18"
"2003-03-12","-0.45","186150","186150","219","850","10950","17"
"2003-02-17","0","55000","55000","220","250","11000","5"
"2003-01-24","0","110000","110000","220","500","11000","10"
"2003-01-22","-1.35","220000","220000","220","1000","11000","20"
"2003-01-09","0","278250","278250","223","1250","11130","25"
"2003-01-02","0","500850","500850","223","2250","11130","45"
"2002-12-31","0","1115000","1115000","223","5000","11150","100"
"2002-12-30","0","1115000","1115000","223","5000","11150","100"
"2002-12-26","23.89","2096200","2096200","223","9400","11150","188"
"2002-12-20","0","934440","934440","180","5200","8985","104"
"2002-12-18","0","377580","377580","180","2100","8990","42"
"2002-12-17","0","467740","467740","180","2600","8995","52"
"2002-12-05","0","332815","332815","180","1850","8995","37"
"2002-12-04","-6.25","558000","558000","180","3100","9000","62"
"2002-12-03","6.67","489600","489600","192","2550","9600","51"
"2002-11-28","0","432000","432000","180","2400","9000","48"
"2002-11-14","-5.26","2493000","2493000","180","13850","9000","277"
"2002-11-08","0","151840","151840","190","800","9490","16"
"2002-11-06","0","474750","474750","190","2500","9495","50"
"2002-10-31","0","284850","284850","190","1500","9495","30"
"2002-10-30","0","266000","266000","190","1400","9500","28"
"2002-10-29","-5","76000","76000","190","400","9500","8"
"2002-10-23","0","340000","340000","200","1700","10000","34"
"2002-10-22","0","360000","360000","200","1800","10000","36"
"2002-10-14","0","650000","650000","200","3250","10000","65"
"2002-10-08","0","10000","10000","200","50","10000","1"
"2002-10-04","0","600000","600000","200","3000","10000","60"
"2002-10-02","0","110000","110000","200","550","10000","11"
"2002-09-30","0","3370000","3370000","200","16850","10000","337"
"2002-09-18","0","100000","100000","200","500","10000","10"
"2002-09-17","0","1550000","1550000","200","7750","10000","155"
"2002-09-16","0","300000","300000","200","1500","10000","30"
"2002-09-12","0","400000","400000","200","2000","10000","40"
"2002-09-11","0","320000","320000","200","1600","10000","32"
"2002-09-10","0","500000","500000","200","2500","10000","50"
"2002-09-06","0","200000","200000","200","1000","10000","20"
"2002-09-04","0","60000","60000","200","300","10000","6"
"2002-09-03","0","300000","300000","200","1500","10000","30"
"2002-08-30","0","200000","200000","200","1000","10000","20"
"2002-08-29","0","200000","200000","200","1000","10000","20"
"2002-08-28","0","500000","500000","200","2500","10000","50"
"2002-08-27","0","100000","100000","200","500","10000","10"
"2002-08-23","0","350000","350000","200","1750","10000","35"
"2002-08-21","-1.96","100000","100000","200","500","10000","10"
"2002-08-19","-7.27","2035000","2035000","204","10000","10175","200"
"2002-08-14","-1.35","1100000","1100000","220","5000","11000","100"
"2002-08-13","-0.45","669000","669000","223","3000","11150","60"
"2002-08-08","-0.88","336000","336000","224","1500","11200","30"
"2002-08-06","-1.31","4169700","4169700","226","18450","11300","369"
"2002-08-05","-7.66","1296110","1296110","229","5650","11470","113"
"2002-08-01","-7.46","2678400","2678400","248","10800","12400","216"
"2002-07-30","-0.74","536000","536000","268","2000","13400","40"
"2002-07-22","0","134800","134800","270","500","13480","10"
"2002-07-18","0","134850","134850","270","500","13485","10"
"2002-07-17","0","134900","134900","270","500","13490","10"
"2002-07-16","0","13490","13490","270","50","13490","1"
"2002-07-12","0","134900","134900","270","500","13490","10"
"2002-06-18","0","1647000","1647000","270","6100","13500","122"
"2002-06-14","0","67500","67500","270","250","13500","5"
"2002-06-13","0","175500","175500","270","650","13500","13"
"2002-06-10","0","270000","270000","270","1000","13500","20"
"2002-06-07","0","715500","715500","270","2650","13500","53"
"2002-06-05","0","1930500","1930500","270","7150","13500","143"
"2002-06-04","0","405000","405000","270","1500","13500","30"
"2002-05-31","0","135000","135000","270","500","13500","10"
"2002-05-30","0","1512000","1512000","270","5600","13500","112"
"2002-05-29","0","6588000","6588000","270","24400","13500","488"
"2002-05-28","-1.82","202500","202500","270","750","13500","15"
"2002-05-27","0","68750","68750","275","250","13750","5"
"2002-05-23","0","412500","412500","275","1500","13750","30"
"2002-05-21","0","68750","68750","275","250","13750","5"
"2002-05-17","0","976250","976250","275","3550","13750","71"
"2002-05-16","0","412500","412500","275","1500","13750","30"
"2002-05-15","-0.36","412500","412500","275","1500","13750","30"
"2002-05-14","0","483000","483000","276","1750","13800","35"
"2002-05-10","0","82800","82800","276","300","13800","6"
"2002-04-22","0","1380000","1380000","276","5000","13800","100"
"2002-04-11","-0.36","690000","690000","276","2500","13800","50"
"2002-04-10","0","415500","415500","277","1500","13850","30"
"2002-04-04","0","277000","277000","277","1000","13850","20"
"2002-04-02","0","27700","27700","277","100","13850","2"
"2002-03-29","-1.07","2728450","2728450","277","9850","13850","197"
"2002-03-28","0","209925","209925","280","750","13995","15"
"2002-03-26","0","419850","419850","280","1500","13995","30"
"2002-03-25","-4.44","867690","867690","280","3100","13995","62"
"2002-03-20","0","732500","732500","293","2500","14650","50"
"2002-03-14","-0.34","439500","439500","293","1500","14650","30"
"2002-03-12","0","44100","44100","294","150","14700","3"
"2002-03-11","-0.68","147000","147000","294","500","14700","10"
"2002-03-08","-1.33","296000","296000","296","1000","14800","20"
"2002-03-06","0","15000","15000","300","50","15000","1"
"2002-03-04","0","45000","45000","300","150","15000","3"
"2002-02-28","-6.25","1800000","1800000","300","6000","15000","120"
"2002-02-21","0","159950","159950","320","500","15995","10"
"2002-02-18","0","1599500","1599500","320","5000","15995","100"
"2002-02-15","0","160000","160000","320","500","16000","10"
"2002-02-06","0","240000","240000","320","750","16000","15"
"2002-02-05","0","288000","288000","320","900","16000","18"
"2002-01-31","0","800000","800000","320","2500","16000","50"
"2002-01-30","0","16000","16000","320","50","16000","1"
"2002-01-29","0","2000000","2000000","320","6250","16000","125"
"2002-01-25","0","800000","800000","320","2500","16000","50"
"2002-01-23","0","608000","608000","320","1900","16000","38"
"2002-01-22","-2.74","480000","480000","320","1500","16000","30"
"2002-01-21","0","82250","82250","329","250","16450","5"
"2002-01-17","0","49350","49350","329","150","16450","3"
"2002-01-16","-0.3","411250","411250","329","1250","16450","25"
"2002-01-10","0","247500","247500","330","750","16500","15"
"2002-01-09","0","33000","33000","330","100","16500","2"
"2002-01-04","0","544500","544500","330","1650","16500","33"
"2002-01-03","-2.94","379500","379500","330","1150","16500","23"
"2001-12-28","0","25432000","25432000","340","74800","17000","1496"
"2001-12-21","0","136000","136000","340","400","17000","8"
"2001-12-14","0","187000","187000","340","550","17000","11"
"2001-12-13","0","306000","306000","340","900","17000","18"
"2001-12-07","0","3400000","3400000","340","10000","17000","200"
"2001-12-06","0","170000","170000","340","500","17000","10"
"2001-12-05","-1.45","340000","340000","340","1000","17000","20"
"2001-11-27","0","103440","103440","345","300","17240","6"
"2001-11-26","0","206880","206880","345","600","17240","12"
"2001-11-23","0","172450","172450","345","500","17245","10"
"2001-11-22","0","172450","172450","345","500","17245","10"
"2001-11-20","0","137960","137960","345","400","17245","8"
"2001-11-19","0","1724500","1724500","345","5000","17245","100"
"2001-11-16","0","69000","69000","345","200","17250","4"
"2001-11-14","0","1035000","1035000","345","3000","17250","60"
"2001-11-12","0","690000","690000","345","2000","17250","40"
"2001-11-09","0","241500","241500","345","700","17250","14"
"2001-11-07","-4.17","189750","189750","345","550","17250","11"
"2001-10-31","-0.55","450000","450000","360","1250","18000","25"
"2001-10-24","0","13719800","13719800","362","37900","18100","758"
"2001-10-22","0","54300","54300","362","150","18100","3"
"2001-10-17","0","325800","325800","362","900","18100","18"
"2001-10-15","0","2353000","2353000","362","6500","18100","130"
"2001-10-12","-1.36","253400","253400","362","700","18100","14"
"2001-10-10","0","4126500","4126500","367","11250","18340","225"
"2001-10-05","0","3888080","3888080","367","10600","18340","212"
"2001-10-03","-0.27","1760640","1760640","367","4800","18340","96"
"2001-09-28","-0.54","294320","294320","368","800","18395","16"
"2001-09-26","0","1332000","1332000","370","3600","18500","72"
"2001-09-24","-5.13","388500","388500","370","1050","18500","21"
"2001-09-19","0","624000","624000","390","1600","19500","32"
"2001-09-14","0","624000","624000","390","1600","19500","32"
"2001-09-12","0","97500","97500","390","250","19500","5"
"2001-09-10","0","1462500","1462500","390","3750","19500","75"
"2001-09-07","0","2886000","2886000","390","7400","19500","148"
"2001-09-05","0","799500","799500","390","2050","19500","41"
"2001-09-03","0","3022500","3022500","390","7750","19500","155"
"2001-08-31","-2.5","897000","897000","390","2300","19500","46"
"2001-08-27","-2.2","400000","400000","400","1000","20000","20"
"2001-08-24","0","184050","184050","409","450","20450","9"
"2001-08-22","0","327200","327200","409","800","20450","16"
"2001-08-20","-0.24","2085900","2085900","409","5100","20450","102"
"2001-08-17","-2.38","2788000","2788000","410","6800","20500","136"
"2001-08-16","0","4242000","4242000","420","10100","21000","202"
"2001-08-13","0","1050000","1050000","420","2500","21000","50"
"2001-08-10","0","7497000","7497000","420","17850","21000","357"
"2001-08-08","0","378000","378000","420","900","21000","18"
"2001-08-03","5","2457000","2457000","420","5850","21000","117"
"2001-08-01","0","2760000","2760000","400","6900","20000","138"
"2001-07-30","-2.2","1300000","1300000","400","3250","20000","65"
"2001-07-27","0","1227000","1227000","409","3000","20450","60"
"2001-07-25","0","1431500","1431500","409","3500","20450","70"
"2001-07-23","-0.24","1227000","1227000","409","3000","20450","60"
"2001-07-20","0","2562500","2562500","410","6250","20500","125"
"2001-07-18","0","1578500","1578500","410","3850","20500","77"
"2001-07-16","0","1291500","1291500","410","3150","20500","63"
"2001-07-13","0","3177500","3177500","410","7750","20500","155"
"2001-06-20","2.24","1025000","1025000","410","2500","20500","50"
"2001-06-18","-5.42","504000","504000","401","1256","21000","24"
"2001-06-13","-1.4","333000","333000","424","785","22200","15"
"2001-06-11","0","2857500","2857500","430","6649","22500","127"
"2001-06-08","0","247500","247500","430","576","22500","11"
"2001-06-05","0","1125250","1125250","430","2618","22505","50"
"2001-06-01","0","1057735","1057735","430","2460","22505","47"
"2001-05-30","0","112525","112525","430","262","22505","5"
"2001-05-28","0","112525","112525","430","262","22505","5"
"2001-05-25","2.38","630140","630140","430","1466","22505","28"
"2001-05-23","4.74","374000","374000","420","890","22000","17"
"2001-05-18","2.3","1155000","1155000","401","2879","21000","55"
"2001-05-14","0","615000","615000","392","1571","20500","30"
"2001-05-07","0.77","1537500","1537500","392","3926","20500","75"
"2001-04-27","0.26","610500","610500","389","1571","20350","30"
"2001-04-25","0.52","203000","203000","388","524","20300","10"
"2001-04-23","1.05","202000","202000","386","524","20200","10"
"2001-04-20","0","500250","500250","382","1309","20010","25"
"2001-04-18","0","200050","200050","382","524","20005","10"
"2001-04-13","0","780195","780195","382","2042","20005","39"
"2001-04-09","0","200050","200050","382","524","20005","10"
"2001-04-06","0","1620000","1620000","382","4240","20000","81"
"2001-03-28","2.69","380000","380000","382","995","20000","19"
"2001-03-23","0","2535000","2535000","372","6806","19500","130"
"2001-03-21","0","78000","78000","372","209","19500","4"
"2001-03-19","0","1365000","1365000","372","3665","19500","70"
"2001-03-14","0","2164500","2164500","372","5811","19500","111"
"2001-03-12","0","19500","19500","372","52","19500","1"
"2001-03-09","0","1053000","1053000","372","2827","19500","54"
"2001-03-07","6.59","351000","351000","372","942","19500","18"
"2001-03-06","0","2941470","2941470","349","8428","18270","161"
"2001-03-02","0","730800","730800","349","2094","18270","40"
"2001-02-28","0","511560","511560","349","1466","18270","28"
"2001-02-26","0","1827000","1827000","349","5235","18270","100"
"2001-02-23","0","383775","383775","349","1099","18275","21"
"2001-02-19","0","822375","822375","349","2356","18275","45"
"2001-02-16","7.38","13706250","13706250","349","39263","18275","750"
"2001-02-14","0","17765000","17765000","325","54706","17000","1045"
"2001-02-12","-12.63","595000","595000","325","1832","17000","35"
"2001-02-07","0","195000","195000","372","524","19500","10"
"2001-02-05","0","253500","253500","372","681","19500","13"
"2001-01-31","0","2145000","2145000","372","5759","19500","110"
"2001-01-26","0","78000","78000","372","209","19500","4"
"2001-01-24","-2.62","624000","624000","372","1675","19500","32"
"2001-01-19","0","40000","40000","382","105","20000","2"
"2001-01-17","0","60000","60000","382","157","20000","3"
"2001-01-15","0","300000","300000","382","785","20000","15"
"2001-01-12","0","420000","420000","382","1099","20000","21"
"2001-01-10","0","400000","400000","382","1047","20000","20"
"2001-01-05","0","4700000","4700000","382","12302","20000","235"
"2001-01-03","-3.29","2280000","2280000","382","5968","20000","114"
"2001-01-02","0","103450","103450","395","262","20690","5"
"2000-12-26","0","103450","103450","395","262","20690","5"
"2000-12-22","0","558630","558630","395","1413","20690","27"
"2000-12-15","-0.5","1241700","1241700","395","3141","20695","60"
"2000-12-13","0","1768000","1768000","397","4450","20800","85"
"2000-12-11","0","1352000","1352000","397","3403","20800","65"
"2000-12-08","0","416000","416000","397","1047","20800","20"
"2000-12-06","0","249600","249600","397","628","20800","12"
"2000-12-01","0","624000","624000","397","1571","20800","30"
"2000-11-24","0","1040000","1040000","397","2618","20800","50"
"2000-11-22","0","499200","499200","397","1256","20800","24"
"2000-11-20","0","83200","83200","397","209","20800","4"
"2000-11-17","0","83200","83200","397","209","20800","4"
"2000-11-16","0","20800","20800","397","52","20800","1"
"2000-11-13","0","353600","353600","397","890","20800","17"
"2000-11-08","0","873600","873600","397","2199","20800","42"
"2000-11-06","0","416000","416000","397","1047","20800","20"
"2000-11-03","0","1851200","1851200","397","4659","20800","89"
"2000-11-02","0","312000","312000","397","785","20800","15"
"2000-10-30","-1","1955200","1955200","397","4921","20800","94"
"2000-10-13","-2.43","1050000","1050000","401","2618","21000","50"
"2000-10-11","0","752500","752500","411","1832","21500","35"
"2000-10-06","0","537500","537500","411","1309","21500","25"
"2000-10-04","0","322500","322500","411","785","21500","15"
"2000-10-02","0","107500","107500","411","262","21500","5"
"2000-09-29","0","182750000","182750000","411","444979","21500","8500"
"2000-09-20","0","258000","258000","411","628","21500","12"
"2000-09-13","0","1053500","1053500","411","2565","21500","49"
"2000-09-11","0","1074750","1074750","411","2618","21495","50"
"2000-09-08","0","2150000","2150000","411","5235","21500","100"
"2000-09-06","0","64500","64500","411","157","21500","3"
"2000-09-01","0","451500","451500","411","1099","21500","21"
"2000-08-30","0","21500","21500","411","52","21500","1"
"2000-08-25","0","774000","774000","411","1885","21500","36"
"2000-08-23","0","4793385","4793385","411","11674","21495","223"
"2000-08-21","0","64485","64485","411","157","21495","3"
"2000-08-18","0.49","2794350","2794350","411","6806","21495","130"
"2000-08-16","-0.49","1583600","1583600","409","3874","21400","74"
"2000-08-14","0","129000","129000","411","314","21500","6"
"2000-08-11","0","11395000","11395000","411","27746","21500","530"
"2000-08-09","0","215000","215000","411","524","21500","10"
"2000-08-04","0","537500","537500","411","1309","21500","25"
"2000-08-02","-1.2","344000","344000","411","838","21500","16"
"2000-07-31","-0.24","370600","370600","416","890","21800","17"
"2000-07-28","1.46","2180500","2180500","417","5235","21805","100"
"2000-07-21","-1.67","3225750","3225750","411","7853","21505","150"
"2000-07-17","0.72","219050","219050","418","524","21905","10"
"2000-07-12","0.97","870000","870000","415","2094","21750","40"
"2000-07-10","0","645000","645000","411","1571","21500","30"
"2000-07-07","0","279500","279500","411","681","21500","13"
"2000-06-30","0","1999500","1999500","411","4869","21500","93"
"2000-06-28","0","215000","215000","411","524","21500","10"
"2000-06-26","0","64500","64500","411","157","21500","3"
"2000-06-23","-2.14","451500","451500","411","1099","21500","21"
"2000-06-21","0","506115","506115","420","1204","22005","23"
"2000-06-19","0","220050","220050","420","524","22005","10"
"2000-06-16","0","11044000","11044000","420","26280","22000","502"
"2000-06-09","2.19","3938000","3938000","420","9371","22000","179"
"2000-06-07","0","645000","645000","411","1571","21500","30"
"2000-06-02","0","430000","430000","411","1047","21500","20"
"2000-05-31","0","1612500","1612500","411","3926","21500","75"
"2000-05-29","0","150500","150500","411","366","21500","7"
"2000-05-26","0","215000","215000","411","524","21500","10"
"2000-05-22","0","451500","451500","411","1099","21500","21"
"2000-05-15","0","860000","860000","411","2094","21500","40"
"2000-05-12","0","1806000","1806000","411","4397","21500","84"
"2000-05-10","0","709500","709500","411","1728","21500","33"
"2000-05-05","0","215000","215000","411","524","21500","10"
"2000-05-03","0","2773500","2773500","411","6753","21500","129"
"2000-04-28","0","43000","43000","411","105","21500","2"
"2000-04-26","-2.14","430000","430000","411","1047","21500","20"
"2000-04-21","0","2354000","2354000","420","5601","22000","107"
"2000-04-19","0","66000","66000","420","157","22000","3"
"2000-04-17","0","198000","198000","420","471","22000","9"
"2000-04-12","-4.33","5258000","5258000","420","12512","22000","239"
"2000-04-10","-2.44","104397000","104397000","439","237619","23000","4539"
"2000-04-03","0","235550","235550","450","524","23555","10"
"2000-03-31","0","2449720","2449720","450","5444","23555","104"
"2000-03-29","0","12460595","12460595","450","27693","23555","529"
"2000-03-27","0","2944375","2944375","450","6544","23555","125"
"2000-03-24","0","777315","777315","450","1728","23555","33"
"2000-03-22","0","706650","706650","450","1571","23555","30"
"2000-03-20","0","306215","306215","450","681","23555","13"
"2000-03-17","0","2072840","2072840","450","4607","23555","88"
"2000-03-15","0.22","8244250","8244250","450","18323","23555","350"
"2000-03-13","0","1480500","1480500","449","3298","23500","63"
"2000-03-10","0","1551000","1551000","449","3455","23500","66"
"2000-03-06","-0.22","7308500","7308500","449","16281","23500","311"
"2000-03-01","0","1177500","1177500","450","2618","23550","50"
"2000-02-28","0.22","730050","730050","450","1623","23550","31"
"2000-02-25","0","470000","470000","449","1047","23500","20"
"2000-02-23","0","35814000","35814000","449","79782","23500","1524"
"2000-02-21","0","470000","470000","449","1047","23500","20"
"2000-02-18","0","13724000","13724000","449","30573","23500","584"
"2000-02-11","0","2444000","2444000","449","5444","23500","104"
"2000-02-09","0","2044500","2044500","449","4554","23500","87"
"2000-02-07","0","164500","164500","449","366","23500","7"
"2000-02-04","0","6580000","6580000","449","14658","23500","280"
"2000-01-31","0","2984500","2984500","449","6649","23500","127"
"2000-01-26","0","705000","705000","449","1571","23500","30"
"2000-01-21","0","11820500","11820500","449","26332","23500","503"
"2000-01-19","0","70500","70500","449","157","23500","3"
"2000-01-14","0","3525000","3525000","449","7853","23500","150"
"2000-01-12","0","2091500","2091500","449","4659","23500","89"
"2000-01-10","0","117500","117500","449","262","23500","5"
"2000-01-07","0","2350000","2350000","449","5235","23500","100"
"2000-01-05","0","1386205","1386205","449","3089","23495","59"
"1999-12-29","0","1433500","1433500","449","3193","23500","61"
"1999-12-27","-0.22","587500","587500","449","1309","23500","25"
"1999-12-22","2.51","1342350","1342350","450","2984","23550","57"
"1999-12-20","0","575000","575000","439","1309","23000","25"
"1999-12-17","-4.15","11316000","11316000","439","25756","23000","492"
"1999-12-15","1.1","1080000","1080000","458","2356","24000","45"
"1999-12-13","2.95","5664300","5664300","453","12512","23700","239"
"1999-12-10","0.23","483210","483210","440","1099","23010","21"
"1999-12-06","0","7337000","7337000","439","16700","23000","319"
"1999-12-03","1.86","6440000","6440000","439","14658","23000","280"
"1999-12-01","0.23","7441500","7441500","431","17276","22550","330"
"1999-11-29","0","1125000","1125000","430","2618","22500","50"
"1999-11-26","1.9","5535000","5535000","430","12878","22500","246"
"1999-11-24","0","1171300","1171300","422","2775","22100","53"
"1999-11-22","0","221100","221100","422","524","22110","10"
"1999-11-19","0","265320","265320","422","628","22110","12"
"1999-11-17","0","7867600","7867600","422","18637","22100","356"
"1999-11-12","0","2403757600","2403757600","422","5642329","22100","107780"
"1999-11-10","0","2210000","2210000","422","5235","22100","100"
"1999-11-08","0","44200","44200","422","105","22100","2"
"1999-11-05","0","13547300","13547300","422","32091","22100","613"
"1999-11-03","-2.31","6475300","6475300","422","15339","22100","293"
"1999-10-27","0.47","2486000","2486000","432","5759","22600","110"
"1999-10-25","7.23","225000","225000","430","524","22500","10"
"1999-10-20","2.3","2058000","2058000","401","5130","21000","98"
"1999-10-15","-4.62","10803500","10803500","392","27589","20500","527"
"1999-10-13","0","1290000","1290000","411","3141","21500","60"
"1999-10-08","0","1225500","1225500","411","2984","21500","57"
"1999-10-06","0","924500","924500","411","2251","21500","43"
"1999-10-04","0","172000","172000","411","419","21500","8"
"1999-09-29","-0.48","6536000","6536000","411","15915","21500","304"
"1999-09-27","0","108000","108000","413","262","21600","5"
"1999-09-24","0","648000","648000","413","1571","21600","30"
"1999-09-20","0","172800","172800","413","419","21600","8"
"1999-09-17","0","648000","648000","413","1571","21600","30"
"1999-09-15","4.82","259200","259200","413","628","21600","12"
"1999-09-06","-4.14","1545375","1545375","394","3926","20605","75"
"1999-09-03","2.24","322500","322500","411","785","21500","15"
"1999-09-01","2.29","294700","294700","402","733","21050","14"
"1999-08-30","-1.5","616500","616500","393","1571","20550","30"
"1999-08-27","0","2988700","2988700","399","7486","20900","143"
"1999-08-25","-0.5","898485","898485","399","2251","20895","43"
"1999-08-23","0","104925","104925","401","262","20985","5"
"1999-08-20","0","1720770","1720770","401","4293","20985","82"
"1999-08-18","0","1133190","1133190","401","2827","20985","54"
"1999-08-11","0","209900","209900","401","524","20990","10"
"1999-08-09","0","356830","356830","401","890","20990","17"
"1999-08-06","0","6548880","6548880","401","16333","20990","312"
"1999-08-04","0","2560780","2560780","401","6387","20990","122"
"1999-08-02","-4.52","1533000","1533000","401","3822","21000","73"
"1999-07-30","0","879800","879800","420","2094","21995","40"
"1999-07-26","0","66000","66000","420","157","22000","3"
"1999-07-23","0","3300000","3300000","420","7853","22000","150"
"1999-07-21","0","110000","110000","420","262","22000","5"
"1999-07-16","-13.04","2684000","2684000","420","6387","22000","122"
"1999-07-14","-0.21","6325000","6325000","483","13088","25300","250"
"1999-07-12","0","126750","126750","484","262","25350","5"
"1999-07-09","0","6362850","6362850","484","13140","25350","251"
"1999-07-07","0","5298150","5298150","484","10941","25350","209"
"1999-07-05","0","50700","50700","484","105","25350","2"
"1999-07-02","0","1394250","1394250","484","2879","25350","55"
"1999-06-30","0","126750","126750","484","262","25350","5"
"1999-06-25","0","3244800","3244800","484","6701","25350","128"
"1999-06-23","0","253500","253500","484","524","25350","10"
"1999-06-21","0","4106700","4106700","484","8481","25350","162"
"1999-06-18","0.21","2332200","2332200","484","4816","25350","92"
"1999-06-16","0","2985400","2985400","483","6177","25300","118"
"1999-06-11","0","2530000","2530000","483","5235","25300","100"
"1999-06-09","0","126500","126500","483","262","25300","5"
"1999-06-07","0","22517000","22517000","483","46592","25300","890"
"1999-06-04","0","430100","430100","483","890","25300","17"
"1999-06-02","0","1619200","1619200","483","3350","25300","64"
"1999-05-31","1.05","253000","253000","483","524","25300","10"
"1999-05-28","0","300060","300060","478","628","25005","12"
"1999-05-21","0","250050","250050","478","524","25005","10"
"1999-05-19","0","3827295","3827295","478","8010","25015","153"
"1999-05-12","0","125000","125000","478","262","25000","5"
"1999-05-10","0","1675000","1675000","478","3507","25000","67"
"1999-05-07","0","1000200","1000200","478","2094","25005","40"
"1999-05-05","0","200040","200040","478","419","25005","8"
"1999-05-03","-3.82","750000","750000","478","1571","25000","30"
"1999-04-30","0","2366000","2366000","497","4764","26000","91"
"1999-04-28","0","858000","858000","497","1728","26000","33"
"1999-04-23","-3.68","1404000","1404000","497","2827","26000","54"
"1999-04-19","3.82","702000","702000","516","1361","27000","26"
"1999-04-16","0","2912000","2912000","497","5863","26000","112"
"1999-04-14","0","8840000","8840000","497","17799","26000","340"
"1999-04-12","3.97","2730000","2730000","497","5497","26000","105"
"1999-04-09","4.14","2625000","2625000","478","5497","25000","105"
"1999-04-07","0.22","3289370","3289370","459","7172","24010","137"
"1999-04-02","2","1128000","1128000","458","2460","24000","47"
"1999-03-31","-2.18","376000","376000","449","838","23500","16"
"1999-03-29","4.56","504105","504105","459","1099","24005","21"
"1999-03-26","2.09","920000","920000","439","2094","23000","40"
"1999-03-19","0","2115000","2115000","430","4921","22500","94"
"1999-03-17","0","3150000","3150000","430","7329","22500","140"
"1999-03-15","0","562500","562500","430","1309","22500","25"
"1999-03-12","2.38","1170000","1170000","430","2722","22500","52"
"1999-03-10","0","3674000","3674000","420","8743","22000","167"
"1999-03-08","0","550000","550000","420","1309","22000","25"
"1999-03-05","0","682000","682000","420","1623","22000","31"
"1999-03-03","0","23144000","23144000","420","55073","22000","1052"
"1999-02-26","0","1077755","1077755","420","2565","21995","49"
"1999-02-24","0","3123290","3123290","420","7434","21995","142"
"1999-02-22","0","2309475","2309475","420","5497","21995","105"
"1999-02-19","-2.1","2199500","2199500","420","5235","21995","100"
"1999-02-17","-0.23","1571150","1571150","429","3665","22445","70"
"1999-02-15","0","270000","270000","430","628","22500","12"
"1999-02-12","-2.05","1462500","1462500","430","3403","22500","65"
"1999-02-10","0","3449250","3449250","439","7853","22995","150"
"1999-02-08","-8.16","805000","805000","439","1832","23000","35"
"1999-02-03","-3.82","450000","450000","478","942","25000","18"
"1999-02-01","-3.68","130000","130000","497","262","26000","5"
"1999-01-29","0","1026000","1026000","516","1989","27000","38"
"1999-01-18","-3.55","405000","405000","516","785","27000","15"
"1999-01-13","0","2240000","2240000","535","4188","28000","80"
"1999-01-11","0","4760000","4760000","535","8900","28000","170"
"1999-01-08","3.68","252000","252000","535","471","28000","9"
"1999-01-06","0","486000","486000","516","942","27000","18"
"1999-01-04","4.88","135000","135000","516","262","27000","5"
"1998-12-30","7.42","4121600","4121600","492","8376","25760","160"
"1998-12-18","2","575160","575160","458","1256","23965","24"
"1998-12-16","1.81","1010500","1010500","449","2251","23500","43"
"1998-12-14","0","323540","323540","441","733","23110","14"
"1998-12-11","7.3","5708170","5708170","441","12931","23110","247"
"1998-12-04","2.49","1655500","1655500","411","4031","21500","77"
"1998-12-02","-2.43","10185000","10185000","401","25390","21000","485"
"1998-11-30","0","6987500","6987500","411","17014","21500","325"
"1998-11-27","0","6084500","6084500","411","14815","21500","283"
"1998-11-25","-2.14","1612500","1612500","411","3926","21500","75"
"1998-11-20","-0.71","1210000","1210000","420","2879","22000","55"
"1998-11-18","-7.64","332550","332550","423","785","22170","15"
"1998-11-16","-7.47","2708045","2708045","458","5916","23965","113"
"1998-11-13","-7.48","13600125","13600125","495","27484","25905","525"
"1998-11-11","-6.63","1204000","1204000","535","2251","28000","43"
"1998-11-09","-6.22","60000","60000","573","105","30000","2"
"1998-11-06","0","384000","384000","611","628","32000","12"
"1998-11-04","-5.86","640000","640000","611","1047","32000","20"
"1998-11-02","0","408000","408000","649","628","34000","12"
"1998-10-30","-5.53","3774000","3774000","649","5811","34000","111"
"1998-10-28","0","1043565","1043565","687","1518","35985","29"
"1998-10-26","0","719700","719700","687","1047","35985","20"
"1998-10-23","0","1439400","1439400","687","2094","35985","40"
"1998-10-16","-7.54","2950770","2950770","687","4293","35985","82"
"1998-10-14","0","8169000","8169000","743","10994","38900","210"
"1998-10-12","1.09","1244800","1244800","743","1675","38900","32"
"1998-10-09","3.96","5390000","5390000","735","7329","38500","140"
"1998-10-07","-0.14","6179000","6179000","707","8743","37000","167"
"1998-10-05","0","555750","555750","708","785","37050","15"
"1998-10-02","7.44","8484450","8484450","708","11988","37050","229"
"1998-09-30","-1.64","26151000","26151000","659","39682","34500","758"
"1998-09-28","0","351000","351000","670","524","35100","10"
"1998-09-25","2.29","2176200","2176200","670","3246","35100","62"
"1998-09-23","4.97","7854700","7854700","655","11988","34300","229"
"1998-09-18","7.59","8358400","8358400","624","13402","32650","256"
"1998-09-16","","8201250","8201250","580","14135","30375","270"
